gen,sA,sB,sRail,pRail,Tmax,DeltaT
0,0.29355168215740457,0.4679627994445277,0.2661678104460765,0.007533496878558524,4.042687444558019,2.125762612314399
0,0.9950871724742817,0.381470052228734,0.6167420738547419,0.12031277770582796,2.898658474591702,2.3331637862955477
0,0.911140614481987,0.5272617390077968,0.44759504346660267,0.047396466054948946,2.783550074794847,2.165954391505428
0,0.9110750401663581,0.7056646343615849,0.10913285442788417,0.16972465927329086,5.96731053080028,5.349670396272008
0,0.8190716736791276,0.6912302608452306,0.4065639535953439,0.32625862301951064,2.2237177398104317,1.5367003170534002
0,0.7516679836747295,0.9563614130810631,0.3814834075768517,0.20102734541598805,2.1497130350576743,1.4010892776751576
0,0.7556494202386643,0.7539325377893478,0.7755160384358301,0.12837681262842482,1.735566564827531,0.9908872265320918
0,0.07827633533469207,0.8410654038709678,0.8758843752154523,0.06335852261381306,7.188845790958974,5.6188763199863905
0,0.8515892400267396,0.20275622636431567,0.9245041445442568,0.1636307324709752,4.415878172761637,3.755094212747198
0,0.4977601550342966,0.8824927464277116,0.8423247662155029,0.16128523275842432,1.5189188922576211,0.3884215951767198
0,0.25875254312090734,0.5157837272363399,0.05409242788375863,0.34609053240288495,8.321755439160324,6.14702702092147
0,0.9405654402610268,0.3244647259643301,0.4961842870207402,0.11710271415975598,3.4708182503427794,2.8725435463127234
0,0.24841417447215947,0.894988329504522,0.5039972400975645,0.1784575498461438,2.265235105532073,0.3494804779064955
0,0.06704860775058621,0.7941761409087836,0.9210516984149723,0.16839658994800763,8.392664985556769,6.831903673059333
0,0.7789809996836948,0.9279686020603378,0.33704151962577883,0.3310618948544498,2.0704482110398015,1.348073069030618
0,0.16434688179415866,0.959038347058759,0.7230342000761188,0.2081298997265998,3.423956094720286,1.8987874717418132
0,0.3308653557727964,0.14424878535504998,0.5615641020341893,0.33777300159165025,6.959905935931067,5.25916423096691
0,0.0951070671839751,0.8581030845363048,0.256900004878098,0.35586378274157143,5.9166634166749965,3.498513896998067
0,0.23678877218685723,0.2966551965886003,0.6652939496071366,0.1739767103745592,3.437438184064466,1.0609888979858426
0,0.999484003573554,0.6240201747142823,0.4514824220151181,0.2738257932232971,2.322589942255355,1.759582922216618
0,0.2595068943207208,0.8558501756835516,0.05,0.19636930302314556,11.009176858775561,8.840770079850142
0,0.765475436669405,0.3991752994660976,0.8357821445652327,0.36689801169724845,2.7396416345982315,2.0045213638491037
0,0.6967944577440149,0.5272617390077968,1.0,0.02330927208375093,1.9737767601632479,1.1661978480036317
0,0.8841857768286906,0.05973971215319382,0.7948532774775974,0.32846162147842467,15.590340170364549,14.953916779374012
0,0.05,0.4631940790812129,0.6030707521147286,0.23601003737766163,11.2543299947402,8.69036988148598
0,0.7516679836747295,0.4096862452165752,0.05,0.36689801169724845,8.943066835720066,8.19444307833755
0,0.27969309888116867,0.7835081068557992,0.05,0.06822330652874836,13.544610072911242,11.53270305328717
0,0.35421500316136284,0.22934476243227842,0.28874030186271954,0.12024164672172885,5.265654764962573,3.6770249656020857
0,0.5281125892276552,0.05,0.9245041445442568,0.1613526856773489,16.10420915425043,15.038685397756065
0,0.097201371731366,0.7379363578476171,0.2724708680432846,0.12123065662139586,5.7891827571870955,2.6516187206557404
0,0.05,0.41357632335615924,0.9569242043857773,0.04307262783917415,11.2543299947402,8.88453706286809
0,1.0,0.6881041822857733,0.17060917984603924,0.008410306766316426,5.034447301327134,4.47173079089851
0,0.05,0.05,1.0,0.30840532167046786,18.140724024439436,6.886394029699236
0,0.05,0.05641319236385495,0.9210516984149723,0.048573404850079466,13.10943117566226,1.8551011809220608
0,0.05,0.5376824741807759,0.950117171439834,0.06766085941093943,11.2543299947402,9.264770661701347
0,0.22867205422330494,0.4509283689316765,0.49129173164375795,0.09569400545680706,2.849884886019522,0.3890834975777602
0,0.23030665892349889,1.0,0.05,0.22040621129848553,10.411330779349916,7.967994962755389
0,0.05,0.9728318019987363,0.18848040302976565,0.07695619710160129,11.2543299947402,7.210683125355283
0,0.24542797246844572,1.0,0.05,0.36689801169724845,7.596545104156116,5.303748146095883
0,0.8880397999066248,0.3742093073722663,0.7329222406480354,0.0,2.745247575473031,2.1115862120782296
1,0.4977601550342966,0.8824927464277116,0.8423247662155029,0.16128523275842432,1.5189188922576211,0.3884215951767198
1,0.24841417447215947,0.894988329504522,0.5039972400975645,0.1784575498461438,2.265235105532073,0.3494804779064955
1,0.7556494202386643,0.7539325377893478,0.7755160384358301,0.12837681262842482,1.735566564827531,0.9908872265320918
1,0.22867205422330494,0.4509283689316765,0.49129173164375795,0.09569400545680706,2.849884886019522,0.3890834975777602
1,0.6967944577440149,0.5272617390077968,1.0,0.02330927208375093,1.9737767601632479,1.1661978480036317
1,0.23678877218685723,0.2966551965886003,0.6652939496071366,0.1739767103745592,3.437438184064466,1.0609888979858426
1,0.7789809996836948,0.9279686020603378,0.33704151962577883,0.3310618948544498,2.0704482110398015,1.348073069030618
1,0.7516679836747295,0.9563614130810631,0.3814834075768517,0.20102734541598805,2.1497130350576743,1.4010892776751576
1,0.8190716736791276,0.6912302608452306,0.4065639535953439,0.32625862301951064,2.2237177398104317,1.5367003170534002
1,0.999484003573554,0.6240201747142823,0.4514824220151181,0.2738257932232971,2.322589942255355,1.759582922216618
1,0.16434688179415866,0.959038347058759,0.7230342000761188,0.2081298997265998,3.423956094720286,1.8987874717418132
1,0.765475436669405,0.3991752994660976,0.8357821445652327,0.36689801169724845,2.7396416345982315,2.0045213638491037
1,0.05,0.05641319236385495,0.9210516984149723,0.048573404850079466,13.10943117566226,1.8551011809220608
1,0.8880397999066248,0.3742093073722663,0.7329222406480354,0.0,2.745247575473031,2.1115862120782296
1,0.29355168215740457,0.4679627994445277,0.2661678104460765,0.007533496878558524,4.042687444558019,2.125762612314399
1,0.911140614481987,0.5272617390077968,0.44759504346660267,0.047396466054948946,2.783550074794847,2.165954391505428
1,0.9950871724742817,0.381470052228734,0.6167420738547419,0.12031277770582796,2.898658474591702,2.3331637862955477
1,0.9405654402610268,0.3244647259643301,0.4961842870207402,0.11710271415975598,3.4708182503427794,2.8725435463127234
1,0.097201371731366,0.7379363578476171,0.2724708680432846,0.12123065662139586,5.7891827571870955,2.6516187206557404
1,0.8515892400267396,0.20275622636431567,0.9245041445442568,0.1636307324709752,4.415878172761637,3.755094212747198
1,0.5856570449627977,1.0,1.0,0.14298363969084926,1.3200318377100775,0.3592024327359502
1,0.25809688000234476,0.24813135588820978,0.5398809751978955,0.16540025356161409,4.129627670536529,1.9493746244478865
1,0.3992211263568541,1.0,0.8823619350236485,0.1967075698720784,1.4095358998581788,0.037336275140736896
1,0.3783482812508162,1.0,0.9260385595041215,0.021198322342455136,1.4872976497837027,0.07166660133285507
1,0.6596249327085095,1.0,0.5842090092599377,0.36689801169724845,1.504681525549842,0.6515959579263381
1,0.6970939371020746,0.13700886799747503,0.7125702943582685,0.0,5.871802187761308,5.0645702205412135
1,0.25237132246150457,1.0,0.35526355344190313,0.3310618948544498,2.229716527508617,0.28570303893100135
1,0.7957980743515474,0.16682009886263116,0.06830594629344378,0.03930618961123643,13.831574381811551,13.124464716155778
1,0.4546288932921327,0.6912302608452306,0.4065639535953439,0.09246912955089602,2.547895872643088,1.3101467589016438
1,0.5208075430604582,0.10876630025682982,0.36094019774187697,0.09089825125137198,8.373644158357996,7.293174957385713
1,0.8911040970793471,0.05,1.0,0.36689801169724845,19.023211059695132,18.391728708526287
1,1.0,0.17382803607813435,0.6182967532454451,0.2536155120803666,5.581265852626281,5.018549342197657
1,0.21820919216653292,0.05,0.6364587702023728,0.09166124993238094,15.510472329959695,12.931678545768
1,0.30085672832460164,0.3291169443357591,0.42276980661311736,0.07798793130453543,3.6548756031855247,1.784495265492591
1,0.7512894567265034,0.05,1.0,0.0,14.097940750397711,13.348939809143737
1,0.6471518224266599,0.6574824894904442,0.6388433673248066,0.36689801169724845,1.9427531251003705,1.0732253101098108
1,0.23934722227231076,1.0,0.05,0.36689801169724845,7.596545104156116,5.24549835584634
1,1.0,0.673525013607867,0.18752388288485317,0.11710271415975598,4.214495521499654,3.65177901107103
1,0.5810820554728398,0.17392416405145708,0.2724708680432846,0.2559134721675554,6.4966258578751965,5.528231627278881
1,0.2136714135425249,0.5738395015268178,0.6899586283706727,0.0,2.6335600959825545,0.451612061437344
2,0.5856570449627977,1.0,1.0,0.14298363969084926,1.3200318377100775,0.3592024327359502
2,0.3992211263568541,1.0,0.8823619350236485,0.1967075698720784,1.4095358998581788,0.037336275140736896
2,0.3783482812508162,1.0,0.9260385595041215,0.021198322342455136,1.4872976497837027,0.07166660133285507
2,0.4977601550342966,0.8824927464277116,0.8423247662155029,0.16128523275842432,1.5189188922576211,0.3884215951767198
2,0.6596249327085095,1.0,0.5842090092599377,0.36689801169724845,1.504681525549842,0.6515959579263381
2,0.25237132246150457,1.0,0.35526355344190313,0.3310618948544498,2.229716527508617,0.28570303893100135
2,0.7556494202386643,0.7539325377893478,0.7755160384358301,0.12837681262842482,1.735566564827531,0.9908872265320918
2,0.24841417447215947,0.894988329504522,0.5039972400975645,0.1784575498461438,2.265235105532073,0.3494804779064955
2,0.6471518224266599,0.6574824894904442,0.6388433673248066,0.36689801169724845,1.9427531251003705,1.0732253101098108
2,0.22867205422330494,0.4509283689316765,0.49129173164375795,0.09569400545680706,2.849884886019522,0.3890834975777602
2,0.2136714135425249,0.5738395015268178,0.6899586283706727,0.0,2.6335600959825545,0.451612061437344
2,0.6967944577440149,0.5272617390077968,1.0,0.02330927208375093,1.9737767601632479,1.1661978480036317
2,0.23678877218685723,0.2966551965886003,0.6652939496071366,0.1739767103745592,3.437438184064466,1.0609888979858426
2,0.7789809996836948,0.9279686020603378,0.33704151962577883,0.3310618948544498,2.0704482110398015,1.348073069030618
2,0.4546288932921327,0.6912302608452306,0.4065639535953439,0.09246912955089602,2.547895872643088,1.3101467589016438
2,0.7516679836747295,0.9563614130810631,0.3814834075768517,0.20102734541598805,2.1497130350576743,1.4010892776751576
2,0.8190716736791276,0.6912302608452306,0.4065639535953439,0.32625862301951064,2.2237177398104317,1.5367003170534002
2,0.999484003573554,0.6240201747142823,0.4514824220151181,0.2738257932232971,2.322589942255355,1.759582922216618
2,0.765475436669405,0.3991752994660976,0.8357821445652327,0.36689801169724845,2.7396416345982315,2.0045213638491037
2,0.30085672832460164,0.3291169443357591,0.42276980661311736,0.07798793130453543,3.6548756031855247,1.784495265492591
2,0.712849848106782,0.7842251760568303,0.05,0.13909285252921258,12.187604923095563,11.398214967137184
2,0.8783126995037837,1.0,0.7693483199030239,0.33491440394884464,1.3831533118983947,0.742474302396908
2,0.6701396006087326,1.0,1.0,0.22902448464185432,1.2969236552570114,0.4572232262113519
2,1.0,0.8824927464277116,0.36689813986085557,0.36689801169724845,1.9668252414758798,1.4041087310472564
2,0.44686193803155416,0.05,0.13120150784294615,0.33892419537035445,20.98885623183832,19.72959366807899
2,0.3442594585919896,0.1908986683735407,0.5899515356473799,0.30005492974893144,5.292165373888828,3.657594426562466
2,0.48277760018864935,0.894988329504522,0.2356596069102248,0.3316289474887968,2.5754268884001017,1.4098456567815
2,0.601529004179209,1.0,0.7735841782252344,0.24408360561639725,1.4267415263705436,0.4912645898532527
2,0.2758703526905029,0.05,0.4181870415077555,0.0052713487693595434,15.121677205672764,13.08189111244635
2,0.9002505826111183,0.6984107595598078,0.1840884453940549,0.36689801169724845,3.1475127445984628,2.522446211751407
2,0.27706214001394486,0.562971986044514,0.5666527750786707,0.19730159603125424,2.312155793852808,0.28114387381203354
2,0.6967944577440149,0.7345870926593292,1.0,0.0,1.6119368638802762,0.8043579517206602
2,0.3147385707109192,0.9435679507502945,0.6679431236435625,0.11066672492107335,1.787885443885738,0.12070314048104103
2,0.7789809996836948,0.36698967692974027,0.8046388131251393,0.12252586614308197,2.7578720002887223,2.0354968582795387
2,0.05,0.6343106307250387,0.5789816894957565,0.0,11.2543299947402,8.989208249588476
2,0.8149441491720092,0.9563614130810631,0.744717625803523,0.20102734541598805,1.5117489770472556,0.8212519523461541
2,0.6819817404537416,1.0,0.33761779988891405,0.36689801169724845,1.9211299544873963,1.096010340886262
2,0.28617494552450035,0.6828449032545401,0.4514824220151181,0.3339229763735726,2.1402980903025615,0.17396065292257745
2,0.9027560079950024,0.3991752994660976,0.8313751492212803,0.05921864306429303,2.5405085908324563,1.9171768097260786
2,0.05,1.0,0.6629101486616686,0.019932174435135785,11.2543299947402,9.546604671615063
3,0.5856570449627977,1.0,1.0,0.14298363969084926,1.3200318377100775,0.3592024327359502
3,0.3992211263568541,1.0,0.8823619350236485,0.1967075698720784,1.4095358998581788,0.037336275140736896
3,0.6701396006087326,1.0,1.0,0.22902448464185432,1.2969236552570114,0.4572232262113519
3,0.3783482812508162,1.0,0.9260385595041215,0.021198322342455136,1.4872976497837027,0.07166660133285507
3,0.8783126995037837,1.0,0.7693483199030239,0.33491440394884464,1.3831533118983947,0.742474302396908
3,0.601529004179209,1.0,0.7735841782252344,0.24408360561639725,1.4267415263705436,0.4912645898532527
3,0.4977601550342966,0.8824927464277116,0.8423247662155029,0.16128523275842432,1.5189188922576211,0.3884215951767198
3,0.3147385707109192,0.9435679507502945,0.6679431236435625,0.11066672492107335,1.787885443885738,0.12070314048104103
3,0.6596249327085095,1.0,0.5842090092599377,0.36689801169724845,1.504681525549842,0.6515959579263381
3,0.28617494552450035,0.6828449032545401,0.4514824220151181,0.3339229763735726,2.1402980903025615,0.17396065292257745
3,0.6967944577440149,0.7345870926593292,1.0,0.0,1.6119368638802762,0.8043579517206602
3,0.8149441491720092,0.9563614130810631,0.744717625803523,0.20102734541598805,1.5117489770472556,0.8212519523461541
3,0.25237132246150457,1.0,0.35526355344190313,0.3310618948544498,2.229716527508617,0.28570303893100135
3,0.27706214001394486,0.562971986044514,0.5666527750786707,0.19730159603125424,2.312155793852808,0.28114387381203354
3,0.7556494202386643,0.7539325377893478,0.7755160384358301,0.12837681262842482,1.735566564827531,0.9908872265320918
3,0.24841417447215947,0.894988329504522,0.5039972400975645,0.1784575498461438,2.265235105532073,0.3494804779064955
3,0.6471518224266599,0.6574824894904442,0.6388433673248066,0.36689801169724845,1.9427531251003705,1.0732253101098108
3,0.6819817404537416,1.0,0.33761779988891405,0.36689801169724845,1.9211299544873963,1.096010340886262
3,0.22867205422330494,0.4509283689316765,0.49129173164375795,0.09569400545680706,2.849884886019522,0.3890834975777602
3,1.0,0.8824927464277116,0.36689813986085557,0.36689801169724845,1.9668252414758798,1.4041087310472564
3,0.6907300210434244,0.9435679507502945,1.0,0.14298363969084926,1.3656655697063134,0.5509963168387096
3,0.7149702324259856,0.6917342405413998,0.2591680398522636,0.36689801169724845,2.6362344309939667,1.8491855656238352
3,0.11791882180837757,1.0,0.5383968124435298,0.1460103938095081,4.772066898138689,2.9779523906924967
3,0.7338440483685095,0.6574824894904442,0.05,0.36689801169724845,8.083378582204807,7.316571913300738
3,0.23267086061166234,1.0,1.0,0.04742397021894404,2.4185087341557105,1.0670151843546696
3,0.6986177249400674,0.7146578095623046,0.7533484137462793,0.007878459948853875,1.8626385225465762,1.0571672467724857
3,0.9568314541478488,0.6917342405413998,1.0,0.16128523275842432,1.660576858284435,1.0724727486589947
3,0.3147385707109192,0.7539325377893478,0.9815669486720612,0.1606293177869436,1.787885443885738,0.20969922139766206
3,0.5280981325827597,0.3745791437959398,0.19300674905373472,0.36689801169724845,4.2206711515682205,3.1551182264447784
3,0.6834710461699786,0.7611283833933963,1.0,0.0,1.5801367340332875,0.7568150829972151
3,1.0,0.5742269869691113,0.24563141005047057,0.36689801169724845,2.98351976858224,2.4208032581536165
3,0.8673177160318597,0.9290607168920219,1.0,0.0,1.4210476531850755,0.7722467582638094
3,0.5110263618942842,0.894988329504522,0.5705625365438551,0.3655010959156031,1.62914309471227,0.5279934244598392
3,1.0,1.0,0.46170172468325843,0.36689801169724845,1.6559712354340608,1.0932547250054374
3,0.33026620852171046,0.7345870926593292,0.7939490897637689,0.0,1.7936054855829262,0.08977840679620241
3,0.24841417447215947,0.3745791437959398,0.7225854327074215,0.3339229763735726,2.9301895411159085,0.6649544355838355
3,0.7157554561329827,0.949211155675265,0.8656206224414311,0.16854235875720963,1.4370131507106685,0.6508277218976669
3,0.17995680829795208,0.7879822429817814,0.5996965219006,0.1022217825651962,3.126953146072166,1.1975949405339814
3,0.5502342204276685,1.0,0.9776487676544932,0.04742397021894404,1.366412893964112,0.34372748277452025
3,1.0,0.778539284010413,0.7158450363834483,0.18448143769382594,1.738504811361153,1.1757883009325294
4,0.5856570449627977,1.0,1.0,0.14298363969084926,1.3200318377100775,0.3592024327359502
4,0.3992211263568541,1.0,0.8823619350236485,0.1967075698720784,1.4095358998581788,0.037336275140736896
4,0.6701396006087326,1.0,1.0,0.22902448464185432,1.2969236552570114,0.4572232262113519
4,0.5502342204276685,1.0,0.9776487676544932,0.04742397021894404,1.366412893964112,0.34372748277452025
4,0.3783482812508162,1.0,0.9260385595041215,0.021198322342455136,1.4872976497837027,0.07166660133285507
4,0.6907300210434244,0.9435679507502945,1.0,0.14298363969084926,1.3656655697063134,0.5509963168387096
4,0.601529004179209,1.0,0.7735841782252344,0.24408360561639725,1.4267415263705436,0.4912645898532527
4,0.4977601550342966,0.8824927464277116,0.8423247662155029,0.16128523275842432,1.5189188922576211,0.3884215951767198
4,0.3147385707109192,0.9435679507502945,0.6679431236435625,0.11066672492107335,1.787885443885738,0.12070314048104103
4,0.33026620852171046,0.7345870926593292,0.7939490897637689,0.0,1.7936054855829262,0.08977840679620241
4,0.8783126995037837,1.0,0.7693483199030239,0.33491440394884464,1.3831533118983947,0.742474302396908
4,0.7157554561329827,0.949211155675265,0.8656206224414311,0.16854235875720963,1.4370131507106685,0.6508277218976669
4,0.5110263618942842,0.894988329504522,0.5705625365438551,0.3655010959156031,1.62914309471227,0.5279934244598392
4,0.3147385707109192,0.7539325377893478,0.9815669486720612,0.1606293177869436,1.787885443885738,0.20969922139766206
4,0.28617494552450035,0.6828449032545401,0.4514824220151181,0.3339229763735726,2.1402980903025615,0.17396065292257745
4,0.8673177160318597,0.9290607168920219,1.0,0.0,1.4210476531850755,0.7722467582638094
4,0.6596249327085095,1.0,0.5842090092599377,0.36689801169724845,1.504681525549842,0.6515959579263381
4,0.27706214001394486,0.562971986044514,0.5666527750786707,0.19730159603125424,2.312155793852808,0.28114387381203354
4,0.8149441491720092,0.9563614130810631,0.744717625803523,0.20102734541598805,1.5117489770472556,0.8212519523461541
4,0.6834710461699786,0.7611283833933963,1.0,0.0,1.5801367340332875,0.7568150829972151
4,0.9804061520477022,1.0,0.744717625803523,0.20102734541598805,1.4750169352505693,0.9010542879925194
4,1.0,1.0,1.0,0.0485749971323028,1.351071873244959,0.7883553628163354
4,0.3249620055029941,0.7652271931363005,0.6099874975708037,0.3205550761189781,1.7944092892174304,0.06277143700545107
4,0.11854279972210166,0.8835213824274964,0.646976853040227,0.04742397021894404,4.746948001595719,2.9472346570676917
4,0.0803751449944293,0.9435679507502945,0.9362807568309022,0.0,7.001125833480181,5.5435252031256566
4,0.47174024548123733,0.9435679507502945,0.8641720303128798,0.09571685791463078,1.4734003912947737,0.2805479366044974
4,0.05,0.5284422620948174,0.6820664005631358,0.1579320583121639,11.2543299947402,8.995604567640596
4,0.4921988745917336,0.6900871829921674,0.9815669486720612,0.0,1.683888080293289,0.540617465717365
4,0.39647241259306604,0.46846148259858383,0.24672435441443097,0.36689801169724845,3.344937215488887,1.9256291080428425
4,0.33026620852171046,1.0,0.7735841782252344,0.36689801169724845,1.7038270787867238,0.3387259499220123
4,0.8585223477887737,0.9435679507502945,1.0,0.09463210252774304,1.3787337203757177,0.7232860063060309
4,0.44987649337730756,0.728039150474378,0.6377580829989146,0.33885666918655316,1.8186545919445694,0.5678301589627597
4,0.7727408699051024,0.894988329504522,0.8911873030258827,0.3655010959156031,1.4182222404972582,0.6900136880853265
4,1.0,1.0,0.8551064692707842,0.20055916426102371,1.3887229848542004,0.826006474425577
4,0.5355298051952995,1.0,0.6135062828894696,0.36689801169724845,1.4774534362607892,0.426687438772825
4,0.2664155676384307,0.7145604129290861,0.6877571870653885,0.12827940390040188,2.112175778116923,0.22749291602805455
4,0.45448628957810144,0.6436211298211079,0.7234442434491856,0.1422067426502147,1.955677682390023,0.7175402013329577
4,0.11016172912472932,1.0,0.9110834712082025,0.06650246032715366,5.1080943477758645,3.701620499816654
4,0.15054706758862346,0.47568879632248234,0.7139206919008848,0.0,3.7378111461538173,1.3490426279081649
4,0.12360943450065698,0.9217674746547547,0.9662046445136159,0.15739743476890566,4.552375057067138,3.1519185800831595
5,0.5856570449627977,1.0,1.0,0.14298363969084926,1.3200318377100775,0.3592024327359502
5,0.3992211263568541,1.0,0.8823619350236485,0.1967075698720784,1.4095358998581788,0.037336275140736896
5,0.6701396006087326,1.0,1.0,0.22902448464185432,1.2969236552570114,0.4572232262113519
5,0.5502342204276685,1.0,0.9776487676544932,0.04742397021894404,1.366412893964112,0.34372748277452025
5,0.3783482812508162,1.0,0.9260385595041215,0.021198322342455136,1.4872976497837027,0.07166660133285507
5,0.3249620055029941,0.7652271931363005,0.6099874975708037,0.3205550761189781,1.7944092892174304,0.06277143700545107
5,0.47174024548123733,0.9435679507502945,0.8641720303128798,0.09571685791463078,1.4734003912947737,0.2805479366044974
5,0.6907300210434244,0.9435679507502945,1.0,0.14298363969084926,1.3656655697063134,0.5509963168387096
5,1.0,1.0,1.0,0.0485749971323028,1.351071873244959,0.7883553628163354
5,0.601529004179209,1.0,0.7735841782252344,0.24408360561639725,1.4267415263705436,0.4912645898532527
5,0.3147385707109192,0.9435679507502945,0.6679431236435625,0.11066672492107335,1.787885443885738,0.12070314048104103
5,0.33026620852171046,0.7345870926593292,0.7939490897637689,0.0,1.7936054855829262,0.08977840679620241
5,0.4977601550342966,0.8824927464277116,0.8423247662155029,0.16128523275842432,1.5189188922576211,0.3884215951767198
5,0.33026620852171046,1.0,0.7735841782252344,0.36689801169724845,1.7038270787867238,0.3387259499220123
5,0.5355298051952995,1.0,0.6135062828894696,0.36689801169724845,1.4774534362607892,0.426687438772825
5,0.8585223477887737,0.9435679507502945,1.0,0.09463210252774304,1.3787337203757177,0.7232860063060309
5,0.7727408699051024,0.894988329504522,0.8911873030258827,0.3655010959156031,1.4182222404972582,0.6900136880853265
5,0.7157554561329827,0.949211155675265,0.8656206224414311,0.16854235875720963,1.4370131507106685,0.6508277218976669
5,0.28617494552450035,0.6828449032545401,0.4514824220151181,0.3339229763735726,2.1402980903025615,0.17396065292257745
5,0.8783126995037837,1.0,0.7693483199030239,0.33491440394884464,1.3831533118983947,0.742474302396908
5,0.6115641052766408,1.0,0.806483213131547,0.36689801169724845,1.3475357520296771,0.42740897346953155
5,0.6411282753133579,0.5883343998086099,0.42011629118470317,0.36689801169724845,2.3812721229899836,1.5035748948672505
5,0.8715097975097882,1.0,0.879058560197288,0.11509422773882273,1.4089880359510907,0.7633079621830847
5,0.8370315400771452,0.989277910642556,0.9133549277154335,0.29271848036332077,1.3304758446981189,0.6581994926418979
5,0.05,0.6288305644442697,0.6520413793577214,0.10143921206350937,11.2543299947402,9.16861286080535
5,0.3249620055029941,1.0,1.0,0.013168389503576183,1.7316378522119793,0.3670591080005181
5,0.7030342547298456,1.0,1.0,0.0,1.3698970495829292,0.5694858229533486
5,0.4908349413421499,1.0,0.8335786618523049,0.15795693569171013,1.4239078699907521,0.2774603324413918
5,0.3231868262755127,1.0,0.8823619350236485,0.11927080941617385,1.741149278066433,0.3365139196894793
5,0.6760733194354936,0.663771568604351,0.7735841782252344,0.13886482696590136,1.8705182041423445,1.0381876062881572
5,0.2956429513008891,1.0,0.5698099386279454,0.36689801169724845,1.903365213382926,0.38427536550270847
5,0.33026620852171046,1.0,0.7693483199030239,0.17250986519024825,1.7038270787867238,0.2340775377276758
5,0.6775633042605503,0.8824927464277116,0.7735841782252344,0.32152036607230183,1.5067005764253572,0.6762003019529181
5,0.5930776451783819,0.949211155675265,1.0,0.015370961114556603,1.4000401673631702,0.4512326804897061
5,0.13421176515906755,0.7611283833933963,0.9443669798888026,0.36689801169724845,4.192750956904996,2.61223625903273
5,0.35895469064789665,0.87098372135136,0.40405086257737377,0.36689801169724845,1.8973371207704859,0.3296838094068446
5,0.3376117132249523,1.0,0.6634740614243075,0.36689801169724845,1.6667564758028486,0.23019371666646338
5,0.05,0.7652271931363005,0.5041132390920874,0.36689801169724845,11.2543299947402,9.372348716670237
5,0.7974694875988363,0.6828449032545401,1.0,0.1875730897859581,1.6768042446644404,0.9711766074490783
5,0.9722795045104319,1.0,1.0,0.0,1.3698970495829292,0.7911370245056523
6,0.5856570449627977,1.0,1.0,0.14298363969084926,1.3200318377100775,0.3592024327359502
6,0.3992211263568541,1.0,0.8823619350236485,0.1967075698720784,1.4095358998581788,0.037336275140736896
6,0.6701396006087326,1.0,1.0,0.22902448464185432,1.2969236552570114,0.4572232262113519
6,0.5502342204276685,1.0,0.9776487676544932,0.04742397021894404,1.366412893964112,0.34372748277452025
6,0.6115641052766408,1.0,0.806483213131547,0.36689801169724845,1.3475357520296771,0.42740897346953155
6,0.3783482812508162,1.0,0.9260385595041215,0.021198322342455136,1.4872976497837027,0.07166660133285507
6,0.3249620055029941,0.7652271931363005,0.6099874975708037,0.3205550761189781,1.7944092892174304,0.06277143700545107
6,0.4908349413421499,1.0,0.8335786618523049,0.15795693569171013,1.4239078699907521,0.2774603324413918
6,0.8370315400771452,0.989277910642556,0.9133549277154335,0.29271848036332077,1.3304758446981189,0.6581994926418979
6,0.6907300210434244,0.9435679507502945,1.0,0.14298363969084926,1.3656655697063134,0.5509963168387096
6,0.5930776451783819,0.949211155675265,1.0,0.015370961114556603,1.4000401673631702,0.4512326804897061
6,0.3147385707109192,0.9435679507502945,0.6679431236435625,0.11066672492107335,1.787885443885738,0.12070314048104103
6,0.33026620852171046,0.7345870926593292,0.7939490897637689,0.0,1.7936054855829262,0.08977840679620241
6,0.3376117132249523,1.0,0.6634740614243075,0.36689801169724845,1.6667564758028486,0.23019371666646338
6,0.47174024548123733,0.9435679507502945,0.8641720303128798,0.09571685791463078,1.4734003912947737,0.2805479366044974
6,1.0,1.0,1.0,0.0485749971323028,1.351071873244959,0.7883553628163354
6,0.7030342547298456,1.0,1.0,0.0,1.3698970495829292,0.5694858229533486
6,0.28617494552450035,0.6828449032545401,0.4514824220151181,0.3339229763735726,2.1402980903025615,0.17396065292257745
6,0.33026620852171046,1.0,0.7693483199030239,0.17250986519024825,1.7038270787867238,0.2340775377276758
6,0.4977601550342966,0.8824927464277116,0.8423247662155029,0.16128523275842432,1.5189188922576211,0.3884215951767198
6,0.5437329858952495,1.0,0.9401692427780014,0.1836099333233941,1.3414415927927426,0.3065282721857152
6,0.7932551405768288,1.0,1.0,0.1855237432894459,1.308064762061627,0.5986883187236427
6,0.9470553468639624,1.0,0.9919290323441551,0.36689801169724845,1.270317789668465,0.6761428956028542
6,0.900125052735814,1.0,0.9776487676544932,0.04254010359859664,1.3683264206347534,0.7431727170955817
6,0.676004018524207,1.0,0.9623252501451014,0.36689801169724845,1.280648303930322,0.4482323792625993
6,0.4588721683393291,0.837811422535235,0.8289087579556382,0.0,1.6440635303766058,0.4177601095317047
6,0.9978668467934804,0.949211155675265,1.0,0.01640688533657949,1.3996644476748479,0.8357450106922091
6,0.38312206396766096,1.0,0.8335786618523049,0.0,1.5096498309080584,0.040884227342942836
6,0.6105923767940429,0.8709276755364088,0.6369282412277262,0.36689801169724845,1.5959820587713853,0.6743909425764362
6,0.9495914075763653,1.0,1.0,0.0,1.3698970495829292,0.7773090102334906
6,0.5734818082303557,1.0,1.0,0.0,1.3698970495829292,0.3886688712270425
6,0.3162888551991869,0.7611283833933963,0.8464669987702299,0.0,1.7791221535701596,0.07201874418799359
6,0.25645607932644754,0.7169071801426434,0.49131351402922624,0.36689801169724845,2.194202259798434,0.2126960532945965
6,0.5236769669981026,1.0,0.806483213131547,0.25204660097858506,1.3989200123851762,0.324371110334974
6,0.21189104781666745,1.0,0.8502207956670744,0.09571685791463078,2.6556879780146545,1.2144996035438749
6,0.8462326313900126,0.8287712287899613,0.8611948642499506,0.36689801169724845,1.5143700232992916,0.8494033351179799
6,0.7470312383027221,1.0,1.0,0.20694443374597904,1.3024481594421475,0.549177772093181
6,0.8615209882979532,1.0,1.0,0.0425611896935731,1.353287596469758,0.7001212569591055
6,0.37861682346030306,1.0,0.814554180787392,0.0,1.529262842824779,0.04302009121578587
6,1.0,1.0,0.8258348918183923,0.25009793193806207,1.38676992262029,0.8240534121916666
7,0.5856570449627977,1.0,1.0,0.14298363969084926,1.3200318377100775,0.3592024327359502
7,0.3992211263568541,1.0,0.8823619350236485,0.1967075698720784,1.4095358998581788,0.037336275140736896
7,0.5437329858952495,1.0,0.9401692427780014,0.1836099333233941,1.3414415927927426,0.3065282721857152
7,0.9470553468639624,1.0,0.9919290323441551,0.36689801169724845,1.270317789668465,0.6761428956028542
7,0.676004018524207,1.0,0.9623252501451014,0.36689801169724845,1.280648303930322,0.4482323792625993
7,0.3783482812508162,1.0,0.9260385595041215,0.021198322342455136,1.4872976497837027,0.07166660133285507
7,0.4908349413421499,1.0,0.8335786618523049,0.15795693569171013,1.4239078699907521,0.2774603324413918
7,0.38312206396766096,1.0,0.8335786618523049,0.0,1.5096498309080584,0.040884227342942836
7,0.5502342204276685,1.0,0.9776487676544932,0.04742397021894404,1.366412893964112,0.34372748277452025
7,0.6115641052766408,1.0,0.806483213131547,0.36689801169724845,1.3475357520296771,0.42740897346953155
7,0.5236769669981026,1.0,0.806483213131547,0.25204660097858506,1.3989200123851762,0.324371110334974
7,0.6701396006087326,1.0,1.0,0.22902448464185432,1.2969236552570114,0.4572232262113519
7,0.47174024548123733,0.9435679507502945,0.8641720303128798,0.09571685791463078,1.4734003912947737,0.2805479366044974
7,0.37861682346030306,1.0,0.814554180787392,0.0,1.529262842824779,0.04302009121578587
7,0.5734818082303557,1.0,1.0,0.0,1.3698970495829292,0.3886688712270425
7,0.7470312383027221,1.0,1.0,0.20694443374597904,1.3024481594421475,0.549177772093181
7,0.3249620055029941,0.7652271931363005,0.6099874975708037,0.3205550761189781,1.7944092892174304,0.06277143700545107
7,0.7932551405768288,1.0,1.0,0.1855237432894459,1.308064762061627,0.5986883187236427
7,0.3376117132249523,1.0,0.6634740614243075,0.36689801169724845,1.6667564758028486,0.23019371666646338
7,0.4977601550342966,0.8824927464277116,0.8423247662155029,0.16128523275842432,1.5189188922576211,0.3884215951767198
7,0.341520551920965,1.0,0.8335786618523049,0.019278621410879822,1.6476797843600481,0.14960918971876458
7,0.8516241928057925,1.0,1.0,0.34781952158903884,1.2711956280346808,0.6104387882405498
7,0.4233779748349114,1.0,0.6925455618825773,0.30344647488096343,1.4561334577085752,0.12702201802716595
7,0.6913773820020974,1.0,1.0,0.030411499828965703,1.3578603973362262,0.5439539479410875
7,0.4794502043923875,0.7887044738226705,0.7854407543841515,0.11624829367126681,1.6870453202491924,0.5133749272397528
7,0.4514614182303916,0.7652271931363005,0.5856015937221216,0.36689801169724845,1.7900332501156262,0.5436000289765852
7,0.15400430630923326,0.8942434717849405,0.7841308490980741,0.0,3.653901120190309,2.0120714269930216
7,0.7596573653395768,1.0,0.9814554180787392,0.10336626964679706,1.343520517459006,0.6027701003297677
7,0.8538250662139915,1.0,0.8801624724618432,0.32291620622817907,1.3274283280805022,0.6683746968402423
7,0.30231398116947483,1.0,0.9260385595041215,0.0,1.8613644891749848,0.4355593915868434
7,0.6002239006470771,1.0,0.7300393578705981,0.25204660097858506,1.4570812728932117,0.5195702716698563
7,0.5021314738485535,1.0,0.9401692427780014,0.20288855473427392,1.3351270502084613,0.21447132720073836
7,0.23383642171242075,0.7887044738226705,0.6323466139989539,0.14633832638454117,2.4064536416697844,0.5604537840928756
7,0.5175075570863445,0.8942434717849405,0.8580922895939526,0.2881403491734311,1.4545151833967944,0.3671561638064902
7,0.5935136882692086,1.0,1.0,0.36689801169724845,1.2676074593115272,0.3194970430476479
7,0.20232724400382418,0.7887044738226705,0.5851983643371705,0.319958198388104,2.7812196571979424,0.9949410805944678
7,0.22440186835270037,1.0,0.5036098684134238,0.36689801169724845,2.5076284462982725,0.9116943403453819
7,0.7932551405768288,0.8942434717849405,0.9246575860402433,0.12607821937437227,1.4607133979575164,0.7513369546195321
7,1.0,1.0,1.0,0.35511013880343256,1.2698086203439596,0.7070921099153361
7,0.06664622252602964,0.7652271931363005,0.46020829323787815,0.11443303994130921,8.443336789691662,6.199782572355479
8,0.3992211263568541,1.0,0.8823619350236485,0.1967075698720784,1.4095358998581788,0.037336275140736896
8,0.5021314738485535,1.0,0.9401692427780014,0.20288855473427392,1.3351270502084613,0.21447132720073836
8,0.5935136882692086,1.0,1.0,0.36689801169724845,1.2676074593115272,0.3194970430476479
8,0.3783482812508162,1.0,0.9260385595041215,0.021198322342455136,1.4872976497837027,0.07166660133285507
8,0.38312206396766096,1.0,0.8335786618523049,0.0,1.5096498309080584,0.040884227342942836
8,0.4233779748349114,1.0,0.6925455618825773,0.30344647488096343,1.4561334577085752,0.12702201802716595
8,0.5437329858952495,1.0,0.9401692427780014,0.1836099333233941,1.3414415927927426,0.3065282721857152
8,0.4908349413421499,1.0,0.8335786618523049,0.15795693569171013,1.4239078699907521,0.2774603324413918
8,0.5856570449627977,1.0,1.0,0.14298363969084926,1.3200318377100775,0.3592024327359502
8,0.9470553468639624,1.0,0.9919290323441551,0.36689801169724845,1.270317789668465,0.6761428956028542
8,0.676004018524207,1.0,0.9623252501451014,0.36689801169724845,1.280648303930322,0.4482323792625993
8,0.8516241928057925,1.0,1.0,0.34781952158903884,1.2711956280346808,0.6104387882405498
8,1.0,1.0,1.0,0.35511013880343256,1.2698086203439596,0.7070921099153361
8,0.37861682346030306,1.0,0.814554180787392,0.0,1.529262842824779,0.04302009121578587
8,0.5502342204276685,1.0,0.9776487676544932,0.04742397021894404,1.366412893964112,0.34372748277452025
8,0.5236769669981026,1.0,0.806483213131547,0.25204660097858506,1.3989200123851762,0.324371110334974
8,0.47174024548123733,0.9435679507502945,0.8641720303128798,0.09571685791463078,1.4734003912947737,0.2805479366044974
8,0.6115641052766408,1.0,0.806483213131547,0.36689801169724845,1.3475357520296771,0.42740897346953155
8,0.6701396006087326,1.0,1.0,0.22902448464185432,1.2969236552570114,0.4572232262113519
8,0.3249620055029941,0.7652271931363005,0.6099874975708037,0.3205550761189781,1.7944092892174304,0.06277143700545107
8,0.0691830253878315,1.0,0.6837994575193793,0.0,8.133736558976485,6.440147560303162
8,0.4837639623663801,1.0,0.8335786618523049,0.0,1.5096498309080584,0.3464451410102187
8,0.24144887090702494,1.0,0.8258348918183923,0.13626730059949155,2.330582481280037,0.8896669206180103
8,0.9002004920243127,1.0,1.0,0.2734215098601377,1.2865669453516673,0.6614656314201028
8,0.9067703106268149,1.0,1.0,0.09379618430438136,1.3353662797224648,0.7147940093513895
8,0.4233779748349114,1.0,0.6734892507096085,0.0,1.7092603336955383,0.3801488940141291
8,0.05,1.0,0.7591373222127742,0.0,11.2543299947402,9.662333636999296
8,0.7726365606796339,1.0,0.7571982805637283,0.29800375566877607,1.4101333578555084,0.6818264941885197
8,1.0,1.0,0.8716116056623462,0.36689801169724845,1.3166733839265845,0.753956873497961
8,0.76016585773306,1.0,1.0,0.36689801169724845,1.2676074593115272,0.5273525471411772
8,0.3231868262755127,1.0,0.8823619350236485,0.11927080941617385,1.741149278066433,0.3365139196894793
8,0.4230330493978691,1.0,0.9401692427780014,0.09952228508747686,1.371705170320363,0.04151002253676461
8,1.0,1.0,0.8597813640210287,0.36689801169724845,1.3219318588568065,0.7592153484281831
8,0.7632179511252897,0.949211155675265,0.814554180787392,0.12283497329289256,1.4975814531415392,0.7602868056239129
8,0.7710166267876444,1.0,1.0,0.2609981424510147,1.28936875312803,0.5595316903321222
8,0.49027363471828284,1.0,0.810506147556032,0.2830896022488836,1.3819081642148165,0.23414807679562744
8,0.9832856666444878,1.0,0.8649992423714002,0.36689801169724845,1.3195948120035657,0.7473129924796863
8,0.5650762385716485,1.0,0.7996713869828962,0.15795693569171013,1.4514798866283085,0.45565583389888775
8,0.895455805697798,1.0,1.0,0.22902448464185432,1.2969236552570114,0.6685101626174491
8,0.8569080201031094,1.0,1.0,0.36689801169724845,1.2676074593115272,0.6109249483146674
9,0.3992211263568541,1.0,0.8823619350236485,0.1967075698720784,1.4095358998581788,0.037336275140736896
9,0.5021314738485535,1.0,0.9401692427780014,0.20288855473427392,1.3351270502084613,0.21447132720073836
9,0.5935136882692086,1.0,1.0,0.36689801169724845,1.2676074593115272,0.3194970430476479
9,0.4230330493978691,1.0,0.9401692427780014,0.09952228508747686,1.371705170320363,0.04151002253676461
9,0.38312206396766096,1.0,0.8335786618523049,0.0,1.5096498309080584,0.040884227342942836
9,0.5437329858952495,1.0,0.9401692427780014,0.1836099333233941,1.3414415927927426,0.3065282721857152
9,0.5856570449627977,1.0,1.0,0.14298363969084926,1.3200318377100775,0.3592024327359502
9,0.676004018524207,1.0,0.9623252501451014,0.36689801169724845,1.280648303930322,0.4482323792625993
9,0.76016585773306,1.0,1.0,0.36689801169724845,1.2676074593115272,0.5273525471411772
9,0.3783482812508162,1.0,0.9260385595041215,0.021198322342455136,1.4872976497837027,0.07166660133285507
9,0.4233779748349114,1.0,0.6925455618825773,0.30344647488096343,1.4561334577085752,0.12702201802716595
9,0.49027363471828284,1.0,0.810506147556032,0.2830896022488836,1.3819081642148165,0.23414807679562744
9,0.37861682346030306,1.0,0.814554180787392,0.0,1.529262842824779,0.04302009121578587
9,0.8569080201031094,1.0,1.0,0.36689801169724845,1.2676074593115272,0.6109249483146674
9,0.4908349413421499,1.0,0.8335786618523049,0.15795693569171013,1.4239078699907521,0.2774603324413918
9,0.6115641052766408,1.0,0.806483213131547,0.36689801169724845,1.3475357520296771,0.42740897346953155
9,0.6701396006087326,1.0,1.0,0.22902448464185432,1.2969236552570114,0.4572232262113519
9,0.5502342204276685,1.0,0.9776487676544932,0.04742397021894404,1.366412893964112,0.34372748277452025
9,0.7710166267876444,1.0,1.0,0.2609981424510147,1.28936875312803,0.5595316903321222
9,0.5236769669981026,1.0,0.806483213131547,0.25204660097858506,1.3989200123851762,0.324371110334974
9,0.5021314738485535,1.0,0.9401692427780014,0.20288855473427392,1.3351270502084613,0.21447132720073836
9,0.5021314738485535,1.0,0.9401692427780014,0.36689801169724845,1.2888054981798176,0.16814977517209462
9,0.3935015310009111,1.0,0.9401692427780014,0.36689801169724845,1.4300236853716672,0.14121818719184964
9,0.5071359685198118,1.0,0.9024780441346046,0.3601480328526977,1.3055861631865067,0.1959892408381365
9,0.6579922867674817,1.0,0.9702158541824674,0.2333845041952385,1.3101875785843018,0.45498528905505087
9,0.65943303961234,1.0,1.0,0.13119585978146284,1.3235530392668764,0.470219226225283
9,0.4686334114047546,1.0,0.8674859367217136,0.0,1.4768265572192796,0.2760660136980537
9,0.610579226746872,1.0,0.9798862410039202,0.16880683360913223,1.3235375133312335,0.40192654882487866
9,0.06975535547199052,1.0,0.7325827306907229,0.008660601467093909,8.067000721547348,6.44825799241175
9,0.5887630030035614,1.0,0.6901887208742231,0.36689801169724845,1.4171299735189133,0.461369324217083
9,0.968312893441073,1.0,1.0,0.30344647488096343,1.2800841872178959,0.6989533211292543
9,0.8688437663327109,1.0,1.0,0.36689801169724845,1.2676074593115272,0.6199461280703076
9,0.4612805524084833,1.0,0.9840741886322106,0.21848550408572553,1.3073206087470337,0.08741981988149727
9,0.7646862473675083,1.0,1.0,0.36689801169724845,1.2676074593115272,0.5317285126289416
9,0.41510062071546305,1.0,0.7566584660562332,0.3370040257879658,1.3900298496810972,0.03441513470950075
9,0.724117434583477,1.0,1.0,0.2773663096643079,1.2856922557100032,0.5085855554164022
9,0.44332815786269525,1.0,0.9397431889584141,0.0,1.414781405370383,0.1454812272925432
9,0.29600309478439857,1.0,0.786542806501157,0.011408447029790603,1.9010494113251064,0.348894910679296
9,0.3043340454688497,1.0,1.0,0.13848720434449452,1.8490093945139234,0.527645361959796
9,0.4922834874701832,1.0,0.8299580208702684,0.07542756850352839,1.4695109349437776,0.3264368238456501
10,0.5935136882692086,1.0,1.0,0.36689801169724845,1.2676074593115272,0.3194970430476479
10,0.4230330493978691,1.0,0.9401692427780014,0.09952228508747686,1.371705170320363,0.04151002253676461
10,0.5021314738485535,1.0,0.9401692427780014,0.36689801169724845,1.2888054981798176,0.16814977517209462
10,0.4612805524084833,1.0,0.9840741886322106,0.21848550408572553,1.3073206087470337,0.08741981988149727
10,0.41510062071546305,1.0,0.7566584660562332,0.3370040257879658,1.3900298496810972,0.03441513470950075
10,0.676004018524207,1.0,0.9623252501451014,0.36689801169724845,1.280648303930322,0.4482323792625993
10,0.76016585773306,1.0,1.0,0.36689801169724845,1.2676074593115272,0.5273525471411772
10,0.5071359685198118,1.0,0.9024780441346046,0.3601480328526977,1.3055861631865067,0.1959892408381365
10,0.3992211263568541,1.0,0.8823619350236485,0.1967075698720784,1.4095358998581788,0.037336275140736896
10,0.7646862473675083,1.0,1.0,0.36689801169724845,1.2676074593115272,0.5317285126289416
10,0.38312206396766096,1.0,0.8335786618523049,0.0,1.5096498309080584,0.040884227342942836
10,0.5021314738485535,1.0,0.9401692427780014,0.20288855473427392,1.3351270502084613,0.21447132720073836
10,0.5856570449627977,1.0,1.0,0.14298363969084926,1.3200318377100775,0.3592024327359502
10,0.44332815786269525,1.0,0.9397431889584141,0.0,1.414781405370383,0.1454812272925432
10,0.3783482812508162,1.0,0.9260385595041215,0.021198322342455136,1.4872976497837027,0.07166660133285507
10,0.4233779748349114,1.0,0.6925455618825773,0.30344647488096343,1.4561334577085752,0.12702201802716595
10,0.6579922867674817,1.0,0.9702158541824674,0.2333845041952385,1.3101875785843018,0.45498528905505087
10,0.724117434583477,1.0,1.0,0.2773663096643079,1.2856922557100032,0.5085855554164022
10,0.6701396006087326,1.0,1.0,0.22902448464185432,1.2969236552570114,0.4572232262113519
10,0.3935015310009111,1.0,0.9401692427780014,0.36689801169724845,1.4300236853716672,0.14121818719184964
10,0.3855832015817687,1.0,0.8696443200771565,0.0,1.4748238267068445,0.015433201743072944
10,0.32248130797293356,1.0,0.7046318890773156,0.18383262814531276,1.7449585304138349,0.22007169580290076
10,0.39800557620504357,1.0,0.9401692427780014,0.36689801169724845,1.4138407681192895,0.1250352699394719
10,0.504633413550903,1.0,1.0,0.01889746534099454,1.3623161747718333,0.24721659007206087
10,0.12886982519669465,1.0,0.8136382552219149,0.0,4.366549778165007,2.8363195335575977
10,0.7260535379168452,1.0,0.73762423592533,0.36689801169724845,1.3860931112643868,0.6110586532947689
10,0.5856570449627977,1.0,1.0,0.0,1.3698970495829292,0.40906764460880196
10,0.43444973087863653,1.0,0.9461523185002012,0.26706981404070396,1.312629442994851,0.0173898106487671
10,0.5348335714589043,1.0,0.9459789661345115,0.16880683360913223,1.342968203454494,0.29083434356188564
10,0.383432496860999,1.0,0.6107173490464233,0.18353177081413793,1.6378069798549273,0.17023051168781178
10,0.8701685976985747,1.0,1.0,0.13294975799320516,1.3230232061267926,0.6763479390200048
10,0.7319460661821924,1.0,1.0,0.19501335539073558,1.3055443217860316,0.5367492749629008
10,0.46787701357347483,1.0,0.9397857943403729,0.0,1.4147476358852291,0.21204587139627984
10,0.4688993376105972,1.0,1.0,0.24595360872113564,1.2928602884105342,0.09278073048508717
10,0.3307586620923819,1.0,0.6405189849036597,0.1502750772383104,1.7012903176300829,0.07486623038699092
10,0.5997552812623412,1.0,0.9545046211135223,0.36571091922867366,1.2837603535319013,0.3455168271577558
10,0.24351457848344485,1.0,0.9702158541824674,0.36689801169724845,2.310812404682307,1.0329792227866728
10,0.7350255182181183,1.0,1.0,0.235897795625118,1.295256343435988,0.5296822289618016
10,0.7922898984031401,1.0,0.9567091740720319,0.36689801169724845,1.282680232264048,0.5724395597333819
10,0.7284138390286373,1.0,0.916786092113365,0.2582878195560983,1.3300825621784165,0.5575594715007091
11,0.5935136882692086,1.0,1.0,0.36689801169724845,1.2676074593115272,0.3194970430476479
11,0.5021314738485535,1.0,0.9401692427780014,0.36689801169724845,1.2888054981798176,0.16814977517209462
11,0.4612805524084833,1.0,0.9840741886322106,0.21848550408572553,1.3073206087470337,0.08741981988149727
11,0.3855832015817687,1.0,0.8696443200771565,0.0,1.4748238267068445,0.015433201743072944
11,0.43444973087863653,1.0,0.9461523185002012,0.26706981404070396,1.312629442994851,0.0173898106487671
11,0.4688993376105972,1.0,1.0,0.24595360872113564,1.2928602884105342,0.09278073048508717
11,0.676004018524207,1.0,0.9623252501451014,0.36689801169724845,1.280648303930322,0.4482323792625993
11,0.76016585773306,1.0,1.0,0.36689801169724845,1.2676074593115272,0.5273525471411772
11,0.5997552812623412,1.0,0.9545046211135223,0.36571091922867366,1.2837603535319013,0.3455168271577558
11,0.4230330493978691,1.0,0.9401692427780014,0.09952228508747686,1.371705170320363,0.04151002253676461
11,0.41510062071546305,1.0,0.7566584660562332,0.3370040257879658,1.3900298496810972,0.03441513470950075
11,0.5071359685198118,1.0,0.9024780441346046,0.3601480328526977,1.3055861631865067,0.1959892408381365
11,0.7646862473675083,1.0,1.0,0.36689801169724845,1.2676074593115272,0.5317285126289416
11,0.724117434583477,1.0,1.0,0.2773663096643079,1.2856922557100032,0.5085855554164022
11,0.6701396006087326,1.0,1.0,0.22902448464185432,1.2969236552570114,0.4572232262113519
11,0.3992211263568541,1.0,0.8823619350236485,0.1967075698720784,1.4095358998581788,0.037336275140736896
11,0.5021314738485535,1.0,0.9401692427780014,0.20288855473427392,1.3351270502084613,0.21447132720073836
11,0.5856570449627977,1.0,1.0,0.14298363969084926,1.3200318377100775,0.3592024327359502
11,0.6579922867674817,1.0,0.9702158541824674,0.2333845041952385,1.3101875785843018,0.45498528905505087
11,0.7922898984031401,1.0,0.9567091740720319,0.36689801169724845,1.282680232264048,0.5724395597333819
11,0.506199824519557,1.0,0.9401692427780014,0.20288855473427392,1.3351270502084613,0.22347808744207742
11,0.5054112691162255,1.0,1.0,0.3265321405507821,1.2753615845300743,0.16197819903109933
11,0.8430140151872898,1.0,1.0,0.36689801169724845,1.2676074593115272,0.6001019372368823
11,0.8566424612365289,1.0,1.0,0.36689801169724845,1.2676074593115272,0.6107213769637115
11,0.6996705856606107,1.0,0.9461523185002012,0.3613351253212725,1.2879141071900966,0.4836549004724402
11,0.6474107001468472,1.0,0.929519994398624,0.23998587610088876,1.3291562669772463,0.4599761468548522
11,0.8298129844362679,1.0,1.0,0.36689801169724845,1.2676074593115272,0.5894829651575871
11,0.5156523621403986,1.0,0.9921958197569191,0.2526936827301299,1.294800763332833,0.20352968379328829
11,0.5293007496441783,1.0,0.8745554898662455,0.36689801169724845,1.3153869497404806,0.2522550529757517
11,0.4230330493978691,1.0,0.9590541590021701,0.24488522549941832,1.3301951477835985,0.017652032710980592
11,0.5831252968099615,1.0,1.0,0.3534889115986868,1.270115338490919,0.30511431194528726
11,0.5590769868471086,1.0,0.9195397077333817,0.3601480328526977,1.2985989494374837,0.2920890711499753
11,0.5110612547824424,1.0,0.9280330163906924,0.21372661405459542,1.3384328143854751,0.2373583255165963
11,0.3374129291449411,1.0,0.8826798880694409,0.16077597551957956,1.6677384318070327,0.2811788485343356
11,0.3958582149144593,1.0,0.8750290882271363,0.1507927760579044,1.42151024879306,0.025323218551706717
11,0.5672331914727691,1.0,0.9133635115422221,0.36689801169724845,1.2992036268173552,0.30716628052197925
11,0.5582007573098496,1.0,0.9856667697689896,0.29697616259724297,1.2873084263658576,0.2792185902016011
11,0.1965772552039745,1.0,0.6834706635852146,0.3332434455343433,2.862571804377249,1.418690152136913
11,0.502722863097488,1.0,0.9603411524824428,0.36582962847553113,1.2816049910294083,0.1622675763654553
11,0.9632841147777137,1.0,1.0,0.31886986253274435,1.276904818518429,0.692740186532333
12,0.5935136882692086,1.0,1.0,0.36689801169724845,1.2676074593115272,0.3194970430476479
12,0.4612805524084833,1.0,0.9840741886322106,0.21848550408572553,1.3073206087470337,0.08741981988149727
12,0.3855832015817687,1.0,0.8696443200771565,0.0,1.4748238267068445,0.015433201743072944
12,0.43444973087863653,1.0,0.9461523185002012,0.26706981404070396,1.312629442994851,0.0173898106487671
12,0.4688993376105972,1.0,1.0,0.24595360872113564,1.2928602884105342,0.09278073048508717
12,0.5054112691162255,1.0,1.0,0.3265321405507821,1.2753615845300743,0.16197819903109933
12,0.5831252968099615,1.0,1.0,0.3534889115986868,1.270115338490919,0.30511431194528726
12,0.76016585773306,1.0,1.0,0.36689801169724845,1.2676074593115272,0.5273525471411772
12,0.4230330493978691,1.0,0.9590541590021701,0.24488522549941832,1.3301951477835985,0.017652032710980592
12,0.502722863097488,1.0,0.9603411524824428,0.36582962847553113,1.2816049910294083,0.1622675763654553
12,0.676004018524207,1.0,0.9623252501451014,0.36689801169724845,1.280648303930322,0.4482323792625993
12,0.7646862473675083,1.0,1.0,0.36689801169724845,1.2676074593115272,0.5317285126289416
12,0.4230330493978691,1.0,0.9401692427780014,0.09952228508747686,1.371705170320363,0.04151002253676461
12,0.41510062071546305,1.0,0.7566584660562332,0.3370040257879658,1.3900298496810972,0.03441513470950075
12,0.3958582149144593,1.0,0.8750290882271363,0.1507927760579044,1.42151024879306,0.025323218551706717
12,0.5021314738485535,1.0,0.9401692427780014,0.36689801169724845,1.2888054981798176,0.16814977517209462
12,0.5997552812623412,1.0,0.9545046211135223,0.36571091922867366,1.2837603535319013,0.3455168271577558
12,0.5582007573098496,1.0,0.9856667697689896,0.29697616259724297,1.2873084263658576,0.2792185902016011
12,0.8298129844362679,1.0,1.0,0.36689801169724845,1.2676074593115272,0.5894829651575871
12,0.3992211263568541,1.0,0.8823619350236485,0.1967075698720784,1.4095358998581788,0.037336275140736896
12,0.3693122037426934,1.0,0.9362096165234473,0.08785760719357688,1.5236878277104189,0.14464189936710103
12,0.1563040718266176,1.0,0.8696443200771565,0.0,3.6001397840447886,2.125315957337944
12,0.7575470615533428,1.0,0.8348403009504086,0.0,1.5083807679048673,0.7655668375139535
12,0.26708000951382205,1.0,0.9383835548816086,0.09856074018793128,2.106921105434875,0.7336243507388582
12,0.6392381892281438,1.0,1.0,0.23332675484687782,1.2958771771156012,0.4155847922214716
12,0.0859086588617069,1.0,0.8228491308474423,0.0,6.550172146756609,5.029572369926013
12,0.9224322971787975,1.0,1.0,0.36689801169724845,1.2676074593115272,0.657571891278688
12,0.38932818636337874,1.0,0.8597003877454892,0.0,1.484134206813089,0.038781598767451575
12,0.34367285441946316,1.0,0.9474393119804739,0.126259857748454,1.6373609440423433,0.2804763836557016
12,0.37750421788008137,1.0,0.9667818535448209,0.23439513806859513,1.4906231052482448,0.17900637034675126
12,0.2887441876050596,1.0,0.9643070372341985,0.3525273666991412,1.948840992124749,0.6656818902566386
12,0.26246128859949813,1.0,0.74004677845278,0.21798063818106392,2.1439981181606447,0.6750269051158058
12,0.8204634321229456,1.0,1.0,0.35482982160854293,1.2698615836088278,0.5840095537999411
12,0.7516851431163276,1.0,0.7566584660562332,0.24063815394879445,1.441851369533255,0.6932447017071095
12,0.4447515982337351,1.0,0.9658703168811915,0.28967948768061624,1.2975062055647593,0.03226845945918644
12,0.6466872233159707,1.0,1.0,0.36689801169724845,1.2676074593115272,0.39745494997975583
12,0.349363610288939,1.0,0.6441846454606559,0.25135927639105765,1.6106901028279927,0.0712903632097921
12,0.5582007573098496,1.0,0.9818452812660028,0.12722140264799958,1.335352352494573,0.32726251633031644
12,0.8298129844362679,1.0,1.0,0.1382185559674021,1.3214440524630877,0.6433195583091477
12,0.6324420545393482,1.0,0.9517594948995809,0.29697616259724297,1.30187529777709,0.41212341290053167
13,0.5935136882692086,1.0,1.0,0.36689801169724845,1.2676074593115272,0.3194970430476479
13,0.3855832015817687,1.0,0.8696443200771565,0.0,1.4748238267068445,0.015433201743072944
13,0.43444973087863653,1.0,0.9461523185002012,0.26706981404070396,1.312629442994851,0.0173898106487671
13,0.4688993376105972,1.0,1.0,0.24595360872113564,1.2928602884105342,0.09278073048508717
13,0.5054112691162255,1.0,1.0,0.3265321405507821,1.2753615845300743,0.16197819903109933
13,0.5831252968099615,1.0,1.0,0.3534889115986868,1.270115338490919,0.30511431194528726
13,0.4447515982337351,1.0,0.9658703168811915,0.28967948768061624,1.2975062055647593,0.03226845945918644
13,0.6466872233159707,1.0,1.0,0.36689801169724845,1.2676074593115272,0.39745494997975583
13,0.4230330493978691,1.0,0.9590541590021701,0.24488522549941832,1.3301951477835985,0.017652032710980592
13,0.502722863097488,1.0,0.9603411524824428,0.36582962847553113,1.2816049910294083,0.1622675763654553
13,0.4612805524084833,1.0,0.9840741886322106,0.21848550408572553,1.3073206087470337,0.08741981988149727
13,0.76016585773306,1.0,1.0,0.36689801169724845,1.2676074593115272,0.5273525471411772
13,0.676004018524207,1.0,0.9623252501451014,0.36689801169724845,1.280648303930322,0.4482323792625993
13,0.4230330493978691,1.0,0.9401692427780014,0.09952228508747686,1.371705170320363,0.04151002253676461
13,0.41510062071546305,1.0,0.7566584660562332,0.3370040257879658,1.3900298496810972,0.03441513470950075
13,0.3958582149144593,1.0,0.8750290882271363,0.1507927760579044,1.42151024879306,0.025323218551706717
13,0.5021314738485535,1.0,0.9401692427780014,0.36689801169724845,1.2888054981798176,0.16814977517209462
13,0.5997552812623412,1.0,0.9545046211135223,0.36571091922867366,1.2837603535319013,0.3455168271577558
13,0.5582007573098496,1.0,0.9856667697689896,0.29697616259724297,1.2873084263658576,0.2792185902016011
13,0.7646862473675083,1.0,1.0,0.36689801169724845,1.2676074593115272,0.5317285126289416
13,0.24129098682385705,1.0,0.9094525279710738,0.030025613472507873,2.332107452774508,0.9073952686607356
13,0.47917435094328786,1.0,0.8696443200771565,0.2659197384082927,1.3533167829141453,0.178970725556844
13,0.7915532391504184,1.0,1.0,0.36689801169724845,1.2676074593115272,0.5567058010927984
13,0.8661887928259816,1.0,0.9789926323385006,0.36689801169724845,1.2747552106752857,0.6251087190532867
13,0.3887190291002939,1.0,0.6928729645757932,0.23369969631759713,1.5024819876924225,0.05486438367094504
13,0.3430814651705286,1.0,0.9442638268777844,0.2581548873409186,1.6401833572427424,0.32408275630423367
13,0.509270659662719,1.0,1.0,0.1531644450668084,1.3170644544464478,0.2121185888058248
13,0.45132021200829275,1.0,0.9821181406727338,0.08564474939690812,1.3492633427760548,0.10244014547112834
13,0.4700995121439579,1.0,0.8411218133577276,0.1507927760579044,1.4214886159718707,0.22447288790192887
13,0.8433242150557192,1.0,1.0,0.36689801169724845,1.2676074593115272,0.6003474657313584
13,0.5047447920524176,1.0,0.9758622055438029,0.10048382998702245,1.3480083658570083,0.23315484237964568
13,0.76016585773306,1.0,0.9732429929844116,0.36689801169724845,1.2767653081571908,0.5365103959868408
13,0.5826581083449185,1.0,1.0,0.2508327207238582,1.2917158677048033,0.32594108148582956
13,0.5732006552447791,1.0,0.9623252501451014,0.2701162391074524,1.3041351632158462,0.32242569575313273
13,0.41510062071546305,1.0,1.0,0.36689801169724845,1.3556147149715965,0.08800725566006928
13,0.22958185723646854,1.0,0.9483812258664092,0.21752395918617995,2.4510495529300225,1.1250206654798927
13,0.5886748421758391,1.0,0.9675781283771299,0.36689801169724845,1.2787691314942449,0.3228653460436157
13,0.6860254599865393,1.0,0.9631487431019531,0.29341578815102104,1.2977622344518125,0.4775062191982019
13,0.8061423905991598,1.0,0.9971924093804897,0.36689801169724845,1.268545306418092,0.5705091817142804
13,0.3764586947358376,1.0,0.954950054962062,0.227479490982274,1.4947629510627645,0.17516991135583715
14,0.5935136882692086,1.0,1.0,0.36689801169724845,1.2676074593115272,0.3194970430476479
14,0.3855832015817687,1.0,0.8696443200771565,0.0,1.4748238267068445,0.015433201743072944
14,0.43444973087863653,1.0,0.9461523185002012,0.26706981404070396,1.312629442994851,0.0173898106487671
14,0.4688993376105972,1.0,1.0,0.24595360872113564,1.2928602884105342,0.09278073048508717
14,0.5054112691162255,1.0,1.0,0.3265321405507821,1.2753615845300743,0.16197819903109933
14,0.5831252968099615,1.0,1.0,0.3534889115986868,1.270115338490919,0.30511431194528726
14,0.4447515982337351,1.0,0.9658703168811915,0.28967948768061624,1.2975062055647593,0.03226845945918644
14,0.6466872233159707,1.0,1.0,0.36689801169724845,1.2676074593115272,0.39745494997975583
14,0.4230330493978691,1.0,0.9590541590021701,0.24488522549941832,1.3301951477835985,0.017652032710980592
14,0.502722863097488,1.0,0.9603411524824428,0.36582962847553113,1.2816049910294083,0.1622675763654553
14,0.5886748421758391,1.0,0.9675781283771299,0.36689801169724845,1.2787691314942449,0.3228653460436157
14,0.4612805524084833,1.0,0.9840741886322106,0.21848550408572553,1.3073206087470337,0.08741981988149727
14,0.76016585773306,1.0,1.0,0.36689801169724845,1.2676074593115272,0.5273525471411772
14,0.3958582149144593,1.0,0.8750290882271363,0.1507927760579044,1.42151024879306,0.025323218551706717
14,0.5021314738485535,1.0,0.9401692427780014,0.36689801169724845,1.2888054981798176,0.16814977517209462
14,0.45132021200829275,1.0,0.9821181406727338,0.08564474939690812,1.3492633427760548,0.10244014547112834
14,0.676004018524207,1.0,0.9623252501451014,0.36689801169724845,1.280648303930322,0.4482323792625993
14,0.5582007573098496,1.0,0.9856667697689896,0.29697616259724297,1.2873084263658576,0.2792185902016011
14,0.5997552812623412,1.0,0.9545046211135223,0.36571091922867366,1.2837603535319013,0.3455168271577558
14,0.41510062071546305,1.0,0.7566584660562332,0.3370040257879658,1.3900298496810972,0.03441513470950075
14,0.38611545190580976,1.0,0.8877990388111537,0.0,1.4583637737307256,0.0009848815976234437
14,0.371603259778033,1.0,0.8696443200771565,0.24875495274859755,1.514293792291191,0.15445245150678732
14,0.6818199244606413,1.0,0.972580758702946,0.36689801169724845,1.276998354302559,0.4516829154626546
14,0.4599081772280178,1.0,0.9669099020037086,0.12375338554844478,1.3455453595550915,0.12200436239467383
14,0.6848673329472403,1.0,0.97077189456376,0.36689801169724845,1.2776365300642853,0.4559934422736657
14,0.6485773421448164,1.0,0.9786050273977751,0.3039683475072435,1.2886333131398104,0.4210166488529501
14,0.42789017661905493,1.0,0.9740765176474101,0.36689801169724845,1.3150956493615031,0.038623215541880196
14,0.5256031251463029,1.0,0.782753062614139,0.36689801169724845,1.3600572881112023,0.28944624529425655
14,0.3781865343788843,1.0,0.9296244376755152,0.3084011469492676,1.487933753187657,0.1792364320941
14,0.20207584186867494,1.0,0.9603411524824428,0.0,2.7846797667796355,1.3858750804325628
14,0.48924101846198376,1.0,0.7935097229542801,0.36689801169724845,1.354288592136934,0.20410598559638493
14,0.4176833780922984,1.0,0.9839063266054604,0.11377007562694214,1.3472322317785899,0.008710725550879372
14,0.76016585773306,1.0,0.8547990564208001,0.36689801169724845,1.3241900239989968,0.5839351118286468
14,0.44974618906302494,1.0,0.9366906324206083,0.30174767776932176,1.3073576869756176,0.056170854436838225
14,0.6484372326594807,1.0,0.9705982945080618,0.36689801169724845,1.2776979020769725,0.40989376964671775
14,0.4352422671916336,1.0,0.930726871479083,0.2570865041192013,1.323231659190926,0.030350539603568816
14,0.676004018524207,1.0,1.0,0.36689801169724845,1.2676074593115272,0.43519153464380445
14,0.5673040837678875,1.0,0.9839063266054604,0.20921093820688202,1.309896747848376,0.3179833699963983
14,0.6501206611728054,1.0,0.9803480789611473,0.36689801169724845,1.2742847753580113,0.40872774305164983
14,0.7818759887698974,1.0,1.0,0.36689801169724845,1.2676074593115272,0.5479069974045885
15,0.5935136882692086,1.0,1.0,0.36689801169724845,1.2676074593115272,0.3194970430476479
15,0.43444973087863653,1.0,0.9461523185002012,0.26706981404070396,1.312629442994851,0.0173898106487671
15,0.4688993376105972,1.0,1.0,0.24595360872113564,1.2928602884105342,0.09278073048508717
15,0.5054112691162255,1.0,1.0,0.3265321405507821,1.2753615845300743,0.16197819903109933
15,0.5831252968099615,1.0,1.0,0.3534889115986868,1.270115338490919,0.30511431194528726
15,0.4447515982337351,1.0,0.9658703168811915,0.28967948768061624,1.2975062055647593,0.03226845945918644
15,0.38611545190580976,1.0,0.8877990388111537,0.0,1.4583637737307256,0.0009848815976234437
15,0.4176833780922984,1.0,0.9839063266054604,0.11377007562694214,1.3472322317785899,0.008710725550879372
15,0.6466872233159707,1.0,1.0,0.36689801169724845,1.2676074593115272,0.39745494997975583
15,0.4230330493978691,1.0,0.9590541590021701,0.24488522549941832,1.3301951477835985,0.017652032710980592
15,0.4352422671916336,1.0,0.930726871479083,0.2570865041192013,1.323231659190926,0.030350539603568816
15,0.502722863097488,1.0,0.9603411524824428,0.36582962847553113,1.2816049910294083,0.1622675763654553
15,0.5886748421758391,1.0,0.9675781283771299,0.36689801169724845,1.2787691314942449,0.3228653460436157
15,0.4612805524084833,1.0,0.9840741886322106,0.21848550408572553,1.3073206087470337,0.08741981988149727
15,0.42789017661905493,1.0,0.9740765176474101,0.36689801169724845,1.3150956493615031,0.038623215541880196
15,0.44974618906302494,1.0,0.9366906324206083,0.30174767776932176,1.3073576869756176,0.056170854436838225
15,0.3855832015817687,1.0,0.8696443200771565,0.0,1.4748238267068445,0.015433201743072944
15,0.676004018524207,1.0,1.0,0.36689801169724845,1.2676074593115272,0.43519153464380445
15,0.3958582149144593,1.0,0.8750290882271363,0.1507927760579044,1.42151024879306,0.025323218551706717
15,0.5021314738485535,1.0,0.9401692427780014,0.36689801169724845,1.2888054981798176,0.16814977517209462
15,0.45312902514175524,1.0,1.0,0.36689801169724845,1.2676074593115272,0.02576136575471799
15,0.6275048417904979,1.0,0.9445046102258752,0.26706981404070396,1.3134276821916924,0.41667522289758696
15,0.44995033140235524,1.0,0.8900770022194088,0.10511808956297652,1.4051504185918582,0.15453124916729433
15,0.5054112691162255,1.0,0.8828429509208096,0.30174767776932176,1.3332902650430336,0.21990687954405863
15,0.354244476819977,1.0,1.0,0.11238235187076501,1.5884976230379124,0.2591274344588803
15,0.6566657900013413,1.0,1.0,0.36689801169724845,1.2676074593115272,0.4106776196540344
15,0.6522942956020841,1.0,1.0,0.30833088197661557,1.2790665929092968,0.41639384853205863
15,0.4176833780922984,1.0,0.953357473825283,0.14898883247075656,1.3472322317785899,0.002000916388721352
15,0.4968192642638646,1.0,0.9854729317149308,0.36689801169724845,1.2725177873017604,0.13987952156849248
15,0.3335911001426015,1.0,0.8276954221824241,0.1844714897105443,1.6868450898838374,0.271178050277034
15,0.45422368636377897,1.0,0.904845762708318,0.2299702169352555,1.346121469335404,0.1072681760225187
15,0.5023956737533637,1.0,1.0,0.36689801169724845,1.2676074593115272,0.14754106688569846
15,0.5154767063575553,1.0,0.9133523651610488,0.1568519579215338,1.3675333401282626,0.2758903949485547
15,0.44732662364616127,1.0,0.9009976696548069,0.33711541690159585,1.3131425027232921,0.055188068563570614
15,0.3762336492684463,1.0,0.8696443200771565,0.36689801169724845,1.4956570487244731,0.17811913500412335
15,0.36537238446120224,1.0,0.944246994259799,0.36689801169724845,1.5401177904592713,0.25284234476221745
15,0.44486381040705986,1.0,0.8961668085294923,0.09532510170485886,1.404923235074139,0.14000463175703892
15,0.4300783163795693,1.0,0.9326321957194852,0.15725830646265684,1.3550944760668533,0.046689731507945975
15,0.3958582149144593,1.0,0.9643070372341985,0.36689801169724845,1.42151024879306,0.14157331724664535
15,0.30203333379385855,1.0,0.9856667697689896,0.11238235187076501,1.863094056738475,0.5251789326094216
16,0.43444973087863653,1.0,0.9461523185002012,0.26706981404070396,1.312629442994851,0.0173898106487671
16,0.38611545190580976,1.0,0.8877990388111537,0.0,1.4583637737307256,0.0009848815976234437
16,0.45312902514175524,1.0,1.0,0.36689801169724845,1.2676074593115272,0.02576136575471799
16,0.4176833780922984,1.0,0.953357473825283,0.14898883247075656,1.3472322317785899,0.002000916388721352
16,0.4230330493978691,1.0,0.9590541590021701,0.24488522549941832,1.3301951477835985,0.017652032710980592
16,0.4688993376105972,1.0,1.0,0.24595360872113564,1.2928602884105342,0.09278073048508717
16,0.4447515982337351,1.0,0.9658703168811915,0.28967948768061624,1.2975062055647593,0.03226845945918644
16,0.4352422671916336,1.0,0.930726871479083,0.2570865041192013,1.323231659190926,0.030350539603568816
16,0.4968192642638646,1.0,0.9854729317149308,0.36689801169724845,1.2725177873017604,0.13987952156849248
16,0.5023956737533637,1.0,1.0,0.36689801169724845,1.2676074593115272,0.14754106688569846
16,0.4176833780922984,1.0,0.9839063266054604,0.11377007562694214,1.3472322317785899,0.008710725550879372
16,0.4612805524084833,1.0,0.9840741886322106,0.21848550408572553,1.3073206087470337,0.08741981988149727
16,0.42789017661905493,1.0,0.9740765176474101,0.36689801169724845,1.3150956493615031,0.038623215541880196
16,0.44974618906302494,1.0,0.9366906324206083,0.30174767776932176,1.3073576869756176,0.056170854436838225
16,0.44732662364616127,1.0,0.9009976696548069,0.33711541690159585,1.3131425027232921,0.055188068563570614
16,0.5935136882692086,1.0,1.0,0.36689801169724845,1.2676074593115272,0.3194970430476479
16,0.5054112691162255,1.0,1.0,0.3265321405507821,1.2753615845300743,0.16197819903109933
16,0.5831252968099615,1.0,1.0,0.3534889115986868,1.270115338490919,0.30511431194528726
16,0.3855832015817687,1.0,0.8696443200771565,0.0,1.4748238267068445,0.015433201743072944
16,0.3958582149144593,1.0,0.8750290882271363,0.1507927760579044,1.42151024879306,0.025323218551706717
16,0.47338480756869983,1.0,0.9374603462771158,0.36689801169724845,1.2898292877254263,0.10112086108043417
16,0.4952409720826244,1.0,1.0,0.36689801169724845,1.2676074593115272,0.13135956873673393
16,0.27452581644078355,1.0,0.9048945604754641,0.059143454579866514,2.0497762878448413,0.6351689331432473
16,0.5315516286316241,1.0,1.0,0.36689801169724845,1.2676074593115272,0.208977441788462
16,0.3798035641386625,1.0,0.9366906324206083,0.27748658382620756,1.481598812233102,0.1673761319606526
16,0.5059015568368881,1.0,1.0,0.36689801169724845,1.2676074593115272,0.15530309441220003
16,0.4225371359129359,1.0,0.9658703168811915,0.3201067020456598,1.3317563400522785,0.04167844696281198
16,0.4221243790829906,1.0,0.9515370866501811,0.36689801169724845,1.3330585427942083,0.0484858038428817
16,0.4968192642638646,1.0,0.9854729317149308,0.36689801169724845,1.2725177873017604,0.13987952156849248
16,0.5386683208580507,1.0,1.0,0.20962432468931594,1.3017636153412315,0.25711983705046637
16,0.5422197068109021,1.0,0.9840741886322106,0.20641731399702004,1.3105711898987993,0.2727695333282747
16,0.48198555501540913,1.0,0.9849998427357928,0.36689801169724845,1.272680132405174,0.10518350523788622
16,0.48260692741809036,1.0,0.9740765176474101,0.36689801169724845,1.276472433819623,0.11047899722343435
16,0.44974618906302494,1.0,0.7740482231571747,0.0,1.5742334703583032,0.3230466378195238
16,0.4819768124210607,1.0,0.951987414562185,0.3612730405809103,1.28573487856938,0.11821707413976301
16,0.4224914464741567,1.0,0.8929754541944874,0.0,1.4537931763500695,0.12189281634157334
16,0.40401288896698967,1.0,0.9400717543837015,0.0,1.4145210600898048,0.021702848182463486
16,0.4782479343765016,1.0,0.9658703168811915,0.36689801169724845,1.2793778440983674,0.10275695487625214
16,0.41279437290428633,1.0,0.8406752150577252,0.16931392598775538,1.4130684636129758,0.04988004205319996
16,0.4735055148938869,1.0,0.9246581616266861,0.23280806247356753,1.334069985517054,0.14566458768543633
17,0.43444973087863653,1.0,0.9461523185002012,0.26706981404070396,1.312629442994851,0.0173898106487671
17,0.38611545190580976,1.0,0.8877990388111537,0.0,1.4583637737307256,0.0009848815976234437
17,0.45312902514175524,1.0,1.0,0.36689801169724845,1.2676074593115272,0.02576136575471799
17,0.4176833780922984,1.0,0.953357473825283,0.14898883247075656,1.3472322317785899,0.002000916388721352
17,0.4230330493978691,1.0,0.9590541590021701,0.24488522549941832,1.3301951477835985,0.017652032710980592
17,0.4688993376105972,1.0,1.0,0.24595360872113564,1.2928602884105342,0.09278073048508717
17,0.4447515982337351,1.0,0.9658703168811915,0.28967948768061624,1.2975062055647593,0.03226845945918644
17,0.4352422671916336,1.0,0.930726871479083,0.2570865041192013,1.323231659190926,0.030350539603568816
17,0.47338480756869983,1.0,0.9374603462771158,0.36689801169724845,1.2898292877254263,0.10112086108043417
17,0.4952409720826244,1.0,1.0,0.36689801169724845,1.2676074593115272,0.13135956873673393
17,0.48198555501540913,1.0,0.9849998427357928,0.36689801169724845,1.272680132405174,0.10518350523788622
17,0.4782479343765016,1.0,0.9658703168811915,0.36689801169724845,1.2793778440983674,0.10275695487625214
17,0.4176833780922984,1.0,0.9839063266054604,0.11377007562694214,1.3472322317785899,0.008710725550879372
17,0.5023956737533637,1.0,1.0,0.36689801169724845,1.2676074593115272,0.14754106688569846
17,0.3855832015817687,1.0,0.8696443200771565,0.0,1.4748238267068445,0.015433201743072944
17,0.40401288896698967,1.0,0.9400717543837015,0.0,1.4145210600898048,0.021702848182463486
17,0.42789017661905493,1.0,0.9740765176474101,0.36689801169724845,1.3150956493615031,0.038623215541880196
17,0.48260692741809036,1.0,0.9740765176474101,0.36689801169724845,1.276472433819623,0.11047899722343435
17,0.4612805524084833,1.0,0.9840741886322106,0.21848550408572553,1.3073206087470337,0.08741981988149727
17,0.44974618906302494,1.0,0.9366906324206083,0.30174767776932176,1.3073576869756176,0.056170854436838225
17,0.4272904440022309,1.0,0.9229760402220302,0.26706981404070396,1.3241191797541272,0.007177699847170649
17,0.5002157591996592,1.0,0.8877990388111537,0.36689801169724845,1.3097052331861871,0.18475764903423264
17,0.3862964842634661,1.0,0.8557614177581501,0.0,1.4878820454651316,0.031186133237118385
17,0.40839767715242004,1.0,0.9006090893790689,0.2570865041192013,1.3778641287508149,0.03871832418188159
17,0.40533321508565656,1.0,0.9481241183383002,0.24488522549941832,1.3882812675100986,0.07026755970971221
17,0.4432503458515561,1.0,0.9677167977099363,0.06254700445347208,1.3673080371527533,0.097785035110314
17,0.4187680510818359,1.0,1.0,0.049835347417292924,1.3506114446662276,0.006868749410732011
17,0.4207097725350949,1.0,0.9859974908045971,0.23850328063770315,1.3375408568786176,0.036356344431198284
17,0.47338480756869983,1.0,0.9374603462771158,0.30174767776932176,1.3070085960680664,0.11830016942307431
17,0.44938108967523693,1.0,0.9099469094754954,0.14650130874777195,1.3737760407320352,0.12157268222888584
17,0.5524087620093838,1.0,1.0,0.36689801169724845,1.2676074593115272,0.24894782052194286
17,0.5322445812930168,1.0,1.0,0.36689801169724845,1.2676074593115272,0.2103557188296532
17,0.44336130411495867,1.0,0.9692832851930724,0.2974013400822795,1.2941160388950996,0.02491075530492748
17,0.49228519846724794,1.0,1.0,0.19948091929811404,1.3043756037385181,0.16130546553344316
17,0.5065971347622309,1.0,0.9646397571796619,0.0,1.3955565455135068,0.2847794185471819
17,0.4243002596076192,1.0,0.9143427922737886,0.05015847565051414,1.4113718913938005,0.08514948892461094
17,0.4631097942360092,1.0,0.9490720027288878,0.3469318820100914,1.2903117888201459,0.07522949779546684
17,0.4755705608830514,1.0,1.0,0.36689801169724845,1.2676074593115272,0.08436241411102374
17,0.47316273180157487,1.0,1.0,0.36689801169724845,1.2676074593115272,0.07834112030904206
17,0.4373260249523535,1.0,1.0,0.2696101072136482,1.287418856960608,0.0006980180488902477
18,0.45312902514175524,1.0,1.0,0.36689801169724845,1.2676074593115272,0.02576136575471799
18,0.4373260249523535,1.0,1.0,0.2696101072136482,1.287418856960608,0.0006980180488902477
18,0.47316273180157487,1.0,1.0,0.36689801169724845,1.2676074593115272,0.07834112030904206
18,0.43444973087863653,1.0,0.9461523185002012,0.26706981404070396,1.312629442994851,0.0173898106487671
18,0.38611545190580976,1.0,0.8877990388111537,0.0,1.4583637737307256,0.0009848815976234437
18,0.4176833780922984,1.0,0.953357473825283,0.14898883247075656,1.3472322317785899,0.002000916388721352
18,0.4272904440022309,1.0,0.9229760402220302,0.26706981404070396,1.3241191797541272,0.007177699847170649
18,0.44336130411495867,1.0,0.9692832851930724,0.2974013400822795,1.2941160388950996,0.02491075530492748
18,0.4631097942360092,1.0,0.9490720027288878,0.3469318820100914,1.2903117888201459,0.07522949779546684
18,0.4755705608830514,1.0,1.0,0.36689801169724845,1.2676074593115272,0.08436241411102374
18,0.4187680510818359,1.0,1.0,0.049835347417292924,1.3506114446662276,0.006868749410732011
18,0.4230330493978691,1.0,0.9590541590021701,0.24488522549941832,1.3301951477835985,0.017652032710980592
18,0.4176833780922984,1.0,0.9839063266054604,0.11377007562694214,1.3472322317785899,0.008710725550879372
18,0.4447515982337351,1.0,0.9658703168811915,0.28967948768061624,1.2975062055647593,0.03226845945918644
18,0.4352422671916336,1.0,0.930726871479083,0.2570865041192013,1.323231659190926,0.030350539603568816
18,0.4952409720826244,1.0,1.0,0.36689801169724845,1.2676074593115272,0.13135956873673393
18,0.3855832015817687,1.0,0.8696443200771565,0.0,1.4748238267068445,0.015433201743072944
18,0.40401288896698967,1.0,0.9400717543837015,0.0,1.4145210600898048,0.021702848182463486
18,0.4207097725350949,1.0,0.9859974908045971,0.23850328063770315,1.3375408568786176,0.036356344431198284
18,0.44974618906302494,1.0,0.9366906324206083,0.30174767776932176,1.3073576869756176,0.056170854436838225
18,0.4307626232831832,1.0,1.0,0.13049497676029048,1.3237653532326497,0.017439132549653902
18,0.4247805987058022,1.0,0.9464519007263075,0.2696101072136482,1.3247227189308328,0.012953379246026575
18,0.399198184791976,1.0,0.9349447377245031,0.0,1.4186044027142333,0.008987498080868628
18,0.4470707173507219,1.0,1.0,0.15862188830250576,1.3155012331714238,0.05682673740653832
18,0.3679048194077191,1.0,0.8551600140220709,0.0,1.5295165482412731,0.041059242914223804
18,0.4808268760278976,1.0,1.0,0.36689801169724845,1.2676074593115272,0.09729744155706799
18,0.4272904440022309,1.0,0.9430215691785475,0.36689801169724845,1.3169414799069565,0.029207621392892014
18,0.44336130411495867,1.0,1.0,0.36689801169724845,1.2692052835901722,0.001597824278644966
18,0.44657353695177515,1.0,1.0,0.24786002485062306,1.2924117323213005,0.03233592583205214
18,0.38464070218076885,1.0,0.9949814314505511,0.1466612897780974,1.4629666240155588,0.14122350821481944
18,0.41101132972433146,1.0,0.9345876966738021,0.1191167395468157,1.3691021850897789,0.0011864256617566404
18,0.49476194679098745,1.0,1.0,0.36689801169724845,1.2676074593115272,0.13025946093825702
18,0.42854170870912967,1.0,0.9199043687413374,0.11377007562694214,1.3799753501161993,0.06687910244107642
18,0.49426476639204064,1.0,0.9855156939449143,0.36689801169724845,1.2725031207059199,0.13401106520198214
18,0.3886950470010149,1.0,0.9562612832792255,0.05122307117347005,1.447706920593109,0.06792627265069218
18,0.423801798702018,1.0,0.9812564596266957,0.049316655043982666,1.363229842613094,0.03544758357833966
18,0.5158963462514315,1.0,1.0,0.36689801169724845,1.2676074593115272,0.17685247725097408
18,0.40401288896698967,1.0,0.8826798880694409,0.22475829453808457,1.3928182119073413,0.031681302491541
18,0.419102606474694,1.0,0.9335871145911279,0.10627288341295266,1.3735493607998521,0.03087932974947849
18,0.4060649398456393,1.0,0.9181246132032204,0.14153124616561052,1.3857795992421071,0.015516474563278093
19,0.45312902514175524,1.0,1.0,0.36689801169724845,1.2676074593115272,0.02576136575471799
19,0.4373260249523535,1.0,1.0,0.2696101072136482,1.287418856960608,0.0006980180488902477
19,0.44336130411495867,1.0,1.0,0.36689801169724845,1.2692052835901722,0.001597824278644966
19,0.47316273180157487,1.0,1.0,0.36689801169724845,1.2676074593115272,0.07834112030904206
19,0.38611545190580976,1.0,0.8877990388111537,0.0,1.4583637737307256,0.0009848815976234437
19,0.41101132972433146,1.0,0.9345876966738021,0.1191167395468157,1.3691021850897789,0.0011864256617566404
19,0.43444973087863653,1.0,0.9461523185002012,0.26706981404070396,1.312629442994851,0.0173898106487671
19,0.4176833780922984,1.0,0.953357473825283,0.14898883247075656,1.3472322317785899,0.002000916388721352
19,0.4272904440022309,1.0,0.9229760402220302,0.26706981404070396,1.3241191797541272,0.007177699847170649
19,0.44336130411495867,1.0,0.9692832851930724,0.2974013400822795,1.2941160388950996,0.02491075530492748
19,0.4631097942360092,1.0,0.9490720027288878,0.3469318820100914,1.2903117888201459,0.07522949779546684
19,0.44657353695177515,1.0,1.0,0.24786002485062306,1.2924117323213005,0.03233592583205214
19,0.4755705608830514,1.0,1.0,0.36689801169724845,1.2676074593115272,0.08436241411102374
19,0.4307626232831832,1.0,1.0,0.13049497676029048,1.3237653532326497,0.017439132549653902
19,0.4187680510818359,1.0,1.0,0.049835347417292924,1.3506114446662276,0.006868749410732011
19,0.4176833780922984,1.0,0.9839063266054604,0.11377007562694214,1.3472322317785899,0.008710725550879372
19,0.4247805987058022,1.0,0.9464519007263075,0.2696101072136482,1.3247227189308328,0.012953379246026575
19,0.4447515982337351,1.0,0.9658703168811915,0.28967948768061624,1.2975062055647593,0.03226845945918644
19,0.4272904440022309,1.0,0.9430215691785475,0.36689801169724845,1.3169414799069565,0.029207621392892014
19,0.4808268760278976,1.0,1.0,0.36689801169724845,1.2676074593115272,0.09729744155706799
19,0.45018334948007976,1.0,0.9382252735549567,0.3146915972623844,1.3031259058020095,0.05315406568119241
19,0.37262555062205543,1.0,0.953357473825283,0.0,1.5101393571691748,0.10599516613950177
19,0.4544075752804583,1.0,0.9493416267323834,0.34921814586574124,1.289646279663175,0.05129432348004581
19,0.4795756113209988,1.0,1.0,0.36689801169724845,1.2676074593115272,0.09424397598516543
19,0.38611545190580976,1.0,1.0,0.3391067788286172,1.4573788921331021,0.18449938316712045
19,0.45907634292331245,1.0,1.0,0.36689801169724845,1.2676074593115272,0.04184943792818108
19,0.4372377107269037,1.0,0.8877990388111537,0.28535639785196,1.3363453095560718,0.04936457596644561
19,0.4731567223995421,1.0,1.0,0.08154161384528846,1.3394615756425616,0.15018013217425863
19,0.4272904440022309,1.0,0.9804228942178032,0.26706981404070396,1.3169414799069565,0.02030631951667794
19,0.3873828751634749,1.0,0.9888567667225485,0.2974013400822795,1.4526107002052269,0.16671626031750186
19,0.3879011963039372,1.0,0.9490720027288878,0.0,1.4506696934746182,0.04321005863571026
19,0.4631097942360092,1.0,0.9765659702310474,0.3152350008506584,1.286878193773696,0.07179590274901693
19,0.4154496542459279,1.0,1.0,0.0,1.3698970495829292,0.015421233113093402
19,0.4610094587238759,1.0,0.9430215691785475,0.36689801169724845,1.2877338585140645,0.06711571473805167
19,0.49860051713684306,1.0,0.954164802455999,0.3489284949788071,1.28784778345089,0.15925587365086846
19,0.42695670333703106,1.0,0.9804228942178032,0.13708625626525706,1.3330221243502125,0.015051226422485353
19,0.46445586515383325,1.0,0.9796914448368316,0.36689801169724845,1.274512511025911,0.06295173206276705
19,0.5312660398444228,1.0,0.9658703168811915,0.36689801169724845,1.2793778440983674,0.22017874660490033
19,0.48251636440017875,1.0,1.0,0.36689801169724845,1.2676074593115272,0.10139517856402014
19,0.42948104514116203,1.0,0.8990191349300384,0.12424891520496506,1.390342611045539,0.08011829254002323
20,0.45312902514175524,1.0,1.0,0.36689801169724845,1.2676074593115272,0.02576136575471799
20,0.4373260249523535,1.0,1.0,0.2696101072136482,1.287418856960608,0.0006980180488902477
20,0.44336130411495867,1.0,1.0,0.36689801169724845,1.2692052835901722,0.001597824278644966
20,0.45907634292331245,1.0,1.0,0.36689801169724845,1.2676074593115272,0.04184943792818108
20,0.38611545190580976,1.0,0.8877990388111537,0.0,1.4583637737307256,0.0009848815976234437
20,0.41101132972433146,1.0,0.9345876966738021,0.1191167395468157,1.3691021850897789,0.0011864256617566404
20,0.43444973087863653,1.0,0.9461523185002012,0.26706981404070396,1.312629442994851,0.0173898106487671
20,0.4176833780922984,1.0,0.953357473825283,0.14898883247075656,1.3472322317785899,0.002000916388721352
20,0.4272904440022309,1.0,0.9229760402220302,0.26706981404070396,1.3241191797541272,0.007177699847170649
20,0.44336130411495867,1.0,0.9692832851930724,0.2974013400822795,1.2941160388950996,0.02491075530492748
20,0.44657353695177515,1.0,1.0,0.24786002485062306,1.2924117323213005,0.03233592583205214
20,0.47316273180157487,1.0,1.0,0.36689801169724845,1.2676074593115272,0.07834112030904206
20,0.4544075752804583,1.0,0.9493416267323834,0.34921814586574124,1.289646279663175,0.05129432348004581
20,0.46445586515383325,1.0,0.9796914448368316,0.36689801169724845,1.274512511025911,0.06295173206276705
20,0.4307626232831832,1.0,1.0,0.13049497676029048,1.3237653532326497,0.017439132549653902
20,0.4272904440022309,1.0,0.9804228942178032,0.26706981404070396,1.3169414799069565,0.02030631951667794
20,0.4187680510818359,1.0,1.0,0.049835347417292924,1.3506114446662276,0.006868749410732011
20,0.4176833780922984,1.0,0.9839063266054604,0.11377007562694214,1.3472322317785899,0.008710725550879372
20,0.4247805987058022,1.0,0.9464519007263075,0.2696101072136482,1.3247227189308328,0.012953379246026575
20,0.4447515982337351,1.0,0.9658703168811915,0.28967948768061624,1.2975062055647593,0.03226845945918644
20,0.35306367443646586,1.0,0.9189072686969231,0.0,1.5938102674983379,0.16213885424744978
20,0.4452263973846382,1.0,1.0,0.22034035465118051,1.2990653770142795,0.03517690806235496
20,0.4762271858256296,1.0,0.9941757508919172,0.36689801169724845,1.2695588939071114,0.08794531417383511
20,0.4041803105818366,1.0,1.0,0.36689801169724845,1.3922412716963914,0.12463381238486426
20,0.4455973312611914,1.0,0.9855156939449143,0.30540128023930735,1.2854752149140498,0.022638859642744036
20,0.48597099786687054,1.0,1.0,0.36689801169724845,1.2676074593115272,0.10968545922630502
20,0.48083288542993036,1.0,0.9306784361998272,0.36689801169724845,1.2924185538722628,0.12212316253708178
20,0.3998377466292558,1.0,1.0,0.0,1.4073621470905027,0.03746509750757343
20,0.4666160271405306,1.0,1.0,0.36689801169724845,1.2676074593115272,0.06165550512390361
20,0.441345731733439,1.0,0.9652071387817459,0.13908286923397276,1.3414061815222182,0.06640459148485478
20,0.4306080633062167,1.0,0.9658703168811915,0.28967948768061624,1.3067951058881644,0.009288900323405125
20,0.40634456534370045,1.0,0.9839063266054604,0.0,1.3848259767681368,0.0034790858244662104
20,0.43007572017562207,1.0,0.9945841102527152,0.2492141065270914,1.3084126429019085,0.013863718659887114
20,0.4156729057754789,1.0,1.0,0.024222093347337825,1.3602405873768406,0.006492239050436277
20,0.4488013336742818,1.0,1.0,0.20857954084894176,1.3020300225307142,0.04820908325090523
20,0.4731022244727725,1.0,0.952348154593904,0.36689801169724845,1.2842746039287123,0.09485616390971718
20,0.4815177016475526,1.0,1.0,0.36689801169724845,1.2676074593115272,0.09897646631308077
20,0.47891963925528824,1.0,1.0,0.11377007562694214,1.3289325924634374,0.15396196337964407
20,0.46852108709757884,1.0,0.9008787133825645,0.36689801169724845,1.304257784261214,0.10320936768675426
20,0.42996136597174794,1.0,0.9411289270064219,0.14389486676185897,1.3545499094239948,0.04578927598709548
21,0.45312902514175524,1.0,1.0,0.36689801169724845,1.2676074593115272,0.02576136575471799
21,0.4373260249523535,1.0,1.0,0.2696101072136482,1.287418856960608,0.0006980180488902477
21,0.44336130411495867,1.0,1.0,0.36689801169724845,1.2692052835901722,0.001597824278644966
21,0.45907634292331245,1.0,1.0,0.36689801169724845,1.2676074593115272,0.04184943792818108
21,0.38611545190580976,1.0,0.8877990388111537,0.0,1.4583637737307256,0.0009848815976234437
21,0.41101132972433146,1.0,0.9345876966738021,0.1191167395468157,1.3691021850897789,0.0011864256617566404
21,0.4176833780922984,1.0,0.953357473825283,0.14898883247075656,1.3472322317785899,0.002000916388721352
21,0.4272904440022309,1.0,0.9229760402220302,0.26706981404070396,1.3241191797541272,0.007177699847170649
21,0.4455973312611914,1.0,0.9855156939449143,0.30540128023930735,1.2854752149140498,0.022638859642744036
21,0.4306080633062167,1.0,0.9658703168811915,0.28967948768061624,1.3067951058881644,0.009288900323405125
21,0.4666160271405306,1.0,1.0,0.36689801169724845,1.2676074593115272,0.06165550512390361
21,0.4187680510818359,1.0,1.0,0.049835347417292924,1.3506114446662276,0.006868749410732011
21,0.40634456534370045,1.0,0.9839063266054604,0.0,1.3848259767681368,0.0034790858244662104
21,0.4156729057754789,1.0,1.0,0.024222093347337825,1.3602405873768406,0.006492239050436277
21,0.4176833780922984,1.0,0.9839063266054604,0.11377007562694214,1.3472322317785899,0.008710725550879372
21,0.44336130411495867,1.0,0.9692832851930724,0.2974013400822795,1.2941160388950996,0.02491075530492748
21,0.44657353695177515,1.0,1.0,0.24786002485062306,1.2924117323213005,0.03233592583205214
21,0.4544075752804583,1.0,0.9493416267323834,0.34921814586574124,1.289646279663175,0.05129432348004581
21,0.4247805987058022,1.0,0.9464519007263075,0.2696101072136482,1.3247227189308328,0.012953379246026575
21,0.43007572017562207,1.0,0.9945841102527152,0.2492141065270914,1.3084126429019085,0.013863718659887114
21,0.4644486220538688,1.0,0.9306784361998272,0.36689801169724845,1.2924185538722628,0.08083888055697841
21,0.4578323761751461,1.0,0.9153436708405382,0.36689801169724845,1.2984146767586395,0.06932617396786833
21,0.4475497426423589,1.0,1.0,0.1586218883025058,1.3155012331714238,0.058173932720522625
21,0.45907634292331245,1.0,0.9493416267323834,0.14794400751278453,1.3480362178718517,0.12227819648850557
21,0.48107980124198557,1.0,1.0,0.36689801169724845,1.2676074593115272,0.09791272598682466
21,0.41101132972433146,1.0,0.9839063266054604,0.11377007562694214,1.3691021850897789,0.03058067886206839
21,0.4689827557703448,1.0,1.0,0.36689801169724845,1.2676074593115272,0.06774136004064202
21,0.3748052552770642,1.0,0.9201033906187165,0.0,1.5013570422698865,0.07067592535233014
21,0.4838272052996878,1.0,1.0,0.36689801169724845,1.2676074593115272,0.10455481641656084
21,0.3996580408537985,1.0,0.9175095026186393,0.1288389042219525,1.407994965849307,0.0323752548475873
21,0.45076766673001756,1.0,0.9692832851930724,0.36689801169724845,1.2781635051155051,0.029811967781259163
21,0.40620546136443064,1.0,0.9808346551247676,0.10682040846544523,1.3853002067374813,0.04257160704656093
21,0.4359337065807935,1.0,0.9835558735109964,0.3598128538643496,1.2908304662058032,0.016218453934085053
21,0.4631985242045752,1.0,0.9493416267323834,0.34921814586574124,1.289646279663175,0.07479674890784294
21,0.40347401169291985,1.0,0.8936032451827536,0.22741422251448734,1.3946784508761363,0.04109228691664368
21,0.43603626700727677,1.0,0.9345876966738021,0.2973389492368128,1.3095533260027388,0.019026477025237964
21,0.4660573921450665,1.0,1.0,0.24786002485062306,1.2924117323213005,0.08501427598229738
21,0.4351576818857514,1.0,0.9215518212242251,0.34912607908662874,1.3008141520294638,0.007681724124982692
21,0.46665678125605137,1.0,1.0,0.33020821052752364,1.2746295428487673,0.06878290697456424
21,0.38142500683816866,1.0,0.9945841102527152,0.0,1.4753005162946469,0.1015916997868136
22,0.45312902514175524,1.0,1.0,0.36689801169724845,1.2676074593115272,0.02576136575471799
22,0.4373260249523535,1.0,1.0,0.2696101072136482,1.287418856960608,0.0006980180488902477
22,0.44336130411495867,1.0,1.0,0.36689801169724845,1.2692052835901722,0.001597824278644966
22,0.45907634292331245,1.0,1.0,0.36689801169724845,1.2676074593115272,0.04184943792818108
22,0.38611545190580976,1.0,0.8877990388111537,0.0,1.4583637737307256,0.0009848815976234437
22,0.41101132972433146,1.0,0.9345876966738021,0.1191167395468157,1.3691021850897789,0.0011864256617566404
22,0.4176833780922984,1.0,0.953357473825283,0.14898883247075656,1.3472322317785899,0.002000916388721352
22,0.4272904440022309,1.0,0.9229760402220302,0.26706981404070396,1.3241191797541272,0.007177699847170649
22,0.4455973312611914,1.0,0.9855156939449143,0.30540128023930735,1.2854752149140498,0.022638859642744036
22,0.45076766673001756,1.0,0.9692832851930724,0.36689801169724845,1.2781635051155051,0.029811967781259163
22,0.4359337065807935,1.0,0.9835558735109964,0.3598128538643496,1.2908304662058032,0.016218453934085053
22,0.4351576818857514,1.0,0.9215518212242251,0.34912607908662874,1.3008141520294638,0.007681724124982692
22,0.4666160271405306,1.0,1.0,0.36689801169724845,1.2676074593115272,0.06165550512390361
22,0.40634456534370045,1.0,0.9839063266054604,0.0,1.3848259767681368,0.0034790858244662104
22,0.4306080633062167,1.0,0.9658703168811915,0.28967948768061624,1.3067951058881644,0.009288900323405125
22,0.4544075752804583,1.0,0.9493416267323834,0.34921814586574124,1.289646279663175,0.05129432348004581
22,0.44336130411495867,1.0,0.9692832851930724,0.2974013400822795,1.2941160388950996,0.02491075530492748
22,0.44657353695177515,1.0,1.0,0.24786002485062306,1.2924117323213005,0.03233592583205214
22,0.4176833780922984,1.0,0.9839063266054604,0.11377007562694214,1.3472322317785899,0.008710725550879372
22,0.4156729057754789,1.0,1.0,0.024222093347337825,1.3602405873768406,0.006492239050436277
22,0.48309222567359505,1.0,1.0,0.36689801169724845,1.2676074593115272,0.10278534063242928
22,0.4373260249523535,1.0,1.0,0.18669162964176222,1.3077517538146068,0.02103091490288911
22,0.44336130411495867,1.0,0.9379633375701415,0.36689801169724845,1.2896387421267912,0.020433458536619042
22,0.4060511613997719,1.0,0.969589882577125,0.0,1.391851777592457,0.006025154992309156
22,0.42921776918744026,1.0,0.9692832851930724,0.2974013400822795,1.3110279910955238,0.016911952200424185
22,0.43591809881708155,1.0,0.9385577599851798,0.1191167395468157,1.3652866707869369,0.07440998723682712
22,0.4763493967257224,1.0,0.953357473825283,0.36689801169724845,1.2839043034680928,0.10259387528666175
22,0.3716335216320699,1.0,0.9229760402220302,0.26706981404070396,1.514170484422227,0.19005130466809983
22,0.4063843175577944,1.0,0.9185157536180814,0.06949667161496899,1.399534884102395,0.01484436998918226
22,0.44470928495864004,1.0,1.0,0.28560484656320595,1.2838882646890175,0.018530133526280412
22,0.4791301681152843,1.0,1.0,0.36689801169724845,1.2676074593115272,0.09315311002603299
22,0.4421213074110783,1.0,1.0,0.22892824712486282,1.2969471734441937,0.024182209878732763
22,0.4381030449462947,1.0,1.0,0.24084859623311833,1.294070334876443,0.009631625312389591
22,0.48956995842712026,1.0,1.0,0.36689801169724845,1.2676074593115272,0.11819765555270667
22,0.3831524370202834,1.0,0.892598536050266,0.0,1.4686491723734008,0.01452497971439115
22,0.3735453711103509,1.0,0.9229799696535188,0.0,1.506420780459047,0.07811073936726753
22,0.44787665717688274,1.0,0.9692832851930724,0.36689801169724845,1.2781635051155051,0.0217539541424272
22,0.4513196000566177,1.0,1.0,0.28630482764560455,1.2837363922408878,0.03691150434786761
22,0.40288630829222427,1.0,0.8483607616624218,0.0190099353382176,1.4839948242358107,0.08728191041181033
22,0.42199893639839653,1.0,0.980180232614657,0.1350286187951722,1.3338219260541215,0.00036712055043808256
23,0.45312902514175524,1.0,1.0,0.36689801169724845,1.2676074593115272,0.02576136575471799
23,0.4373260249523535,1.0,1.0,0.2696101072136482,1.287418856960608,0.0006980180488902477
23,0.44336130411495867,1.0,1.0,0.36689801169724845,1.2692052835901722,0.001597824278644966
23,0.42199893639839653,1.0,0.980180232614657,0.1350286187951722,1.3338219260541215,0.00036712055043808256
23,0.45907634292331245,1.0,1.0,0.36689801169724845,1.2676074593115272,0.04184943792818108
23,0.4272904440022309,1.0,0.9229760402220302,0.26706981404070396,1.3241191797541272,0.007177699847170649
23,0.4359337065807935,1.0,0.9835558735109964,0.3598128538643496,1.2908304662058032,0.016218453934085053
23,0.4351576818857514,1.0,0.9215518212242251,0.34912607908662874,1.3008141520294638,0.007681724124982692
23,0.44470928495864004,1.0,1.0,0.28560484656320595,1.2838882646890175,0.018530133526280412
23,0.4381030449462947,1.0,1.0,0.24084859623311833,1.294070334876443,0.009631625312389591
23,0.44787665717688274,1.0,0.9692832851930724,0.36689801169724845,1.2781635051155051,0.0217539541424272
23,0.38611545190580976,1.0,0.8877990388111537,0.0,1.4583637737307256,0.0009848815976234437
23,0.41101132972433146,1.0,0.9345876966738021,0.1191167395468157,1.3691021850897789,0.0011864256617566404
23,0.4176833780922984,1.0,0.953357473825283,0.14898883247075656,1.3472322317785899,0.002000916388721352
23,0.4666160271405306,1.0,1.0,0.36689801169724845,1.2676074593115272,0.06165550512390361
23,0.40634456534370045,1.0,0.9839063266054604,0.0,1.3848259767681368,0.0034790858244662104
23,0.45076766673001756,1.0,0.9692832851930724,0.36689801169724845,1.2781635051155051,0.029811967781259163
23,0.4306080633062167,1.0,0.9658703168811915,0.28967948768061624,1.3067951058881644,0.009288900323405125
23,0.4176833780922984,1.0,0.9839063266054604,0.11377007562694214,1.3472322317785899,0.008710725550879372
23,0.44336130411495867,1.0,0.9379633375701415,0.36689801169724845,1.2896387421267912,0.020433458536619042
23,0.4291549728057522,1.0,0.9376593681544949,0.1886134111617847,1.3412381512902616,0.030018323168121475
23,0.49239140781744484,1.0,0.958651309868213,0.36689801169724845,1.2819748635248123,0.13915128676340638
23,0.4808080598685904,1.0,0.9882677120953807,0.36689801169724845,1.2715619023968128,0.10120608520277452
23,0.40084937659838205,1.0,0.9855156939449143,0.013033453769842634,1.4038103647877818,0.029081486568093506
23,0.39654755562287647,1.0,0.8652661328736293,0.029271361655925657,1.4627379433890537,0.04369878505049152
23,0.41717379422328,1.0,1.0,0.24084859623311833,1.3488778955786582,0.05480756070221515
23,0.4507141284898103,1.0,1.0,0.28079284903531976,1.2849382331316206,0.036438409910387826
23,0.4062788964725339,1.0,0.9345876966738021,0.0056722656290985884,1.4161822185000927,0.031132405448008438
23,0.3783365155851034,1.0,0.8332771888510841,0.0,1.509953646726062,0.02260974434395613
23,0.4381030449462947,1.0,0.9374603462771158,0.36689801169724845,1.2898292877254263,0.005390578161372783
23,0.4574126007356754,1.0,0.9692832851930724,0.36689801169724845,1.2781635051155051,0.047947046591880094
23,0.4027549118734973,1.0,0.9523298438436532,0.1368097089289601,1.3971685831876757,0.04711284990525444
23,0.40620196260178354,1.0,0.9580217264427547,0.04473033492927561,1.385312138823125,0.004114950370687431
23,0.4683159708811019,1.0,0.9871210758398811,0.36689801169724845,1.2719534259222085,0.07037896598855298
23,0.4666160271405306,1.0,0.9723549566737651,0.36689801169724845,1.2770778886200858,0.07112593443246218
23,0.38541613391126267,1.0,0.8877990388111537,0.025885359882476883,1.460023232086271,0.015230373988378787
23,0.4680884521402859,1.0,1.0,0.36689801169724845,1.2676074593115272,0.06544896294995572
23,0.3776416638519071,1.0,0.9167499060269935,0.0,1.4900805799911148,0.05661650381113392
23,0.4176833780922984,1.0,1.0,0.36689801169724845,1.3472322317785899,0.07962477246706268
23,0.416344538936755,1.0,0.9379633375701415,0.28967948768061624,1.3515645265260827,0.041418777867233025
24,0.45312902514175524,1.0,1.0,0.36689801169724845,1.2676074593115272,0.02576136575471799
24,0.4373260249523535,1.0,1.0,0.2696101072136482,1.287418856960608,0.0006980180488902477
24,0.44336130411495867,1.0,1.0,0.36689801169724845,1.2692052835901722,0.001597824278644966
24,0.42199893639839653,1.0,0.980180232614657,0.1350286187951722,1.3338219260541215,0.00036712055043808256
24,0.45907634292331245,1.0,1.0,0.36689801169724845,1.2676074593115272,0.04184943792818108
24,0.44470928495864004,1.0,1.0,0.28560484656320595,1.2838882646890175,0.018530133526280412
24,0.44787665717688274,1.0,0.9692832851930724,0.36689801169724845,1.2781635051155051,0.0217539541424272
24,0.4381030449462947,1.0,0.9374603462771158,0.36689801169724845,1.2898292877254263,0.005390578161372783
24,0.38611545190580976,1.0,0.8877990388111537,0.0,1.4583637737307256,0.0009848815976234437
24,0.41101132972433146,1.0,0.9345876966738021,0.1191167395468157,1.3691021850897789,0.0011864256617566404
24,0.4176833780922984,1.0,0.953357473825283,0.14898883247075656,1.3472322317785899,0.002000916388721352
24,0.4666160271405306,1.0,1.0,0.36689801169724845,1.2676074593115272,0.06165550512390361
24,0.44336130411495867,1.0,0.9379633375701415,0.36689801169724845,1.2896387421267912,0.020433458536619042
24,0.45076766673001756,1.0,0.9692832851930724,0.36689801169724845,1.2781635051155051,0.029811967781259163
24,0.4272904440022309,1.0,0.9229760402220302,0.26706981404070396,1.3241191797541272,0.007177699847170649
24,0.4359337065807935,1.0,0.9835558735109964,0.3598128538643496,1.2908304662058032,0.016218453934085053
24,0.4351576818857514,1.0,0.9215518212242251,0.34912607908662874,1.3008141520294638,0.007681724124982692
24,0.4381030449462947,1.0,1.0,0.24084859623311833,1.294070334876443,0.009631625312389591
24,0.40634456534370045,1.0,0.9839063266054604,0.0,1.3848259767681368,0.0034790858244662104
24,0.4680884521402859,1.0,1.0,0.36689801169724845,1.2676074593115272,0.06544896294995572
24,0.4599710931348727,1.0,1.0,0.3525027462826465,1.2703023872881016,0.04692874888651066
24,0.4355823677942523,1.0,0.8834414876100719,0.2834292758559674,1.3393227260898386,0.04745108181504576
24,0.4029808848730928,1.0,0.9154440821373886,0.0,1.4345532569197958,0.03816814110427469
24,0.4339561703557839,1.0,0.8953309968957953,0.26706981404070396,1.3386022652507843,0.041889490701968235
24,0.4549677546725855,1.0,0.92489651825458,0.36689801169724845,1.2946560193958534,0.05782878499224631
24,0.44886232119537994,1.0,0.9821622093531913,0.15821555808537982,1.32545672779327,0.07180614683316477
24,0.44960307722278336,1.0,0.9692832851930724,0.22300314493538947,1.3135205395801732,0.061935445421837265
24,0.42821419893963614,1.0,0.9589667176532306,0.22652790490959748,1.3177947454651582,0.0036942063642499967
24,0.396613224494043,1.0,0.9708704511558833,0.0,1.4188042022310015,0.027904675824092173
24,0.4405102678891529,1.0,0.9215518212242251,0.34912607908662874,1.3008141520294638,0.023394416933712137
24,0.4349228230476536,1.0,0.913503440985124,0.36689801169724845,1.299147762758855,0.005317041817697321
24,0.4680884521402859,1.0,0.9441670038131273,0.36689801169724845,1.287305332600194,0.08514683623862251
24,0.44336130411495867,1.0,0.9692832851930724,0.36689801169724845,1.2781635051155051,0.008958221525332988
24,0.40304022796939737,1.0,0.883102133963214,0.04306644321933384,1.4400597517150766,0.04388023774882499
24,0.45962983988009964,1.0,1.0,0.26706981404070396,1.287990400991353,0.06370846595891488
24,0.4392302978579435,1.0,0.996626575436,0.2606251282842958,1.2909412165219896,0.009798926351031634
24,0.46526136442312593,1.0,0.9308353874892853,0.36689801169724845,1.2923582049421385,0.08289498101941994
24,0.4657675941516282,1.0,1.0,0.24084859623311833,1.294070334876443,0.08592164259107582
24,0.4293821964046831,1.0,0.9949505973259818,0.15102335814472995,1.3204690101103314,0.009943062848031925
24,0.45305289836646123,1.0,0.9713749126590479,0.36689801169724845,1.2774235183480516,0.03536875657910632
25,0.45312902514175524,1.0,1.0,0.36689801169724845,1.2676074593115272,0.02576136575471799
25,0.4373260249523535,1.0,1.0,0.2696101072136482,1.287418856960608,0.0006980180488902477
25,0.44336130411495867,1.0,1.0,0.36689801169724845,1.2692052835901722,0.001597824278644966
25,0.42199893639839653,1.0,0.980180232614657,0.1350286187951722,1.3338219260541215,0.00036712055043808256
25,0.45907634292331245,1.0,1.0,0.36689801169724845,1.2676074593115272,0.04184943792818108
25,0.4381030449462947,1.0,0.9374603462771158,0.36689801169724845,1.2898292877254263,0.005390578161372783
25,0.42821419893963614,1.0,0.9589667176532306,0.22652790490959748,1.3177947454651582,0.0036942063642499967
25,0.4349228230476536,1.0,0.913503440985124,0.36689801169724845,1.299147762758855,0.005317041817697321
25,0.44336130411495867,1.0,0.9692832851930724,0.36689801169724845,1.2781635051155051,0.008958221525332988
25,0.45305289836646123,1.0,0.9713749126590479,0.36689801169724845,1.2774235183480516,0.03536875657910632
25,0.38611545190580976,1.0,0.8877990388111537,0.0,1.4583637737307256,0.0009848815976234437
25,0.41101132972433146,1.0,0.9345876966738021,0.1191167395468157,1.3691021850897789,0.0011864256617566404
25,0.4176833780922984,1.0,0.953357473825283,0.14898883247075656,1.3472322317785899,0.002000916388721352
25,0.4666160271405306,1.0,1.0,0.36689801169724845,1.2676074593115272,0.06165550512390361
25,0.40634456534370045,1.0,0.9839063266054604,0.0,1.3848259767681368,0.0034790858244662104
25,0.4272904440022309,1.0,0.9229760402220302,0.26706981404070396,1.3241191797541272,0.007177699847170649
25,0.4599710931348727,1.0,1.0,0.3525027462826465,1.2703023872881016,0.04692874888651066
25,0.44787665717688274,1.0,0.9692832851930724,0.36689801169724845,1.2781635051155051,0.0217539541424272
25,0.4351576818857514,1.0,0.9215518212242251,0.34912607908662874,1.3008141520294638,0.007681724124982692
25,0.4359337065807935,1.0,0.9835558735109964,0.3598128538643496,1.2908304662058032,0.016218453934085053
25,0.42178597715936783,1.0,0.8853760217705844,0.36689801169724845,1.3341280652500092,0.023396019282376335
25,0.46786729184742937,1.0,1.0,0.36689801169724845,1.2676074593115272,0.06488070410993885
25,0.4847967748568703,1.0,0.9366374029416973,0.36689801169724845,1.29014148043242,0.12941488525911704
25,0.4404933971705962,1.0,0.898679924294875,0.3509032723476907,1.3099648265106023,0.03249616675691258
25,0.3932622378828664,1.0,0.9411289270064219,0.05956270115140047,1.430893829496164,0.043729092910818945
25,0.39280512763022984,1.0,0.8480911376589262,0.1191167395468157,1.4325589712986093,0.001252576202745992
25,0.45884636894334346,1.0,0.9810241698801897,0.36689801169724845,1.274050610177639,0.047678238394852634
25,0.48124719762764073,1.0,1.0,0.36689801169724845,1.2676074593115272,0.09831959104751853
25,0.42949107180130897,1.0,0.913503440985124,0.2793388976620082,1.3250885113722033,0.014894780636235838
25,0.4334460141604147,1.0,1.0,0.15102335814472995,1.3176829379925303,0.019443961719825875
25,0.38611545190580976,1.0,0.8877990388111537,0.36689801169724845,1.4573788921331021,0.14767365894691498
25,0.4237211397895141,1.0,0.9124405248239871,0.27532192857964244,1.32803501364798,0.0011374510033075325
25,0.43916121617239073,1.0,1.0,0.2596929461051143,1.289667331780497,0.008323513183582598
25,0.44622350382373566,1.0,0.990844499955865,0.36689801169724845,1.2706853542411711,0.00962110077110645
25,0.46184914937399046,1.0,1.0,0.36689801169724845,1.2676074593115272,0.049208528544478325
25,0.44812822219625337,1.0,1.0,0.1598150320203356,1.315161983845502,0.05945774147979899
25,0.4239379214148967,1.0,0.9125038396654698,0.14389486676185897,1.3730860750174736,0.04573015510846301
25,0.42693600847531304,1.0,0.972821440282858,0.36689801169724845,1.3180347839080044,0.04112116430051027
25,0.5032296050139556,1.0,1.0,0.36689801169724845,1.2676074593115272,0.1493971945209165
25,0.48749931109690614,1.0,0.9996607893648366,0.36689801169724845,1.267720489389332,0.11342858163073788
26,0.45312902514175524,1.0,1.0,0.36689801169724845,1.2676074593115272,0.02576136575471799
26,0.4373260249523535,1.0,1.0,0.2696101072136482,1.287418856960608,0.0006980180488902477
26,0.44336130411495867,1.0,1.0,0.36689801169724845,1.2692052835901722,0.001597824278644966
26,0.42199893639839653,1.0,0.980180232614657,0.1350286187951722,1.3338219260541215,0.00036712055043808256
26,0.45907634292331245,1.0,1.0,0.36689801169724845,1.2676074593115272,0.04184943792818108
26,0.4237211397895141,1.0,0.9124405248239871,0.27532192857964244,1.32803501364798,0.0011374510033075325
26,0.4381030449462947,1.0,0.9374603462771158,0.36689801169724845,1.2898292877254263,0.005390578161372783
26,0.42821419893963614,1.0,0.9589667176532306,0.22652790490959748,1.3177947454651582,0.0036942063642499967
26,0.4349228230476536,1.0,0.913503440985124,0.36689801169724845,1.299147762758855,0.005317041817697321
26,0.44336130411495867,1.0,0.9692832851930724,0.36689801169724845,1.2781635051155051,0.008958221525332988
26,0.43916121617239073,1.0,1.0,0.2596929461051143,1.289667331780497,0.008323513183582598
26,0.44622350382373566,1.0,0.990844499955865,0.36689801169724845,1.2706853542411711,0.00962110077110645
26,0.38611545190580976,1.0,0.8877990388111537,0.0,1.4583637737307256,0.0009848815976234437
26,0.46184914937399046,1.0,1.0,0.36689801169724845,1.2676074593115272,0.049208528544478325
26,0.41101132972433146,1.0,0.9345876966738021,0.1191167395468157,1.3691021850897789,0.0011864256617566404
26,0.45305289836646123,1.0,0.9713749126590479,0.36689801169724845,1.2774235183480516,0.03536875657910632
26,0.4272904440022309,1.0,0.9229760402220302,0.26706981404070396,1.3241191797541272,0.007177699847170649
26,0.4176833780922984,1.0,0.953357473825283,0.14898883247075656,1.3472322317785899,0.002000916388721352
26,0.44787665717688274,1.0,0.9692832851930724,0.36689801169724845,1.2781635051155051,0.0217539541424272
26,0.4351576818857514,1.0,0.9215518212242251,0.34912607908662874,1.3008141520294638,0.007681724124982692
26,0.42178597715936783,1.0,0.8853760217705844,0.36689801169724845,1.3341280652500092,0.023396019282376335
26,0.39234848028904507,1.0,0.8944864008317049,0.022470246568287833,1.4408419954645686,0.006615694543107953
26,0.4271870951845552,1.0,0.898679924294875,0.3509032723476907,1.3172600858435872,0.007295259332984916
26,0.46555280506978286,1.0,1.0,0.36689801169724845,1.2676074593115272,0.05890137129152917
26,0.44593728385285797,1.0,0.9610433351533508,0.36689801169724845,1.2811100163939433,0.01923636261992745
26,0.4454439482655222,1.0,0.9907150892141424,0.24056491558836257,1.2984437513097027,0.03517255429561228
26,0.43306841622834513,1.0,0.9917998332397858,0.36689801169724845,1.299370927560933,0.02900939252241841
26,0.4970556591694147,1.0,1.0,0.36689801169724845,1.2676074593115272,0.13550786547620963
26,0.4266642158876303,1.0,1.0,0.10026392610357426,1.3332508078412886,0.014376412664292904
26,0.42953892158151813,1.0,0.9762642171477401,0.20896211743770576,1.3138709397399388,0.003823161975288647
26,0.4606089362059472,1.0,0.9472417645026479,0.36689801169724845,1.2861601390665351,0.06448060673966127
26,0.4706400982981074,1.0,1.0,0.36689801169724845,1.2676074593115272,0.0719666462347166
26,0.46202019210440115,1.0,0.9692832851930724,0.36689801169724845,1.2781635051155051,0.06021563316137857
26,0.41685199864863365,1.0,0.9209658641372026,0.1854765506887524,1.352232066967616,0.002312883502846308
26,0.44372969939945583,1.0,0.9230980880970875,0.36689801169724845,1.2953576843808727,0.027206126157996335
26,0.4292419527621728,1.0,0.9935794011202276,0.19550543935502146,1.3109541275248238,0.0022790017324116896
26,0.4353931172180926,1.0,0.9411289270064219,0.2314539807970992,1.3256408090105987,0.03320763208227184
26,0.4354528772488551,1.0,0.9488415156678233,0.28447953689140304,1.3065364041708496,0.01428059625365985
26,0.44795216509650765,1.0,1.0,0.2596929461051143,1.289667331780497,0.03346956429362802
26,0.3858047579641195,1.0,0.9266641782562732,0.0,1.4585525396374739,0.03325777822060472
27,0.45312902514175524,1.0,1.0,0.36689801169724845,1.2676074593115272,0.02576136575471799
27,0.4373260249523535,1.0,1.0,0.2696101072136482,1.287418856960608,0.0006980180488902477
27,0.44336130411495867,1.0,1.0,0.36689801169724845,1.2692052835901722,0.001597824278644966
27,0.42199893639839653,1.0,0.980180232614657,0.1350286187951722,1.3338219260541215,0.00036712055043808256
27,0.45907634292331245,1.0,1.0,0.36689801169724845,1.2676074593115272,0.04184943792818108
27,0.4237211397895141,1.0,0.9124405248239871,0.27532192857964244,1.32803501364798,0.0011374510033075325
27,0.4381030449462947,1.0,0.9374603462771158,0.36689801169724845,1.2898292877254263,0.005390578161372783
27,0.4349228230476536,1.0,0.913503440985124,0.36689801169724845,1.299147762758855,0.005317041817697321
27,0.44336130411495867,1.0,0.9692832851930724,0.36689801169724845,1.2781635051155051,0.008958221525332988
27,0.43916121617239073,1.0,1.0,0.2596929461051143,1.289667331780497,0.008323513183582598
27,0.44622350382373566,1.0,0.990844499955865,0.36689801169724845,1.2706853542411711,0.00962110077110645
27,0.4292419527621728,1.0,0.9935794011202276,0.19550543935502146,1.3109541275248238,0.0022790017324116896
27,0.38611545190580976,1.0,0.8877990388111537,0.0,1.4583637737307256,0.0009848815976234437
27,0.46184914937399046,1.0,1.0,0.36689801169724845,1.2676074593115272,0.049208528544478325
27,0.41101132972433146,1.0,0.9345876966738021,0.1191167395468157,1.3691021850897789,0.0011864256617566404
27,0.45305289836646123,1.0,0.9713749126590479,0.36689801169724845,1.2774235183480516,0.03536875657910632
27,0.4351576818857514,1.0,0.9215518212242251,0.34912607908662874,1.3008141520294638,0.007681724124982692
27,0.4176833780922984,1.0,0.953357473825283,0.14898883247075656,1.3472322317785899,0.002000916388721352
27,0.44593728385285797,1.0,0.9610433351533508,0.36689801169724845,1.2811100163939433,0.01923636261992745
27,0.44787665717688274,1.0,0.9692832851930724,0.36689801169724845,1.2781635051155051,0.0217539541424272
27,0.40531171052653836,1.0,0.8703940475890862,0.1331743602026456,1.4073586310317996,0.019003705702938634
27,0.4538315046451431,1.0,1.0,0.33114688009901494,1.2744434766634147,0.03451961947899185
27,0.4692347199743941,1.0,1.0,0.36689801169724845,1.2676074593115272,0.06838565018618081
27,0.4235823577967595,1.0,0.9345876966738021,0.21560129857973645,1.3341543339560393,0.005684204581886343
27,0.45907634292331245,1.0,1.0,0.36689801169724845,1.2676074593115272,0.04184943792818108
27,0.4440965780285716,1.0,0.9692832851930724,0.2704134526643277,1.300852390719712,0.03374848232609029
27,0.45501445274785257,1.0,1.0,0.36689801169724845,1.2676074593115272,0.030907160329001204
27,0.4147901451080618,1.0,0.9670344253242712,0.14389486676185897,1.3566294095249316,0.01790865747003778
27,0.42553148990131007,1.0,0.953357473825283,0.14898883247075656,1.3452313153898685,0.022846196959594556
27,0.47818133492673653,1.0,0.9723745139787021,0.36689801169724845,1.277070998483493,0.100286233555831
27,0.4043227885054964,1.0,0.9290217482824803,0.052610143989326785,1.3990637975554925,0.0073131329947200285
27,0.4099916382425343,1.0,0.9514454945462637,0.19550543935502146,1.3725072833947716,0.04134670042537869
27,0.4660121673174164,1.0,1.0,0.36689801169724845,1.2676074593115272,0.06009282933290594
27,0.5081203589914691,1.0,1.0,0.36689801169724845,1.2676074593115272,0.1601601785121758
27,0.4928782192952781,1.0,1.0,0.36689801169724845,1.2676074593115272,0.1259126393330292
27,0.44716556683800235,1.0,0.9935794011202276,0.2919899983879422,1.2851475270260566,0.026740012082510978
27,0.39686779479681306,1.0,0.9345876966738021,0.1191167395468157,1.4178941122232995,0.04997835279527729
27,0.47699163412844725,1.0,1.0,0.36689801169724845,1.2676074593115272,0.08788758678208919
27,0.4205068987264078,1.0,0.9069426533475673,0.20667585358205592,1.3531347764571962,0.01494862218135129
27,0.42326294395712416,1.0,0.9917600499602784,0.2696101072136482,1.3294726545182032,0.03847794147508754
28,0.45312902514175524,1.0,1.0,0.36689801169724845,1.2676074593115272,0.02576136575471799
28,0.4373260249523535,1.0,1.0,0.2696101072136482,1.287418856960608,0.0006980180488902477
28,0.44336130411495867,1.0,1.0,0.36689801169724845,1.2692052835901722,0.001597824278644966
28,0.42199893639839653,1.0,0.980180232614657,0.1350286187951722,1.3338219260541215,0.00036712055043808256
28,0.45501445274785257,1.0,1.0,0.36689801169724845,1.2676074593115272,0.030907160329001204
28,0.4237211397895141,1.0,0.9124405248239871,0.27532192857964244,1.32803501364798,0.0011374510033075325
28,0.4381030449462947,1.0,0.9374603462771158,0.36689801169724845,1.2898292877254263,0.005390578161372783
28,0.4349228230476536,1.0,0.913503440985124,0.36689801169724845,1.299147762758855,0.005317041817697321
28,0.44336130411495867,1.0,0.9692832851930724,0.36689801169724845,1.2781635051155051,0.008958221525332988
28,0.43916121617239073,1.0,1.0,0.2596929461051143,1.289667331780497,0.008323513183582598
28,0.44622350382373566,1.0,0.990844499955865,0.36689801169724845,1.2706853542411711,0.00962110077110645
28,0.4292419527621728,1.0,0.9935794011202276,0.19550543935502146,1.3109541275248238,0.0022790017324116896
28,0.38611545190580976,1.0,0.8877990388111537,0.0,1.4583637737307256,0.0009848815976234437
28,0.45907634292331245,1.0,1.0,0.36689801169724845,1.2676074593115272,0.04184943792818108
28,0.45907634292331245,1.0,1.0,0.36689801169724845,1.2676074593115272,0.04184943792818108
28,0.41101132972433146,1.0,0.9345876966738021,0.1191167395468157,1.3691021850897789,0.0011864256617566404
28,0.4351576818857514,1.0,0.9215518212242251,0.34912607908662874,1.3008141520294638,0.007681724124982692
28,0.4538315046451431,1.0,1.0,0.33114688009901494,1.2744434766634147,0.03451961947899185
28,0.4235823577967595,1.0,0.9345876966738021,0.21560129857973645,1.3341543339560393,0.005684204581886343
28,0.44593728385285797,1.0,0.9610433351533508,0.36689801169724845,1.2811100163939433,0.01923636261992745
28,0.43281344040713665,1.0,0.9441855372808893,0.32779919315868433,1.3001364032546456,0.0030255112952193297
28,0.43733830485495245,1.0,0.9488415156678233,0.28447953689140304,1.3065364041708496,0.01985169474141668
28,0.4901501378513951,1.0,1.0,0.36689801169724845,1.2676074593115272,0.11955818545026697
28,0.4185152623135964,1.0,0.8604109069833411,0.29814818186986325,1.3463940427042527,0.0018397090438038166
28,0.4254376900391291,1.0,0.9692832851930724,0.2704134526643277,1.3226766759120663,0.021824285192354242
28,0.44702766672274946,1.0,1.0,0.28560484656320595,1.2838882646890175,0.025092553323022626
28,0.4133783103386383,1.0,0.9307266487002996,0.15821555808537982,1.3612627841289047,0.005321165933211747
28,0.4461326282822099,1.0,0.9774821606921841,0.28447953689140304,1.2937050441272777,0.03238391660359974
28,0.44198863370652375,1.0,1.0,0.13845916583670403,1.3213723818849554,0.04822536677001166
28,0.45222914218404575,1.0,0.9917600499602784,0.36689801169724845,1.2703750075066216,0.02605778586677543
28,0.445247934723319,1.0,0.9830438857221845,0.2913166679292002,1.2897045349802936,0.025877202289374734
28,0.41358730946223077,1.0,0.9263477466340806,0.1191167395468157,1.373444412393912,0.012869518637040223
28,0.42802153001396914,1.0,0.9365037217320926,0.28447953689140304,1.3146920662105077,0.0023863139631290498
28,0.42267842640109815,1.0,1.0,0.36689801169724845,1.331311168282912,0.06370370897138478
28,0.47651281788947675,1.0,1.0,0.36689801169724845,1.2676074593115272,0.0867021642498691
28,0.4183685537861126,1.0,0.9124405248239871,0.27532192857964244,1.3450258260423613,0.018128263397688915
28,0.4351576818857514,1.0,1.0,0.36689801169724845,1.2931324279044811,0.025524968592953945
28,0.4516930829170259,1.0,0.9570416824280374,0.3509032723476907,1.2862762889371107,0.040482339400552014
28,0.38001699099338926,1.0,0.9345876966738021,0.0,1.480766710034716,0.06187627824001751
28,0.39407000528245256,1.0,0.8990191349300384,0.06886581960813498,1.4279607735180149,0.013248581323332731
29,0.45312902514175524,1.0,1.0,0.36689801169724845,1.2676074593115272,0.02576136575471799
29,0.4373260249523535,1.0,1.0,0.2696101072136482,1.287418856960608,0.0006980180488902477
29,0.44336130411495867,1.0,1.0,0.36689801169724845,1.2692052835901722,0.001597824278644966
29,0.42199893639839653,1.0,0.980180232614657,0.1350286187951722,1.3338219260541215,0.00036712055043808256
29,0.45501445274785257,1.0,1.0,0.36689801169724845,1.2676074593115272,0.030907160329001204
29,0.4237211397895141,1.0,0.9124405248239871,0.27532192857964244,1.32803501364798,0.0011374510033075325
29,0.4381030449462947,1.0,0.9374603462771158,0.36689801169724845,1.2898292877254263,0.005390578161372783
29,0.4349228230476536,1.0,0.913503440985124,0.36689801169724845,1.299147762758855,0.005317041817697321
29,0.44336130411495867,1.0,0.9692832851930724,0.36689801169724845,1.2781635051155051,0.008958221525332988
29,0.43916121617239073,1.0,1.0,0.2596929461051143,1.289667331780497,0.008323513183582598
29,0.44622350382373566,1.0,0.990844499955865,0.36689801169724845,1.2706853542411711,0.00962110077110645
29,0.4292419527621728,1.0,0.9935794011202276,0.19550543935502146,1.3109541275248238,0.0022790017324116896
29,0.43281344040713665,1.0,0.9441855372808893,0.32779919315868433,1.3001364032546456,0.0030255112952193297
29,0.45222914218404575,1.0,0.9917600499602784,0.36689801169724845,1.2703750075066216,0.02605778586677543
29,0.38611545190580976,1.0,0.8877990388111537,0.0,1.4583637737307256,0.0009848815976234437
29,0.45907634292331245,1.0,1.0,0.36689801169724845,1.2676074593115272,0.04184943792818108
29,0.45907634292331245,1.0,1.0,0.36689801169724845,1.2676074593115272,0.04184943792818108
29,0.41101132972433146,1.0,0.9345876966738021,0.1191167395468157,1.3691021850897789,0.0011864256617566404
29,0.44593728385285797,1.0,0.9610433351533508,0.36689801169724845,1.2811100163939433,0.01923636261992745
29,0.4351576818857514,1.0,0.9215518212242251,0.34912607908662874,1.3008141520294638,0.007681724124982692
29,0.42365060849643005,1.0,0.980180232614657,0.12610317379749167,1.3367078868933815,0.008451775896138214
29,0.46200863303077705,1.0,0.9273303602160202,0.36689801169724845,1.2937107796485643,0.07573243564676324
29,0.4427726801513225,1.0,1.0,0.3437939325082421,1.2719700420921911,0.0010774713759202914
29,0.47051316844520247,1.0,1.0,0.36689801169724845,1.2676074593115272,0.07164409944455996
29,0.42050440706137127,1.0,0.9848207131210018,0.15430567623152341,1.3381940835902326,0.013047166918736863
29,0.45864470007036523,1.0,0.966821874145146,0.27532192857964244,1.300718217345088,0.07380660214906265
29,0.4142280624524743,1.0,0.8622075083767874,0.24013299189493473,1.3677340033657777,0.009263729040913438
29,0.4564491379692571,1.0,0.913503440985124,0.36689801169724845,1.299147762758855,0.0663345904916155
29,0.44336130411495867,1.0,1.0,0.06092765360177957,1.3466170517734337,0.07741176818326156
29,0.42981594308967846,1.0,0.9377519659540821,0.29814818186986325,1.3092034363293248,0.0013290283797773306
29,0.44915117811576255,1.0,1.0,0.2696101072136482,1.287418856960608,0.03457452045201448
29,0.4790572540299568,1.0,1.0,0.36689801169724845,1.2676074593115272,0.09297435422234179
29,0.4343229657979836,1.0,0.9374603462771158,0.2704134526643277,1.315897222180789,0.020279550520620804
29,0.4442016880725591,1.0,0.9942214610082049,0.3091292556221649,1.28117300648899,0.014368928894809896
29,0.4191803050657464,1.0,0.9497669835528003,0.0,1.4069199320896666,0.06449877620864419
29,0.42568515622205855,1.0,0.8904797575346607,0.28447953689140304,1.3352378022156888,0.013330046108986915
29,0.44363029112671765,1.0,0.9821622093531913,0.25470011711830054,1.2989044612690233,0.03046873679733464
29,0.44218566740327536,1.0,1.0,0.27792391416086687,1.2855691899698574,0.012989476965364677
29,0.4274306876447412,1.0,0.9525351892884222,0.22258773283041244,1.322296752987068,0.005787372774919586
29,0.3988036864112847,1.0,0.9744016936228619,0.0,1.4110113039426653,0.02272469844561864
30,0.45312902514175524,1.0,1.0,0.36689801169724845,1.2676074593115272,0.02576136575471799
30,0.4373260249523535,1.0,1.0,0.2696101072136482,1.287418856960608,0.0006980180488902477
30,0.44336130411495867,1.0,1.0,0.36689801169724845,1.2692052835901722,0.001597824278644966
30,0.42199893639839653,1.0,0.980180232614657,0.1350286187951722,1.3338219260541215,0.00036712055043808256
30,0.4427726801513225,1.0,1.0,0.3437939325082421,1.2719700420921911,0.0010774713759202914
30,0.45501445274785257,1.0,1.0,0.36689801169724845,1.2676074593115272,0.030907160329001204
30,0.44622350382373566,1.0,0.990844499955865,0.36689801169724845,1.2706853542411711,0.00962110077110645
30,0.45222914218404575,1.0,0.9917600499602784,0.36689801169724845,1.2703750075066216,0.02605778586677543
30,0.38611545190580976,1.0,0.8877990388111537,0.0,1.4583637737307256,0.0009848815976234437
30,0.4237211397895141,1.0,0.9124405248239871,0.27532192857964244,1.32803501364798,0.0011374510033075325
30,0.4381030449462947,1.0,0.9374603462771158,0.36689801169724845,1.2898292877254263,0.005390578161372783
30,0.4349228230476536,1.0,0.913503440985124,0.36689801169724845,1.299147762758855,0.005317041817697321
30,0.44336130411495867,1.0,0.9692832851930724,0.36689801169724845,1.2781635051155051,0.008958221525332988
30,0.43916121617239073,1.0,1.0,0.2596929461051143,1.289667331780497,0.008323513183582598
30,0.43281344040713665,1.0,0.9441855372808893,0.32779919315868433,1.3001364032546456,0.0030255112952193297
30,0.42981594308967846,1.0,0.9377519659540821,0.29814818186986325,1.3092034363293248,0.0013290283797773306
30,0.45907634292331245,1.0,1.0,0.36689801169724845,1.2676074593115272,0.04184943792818108
30,0.45907634292331245,1.0,1.0,0.36689801169724845,1.2676074593115272,0.04184943792818108
30,0.41101132972433146,1.0,0.9345876966738021,0.1191167395468157,1.3691021850897789,0.0011864256617566404
30,0.4292419527621728,1.0,0.9935794011202276,0.19550543935502146,1.3109541275248238,0.0022790017324116896
30,0.41402168574077075,1.0,1.0,0.19550543935502146,1.359147428776287,0.05373239191162149
30,0.45392602702953333,1.0,0.9917600499602784,0.36689801169724845,1.2703750075066216,0.03070934340258269
30,0.4316998002040171,1.0,0.932950280629848,0.27337005465482,1.3172396477661228,0.013749330138189242
30,0.4751809869353772,1.0,1.0,0.36689801169724845,1.2676074593115272,0.08339233859237227
30,0.4786962390010628,1.0,1.0,0.36689801169724845,1.2676074593115272,0.09208848930647617
30,0.476730969987383,1.0,0.9871210758398811,0.36689801169724845,1.2719534259222085,0.0915885131373988
30,0.4387792588594457,1.0,0.9879849824012817,0.3125434472844652,1.2829089073441489,0.00044967904882065035
30,0.4132079874742796,1.0,0.9525351892884222,0.1350286187951722,1.3618238918107621,0.01127347523598865
30,0.38380414451724715,1.0,0.9241658610627429,0.0,1.4661553752447756,0.038818531159469316
30,0.359989835640558,1.0,0.8791993675446954,0.0,1.5631455494483868,0.0970695833881603
30,0.34651264118464076,1.0,0.8289279658175757,0.0,1.6239422245711141,0.10958096506691395
30,0.3970672421654739,1.0,0.8990191349300384,0.03668980116972481,1.4299863910085706,0.012804488756227528
30,0.4056062552000524,1.0,0.93376370166983,0.1191167395468157,1.3873467245381885,0.01888249067195913
30,0.46635200789447506,1.0,1.0,0.36689801169724845,1.2676074593115272,0.0609727707952179
30,0.3990591665469123,1.0,0.9103168781189697,0.08241847480584541,1.4101079658198519,0.010100020686141242
30,0.43672146440769805,1.0,0.9469074659982171,0.29814818186986325,1.303731049737815,0.015228982485361087
30,0.40220079579852414,1.0,0.9314163549437974,0.052318783644252964,1.3990934763692762,0.0016941480350993743
30,0.42033204021572096,1.0,0.9345876966738021,0.36689801169724845,1.3387428409307134,0.047821391578590555
30,0.4151426465948875,1.0,0.9377519659540821,0.2773545105997575,1.35547748286382,0.04172738760532524
30,0.43779699735185684,1.0,0.9579810542445675,0.29814818186986325,1.298825475566305,0.013488862684629677
31,0.45312902514175524,1.0,1.0,0.36689801169724845,1.2676074593115272,0.02576136575471799
31,0.44336130411495867,1.0,1.0,0.36689801169724845,1.2692052835901722,0.001597824278644966
31,0.42199893639839653,1.0,0.980180232614657,0.1350286187951722,1.3338219260541215,0.00036712055043808256
31,0.4427726801513225,1.0,1.0,0.3437939325082421,1.2719700420921911,0.0010774713759202914
31,0.4387792588594457,1.0,0.9879849824012817,0.3125434472844652,1.2829089073441489,0.00044967904882065035
31,0.45501445274785257,1.0,1.0,0.36689801169724845,1.2676074593115272,0.030907160329001204
31,0.44622350382373566,1.0,0.990844499955865,0.36689801169724845,1.2706853542411711,0.00962110077110645
31,0.45222914218404575,1.0,0.9917600499602784,0.36689801169724845,1.2703750075066216,0.02605778586677543
31,0.44336130411495867,1.0,0.9692832851930724,0.36689801169724845,1.2781635051155051,0.008958221525332988
31,0.4373260249523535,1.0,1.0,0.2696101072136482,1.287418856960608,0.0006980180488902477
31,0.45907634292331245,1.0,1.0,0.36689801169724845,1.2676074593115272,0.04184943792818108
31,0.45907634292331245,1.0,1.0,0.36689801169724845,1.2676074593115272,0.04184943792818108
31,0.45392602702953333,1.0,0.9917600499602784,0.36689801169724845,1.2703750075066216,0.03070934340258269
31,0.38611545190580976,1.0,0.8877990388111537,0.0,1.4583637737307256,0.0009848815976234437
31,0.4237211397895141,1.0,0.9124405248239871,0.27532192857964244,1.32803501364798,0.0011374510033075325
31,0.4381030449462947,1.0,0.9374603462771158,0.36689801169724845,1.2898292877254263,0.005390578161372783
31,0.4349228230476536,1.0,0.913503440985124,0.36689801169724845,1.299147762758855,0.005317041817697321
31,0.43916121617239073,1.0,1.0,0.2596929461051143,1.289667331780497,0.008323513183582598
31,0.43281344040713665,1.0,0.9441855372808893,0.32779919315868433,1.3001364032546456,0.0030255112952193297
31,0.42981594308967846,1.0,0.9377519659540821,0.29814818186986325,1.3092034363293248,0.0013290283797773306
31,0.4471136479704058,1.0,1.0,0.36689801169724845,1.2676074593115272,0.009053818001002467
31,0.44430953826266095,1.0,0.9522167193983954,0.3050231648526018,1.2995749782491597,0.033078400378746764
31,0.4319405642809547,1.0,0.9300443912413664,0.36689801169724845,1.3027637509001324,0.010101194712024641
31,0.41989865075305804,1.0,1.0,0.27888008518717944,1.3401245958805148,0.05476610817327643
31,0.44035457429399827,1.0,0.8858583976588892,0.36689801169724845,1.3105271795596225,0.03265579462931267
31,0.4503468140490648,1.0,0.9962249324410033,0.3125434472844652,1.2796652136396747,0.030147081863761915
31,0.44135336252733326,1.0,0.9374603462771158,0.36689801169724845,1.2898292877254263,0.014849741871142408
31,0.4699544546173144,1.0,0.9925840449642506,0.36689801169724845,1.270096184951583,0.07271098248089491
31,0.44857344102613184,1.0,0.9692832851930724,0.36689801169724845,1.2781635051155051,0.023705576332109457
31,0.44185509393287153,1.0,0.9143274359890962,0.36689801169724845,1.2988191458824394,0.02528735357204348
31,0.4256921023597168,1.0,0.9269384501152356,0.24922907389835833,1.3276206099707673,0.005734423804341304
31,0.4491455232181152,1.0,0.913503440985124,0.36689801169724845,1.299147762758855,0.04628765250632094
31,0.43555124356133496,1.0,1.0,0.16852798562951268,1.3127115571346168,0.020747596480390262
31,0.47495788539175876,1.0,0.8877990388111537,0.36689801169724845,1.3097052331861871,0.12493385215642694
31,0.4666755161033322,1.0,1.0,0.36689801169724845,1.2676074593115272,0.06180923256045001
31,0.4565416491087914,1.0,0.9374603462771158,0.36689801169724845,1.2898292877254263,0.05726592607540448
31,0.4624368428589843,1.0,0.984344094924529,0.36689801169724845,1.2729054167287508,0.05605490305528793
31,0.45275890375131833,1.0,0.9917600499602784,0.36689801169724845,1.2703750075066216,0.027513729492847805
31,0.420682645422602,1.0,0.9132600545517462,0.3050231648526018,1.3376271062677878,0.02035824593538038
31,0.4360728596834615,1.0,0.9974264342008751,0.2948748245367372,1.290418555535395,0.007478732382245168
32,0.44336130411495867,1.0,1.0,0.36689801169724845,1.2692052835901722,0.001597824278644966
32,0.42199893639839653,1.0,0.980180232614657,0.1350286187951722,1.3338219260541215,0.00036712055043808256
32,0.4427726801513225,1.0,1.0,0.3437939325082421,1.2719700420921911,0.0010774713759202914
32,0.4387792588594457,1.0,0.9879849824012817,0.3125434472844652,1.2829089073441489,0.00044967904882065035
32,0.4471136479704058,1.0,1.0,0.36689801169724845,1.2676074593115272,0.009053818001002467
32,0.44336130411495867,1.0,0.9692832851930724,0.36689801169724845,1.2781635051155051,0.008958221525332988
32,0.4373260249523535,1.0,1.0,0.2696101072136482,1.287418856960608,0.0006980180488902477
32,0.45312902514175524,1.0,1.0,0.36689801169724845,1.2676074593115272,0.02576136575471799
32,0.44622350382373566,1.0,0.990844499955865,0.36689801169724845,1.2706853542411711,0.00962110077110645
32,0.38611545190580976,1.0,0.8877990388111537,0.0,1.4583637737307256,0.0009848815976234437
32,0.4237211397895141,1.0,0.9124405248239871,0.27532192857964244,1.32803501364798,0.0011374510033075325
32,0.4381030449462947,1.0,0.9374603462771158,0.36689801169724845,1.2898292877254263,0.005390578161372783
32,0.4349228230476536,1.0,0.913503440985124,0.36689801169724845,1.299147762758855,0.005317041817697321
32,0.43916121617239073,1.0,1.0,0.2596929461051143,1.289667331780497,0.008323513183582598
32,0.43281344040713665,1.0,0.9441855372808893,0.32779919315868433,1.3001364032546456,0.0030255112952193297
32,0.42981594308967846,1.0,0.9377519659540821,0.29814818186986325,1.3092034363293248,0.0013290283797773306
32,0.45501445274785257,1.0,1.0,0.36689801169724845,1.2676074593115272,0.030907160329001204
32,0.45222914218404575,1.0,0.9917600499602784,0.36689801169724845,1.2703750075066216,0.02605778586677543
32,0.44857344102613184,1.0,0.9692832851930724,0.36689801169724845,1.2781635051155051,0.023705576332109457
32,0.4256921023597168,1.0,0.9269384501152356,0.24922907389835833,1.3276206099707673,0.005734423804341304
32,0.4198951918101681,1.0,0.8992934067890007,0.24922907389835833,1.3425699102097919,0.002434274873427178
32,0.4391049078682398,1.0,0.9195224950794861,0.33678818793359855,1.3051211730564347,0.023613042250746785
32,0.48573024054735264,1.0,1.0,0.36689801169724845,1.2676074593115272,0.10911152296888105
32,0.43394511592288904,1.0,0.9415270335130788,0.33170907501254077,1.297204687748215,0.00045888039457842034
32,0.4767400744347961,1.0,0.9673194992374625,0.36689801169724845,1.278861176174645,0.09851880517063027
32,0.4273996009529222,1.0,0.9441855372808893,0.32779919315868433,1.3166051358497122,0.019494243890285867
32,0.4265884339366935,1.0,0.9596067950861904,0.25066860043981853,1.31910868862361,0.008440586364150793
32,0.4491068236047493,1.0,0.9360914141060889,0.36689801169724845,1.2903489102703294,0.03738084084369242
32,0.44661960784334537,1.0,0.990844499955865,0.32156779294976096,1.2798554862424396,0.019909662438011955
32,0.43140510054844544,1.0,0.9771714665624353,0.1879334515501453,1.3193826251297023,0.015001872626828394
32,0.4375732833790221,1.0,0.9651053896033507,0.3461043404271427,1.2859937548287794,0.0016733765958378832
32,0.4415943839394345,1.0,0.9926938450115236,0.35513111791735946,1.2742836643371667,0.001940796573614012
32,0.47091673432757025,1.0,1.0,0.36689801169724845,1.2676074593115272,0.07266901525747649
32,0.4251046777035684,1.0,0.9719402825749355,0.15582229006527792,1.332011079848272,0.008298264671918076
32,0.43700524522874823,1.0,0.9775232352327939,0.2704134526643277,1.2971164718391597,0.009451127206686394
32,0.43671743243051764,1.0,0.9377519659540821,0.29814818186986325,1.3078744079495475,0.01936044465050979
32,0.4580053898043516,1.0,1.0,0.36689801169724845,1.2676074593115272,0.038983250318934015
32,0.4492727590206789,1.0,0.9129975968424766,0.36689801169724845,1.299349791951167,0.04684449658129064
32,0.4083890802317843,1.0,0.9196225556303071,0.15821555808537982,1.3778931339057177,0.014922769566779293
32,0.4609633268551959,1.0,1.0,0.36689801169724845,1.2676074593115272,0.046867159623070975
33,0.44336130411495867,1.0,1.0,0.36689801169724845,1.2692052835901722,0.001597824278644966
33,0.42199893639839653,1.0,0.980180232614657,0.1350286187951722,1.3338219260541215,0.00036712055043808256
33,0.4427726801513225,1.0,1.0,0.3437939325082421,1.2719700420921911,0.0010774713759202914
33,0.4387792588594457,1.0,0.9879849824012817,0.3125434472844652,1.2829089073441489,0.00044967904882065035
33,0.4471136479704058,1.0,1.0,0.36689801169724845,1.2676074593115272,0.009053818001002467
33,0.4415943839394345,1.0,0.9926938450115236,0.35513111791735946,1.2742836643371667,0.001940796573614012
33,0.4373260249523535,1.0,1.0,0.2696101072136482,1.287418856960608,0.0006980180488902477
33,0.43394511592288904,1.0,0.9415270335130788,0.33170907501254077,1.297204687748215,0.00045888039457842034
33,0.4375732833790221,1.0,0.9651053896033507,0.3461043404271427,1.2859937548287794,0.0016733765958378832
33,0.45312902514175524,1.0,1.0,0.36689801169724845,1.2676074593115272,0.02576136575471799
33,0.44622350382373566,1.0,0.990844499955865,0.36689801169724845,1.2706853542411711,0.00962110077110645
33,0.38611545190580976,1.0,0.8877990388111537,0.0,1.4583637737307256,0.0009848815976234437
33,0.45501445274785257,1.0,1.0,0.36689801169724845,1.2676074593115272,0.030907160329001204
33,0.4237211397895141,1.0,0.9124405248239871,0.27532192857964244,1.32803501364798,0.0011374510033075325
33,0.45222914218404575,1.0,0.9917600499602784,0.36689801169724845,1.2703750075066216,0.02605778586677543
33,0.44336130411495867,1.0,0.9692832851930724,0.36689801169724845,1.2781635051155051,0.008958221525332988
33,0.42981594308967846,1.0,0.9377519659540821,0.29814818186986325,1.3092034363293248,0.0013290283797773306
33,0.43281344040713665,1.0,0.9441855372808893,0.32779919315868433,1.3001364032546456,0.0030255112952193297
33,0.43916121617239073,1.0,1.0,0.2596929461051143,1.289667331780497,0.008323513183582598
33,0.4381030449462947,1.0,0.9374603462771158,0.36689801169724845,1.2898292877254263,0.005390578161372783
33,0.44336130411495867,1.0,0.9991760049960279,0.2696101072136482,1.2877737885431655,0.018568504952993337
33,0.41652002601621957,1.0,0.8863018619449391,0.2636858656212973,1.350995089053491,0.006266613961038114
33,0.43714633492874105,1.0,0.9610433351533508,0.36689801169724845,1.287249748521438,0.006139732127494746
33,0.4387792588594457,1.0,0.9926938450115236,0.28836567515222494,1.2863201188422666,0.003860890546938389
33,0.4323495556616684,1.0,1.0,0.3364770854394681,1.301531370440815,0.028137906552092362
33,0.4518211146253723,1.0,1.0,0.32825800563351315,1.2750172327288565,0.029576301504392166
33,0.43939557068142004,1.0,1.0,0.3437939325082421,1.280660405470205,0.008690363378013988
33,0.4360190110785649,1.0,0.950289851139033,0.33170907501254077,1.2935976897233838,0.0030197667360580827
33,0.4332021842223918,1.0,0.9891864841611535,0.22069099924214328,1.3042178033408331,0.005248107002713942
33,0.44370205089615844,1.0,0.9626735412711868,0.3105108652643501,1.2937176105953108,0.025487029766184888
33,0.4583077987992226,1.0,1.0,0.33148495405829487,1.2743765476158093,0.046563031812986155
33,0.38611545190580976,1.0,0.93495149402345,0.3211188706106407,1.4573788921331021,0.15456914267600763
33,0.3892576569996356,1.0,0.9375091876721207,0.0,1.4456144906258126,0.029058091871351666
33,0.4237211397895141,1.0,0.9853344778938361,0.3461043404271427,1.32803501364798,0.05124286967446556
33,0.4654900066148581,1.0,1.0,0.3520285820194936,1.2703924522597967,0.0615232997839692
33,0.4366612077913911,1.0,0.9357368193189523,0.3050231648526018,1.3068802550748835,0.0182003822992598
33,0.44253524361469637,1.0,1.0,0.28832441135674336,1.2832994290864472,0.011724977471226694
33,0.4425593380077568,1.0,0.9879849824012817,0.36689801169724845,1.271658357164089,0.0001531342645284539
33,0.43916121617239073,1.0,0.9439767693586738,0.20773526036900153,1.3314607203366853,0.0501169017397709
33,0.4381030449462947,1.0,1.0,0.36689801169724845,1.2844387095640535,0.016831250252526297
34,0.44336130411495867,1.0,1.0,0.36689801169724845,1.2692052835901722,0.001597824278644966
34,0.4471136479704058,1.0,1.0,0.36689801169724845,1.2676074593115272,0.009053818001002467
34,0.4425593380077568,1.0,0.9879849824012817,0.36689801169724845,1.271658357164089,0.0001531342645284539
34,0.45312902514175524,1.0,1.0,0.36689801169724845,1.2676074593115272,0.02576136575471799
34,0.44622350382373566,1.0,0.990844499955865,0.36689801169724845,1.2706853542411711,0.00962110077110645
34,0.42199893639839653,1.0,0.980180232614657,0.1350286187951722,1.3338219260541215,0.00036712055043808256
34,0.4427726801513225,1.0,1.0,0.3437939325082421,1.2719700420921911,0.0010774713759202914
34,0.4387792588594457,1.0,0.9879849824012817,0.3125434472844652,1.2829089073441489,0.00044967904882065035
34,0.45501445274785257,1.0,1.0,0.36689801169724845,1.2676074593115272,0.030907160329001204
34,0.45222914218404575,1.0,0.9917600499602784,0.36689801169724845,1.2703750075066216,0.02605778586677543
34,0.4415943839394345,1.0,0.9926938450115236,0.35513111791735946,1.2742836643371667,0.001940796573614012
34,0.4373260249523535,1.0,1.0,0.2696101072136482,1.287418856960608,0.0006980180488902477
34,0.43394511592288904,1.0,0.9415270335130788,0.33170907501254077,1.297204687748215,0.00045888039457842034
34,0.4375732833790221,1.0,0.9651053896033507,0.3461043404271427,1.2859937548287794,0.0016733765958378832
34,0.4654900066148581,1.0,1.0,0.3520285820194936,1.2703924522597967,0.0615232997839692
34,0.38611545190580976,1.0,0.8877990388111537,0.0,1.4583637737307256,0.0009848815976234437
34,0.4237211397895141,1.0,0.9124405248239871,0.27532192857964244,1.32803501364798,0.0011374510033075325
34,0.4518211146253723,1.0,1.0,0.32825800563351315,1.2750172327288565,0.029576301504392166
34,0.4583077987992226,1.0,1.0,0.33148495405829487,1.2743765476158093,0.046563031812986155
34,0.44336130411495867,1.0,0.9692832851930724,0.36689801169724845,1.2781635051155051,0.008958221525332988
34,0.41693568163263095,1.0,1.0,0.3594868271371221,1.3496482417580915,0.08066279911812346
34,0.4471136479704058,1.0,0.9891864841611535,0.3313613904357229,1.2784308608366195,0.01987721952609478
34,0.4438133836411283,1.0,1.0,0.36689801169724845,1.2679124390228966,0.00030497971136944635
34,0.4425593380077568,1.0,1.0,0.36689801169724845,1.2715052228995605,0.0038977635880332873
34,0.45531798163945275,1.0,0.9879849824012817,0.36689801169724845,1.271658357164089,0.035782480421193696
34,0.4373260249523535,1.0,0.9723549566737651,0.2696101072136482,1.2996552806322876,0.0129344417205699
34,0.4329251974068581,1.0,0.9190160643136158,0.3437939325082421,1.303359013755229,0.0035582327840424366
34,0.493507086483881,1.0,1.0,0.36689801169724845,1.2676074593115272,0.12736748046883317
34,0.49258588936039593,1.0,1.0,0.36689801169724845,1.2676074593115272,0.12523508932822613
34,0.4451353177456561,1.0,1.0,0.36689801169724845,1.2676074593115272,0.0034603847162892887
34,0.44979685419632276,1.0,0.9879849824012817,0.33333711855457093,1.2784697054869463,0.027423806676179385
34,0.5039285226335076,1.0,1.0,0.36689801169724845,1.2676074593115272,0.15094808283101036
34,0.41875380216163993,1.0,0.9058649853343583,0.2647317241777424,1.343788418738564,0.010037408337820075
34,0.4604462039941972,1.0,0.9723549566737651,0.36689801169724845,1.2770778886200858,0.05496658682657518
34,0.4654900066148581,1.0,1.0,0.3125434472844652,1.2781969963605082,0.06932784388468072
34,0.4706098015897599,1.0,1.0,0.3528784728056773,1.2702310795061589,0.07451329399740403
34,0.4613923970455224,1.0,0.9991595844538794,0.3388482100354132,1.2732336986990656,0.053628622033236706
34,0.4562884280948207,1.0,0.9738221421798174,0.30128015022988514,1.2912569531185727,0.058009570300538105
34,0.4576429816382602,1.0,0.9917600499602784,0.36689801169724845,1.2703750075066216,0.04077784915549221
34,0.4390876044320084,1.0,0.9852778899757741,0.35513111791735946,1.2815586321041694,0.006600912839911377
35,0.4425593380077568,1.0,0.9879849824012817,0.36689801169724845,1.271658357164089,0.0001531342645284539
35,0.4438133836411283,1.0,1.0,0.36689801169724845,1.2679124390228966,0.00030497971136944635
35,0.4451353177456561,1.0,1.0,0.36689801169724845,1.2676074593115272,0.0034603847162892887
35,0.44336130411495867,1.0,1.0,0.36689801169724845,1.2692052835901722,0.001597824278644966
35,0.42199893639839653,1.0,0.980180232614657,0.1350286187951722,1.3338219260541215,0.00036712055043808256
35,0.4427726801513225,1.0,1.0,0.3437939325082421,1.2719700420921911,0.0010774713759202914
35,0.4387792588594457,1.0,0.9879849824012817,0.3125434472844652,1.2829089073441489,0.00044967904882065035
35,0.4471136479704058,1.0,1.0,0.36689801169724845,1.2676074593115272,0.009053818001002467
35,0.4425593380077568,1.0,1.0,0.36689801169724845,1.2715052228995605,0.0038977635880332873
35,0.4415943839394345,1.0,0.9926938450115236,0.35513111791735946,1.2742836643371667,0.001940796573614012
35,0.4373260249523535,1.0,1.0,0.2696101072136482,1.287418856960608,0.0006980180488902477
35,0.43394511592288904,1.0,0.9415270335130788,0.33170907501254077,1.297204687748215,0.00045888039457842034
35,0.4375732833790221,1.0,0.9651053896033507,0.3461043404271427,1.2859937548287794,0.0016733765958378832
35,0.45312902514175524,1.0,1.0,0.36689801169724845,1.2676074593115272,0.02576136575471799
35,0.44622350382373566,1.0,0.990844499955865,0.36689801169724845,1.2706853542411711,0.00962110077110645
35,0.38611545190580976,1.0,0.8877990388111537,0.0,1.4583637737307256,0.0009848815976234437
35,0.45501445274785257,1.0,1.0,0.36689801169724845,1.2676074593115272,0.030907160329001204
35,0.4237211397895141,1.0,0.9124405248239871,0.27532192857964244,1.32803501364798,0.0011374510033075325
35,0.45222914218404575,1.0,0.9917600499602784,0.36689801169724845,1.2703750075066216,0.02605778586677543
35,0.44336130411495867,1.0,0.9692832851930724,0.36689801169724845,1.2781635051155051,0.008958221525332988
35,0.42236825299452857,1.0,0.9748560543647149,0.14644866430549083,1.3332917793124657,0.0010029397288224828
35,0.4492591584756178,1.0,0.9905585482004067,0.36689801169724845,1.2707824017380025,0.018239188933724115
35,0.44462327830306686,1.0,1.0,0.36689801169724845,1.2676074593115272,0.0020045608906873458
35,0.4260332618911838,1.0,0.9332870834733572,0.33170907501254077,1.3208276442374112,0.020169392194200775
35,0.43734718715636905,1.0,0.9415270335130788,0.36689801169724845,1.2882945566176063,0.0016359791074511687
35,0.4637172765065126,1.0,0.9925840449642506,0.36689801169724845,1.270096184951583,0.05660568484090511
35,0.4379474646607442,1.0,1.0,0.36689801169724845,1.2848950047977856,0.017287545486258438
35,0.4471136479704058,1.0,0.9917600499602784,0.36689801169724845,1.2703750075066216,0.01182136619609686
35,0.4425593380077568,1.0,0.9891864841611535,0.36689801169724845,1.2715052228995605,0.00025638385135584585
35,0.4023295276500029,1.0,0.9098326507688848,0.03668980116972481,1.4212173290004233,0.022571515257873154
35,0.4482919772800443,1.0,0.9987984982401281,0.3125434472844652,1.278663086097177,0.02341753575227301
35,0.4593398664837478,1.0,0.9917600499602784,0.36689801169724845,1.2703750075066216,0.04532020424321925
35,0.4248569426665344,1.0,0.9514454945462637,0.15821555808537982,1.3432655074448339,0.018780832356152688
35,0.4513690350992026,1.0,0.9917600499602784,0.36689801169724845,1.2703750075066216,0.0236866749297604
35,0.38698391056729986,1.0,0.8835610624619361,0.010590204401900088,1.4564599460777206,0.0023516636111025058
35,0.38611545190580976,1.0,1.0,0.36689801169724845,1.4573788921331021,0.18977143282157494
35,0.4472693197576198,1.0,0.9879849824012817,0.36689801169724845,1.271658357164089,0.01354275460461385
35,0.4504720284146607,1.0,0.9692832851930724,0.36689801169724845,1.2781635051155051,0.028992692617937355
35,0.4209135584660153,1.0,0.9595885990965191,0.16523342262358195,1.3368932844672918,0.0007399434701711449
35,0.4214781866923318,1.0,0.8941286552116515,0.2680049043497905,1.3389310289857634,0.0038286976591692667
36,0.4425593380077568,1.0,0.9879849824012817,0.36689801169724845,1.271658357164089,0.0001531342645284539
36,0.4438133836411283,1.0,1.0,0.36689801169724845,1.2679124390228966,0.00030497971136944635
36,0.44462327830306686,1.0,1.0,0.36689801169724845,1.2676074593115272,0.0020045608906873458
36,0.4425593380077568,1.0,0.9891864841611535,0.36689801169724845,1.2715052228995605,0.00025638385135584585
36,0.44336130411495867,1.0,1.0,0.36689801169724845,1.2692052835901722,0.001597824278644966
36,0.4451353177456561,1.0,1.0,0.36689801169724845,1.2676074593115272,0.0034603847162892887
36,0.42199893639839653,1.0,0.980180232614657,0.1350286187951722,1.3338219260541215,0.00036712055043808256
36,0.4427726801513225,1.0,1.0,0.3437939325082421,1.2719700420921911,0.0010774713759202914
36,0.4387792588594457,1.0,0.9879849824012817,0.3125434472844652,1.2829089073441489,0.00044967904882065035
36,0.4471136479704058,1.0,1.0,0.36689801169724845,1.2676074593115272,0.009053818001002467
36,0.4425593380077568,1.0,1.0,0.36689801169724845,1.2715052228995605,0.0038977635880332873
36,0.4415943839394345,1.0,0.9926938450115236,0.35513111791735946,1.2742836643371667,0.001940796573614012
36,0.4373260249523535,1.0,1.0,0.2696101072136482,1.287418856960608,0.0006980180488902477
36,0.43394511592288904,1.0,0.9415270335130788,0.33170907501254077,1.297204687748215,0.00045888039457842034
36,0.4375732833790221,1.0,0.9651053896033507,0.3461043404271427,1.2859937548287794,0.0016733765958378832
36,0.45312902514175524,1.0,1.0,0.36689801169724845,1.2676074593115272,0.02576136575471799
36,0.4209135584660153,1.0,0.9595885990965191,0.16523342262358195,1.3368932844672918,0.0007399434701711449
36,0.43734718715636905,1.0,0.9415270335130788,0.36689801169724845,1.2882945566176063,0.0016359791074511687
36,0.4471136479704058,1.0,0.9917600499602784,0.36689801169724845,1.2703750075066216,0.01182136619609686
36,0.4237211397895141,1.0,0.9124405248239871,0.27532192857964244,1.32803501364798,0.0011374510033075325
36,0.46131730215725336,1.0,1.0,0.36689801169724845,1.2676074593115272,0.047803850948886284
36,0.42464000554301606,1.0,0.913890317353112,0.27271264311151405,1.3269852686014405,0.0018239500238497186
36,0.4167505401664885,1.0,0.947267598956542,0.1374218868152741,1.352999176566,0.0027513534527021655
36,0.4263233930834586,1.0,0.9211964723415884,0.28447953689140304,1.3199287648783837,0.00025029163233702967
36,0.4271921062969335,1.0,0.9585298501137219,0.3355141360252426,1.3172446339234585,0.02789306137208647
36,0.42288612849098034,1.0,0.9636297391868671,0.20619355280105434,1.3306572898682458,0.009378889498442788
36,0.4450788248287345,1.0,1.0,0.30128015022988514,1.280538741790119,0.01623121167213437
36,0.43687047842668586,1.0,0.9581878460006173,0.3352279686810115,1.2895559820396205,0.0014934154642720632
36,0.4286663583423963,1.0,1.0,0.3125434472844652,1.3127144193320555,0.03451742297154725
36,0.4613363481408674,1.0,0.9917600499602784,0.36689801169724845,1.2703750075066216,0.05062175797562363
36,0.4425593380077568,1.0,1.0,0.36689801169724845,1.2715052228995605,0.0038977635880332873
36,0.42274429965037097,1.0,0.8939080546576629,0.3025062520252112,1.3311037194957538,0.0036466288009000536
36,0.439293987297237,1.0,0.9679659636799087,0.3539422728241067,1.2814819648690412,0.0005254164480046342
36,0.43394511592288904,1.0,0.9508816910121409,0.35513111791735946,1.2967458073536366,0.009126760708413117
36,0.43976722495226955,1.0,0.9891864841611535,0.33877257499584923,1.2795780990109864,0.0026845813498361792
36,0.44334225813134465,1.0,1.0,0.36689801169724845,1.2692598086496183,0.001652349338091108
36,0.4200605066553739,1.0,0.9473743301617709,0.2379400641974113,1.3396082248536534,0.01917567505734752
36,0.44326670802530693,1.0,1.0,0.33125775142756037,1.2744215223262105,0.0049453818132232374
36,0.42965410855321606,1.0,0.980180232614657,0.1350286187951722,1.3338219260541215,0.024125362051762966
36,0.45551649482774476,1.0,1.0,0.36689801169724845,1.2676074593115272,0.03227017483229888
37,0.4425593380077568,1.0,0.9879849824012817,0.36689801169724845,1.271658357164089,0.0001531342645284539
37,0.4438133836411283,1.0,1.0,0.36689801169724845,1.2679124390228966,0.00030497971136944635
37,0.44462327830306686,1.0,1.0,0.36689801169724845,1.2676074593115272,0.0020045608906873458
37,0.4425593380077568,1.0,0.9891864841611535,0.36689801169724845,1.2715052228995605,0.00025638385135584585
37,0.4263233930834586,1.0,0.9211964723415884,0.28447953689140304,1.3199287648783837,0.00025029163233702967
37,0.44336130411495867,1.0,1.0,0.36689801169724845,1.2692052835901722,0.001597824278644966
37,0.4451353177456561,1.0,1.0,0.36689801169724845,1.2676074593115272,0.0034603847162892887
37,0.4427726801513225,1.0,1.0,0.3437939325082421,1.2719700420921911,0.0010774713759202914
37,0.4387792588594457,1.0,0.9879849824012817,0.3125434472844652,1.2829089073441489,0.00044967904882065035
37,0.439293987297237,1.0,0.9679659636799087,0.3539422728241067,1.2814819648690412,0.0005254164480046342
37,0.42199893639839653,1.0,0.980180232614657,0.1350286187951722,1.3338219260541215,0.00036712055043808256
37,0.44334225813134465,1.0,1.0,0.36689801169724845,1.2692598086496183,0.001652349338091108
37,0.4471136479704058,1.0,1.0,0.36689801169724845,1.2676074593115272,0.009053818001002467
37,0.43394511592288904,1.0,0.9415270335130788,0.33170907501254077,1.297204687748215,0.00045888039457842034
37,0.4373260249523535,1.0,1.0,0.2696101072136482,1.287418856960608,0.0006980180488902477
37,0.45312902514175524,1.0,1.0,0.36689801169724845,1.2676074593115272,0.02576136575471799
37,0.4209135584660153,1.0,0.9595885990965191,0.16523342262358195,1.3368932844672918,0.0007399434701711449
37,0.4471136479704058,1.0,0.9917600499602784,0.36689801169724845,1.2703750075066216,0.01182136619609686
37,0.4237211397895141,1.0,0.9124405248239871,0.27532192857964244,1.32803501364798,0.0011374510033075325
37,0.43687047842668586,1.0,0.9581878460006173,0.3352279686810115,1.2895559820396205,0.0014934154642720632
37,0.43447270136155736,1.0,0.8776526456325666,0.36689801169724845,1.3140428539052624,0.018871700613654063
37,0.42965410855321606,1.0,0.980180232614657,0.1350286187951722,1.3338219260541215,0.024125362051762966
37,0.4196609847787784,1.0,0.9501281730331,0.14525981921223804,1.3484806222559065,0.0075970756305538956
37,0.4308858032153563,1.0,0.9458924401967934,0.3043815493578152,1.305952773301612,0.0034337484444666444
37,0.4262909047578722,1.0,0.9821622093531913,0.15821555808537982,1.32545672779327,0.005427368989740167
37,0.4555668478043192,1.0,1.0,0.36689801169724845,1.2676074593115272,0.032406714419211724
37,0.4451353177456561,1.0,0.8793843183422058,0.27360316514527183,1.3450107739883777,0.08086369939313975
37,0.45725286587171693,1.0,1.0,0.36689801169724845,1.2676074593115272,0.03696124195448869
37,0.4179000574320124,1.0,0.97678267181156,0.1350286187951722,1.3465336978001106,0.010706885209458727
37,0.47028048045814536,1.0,1.0,0.36689801169724845,1.2676074593115272,0.07105235405479027
37,0.45749048825769817,1.0,1.0,0.36689801169724845,1.2676074593115272,0.037600444511336706
37,0.4367175948883113,1.0,0.9503540438018374,0.3383949729826352,1.2919084036997486,0.003394919724506229
37,0.4471136479704058,1.0,0.9699678655520461,0.3008832822986376,1.2929796797716764,0.034426038461151665
37,0.4571716884396252,1.0,1.0,0.36689801169724845,1.2676074593115272,0.03674272295594583
37,0.44877514356917314,1.0,1.0,0.36689801169724845,1.2676074593115272,0.013713348193695074
37,0.45312902514175524,1.0,1.0,0.36689801169724845,1.2676074593115272,0.02576136575471799
37,0.4433928662636211,1.0,0.9702821728991211,0.3539422728241067,1.2806285342948804,0.01151359687128295
37,0.43950102835592736,1.0,0.9977171466562436,0.3125434472844652,1.2803531127469265,0.0012695860825939764
37,0.4455421893192088,1.0,0.9124405248239871,0.36689801169724845,1.2995725402359746,0.036579891687513744
37,0.43438720931288566,1.0,0.9809015315668796,0.2579499422278206,1.2986741900834193,0.0032481332572531496
38,0.4425593380077568,1.0,0.9879849824012817,0.36689801169724845,1.271658357164089,0.0001531342645284539
38,0.4438133836411283,1.0,1.0,0.36689801169724845,1.2679124390228966,0.00030497971136944635
38,0.44462327830306686,1.0,1.0,0.36689801169724845,1.2676074593115272,0.0020045608906873458
38,0.4425593380077568,1.0,0.9891864841611535,0.36689801169724845,1.2715052228995605,0.00025638385135584585
38,0.4263233930834586,1.0,0.9211964723415884,0.28447953689140304,1.3199287648783837,0.00025029163233702967
38,0.44336130411495867,1.0,1.0,0.36689801169724845,1.2692052835901722,0.001597824278644966
38,0.4451353177456561,1.0,1.0,0.36689801169724845,1.2676074593115272,0.0034603847162892887
38,0.4427726801513225,1.0,1.0,0.3437939325082421,1.2719700420921911,0.0010774713759202914
38,0.4387792588594457,1.0,0.9879849824012817,0.3125434472844652,1.2829089073441489,0.00044967904882065035
38,0.439293987297237,1.0,0.9679659636799087,0.3539422728241067,1.2814819648690412,0.0005254164480046342
38,0.42199893639839653,1.0,0.980180232614657,0.1350286187951722,1.3338219260541215,0.00036712055043808256
38,0.44334225813134465,1.0,1.0,0.36689801169724845,1.2692598086496183,0.001652349338091108
38,0.4471136479704058,1.0,1.0,0.36689801169724845,1.2676074593115272,0.009053818001002467
38,0.43950102835592736,1.0,0.9977171466562436,0.3125434472844652,1.2803531127469265,0.0012695860825939764
38,0.43394511592288904,1.0,0.9415270335130788,0.33170907501254077,1.297204687748215,0.00045888039457842034
38,0.4373260249523535,1.0,1.0,0.2696101072136482,1.287418856960608,0.0006980180488902477
38,0.44877514356917314,1.0,1.0,0.36689801169724845,1.2676074593115272,0.013713348193695074
38,0.4209135584660153,1.0,0.9595885990965191,0.16523342262358195,1.3368932844672918,0.0007399434701711449
38,0.43687047842668586,1.0,0.9581878460006173,0.3352279686810115,1.2895559820396205,0.0014934154642720632
38,0.4433928662636211,1.0,0.9702821728991211,0.3539422728241067,1.2806285342948804,0.01151359687128295
38,0.4414647696349395,1.0,1.0,0.3051539264445068,1.2797273207227116,0.005069525986317602
38,0.4461368078312627,1.0,0.9814675298336758,0.36689801169724845,1.2738972268896225,0.012587915816458128
38,0.4442493226780267,1.0,0.9415270335130788,0.36689801169724845,1.2882945566176063,0.021626312010050386
38,0.43615232481982114,1.0,0.9891864841611535,0.3008832822986376,1.2901834466516264,0.005198179620129695
38,0.4198127857096696,1.0,0.9424092187056223,0.17244414265780683,1.343864449230598,0.0034657553230244
38,0.4431637910942948,1.0,0.9912410521705344,0.36689801169724845,1.2705508633656524,0.0007799095337401862
38,0.4386673269912009,1.0,1.0,0.2323921854106407,1.296103688816338,0.013317223801493583
38,0.42786908545163826,1.0,1.0,0.15187149252395785,1.317437589974851,0.0022771149379534616
38,0.4241667353187152,1.0,0.9524443822523124,0.3125434472844652,1.3266398866518372,0.029097156282763992
38,0.4477394956214503,1.0,0.9593648241598874,0.36689801169724845,1.2817164379803896,0.02492199559261188
38,0.4309472836053158,1.0,0.965911395670528,0.3050231648526017,1.3057664616838354,0.012072471561141995
38,0.44334225813134465,1.0,0.9290768251074296,0.2927213843719876,1.3134448396891742,0.044185031039555955
38,0.44820443139766714,1.0,1.0,0.36689801169724845,1.2676074593115272,0.012116727144754202
38,0.44247815656763156,1.0,0.9703576662011609,0.3433692399983684,1.2829464008781346,0.011207894994190948
38,0.44606199212468123,1.0,0.9644950077797433,0.36689801169724845,1.2798696103685632,0.01834874630774186
38,0.4338995686038402,1.0,0.9682730779038697,0.3433692399983684,1.2968819293946579,0.01314428640101406
38,0.4392546047702496,1.0,0.9891864841611535,0.36689801169724845,1.281071395949498,0.0098225569012933
38,0.43711268942196047,1.0,0.9623690614005556,0.3383949729826352,1.2873488309116115,0.0001908448201695112
38,0.43119584859225163,1.0,0.9211964723415884,0.28447953689140304,1.3196784732460467,0.014664727117791543
38,0.4236660371526618,1.0,0.9508296512670534,0.21415253059508688,1.3282077398627203,0.002467192558077702
39,0.4425593380077568,1.0,0.9879849824012817,0.36689801169724845,1.271658357164089,0.0001531342645284539
39,0.4438133836411283,1.0,1.0,0.36689801169724845,1.2679124390228966,0.00030497971136944635
39,0.44462327830306686,1.0,1.0,0.36689801169724845,1.2676074593115272,0.0020045608906873458
39,0.4425593380077568,1.0,0.9891864841611535,0.36689801169724845,1.2715052228995605,0.00025638385135584585
39,0.43711268942196047,1.0,0.9623690614005556,0.3383949729826352,1.2873488309116115,0.0001908448201695112
39,0.44336130411495867,1.0,1.0,0.36689801169724845,1.2692052835901722,0.001597824278644966
39,0.4431637910942948,1.0,0.9912410521705344,0.36689801169724845,1.2705508633656524,0.0007799095337401862
39,0.4451353177456561,1.0,1.0,0.36689801169724845,1.2676074593115272,0.0034603847162892887
39,0.4387792588594457,1.0,0.9879849824012817,0.3125434472844652,1.2829089073441489,0.00044967904882065035
39,0.439293987297237,1.0,0.9679659636799087,0.3539422728241067,1.2814819648690412,0.0005254164480046342
39,0.4263233930834586,1.0,0.9211964723415884,0.28447953689140304,1.3199287648783837,0.00025029163233702967
39,0.44334225813134465,1.0,1.0,0.36689801169724845,1.2692598086496183,0.001652349338091108
39,0.4427726801513225,1.0,1.0,0.3437939325082421,1.2719700420921911,0.0010774713759202914
39,0.4471136479704058,1.0,1.0,0.36689801169724845,1.2676074593115272,0.009053818001002467
39,0.43394511592288904,1.0,0.9415270335130788,0.33170907501254077,1.297204687748215,0.00045888039457842034
39,0.4373260249523535,1.0,1.0,0.2696101072136482,1.287418856960608,0.0006980180488902477
39,0.42199893639839653,1.0,0.980180232614657,0.1350286187951722,1.3338219260541215,0.00036712055043808256
39,0.43950102835592736,1.0,0.9977171466562436,0.3125434472844652,1.2803531127469265,0.0012695860825939764
39,0.4414647696349395,1.0,1.0,0.3051539264445068,1.2797273207227116,0.005069525986317602
39,0.44820443139766714,1.0,1.0,0.36689801169724845,1.2676074593115272,0.012116727144754202
39,0.4329600043873535,1.0,0.9512591977680406,0.2761393982850733,1.3076813902627007,0.00798510425610277
39,0.43384799579213607,1.0,1.0,0.3282895379809548,1.2970360936366083,0.022025141354140354
39,0.4380518152675981,1.0,0.9523405493519252,0.36689801169724845,1.2845889232601342,0.0003115261300938865
39,0.4522708116287384,1.0,1.0,0.36689801169724845,1.2676074593115272,0.023404881390000742
39,0.4421865391314212,1.0,1.0,0.3383949729826352,1.2730183622330122,0.0004411579967720236
39,0.43945024711478875,1.0,1.0,0.2323921854106407,1.296103688816338,0.015602623211403266
39,0.4317895021991788,1.0,0.980180232614657,0.22258773283041244,1.3081608394674167,0.004941315087811038
39,0.44349444964780416,1.0,1.0,0.36689801169724845,1.2688242438420376,0.0012167845305104397
39,0.4429472339940899,1.0,0.9711693673119178,0.35523784671142083,1.2800192871405929,0.009627541724577027
39,0.4350198802749415,1.0,0.9571064944167327,0.31212388949200515,1.2956662576475284,0.0021242031047576937
39,0.4364608770953363,1.0,0.9771714665624354,0.3125434472844652,1.2892713625261634,0.0020226642340697154
39,0.43936608089948964,1.0,0.9711693673119178,0.35523784671142083,1.2807463620281645,0.0007270748875716215
39,0.4404113124076483,1.0,0.9989186484161154,0.31797890372574356,1.2777067569798894,0.00020740500488658498
39,0.446626794717259,1.0,1.0,0.36689801169724845,1.2676074593115272,0.0076819098656033535
39,0.43363170689737374,1.0,0.9979454319906192,0.2562348184730019,1.2976830354954494,0.0063070530317028695
39,0.44184234563760794,1.0,0.9769456710993465,0.2696101072136482,1.2975753584092191,0.02400682141049848
39,0.43798044880934217,1.0,0.9600829106333897,0.3539422728241067,1.284798239821656,0.0003808284275030882
39,0.4582505171993997,1.0,1.0,0.3125434472844652,1.2781969963605082,0.050230003104466237
39,0.44374907870183183,1.0,0.9891864841611535,0.36689801169724845,1.2712488390482046,0.0031526632331564386
39,0.44203515002426047,1.0,1.0,0.36689801169724845,1.2730130390930292,0.0054055797815020235
40,0.4425593380077568,1.0,0.9879849824012817,0.36689801169724845,1.271658357164089,0.0001531342645284539
40,0.4438133836411283,1.0,1.0,0.36689801169724845,1.2679124390228966,0.00030497971136944635
40,0.44462327830306686,1.0,1.0,0.36689801169724845,1.2676074593115272,0.0020045608906873458
40,0.4425593380077568,1.0,0.9891864841611535,0.36689801169724845,1.2715052228995605,0.00025638385135584585
40,0.43711268942196047,1.0,0.9623690614005556,0.3383949729826352,1.2873488309116115,0.0001908448201695112
40,0.4404113124076483,1.0,0.9989186484161154,0.31797890372574356,1.2777067569798894,0.00020740500488658498
40,0.4431637910942948,1.0,0.9912410521705344,0.36689801169724845,1.2705508633656524,0.0007799095337401862
40,0.44349444964780416,1.0,1.0,0.36689801169724845,1.2688242438420376,0.0012167845305104397
40,0.4451353177456561,1.0,1.0,0.36689801169724845,1.2676074593115272,0.0034603847162892887
40,0.4421865391314212,1.0,1.0,0.3383949729826352,1.2730183622330122,0.0004411579967720236
40,0.4263233930834586,1.0,0.9211964723415884,0.28447953689140304,1.3199287648783837,0.00025029163233702967
40,0.4380518152675981,1.0,0.9523405493519252,0.36689801169724845,1.2845889232601342,0.0003115261300938865
40,0.4427726801513225,1.0,1.0,0.3437939325082421,1.2719700420921911,0.0010774713759202914
40,0.44336130411495867,1.0,1.0,0.36689801169724845,1.2692052835901722,0.001597824278644966
40,0.446626794717259,1.0,1.0,0.36689801169724845,1.2676074593115272,0.0076819098656033535
40,0.4387792588594457,1.0,0.9879849824012817,0.3125434472844652,1.2829089073441489,0.00044967904882065035
40,0.439293987297237,1.0,0.9679659636799087,0.3539422728241067,1.2814819648690412,0.0005254164480046342
40,0.43936608089948964,1.0,0.9711693673119178,0.35523784671142083,1.2807463620281645,0.0007270748875716215
40,0.42199893639839653,1.0,0.980180232614657,0.1350286187951722,1.3338219260541215,0.00036712055043808256
40,0.4471136479704058,1.0,1.0,0.36689801169724845,1.2676074593115272,0.009053818001002467
40,0.42454901909723347,1.0,0.9133134192950694,0.28447953689140304,1.3254453180988672,0.0018735727358760723
40,0.4393232666373299,1.0,0.9898340936097245,0.3125434472844652,1.2821762965914414,0.0013051193883397705
40,0.4463124372104008,1.0,1.0,0.36689801169724845,1.2676074593115272,0.006794488811108668
40,0.4476049758244813,1.0,1.0,0.36689801169724845,1.2676074593115272,0.01043530947638982
40,0.4436685908979898,1.0,0.9989186484161154,0.31797890372574356,1.2774993519750029,0.009173125446165775
40,0.4585967398627484,1.0,1.0,0.36689801169724845,1.2676074593115272,0.04056753326950324
40,0.431292674788909,1.0,0.9290768251074296,0.2927213843719876,1.3134448396891742,0.008724072145338546
40,0.42738068156864234,1.0,0.9211964723415884,0.36689801169724845,1.3166634196222968,0.02056083198399783
40,0.4451353177456561,1.0,0.9249448605552304,0.2927213843719876,1.3154031464498144,0.05125607185457648
40,0.4396824072119036,1.0,0.9989186484161154,0.31797890372574356,1.279824938368106,0.0023255863931030962
40,0.43889875287180735,1.0,0.9603558514730713,0.35523784671142083,1.284016519016602,0.0019064514275355382
40,0.4380518152675981,1.0,0.9713486935143448,0.15821555808537982,1.3315976708340167,0.047008747573882514
40,0.4581897680587406,1.0,0.9810767053886882,0.3437939325082421,1.2788406489538653,0.05071084555967631
40,0.4567630446658506,1.0,1.0,0.36689801169724845,1.2676074593115272,0.035641527892896985
40,0.44238157628915936,1.0,0.9801019293547627,0.36689801169724845,1.274370109892462,0.002353959401808492
40,0.44153995347768266,1.0,1.0,0.31797890372574356,1.2770858056693433,0.0026450550989842725
40,0.439293987297237,1.0,1.0,0.36689801169724845,1.2809565484210366,0.013349089109509382
40,0.42154714361300405,1.0,0.973361903441829,0.14137268435659417,1.3357956003407836,0.0009116658097250152
40,0.4474180745811015,1.0,1.0,0.36689801169724845,1.2676074593115272,0.009910147327673702
40,0.4392215717135733,1.0,0.9989186484161154,0.31797890372574356,1.2811677430022332,0.0036683910272303777
41,0.4425593380077568,1.0,0.9879849824012817,0.36689801169724845,1.271658357164089,0.0001531342645284539
41,0.4438133836411283,1.0,1.0,0.36689801169724845,1.2679124390228966,0.00030497971136944635
41,0.44462327830306686,1.0,1.0,0.36689801169724845,1.2676074593115272,0.0020045608906873458
41,0.4425593380077568,1.0,0.9891864841611535,0.36689801169724845,1.2715052228995605,0.00025638385135584585
41,0.43711268942196047,1.0,0.9623690614005556,0.3383949729826352,1.2873488309116115,0.0001908448201695112
41,0.4404113124076483,1.0,0.9989186484161154,0.31797890372574356,1.2777067569798894,0.00020740500488658498
41,0.4431637910942948,1.0,0.9912410521705344,0.36689801169724845,1.2705508633656524,0.0007799095337401862
41,0.44349444964780416,1.0,1.0,0.36689801169724845,1.2688242438420376,0.0012167845305104397
41,0.4451353177456561,1.0,1.0,0.36689801169724845,1.2676074593115272,0.0034603847162892887
41,0.4421865391314212,1.0,1.0,0.3383949729826352,1.2730183622330122,0.0004411579967720236
41,0.4263233930834586,1.0,0.9211964723415884,0.28447953689140304,1.3199287648783837,0.00025029163233702967
41,0.4380518152675981,1.0,0.9523405493519252,0.36689801169724845,1.2845889232601342,0.0003115261300938865
41,0.4427726801513225,1.0,1.0,0.3437939325082421,1.2719700420921911,0.0010774713759202914
41,0.44336130411495867,1.0,1.0,0.36689801169724845,1.2692052835901722,0.001597824278644966
41,0.4463124372104008,1.0,1.0,0.36689801169724845,1.2676074593115272,0.006794488811108668
41,0.4387792588594457,1.0,0.9879849824012817,0.3125434472844652,1.2829089073441489,0.00044967904882065035
41,0.439293987297237,1.0,0.9679659636799087,0.3539422728241067,1.2814819648690412,0.0005254164480046342
41,0.43936608089948964,1.0,0.9711693673119178,0.35523784671142083,1.2807463620281645,0.0007270748875716215
41,0.42199893639839653,1.0,0.980180232614657,0.1350286187951722,1.3338219260541215,0.00036712055043808256
41,0.446626794717259,1.0,1.0,0.36689801169724845,1.2676074593115272,0.0076819098656033535
41,0.4257122446694782,1.0,0.980180232614657,0.16068135363832411,1.3258215325088263,0.0039978905640007945
41,0.4473485642137407,1.0,1.0,0.36689801169724845,1.2676074593115272,0.009714722531479314
41,0.43899226403581204,1.0,0.9711693673119178,0.33213376752241447,1.2851688928913876,0.003331931719794401
41,0.44554570797705706,1.0,0.9939135330991826,0.3644364213113515,1.270117850246388,0.007135176070714344
41,0.43711268942196047,1.0,0.9202232559160923,0.2612460109871544,1.3273489601770847,0.04000012926547325
41,0.4193956397476308,1.0,0.9989186484161154,0.1490211886524965,1.3417319025734744,0.02287149055072346
41,0.4408721479059786,1.0,0.9989186484161154,0.31797890372574356,1.2774993519750029,0.0011281582225344255
41,0.4507590709693545,1.0,1.0,0.36689801169724845,1.2676074593115272,0.019232116508449915
41,0.444489945184993,1.0,1.0,0.36689801169724845,1.2676074593115272,0.0016249195014095275
41,0.44460555617838354,1.0,1.0,0.3461043404271427,1.2715248314773784,0.005871485706065327
41,0.44524840324155324,1.0,1.0,0.36689801169724845,1.2676074593115272,0.003781456498817004
41,0.4380518152675981,1.0,0.9679659636799087,0.3282895379809548,1.2873124038452883,0.0027234805851541477
41,0.4455028050696531,1.0,0.992116946953481,0.3437939325082421,1.2748003448387715,0.011696042632960424
41,0.43170930310304817,1.0,1.0,0.18355251127728114,1.308594890110569,0.005133265255199637
41,0.4194605239896581,1.0,0.954232663195383,0.15018720515107925,1.3442956425766757,0.0027712857728647844
41,0.4440053915703374,1.0,1.0,0.3461043404271427,1.2715248314773784,0.00416069489834614
41,0.45761138207657626,1.0,0.9661853372340757,0.3539422728241067,1.2821408365484448,0.05245877049464753
41,0.4428282721055928,1.0,1.0,0.34124527685409656,1.2724635226510592,0.00173049775867673
41,0.42199893639839653,1.0,1.0,0.3437939325082421,1.3334548055036834,0.06148476341149234
41,0.437001127595244,1.0,0.9571064944167327,0.3383949729826352,1.289223985435938,0.001546507805130437
42,0.4425593380077568,1.0,0.9879849824012817,0.36689801169724845,1.271658357164089,0.0001531342645284539
42,0.4438133836411283,1.0,1.0,0.36689801169724845,1.2679124390228966,0.00030497971136944635
42,0.4425593380077568,1.0,0.9891864841611535,0.36689801169724845,1.2715052228995605,0.00025638385135584585
42,0.444489945184993,1.0,1.0,0.36689801169724845,1.2676074593115272,0.0016249195014095275
42,0.43711268942196047,1.0,0.9623690614005556,0.3383949729826352,1.2873488309116115,0.0001908448201695112
42,0.4404113124076483,1.0,0.9989186484161154,0.31797890372574356,1.2777067569798894,0.00020740500488658498
42,0.4431637910942948,1.0,0.9912410521705344,0.36689801169724845,1.2705508633656524,0.0007799095337401862
42,0.44349444964780416,1.0,1.0,0.36689801169724845,1.2688242438420376,0.0012167845305104397
42,0.4421865391314212,1.0,1.0,0.3383949729826352,1.2730183622330122,0.0004411579967720236
42,0.44462327830306686,1.0,1.0,0.36689801169724845,1.2676074593115272,0.0020045608906873458
42,0.4263233930834586,1.0,0.9211964723415884,0.28447953689140304,1.3199287648783837,0.00025029163233702967
42,0.4380518152675981,1.0,0.9523405493519252,0.36689801169724845,1.2845889232601342,0.0003115261300938865
42,0.4427726801513225,1.0,1.0,0.3437939325082421,1.2719700420921911,0.0010774713759202914
42,0.44336130411495867,1.0,1.0,0.36689801169724845,1.2692052835901722,0.001597824278644966
42,0.4387792588594457,1.0,0.9879849824012817,0.3125434472844652,1.2829089073441489,0.00044967904882065035
42,0.439293987297237,1.0,0.9679659636799087,0.3539422728241067,1.2814819648690412,0.0005254164480046342
42,0.43936608089948964,1.0,0.9711693673119178,0.35523784671142083,1.2807463620281645,0.0007270748875716215
42,0.4451353177456561,1.0,1.0,0.36689801169724845,1.2676074593115272,0.0034603847162892887
42,0.42199893639839653,1.0,0.980180232614657,0.1350286187951722,1.3338219260541215,0.00036712055043808256
42,0.44524840324155324,1.0,1.0,0.36689801169724845,1.2676074593115272,0.003781456498817004
42,0.4416543240788641,1.0,0.9891864841611535,0.33877257499584923,1.2768935176611502,0.0027827956822397137
42,0.43950320595834536,1.0,0.9624104194824522,0.35523784671142083,1.283250132946848,0.0029033639534823408
42,0.43840381511627324,1.0,0.9444574963054062,0.36689801169724845,1.287196819817708,0.0036393088992889844
42,0.44377827275069265,1.0,1.0,0.31142690031971526,1.2784267651204955,0.010414011284184621
42,0.4446935755913676,1.0,1.0,0.3125434472844652,1.2781969963605082,0.012794164809323938
42,0.4387844678979412,1.0,0.9989186484161154,0.2894758650111303,1.2834955060910271,0.0010515025357766827
42,0.4420256014544218,1.0,0.9901597005866497,0.36200610090009794,1.2730405385270933,0.0011667305979827791
42,0.44671256330028963,1.0,1.0,0.36689801169724845,1.2676074593115272,0.007923814924327921
42,0.44507457847714316,1.0,1.0,0.36689801169724845,1.2676074593115272,0.0032878667335862755
42,0.4248592330247222,1.0,0.9211964723415884,0.25882680204825115,1.327605974721056,0.003128439748623313
42,0.4488260693181505,1.0,1.0,0.3640477078257871,1.2681350727930627,0.014383233929383898
42,0.44727717905587827,1.0,1.0,0.36689801169724845,1.2676074593115272,0.00951396363835233
42,0.4107578472745022,1.0,0.9321893143828619,0.087457248265362,1.3820287455478366,0.01208167489494305
42,0.44336130411495867,1.0,1.0,0.36689801169724845,1.2692052835901722,0.001597824278644966
42,0.4387605258709316,1.0,0.9649895474632518,0.36689801169724845,1.2825139832072268,0.002821365711054291
42,0.4388034684548519,1.0,0.9711693673119178,0.35523784671142083,1.2823884726582304,0.00236918551763754
42,0.44312195045239455,1.0,0.9879849824012817,0.36689801169724845,1.271658357164089,0.0017675085005157687
42,0.44691271975827124,1.0,0.9889581988267778,0.36689801169724845,1.2713265709202992,0.012207094444924182
42,0.4455509301006409,1.0,1.0,0.36689801169724845,1.2676074593115272,0.0046395880487157815
42,0.42153568080438436,1.0,0.9981973494638927,0.09776967580949486,1.3351504945759527,0.00023026058145236838
43,0.4425593380077568,1.0,0.9879849824012817,0.36689801169724845,1.271658357164089,0.0001531342645284539
43,0.4438133836411283,1.0,1.0,0.36689801169724845,1.2679124390228966,0.00030497971136944635
43,0.4425593380077568,1.0,0.9891864841611535,0.36689801169724845,1.2715052228995605,0.00025638385135584585
43,0.444489945184993,1.0,1.0,0.36689801169724845,1.2676074593115272,0.0016249195014095275
43,0.43711268942196047,1.0,0.9623690614005556,0.3383949729826352,1.2873488309116115,0.0001908448201695112
43,0.4404113124076483,1.0,0.9989186484161154,0.31797890372574356,1.2777067569798894,0.00020740500488658498
43,0.4431637910942948,1.0,0.9912410521705344,0.36689801169724845,1.2705508633656524,0.0007799095337401862
43,0.44349444964780416,1.0,1.0,0.36689801169724845,1.2688242438420376,0.0012167845305104397
43,0.4421865391314212,1.0,1.0,0.3383949729826352,1.2730183622330122,0.0004411579967720236
43,0.44462327830306686,1.0,1.0,0.36689801169724845,1.2676074593115272,0.0020045608906873458
43,0.4263233930834586,1.0,0.9211964723415884,0.28447953689140304,1.3199287648783837,0.00025029163233702967
43,0.4380518152675981,1.0,0.9523405493519252,0.36689801169724845,1.2845889232601342,0.0003115261300938865
43,0.42153568080438436,1.0,0.9981973494638927,0.09776967580949486,1.3351504945759527,0.00023026058145236838
43,0.4427726801513225,1.0,1.0,0.3437939325082421,1.2719700420921911,0.0010774713759202914
43,0.44336130411495867,1.0,1.0,0.36689801169724845,1.2692052835901722,0.001597824278644966
43,0.44336130411495867,1.0,1.0,0.36689801169724845,1.2692052835901722,0.001597824278644966
43,0.4387792588594457,1.0,0.9879849824012817,0.3125434472844652,1.2829089073441489,0.00044967904882065035
43,0.439293987297237,1.0,0.9679659636799087,0.3539422728241067,1.2814819648690412,0.0005254164480046342
43,0.43936608089948964,1.0,0.9711693673119178,0.35523784671142083,1.2807463620281645,0.0007270748875716215
43,0.44507457847714316,1.0,1.0,0.36689801169724845,1.2676074593115272,0.0032878667335862755
43,0.4443701142054321,1.0,1.0,0.36689801169724845,1.2676074593115272,0.0012835285692529563
43,0.4451898523702728,1.0,1.0,0.31797890372574356,1.2770858056693433,0.013093585875155744
43,0.439067592230629,1.0,0.9891864841611535,0.36689801169724845,1.2816170440886123,0.010368205040407696
43,0.44745770894994225,1.0,1.0,0.36689801169724845,1.2676074593115272,0.010021550121825484
43,0.4404331747188502,1.0,0.9668386586716946,0.36689801169724845,1.279032435557253,0.0013891016442120208
43,0.43830903811162697,1.0,0.9571064944167327,0.36689801169724845,1.2838350587792222,0.001299363112395202
43,0.4372766723062871,1.0,0.9912410521705344,0.17194630313475573,1.3164290445947717,0.029562981658939114
43,0.44349444964780416,1.0,1.0,0.36689801169724845,1.2688242438420376,0.0012167845305104397
43,0.4423557115155885,1.0,0.9721425837374139,0.36689801169724845,1.2771527265207319,0.005062200569832198
43,0.4395697119316057,1.0,0.988105132577269,0.31797890372574356,1.281684597977884,0.0015315427584148278
43,0.421900500065209,1.0,0.9863625969187851,0.12468250939827022,1.333765922464184,0.0002725520684967453
43,0.44603189211095906,1.0,1.0,0.36689801169724845,1.2676074593115272,0.0060014627839350965
43,0.4415496672186806,1.0,0.9891864841611535,0.09776967580949486,1.3406463402707265,0.06623362638176333
43,0.42631422076700887,1.0,1.0,0.09776967580949486,1.3340629232503307,0.014105759590709033
43,0.43942074624115135,1.0,0.9711693673119178,0.35523784671142083,1.2805870330981999,0.0005677459576070021
43,0.43631426880808555,1.0,0.9426083850969634,0.36689801169724845,1.289704577480019,0.0018158844144104958
43,0.43881808754882373,1.0,0.9711693673119178,0.35523784671142083,1.282345750268066,0.0023264631274730885
43,0.4334419199223502,1.0,0.9613958449750595,0.29436777580828083,1.2982904660704349,3.9226795060409714e-05
43,0.43936608089948964,1.0,0.9553186394216535,0.34124527685409656,1.289242897039653,0.008496535011488504
43,0.4460876492363886,1.0,1.0,0.36689801169724845,1.2676074593115272,0.006159152699255044
44,0.4425593380077568,1.0,0.9879849824012817,0.36689801169724845,1.271658357164089,0.0001531342645284539
44,0.4438133836411283,1.0,1.0,0.36689801169724845,1.2679124390228966,0.00030497971136944635
44,0.4425593380077568,1.0,0.9891864841611535,0.36689801169724845,1.2715052228995605,0.00025638385135584585
44,0.4443701142054321,1.0,1.0,0.36689801169724845,1.2676074593115272,0.0012835285692529563
44,0.4334419199223502,1.0,0.9613958449750595,0.29436777580828083,1.2982904660704349,3.9226795060409714e-05
44,0.43711268942196047,1.0,0.9623690614005556,0.3383949729826352,1.2873488309116115,0.0001908448201695112
44,0.4404113124076483,1.0,0.9989186484161154,0.31797890372574356,1.2777067569798894,0.00020740500488658498
44,0.4431637910942948,1.0,0.9912410521705344,0.36689801169724845,1.2705508633656524,0.0007799095337401862
44,0.44349444964780416,1.0,1.0,0.36689801169724845,1.2688242438420376,0.0012167845305104397
44,0.44349444964780416,1.0,1.0,0.36689801169724845,1.2688242438420376,0.0012167845305104397
44,0.4421865391314212,1.0,1.0,0.3383949729826352,1.2730183622330122,0.0004411579967720236
44,0.444489945184993,1.0,1.0,0.36689801169724845,1.2676074593115272,0.0016249195014095275
44,0.42153568080438436,1.0,0.9981973494638927,0.09776967580949486,1.3351504945759527,0.00023026058145236838
44,0.44462327830306686,1.0,1.0,0.36689801169724845,1.2676074593115272,0.0020045608906873458
44,0.4263233930834586,1.0,0.9211964723415884,0.28447953689140304,1.3199287648783837,0.00025029163233702967
44,0.4427726801513225,1.0,1.0,0.3437939325082421,1.2719700420921911,0.0010774713759202914
44,0.4380518152675981,1.0,0.9523405493519252,0.36689801169724845,1.2845889232601342,0.0003115261300938865
44,0.43942074624115135,1.0,0.9711693673119178,0.35523784671142083,1.2805870330981999,0.0005677459576070021
44,0.44336130411495867,1.0,1.0,0.36689801169724845,1.2692052835901722,0.001597824278644966
44,0.44336130411495867,1.0,1.0,0.36689801169724845,1.2692052835901722,0.001597824278644966
44,0.46016328053250927,1.0,1.0,0.36689801169724845,1.2676074593115272,0.04474476344998091
44,0.4377162962788961,1.0,0.9631540651907717,0.34124527685409656,1.2861878618739597,0.0006142734800176353
44,0.4340915124691837,1.0,0.9613958449750595,0.31516144707838656,1.2963084822695743,0.003195295895072281
44,0.4642732873966184,1.0,1.0,0.36689801169724845,1.2676074593115272,0.05557022810510093
44,0.4463501073136335,1.0,0.9889581988267778,0.29436777580828083,1.286531515200084,0.0258249521002043
44,0.44030346452604346,1.0,0.9989186484161154,0.31797890372574356,1.2780197183300523,0.0005203663550494841
44,0.4404113124076483,1.0,0.9640899779248557,0.25882680204825115,1.3062985566801026,0.028591799700213194
44,0.44324147313539775,1.0,1.0,0.36689801169724845,1.2695484150913323,0.0019409557798051313
44,0.4428602466070853,1.0,1.0,0.36689801169724845,1.2706412779920442,0.0030338186805169975
44,0.44363562192253087,1.0,0.992116946953481,0.36689801169724845,1.2702541842228214,0.001833701475421723
44,0.4440053915703374,1.0,1.0,0.3461043404271427,1.2715248314773784,0.00416069489834614
44,0.44402421121507674,1.0,1.0,0.36689801169724845,1.2676074593115272,0.00029703904378974855
44,0.43350642950922946,1.0,0.9282758617286505,0.35523784671142083,1.29805804802095,0.001635163836512854
44,0.423400899135217,1.0,0.9896186666880378,0.12468250939827022,1.3315742739335534,0.0025347966635920205
44,0.42393895512405005,1.0,0.9983776145175034,0.12468250939827022,1.3273526833582188,0.0008787221172701365
44,0.4390128359213302,1.0,0.9620374129820077,0.3564038632100036,1.2831230741991542,0.0013461791600302142
44,0.4580132889156678,1.0,1.0,0.36689801169724845,1.2676074593115272,0.03900443974641621
44,0.4397114052223685,1.0,0.9571064944167327,0.36689801169724845,1.282535695666827,0.002795158968613709
44,0.44331518020145555,1.0,1.0,0.3383949729826352,1.2730183622330122,0.003681026511082708
44,0.4456257219542904,1.0,1.0,0.36689801169724845,1.2676074593115272,0.004851558999506622
45,0.4425593380077568,1.0,0.9879849824012817,0.36689801169724845,1.271658357164089,0.0001531342645284539
45,0.4425593380077568,1.0,0.9891864841611535,0.36689801169724845,1.2715052228995605,0.00025638385135584585
45,0.4334419199223502,1.0,0.9613958449750595,0.29436777580828083,1.2982904660704349,3.9226795060409714e-05
45,0.44402421121507674,1.0,1.0,0.36689801169724845,1.2676074593115272,0.00029703904378974855
45,0.43711268942196047,1.0,0.9623690614005556,0.3383949729826352,1.2873488309116115,0.0001908448201695112
45,0.4404113124076483,1.0,0.9989186484161154,0.31797890372574356,1.2777067569798894,0.00020740500488658498
45,0.4438133836411283,1.0,1.0,0.36689801169724845,1.2679124390228966,0.00030497971136944635
45,0.4443701142054321,1.0,1.0,0.36689801169724845,1.2676074593115272,0.0012835285692529563
45,0.42153568080438436,1.0,0.9981973494638927,0.09776967580949486,1.3351504945759527,0.00023026058145236838
45,0.4263233930834586,1.0,0.9211964723415884,0.28447953689140304,1.3199287648783837,0.00025029163233702967
45,0.4431637910942948,1.0,0.9912410521705344,0.36689801169724845,1.2705508633656524,0.0007799095337401862
45,0.44349444964780416,1.0,1.0,0.36689801169724845,1.2688242438420376,0.0012167845305104397
45,0.44349444964780416,1.0,1.0,0.36689801169724845,1.2688242438420376,0.0012167845305104397
45,0.4421865391314212,1.0,1.0,0.3383949729826352,1.2730183622330122,0.0004411579967720236
45,0.4380518152675981,1.0,0.9523405493519252,0.36689801169724845,1.2845889232601342,0.0003115261300938865
45,0.444489945184993,1.0,1.0,0.36689801169724845,1.2676074593115272,0.0016249195014095275
45,0.44030346452604346,1.0,0.9989186484161154,0.31797890372574356,1.2780197183300523,0.0005203663550494841
45,0.44462327830306686,1.0,1.0,0.36689801169724845,1.2676074593115272,0.0020045608906873458
45,0.4427726801513225,1.0,1.0,0.3437939325082421,1.2719700420921911,0.0010774713759202914
45,0.44336130411495867,1.0,1.0,0.36689801169724845,1.2692052835901722,0.001597824278644966
45,0.4441570420591524,1.0,0.9901597005866496,0.36689801169724845,1.2709178579184903,0.003986443039636356
45,0.44158843187239294,1.0,0.9989186484161154,0.34363163856889545,1.2743008401081688,0.0019136713543930206
45,0.4380518152675981,1.0,0.9523405493519252,0.36689801169724845,1.2845889232601342,0.0003115261300938865
45,0.44402421121507674,1.0,0.9523405493519252,0.34124527685409656,1.2904172399417067,0.023106819673969214
45,0.4499385279469986,1.0,1.0,0.36689801169724845,1.2676074593115272,0.016955481788557103
45,0.4315088046196358,1.0,0.9640899779248557,0.28447953689140304,1.3040672720068671,0.004457262242125726
45,0.4282049459052061,1.0,0.9369598781539487,0.2927213843719876,1.314128935357469,0.004372286929775759
45,0.44096163395636123,1.0,0.9882132677356574,0.34852354936604596,1.2761121748086497,0.0008591822245169745
45,0.4413413258703473,1.0,1.0,0.3127422381394833,1.2781561423420937,0.0031418241007181713
45,0.4420825525972115,1.0,0.9891864841611535,0.36689801169724845,1.272876539489138,0.0016277004409332996
45,0.4391126954398727,1.0,0.9990267835745039,0.2997667353338877,1.2814854035275935,0.00023802486156876412
45,0.44349444964780416,1.0,1.0,0.36689801169724845,1.2688242438420376,0.0012167845305104397
45,0.44349444964780416,1.0,1.0,0.3383949729826352,1.2730183622330122,0.0041941183909746105
45,0.4410172188298223,1.0,1.0,0.3383949729826352,1.2759513363411943,0.0029329741081820515
45,0.42560162358697695,1.0,0.9114643080866266,0.28447953689140304,1.324494733121038,0.0023275267871205596
45,0.4341909427938437,1.0,0.9650508036766154,0.29232616888259166,1.297202769709032,0.0011911438688556597
45,0.4391258402728913,1.0,0.9571064944167327,0.36689801169724845,1.282535695666827,0.0010886522402839827
45,0.44043410703845004,1.0,0.9870117659757857,0.3436644857929998,1.2776406293724523,0.0009565113137752768
45,0.4257166424337738,1.0,1.0,0.26421834565737434,1.3218099871608109,0.03317443074013182
45,0.4460354886879695,1.0,1.0,0.34852354936604596,1.2710608217767105,0.009464998123762225
46,0.4425593380077568,1.0,0.9879849824012817,0.36689801169724845,1.271658357164089,0.0001531342645284539
46,0.4425593380077568,1.0,0.9891864841611535,0.36689801169724845,1.2715052228995605,0.00025638385135584585
46,0.4334419199223502,1.0,0.9613958449750595,0.29436777580828083,1.2982904660704349,3.9226795060409714e-05
46,0.44402421121507674,1.0,1.0,0.36689801169724845,1.2676074593115272,0.00029703904378974855
46,0.43711268942196047,1.0,0.9623690614005556,0.3383949729826352,1.2873488309116115,0.0001908448201695112
46,0.4404113124076483,1.0,0.9989186484161154,0.31797890372574356,1.2777067569798894,0.00020740500488658498
46,0.4438133836411283,1.0,1.0,0.36689801169724845,1.2679124390228966,0.00030497971136944635
46,0.4443701142054321,1.0,1.0,0.36689801169724845,1.2676074593115272,0.0012835285692529563
46,0.42153568080438436,1.0,0.9981973494638927,0.09776967580949486,1.3351504945759527,0.00023026058145236838
46,0.4391126954398727,1.0,0.9990267835745039,0.2997667353338877,1.2814854035275935,0.00023802486156876412
46,0.4431637910942948,1.0,0.9912410521705344,0.36689801169724845,1.2705508633656524,0.0007799095337401862
46,0.44349444964780416,1.0,1.0,0.36689801169724845,1.2688242438420376,0.0012167845305104397
46,0.44349444964780416,1.0,1.0,0.36689801169724845,1.2688242438420376,0.0012167845305104397
46,0.4421865391314212,1.0,1.0,0.3383949729826352,1.2730183622330122,0.0004411579967720236
46,0.44349444964780416,1.0,1.0,0.36689801169724845,1.2688242438420376,0.0012167845305104397
46,0.444489945184993,1.0,1.0,0.36689801169724845,1.2676074593115272,0.0016249195014095275
46,0.4263233930834586,1.0,0.9211964723415884,0.28447953689140304,1.3199287648783837,0.00025029163233702967
46,0.44462327830306686,1.0,1.0,0.36689801169724845,1.2676074593115272,0.0020045608906873458
46,0.4380518152675981,1.0,0.9523405493519252,0.36689801169724845,1.2845889232601342,0.0003115261300938865
46,0.44336130411495867,1.0,1.0,0.36689801169724845,1.2692052835901722,0.001597824278644966
46,0.41797275918637894,1.0,0.9879849824012817,0.05374247863514046,1.3570518999780337,0.010752416871962156
46,0.42365874453196173,1.0,0.9281036086819335,0.36689801169724845,1.3282306028753688,0.034819094720524246
46,0.42283561170525635,1.0,0.9983776145175034,0.12468250939827022,1.3308162654302953,0.0043423041893466685
46,0.4447875378831514,1.0,1.0,0.36689801169724845,1.2676074593115272,0.002471946737805375
46,0.42855711547414715,1.0,0.9709971142652007,0.3383949729826352,1.3130490414462317,0.029229834283456935
46,0.4483136929925704,1.0,1.0,0.36689801169724845,1.2676074593115272,0.012422711373255346
46,0.4433166879292067,1.0,0.992116946953481,0.36689801169724845,1.2702541842228214,0.0009211655391954121
46,0.4266104336774504,1.0,0.9211964723415884,0.28447953689140304,1.3196784732460467,0.0006378093279313379
46,0.4418568189806732,1.0,0.9981973494638927,0.09776967580949486,1.3351504945759527,0.06162367424543658
46,0.4451241482257119,1.0,1.0,0.36689801169724845,1.2676074593115272,0.0034286634178903874
46,0.4453315456610356,1.0,1.0,0.36689801169724845,1.2676074593115272,0.004017410031564417
46,0.42542744709998864,1.0,0.9211964723415884,0.28447953689140304,1.3227085217573553,0.003030048511308614
46,0.44125775189268307,1.0,0.9991241052170535,0.3321325978133757,1.2752558052576506,0.000684851476273618
46,0.4436648486021682,1.0,0.9912410521705344,0.36689801169724845,1.2705508633656524,0.002213938554221473
46,0.4436968231036607,1.0,0.9902678357450382,0.36689801169724845,1.2708811223956789,0.0026355988264752384
46,0.44042623392776753,1.0,1.0,0.2997667353338877,1.2808574856292936,0.0031940170041133698
46,0.43321229049698984,1.0,0.9514646545689788,0.28447953689140304,1.3053290703535705,0.006389677274853955
46,0.42544386631687237,1.0,0.9290795253881075,0.25882680204825115,1.3235424920418122,0.0008850177663013437
46,0.4272029198500449,1.0,0.9133134192950694,0.31013227173455493,1.3172112912328673,0.0015134072031595114
46,0.43887969409980754,1.0,0.9661321552605,0.34124527685409656,1.2850396999081606,0.0028739554588299576
47,0.4425593380077568,1.0,0.9879849824012817,0.36689801169724845,1.271658357164089,0.0001531342645284539
47,0.4425593380077568,1.0,0.9891864841611535,0.36689801169724845,1.2715052228995605,0.00025638385135584585
47,0.4334419199223502,1.0,0.9613958449750595,0.29436777580828083,1.2982904660704349,3.9226795060409714e-05
47,0.44402421121507674,1.0,1.0,0.36689801169724845,1.2676074593115272,0.00029703904378974855
47,0.43711268942196047,1.0,0.9623690614005556,0.3383949729826352,1.2873488309116115,0.0001908448201695112
47,0.4404113124076483,1.0,0.9989186484161154,0.31797890372574356,1.2777067569798894,0.00020740500488658498
47,0.4438133836411283,1.0,1.0,0.36689801169724845,1.2679124390228966,0.00030497971136944635
47,0.4443701142054321,1.0,1.0,0.36689801169724845,1.2676074593115272,0.0012835285692529563
47,0.42153568080438436,1.0,0.9981973494638927,0.09776967580949486,1.3351504945759527,0.00023026058145236838
47,0.4391126954398727,1.0,0.9990267835745039,0.2997667353338877,1.2814854035275935,0.00023802486156876412
47,0.4431637910942948,1.0,0.9912410521705344,0.36689801169724845,1.2705508633656524,0.0007799095337401862
47,0.44349444964780416,1.0,1.0,0.36689801169724845,1.2688242438420376,0.0012167845305104397
47,0.44349444964780416,1.0,1.0,0.36689801169724845,1.2688242438420376,0.0012167845305104397
47,0.4421865391314212,1.0,1.0,0.3383949729826352,1.2730183622330122,0.0004411579967720236
47,0.44349444964780416,1.0,1.0,0.36689801169724845,1.2688242438420376,0.0012167845305104397
47,0.4433166879292067,1.0,0.992116946953481,0.36689801169724845,1.2702541842228214,0.0009211655391954121
47,0.444489945184993,1.0,1.0,0.36689801169724845,1.2676074593115272,0.0016249195014095275
47,0.4263233930834586,1.0,0.9211964723415884,0.28447953689140304,1.3199287648783837,0.00025029163233702967
47,0.44462327830306686,1.0,1.0,0.36689801169724845,1.2676074593115272,0.0020045608906873458
47,0.4380518152675981,1.0,0.9523405493519252,0.36689801169724845,1.2845889232601342,0.0003115261300938865
47,0.4459386146104351,1.0,0.9922142685960305,0.36689801169724845,1.2702212522068015,0.008351364080942947
47,0.4208989098471013,1.0,0.9911026017220256,0.09776967580949486,1.3394693090567265,0.002529496457029934
47,0.4499984346557976,1.0,1.0,0.36689801169724845,1.2676074593115272,0.017121976686960583
47,0.4051857839130034,1.0,0.9272741745713223,0.02359304848423399,1.4135348265379664,0.024748418070651423
47,0.4383388558615899,1.0,0.9523405493519252,0.36689801169724845,1.2842773971300403,0.0005296704962054477
47,0.44083394089940126,1.0,1.0,0.3127422381394833,1.2781561423420937,0.0016743257043165816
47,0.41560777787728936,1.0,0.9543178263815383,0.10754124689249567,1.3592679655180762,0.005307477792254822
47,0.434744765593054,1.0,0.9731393135240726,0.30162079939717756,1.2943606323341321,0.0028973989162026648
47,0.4442825477496693,1.0,1.0,0.36689801169724845,1.2676074593115272,0.0010339407815382895
47,0.4388936714037771,1.0,0.9649895474632518,0.36689801169724845,1.2821249117340823,0.0024322942379098045
47,0.4353751429624479,1.0,0.9526368971455937,0.3383949729826352,1.2924865344170304,0.0014899308378073517
47,0.445971680465786,1.0,0.993090163378977,0.36689801169724845,1.2699251545194419,0.008148825713438113
47,0.4272193390669286,1.0,0.9211964723415884,0.36689801169724845,1.3171606671720064,0.02105807953370742
47,0.42069408032834177,1.0,0.9884651852089309,0.09776967580949486,1.3410906014539492,0.0034998532918588676
47,0.4212486402103926,1.0,0.9981973494638927,0.36689801169724845,1.335829854250595,0.06762084407649249
47,0.43681138277869047,1.0,0.9571064944167327,0.3383949729826352,1.289223985435938,0.0009871585394138904
47,0.4273393388731951,1.0,0.9211964723415884,0.28447953689140304,1.3196784732460467,0.002887673788370959
47,0.4396495193189937,1.0,0.9211964723415884,0.36689801169724845,1.296102587638299,0.016181912226090445
47,0.4440053915703374,1.0,1.0,0.36689801169724845,1.2676074593115272,0.00024332273249494385
47,0.4425593380077568,1.0,0.9891864841611535,0.36689801169724845,1.2715052228995605,0.00025638385135584585
48,0.4425593380077568,1.0,0.9879849824012817,0.36689801169724845,1.271658357164089,0.0001531342645284539
48,0.4334419199223502,1.0,0.9613958449750595,0.29436777580828083,1.2982904660704349,3.9226795060409714e-05
48,0.4440053915703374,1.0,1.0,0.36689801169724845,1.2676074593115272,0.00024332273249494385
48,0.43711268942196047,1.0,0.9623690614005556,0.3383949729826352,1.2873488309116115,0.0001908448201695112
48,0.4404113124076483,1.0,0.9989186484161154,0.31797890372574356,1.2777067569798894,0.00020740500488658498
48,0.4425593380077568,1.0,0.9891864841611535,0.36689801169724845,1.2715052228995605,0.00025638385135584585
48,0.44402421121507674,1.0,1.0,0.36689801169724845,1.2676074593115272,0.00029703904378974855
48,0.4425593380077568,1.0,0.9891864841611535,0.36689801169724845,1.2715052228995605,0.00025638385135584585
48,0.42153568080438436,1.0,0.9981973494638927,0.09776967580949486,1.3351504945759527,0.00023026058145236838
48,0.4391126954398727,1.0,0.9990267835745039,0.2997667353338877,1.2814854035275935,0.00023802486156876412
48,0.4438133836411283,1.0,1.0,0.36689801169724845,1.2679124390228966,0.00030497971136944635
48,0.4442825477496693,1.0,1.0,0.36689801169724845,1.2676074593115272,0.0010339407815382895
48,0.4263233930834586,1.0,0.9211964723415884,0.28447953689140304,1.3199287648783837,0.00025029163233702967
48,0.4443701142054321,1.0,1.0,0.36689801169724845,1.2676074593115272,0.0012835285692529563
48,0.4380518152675981,1.0,0.9523405493519252,0.36689801169724845,1.2845889232601342,0.0003115261300938865
48,0.4421865391314212,1.0,1.0,0.3383949729826352,1.2730183622330122,0.0004411579967720236
48,0.4431637910942948,1.0,0.9912410521705344,0.36689801169724845,1.2705508633656524,0.0007799095337401862
48,0.4433166879292067,1.0,0.992116946953481,0.36689801169724845,1.2702541842228214,0.0009211655391954121
48,0.44349444964780416,1.0,1.0,0.36689801169724845,1.2688242438420376,0.0012167845305104397
48,0.44349444964780416,1.0,1.0,0.36689801169724845,1.2688242438420376,0.0012167845305104397
48,0.4568755813810383,1.0,0.9639914468830522,0.36689801169724845,1.2800500184789412,0.0483875425402962
48,0.44036429834864604,1.0,0.9613958449750595,0.36689801169724845,1.2809829287776495,0.0031397616006823004
48,0.44821867165642343,1.0,1.0,0.36689801169724845,1.2676074593115272,0.01215661506996324
48,0.4468796095472121,1.0,0.993090163378977,0.36689801169724845,1.2699251545194419,0.010712387344220975
48,0.43718418165502604,1.0,0.9462929785778862,0.36689801169724845,1.2871383122187867,0.0006255920739657306
48,0.44746132173497355,1.0,1.0,0.36689801169724845,1.2676074593115272,0.010031703820742921
48,0.4377162962788961,1.0,0.9620727136068871,0.34124527685409656,1.286606521313681,0.001032932919738938
48,0.44305730792173453,1.0,0.9929052522581329,0.36689801169724845,1.2700761270834673,8.850655393444207e-05
48,0.4282644000684347,1.0,0.9290768251074296,0.09776967580949486,1.3800355332274972,0.06608903291723567
48,0.44356621899759385,1.0,0.9958680354478008,0.36689801169724845,1.268989535606964,0.0003705884869771303
48,0.4416627830539167,1.0,0.992116946953481,0.34124527685409656,1.275314076223654,0.0012277567327967365
48,0.42463765911548007,1.0,1.0,0.15818782453651953,1.3251686410440124,0.009543766880047544
48,0.438863254878474,1.0,0.9990267835745039,0.2997667353338877,1.2822137726361906,0.0009663939701658464
48,0.4425593380077568,1.0,0.9891864841611535,0.36689801169724845,1.2715052228995605,0.00025638385135584585
48,0.4289070131450945,1.0,0.9373574861330709,0.36689801169724845,1.3119778703385327,0.02210959144971647
48,0.45399291445432094,1.0,1.0,0.36689801169724845,1.2676074593115272,0.028124436920710982
48,0.42483586399670636,1.0,0.9281036086819335,0.2512428428517787,1.326383586138145,0.001833195375579466
48,0.426824450591332,1.0,0.9211964723415884,0.28447953689140304,1.3196784732460467,0.0012991983629868642
48,0.44279624972312137,1.0,1.0,0.34124527685409656,1.2724635226510592,0.0016386001898158753
48,0.4254196190760043,1.0,0.9983776145175034,0.15033524424142214,1.322732860536161,0.00395730744243461
49,0.4334419199223502,1.0,0.9613958449750595,0.29436777580828083,1.2982904660704349,3.9226795060409714e-05
49,0.4440053915703374,1.0,1.0,0.36689801169724845,1.2676074593115272,0.00024332273249494385
49,0.44305730792173453,1.0,0.9929052522581329,0.36689801169724845,1.2700761270834673,8.850655393444207e-05
49,0.44402421121507674,1.0,1.0,0.36689801169724845,1.2676074593115272,0.00029703904378974855
49,0.4425593380077568,1.0,0.9879849824012817,0.36689801169724845,1.271658357164089,0.0001531342645284539
49,0.4425593380077568,1.0,0.9891864841611535,0.36689801169724845,1.2715052228995605,0.00025638385135584585
49,0.4425593380077568,1.0,0.9891864841611535,0.36689801169724845,1.2715052228995605,0.00025638385135584585
49,0.4425593380077568,1.0,0.9891864841611535,0.36689801169724845,1.2715052228995605,0.00025638385135584585
49,0.4438133836411283,1.0,1.0,0.36689801169724845,1.2679124390228966,0.00030497971136944635
49,0.4442825477496693,1.0,1.0,0.36689801169724845,1.2676074593115272,0.0010339407815382895
49,0.43711268942196047,1.0,0.9623690614005556,0.3383949729826352,1.2873488309116115,0.0001908448201695112
49,0.4404113124076483,1.0,0.9989186484161154,0.31797890372574356,1.2777067569798894,0.00020740500488658498
49,0.44356621899759385,1.0,0.9958680354478008,0.36689801169724845,1.268989535606964,0.0003705884869771303
49,0.4443701142054321,1.0,1.0,0.36689801169724845,1.2676074593115272,0.0012835285692529563
49,0.44349444964780416,1.0,1.0,0.36689801169724845,1.2688242438420376,0.0012167845305104397
49,0.44349444964780416,1.0,1.0,0.36689801169724845,1.2688242438420376,0.0012167845305104397
49,0.42153568080438436,1.0,0.9981973494638927,0.09776967580949486,1.3351504945759527,0.00023026058145236838
49,0.4391126954398727,1.0,0.9990267835745039,0.2997667353338877,1.2814854035275935,0.00023802486156876412
49,0.44746132173497355,1.0,1.0,0.36689801169724845,1.2676074593115272,0.010031703820742921
49,0.4263233930834586,1.0,0.9211964723415884,0.28447953689140304,1.3199287648783837,0.00025029163233702967
49,0.443376354858816,1.0,0.9939866038420174,0.36689801169724845,1.2696226516741964,0.0004604522119286969
49,0.4412529128836909,1.0,1.0,0.31797890372574356,1.2770858056693433,0.001816015293147677
49,0.44397720992715467,1.0,0.9990267835745039,0.36689801169724845,1.2679319554422246,0.0004873723830562948
49,0.4513271473067191,1.0,1.0,0.36689801169724845,1.2676074593115272,0.02080342125946344
49,0.42111343310669747,1.0,0.9981973494638927,0.09776967580949486,1.336258749818854,0.0011082552429013681
49,0.45872257720734644,1.0,1.0,0.36689801169724845,1.2676074593115272,0.04090413637853785
49,0.4478547492884362,1.0,1.0,0.36689801169724845,1.2676074593115272,0.011136448054131165
49,0.43070601526695806,1.0,0.9261896260304316,0.32949555795744523,1.3064979121224065,0.0022004444587959693
49,0.4624157411308394,1.0,0.9908088696436501,0.36689801169724845,1.2706974435497582,0.053791400519500154
49,0.4175111836038939,1.0,0.8904726700824891,0.22019114848301996,1.3581185757437475,0.010330703844682043
49,0.44204101098555604,1.0,1.0,0.31797890372574356,1.2770858056693433,0.004089645282019161
49,0.4431063712673139,1.0,0.9958680354478008,0.36689801169724845,1.2699354967792442,0.0009459611722801853
49,0.44612225962576224,1.0,0.9901597005866496,0.36689801169724845,1.2709178579184903,0.009567415100338872
49,0.4216587385140495,1.0,0.8914458865079852,0.26421834565737434,1.3417020316592199,0.007171383391723296
49,0.4447836052575427,1.0,1.0,0.36689801169724845,1.2676074593115272,0.00246076083921265
49,0.4436879790777912,1.0,1.0,0.36689801169724845,1.2682708034882526,0.0006633441767254222
49,0.44976779541833606,1.0,0.9981973494638927,0.36689801169724845,1.2682090101741026,0.01708228328868433
49,0.4391126954398727,1.0,1.0,0.36689801169724845,1.2814854035275935,0.013877944216066362
49,0.4419365204196861,1.0,0.986135871192839,0.36689801169724845,1.2732971449919044,0.0010065897730522355
49,0.4534918524754198,1.0,0.9630182304575561,0.36689801169724845,1.2803992222821812,0.03954669829777746
50,0.4334419199223502,1.0,0.9613958449750595,0.29436777580828083,1.2982904660704349,3.9226795060409714e-05
50,0.4440053915703374,1.0,1.0,0.36689801169724845,1.2676074593115272,0.00024332273249494385
50,0.44305730792173453,1.0,0.9929052522581329,0.36689801169724845,1.2700761270834673,8.850655393444207e-05
50,0.44402421121507674,1.0,1.0,0.36689801169724845,1.2676074593115272,0.00029703904378974855
50,0.4425593380077568,1.0,0.9879849824012817,0.36689801169724845,1.271658357164089,0.0001531342645284539
50,0.4425593380077568,1.0,0.9891864841611535,0.36689801169724845,1.2715052228995605,0.00025638385135584585
50,0.4425593380077568,1.0,0.9891864841611535,0.36689801169724845,1.2715052228995605,0.00025638385135584585
50,0.4425593380077568,1.0,0.9891864841611535,0.36689801169724845,1.2715052228995605,0.00025638385135584585
50,0.4438133836411283,1.0,1.0,0.36689801169724845,1.2679124390228966,0.00030497971136944635
50,0.4442825477496693,1.0,1.0,0.36689801169724845,1.2676074593115272,0.0010339407815382895
50,0.43711268942196047,1.0,0.9623690614005556,0.3383949729826352,1.2873488309116115,0.0001908448201695112
50,0.4404113124076483,1.0,0.9989186484161154,0.31797890372574356,1.2777067569798894,0.00020740500488658498
50,0.44356621899759385,1.0,0.9958680354478008,0.36689801169724845,1.268989535606964,0.0003705884869771303
50,0.44397720992715467,1.0,0.9990267835745039,0.36689801169724845,1.2679319554422246,0.0004873723830562948
50,0.4443701142054321,1.0,1.0,0.36689801169724845,1.2676074593115272,0.0012835285692529563
50,0.42153568080438436,1.0,0.9981973494638927,0.09776967580949486,1.3351504945759527,0.00023026058145236838
50,0.4391126954398727,1.0,0.9990267835745039,0.2997667353338877,1.2814854035275935,0.00023802486156876412
50,0.4447836052575427,1.0,1.0,0.36689801169724845,1.2676074593115272,0.00246076083921265
50,0.4263233930834586,1.0,0.9211964723415884,0.28447953689140304,1.3199287648783837,0.00025029163233702967
50,0.443376354858816,1.0,0.9939866038420174,0.36689801169724845,1.2696226516741964,0.0004604522119286969
50,0.4279940704691888,1.0,0.9613958449750595,0.1851006581252949,1.3288537618894254,0.014077346740296814
50,0.4440053915703374,1.0,0.9980427536331689,0.36689801169724845,1.268260700520595,0.0008965639415627891
50,0.44292540310172995,1.0,0.9939866038420174,0.36689801169724845,1.2704543604414633,0.0008317087672669032
50,0.4451959175755016,1.0,1.0,0.36689801169724845,1.2676074593115272,0.003632459738596827
50,0.4465349796847129,1.0,1.0,0.34852354936604596,1.2710608217767105,0.01087621064394928
50,0.45807788133047855,1.0,1.0,0.36689801169724845,1.2676074593115272,0.03917768198084559
50,0.4643324803027389,1.0,1.0,0.36689801169724845,1.2676074593115272,0.055724738092944204
50,0.44323271648982143,1.0,0.9902678357450382,0.36689801169724845,1.2708811223956789,0.0013076257048294515
50,0.4500979013027183,1.0,1.0,0.36689801169724845,1.2676074593115272,0.01739832011656417
50,0.4597965230990942,1.0,0.999773274274054,0.36689801169724845,1.2676829992283305,0.043844884980070775
50,0.4459574342551744,1.0,0.9901597005866497,0.36689801169724845,1.2709178579184903,0.009101221383757796
50,0.441755859715412,1.0,0.983173088003171,0.36689801169724845,1.2738178732479868,0.0005094057414356534
50,0.4426588240405667,1.0,0.9892946193195421,0.36689801169724845,1.2712194565188455,7.425309938913216e-06
50,0.44350433406246403,1.0,1.0,0.36689801169724845,1.268795965460148,0.0011885061486207604
50,0.43930772908107124,1.0,0.9882132677356574,0.32287081452289407,1.2809164794061203,0.0003222917020195837
50,0.42677156600603855,1.0,0.9245433636288698,0.28447953689140304,1.318542645516443,0.0004970530218593172
50,0.4331688380571428,1.0,0.959242864319571,0.30162079939717756,1.2990696935083723,0.0016758837024510864
50,0.4399553296106388,1.0,1.0,0.3064798629702238,1.279451042621804,0.00042003233647802674
50,0.44216408269228763,1.0,0.9211964723415884,0.36689801169724845,1.296102587638299,0.023460752298847032
50,0.4555157636911101,1.0,1.0,0.36689801169724845,1.2676074593115272,0.03226819202420539
51,0.4440053915703374,1.0,1.0,0.36689801169724845,1.2676074593115272,0.00024332273249494385
51,0.44305730792173453,1.0,0.9929052522581329,0.36689801169724845,1.2700761270834673,8.850655393444207e-05
51,0.4426588240405667,1.0,0.9892946193195421,0.36689801169724845,1.2712194565188455,7.425309938913216e-06
51,0.44402421121507674,1.0,1.0,0.36689801169724845,1.2676074593115272,0.00029703904378974855
51,0.4334419199223502,1.0,0.9613958449750595,0.29436777580828083,1.2982904660704349,3.9226795060409714e-05
51,0.4425593380077568,1.0,0.9879849824012817,0.36689801169724845,1.271658357164089,0.0001531342645284539
51,0.4425593380077568,1.0,0.9891864841611535,0.36689801169724845,1.2715052228995605,0.00025638385135584585
51,0.4425593380077568,1.0,0.9891864841611535,0.36689801169724845,1.2715052228995605,0.00025638385135584585
51,0.4425593380077568,1.0,0.9891864841611535,0.36689801169724845,1.2715052228995605,0.00025638385135584585
51,0.4438133836411283,1.0,1.0,0.36689801169724845,1.2679124390228966,0.00030497971136944635
51,0.4442825477496693,1.0,1.0,0.36689801169724845,1.2676074593115272,0.0010339407815382895
51,0.43711268942196047,1.0,0.9623690614005556,0.3383949729826352,1.2873488309116115,0.0001908448201695112
51,0.4404113124076483,1.0,0.9989186484161154,0.31797890372574356,1.2777067569798894,0.00020740500488658498
51,0.44356621899759385,1.0,0.9958680354478008,0.36689801169724845,1.268989535606964,0.0003705884869771303
51,0.44397720992715467,1.0,0.9990267835745039,0.36689801169724845,1.2679319554422246,0.0004873723830562948
51,0.4443701142054321,1.0,1.0,0.36689801169724845,1.2676074593115272,0.0012835285692529563
51,0.42153568080438436,1.0,0.9981973494638927,0.09776967580949486,1.3351504945759527,0.00023026058145236838
51,0.4391126954398727,1.0,0.9990267835745039,0.2997667353338877,1.2814854035275935,0.00023802486156876412
51,0.43930772908107124,1.0,0.9882132677356574,0.32287081452289407,1.2809164794061203,0.0003222917020195837
51,0.4447836052575427,1.0,1.0,0.36689801169724845,1.2676074593115272,0.00246076083921265
51,0.4298308945107792,1.0,1.0,0.16304688810956572,1.3142475502545097,0.00508965381561044
51,0.4265644945587386,1.0,0.9969706559566935,0.16430698685518916,1.3191827187920588,0.0036622093895712915
51,0.4426588240405667,1.0,0.9943702553689622,0.36689801169724845,1.2712194565188455,0.0017261009666083016
51,0.41843370249328865,1.0,1.0,0.037351527082470186,1.3552324164264142,0.010416006339205586
51,0.43711268942196047,1.0,0.9634504129844401,0.3383949729826352,1.2873488309116115,0.000612570803232293
51,0.4438275793115648,1.0,0.9891972976769925,0.36689801169724845,1.2712451579021429,0.0033732726166098015
51,0.4320089914561902,1.0,0.9285012166610556,0.33353590940958905,1.3025574023170472,0.000366534059069501
51,0.4439029210706572,1.0,1.0,0.36689801169724845,1.2676566947711394,4.923545961221798e-05
51,0.4454667429085297,1.0,1.0,0.36689801169724845,1.2676074593115272,0.004400904195740907
51,0.45377373579926705,1.0,1.0,0.36689801169724845,1.2676074593115272,0.027525750395294146
51,0.44594761496027147,1.0,0.9904559789056164,0.36689801169724845,1.2708172257870312,0.008972805384363847
51,0.4418358323207024,1.0,0.9854677160641743,0.36689801169724845,1.2735873112919238,0.0010677350384189488
51,0.4395079507553419,1.0,1.0,0.2997667353338877,1.2808574856292936,0.0005245388784602678
51,0.44196220117536955,1.0,1.0,0.31797890372574356,1.2770858056693433,0.0038626471693423703
51,0.438414137628283,1.0,0.9721012256555174,0.3383949729826352,1.2835272894071714,0.0001310603801747412
51,0.44347955561942143,1.0,0.9929052522581329,0.36689801169724845,1.2699876205295328,0.001120763890539056
51,0.4441996581063357,1.0,1.0,0.36689801169724845,1.2676074593115272,0.0007975924974852333
51,0.446215770789767,1.0,0.9990267835745039,0.36689801169724845,1.2679319554422246,0.006845847404649552
51,0.44268700568374947,1.0,0.9902678357450382,0.36689801169724845,1.2711385301474145,0.000257407751735661
51,0.4357715336502887,1.0,0.9740152083070193,0.30162079939717756,1.2913108504045037,0.00021575260469508528
52,0.4440053915703374,1.0,1.0,0.36689801169724845,1.2676074593115272,0.00024332273249494385
52,0.4426588240405667,1.0,0.9892946193195421,0.36689801169724845,1.2712194565188455,7.425309938913216e-06
52,0.4439029210706572,1.0,1.0,0.36689801169724845,1.2676566947711394,4.923545961221798e-05
52,0.44402421121507674,1.0,1.0,0.36689801169724845,1.2676074593115272,0.00029703904378974855
52,0.4334419199223502,1.0,0.9613958449750595,0.29436777580828083,1.2982904660704349,3.9226795060409714e-05
52,0.44305730792173453,1.0,0.9929052522581329,0.36689801169724845,1.2700761270834673,8.850655393444207e-05
52,0.4438133836411283,1.0,1.0,0.36689801169724845,1.2679124390228966,0.00030497971136944635
52,0.4441996581063357,1.0,1.0,0.36689801169724845,1.2676074593115272,0.0007975924974852333
52,0.4425593380077568,1.0,0.9879849824012817,0.36689801169724845,1.271658357164089,0.0001531342645284539
52,0.4425593380077568,1.0,0.9891864841611535,0.36689801169724845,1.2715052228995605,0.00025638385135584585
52,0.4425593380077568,1.0,0.9891864841611535,0.36689801169724845,1.2715052228995605,0.00025638385135584585
52,0.4425593380077568,1.0,0.9891864841611535,0.36689801169724845,1.2715052228995605,0.00025638385135584585
52,0.438414137628283,1.0,0.9721012256555174,0.3383949729826352,1.2835272894071714,0.0001310603801747412
52,0.44268700568374947,1.0,0.9902678357450382,0.36689801169724845,1.2711385301474145,0.000257407751735661
52,0.44356621899759385,1.0,0.9958680354478008,0.36689801169724845,1.268989535606964,0.0003705884869771303
52,0.44397720992715467,1.0,0.9990267835745039,0.36689801169724845,1.2679319554422246,0.0004873723830562948
52,0.4442825477496693,1.0,1.0,0.36689801169724845,1.2676074593115272,0.0010339407815382895
52,0.4404113124076483,1.0,0.9989186484161154,0.31797890372574356,1.2777067569798894,0.00020740500488658498
52,0.43711268942196047,1.0,0.9623690614005556,0.3383949729826352,1.2873488309116115,0.0001908448201695112
52,0.4443701142054321,1.0,1.0,0.36689801169724845,1.2676074593115272,0.0012835285692529563
52,0.4418982494361019,1.0,0.9730744420810135,0.36689801169724845,1.2768245926293114,0.0034171726270719738
52,0.44705033080541273,1.0,0.9968412518732969,0.36689801169724845,1.2686629787108974,0.009931084432216464
52,0.44298109954334675,1.0,0.9902678357450382,0.36689801169724845,1.2708811223956789,0.0005864974079998753
52,0.4405262133160417,1.0,1.0,0.31797890372574356,1.277373497204951,0.0002876915356078147
52,0.44537920915937823,1.0,1.0,0.36689801169724845,1.2676074593115272,0.004152636644854546
52,0.4421370903100699,1.0,0.9891864841611535,0.36689801169724845,1.2727195298724845,0.0014706908242798633
52,0.4435915824764583,1.0,0.9967439302307473,0.36689801169724845,1.2686956057041185,0.00014919510432465088
52,0.4439029210706572,1.0,1.0,0.36689801169724845,1.2676566947711394,4.923545961221798e-05
52,0.4437880201622638,1.0,0.9990267835745038,0.36689801169724845,1.2679849030571104,5.2947614885834327e-05
52,0.4442438552196637,1.0,1.0,0.36689801169724845,1.2676074593115272,0.0009236253924025384
52,0.4463586058898323,1.0,0.9936147270323196,0.36689801169724845,1.269748074843138,0.0090655153372865
52,0.4429960960489357,1.0,0.9936147270323196,0.36689801169724845,1.2702516223956242,0.000503547552486161
52,0.44323980615521125,1.0,0.9943702553689622,0.36689801169724845,1.269553189734809,5.9834182571716354e-05
52,0.4375862258234049,1.0,0.9665918474707834,0.3383949729826352,1.2859557191191793,0.0004392627785461123
52,0.4468641849025863,1.0,1.0,0.34363163856889545,1.2720013921022737,0.012745160021932378
52,0.44287675050030306,1.0,0.9902678357450382,0.36689801169724845,1.2708811223956789,0.00028719511215347104
52,0.44074458442183484,1.0,1.0,0.31797890372574356,1.2770858056693433,0.00034519533883559106
52,0.4423756929924297,1.0,0.9891864841611535,0.36689801169724845,1.2720330674428275,0.0007842283946228878
52,0.44324328844326066,1.0,0.9962812319030208,0.36689801169724845,1.2695432156415603,0.000692403544703124
52,0.4425479231263557,1.0,0.9902678357450382,0.36689801169724845,1.271538019531358,0.0006568971356790687
53,0.4440053915703374,1.0,1.0,0.36689801169724845,1.2676074593115272,0.00024332273249494385
53,0.4426588240405667,1.0,0.9892946193195421,0.36689801169724845,1.2712194565188455,7.425309938913216e-06
53,0.4439029210706572,1.0,1.0,0.36689801169724845,1.2676566947711394,4.923545961221798e-05
53,0.4439029210706572,1.0,1.0,0.36689801169724845,1.2676566947711394,4.923545961221798e-05
53,0.44402421121507674,1.0,1.0,0.36689801169724845,1.2676074593115272,0.00029703904378974855
53,0.4334419199223502,1.0,0.9613958449750595,0.29436777580828083,1.2982904660704349,3.9226795060409714e-05
53,0.4437880201622638,1.0,0.9990267835745038,0.36689801169724845,1.2679849030571104,5.2947614885834327e-05
53,0.4438133836411283,1.0,1.0,0.36689801169724845,1.2679124390228966,0.00030497971136944635
53,0.4441996581063357,1.0,1.0,0.36689801169724845,1.2676074593115272,0.0007975924974852333
53,0.4435915824764583,1.0,0.9967439302307473,0.36689801169724845,1.2686956057041185,0.00014919510432465088
53,0.44323980615521125,1.0,0.9943702553689622,0.36689801169724845,1.269553189734809,5.9834182571716354e-05
53,0.44397720992715467,1.0,0.9990267835745039,0.36689801169724845,1.2679319554422246,0.0004873723830562948
53,0.4442438552196637,1.0,1.0,0.36689801169724845,1.2676074593115272,0.0009236253924025384
53,0.44356621899759385,1.0,0.9958680354478008,0.36689801169724845,1.268989535606964,0.0003705884869771303
53,0.44305730792173453,1.0,0.9929052522581329,0.36689801169724845,1.2700761270834673,8.850655393444207e-05
53,0.4442825477496693,1.0,1.0,0.36689801169724845,1.2676074593115272,0.0010339407815382895
53,0.438414137628283,1.0,0.9721012256555174,0.3383949729826352,1.2835272894071714,0.0001310603801747412
53,0.4425593380077568,1.0,0.9879849824012817,0.36689801169724845,1.271658357164089,0.0001531342645284539
53,0.44324328844326066,1.0,0.9962812319030208,0.36689801169724845,1.2695432156415603,0.000692403544703124
53,0.4429960960489357,1.0,0.9936147270323196,0.36689801169724845,1.2702516223956242,0.000503547552486161
53,0.4437547617479736,1.0,0.9953080154775247,0.36689801169724845,1.2691777363977006,0.0010978007443009918
53,0.44394263664984573,1.0,0.9977171466562434,0.36689801169724845,1.268369622203921,0.0008263333451119514
53,0.4444951196972009,1.0,1.0,0.36689801169724845,1.2676074593115272,0.0016396572157335587
53,0.44348563531101787,1.0,0.9958680354478008,0.36689801169724845,1.268989535606964,0.0001400737120920148
53,0.4397240678065508,1.0,0.9812763760576461,0.34124527685409656,1.279703684446024,0.0003948033678602414
53,0.4432289192384344,1.0,0.9930133874165215,0.36689801169724845,1.2699510878747247,0.0003667144348611373
53,0.4454189865613734,1.0,0.9990267835745038,0.36689801169724845,1.2679319554422246,0.004589963507486194
53,0.44395253785720656,1.0,0.999241106256928,0.36689801169724845,1.267860440311447,0.0003454207108208873
53,0.44312435676751477,1.0,0.994933229832066,0.36689801169724845,1.2698839527268082,0.0005801472050808165
53,0.44242600085106804,1.0,0.9898959589353402,0.36689801169724845,1.271888425718624,0.000880936200503335
53,0.44304218837388964,1.0,0.9966531087127187,0.36689801169724845,1.2701194705329868,0.0013934112487639094
53,0.4429128735423656,1.0,0.9966531087127187,0.36689801169724845,1.2704903003164225,0.0017642410321996316
53,0.43934569120697964,1.0,0.9778215658822931,0.36689801169724845,1.2808058004725793,0.0056430971933647545
53,0.44325443258352826,1.0,0.9936147270323196,0.36689801169724845,1.269748074843138,0.00023677759110518615
53,0.4434882734303064,1.0,0.9971837171214151,0.36689801169724845,1.2688419140600529,0.0002936958808328338
53,0.44407319185905897,1.0,1.0,0.36689801169724845,1.2676074593115272,0.0004368215875421022
53,0.4441631218607908,1.0,1.0,0.36689801169724845,1.2676074593115272,0.0006933864660287892
53,0.4419528594866878,1.0,0.9842278491516081,0.36689801169724845,1.273250070995501,0.0003046863231468411
53,0.4428560236434849,1.0,0.9909971845598349,0.36689801169724845,1.2706533945074974,1.9836066587952672e-05
53,0.443880243611976,1.0,0.9990267835745038,0.36689801169724845,1.2679319554422246,0.00021049718438659326
54,0.4440053915703374,1.0,1.0,0.36689801169724845,1.2676074593115272,0.00024332273249494385
54,0.4426588240405667,1.0,0.9892946193195421,0.36689801169724845,1.2712194565188455,7.425309938913216e-06
54,0.4439029210706572,1.0,1.0,0.36689801169724845,1.2676566947711394,4.923545961221798e-05
54,0.4439029210706572,1.0,1.0,0.36689801169724845,1.2676566947711394,4.923545961221798e-05
54,0.4428560236434849,1.0,0.9909971845598349,0.36689801169724845,1.2706533945074974,1.9836066587952672e-05
54,0.44402421121507674,1.0,1.0,0.36689801169724845,1.2676074593115272,0.00029703904378974855
54,0.4437880201622638,1.0,0.9990267835745038,0.36689801169724845,1.2679849030571104,5.2947614885834327e-05
54,0.443880243611976,1.0,0.9990267835745038,0.36689801169724845,1.2679319554422246,0.00021049718438659326
54,0.4334419199223502,1.0,0.9613958449750595,0.29436777580828083,1.2982904660704349,3.9226795060409714e-05
54,0.4438133836411283,1.0,1.0,0.36689801169724845,1.2679124390228966,0.00030497971136944635
54,0.44395253785720656,1.0,0.999241106256928,0.36689801169724845,1.267860440311447,0.0003454207108208873
54,0.44407319185905897,1.0,1.0,0.36689801169724845,1.2676074593115272,0.0004368215875421022
54,0.4435915824764583,1.0,0.9967439302307473,0.36689801169724845,1.2686956057041185,0.00014919510432465088
54,0.44323980615521125,1.0,0.9943702553689622,0.36689801169724845,1.269553189734809,5.9834182571716354e-05
54,0.44348563531101787,1.0,0.9958680354478008,0.36689801169724845,1.268989535606964,0.0001400737120920148
54,0.44397720992715467,1.0,0.9990267835745039,0.36689801169724845,1.2679319554422246,0.0004873723830562948
54,0.4441631218607908,1.0,1.0,0.36689801169724845,1.2676074593115272,0.0006933864660287892
54,0.4434882734303064,1.0,0.9971837171214151,0.36689801169724845,1.2688419140600529,0.0002936958808328338
54,0.44305730792173453,1.0,0.9929052522581329,0.36689801169724845,1.2700761270834673,8.850655393444207e-05
54,0.44325443258352826,1.0,0.9936147270323196,0.36689801169724845,1.269748074843138,0.00023677759110518615
54,0.44390587111878643,1.0,0.9991241052170535,0.36689801169724845,1.267899477381791,0.00025120702784420246
54,0.443730113934369,1.0,0.9892946193195421,0.36689801169724845,1.2712120312089066,0.003061657699617193
54,0.4433432169727653,1.0,0.9952461501519088,0.36689801169724845,1.2692570635554592,5.852365238623314e-05
54,0.4439029210706572,1.0,0.9934943605860156,0.36689801169724845,1.2697886910382503,0.002131996267110914
54,0.44424998577628394,1.0,1.0,0.36689801169724845,1.2676074593115272,0.0009411053635786093
54,0.44314179942100296,1.0,0.992738832249373,0.36689801169724845,1.2700438598347124,0.00020989143738181504
54,0.4449949898307009,1.0,1.0,0.36689801169724845,1.2676074593115272,0.003061739502680183
54,0.4446831744810336,1.0,1.0,0.36689801169724845,1.2676074593115272,0.0021750300710361437
54,0.44320364574633264,1.0,0.9962812319030208,0.36689801169724845,1.269656770927723,0.0008059588308659826
54,0.4428063577108706,1.0,0.9914397925766347,0.36689801169724845,1.2707959132058544,0.00031241227422129647
54,0.4445385981850869,1.0,1.0,0.36689801169724845,1.2676074593115272,0.0017634763078175908
54,0.4434402007648126,1.0,0.9974653454092736,0.36689801169724845,1.2689794672468329,0.0005255640101842207
54,0.443896608763931,1.0,0.9997097879432686,0.36689801169724845,1.267704157587466,2.9436461304044315e-05
54,0.44323980615521125,1.0,0.9958680354478009,0.36689801169724845,1.269553189734809,0.0005636541278448703
54,0.443994539491553,1.0,1.0,0.36689801169724845,1.2676074593115272,0.00021234592038466005
54,0.44314445370631483,1.0,0.9935819500643104,0.36689801169724845,1.269826362521605,6.722846379592085e-05
54,0.4340234377334204,1.0,0.9620001907083008,0.30162079939717756,1.296511802757647,0.0003083605496394526
54,0.44381991996591624,1.0,1.0,0.36689801169724845,1.2678937659370062,0.00028630662547901586
54,0.44337967137799866,1.0,0.9929052522581329,0.36689801169724845,1.2699876205295328,0.0008349145128214719
54,0.4446053226380993,1.0,1.0,0.36689801169724845,1.2676074593115272,0.001953448723518436
55,0.4426588240405667,1.0,0.9892946193195421,0.36689801169724845,1.2712194565188455,7.425309938913216e-06
55,0.4439029210706572,1.0,1.0,0.36689801169724845,1.2676566947711394,4.923545961221798e-05
55,0.4439029210706572,1.0,1.0,0.36689801169724845,1.2676566947711394,4.923545961221798e-05
55,0.4428560236434849,1.0,0.9909971845598349,0.36689801169724845,1.2706533945074974,1.9836066587952672e-05
55,0.443896608763931,1.0,0.9997097879432686,0.36689801169724845,1.267704157587466,2.9436461304044315e-05
55,0.443994539491553,1.0,1.0,0.36689801169724845,1.2676074593115272,0.00021234592038466005
55,0.4437880201622638,1.0,0.9990267835745038,0.36689801169724845,1.2679849030571104,5.2947614885834327e-05
55,0.443880243611976,1.0,0.9990267835745038,0.36689801169724845,1.2679319554422246,0.00021049718438659326
55,0.4334419199223502,1.0,0.9613958449750595,0.29436777580828083,1.2982904660704349,3.9226795060409714e-05
55,0.4440053915703374,1.0,1.0,0.36689801169724845,1.2676074593115272,0.00024332273249494385
55,0.4435915824764583,1.0,0.9967439302307473,0.36689801169724845,1.2686956057041185,0.00014919510432465088
55,0.44348563531101787,1.0,0.9958680354478008,0.36689801169724845,1.268989535606964,0.0001400737120920148
55,0.4433432169727653,1.0,0.9952461501519088,0.36689801169724845,1.2692570635554592,5.852365238623314e-05
55,0.44402421121507674,1.0,1.0,0.36689801169724845,1.2676074593115272,0.00029703904378974855
55,0.44390587111878643,1.0,0.9991241052170535,0.36689801169724845,1.267899477381791,0.00025120702784420246
55,0.44381991996591624,1.0,1.0,0.36689801169724845,1.2678937659370062,0.00028630662547901586
55,0.44323980615521125,1.0,0.9943702553689622,0.36689801169724845,1.269553189734809,5.9834182571716354e-05
55,0.44407319185905897,1.0,1.0,0.36689801169724845,1.2676074593115272,0.0004368215875421022
55,0.4434882734303064,1.0,0.9971837171214151,0.36689801169724845,1.2688419140600529,0.0002936958808328338
55,0.4438133836411283,1.0,1.0,0.36689801169724845,1.2679124390228966,0.00030497971136944635
55,0.4438629227727862,1.0,0.9987655927234456,0.36689801169724845,1.2680191510241459,0.0002482225394881965
55,0.4417913173503785,1.0,0.9811920854233935,0.36689801169724845,1.2739925023848644,0.00027686421323025456
55,0.44381051866989,1.0,1.0,0.36689801169724845,1.267920623895741,0.0003131645842138209
55,0.44340341714370524,1.0,0.9909971845598349,0.36689801169724845,1.2706335584409094,0.0015488198813029541
55,0.44455950361468355,1.0,1.0,0.36689801169724845,1.2676074593115272,0.0018230026749121997
55,0.4438279352864183,1.0,0.998964918248888,0.36689801169724845,1.267952604353523,8.173597222627116e-05
55,0.44395519129686345,1.0,1.0,0.36689801169724845,1.2676074593115272,0.00010001541826287763
55,0.4445282754735175,1.0,1.0,0.36689801169724845,1.2676074593115272,0.0017340812321384735
55,0.44399550139178956,1.0,0.9991241052170534,0.36689801169724845,1.2678994773817913,0.0005071097564344207
55,0.44409622981213404,1.0,1.0,0.36689801169724845,1.2676074593115272,0.0005025573800674366
55,0.4437068639473774,1.0,0.9997097879432686,0.36689801169724845,1.2682168238665337,0.0005126662790677639
55,0.44302294808746395,1.0,0.9909971845598349,0.36689801169724845,1.2706335584409094,0.0004589271934309913
55,0.44372694182437955,1.0,1.0,0.36689801169724845,1.268159439247877,0.0005519799363498112
55,0.44400804661365373,1.0,0.9992116946953482,0.36689801169724845,1.2678702525366643,0.0005136944389190212
55,0.4434882734303064,1.0,0.9971837171214151,0.36689801169724845,1.2688419140600529,0.0002936958808328338
55,0.4430935298644092,1.0,1.0,0.36689801169724845,1.2699723010930994,0.0023648417815722578
55,0.443382207569436,1.0,0.9970961276431203,0.36689801169724845,1.2691454463338385,0.0005678843139564904
55,0.4429947790525569,1.0,0.9916771600628133,0.36689801169724845,1.2704030813521305,0.00014768257614661273
55,0.4434882734303064,1.0,1.0,0.36689801169724845,1.2688419140600529,0.0012344547485256818
55,0.4335341433720624,1.0,0.9613958449750595,0.29436777580828083,1.2982904660704349,0.0003153969870359763
56,0.4426588240405667,1.0,0.9892946193195421,0.36689801169724845,1.2712194565188455,7.425309938913216e-06
56,0.4439029210706572,1.0,1.0,0.36689801169724845,1.2676566947711394,4.923545961221798e-05
56,0.4439029210706572,1.0,1.0,0.36689801169724845,1.2676566947711394,4.923545961221798e-05
56,0.4428560236434849,1.0,0.9909971845598349,0.36689801169724845,1.2706533945074974,1.9836066587952672e-05
56,0.443896608763931,1.0,0.9997097879432686,0.36689801169724845,1.267704157587466,2.9436461304044315e-05
56,0.44395519129686345,1.0,1.0,0.36689801169724845,1.2676074593115272,0.00010001541826287763
56,0.4437880201622638,1.0,0.9990267835745038,0.36689801169724845,1.2679849030571104,5.2947614885834327e-05
56,0.4334419199223502,1.0,0.9613958449750595,0.29436777580828083,1.2982904660704349,3.9226795060409714e-05
56,0.4438279352864183,1.0,0.998964918248888,0.36689801169724845,1.267952604353523,8.173597222627116e-05
56,0.443994539491553,1.0,1.0,0.36689801169724845,1.2676074593115272,0.00021234592038466005
56,0.443880243611976,1.0,0.9990267835745038,0.36689801169724845,1.2679319554422246,0.00021049718438659326
56,0.4433432169727653,1.0,0.9952461501519088,0.36689801169724845,1.2692570635554592,5.852365238623314e-05
56,0.4435915824764583,1.0,0.9967439302307473,0.36689801169724845,1.2686956057041185,0.00014919510432465088
56,0.44348563531101787,1.0,0.9958680354478008,0.36689801169724845,1.268989535606964,0.0001400737120920148
56,0.4440053915703374,1.0,1.0,0.36689801169724845,1.2676074593115272,0.00024332273249494385
56,0.44323980615521125,1.0,0.9943702553689622,0.36689801169724845,1.269553189734809,5.9834182571716354e-05
56,0.44402421121507674,1.0,1.0,0.36689801169724845,1.2676074593115272,0.00029703904378974855
56,0.44390587111878643,1.0,0.9991241052170535,0.36689801169724845,1.267899477381791,0.00025120702784420246
56,0.44381991996591624,1.0,1.0,0.36689801169724845,1.2678937659370062,0.00028630662547901586
56,0.4438629227727862,1.0,0.9987655927234456,0.36689801169724845,1.2680191510241459,0.0002482225394881965
56,0.4331821249003843,1.0,0.9892946193195421,0.29436777580828083,1.2990298475998148,0.01263781219727611
56,0.443941284494007,1.0,0.9991241052170535,0.36689801169724845,1.267899477381791,0.00035232784114214155
56,0.4439023765447224,1.0,1.0,0.36689801169724845,1.2676582497795863,5.0790468059114247e-05
56,0.4435078154274848,1.0,0.9960963207821764,0.36689801169724845,1.26891287855605,0.00012687265406330361
56,0.4428108433973583,1.0,0.9909971845598349,0.36689801169724845,1.2707830400069962,0.0001494815660867399
56,0.44304144674507495,1.0,0.9918001444613018,0.36689801169724845,1.2703614296487002,0.00023983300042051958
56,0.4428857276019632,1.0,0.9908623843527394,0.36689801169724845,1.2706792864213245,0.00011111352570880584
56,0.44378822177851934,1.0,0.9987655927234456,0.29436777580828083,1.282503931649327,0.014519604647089235
56,0.4422592202195835,1.0,0.9859304143919009,0.36689801169724845,1.2723680683007148,7.122472490461718e-06
56,0.4335094071281652,1.0,1.0,0.29436777580828083,1.2980491321308885,0.016046534700314252
56,0.4438725331908516,1.0,0.9990267835745038,0.36689801169724845,1.2679319554422246,0.00018847584817272
56,0.4437082186267739,1.0,0.998238478269852,0.36689801169724845,1.2682129518913807,1.769076460678143e-05
56,0.44455950361468355,1.0,1.0,0.36689801169724845,1.2676074593115272,0.0018230026749121997
56,0.43404137838956786,1.0,0.9656743098383417,0.29436777580828083,1.296458212769344,3.708325503026799e-05
56,0.4420459292224864,1.0,0.98501615445626,0.36689801169724845,1.272981996934388,0.00030746465111031185
56,0.44375951195523217,1.0,0.997889697940499,0.36689801169724845,1.268311891687152,0.00024553014842254584
56,0.44402421121507674,1.0,0.9952461501519088,0.36689801169724845,1.269198539903073,0.0018881196353355278
56,0.44282002517540103,1.0,0.9898862180109359,0.36689801169724845,1.2710108008489163,0.00025411025505417406
56,0.44328857493767404,1.0,1.0,0.36689801169724845,1.2694135187243296,0.0018060594128024299
56,0.4439427774924494,1.0,0.9992261090999462,0.36689801169724845,1.2678654435602112,0.0003225568345277541
57,0.4426588240405667,1.0,0.9892946193195421,0.36689801169724845,1.2712194565188455,7.425309938913216e-06
57,0.4439029210706572,1.0,1.0,0.36689801169724845,1.2676566947711394,4.923545961221798e-05
57,0.4439029210706572,1.0,1.0,0.36689801169724845,1.2676566947711394,4.923545961221798e-05
57,0.443896608763931,1.0,0.9997097879432686,0.36689801169724845,1.267704157587466,2.9436461304044315e-05
57,0.44395519129686345,1.0,1.0,0.36689801169724845,1.2676074593115272,0.00010001541826287763
57,0.4422592202195835,1.0,0.9859304143919009,0.36689801169724845,1.2723680683007148,7.122472490461718e-06
57,0.4437082186267739,1.0,0.998238478269852,0.36689801169724845,1.2682129518913807,1.769076460678143e-05
57,0.4439023765447224,1.0,1.0,0.36689801169724845,1.2676582497795863,5.0790468059114247e-05
57,0.443994539491553,1.0,1.0,0.36689801169724845,1.2676074593115272,0.00021234592038466005
57,0.4428560236434849,1.0,0.9909971845598349,0.36689801169724845,1.2706533945074974,1.9836066587952672e-05
57,0.4437880201622638,1.0,0.9990267835745038,0.36689801169724845,1.2679849030571104,5.2947614885834327e-05
57,0.4438279352864183,1.0,0.998964918248888,0.36689801169724845,1.267952604353523,8.173597222627116e-05
57,0.4438725331908516,1.0,0.9990267835745038,0.36689801169724845,1.2679319554422246,0.00018847584817272
57,0.4440053915703374,1.0,1.0,0.36689801169724845,1.2676074593115272,0.00024332273249494385
57,0.43404137838956786,1.0,0.9656743098383417,0.29436777580828083,1.296458212769344,3.708325503026799e-05
57,0.44402421121507674,1.0,1.0,0.36689801169724845,1.2676074593115272,0.00029703904378974855
57,0.4334419199223502,1.0,0.9613958449750595,0.29436777580828083,1.2982904660704349,3.9226795060409714e-05
57,0.4433432169727653,1.0,0.9952461501519088,0.36689801169724845,1.2692570635554592,5.852365238623314e-05
57,0.443880243611976,1.0,0.9990267835745038,0.36689801169724845,1.2679319554422246,0.00021049718438659326
57,0.4435078154274848,1.0,0.9960963207821764,0.36689801169724845,1.26891287855605,0.00012687265406330361
57,0.4431882158119034,1.0,0.9934828356609846,0.36689801169724845,1.2697925805004822,9.160550780440424e-05
57,0.4440021040336423,1.0,0.9999026783574504,0.36689801169724845,1.2676398804993838,0.0002663599420824614
57,0.4454583961087035,1.0,1.0,0.36689801169724845,1.2676074593115272,0.004377234797379392
57,0.44367885903228627,1.0,0.9990267835745038,0.36689801169724845,1.2682968734421816,0.0003649179999569707
57,0.44385056908365556,1.0,1.0,0.36689801169724845,1.2678062143420947,0.0001987550305675434
57,0.443010736169277,1.0,0.9919505269447211,0.36689801169724845,1.2703105129430194,0.00010086839365341937
57,0.44493906980770676,1.0,1.0,0.36689801169724845,1.2676074593115272,0.002902811167615038
57,0.44341008568598433,1.0,0.995481616850288,0.36689801169724845,1.2691193731254937,5.3720611714824784e-05
57,0.44392784220503845,1.0,0.9991241052170534,0.36689801169724845,1.2678994773817913,0.00031394607409129804
57,0.44359076207963233,1.0,0.9960963207821764,0.36689801169724845,1.26891287855605,0.0003641218491334808
57,0.4437880201622638,1.0,0.9859304143919009,0.36689801169724845,1.2723609458282243,0.004376042771113919
57,0.4426956819270074,1.0,0.9902678357450383,0.36689801169724845,1.2711136175324345,0.00023249513675560607
57,0.4436554775675358,1.0,0.996747879555017,0.36689801169724845,1.2686942815726765,0.0003305665381512224
57,0.44395675829867803,1.0,0.9991241052170534,0.36689801169724845,1.2678994773817913,0.0003965073171667832
57,0.43404137838956786,1.0,0.9685615089153394,0.29436777580828083,1.296458212769344,0.0012892186560597985
57,0.4438825113578441,1.0,0.9991241052170534,0.36689801169724845,1.2678994773817913,0.00018449577040580145
57,0.44378233908621023,1.0,0.9987655927234456,0.36689801169724845,1.2680191510241459,1.801586850791459e-05
57,0.44277287307681984,1.0,0.9905604721920207,0.36689801169724845,1.270892016961523,0.00011026838303140885
57,0.44323547197908536,1.0,0.9945923541707764,0.36689801169724845,1.2695656040550989,0.00014705342903931218
57,0.43408655863569445,1.0,0.9656743098383417,0.29436777580828083,1.2964211295143138,9.785365984416039e-05
58,0.4426588240405667,1.0,0.9892946193195421,0.36689801169724845,1.2712194565188455,7.425309938913216e-06
58,0.4439029210706572,1.0,1.0,0.36689801169724845,1.2676566947711394,4.923545961221798e-05
58,0.4439029210706572,1.0,1.0,0.36689801169724845,1.2676566947711394,4.923545961221798e-05
58,0.443896608763931,1.0,0.9997097879432686,0.36689801169724845,1.267704157587466,2.9436461304044315e-05
58,0.44395519129686345,1.0,1.0,0.36689801169724845,1.2676074593115272,0.00010001541826287763
58,0.4422592202195835,1.0,0.9859304143919009,0.36689801169724845,1.2723680683007148,7.122472490461718e-06
58,0.4437082186267739,1.0,0.998238478269852,0.36689801169724845,1.2682129518913807,1.769076460678143e-05
58,0.44378233908621023,1.0,0.9987655927234456,0.36689801169724845,1.2680191510241459,1.801586850791459e-05
58,0.4439023765447224,1.0,1.0,0.36689801169724845,1.2676582497795863,5.0790468059114247e-05
58,0.443994539491553,1.0,1.0,0.36689801169724845,1.2676074593115272,0.00021234592038466005
58,0.4428560236434849,1.0,0.9909971845598349,0.36689801169724845,1.2706533945074974,1.9836066587952672e-05
58,0.4437880201622638,1.0,0.9990267835745038,0.36689801169724845,1.2679849030571104,5.2947614885834327e-05
58,0.4438279352864183,1.0,0.998964918248888,0.36689801169724845,1.267952604353523,8.173597222627116e-05
58,0.44385056908365556,1.0,1.0,0.36689801169724845,1.2678062143420947,0.0001987550305675434
58,0.4438825113578441,1.0,0.9991241052170534,0.36689801169724845,1.2678994773817913,0.00018449577040580145
58,0.4440053915703374,1.0,1.0,0.36689801169724845,1.2676074593115272,0.00024332273249494385
58,0.43404137838956786,1.0,0.9656743098383417,0.29436777580828083,1.296458212769344,3.708325503026799e-05
58,0.44402421121507674,1.0,1.0,0.36689801169724845,1.2676074593115272,0.00029703904378974855
58,0.4334419199223502,1.0,0.9613958449750595,0.29436777580828083,1.2982904660704349,3.9226795060409714e-05
58,0.44341008568598433,1.0,0.995481616850288,0.36689801169724845,1.2691193731254937,5.3720611714824784e-05
58,0.4422559651166583,1.0,0.9861029656761564,0.36689801169724845,1.2723774332145619,7.560636070991222e-05
58,0.43430969803627845,1.0,0.9681554851159493,0.29436777580828083,1.2956572515879632,0.00031262224924200055
58,0.4439029210706572,1.0,0.9997388091489418,0.36689801169724845,1.267694485233542,3.779046240248718e-05
58,0.44214862802833954,1.0,0.985142109087249,0.36689801169724845,1.2726863186887154,5.5022765802936746e-05
58,0.4426724397070132,1.0,0.9896423960573035,0.36689801169724845,1.2711803565015223,8.664955734172253e-05
58,0.4246448460976233,1.0,0.9317188756205471,0.22909056350820997,1.3314181617699392,0.0062719487935816165
58,0.45135124894387757,1.0,1.0,0.36689801169724845,1.2676074593115272,0.02086999915979404
58,0.44378233908621023,1.0,0.9885063140148902,0.36689801169724845,1.271480544988963,0.0034794098333250645
58,0.4441828712129638,1.0,1.0,0.36689801169724845,1.2676074593115272,0.0007497162656737721
58,0.443896608763931,1.0,0.9997097879432686,0.36689801169724845,1.267704157587466,2.9436461304044315e-05
58,0.4442310819351281,1.0,0.9909971845598349,0.36689801169724845,1.2706335584409094,0.003913302682681641
58,0.4532342083255343,1.0,0.9990267835745038,0.36689801169724845,1.2679319554422246,0.02637406017935784
58,0.442757674822949,1.0,0.990663058827297,0.36689801169724845,1.2709356420426248,0.0001887160523610376
58,0.43399433518598224,1.0,0.9656743098383417,0.29436777580828083,1.2965987435149284,0.0001776140006146676
58,0.44388255065314364,1.0,0.9990684264239992,0.36689801169724845,1.2679180576665428,0.0002031882813298136
58,0.44347450444326497,1.0,0.99686502874126,0.36689801169724845,1.2688813090368958,0.0002263005312865829
58,0.44288348015883183,1.0,0.9909154451936091,0.36689801169724845,1.270661285223165,8.666474069030095e-05
58,0.4423600455399215,1.0,0.9867187196965528,0.36689801169724845,1.272091027707531,1.2965068669323898e-05
58,0.44382282231797004,1.0,0.9987298464829356,0.36689801169724845,1.2680310880461916,0.0001456134224804284
58,0.4334686244735216,1.0,0.9613958449750595,0.29436777580828083,1.2982904660704349,0.00011920770859186192
59,0.4426588240405667,1.0,0.9892946193195421,0.36689801169724845,1.2712194565188455,7.425309938913216e-06
59,0.4439029210706572,1.0,1.0,0.36689801169724845,1.2676566947711394,4.923545961221798e-05
59,0.4439029210706572,1.0,1.0,0.36689801169724845,1.2676566947711394,4.923545961221798e-05
59,0.443896608763931,1.0,0.9997097879432686,0.36689801169724845,1.267704157587466,2.9436461304044315e-05
59,0.44395519129686345,1.0,1.0,0.36689801169724845,1.2676074593115272,0.00010001541826287763
59,0.4422592202195835,1.0,0.9859304143919009,0.36689801169724845,1.2723680683007148,7.122472490461718e-06
59,0.4437082186267739,1.0,0.998238478269852,0.36689801169724845,1.2682129518913807,1.769076460678143e-05
59,0.44378233908621023,1.0,0.9987655927234456,0.36689801169724845,1.2680191510241459,1.801586850791459e-05
59,0.4439029210706572,1.0,0.9997388091489418,0.36689801169724845,1.267694485233542,3.779046240248718e-05
59,0.443896608763931,1.0,0.9997097879432686,0.36689801169724845,1.267704157587466,2.9436461304044315e-05
59,0.4423600455399215,1.0,0.9867187196965528,0.36689801169724845,1.272091027707531,1.2965068669323898e-05
59,0.4439023765447224,1.0,1.0,0.36689801169724845,1.2676582497795863,5.0790468059114247e-05
59,0.443994539491553,1.0,1.0,0.36689801169724845,1.2676074593115272,0.00021234592038466005
59,0.4428560236434849,1.0,0.9909971845598349,0.36689801169724845,1.2706533945074974,1.9836066587952672e-05
59,0.4437880201622638,1.0,0.9990267835745038,0.36689801169724845,1.2679849030571104,5.2947614885834327e-05
59,0.4438279352864183,1.0,0.998964918248888,0.36689801169724845,1.267952604353523,8.173597222627116e-05
59,0.44385056908365556,1.0,1.0,0.36689801169724845,1.2678062143420947,0.0001987550305675434
59,0.4438825113578441,1.0,0.9991241052170534,0.36689801169724845,1.2678994773817913,0.00018449577040580145
59,0.4440053915703374,1.0,1.0,0.36689801169724845,1.2676074593115272,0.00024332273249494385
59,0.43404137838956786,1.0,0.9656743098383417,0.29436777580828083,1.296458212769344,3.708325503026799e-05
59,0.4448850002178228,1.0,1.0,0.36689801169724845,1.2676074593115272,0.0027491038916622745
59,0.4436473181239044,1.0,0.9978835666650033,0.36689801169724845,1.2683870424430115,7.309975593150497e-05
59,0.442814587931237,1.0,0.9912583754108931,0.36689801169724845,1.2707722939966688,0.0002273033633293231
59,0.4450300791923059,1.0,1.0,0.36689801169724845,1.2676074593115272,0.0031614453517976315
59,0.4425085108596101,1.0,0.9877566356701661,0.36689801169724845,1.2717362991960686,8.50294237326743e-05
59,0.434879947002095,1.0,0.9673453571243595,0.30162079939717756,1.2939582833757817,4.30790769427869e-05
59,0.4453147646308085,1.0,1.0,0.36689801169724845,1.2676074593115272,0.0039697935040019505
59,0.4427007771647696,1.0,0.9901039665365297,0.36689801169724845,1.2710989877273302,0.00016219278259899106
59,0.44303135235394014,1.0,0.9926857714085033,0.36689801169724845,1.2701505361445213,8.874117914392521e-05
59,0.4429026503584451,1.0,0.9909971845598349,0.36689801169724845,1.2706335584409094,0.00011393236640122595
59,0.4429087479231241,1.0,0.9867187196965528,0.36689801169724845,1.272091027707531,0.0015888929912648564
59,0.44378886377025106,1.0,0.9990559919621362,0.36689801169724845,1.267982492716796,6.028532679569487e-05
59,0.4429663944622557,1.0,0.9921586569549097,0.36689801169724845,1.2703367947451625,9.67252802799301e-05
59,0.4437875300889225,1.0,0.9990267835745038,0.36689801169724845,1.2679863032893266,5.4347847102009794e-05
59,0.4440052192546711,1.0,0.9990267835745038,0.36689801169724845,1.2679319554422246,0.0005673270070480907
59,0.4439683330157746,1.0,1.0,0.36689801169724845,1.2676074593115272,0.00013753437010977088
59,0.4437025375507203,1.0,0.9982123591847462,0.36689801169724845,1.2682291898292013,2.5197422024447746e-05
59,0.44385525975642093,1.0,1.0,0.36689801169724845,1.267792816136402,0.0001853568248748605
59,0.4439207997388477,1.0,1.0,0.36689801169724845,1.2676074593115272,1.818722547231033e-06
59,0.43404137838956786,1.0,1.0,0.36689801169724845,1.296458212769344,0.028850753457816847
60,0.4439207997388477,1.0,1.0,0.36689801169724845,1.2676074593115272,1.818722547231033e-06
60,0.4426588240405667,1.0,0.9892946193195421,0.36689801169724845,1.2712194565188455,7.425309938913216e-06
60,0.4439029210706572,1.0,1.0,0.36689801169724845,1.2676566947711394,4.923545961221798e-05
60,0.4439029210706572,1.0,1.0,0.36689801169724845,1.2676566947711394,4.923545961221798e-05
60,0.443896608763931,1.0,0.9997097879432686,0.36689801169724845,1.267704157587466,2.9436461304044315e-05
60,0.44395519129686345,1.0,1.0,0.36689801169724845,1.2676074593115272,0.00010001541826287763
60,0.4422592202195835,1.0,0.9859304143919009,0.36689801169724845,1.2723680683007148,7.122472490461718e-06
60,0.4437082186267739,1.0,0.998238478269852,0.36689801169724845,1.2682129518913807,1.769076460678143e-05
60,0.44378233908621023,1.0,0.9987655927234456,0.36689801169724845,1.2680191510241459,1.801586850791459e-05
60,0.4439029210706572,1.0,0.9997388091489418,0.36689801169724845,1.267694485233542,3.779046240248718e-05
60,0.443896608763931,1.0,0.9997097879432686,0.36689801169724845,1.267704157587466,2.9436461304044315e-05
60,0.4423600455399215,1.0,0.9867187196965528,0.36689801169724845,1.272091027707531,1.2965068669323898e-05
60,0.4439023765447224,1.0,1.0,0.36689801169724845,1.2676582497795863,5.0790468059114247e-05
60,0.4439683330157746,1.0,1.0,0.36689801169724845,1.2676074593115272,0.00013753437010977088
60,0.4428560236434849,1.0,0.9909971845598349,0.36689801169724845,1.2706533945074974,1.9836066587952672e-05
60,0.4437025375507203,1.0,0.9982123591847462,0.36689801169724845,1.2682291898292013,2.5197422024447746e-05
60,0.443994539491553,1.0,1.0,0.36689801169724845,1.2676074593115272,0.00021234592038466005
60,0.43404137838956786,1.0,0.9656743098383417,0.29436777580828083,1.296458212769344,3.708325503026799e-05
60,0.434879947002095,1.0,0.9673453571243595,0.30162079939717756,1.2939582833757817,4.30790769427869e-05
60,0.4437880201622638,1.0,0.9990267835745038,0.36689801169724845,1.2679849030571104,5.2947614885834327e-05
60,0.43521993646725493,1.0,0.9753091524507538,0.29436777580828083,1.292947456097821,0.0006759061375503084
60,0.4440612479050457,1.0,1.0,0.36689801169724845,1.2676074593115272,0.000402738388746382
60,0.4425858762563762,1.0,0.9893919409620917,0.36689801169724845,1.271428981149744,0.00025007011705246995
60,0.45099552882617755,1.0,1.0,0.36689801169724845,1.2676074593115272,0.019886642193402082
60,0.4330991707051128,1.0,0.9575717759421931,0.29436777580828083,1.2999754066656375,0.0006967477480428474
60,0.4439554795145366,1.0,0.9997097879432686,0.36689801169724845,1.267704157587466,0.000197536565102574
60,0.4439147486176772,1.0,1.0,0.36689801169724845,1.267622919661897,1.5460350369922438e-05
60,0.4440714738419421,1.0,1.0,0.36689801169724845,1.2676074593115272,0.00043191917662643853
60,0.44407766319681086,1.0,1.0,0.36689801169724845,1.2676074593115272,0.0004495804997040054
60,0.44391269956530244,1.0,0.9997097879432686,0.36689801169724845,1.267704157587466,7.53867170979472e-05
60,0.44149224473462345,1.0,0.9794132500528855,0.36689801169724845,1.2746090874045166,3.061761734124424e-05
60,0.45095426346462075,1.0,1.0,0.36689801169724845,1.2676074593115272,0.019772467309832953
60,0.44387047674107,1.0,1.0,0.36689801169724845,1.2677493530434758,0.00014189373194861687
60,0.4440415826951386,1.0,1.0,0.36689801169724845,1.2676074593115272,0.0003466178636710726
60,0.4437719293608924,1.0,0.9990267835745038,0.36689801169724845,1.2680308791358599,9.892369363528886e-05
60,0.4425200141690486,1.0,0.9880468477268975,0.36689801169724845,1.2716372467551131,1.9033562259851422e-05
60,0.44231809097018915,1.0,0.9859304143919009,0.36689801169724845,1.2723609458282243,0.00016222457567982573
60,0.43411808448558314,1.0,0.9608516999619394,0.30162079939717756,1.2966984278872669,0.0004692916099497957
60,0.43388581139997995,1.0,0.9645633432894427,0.30162079939717756,1.2969230495893624,0.0018200444301115226
60,0.44124805667850436,1.0,0.9774065383283878,0.36689801169724845,1.2753073535675052,2.3528066027012073e-05
61,0.4439207997388477,1.0,1.0,0.36689801169724845,1.2676074593115272,1.818722547231033e-06
61,0.4426588240405667,1.0,0.9892946193195421,0.36689801169724845,1.2712194565188455,7.425309938913216e-06
61,0.44395519129686345,1.0,1.0,0.36689801169724845,1.2676074593115272,0.00010001541826287763
61,0.4422592202195835,1.0,0.9859304143919009,0.36689801169724845,1.2723680683007148,7.122472490461718e-06
61,0.4439147486176772,1.0,1.0,0.36689801169724845,1.267622919661897,1.5460350369922438e-05
61,0.4423600455399215,1.0,0.9867187196965528,0.36689801169724845,1.272091027707531,1.2965068669323898e-05
61,0.4439683330157746,1.0,1.0,0.36689801169724845,1.2676074593115272,0.00013753437010977088
61,0.4439029210706572,1.0,1.0,0.36689801169724845,1.2676566947711394,4.923545961221798e-05
61,0.4439029210706572,1.0,1.0,0.36689801169724845,1.2676566947711394,4.923545961221798e-05
61,0.443896608763931,1.0,0.9997097879432686,0.36689801169724845,1.267704157587466,2.9436461304044315e-05
61,0.4437082186267739,1.0,0.998238478269852,0.36689801169724845,1.2682129518913807,1.769076460678143e-05
61,0.44378233908621023,1.0,0.9987655927234456,0.36689801169724845,1.2680191510241459,1.801586850791459e-05
61,0.4439029210706572,1.0,0.9997388091489418,0.36689801169724845,1.267694485233542,3.779046240248718e-05
61,0.443896608763931,1.0,0.9997097879432686,0.36689801169724845,1.267704157587466,2.9436461304044315e-05
61,0.443994539491553,1.0,1.0,0.36689801169724845,1.2676074593115272,0.00021234592038466005
61,0.4439023765447224,1.0,1.0,0.36689801169724845,1.2676582497795863,5.0790468059114247e-05
61,0.4428560236434849,1.0,0.9909971845598349,0.36689801169724845,1.2706533945074974,1.9836066587952672e-05
61,0.4437025375507203,1.0,0.9982123591847462,0.36689801169724845,1.2682291898292013,2.5197422024447746e-05
61,0.4425200141690486,1.0,0.9880468477268975,0.36689801169724845,1.2716372467551131,1.9033562259851422e-05
61,0.4440415826951386,1.0,1.0,0.36689801169724845,1.2676074593115272,0.0003466178636710726
61,0.44373361846125603,1.0,1.0,0.36689801169724845,1.2681403578898145,0.0005328985782873108
61,0.44366960182262166,1.0,0.9892946193195421,0.36689801169724845,1.2712120312089066,0.0028886946283901427
61,0.44543481028050297,1.0,1.0,0.36689801169724845,1.2676074593115272,0.00431034660117513
61,0.4422592202195835,1.0,1.0,0.36689801169724845,1.2723680683007148,0.00476060898918762
61,0.4439493330435702,1.0,0.9999709787943268,0.36689801169724845,1.2676171266133773,9.2956983440029e-05
61,0.4423895376309618,1.0,0.9877856568758393,0.36689801169724845,1.271993259001439,0.0002668676686161664
61,0.4440400278645114,1.0,1.0,0.36689801169724845,1.2676074593115272,0.0003421804800101125
61,0.4436518625481234,1.0,0.9985044018723873,0.36689801169724845,1.2683740500738403,0.00026765785017124344
61,0.44259946321661975,1.0,0.9892946193195421,0.36689801169724845,1.2713899507025426,0.0001779194936359918
61,0.4437473540810693,1.0,0.998889033451101,0.36689801169724845,1.2681011042613108,0.0001231681968685283
61,0.44239375110854806,1.0,0.9868124404503431,0.36689801169724845,1.2720589661206658,7.782192659311349e-05
61,0.44386750769543665,1.0,0.9997388091489418,0.36689801169724845,1.2677578330642185,6.334783067662997e-05
61,0.4441307117140316,1.0,1.0,0.36689801169724845,1.2676074593115272,0.0006009342445165711
61,0.4426024707478548,1.0,0.9882819194928499,0.36689801169724845,1.2715570569224737,0.000175745450917697
61,0.44352779542456666,1.0,0.996626989627613,0.36689801169724845,1.2687348183646638,5.968611400453128e-06
61,0.4436340204200765,1.0,0.9974204994882514,0.36689801169724845,1.268468918192723,4.385649416471793e-05
61,0.4428560236434849,1.0,0.9891307501110335,0.36689801169724845,1.2712678133564164,0.0006144188489189961
61,0.4453760262346351,1.0,1.0,0.36689801169724845,1.2676074593115272,0.00414360723740792
61,0.4424946833258619,1.0,0.9875985638037691,0.36689801169724845,1.2717902752833832,9.926763063505817e-05
61,0.4437995338347737,1.0,0.9991502243021593,0.36689801169724845,1.2679520072071255,6.124517783789862e-05
62,0.4439207997388477,1.0,1.0,0.36689801169724845,1.2676074593115272,1.818722547231033e-06
62,0.44395519129686345,1.0,1.0,0.36689801169724845,1.2676074593115272,0.00010001541826287763
62,0.4439147486176772,1.0,1.0,0.36689801169724845,1.267622919661897,1.5460350369922438e-05
62,0.4439493330435702,1.0,0.9999709787943268,0.36689801169724845,1.2676171266133773,9.2956983440029e-05
62,0.44352779542456666,1.0,0.996626989627613,0.36689801169724845,1.2687348183646638,5.968611400453128e-06
62,0.4439683330157746,1.0,1.0,0.36689801169724845,1.2676074593115272,0.00013753437010977088
62,0.4439029210706572,1.0,1.0,0.36689801169724845,1.2676566947711394,4.923545961221798e-05
62,0.4439029210706572,1.0,1.0,0.36689801169724845,1.2676566947711394,4.923545961221798e-05
62,0.443896608763931,1.0,0.9997097879432686,0.36689801169724845,1.267704157587466,2.9436461304044315e-05
62,0.4437082186267739,1.0,0.998238478269852,0.36689801169724845,1.2682129518913807,1.769076460678143e-05
62,0.44378233908621023,1.0,0.9987655927234456,0.36689801169724845,1.2680191510241459,1.801586850791459e-05
62,0.4439029210706572,1.0,0.9997388091489418,0.36689801169724845,1.267694485233542,3.779046240248718e-05
62,0.443896608763931,1.0,0.9997097879432686,0.36689801169724845,1.267704157587466,2.9436461304044315e-05
62,0.4426588240405667,1.0,0.9892946193195421,0.36689801169724845,1.2712194565188455,7.425309938913216e-06
62,0.4422592202195835,1.0,0.9859304143919009,0.36689801169724845,1.2723680683007148,7.122472490461718e-06
62,0.443994539491553,1.0,1.0,0.36689801169724845,1.2676074593115272,0.00021234592038466005
62,0.4423600455399215,1.0,0.9867187196965528,0.36689801169724845,1.272091027707531,1.2965068669323898e-05
62,0.4439023765447224,1.0,1.0,0.36689801169724845,1.2676582497795863,5.0790468059114247e-05
62,0.4437025375507203,1.0,0.9982123591847462,0.36689801169724845,1.2682291898292013,2.5197422024447746e-05
62,0.4428560236434849,1.0,0.9909971845598349,0.36689801169724845,1.2706533945074974,1.9836066587952672e-05
62,0.44252580178396694,1.0,0.9881581274448784,0.36689801169724845,1.271601582215643,2.3009721321631815e-06
62,0.443721376564436,1.0,0.9983594901520878,0.36689801169724845,1.2681753448077309,2.0530463806789356e-05
62,0.44395757128570523,1.0,1.0,0.36689801169724845,1.2676074593115272,0.00010681033237558424
62,0.4438377380133254,1.0,0.9999709787943268,0.36689801169724845,1.2678428658236416,0.00022573921026425303
62,0.44287485216447153,1.0,0.9903651573875879,0.36689801169724845,1.2708480672840394,0.0002486937351362517
62,0.44242247335906043,1.0,0.9873701734605427,0.36689801169724845,1.2718985666506886,3.027342213157702e-05
62,0.44394405643120416,1.0,1.0,0.36689801169724845,1.2676074593115272,6.822419395513535e-05
62,0.4437901340303035,1.0,0.998889033451101,0.36689801169724845,1.2679788633717957,9.27307353348894e-07
62,0.44251482316633634,1.0,0.9877856568758393,0.36689801169724845,1.2717263913328227,9.326118525243565e-05
62,0.4437082186267739,1.0,0.9982123591847462,0.36689801169724845,1.2682129518913807,8.959484203874268e-06
62,0.44448064790133973,1.0,1.0,0.36689801169724845,1.2676074593115272,0.0015984387112968346
62,0.4435541186709229,1.0,0.9969642906648517,0.36689801169724845,1.2686535555319038,3.181634807813971e-05
62,0.443896608763931,1.0,1.0,0.36689801169724845,1.2676747211261619,6.726181463467817e-05
62,0.4439814570311699,1.0,1.0,0.36689801169724845,1.2676074593115272,0.00017500056268859865
62,0.44378282915955153,1.0,0.9859304143919009,0.36689801169724845,1.2723609458282243,0.004361210937560145
62,0.44246625001064716,1.0,0.987782754755272,0.36689801169724845,1.2717727277640418,4.5345671092933415e-05
62,0.444034581721172,1.0,1.0,0.36689801169724845,1.2676074593115272,0.0003266373024599645
62,0.44374565315711895,1.0,0.9983119765475219,0.36689801169724845,1.2681706940321416,6.472900539100657e-05
62,0.44375665911195994,1.0,0.9987917118085514,0.36689801169724845,1.2680745137422083,6.408432845628198e-05
62,0.44387302293573044,1.0,0.9997097879432686,0.36689801169724845,1.2677420808362014,3.792324873552744e-05
63,0.4439207997388477,1.0,1.0,0.36689801169724845,1.2676074593115272,1.818722547231033e-06
63,0.4437901340303035,1.0,0.998889033451101,0.36689801169724845,1.2679788633717957,9.27307353348894e-07
63,0.4439147486176772,1.0,1.0,0.36689801169724845,1.267622919661897,1.5460350369922438e-05
63,0.44394405643120416,1.0,1.0,0.36689801169724845,1.2676074593115272,6.822419395513535e-05
63,0.44352779542456666,1.0,0.996626989627613,0.36689801169724845,1.2687348183646638,5.968611400453128e-06
63,0.44252580178396694,1.0,0.9881581274448784,0.36689801169724845,1.271601582215643,2.3009721321631815e-06
63,0.4437082186267739,1.0,0.9982123591847462,0.36689801169724845,1.2682129518913807,8.959484203874268e-06
63,0.4439029210706572,1.0,1.0,0.36689801169724845,1.2676566947711394,4.923545961221798e-05
63,0.4439029210706572,1.0,1.0,0.36689801169724845,1.2676566947711394,4.923545961221798e-05
63,0.443896608763931,1.0,0.9997097879432686,0.36689801169724845,1.267704157587466,2.9436461304044315e-05
63,0.44378233908621023,1.0,0.9987655927234456,0.36689801169724845,1.2680191510241459,1.801586850791459e-05
63,0.4439029210706572,1.0,0.9997388091489418,0.36689801169724845,1.267694485233542,3.779046240248718e-05
63,0.443896608763931,1.0,0.9997097879432686,0.36689801169724845,1.267704157587466,2.9436461304044315e-05
63,0.44395519129686345,1.0,1.0,0.36689801169724845,1.2676074593115272,0.00010001541826287763
63,0.4439493330435702,1.0,0.9999709787943268,0.36689801169724845,1.2676171266133773,9.2956983440029e-05
63,0.4426588240405667,1.0,0.9892946193195421,0.36689801169724845,1.2712194565188455,7.425309938913216e-06
63,0.4422592202195835,1.0,0.9859304143919009,0.36689801169724845,1.2723680683007148,7.122472490461718e-06
63,0.4437082186267739,1.0,0.998238478269852,0.36689801169724845,1.2682129518913807,1.769076460678143e-05
63,0.44395757128570523,1.0,1.0,0.36689801169724845,1.2676074593115272,0.00010681033237558424
63,0.4423600455399215,1.0,0.9867187196965528,0.36689801169724845,1.272091027707531,1.2965068669323898e-05
63,0.4435432776317723,1.0,0.9967110247140647,0.36689801169724845,1.268706638690368,2.2074858875953396e-05
63,0.44375703963813173,1.0,0.998889033451101,0.36689801169724845,1.2680734263554265,9.549029098421258e-05
63,0.44278260251290313,1.0,0.9903361361819147,0.36689801169724845,1.2708640911519955,6.1675501998870175e-06
63,0.4440879317647974,1.0,1.0,0.36689801169724845,1.2676074593115272,0.00047888077081736924
63,0.4454725723907137,1.0,1.0,0.36689801169724845,1.2676074593115272,0.004417434596370784
63,0.4440414512314678,1.0,1.0,0.36689801169724845,1.2676074593115272,0.00034624267626193195
63,0.44253692618802926,1.0,0.9883372428467199,0.36689801169724845,1.2715696169514181,3.142689271751209e-05
63,0.4414748268877863,1.0,0.9792406845069243,0.36689801169724845,1.2746690217669852,4.026505252352486e-05
63,0.44529257104732517,1.0,1.0,0.36689801169724845,1.2676074593115272,0.003906813230381445
63,0.44082358903833574,1.0,0.9739772621187984,0.36689801169724845,1.276511792262306,4.5094652851851436e-06
63,0.44378233908621023,1.0,1.0,0.36689801169724845,1.268001135155638,0.0003936758441107635
63,0.44533438193513636,1.0,1.0,0.36689801169724845,1.2676074593115272,0.004025457664687204
63,0.44380229739935445,1.0,0.9997097879432686,0.36689801169724845,1.2679441116480674,0.00023995406060151048
63,0.4439446918462789,1.0,0.9999738809148941,0.36689801169724845,1.2676161598579414,7.873896081345144e-05
63,0.4438635143717592,1.0,0.9997097879432686,0.36689801169724845,1.267769238749067,6.508116160119926e-05
63,0.4426588240405667,1.0,0.9997649282340476,0.36689801169724845,1.2712194565188455,0.0035336759237198923
63,0.4451162768488244,1.0,1.0,0.36689801169724845,1.2676074593115272,0.0034063078486810117
63,0.44402753565803094,1.0,1.0,0.36689801169724845,1.2676074593115272,0.0003065274219860026
63,0.44395757128570523,1.0,1.0,0.36689801169724845,1.2676074593115272,0.00010681033237558424
63,0.4437451974942358,1.0,0.9986758212939251,0.36689801169724845,1.2681072671902942,5.813646791064109e-05
64,0.4439207997388477,1.0,1.0,0.36689801169724845,1.2676074593115272,1.818722547231033e-06
64,0.4437901340303035,1.0,0.998889033451101,0.36689801169724845,1.2679788633717957,9.27307353348894e-07
64,0.4439147486176772,1.0,1.0,0.36689801169724845,1.267622919661897,1.5460350369922438e-05
64,0.44394405643120416,1.0,1.0,0.36689801169724845,1.2676074593115272,6.822419395513535e-05
64,0.44352779542456666,1.0,0.996626989627613,0.36689801169724845,1.2687348183646638,5.968611400453128e-06
64,0.44252580178396694,1.0,0.9881581274448784,0.36689801169724845,1.271601582215643,2.3009721321631815e-06
64,0.4437082186267739,1.0,0.9982123591847462,0.36689801169724845,1.2682129518913807,8.959484203874268e-06
64,0.4439029210706572,1.0,1.0,0.36689801169724845,1.2676566947711394,4.923545961221798e-05
64,0.4439029210706572,1.0,1.0,0.36689801169724845,1.2676566947711394,4.923545961221798e-05
64,0.443896608763931,1.0,0.9997097879432686,0.36689801169724845,1.267704157587466,2.9436461304044315e-05
64,0.44378233908621023,1.0,0.9987655927234456,0.36689801169724845,1.2680191510241459,1.801586850791459e-05
64,0.4439029210706572,1.0,0.9997388091489418,0.36689801169724845,1.267694485233542,3.779046240248718e-05
64,0.443896608763931,1.0,0.9997097879432686,0.36689801169724845,1.267704157587466,2.9436461304044315e-05
64,0.44395519129686345,1.0,1.0,0.36689801169724845,1.2676074593115272,0.00010001541826287763
64,0.4439446918462789,1.0,0.9999738809148941,0.36689801169724845,1.2676161598579414,7.873896081345144e-05
64,0.44278260251290313,1.0,0.9903361361819147,0.36689801169724845,1.2708640911519955,6.1675501998870175e-06
64,0.44082358903833574,1.0,0.9739772621187984,0.36689801169724845,1.276511792262306,4.5094652851851436e-06
64,0.4437082186267739,1.0,0.998238478269852,0.36689801169724845,1.2682129518913807,1.769076460678143e-05
64,0.44395757128570523,1.0,1.0,0.36689801169724845,1.2676074593115272,0.00010681033237558424
64,0.44395757128570523,1.0,1.0,0.36689801169724845,1.2676074593115272,0.00010681033237558424
64,0.4439207997388477,1.0,0.996626989627613,0.36689801169724845,1.2687348183646638,0.0011291777756838872
64,0.44086212943956093,1.0,0.9739772621187984,0.36689801169724845,1.2765072827970207,0.00010708387250812912
64,0.4439147486176772,1.0,0.9987655927234456,0.36689801169724845,1.2680191510241459,0.00039623136224875566
64,0.4438972399946036,1.0,0.9999738809148941,0.36689801169724845,1.2676729184675892,5.675860964782231e-05
64,0.44394579395747424,1.0,0.9997097879432686,0.36689801169724845,1.267704157587466,0.00016988339698098542
64,0.44349139701329904,1.0,0.996626989627613,0.36689801169724845,1.2688329773973783,9.815903271448434e-05
64,0.4440175913276259,1.0,1.0,0.36689801169724845,1.2676074593115272,0.0002781446294861656
64,0.4425251897986416,1.0,0.9881907030423945,0.36689801169724845,1.2716033407630076,1.5171779743194946e-05
64,0.4425567541861811,1.0,0.9881581274448784,0.36689801169724845,1.2715992812435108,8.663479298198773e-05
64,0.4427880485219566,1.0,0.9903361361819147,0.36689801169724845,1.2708579236017956,9.463263128450805e-06
64,0.44401243755530206,1.0,1.0,0.36689801169724845,1.2676074593115272,0.0002634343957630403
64,0.4438334088044166,1.0,0.999126717125564,0.36689801169724845,1.2678986058260355,4.337329788617339e-05
64,0.4418551281634698,1.0,0.98249635934375,0.36689801169724845,1.2735418298951122,1.0136245458980397e-05
64,0.4438972399946036,1.0,0.9994776182978835,0.36689801169724845,1.2677815566400659,0.00010863817247663832
64,0.44377169429389224,1.0,0.9983911232662716,0.36689801169724845,1.2681442429681296,0.00011269215307518898
64,0.4435541724567409,1.0,0.996626989627613,0.36689801169724845,1.2687348183646638,8.141667094530014e-05
64,0.444049038554719,1.0,1.0,0.36689801169724845,1.2676074593115272,0.00036789596145747616
64,0.44387161454530444,1.0,0.9997649282340476,0.36689801169724845,1.2677461033412385,6.032274611289523e-05
64,0.44380709381039246,1.0,0.9992613209570492,0.36689801169724845,1.2679304084396152,7.671178028756387e-05
64,0.44428757735572433,1.0,1.0,0.36689801169724845,1.2676074593115272,0.0010482791653876333
65,0.4439207997388477,1.0,1.0,0.36689801169724845,1.2676074593115272,1.818722547231033e-06
65,0.4437901340303035,1.0,0.998889033451101,0.36689801169724845,1.2679788633717957,9.27307353348894e-07
65,0.4439147486176772,1.0,1.0,0.36689801169724845,1.267622919661897,1.5460350369922438e-05
65,0.44394405643120416,1.0,1.0,0.36689801169724845,1.2676074593115272,6.822419395513535e-05
65,0.44352779542456666,1.0,0.996626989627613,0.36689801169724845,1.2687348183646638,5.968611400453128e-06
65,0.44252580178396694,1.0,0.9881581274448784,0.36689801169724845,1.271601582215643,2.3009721321631815e-06
65,0.4437082186267739,1.0,0.9982123591847462,0.36689801169724845,1.2682129518913807,8.959484203874268e-06
65,0.4439029210706572,1.0,1.0,0.36689801169724845,1.2676566947711394,4.923545961221798e-05
65,0.4439029210706572,1.0,1.0,0.36689801169724845,1.2676566947711394,4.923545961221798e-05
65,0.443896608763931,1.0,0.9997097879432686,0.36689801169724845,1.267704157587466,2.9436461304044315e-05
65,0.44378233908621023,1.0,0.9987655927234456,0.36689801169724845,1.2680191510241459,1.801586850791459e-05
65,0.4439029210706572,1.0,0.9997388091489418,0.36689801169724845,1.267694485233542,3.779046240248718e-05
65,0.443896608763931,1.0,0.9997097879432686,0.36689801169724845,1.267704157587466,2.9436461304044315e-05
65,0.44395519129686345,1.0,1.0,0.36689801169724845,1.2676074593115272,0.00010001541826287763
65,0.4439446918462789,1.0,0.9999738809148941,0.36689801169724845,1.2676161598579414,7.873896081345144e-05
65,0.44278260251290313,1.0,0.9903361361819147,0.36689801169724845,1.2708640911519955,6.1675501998870175e-06
65,0.44082358903833574,1.0,0.9739772621187984,0.36689801169724845,1.276511792262306,4.5094652851851436e-06
65,0.4437082186267739,1.0,0.998238478269852,0.36689801169724845,1.2682129518913807,1.769076460678143e-05
65,0.4427880485219566,1.0,0.9903361361819147,0.36689801169724845,1.2708579236017956,9.463263128450805e-06
65,0.44395757128570523,1.0,1.0,0.36689801169724845,1.2676074593115272,0.00010681033237558424
65,0.4465615328593928,1.0,1.0,0.36689801169724845,1.2676074593115272,0.007497780521950936
65,0.4440458317082554,1.0,1.0,0.36689801169724845,1.2676074593115272,0.0003587441072727682
65,0.4439932416247474,1.0,1.0,0.36689801169724845,1.2676074593115272,0.00020864111164153876
65,0.44270103398346194,1.0,0.9895084252360592,0.36689801169724845,1.2711392780592405,4.102771889180623e-05
65,0.44383303101031935,1.0,0.9990336136181914,0.36689801169724845,1.2679296759218763,7.336418558234747e-05
65,0.4438811491932322,1.0,0.9994776182978835,0.36689801169724845,1.2677815566400659,6.268471595749503e-05
65,0.44413042349635845,1.0,1.0,0.36689801169724845,1.2676074593115272,0.0006001120228167345
65,0.44294354119955665,1.0,0.9913025225637233,0.36689801169724845,1.270530025284556,0.00012768868649182252
65,0.44452549964234367,1.0,1.0,0.36689801169724845,1.2676074593115272,0.001726176509507571
65,0.4439029210706572,1.0,0.9999764928234047,0.36689801169724845,1.2676566947711394,4.140498829219297e-05
65,0.4440724721940986,1.0,1.0,0.36689801169724845,1.2676074593115272,0.0004347680076384197
65,0.44370302762406166,1.0,0.9982358663613414,0.36689801169724845,1.2682277890604967,3.165482624356564e-05
65,0.4455454512133209,1.0,1.0,0.36689801169724845,1.2676074593115272,0.004624057290583128
65,0.44081790796228215,1.0,1.0,0.36689801169724845,1.2765282434101104,0.008920784098583212
65,0.4439682160780232,1.0,1.0,0.36689801169724845,1.2676074593115272,0.00013720052845789255
65,0.44277802714286324,1.0,0.9903361361819147,0.36689801169724845,1.2708772234058967,1.9299804101091667e-05
65,0.4416447034912002,1.0,0.9806783207763143,0.36689801169724845,1.2741703552350996,3.187860687559052e-05
65,0.4415068702896703,1.0,0.9794606500086017,0.36689801169724845,1.2745926284520066,5.638092406101691e-05
65,0.4411433497885879,1.0,0.976814607672871,0.36689801169724845,1.2755865184988686,7.264561873632225e-05
65,0.44290564765964635,1.0,0.9913360060759238,0.36689801169724845,1.2705186756693183,7.64765630001385e-06
66,0.4439207997388477,1.0,1.0,0.36689801169724845,1.2676074593115272,1.818722547231033e-06
66,0.4437901340303035,1.0,0.998889033451101,0.36689801169724845,1.2679788633717957,9.27307353348894e-07
66,0.4439147486176772,1.0,1.0,0.36689801169724845,1.267622919661897,1.5460350369922438e-05
66,0.44394405643120416,1.0,1.0,0.36689801169724845,1.2676074593115272,6.822419395513535e-05
66,0.44352779542456666,1.0,0.996626989627613,0.36689801169724845,1.2687348183646638,5.968611400453128e-06
66,0.44252580178396694,1.0,0.9881581274448784,0.36689801169724845,1.271601582215643,2.3009721321631815e-06
66,0.4437082186267739,1.0,0.9982123591847462,0.36689801169724845,1.2682129518913807,8.959484203874268e-06
66,0.443896608763931,1.0,0.9997097879432686,0.36689801169724845,1.267704157587466,2.9436461304044315e-05
66,0.44378233908621023,1.0,0.9987655927234456,0.36689801169724845,1.2680191510241459,1.801586850791459e-05
66,0.4439029210706572,1.0,0.9997388091489418,0.36689801169724845,1.267694485233542,3.779046240248718e-05
66,0.443896608763931,1.0,0.9997097879432686,0.36689801169724845,1.267704157587466,2.9436461304044315e-05
66,0.4439029210706572,1.0,0.9999764928234047,0.36689801169724845,1.2676566947711394,4.140498829219297e-05
66,0.44395519129686345,1.0,1.0,0.36689801169724845,1.2676074593115272,0.00010001541826287763
66,0.4439446918462789,1.0,0.9999738809148941,0.36689801169724845,1.2676161598579414,7.873896081345144e-05
66,0.44278260251290313,1.0,0.9903361361819147,0.36689801169724845,1.2708640911519955,6.1675501998870175e-06
66,0.44290564765964635,1.0,0.9913360060759238,0.36689801169724845,1.2705186756693183,7.64765630001385e-06
66,0.44082358903833574,1.0,0.9739772621187984,0.36689801169724845,1.276511792262306,4.5094652851851436e-06
66,0.4437082186267739,1.0,0.998238478269852,0.36689801169724845,1.2682129518913807,1.769076460678143e-05
66,0.44395757128570523,1.0,1.0,0.36689801169724845,1.2676074593115272,0.00010681033237558424
66,0.4427880485219566,1.0,0.9903361361819147,0.36689801169724845,1.2708579236017956,9.463263128450805e-06
66,0.44089922609962506,1.0,0.97481540226826,0.36689801169724845,1.2762928043513881,7.957255972512733e-05
66,0.44378598780673373,1.0,0.9990124571592557,0.36689801169724845,1.2679907099013885,5.397293093878375e-05
66,0.4437333699472158,1.0,0.9986288069407345,0.36689801169724845,1.2681410681151537,7.623452171157119e-05
66,0.4437473540810693,1.0,0.9986278426000428,0.36689801169724845,1.2681011042613108,3.594856102151489e-05
66,0.44352779542456666,1.0,1.0,0.36689801169724845,1.2687288497532634,0.001121390441736203
66,0.44369852433576706,1.0,0.9984146304428668,0.36689801169724845,1.2682406608530117,0.00010427324404505
66,0.442718163927684,1.0,0.9896932769809693,0.36689801169724845,1.271076402673551,2.733450789937919e-05
66,0.44397366208707667,1.0,0.9997097879432686,0.36689801169724845,1.267704157587466,0.00024944624578382424
66,0.44395037292233247,1.0,1.0,0.36689801169724845,1.2676074593115272,8.625864285694007e-05
66,0.4438122759528454,1.0,0.9989101899100368,0.36689801169724845,1.2679708732708397,5.52697303632943e-05
66,0.4431550341472967,1.0,0.9933133720172304,0.36689801169724845,1.26984978196053,5.373687147169903e-05
66,0.4440220098709244,1.0,1.0,0.36689801169724845,1.2676074593115272,0.0002907560525986508
66,0.4431075864800235,1.0,0.993023159960499,0.36689801169724845,1.2699477866858215,1.5772676450254153e-05
66,0.4426556481394001,1.0,0.9895410008335753,0.36689801169724845,1.2712285770787273,0.00010038097301623417
66,0.44269535290740836,1.0,0.9894823061509533,0.36689801169724845,1.2711481640867963,3.360183856782051e-05
66,0.4424819150245285,1.0,0.9879530193679316,0.36689801169724845,1.2717277036925196,5.8438693026241495e-05
66,0.44490489546590967,1.0,1.0,0.36689801169724845,1.2676074593115272,0.0028056658018045244
66,0.443930821117941,1.0,1.0,0.36689801169724845,1.2676074593115272,3.0433894173675924e-05
66,0.44387567774081016,1.0,0.9997097879432686,0.36689801169724845,1.2677344985146706,3.034092720466397e-05
66,0.44280144026111357,1.0,0.9905147516424785,0.36689801169724845,1.2708100257955444,1.2755251173501847e-05
67,0.4439207997388477,1.0,1.0,0.36689801169724845,1.2676074593115272,1.818722547231033e-06
67,0.4437901340303035,1.0,0.998889033451101,0.36689801169724845,1.2679788633717957,9.27307353348894e-07
67,0.4439147486176772,1.0,1.0,0.36689801169724845,1.267622919661897,1.5460350369922438e-05
67,0.443930821117941,1.0,1.0,0.36689801169724845,1.2676074593115272,3.0433894173675924e-05
67,0.44352779542456666,1.0,0.996626989627613,0.36689801169724845,1.2687348183646638,5.968611400453128e-06
67,0.44252580178396694,1.0,0.9881581274448784,0.36689801169724845,1.271601582215643,2.3009721321631815e-06
67,0.4437082186267739,1.0,0.9982123591847462,0.36689801169724845,1.2682129518913807,8.959484203874268e-06
67,0.443896608763931,1.0,0.9997097879432686,0.36689801169724845,1.267704157587466,2.9436461304044315e-05
67,0.44378233908621023,1.0,0.9987655927234456,0.36689801169724845,1.2680191510241459,1.801586850791459e-05
67,0.443896608763931,1.0,0.9997097879432686,0.36689801169724845,1.267704157587466,2.9436461304044315e-05
67,0.44394405643120416,1.0,1.0,0.36689801169724845,1.2676074593115272,6.822419395513535e-05
67,0.4439029210706572,1.0,0.9997388091489418,0.36689801169724845,1.267694485233542,3.779046240248718e-05
67,0.4439029210706572,1.0,0.9999764928234047,0.36689801169724845,1.2676566947711394,4.140498829219297e-05
67,0.44278260251290313,1.0,0.9903361361819147,0.36689801169724845,1.2708640911519955,6.1675501998870175e-06
67,0.44290564765964635,1.0,0.9913360060759238,0.36689801169724845,1.2705186756693183,7.64765630001385e-06
67,0.44082358903833574,1.0,0.9739772621187984,0.36689801169724845,1.276511792262306,4.5094652851851436e-06
67,0.4437082186267739,1.0,0.998238478269852,0.36689801169724845,1.2682129518913807,1.769076460678143e-05
67,0.4431075864800235,1.0,0.993023159960499,0.36689801169724845,1.2699477866858215,1.5772676450254153e-05
67,0.44395037292233247,1.0,1.0,0.36689801169724845,1.2676074593115272,8.625864285694007e-05
67,0.4427880485219566,1.0,0.9903361361819147,0.36689801169724845,1.2708579236017956,9.463263128450805e-06
67,0.4456770464887357,1.0,1.0,0.36689801169724845,1.2676074593115272,0.004996979005016833
67,0.4439253751088876,1.0,1.0,0.36689801169724845,1.2676074593115272,1.4883451851854801e-05
67,0.44388051796255956,1.0,0.9994747161773162,0.36689801169724845,1.267782524355772,6.184964239497326e-05
67,0.4427665117115317,1.0,0.9901010644159624,0.36689801169724845,1.2709377810705904,2.7504805055977855e-05
67,0.44517872278846,1.0,1.0,0.36689801169724845,1.2676074593115272,0.003583639388965887
67,0.4408649203814796,1.0,0.9743174920834305,0.36689801169724845,1.2763921185383276,4.262175751001962e-06
67,0.4437082186267739,1.0,0.9922788852811371,0.36689801169724845,1.2701993905697182,0.0019864386783374766
67,0.4430295161301476,1.0,0.9924864366878946,0.36689801169724845,1.2701558005355933,2.661117218893949e-05
67,0.4448706986071342,1.0,1.0,0.36689801169724845,1.2676074593115272,0.00270844148842575
67,0.44389442270667345,1.0,1.0,0.36689801169724845,1.2676809640735305,7.350476200329581e-05
67,0.44366551196026616,1.0,0.9980034065038996,0.36689801169724845,1.268335028424298,6.116932122934848e-05
67,0.44176312641770116,1.0,0.981638658745638,0.36689801169724845,1.273838060778672,4.114096631835373e-05
67,0.44276627664453155,1.0,0.9900749453308565,0.36689801169724845,1.2709466564634713,3.570546483011583e-05
67,0.44186524054132353,1.0,0.9826385286396471,0.36689801169724845,1.273502548035823,9.770319029822616e-06
67,0.4439192469390288,1.0,1.0,0.36689801169724845,1.2676100745886731,2.6152771459564406e-06
67,0.44462486867319395,1.0,1.0,0.36689801169724845,1.2676074593115272,0.0020090878013028224
67,0.4411299509356071,1.0,0.998238478269852,0.36689801169724845,1.2756252630822973,0.0074300019555233465
67,0.4440471360734833,1.0,1.0,0.36689801169724845,1.2676074593115272,0.0003624665840575858
67,0.44358886773341977,1.0,0.99722548151591,0.36689801169724845,1.2685541740442352,1.9945773317653348e-05
67,0.4437333699472158,1.0,0.9983911232662716,0.36689801169724845,1.2681442429681296,3.1748529758512944e-06
68,0.4439207997388477,1.0,1.0,0.36689801169724845,1.2676074593115272,1.818722547231033e-06
68,0.4437901340303035,1.0,0.998889033451101,0.36689801169724845,1.2679788633717957,9.27307353348894e-07
68,0.4439253751088876,1.0,1.0,0.36689801169724845,1.2676074593115272,1.4883451851854801e-05
68,0.4439192469390288,1.0,1.0,0.36689801169724845,1.2676100745886731,2.6152771459564406e-06
68,0.44252580178396694,1.0,0.9881581274448784,0.36689801169724845,1.271601582215643,2.3009721321631815e-06
68,0.443930821117941,1.0,1.0,0.36689801169724845,1.2676074593115272,3.0433894173675924e-05
68,0.4439147486176772,1.0,1.0,0.36689801169724845,1.267622919661897,1.5460350369922438e-05
68,0.4437333699472158,1.0,0.9983911232662716,0.36689801169724845,1.2681442429681296,3.1748529758512944e-06
68,0.44394405643120416,1.0,1.0,0.36689801169724845,1.2676074593115272,6.822419395513535e-05
68,0.443896608763931,1.0,0.9997097879432686,0.36689801169724845,1.267704157587466,2.9436461304044315e-05
68,0.44378233908621023,1.0,0.9987655927234456,0.36689801169724845,1.2680191510241459,1.801586850791459e-05
68,0.443896608763931,1.0,0.9997097879432686,0.36689801169724845,1.267704157587466,2.9436461304044315e-05
68,0.4439029210706572,1.0,0.9997388091489418,0.36689801169724845,1.267694485233542,3.779046240248718e-05
68,0.4439029210706572,1.0,0.9999764928234047,0.36689801169724845,1.2676566947711394,4.140498829219297e-05
68,0.44352779542456666,1.0,0.996626989627613,0.36689801169724845,1.2687348183646638,5.968611400453128e-06
68,0.4437082186267739,1.0,0.9982123591847462,0.36689801169724845,1.2682129518913807,8.959484203874268e-06
68,0.4408649203814796,1.0,0.9743174920834305,0.36689801169724845,1.2763921185383276,4.262175751001962e-06
68,0.44395037292233247,1.0,1.0,0.36689801169724845,1.2676074593115272,8.625864285694007e-05
68,0.44082358903833574,1.0,0.9739772621187984,0.36689801169724845,1.276511792262306,4.5094652851851436e-06
68,0.4437082186267739,1.0,0.998238478269852,0.36689801169724845,1.2682129518913807,1.769076460678143e-05
68,0.44380871611838446,1.0,0.9987655927234456,0.36689801169724845,1.2680191510241459,9.337740479331558e-05
68,0.44373963618566437,1.0,0.9985044018723873,0.36689801169724845,1.2681231601491907,1.676792552163242e-05
68,0.44063857196795153,1.0,0.9723895418440057,0.36689801169724845,1.2770657042795008,1.7925186708067642e-05
68,0.4432201765771141,1.0,0.9940558099085626,0.36689801169724845,1.2696094164021565,1.0095552676503416e-05
68,0.4466534475592886,1.0,1.0,0.36689801169724845,1.2676074593115272,0.007757092530702447
68,0.44359579855740466,1.0,0.9969642906648517,0.36689801169724845,1.2686217391838257,8.738526796947532e-05
68,0.44647821337309357,1.0,1.0,0.36689801169724845,1.2676074593115272,0.007262625283156465
68,0.44520367242363273,1.0,1.0,0.36689801169724845,1.2676074593115272,0.0036544764800308105
68,0.4464571125285681,1.0,1.0,0.36689801169724845,1.2676074593115272,0.007203057769087362
68,0.44374531726171795,1.0,0.9985305209574932,0.36689801169724845,1.2681069249263688,9.258876464413035e-06
68,0.44463516422375554,1.0,1.0,0.36689801169724845,1.2676074593115272,0.0020383927979465977
68,0.4439151186627941,1.0,0.9997599656078775,0.36689801169724845,1.267687434441426,6.557146277907933e-05
68,0.4439192449523287,1.0,0.9998471684400462,0.36689801169724845,1.2676583755895356,4.829532784644819e-05
68,0.443744944126128,1.0,0.9983911232662716,0.36689801169724845,1.2681442429681296,3.625171789445325e-05
68,0.4439232954282452,1.0,0.9999764928234047,0.36689801169724845,1.2676152897828472,1.6775537501123594e-05
68,0.4438909276878774,1.0,0.9996836688581627,0.36689801169724845,1.2677128631861525,2.1917902125467847e-05
68,0.4413067544410629,1.0,0.9781413982874565,0.36689801169724845,1.275114201297314,6.288602591308923e-05
68,0.44649908770025154,1.0,1.0,0.36689801169724845,1.2676074593115272,0.007321547800722916
68,0.4438804230385568,1.0,0.9739772621187984,0.36689801169724845,1.2765072827970207,0.008786336981080112
68,0.4434907736000744,1.0,0.9966058331686772,0.36689801169724845,1.2688347609908672,9.28474344907837e-05
69,0.4439207997388477,1.0,1.0,0.36689801169724845,1.2676074593115272,1.818722547231033e-06
69,0.4437901340303035,1.0,0.998889033451101,0.36689801169724845,1.2679788633717957,9.27307353348894e-07
69,0.4439253751088876,1.0,1.0,0.36689801169724845,1.2676074593115272,1.4883451851854801e-05
69,0.4439192469390288,1.0,1.0,0.36689801169724845,1.2676100745886731,2.6152771459564406e-06
69,0.44252580178396694,1.0,0.9881581274448784,0.36689801169724845,1.271601582215643,2.3009721321631815e-06
69,0.443930821117941,1.0,1.0,0.36689801169724845,1.2676074593115272,3.0433894173675924e-05
69,0.4439147486176772,1.0,1.0,0.36689801169724845,1.267622919661897,1.5460350369922438e-05
69,0.4437333699472158,1.0,0.9983911232662716,0.36689801169724845,1.2681442429681296,3.1748529758512944e-06
69,0.44374531726171795,1.0,0.9985305209574932,0.36689801169724845,1.2681069249263688,9.258876464413035e-06
69,0.4439232954282452,1.0,0.9999764928234047,0.36689801169724845,1.2676152897828472,1.6775537501123594e-05
69,0.44394405643120416,1.0,1.0,0.36689801169724845,1.2676074593115272,6.822419395513535e-05
69,0.4408649203814796,1.0,0.9743174920834305,0.36689801169724845,1.2763921185383276,4.262175751001962e-06
69,0.44352779542456666,1.0,0.996626989627613,0.36689801169724845,1.2687348183646638,5.968611400453128e-06
69,0.4439029210706572,1.0,0.9999764928234047,0.36689801169724845,1.2676566947711394,4.140498829219297e-05
69,0.4437082186267739,1.0,0.9982123591847462,0.36689801169724845,1.2682129518913807,8.959484203874268e-06
69,0.4438909276878774,1.0,0.9996836688581627,0.36689801169724845,1.2677128631861525,2.1917902125467847e-05
69,0.4439029210706572,1.0,0.9997388091489418,0.36689801169724845,1.267694485233542,3.779046240248718e-05
69,0.44373963618566437,1.0,0.9985044018723873,0.36689801169724845,1.2681231601491907,1.676792552163242e-05
69,0.443896608763931,1.0,0.9997097879432686,0.36689801169724845,1.267704157587466,2.9436461304044315e-05
69,0.44378233908621023,1.0,0.9987655927234456,0.36689801169724845,1.2680191510241459,1.801586850791459e-05
69,0.4439207997388477,1.0,1.0,0.36689801169724845,1.2676074593115272,1.818722547231033e-06
69,0.4442867711212517,1.0,1.0,0.36689801169724845,1.2676074593115272,0.0010459807767413398
69,0.4437824039018751,1.0,0.9985938587681995,0.36689801169724845,1.268076507298451,7.555733793496167e-05
69,0.4439540087454361,1.0,1.0,0.36689801169724845,1.2676074593115272,9.663918400448779e-05
69,0.4437593063015528,1.0,0.9986604783510927,0.36689801169724845,1.268066949205306,1.2694077377473079e-05
69,0.44388990665679556,1.0,0.9996901472279324,0.36689801169724845,1.2677107038763922,1.6842662457605684e-05
69,0.4439363757480526,1.0,1.0,0.36689801169724845,1.2676074593115272,4.629409820955388e-05
69,0.44389637369693086,1.0,0.9996836688581627,0.36689801169724845,1.2677128631861525,3.747075805882183e-05
69,0.44374531726171795,1.0,0.998388772548612,0.36689801169724845,1.268145028524391,3.810359802214336e-05
69,0.4437844529542499,1.0,0.9988629143659952,0.36689801169724845,1.2679950953156887,8.439340283050711e-06
69,0.44254049506550136,1.0,0.9881792839038142,0.36689801169724845,1.2715920642218068,3.2701871268248084e-05
69,0.4440141447554141,1.0,1.0,0.36689801169724845,1.2676074593115272,0.0002683072356983729
69,0.4424081278084186,1.0,0.9872822373236387,0.36689801169724845,1.2719398093044985,4.146754256351137e-05
69,0.44389442270667345,1.0,0.9999764928234047,0.36689801169724845,1.2676809640735305,6.56742906832708e-05
69,0.4438804646471207,1.0,0.9996773387557529,0.36689801169724845,1.267720826982038,5.85387818463623e-06
69,0.4438909276878774,1.0,1.0,0.36689801169724845,1.267690945284027,8.348597249985268e-05
69,0.4426782900043303,1.0,0.9997388091489418,0.36689801169724845,1.271163556981012,0.0034690717474701316
69,0.44374638436107744,1.0,0.9984162780106856,0.36689801169724845,1.2681358370574856,3.196161192842162e-05
69,0.44515544508845406,1.0,1.0,0.36689801169724845,1.2676074593115272,0.0035175421019641995
69,0.4410004718491401,1.0,0.9754162638325806,0.36689801169724845,1.2760027380087655,2.9474510869764714e-06
70,0.4439207997388477,1.0,1.0,0.36689801169724845,1.2676074593115272,1.818722547231033e-06
70,0.4437901340303035,1.0,0.998889033451101,0.36689801169724845,1.2679788633717957,9.27307353348894e-07
70,0.4439207997388477,1.0,1.0,0.36689801169724845,1.2676074593115272,1.818722547231033e-06
70,0.4439253751088876,1.0,1.0,0.36689801169724845,1.2676074593115272,1.4883451851854801e-05
70,0.4439192469390288,1.0,1.0,0.36689801169724845,1.2676100745886731,2.6152771459564406e-06
70,0.44252580178396694,1.0,0.9881581274448784,0.36689801169724845,1.271601582215643,2.3009721321631815e-06
70,0.443930821117941,1.0,1.0,0.36689801169724845,1.2676074593115272,3.0433894173675924e-05
70,0.4439147486176772,1.0,1.0,0.36689801169724845,1.267622919661897,1.5460350369922438e-05
70,0.4437333699472158,1.0,0.9983911232662716,0.36689801169724845,1.2681442429681296,3.1748529758512944e-06
70,0.4439232954282452,1.0,0.9999764928234047,0.36689801169724845,1.2676152897828472,1.6775537501123594e-05
70,0.4438804646471207,1.0,0.9996773387557529,0.36689801169724845,1.267720826982038,5.85387818463623e-06
70,0.4410004718491401,1.0,0.9754162638325806,0.36689801169724845,1.2760027380087655,2.9474510869764714e-06
70,0.4439363757480526,1.0,1.0,0.36689801169724845,1.2676074593115272,4.629409820955388e-05
70,0.4439029210706572,1.0,0.9999764928234047,0.36689801169724845,1.2676566947711394,4.140498829219297e-05
70,0.4439029210706572,1.0,0.9997388091489418,0.36689801169724845,1.267694485233542,3.779046240248718e-05
70,0.443896608763931,1.0,0.9997097879432686,0.36689801169724845,1.267704157587466,2.9436461304044315e-05
70,0.44388990665679556,1.0,0.9996901472279324,0.36689801169724845,1.2677107038763922,1.6842662457605684e-05
70,0.44352779542456666,1.0,0.996626989627613,0.36689801169724845,1.2687348183646638,5.968611400453128e-06
70,0.4437844529542499,1.0,0.9988629143659952,0.36689801169724845,1.2679950953156887,8.439340283050711e-06
70,0.4408649203814796,1.0,0.9743174920834305,0.36689801169724845,1.2763921185383276,4.262175751001962e-06
70,0.4424059565258194,1.0,1.0,0.36689801169724845,1.2719460518532892,0.004338592541762054
70,0.4426477981048614,1.0,0.9891470220191134,0.36689801169724845,1.2712622734662418,1.1152079699261463e-05
70,0.4466417345868131,1.0,1.0,0.36689801169724845,1.2676074593115272,0.007724053538835873
70,0.44270350783761964,1.0,0.989606116505234,0.36689801169724845,1.2711060464701833,1.48991042376867e-05
70,0.44389655544849216,1.0,0.9996984952146887,0.36689801169724845,1.26770792144461,3.304806082615741e-05
70,0.4439084364235301,1.0,0.9999764928234047,0.36689801169724845,1.2676409447348618,2.565495201456436e-05
70,0.4425221581436722,1.0,0.9881792839038142,0.36689801169724845,1.2716120523326035,1.9988110796731462e-05
70,0.44388699384569097,1.0,0.9996860977035824,0.36689801169724845,1.2677120536227822,9.873731348530868e-06
70,0.4440457579654435,1.0,1.0,0.36689801169724845,1.2676074593115272,0.0003585336548999063
70,0.4438258914065566,1.0,0.9999764928234047,0.36689801169724845,1.267876707102695,0.00026141731984785643
70,0.44393495725208454,1.0,1.0,0.36689801169724845,1.2676074593115272,4.224388686946412e-05
70,0.44665321249228845,1.0,1.0,0.36689801169724845,1.2676074593115272,0.0077564294900314135
70,0.44386661948810296,1.0,0.9996860977035824,0.36689801169724845,1.2677603699339735,4.831631119128765e-05
70,0.4439248482280641,1.0,1.0,0.36689801169724845,1.2676074593115272,1.3378985000311872e-05
70,0.4441075363306021,1.0,1.0,0.36689801169724845,1.2676074593115272,0.0005348165600418398
70,0.44389780810220897,1.0,0.9997153019723465,0.36689801169724845,1.2677023197970079,3.102371775054458e-05
70,0.44103901955215213,1.0,0.9756855024934672,0.36689801169724845,1.2759085024518728,2.0236858375932698e-05
70,0.44277013501740253,1.0,0.9903421845943996,0.36689801169724845,1.270899876068478,4.400670450155353e-05
70,0.4434274109062666,1.0,0.9958533241159527,0.36689801169724845,1.2690160686554244,2.1591852861435612e-05
70,0.4450401861806427,1.0,1.0,0.36689801169724845,1.2676074593115272,0.0031901612778730826
71,0.4439207997388477,1.0,1.0,0.36689801169724845,1.2676074593115272,1.818722547231033e-06
71,0.4437901340303035,1.0,0.998889033451101,0.36689801169724845,1.2679788633717957,9.27307353348894e-07
71,0.4439207997388477,1.0,1.0,0.36689801169724845,1.2676074593115272,1.818722547231033e-06
71,0.4439192469390288,1.0,1.0,0.36689801169724845,1.2676100745886731,2.6152771459564406e-06
71,0.44252580178396694,1.0,0.9881581274448784,0.36689801169724845,1.271601582215643,2.3009721321631815e-06
71,0.4439248482280641,1.0,1.0,0.36689801169724845,1.2676074593115272,1.3378985000311872e-05
71,0.4437333699472158,1.0,0.9983911232662716,0.36689801169724845,1.2681442429681296,3.1748529758512944e-06
71,0.4438804646471207,1.0,0.9996773387557529,0.36689801169724845,1.267720826982038,5.85387818463623e-06
71,0.44388699384569097,1.0,0.9996860977035824,0.36689801169724845,1.2677120536227822,9.873731348530868e-06
71,0.4410004718491401,1.0,0.9754162638325806,0.36689801169724845,1.2760027380087655,2.9474510869764714e-06
71,0.4439253751088876,1.0,1.0,0.36689801169724845,1.2676074593115272,1.4883451851854801e-05
71,0.44352779542456666,1.0,0.996626989627613,0.36689801169724845,1.2687348183646638,5.968611400453128e-06
71,0.4437844529542499,1.0,0.9988629143659952,0.36689801169724845,1.2679950953156887,8.439340283050711e-06
71,0.4408649203814796,1.0,0.9743174920834305,0.36689801169724845,1.2763921185383276,4.262175751001962e-06
71,0.443930821117941,1.0,1.0,0.36689801169724845,1.2676074593115272,3.0433894173675924e-05
71,0.4439147486176772,1.0,1.0,0.36689801169724845,1.267622919661897,1.5460350369922438e-05
71,0.4439232954282452,1.0,0.9999764928234047,0.36689801169724845,1.2676152897828472,1.6775537501123594e-05
71,0.4426477981048614,1.0,0.9891470220191134,0.36689801169724845,1.2712622734662418,1.1152079699261463e-05
71,0.44393495725208454,1.0,1.0,0.36689801169724845,1.2676074593115272,4.224388686946412e-05
71,0.44388990665679556,1.0,0.9996901472279324,0.36689801169724845,1.2677107038763922,1.6842662457605684e-05
71,0.442633332854624,1.0,0.9891470220191134,0.36689801169724845,1.2712926658527608,3.0392386519029202e-05
71,0.4465175350668856,1.0,1.0,0.36689801169724845,1.2676074593115272,0.007373615086765373
71,0.44379517519043526,1.0,0.998889033451101,0.36689801169724845,1.2679779360644423,1.3475923769545872e-05
71,0.44141052561722033,1.0,0.9786729593288563,0.36689801169724845,1.2748663495976964,5.1914827061683155e-05
71,0.4438935502970903,1.0,0.9996901472279324,0.36689801169724845,1.2677107038763922,2.724835639189571e-05
71,0.44392312898842984,1.0,1.0,0.36689801169724845,1.2676074593115272,8.469806280331227e-06
71,0.4427832519729126,1.0,0.9901703990897177,0.36689801169724845,1.2709142230805377,5.1995990471231934e-05
71,0.4441036440645532,1.0,1.0,0.36689801169724845,1.2676074593115272,0.0005237115311060858
71,0.44239511339455695,1.0,0.9872335754026293,0.36689801169724845,1.2719772273286738,6.225506955770399e-05
71,0.4439335597322475,1.0,1.0,0.36689801169724845,1.2676074593115272,3.825354306585815e-05
71,0.4407829500119888,1.0,0.9735127325027004,0.36689801169724845,1.2766704752902596,4.099200510698786e-05
71,0.4465531433288009,1.0,1.0,0.36689801169724845,1.2676074593115272,0.0074741064557537484
71,0.4422255447046917,1.0,0.9857914370654142,0.36689801169724845,1.2724649592430135,5.638239592475891e-05
71,0.44427699931109815,1.0,1.0,0.36689801169724845,1.2676074593115272,0.0010181229351080567
71,0.4437930768831272,1.0,0.9988629143659952,0.36689801169724845,1.2679866559754056,1.6200745521999238e-05
71,0.4439147486176772,1.0,0.9994076351611565,0.36689801169724845,1.26780489417022,0.00018197450832291295
71,0.4440011591412609,1.0,1.0,0.36689801169724845,1.2676074593115272,0.00023124161806609145
71,0.4461602083583394,1.0,1.0,0.36689801169724845,1.2676074593115272,0.006364302283629053
71,0.4442880982329245,1.0,1.0,0.36689801169724845,1.2676074593115272,0.0010497640617885828
71,0.44636578288098855,1.0,1.0,0.36689801169724845,1.2676074593115272,0.00694516996953487
72,0.4439207997388477,1.0,1.0,0.36689801169724845,1.2676074593115272,1.818722547231033e-06
72,0.4437901340303035,1.0,0.998889033451101,0.36689801169724845,1.2679788633717957,9.27307353348894e-07
72,0.4439207997388477,1.0,1.0,0.36689801169724845,1.2676074593115272,1.818722547231033e-06
72,0.4439192469390288,1.0,1.0,0.36689801169724845,1.2676100745886731,2.6152771459564406e-06
72,0.44252580178396694,1.0,0.9881581274448784,0.36689801169724845,1.271601582215643,2.3009721321631815e-06
72,0.44392312898842984,1.0,1.0,0.36689801169724845,1.2676074593115272,8.469806280331227e-06
72,0.4437333699472158,1.0,0.9983911232662716,0.36689801169724845,1.2681442429681296,3.1748529758512944e-06
72,0.4438804646471207,1.0,0.9996773387557529,0.36689801169724845,1.267720826982038,5.85387818463623e-06
72,0.4410004718491401,1.0,0.9754162638325806,0.36689801169724845,1.2760027380087655,2.9474510869764714e-06
72,0.4439248482280641,1.0,1.0,0.36689801169724845,1.2676074593115272,1.3378985000311872e-05
72,0.44388699384569097,1.0,0.9996860977035824,0.36689801169724845,1.2677120536227822,9.873731348530868e-06
72,0.44352779542456666,1.0,0.996626989627613,0.36689801169724845,1.2687348183646638,5.968611400453128e-06
72,0.4437844529542499,1.0,0.9988629143659952,0.36689801169724845,1.2679950953156887,8.439340283050711e-06
72,0.4408649203814796,1.0,0.9743174920834305,0.36689801169724845,1.2763921185383276,4.262175751001962e-06
72,0.4439253751088876,1.0,1.0,0.36689801169724845,1.2676074593115272,1.4883451851854801e-05
72,0.44379517519043526,1.0,0.998889033451101,0.36689801169724845,1.2679779360644423,1.3475923769545872e-05
72,0.4426477981048614,1.0,0.9891470220191134,0.36689801169724845,1.2712622734662418,1.1152079699261463e-05
72,0.443930821117941,1.0,1.0,0.36689801169724845,1.2676074593115272,3.0433894173675924e-05
72,0.4439147486176772,1.0,1.0,0.36689801169724845,1.267622919661897,1.5460350369922438e-05
72,0.4439232954282452,1.0,0.9999764928234047,0.36689801169724845,1.2676152897828472,1.6775537501123594e-05
72,0.4440957811609906,1.0,1.0,0.36689801169724845,1.2676074593115272,0.0005012772776977759
72,0.44612995748599416,1.0,1.0,0.36689801169724845,1.2676074593115272,0.0062787807780366744
72,0.44404104984591686,1.0,1.0,0.36689801169724845,1.2676074593115272,0.0003450971507734657
72,0.44389582044406006,1.0,0.9997174879332241,0.36689801169724845,1.267701591235906,2.4618831123479623e-05
72,0.4440576510571149,1.0,1.0,0.36689801169724845,1.2676074593115272,0.00039247408487219637
72,0.44403839887653745,1.0,1.0,0.36689801169724845,1.2676074593115272,0.00033753142285730675
72,0.44392693906853997,1.0,0.9999764928234047,0.36689801169724845,1.2676152897828472,2.7179666215015885e-05
72,0.4439173058943867,1.0,1.0,0.36689801169724845,1.2676156172600341,8.157948506948287e-06
72,0.4453617879439384,1.0,1.0,0.36689801169724845,1.2676074593115272,0.004103214087260554
72,0.4438011326675354,1.0,0.9990111054257649,0.36689801169724845,1.267947439298088,1.0251171284059168e-05
72,0.44526704658439903,1.0,1.0,0.36689801169724845,1.2676074593115272,0.0038343729263758952
72,0.44374408751565636,1.0,0.9984409142847545,0.36689801169724845,1.2681276048135925,1.7165588020784384e-05
72,0.44393291744256497,1.0,1.0,0.36689801169724845,1.2676074593115272,3.641960242095621e-05
72,0.44367683686973214,1.0,0.997863044471986,0.36689801169724845,1.2683208078394783,1.8153833097445116e-05
72,0.4426616524550122,1.0,0.9893423147003906,0.36689801169724845,1.2712113339822624,1.5535120190923735e-05
72,0.44392762122934537,1.0,0.9999788435410643,0.36689801169724845,1.2676145067191482,2.8344440142769045e-05
72,0.4439231289884298,1.0,1.0,0.36689801169724845,1.2676074593115272,8.469806280331227e-06
72,0.44368469499368457,1.0,0.9979641605588607,0.36689801169724845,1.2682869848808336,6.793852225905894e-06
72,0.44391637251168514,1.0,0.9999764928234047,0.36689801169724845,1.2676182825604374,2.9927775901938958e-06
72,0.4439232954282452,1.0,0.9891213532683031,0.36689801169724845,1.2712710126633082,0.0036724984179621334
73,0.4439207997388477,1.0,1.0,0.36689801169724845,1.2676074593115272,1.818722547231033e-06
73,0.4437901340303035,1.0,0.998889033451101,0.36689801169724845,1.2679788633717957,9.27307353348894e-07
73,0.4439207997388477,1.0,1.0,0.36689801169724845,1.2676074593115272,1.818722547231033e-06
73,0.4439192469390288,1.0,1.0,0.36689801169724845,1.2676100745886731,2.6152771459564406e-06
73,0.44252580178396694,1.0,0.9881581274448784,0.36689801169724845,1.271601582215643,2.3009721321631815e-06
73,0.44392312898842984,1.0,1.0,0.36689801169724845,1.2676074593115272,8.469806280331227e-06
73,0.4439231289884298,1.0,1.0,0.36689801169724845,1.2676074593115272,8.469806280331227e-06
73,0.4439173058943867,1.0,1.0,0.36689801169724845,1.2676156172600341,8.157948506948287e-06
73,0.44391637251168514,1.0,0.9999764928234047,0.36689801169724845,1.2676182825604374,2.9927775901938958e-06
73,0.4410004718491401,1.0,0.9754162638325806,0.36689801169724845,1.2760027380087655,2.9474510869764714e-06
73,0.4439248482280641,1.0,1.0,0.36689801169724845,1.2676074593115272,1.3378985000311872e-05
73,0.4437333699472158,1.0,0.9983911232662716,0.36689801169724845,1.2681442429681296,3.1748529758512944e-06
73,0.4438804646471207,1.0,0.9996773387557529,0.36689801169724845,1.267720826982038,5.85387818463623e-06
73,0.44388699384569097,1.0,0.9996860977035824,0.36689801169724845,1.2677120536227822,9.873731348530868e-06
73,0.4439253751088876,1.0,1.0,0.36689801169724845,1.2676074593115272,1.4883451851854801e-05
73,0.4408649203814796,1.0,0.9743174920834305,0.36689801169724845,1.2763921185383276,4.262175751001962e-06
73,0.443930821117941,1.0,1.0,0.36689801169724845,1.2676074593115272,3.0433894173675924e-05
73,0.44352779542456666,1.0,0.996626989627613,0.36689801169724845,1.2687348183646638,5.968611400453128e-06
73,0.44392762122934537,1.0,0.9999788435410643,0.36689801169724845,1.2676145067191482,2.8344440142769045e-05
73,0.4439232954282452,1.0,0.9999764928234047,0.36689801169724845,1.2676152897828472,1.6775537501123594e-05
73,0.44387697080265975,1.0,0.9996773387557529,0.36689801169724845,1.267730805466327,1.5832362473711115e-05
73,0.4384053120932115,1.0,0.9536401185931087,0.36689801169724845,1.2838007468435801,0.00024761875523937604
73,0.4439378519736944,1.0,1.0,0.36689801169724845,1.2676074593115272,5.050911678039505e-05
73,0.44352427072165407,1.0,0.9966503883684341,0.36689801169724845,1.2687389323858431,1.196085086929699e-05
73,0.4440325741295379,1.0,1.0,0.36689801169724845,1.2676074593115272,0.000320907582347596
73,0.4411684119925925,1.0,0.9768857428750874,0.36689801169724845,1.2755140540870689,2.5012874051100198e-05
73,0.4410065526782103,1.0,0.9754374202915164,0.36689801169724845,1.2759953312056829,1.313480064291106e-05
73,0.4412068098997707,1.0,0.9771761379949099,0.36689801169724845,1.2754030470286026,1.53385852654786e-05
73,0.4437672983833773,1.0,0.9986862278095734,0.36689801169724845,1.2680456551289383,1.5433315059265595e-06
73,0.4439253057650681,1.0,1.0,0.36689801169724845,1.2676074593115272,1.4685446220186194e-05
73,0.44364225010224156,1.0,0.997626859521622,0.36689801169724845,1.2684015320751238,1.6945284460057053e-06
73,0.4440328615722723,1.0,1.0,0.36689801169724845,1.2676074593115272,0.0003217279547622631
73,0.4447869372242541,1.0,1.0,0.36689801169724845,1.2676074593115272,0.0024702382458587913
73,0.4439138713381396,1.0,1.0,0.36689801169724845,1.267625424786693,1.7965475165748757e-05
73,0.4439213906044413,1.0,0.9999788435410643,0.36689801169724845,1.2676145067191482,1.0553331040830116e-05
73,0.44100670247404417,1.0,0.9754162638325806,0.36689801169724845,1.2760027380087655,2.0975013956148203e-05
73,0.4435298169329786,1.0,0.996626989627613,0.36689801169724845,1.2687348183646638,1.175119001994851e-05
73,0.44097144406513605,1.0,0.9751337517658047,0.36689801169724845,1.2761016753066805,1.7889636111823037e-05
73,0.4439187034142238,1.0,1.0,0.36689801169724845,1.267611626624016,4.167312488867481e-06
73,0.4465171167359246,1.0,1.0,0.36689801169724845,1.2676074593115272,0.0073724344045156265
74,0.4439207997388477,1.0,1.0,0.36689801169724845,1.2676074593115272,1.818722547231033e-06
74,0.4437901340303035,1.0,0.998889033451101,0.36689801169724845,1.2679788633717957,9.27307353348894e-07
74,0.4439207997388477,1.0,1.0,0.36689801169724845,1.2676074593115272,1.818722547231033e-06
74,0.4437672983833773,1.0,0.9986862278095734,0.36689801169724845,1.2680456551289383,1.5433315059265595e-06
74,0.4439192469390288,1.0,1.0,0.36689801169724845,1.2676100745886731,2.6152771459564406e-06
74,0.44392312898842984,1.0,1.0,0.36689801169724845,1.2676074593115272,8.469806280331227e-06
74,0.4439231289884298,1.0,1.0,0.36689801169724845,1.2676074593115272,8.469806280331227e-06
74,0.44364225010224156,1.0,0.997626859521622,0.36689801169724845,1.2684015320751238,1.6945284460057053e-06
74,0.44391637251168514,1.0,0.9999764928234047,0.36689801169724845,1.2676182825604374,2.9927775901938958e-06
74,0.4439187034142238,1.0,1.0,0.36689801169724845,1.267611626624016,4.167312488867481e-06
74,0.4439248482280641,1.0,1.0,0.36689801169724845,1.2676074593115272,1.3378985000311872e-05
74,0.44252580178396694,1.0,0.9881581274448784,0.36689801169724845,1.271601582215643,2.3009721321631815e-06
74,0.4437333699472158,1.0,0.9983911232662716,0.36689801169724845,1.2681442429681296,3.1748529758512944e-06
74,0.4439173058943867,1.0,1.0,0.36689801169724845,1.2676156172600341,8.157948506948287e-06
74,0.4438804646471207,1.0,0.9996773387557529,0.36689801169724845,1.267720826982038,5.85387818463623e-06
74,0.4439213906044413,1.0,0.9999788435410643,0.36689801169724845,1.2676145067191482,1.0553331040830116e-05
74,0.4439253057650681,1.0,1.0,0.36689801169724845,1.2676074593115272,1.4685446220186194e-05
74,0.4410004718491401,1.0,0.9754162638325806,0.36689801169724845,1.2760027380087655,2.9474510869764714e-06
74,0.4439253751088876,1.0,1.0,0.36689801169724845,1.2676074593115272,1.4883451851854801e-05
74,0.44352779542456666,1.0,0.996626989627613,0.36689801169724845,1.2687348183646638,5.968611400453128e-06
74,0.4435679582419204,1.0,0.9969642906648517,0.36689801169724845,1.2686217391838257,7.766359795935429e-06
74,0.44250766770577654,1.0,0.998889033451101,0.36689801169724845,1.2716536927758653,0.0036757567114229506
74,0.4439207997388477,1.0,0.9851224181097301,0.36689801169724845,1.2726380545022333,0.005032413913253375
74,0.440996795610091,1.0,0.9754353046456228,0.36689801169724845,1.2760104275516269,1.4355680094002565e-05
74,0.4441735907364171,1.0,1.0,0.36689801169724845,1.2676074593115272,0.0007232467866433723
74,0.44392312898842984,1.0,1.0,0.36689801169724845,1.2676074593115272,8.469806280331227e-06
74,0.44398092016014645,1.0,1.0,0.36689801169724845,1.2676074593115272,0.00017346795682904315
74,0.44369249773258906,1.0,0.9980538222290328,0.36689801169724845,1.2682578871600125,8.880447559533877e-07
74,0.44391637251168514,1.0,0.9986862278095734,0.36689801169724845,1.2680456551289383,0.00042737256850089445
74,0.44291658711799414,1.0,0.9914569846719951,0.36689801169724845,1.2704796480583176,1.9730640747894768e-06
74,0.44129449302354146,1.0,0.9778534809903868,0.36689801169724845,1.2751515849342066,1.9544443208285855e-06
74,0.4439274035773529,1.0,1.0,0.36689801169724845,1.2676074593115272,2.067555105655927e-05
74,0.4435670889216128,1.0,0.9969642906648517,0.36689801169724845,1.2686217391838257,5.280080010550137e-06
74,0.4435663970512079,1.0,0.9969642906648517,0.36689801169724845,1.2686217391838257,3.3013048212904295e-06
74,0.44515409688470375,1.0,1.0,0.36689801169724845,1.2676074593115272,0.0035137136507037425
74,0.44405124778421334,1.0,1.0,0.36689801169724845,1.2676074593115272,0.00037420069098437203
74,0.4409673147266007,1.0,0.9751258687127583,0.36689801169724845,1.276104436817866,8.70154975918247e-06
74,0.4439247827556331,1.0,1.0,0.36689801169724845,1.2676074593115272,1.3192033361253408e-05
74,0.4441735907364171,1.0,1.0,0.36689801169724845,1.2676074593115272,0.0007232467866433723
74,0.44405939351619167,1.0,1.0,0.36689801169724845,1.2676074593115272,0.0003974465508991276
75,0.4439207997388477,1.0,1.0,0.36689801169724845,1.2676074593115272,1.818722547231033e-06
75,0.4437901340303035,1.0,0.998889033451101,0.36689801169724845,1.2679788633717957,9.27307353348894e-07
75,0.4439207997388477,1.0,1.0,0.36689801169724845,1.2676074593115272,1.818722547231033e-06
75,0.44369249773258906,1.0,0.9980538222290328,0.36689801169724845,1.2682578871600125,8.880447559533877e-07
75,0.4437672983833773,1.0,0.9986862278095734,0.36689801169724845,1.2680456551289383,1.5433315059265595e-06
75,0.4439192469390288,1.0,1.0,0.36689801169724845,1.2676100745886731,2.6152771459564406e-06
75,0.44392312898842984,1.0,1.0,0.36689801169724845,1.2676074593115272,8.469806280331227e-06
75,0.4439231289884298,1.0,1.0,0.36689801169724845,1.2676074593115272,8.469806280331227e-06
75,0.44392312898842984,1.0,1.0,0.36689801169724845,1.2676074593115272,8.469806280331227e-06
75,0.44364225010224156,1.0,0.997626859521622,0.36689801169724845,1.2684015320751238,1.6945284460057053e-06
75,0.44391637251168514,1.0,0.9999764928234047,0.36689801169724845,1.2676182825604374,2.9927775901938958e-06
75,0.4439187034142238,1.0,1.0,0.36689801169724845,1.267611626624016,4.167312488867481e-06
75,0.4439247827556331,1.0,1.0,0.36689801169724845,1.2676074593115272,1.3192033361253408e-05
75,0.44291658711799414,1.0,0.9914569846719951,0.36689801169724845,1.2704796480583176,1.9730640747894768e-06
75,0.44129449302354146,1.0,0.9778534809903868,0.36689801169724845,1.2751515849342066,1.9544443208285855e-06
75,0.4437333699472158,1.0,0.9983911232662716,0.36689801169724845,1.2681442429681296,3.1748529758512944e-06
75,0.4439173058943867,1.0,1.0,0.36689801169724845,1.2676156172600341,8.157948506948287e-06
75,0.4438804646471207,1.0,0.9996773387557529,0.36689801169724845,1.267720826982038,5.85387818463623e-06
75,0.4439213906044413,1.0,0.9999788435410643,0.36689801169724845,1.2676145067191482,1.0553331040830116e-05
75,0.4439248482280641,1.0,1.0,0.36689801169724845,1.2676074593115272,1.3378985000311872e-05
75,0.4432661502532061,1.0,0.9944471126353358,0.36689801169724845,1.269477737924321,1.0272389456833508e-05
75,0.44367043895824476,1.0,0.9978641735694598,0.36689801169724845,1.2683209434559106,5.133332225959464e-07
75,0.44357280227027535,1.0,0.9970539523350237,0.36689801169724845,1.268600118949287,8.425704807191181e-06
75,0.4424609150538403,1.0,0.9877568466865526,0.36689801169724845,1.2717880621186133,5.183496581206981e-05
75,0.44395769218699555,1.0,1.0,0.36689801169724845,1.2676074593115272,0.00010715550595019607
75,0.4437560959431644,1.0,0.9985520109396444,0.36689801169724845,1.268090486764074,1.4363714407439332e-05
75,0.44388544688206455,1.0,0.9996773387557529,0.36689801169724845,1.2677149731038533,8.375205091892823e-06
75,0.4410800999331502,1.0,0.976008049679669,0.36689801169724845,1.2757956769613776,2.6242337472615063e-05
75,0.44376575106770644,1.0,0.9986862278095734,0.36689801169724845,1.2680485331943439,2.878065405553798e-06
75,0.4439201009340608,1.0,1.0,0.36689801169724845,1.2676076360131243,1.7670159713212286e-07
75,0.4436382670854561,1.0,0.997626859521622,0.36689801169724845,1.2684129198767549,1.3082330077018867e-05
75,0.4459851232616104,1.0,1.0,0.36689801169724845,1.2676074593115272,0.005869162719248644
75,0.4437347674670528,1.0,0.9983911232662716,0.36689801169724845,1.2681442429681296,7.168798063617032e-06
75,0.44408783129645224,1.0,1.0,0.36689801169724845,1.2676074593115272,0.000478594101599894
75,0.4437991749776627,1.0,0.9990191709190331,0.36689801169724845,1.2679530324762538,1.8536281038983304e-05
75,0.44392026795981343,1.0,0.9983911232662716,0.36689801169724845,1.2681442429681296,0.0005370838945240042
75,0.443052851645756,1.0,0.992639379643379,0.36689801169724845,1.2700889016535943,1.1424205277998922e-05
75,0.4438824619458647,1.0,0.9996964290664851,0.36689801169724845,1.2677151227305146,6.5126312058794156e-06
75,0.44352100732425703,1.0,0.996626989627613,0.36689801169724845,1.2687482676805681,1.3449315904301429e-05
75,0.4439257819737915,1.0,1.0,0.36689801169724845,1.2676074593115272,1.6045220218030565e-05
76,0.4439207997388477,1.0,1.0,0.36689801169724845,1.2676074593115272,1.818722547231033e-06
76,0.4439207997388477,1.0,1.0,0.36689801169724845,1.2676074593115272,1.818722547231033e-06
76,0.4439201009340608,1.0,1.0,0.36689801169724845,1.2676076360131243,1.7670159713212286e-07
76,0.44392312898842984,1.0,1.0,0.36689801169724845,1.2676074593115272,8.469806280331227e-06
76,0.4439231289884298,1.0,1.0,0.36689801169724845,1.2676074593115272,8.469806280331227e-06
76,0.44392312898842984,1.0,1.0,0.36689801169724845,1.2676074593115272,8.469806280331227e-06
76,0.4437901340303035,1.0,0.998889033451101,0.36689801169724845,1.2679788633717957,9.27307353348894e-07
76,0.44369249773258906,1.0,0.9980538222290328,0.36689801169724845,1.2682578871600125,8.880447559533877e-07
76,0.4439192469390288,1.0,1.0,0.36689801169724845,1.2676100745886731,2.6152771459564406e-06
76,0.44367043895824476,1.0,0.9978641735694598,0.36689801169724845,1.2683209434559106,5.133332225959464e-07
76,0.4439247827556331,1.0,1.0,0.36689801169724845,1.2676074593115272,1.3192033361253408e-05
76,0.4437672983833773,1.0,0.9986862278095734,0.36689801169724845,1.2680456551289383,1.5433315059265595e-06
76,0.44391637251168514,1.0,0.9999764928234047,0.36689801169724845,1.2676182825604374,2.9927775901938958e-06
76,0.4439187034142238,1.0,1.0,0.36689801169724845,1.267611626624016,4.167312488867481e-06
76,0.4439248482280641,1.0,1.0,0.36689801169724845,1.2676074593115272,1.3378985000311872e-05
76,0.44364225010224156,1.0,0.997626859521622,0.36689801169724845,1.2684015320751238,1.6945284460057053e-06
76,0.44376575106770644,1.0,0.9986862278095734,0.36689801169724845,1.2680485331943439,2.878065405553798e-06
76,0.4438804646471207,1.0,0.9996773387557529,0.36689801169724845,1.267720826982038,5.85387818463623e-06
76,0.4439173058943867,1.0,1.0,0.36689801169724845,1.2676156172600341,8.157948506948287e-06
76,0.4439213906044413,1.0,0.9999788435410643,0.36689801169724845,1.2676145067191482,1.0553331040830116e-05
76,0.44399767006682067,1.0,1.0,0.36689801169724845,1.2676074593115272,0.00022128217400707584
76,0.4439255723413292,1.0,1.0,0.36689801169724845,1.2676074593115272,1.544663269492652e-05
76,0.44367942571543434,1.0,0.997934537709712,0.36689801169724845,1.2682968929048979,1.6393766038014235e-06
76,0.44392312898842984,1.0,0.997626859521622,0.36689801169724845,1.2683998375466778,0.0008008480414309904
76,0.44389775901802697,1.0,0.999786417356946,0.36689801169724845,1.2676786193129943,7.183060448889833e-06
76,0.4436417183232073,1.0,0.9976459003346642,0.36689801169724845,1.2684030524671708,9.587542476596767e-06
76,0.44391954197099437,1.0,1.0,0.36689801169724845,1.2676092321263446,1.7728148173912217e-06
76,0.4438373480899143,1.0,0.9992601511838978,0.36689801169724845,1.2678540868898431,1.010723110872469e-05
76,0.44392166541022454,1.0,0.9999809591869578,0.36689801169724845,1.267613801964967,1.0633275881133386e-05
76,0.4439176878775872,1.0,0.9999809591869578,0.36689801169724845,1.2676145264995562,7.245345892137323e-07
76,0.44391637251168514,1.0,0.9999764928234047,0.36689801169724845,1.2676182825604374,2.9927775901938958e-06
76,0.4437838902308926,1.0,0.998809254493006,0.36689801169724845,1.2680045718666666,7.868717815773252e-06
76,0.44392352498777976,1.0,1.0,0.36689801169724845,1.2676074593115272,9.600560445077733e-06
76,0.4440603420552139,1.0,1.0,0.36689801169724845,1.2676074593115272,0.00040015338605181583
76,0.4437686959032143,1.0,0.9986862278095734,0.36689801169724845,1.2680456551289383,5.536665900196525e-06
76,0.44392680522747896,1.0,0.9999809591869578,0.36689801169724845,1.267613801964967,2.530967871772205e-05
76,0.4438764816303353,1.0,0.9996773387557529,0.36689801169724845,1.267732202564054,1.7229460200773872e-05
76,0.4436912823870573,1.0,0.9996773387557529,0.36689801169724845,1.268261361133052,0.0005463880291987078
76,0.4438782945207286,1.0,0.9996396592687297,0.36689801169724845,1.2677275327927058,5.079081069059299e-07
76,0.4438306440167792,1.0,0.9992362172004168,0.36689801169724845,1.2678631304741614,1.059125676272643e-06
77,0.4439207997388477,1.0,1.0,0.36689801169724845,1.2676074593115272,1.818722547231033e-06
77,0.4439207997388477,1.0,1.0,0.36689801169724845,1.2676074593115272,1.818722547231033e-06
77,0.4439201009340608,1.0,1.0,0.36689801169724845,1.2676076360131243,1.7670159713212286e-07
77,0.44392312898842984,1.0,1.0,0.36689801169724845,1.2676074593115272,8.469806280331227e-06
77,0.4439231289884298,1.0,1.0,0.36689801169724845,1.2676074593115272,8.469806280331227e-06
77,0.44392312898842984,1.0,1.0,0.36689801169724845,1.2676074593115272,8.469806280331227e-06
77,0.44391954197099437,1.0,1.0,0.36689801169724845,1.2676092321263446,1.7728148173912217e-06
77,0.4439176878775872,1.0,0.9999809591869578,0.36689801169724845,1.2676145264995562,7.245345892137323e-07
77,0.4438782945207286,1.0,0.9996396592687297,0.36689801169724845,1.2677275327927058,5.079081069059299e-07
77,0.44392352498777976,1.0,1.0,0.36689801169724845,1.2676074593115272,9.600560445077733e-06
77,0.4439192469390288,1.0,1.0,0.36689801169724845,1.2676100745886731,2.6152771459564406e-06
77,0.4437901340303035,1.0,0.998889033451101,0.36689801169724845,1.2679788633717957,9.27307353348894e-07
77,0.44369249773258906,1.0,0.9980538222290328,0.36689801169724845,1.2682578871600125,8.880447559533877e-07
77,0.44367043895824476,1.0,0.9978641735694598,0.36689801169724845,1.2683209434559106,5.133332225959464e-07
77,0.4438306440167792,1.0,0.9992362172004168,0.36689801169724845,1.2678631304741614,1.059125676272643e-06
77,0.4439247827556331,1.0,1.0,0.36689801169724845,1.2676074593115272,1.3192033361253408e-05
77,0.44391637251168514,1.0,0.9999764928234047,0.36689801169724845,1.2676182825604374,2.9927775901938958e-06
77,0.4439187034142238,1.0,1.0,0.36689801169724845,1.267611626624016,4.167312488867481e-06
77,0.44391637251168514,1.0,0.9999764928234047,0.36689801169724845,1.2676182825604374,2.9927775901938958e-06
77,0.4437672983833773,1.0,0.9986862278095734,0.36689801169724845,1.2680456551289383,1.5433315059265595e-06
77,0.44398369309739455,1.0,1.0,0.36689801169724845,1.2676074593115272,0.00018138382169263778
77,0.444047460644201,1.0,1.0,0.36689801169724845,1.2676074593115272,0.0003633928603059555
77,0.44369337871168113,1.0,0.9980777562125138,0.36689801169724845,1.268255368959983,6.373232733780654e-06
77,0.44392315928485554,1.0,0.9999809591869578,0.36689801169724845,1.267613801964967,1.4898969553422958e-05
77,0.4438000887398974,1.0,0.9989810892929487,0.36689801169724845,1.2679504218242434,3.215158757008396e-06
77,0.44369590822258614,1.0,0.9980777562125138,0.36689801169724845,1.2682489957272491,8.570926295359271e-07
77,0.444060439349254,1.0,1.0,0.36689801169724845,1.2676074593115272,0.00040043103230713584
77,0.4437678014501371,1.0,0.9986862278095734,0.36689801169724845,1.2680456551289383,2.980819397313539e-06
77,0.4440409843734858,1.0,1.0,0.36689801169724845,1.2676074593115272,0.00034491029696859243
77,0.44392079973884774,1.0,1.0,0.36689801169724845,1.2676074593115272,1.818722547231033e-06
77,0.44400403621333323,1.0,1.0,0.36689801169724845,1.2676074593115272,0.0002394540044756699
77,0.4441047578838226,1.0,1.0,0.36689801169724845,1.2676074593115272,0.0005268893900818306
77,0.4438295120257112,1.0,0.9980538222290328,0.36689801169724845,1.2682569991152566,0.00039063494505398033
77,0.44392093800317045,1.0,0.9999788435410643,0.36689801169724845,1.2676145067191482,9.260940640132276e-06
77,0.44379223184258826,1.0,0.9989101899100368,0.36689801169724845,1.2679728696174226,1.9963465829331284e-06
77,0.44391744415870954,1.0,0.9999788435410643,0.36689801169724845,1.2676152224433472,7.157241990185526e-07
77,0.44392662283289075,1.0,1.0,0.36689801169724845,1.2676074593115272,1.8446215602097027e-05
77,0.4438395361145293,1.0,0.9993125954803751,0.36689801169724845,1.26783772948586,1.1368552563784107e-06
77,0.4437943717584527,1.0,0.9989358445257545,0.36689801169724845,1.2679667556253893,4.446394753054861e-06
77,0.44383309674081806,1.0,0.9992362172004168,0.36689801169724845,1.2678620713484852,5.947378331372377e-06
78,0.4439207997388477,1.0,1.0,0.36689801169724845,1.2676074593115272,1.818722547231033e-06
78,0.4439207997388477,1.0,1.0,0.36689801169724845,1.2676074593115272,1.818722547231033e-06
78,0.4439201009340608,1.0,1.0,0.36689801169724845,1.2676076360131243,1.7670159713212286e-07
78,0.44392079973884774,1.0,1.0,0.36689801169724845,1.2676074593115272,1.818722547231033e-06
78,0.44391954197099437,1.0,1.0,0.36689801169724845,1.2676092321263446,1.7728148173912217e-06
78,0.4439176878775872,1.0,0.9999809591869578,0.36689801169724845,1.2676145264995562,7.245345892137323e-07
78,0.4438782945207286,1.0,0.9996396592687297,0.36689801169724845,1.2677275327927058,5.079081069059299e-07
78,0.44391744415870954,1.0,0.9999788435410643,0.36689801169724845,1.2676152224433472,7.157241990185526e-07
78,0.44392312898842984,1.0,1.0,0.36689801169724845,1.2676074593115272,8.469806280331227e-06
78,0.4439231289884298,1.0,1.0,0.36689801169724845,1.2676074593115272,8.469806280331227e-06
78,0.44392312898842984,1.0,1.0,0.36689801169724845,1.2676074593115272,8.469806280331227e-06
78,0.4439192469390288,1.0,1.0,0.36689801169724845,1.2676100745886731,2.6152771459564406e-06
78,0.44367043895824476,1.0,0.9978641735694598,0.36689801169724845,1.2683209434559106,5.133332225959464e-07
78,0.4437901340303035,1.0,0.998889033451101,0.36689801169724845,1.2679788633717957,9.27307353348894e-07
78,0.4438306440167792,1.0,0.9992362172004168,0.36689801169724845,1.2678631304741614,1.059125676272643e-06
78,0.44369590822258614,1.0,0.9980777562125138,0.36689801169724845,1.2682489957272491,8.570926295359271e-07
78,0.4438395361145293,1.0,0.9993125954803751,0.36689801169724845,1.26783772948586,1.1368552563784107e-06
78,0.44392352498777976,1.0,1.0,0.36689801169724845,1.2676074593115272,9.600560445077733e-06
78,0.44369249773258906,1.0,0.9980538222290328,0.36689801169724845,1.2682578871600125,8.880447559533877e-07
78,0.4439247827556331,1.0,1.0,0.36689801169724845,1.2676074593115272,1.3192033361253408e-05
78,0.4438381385946923,1.0,0.9993125954803751,0.36689801169724845,1.2678417215456201,5.128915016472391e-06
78,0.4438275623684321,1.0,1.0,0.36689801169724845,1.2678719336865862,0.0002644743750590539
78,0.4439201009340608,1.0,0.9999809591869578,0.36689801169724845,1.267613801964967,6.165951842662665e-06
78,0.4439255817124687,1.0,1.0,0.36689801169724845,1.2676074593115272,1.547339119256641e-05
78,0.4441245996233201,1.0,1.0,0.36689801169724845,1.2676074593115272,0.0005834975639040785
78,0.443695475036305,1.0,0.9980777562125138,0.36689801169724845,1.2682493768435361,3.8111628697379274e-07
78,0.4439256967386061,1.0,1.0,0.36689801169724845,1.2676074593115272,1.580183852212258e-05
78,0.4439980585599751,1.0,1.0,0.36689801169724845,1.2676074593115272,0.00022239112221811297
78,0.44384093926982676,1.0,0.9993297322121131,0.36689801169724845,1.2678337213535202,2.8447601920778e-06
78,0.44361476807272443,1.0,1.0,0.36689801169724845,1.268480109820443,0.0008726505089158287
78,0.4438747098056217,1.0,0.9996396592687297,0.36689801169724845,1.2677372629993344,9.730206628644211e-06
78,0.4439423214709596,1.0,1.0,0.36689801169724845,1.2676074593115272,6.327055455179753e-05
78,0.44363503742527,1.0,0.9975825760716376,0.36689801169724845,1.2684221539145384,7.494542774821866e-06
78,0.4437129454694503,1.0,0.9982488241323267,0.36689801169724845,1.2681994417083864,7.63894648825314e-06
78,0.4439270188322407,1.0,1.0,0.36689801169724845,1.2676074593115272,1.957695196819209e-05
78,0.44414782476666426,1.0,1.0,0.36689801169724845,1.2676074593115272,0.0006497521112076576
78,0.4439925858138119,1.0,1.0,0.36689801169724845,1.2676074593115272,0.0002067690668612343
78,0.44388109519586305,1.0,0.9996567960004676,0.36689801169724845,1.2677218204951517,2.794355230983925e-06
78,0.4439236004139822,1.0,1.0,0.36689801169724845,1.2676074593115272,9.815935551049648e-06
78,0.44414332376625587,1.0,1.0,0.36689801169724845,1.2676074593115272,0.0006369126135961078
79,0.4439207997388477,1.0,1.0,0.36689801169724845,1.2676074593115272,1.818722547231033e-06
79,0.4439207997388477,1.0,1.0,0.36689801169724845,1.2676074593115272,1.818722547231033e-06
79,0.4439201009340608,1.0,1.0,0.36689801169724845,1.2676076360131243,1.7670159713212286e-07
79,0.44392079973884774,1.0,1.0,0.36689801169724845,1.2676074593115272,1.818722547231033e-06
79,0.44391954197099437,1.0,1.0,0.36689801169724845,1.2676092321263446,1.7728148173912217e-06
79,0.4439176878775872,1.0,0.9999809591869578,0.36689801169724845,1.2676145264995562,7.245345892137323e-07
79,0.4438782945207286,1.0,0.9996396592687297,0.36689801169724845,1.2677275327927058,5.079081069059299e-07
79,0.44391744415870954,1.0,0.9999788435410643,0.36689801169724845,1.2676152224433472,7.157241990185526e-07
79,0.443695475036305,1.0,0.9980777562125138,0.36689801169724845,1.2682493768435361,3.8111628697379274e-07
79,0.44392312898842984,1.0,1.0,0.36689801169724845,1.2676074593115272,8.469806280331227e-06
79,0.4439231289884298,1.0,1.0,0.36689801169724845,1.2676074593115272,8.469806280331227e-06
79,0.44392312898842984,1.0,1.0,0.36689801169724845,1.2676074593115272,8.469806280331227e-06
79,0.4439192469390288,1.0,1.0,0.36689801169724845,1.2676100745886731,2.6152771459564406e-06
79,0.4437901340303035,1.0,0.998889033451101,0.36689801169724845,1.2679788633717957,9.27307353348894e-07
79,0.4438306440167792,1.0,0.9992362172004168,0.36689801169724845,1.2678631304741614,1.059125676272643e-06
79,0.44369590822258614,1.0,0.9980777562125138,0.36689801169724845,1.2682489957272491,8.570926295359271e-07
79,0.4438395361145293,1.0,0.9993125954803751,0.36689801169724845,1.26783772948586,1.1368552563784107e-06
79,0.44367043895824476,1.0,0.9978641735694598,0.36689801169724845,1.2683209434559106,5.133332225959464e-07
79,0.44392352498777976,1.0,1.0,0.36689801169724845,1.2676074593115272,9.600560445077733e-06
79,0.44369249773258906,1.0,0.9980538222290328,0.36689801169724845,1.2682578871600125,8.880447559533877e-07
79,0.4438417078653556,1.0,0.9993297322121131,0.36689801169724845,1.2678315258606,6.492672719460302e-07
79,0.4438344942606551,1.0,0.9992362172004168,0.36689801169724845,1.2678620713484852,9.939528789804086e-06
79,0.4441057155478951,1.0,1.0,0.36689801169724845,1.2676074593115272,0.0005296217069459264
79,0.44395498349964013,1.0,1.0,0.36689801169724845,1.2676074593115272,9.942214971858654e-05
79,0.4437207266237944,1.0,0.9982699805912625,0.36689801169724845,1.2681847309062895,7.528536704937139e-06
79,0.4439191772365604,1.0,0.9999809591869578,0.36689801169724845,1.267613801964967,3.5283410741993038e-06
79,0.4436971437203715,1.0,0.9980948929442518,0.36689801169724845,1.2682446071316895,1.3415943063144198e-06
79,0.4439190853974242,1.0,0.9999809591869578,0.36689801169724845,1.267613801964967,3.2660945608053993e-06
79,0.4439221218324823,1.0,0.999982863268262,0.36689801169724845,1.2676131676887537,1.1302296508475251e-05
79,0.4436961039606133,1.0,0.9980777562125138,0.36689801169724845,1.2682489957272491,1.4165845563240964e-06
79,0.4439170877592946,1.0,0.9999788435410643,0.36689801169724845,1.2676162401498854,1.7334307371719149e-06
79,0.44367663427950815,1.0,0.9979096398599921,0.36689801169724845,1.268305221002264,1.987867531028087e-06
79,0.4438363077988374,1.0,0.9993125954803751,0.36689801169724845,1.2678469513101132,1.0358679509492319e-05
79,0.4435904307994511,1.0,0.9971767690498349,0.36689801169724845,1.2685505457032713,8.416245633746655e-07
79,0.44392802598818826,1.0,1.0,0.36689801169724845,1.2676074593115272,2.245277551859992e-05
79,0.44371523609407876,1.0,0.9982484400061296,0.36689801169724845,1.268192894786775,9.636223108344666e-07
79,0.4434647203060076,1.0,0.9961315784415467,0.36689801169724845,1.268909304294003,8.261947844978579e-06
79,0.4438461096771423,1.0,0.9993813359323376,0.36689801169724845,1.2678189522328949,5.287118629571097e-06
79,0.4437159111819353,1.0,0.9982699805912625,0.36689801169724845,1.2681909653053218,6.2343990323565635e-06
79,0.4439240280545396,1.0,1.0,0.36689801169724845,1.2676074593115272,1.1037036746985862e-05
80,0.4439207997388477,1.0,1.0,0.36689801169724845,1.2676074593115272,1.818722547231033e-06
80,0.4439207997388477,1.0,1.0,0.36689801169724845,1.2676074593115272,1.818722547231033e-06
80,0.4439201009340608,1.0,1.0,0.36689801169724845,1.2676076360131243,1.7670159713212286e-07
80,0.44392079973884774,1.0,1.0,0.36689801169724845,1.2676074593115272,1.818722547231033e-06
80,0.44391954197099437,1.0,1.0,0.36689801169724845,1.2676092321263446,1.7728148173912217e-06
80,0.4439176878775872,1.0,0.9999809591869578,0.36689801169724845,1.2676145264995562,7.245345892137323e-07
80,0.4438782945207286,1.0,0.9996396592687297,0.36689801169724845,1.2677275327927058,5.079081069059299e-07
80,0.44391744415870954,1.0,0.9999788435410643,0.36689801169724845,1.2676152224433472,7.157241990185526e-07
80,0.443695475036305,1.0,0.9980777562125138,0.36689801169724845,1.2682493768435361,3.8111628697379274e-07
80,0.44392312898842984,1.0,1.0,0.36689801169724845,1.2676074593115272,8.469806280331227e-06
80,0.4439231289884298,1.0,1.0,0.36689801169724845,1.2676074593115272,8.469806280331227e-06
80,0.44392312898842984,1.0,1.0,0.36689801169724845,1.2676074593115272,8.469806280331227e-06
80,0.4439192469390288,1.0,1.0,0.36689801169724845,1.2676100745886731,2.6152771459564406e-06
80,0.4438417078653556,1.0,0.9993297322121131,0.36689801169724845,1.2678315258606,6.492672719460302e-07
80,0.4439170877592946,1.0,0.9999788435410643,0.36689801169724845,1.2676162401498854,1.7334307371719149e-06
80,0.44367043895824476,1.0,0.9978641735694598,0.36689801169724845,1.2683209434559106,5.133332225959464e-07
80,0.44392352498777976,1.0,1.0,0.36689801169724845,1.2676074593115272,9.600560445077733e-06
80,0.4435904307994511,1.0,0.9971767690498349,0.36689801169724845,1.2685505457032713,8.416245633746655e-07
80,0.4439240280545396,1.0,1.0,0.36689801169724845,1.2676074593115272,1.1037036746985862e-05
80,0.4439190853974242,1.0,0.9999809591869578,0.36689801169724845,1.267613801964967,3.2660945608053993e-06
80,0.4437240364973857,1.0,1.0,0.36689801169724845,1.2681677426471523,0.000560283335625078
80,0.44387814913328444,1.0,1.0,0.36689801169724845,1.2677274401147514,0.00011998080322417337
80,0.4439156622239219,1.0,1.0,0.36689801169724845,1.267620310814516,1.2851502988908692e-05
80,0.44347128232483035,1.0,0.9961555124250276,0.36689801169724845,1.2688930080403042,2.4797235793627692e-06
80,0.44391715061440484,1.0,1.0,0.36689801169724845,1.267616060665587,8.601354059889488e-06
80,0.44392250006412165,1.0,1.0,0.36689801169724845,1.2676074593115272,6.673943679036398e-06
80,0.44391918557157944,1.0,1.0,0.36689801169724845,1.267610249823264,2.7905117367943433e-06
80,0.444118482471746,1.0,1.0,0.36689801169724845,1.2676074593115272,0.0005660459650391747
80,0.443695475036305,1.0,1.0,0.36689801169724845,1.2682493768435361,0.0006419175320089288
80,0.44387838179056444,1.0,0.9996756933418567,0.36689801169724845,1.26772677563991,1.1254090648282755e-05
80,0.4439201708953026,1.0,1.0,0.36689801169724845,1.2676074593115272,2.307171786952722e-08
80,0.44337310691278786,1.0,0.9953232657143112,0.36689801169724845,1.2691726085850004,1.111828306754603e-06
80,0.4440469528216829,1.0,1.0,0.36689801169724845,1.2676074593115272,0.0003619436102495488
80,0.4435896216399523,1.0,0.9971767690498349,0.36689801169724845,1.2685520180621521,1.4723588808163157e-06
80,0.4439182533182084,1.0,0.9999788435410643,0.36689801169724845,1.2676145067191482,1.594842866436963e-06
80,0.44359043079945115,1.0,0.9971767690498349,0.36689801169724845,1.2685505457032713,8.416245635967101e-07
80,0.4437932230317395,1.0,0.9989067884585724,0.36689801169724845,1.2679720087785684,1.9711127945409856e-06
80,0.44367345898036914,1.0,0.9978832143825019,0.36689801169724845,1.2683140605314143,1.7503557323550467e-06
80,0.4433996858981292,1.0,0.9955539850891032,0.36689801169724845,1.269095418014185,3.6845033979382436e-07
80,0.4438475207280809,1.0,0.9993967589909017,0.36689801169724845,1.2678149216660108,6.400286444385728e-06
81,0.4439201708953026,1.0,1.0,0.36689801169724845,1.2676074593115272,2.307171786952722e-08
81,0.4439207997388477,1.0,1.0,0.36689801169724845,1.2676074593115272,1.818722547231033e-06
81,0.4439207997388477,1.0,1.0,0.36689801169724845,1.2676074593115272,1.818722547231033e-06
81,0.4439201009340608,1.0,1.0,0.36689801169724845,1.2676076360131243,1.7670159713212286e-07
81,0.44392079973884774,1.0,1.0,0.36689801169724845,1.2676074593115272,1.818722547231033e-06
81,0.44391954197099437,1.0,1.0,0.36689801169724845,1.2676092321263446,1.7728148173912217e-06
81,0.4439176878775872,1.0,0.9999809591869578,0.36689801169724845,1.2676145264995562,7.245345892137323e-07
81,0.4438782945207286,1.0,0.9996396592687297,0.36689801169724845,1.2677275327927058,5.079081069059299e-07
81,0.44391744415870954,1.0,0.9999788435410643,0.36689801169724845,1.2676152224433472,7.157241990185526e-07
81,0.443695475036305,1.0,0.9980777562125138,0.36689801169724845,1.2682493768435361,3.8111628697379274e-07
81,0.4439182533182084,1.0,0.9999788435410643,0.36689801169724845,1.2676145067191482,1.594842866436963e-06
81,0.4433996858981292,1.0,0.9955539850891032,0.36689801169724845,1.269095418014185,3.6845033979382436e-07
81,0.44392250006412165,1.0,1.0,0.36689801169724845,1.2676074593115272,6.673943679036398e-06
81,0.4439192469390288,1.0,1.0,0.36689801169724845,1.2676100745886731,2.6152771459564406e-06
81,0.4438417078653556,1.0,0.9993297322121131,0.36689801169724845,1.2678315258606,6.492672719460302e-07
81,0.44367043895824476,1.0,0.9978641735694598,0.36689801169724845,1.2683209434559106,5.133332225959464e-07
81,0.4439170877592946,1.0,0.9999788435410643,0.36689801169724845,1.2676162401498854,1.7334307371719149e-06
81,0.44392312898842984,1.0,1.0,0.36689801169724845,1.2676074593115272,8.469806280331227e-06
81,0.4439231289884298,1.0,1.0,0.36689801169724845,1.2676074593115272,8.469806280331227e-06
81,0.44392312898842984,1.0,1.0,0.36689801169724845,1.2676074593115272,8.469806280331227e-06
81,0.4439219317299157,1.0,1.0,0.36689801169724845,1.2676074593115272,5.051088774354895e-06
81,0.44384660486511396,1.0,0.999346868943851,0.36689801169724845,1.2678251607520892,7.622991417655101e-06
81,0.44384286765286296,1.0,0.9993487730251552,0.36689801169724845,1.2678282129422926,3.6872715738489603e-06
81,0.4434541265317832,1.0,0.9959985865801929,0.36689801169724845,1.2689456929008585,6.0753504298460825e-06
81,0.44392079973884774,1.0,1.0,0.36689801169724845,1.2676074593115272,1.818722547231033e-06
81,0.44392017089530256,1.0,1.0,0.36689801169724845,1.2676074593115272,2.3071717647482615e-08
81,0.4437555633980796,1.0,0.9985942872494058,0.36689801169724845,1.2680776448507678,1.280682436322067e-06
81,0.44411994310546665,1.0,1.0,0.36689801169724845,1.2676074593115272,0.0005702130452127641
81,0.4439256967386061,1.0,1.0,0.36689801169724845,1.2676074593115272,1.580183852212258e-05
81,0.4438803908453524,1.0,0.9996396592687297,0.36689801169724845,1.2677275327927058,6.49503307892374e-06
81,0.44438546129163303,1.0,1.0,0.36689801169724845,1.2676074593115272,0.0013272617337520831
81,0.4436988158179028,1.0,0.9955539850891032,0.36689801169724845,1.2690950495638451,0.0008552218649515719
81,0.4439182129030045,1.0,0.9999809591869578,0.36689801169724845,1.267613801964967,7.746826651278127e-07
81,0.4438815228364205,1.0,0.9996396592687297,0.36689801169724845,1.2677275327927058,9.727987853036524e-06
81,0.44392183226190884,1.0,0.9999978843541064,0.36689801169724845,1.2676081640388706,5.4717888959832095e-06
81,0.44367043895824476,1.0,0.9955539850891032,0.36689801169724845,1.2690950495638451,0.0007741061079344913
81,0.4439187563849682,1.0,0.9999788435410643,0.36689801169724845,1.2676145067191482,3.031353285498639e-06
81,0.44385024597701306,1.0,0.9993967589909017,0.36689801169724845,1.2678085213795665,1.3841212131993075e-06
81,0.4437180075065592,1.0,0.9982699805912625,0.36689801169724845,1.2681849737974331,2.4289114364250963e-07
81,0.44392010093406076,1.0,1.0,0.36689801169724845,1.2676076360131243,1.7670159713212286e-07
82,0.44392017089530256,1.0,1.0,0.36689801169724845,1.2676074593115272,2.3071717647482615e-08
82,0.4439201708953026,1.0,1.0,0.36689801169724845,1.2676074593115272,2.307171786952722e-08
82,0.4439207997388477,1.0,1.0,0.36689801169724845,1.2676074593115272,1.818722547231033e-06
82,0.4439207997388477,1.0,1.0,0.36689801169724845,1.2676074593115272,1.818722547231033e-06
82,0.4439201009340608,1.0,1.0,0.36689801169724845,1.2676076360131243,1.7670159713212286e-07
82,0.44392079973884774,1.0,1.0,0.36689801169724845,1.2676074593115272,1.818722547231033e-06
82,0.44392079973884774,1.0,1.0,0.36689801169724845,1.2676074593115272,1.818722547231033e-06
82,0.44392010093406076,1.0,1.0,0.36689801169724845,1.2676076360131243,1.7670159713212286e-07
82,0.4439219317299157,1.0,1.0,0.36689801169724845,1.2676074593115272,5.051088774354895e-06
82,0.44391954197099437,1.0,1.0,0.36689801169724845,1.2676092321263446,1.7728148173912217e-06
82,0.4439176878775872,1.0,0.9999809591869578,0.36689801169724845,1.2676145264995562,7.245345892137323e-07
82,0.4438782945207286,1.0,0.9996396592687297,0.36689801169724845,1.2677275327927058,5.079081069059299e-07
82,0.44391744415870954,1.0,0.9999788435410643,0.36689801169724845,1.2676152224433472,7.157241990185526e-07
82,0.4439182129030045,1.0,0.9999809591869578,0.36689801169724845,1.267613801964967,7.746826651278127e-07
82,0.4437180075065592,1.0,0.9982699805912625,0.36689801169724845,1.2681849737974331,2.4289114364250963e-07
82,0.44392250006412165,1.0,1.0,0.36689801169724845,1.2676074593115272,6.673943679036398e-06
82,0.4433996858981292,1.0,0.9955539850891032,0.36689801169724845,1.269095418014185,3.6845033979382436e-07
82,0.443695475036305,1.0,0.9980777562125138,0.36689801169724845,1.2682493768435361,3.8111628697379274e-07
82,0.44392183226190884,1.0,0.9999978843541064,0.36689801169724845,1.2676081640388706,5.4717888959832095e-06
82,0.4439192469390288,1.0,1.0,0.36689801169724845,1.2676100745886731,2.6152771459564406e-06
82,0.4439181444511573,1.0,1.0,0.36689801169724845,1.267613222747286,5.763435758865398e-06
82,0.44392058039185783,1.0,0.9999980959186958,0.36689801169724845,1.267608093566002,1.8266364256724898e-06
82,0.443920800836171,1.0,0.999982863268262,0.36689801169724845,1.2676131676887537,7.5302331552506985e-06
82,0.44391825390946454,1.0,0.9999809591869578,0.36689801169724845,1.267613801964967,8.917770228933364e-07
82,0.443916971635834,1.0,0.9999788435410643,0.36689801169724845,1.2676165717433896,2.0650242413822184e-06
82,0.44391745279462763,1.0,0.999982863268262,0.36689801169724845,1.2676151977833092,2.030094555571793e-06
82,0.4434002519300066,1.0,0.9955539850891032,0.36689801169724845,1.2690950495638451,1.2516399900963648e-06
82,0.4433619971610126,1.0,0.9952296784309599,0.36689801169724845,1.2692040792985941,7.796802488080345e-07
82,0.4441207912960017,1.0,1.0,0.36689801169724845,1.2676074593115272,0.0005726328576116657
82,0.4436539606709443,1.0,0.9977286059889304,0.36689801169724845,1.2683680516949913,2.26406126335732e-06
82,0.4440787586007581,1.0,1.0,0.36689801169724845,1.2676074593115272,0.00045270618340809143
82,0.4439185231790332,1.0,1.0,0.36689801169724845,1.2676121412865289,4.68197500169687e-06
82,0.44391813745503317,1.0,1.0,0.36689801169724845,1.267613242724797,5.7834132698442176e-06
82,0.44395779666730156,1.0,1.0,0.36689801169724845,1.2676074593115272,0.00010745379741017302
82,0.44392414668306773,1.0,1.0,0.36689801169724845,1.2676074593115272,1.1375772764443681e-05
82,0.4432185704089066,1.0,0.9939969676212395,0.36689801169724845,1.2696191576188016,5.140312233420374e-06
82,0.4439215961640064,1.0,0.9999980959186958,0.36689801169724845,1.267608093566002,4.7271466723231015e-06
82,0.44391904446365094,1.0,0.9999809591869578,0.36689801169724845,1.267613801964967,3.149208198882647e-06
82,0.44392183226190884,1.0,1.0,0.36689801169724845,1.2676074593115272,4.767061552612972e-06
82,0.44371591125462206,1.0,0.9982699805912625,0.36689801169724845,1.268190965097575,6.234191285425794e-06
83,0.44392017089530256,1.0,1.0,0.36689801169724845,1.2676074593115272,2.3071717647482615e-08
83,0.4439201708953026,1.0,1.0,0.36689801169724845,1.2676074593115272,2.307171786952722e-08
83,0.4439207997388477,1.0,1.0,0.36689801169724845,1.2676074593115272,1.818722547231033e-06
83,0.4439207997388477,1.0,1.0,0.36689801169724845,1.2676074593115272,1.818722547231033e-06
83,0.4439201009340608,1.0,1.0,0.36689801169724845,1.2676076360131243,1.7670159713212286e-07
83,0.44392079973884774,1.0,1.0,0.36689801169724845,1.2676074593115272,1.818722547231033e-06
83,0.44392079973884774,1.0,1.0,0.36689801169724845,1.2676074593115272,1.818722547231033e-06
83,0.44392010093406076,1.0,1.0,0.36689801169724845,1.2676076360131243,1.7670159713212286e-07
83,0.44392183226190884,1.0,1.0,0.36689801169724845,1.2676074593115272,4.767061552612972e-06
83,0.44391954197099437,1.0,1.0,0.36689801169724845,1.2676092321263446,1.7728148173912217e-06
83,0.4439176878775872,1.0,0.9999809591869578,0.36689801169724845,1.2676145264995562,7.245345892137323e-07
83,0.4438782945207286,1.0,0.9996396592687297,0.36689801169724845,1.2677275327927058,5.079081069059299e-07
83,0.44391744415870954,1.0,0.9999788435410643,0.36689801169724845,1.2676152224433472,7.157241990185526e-07
83,0.4439182129030045,1.0,0.9999809591869578,0.36689801169724845,1.267613801964967,7.746826651278127e-07
83,0.4437180075065592,1.0,0.9982699805912625,0.36689801169724845,1.2681849737974331,2.4289114364250963e-07
83,0.44392058039185783,1.0,0.9999980959186958,0.36689801169724845,1.267608093566002,1.8266364256724898e-06
83,0.4439219317299157,1.0,1.0,0.36689801169724845,1.2676074593115272,5.051088774354895e-06
83,0.4433996858981292,1.0,0.9955539850891032,0.36689801169724845,1.269095418014185,3.6845033979382436e-07
83,0.443695475036305,1.0,0.9980777562125138,0.36689801169724845,1.2682493768435361,3.8111628697379274e-07
83,0.44391825390946454,1.0,0.9999809591869578,0.36689801169724845,1.267613801964967,8.917770228933364e-07
83,0.44412462449419726,1.0,1.0,0.36689801169724845,1.2676074593115272,0.0005835685169552907
83,0.4437368728914729,1.0,0.9984239417190941,0.36689801169724845,1.26813327617555,2.219009977100228e-06
83,0.4439218952270265,1.0,1.0,0.36689801169724845,1.2676074593115272,4.946856136722744e-06
83,0.44438854442764103,1.0,1.0,0.36689801169724845,1.2676074593115272,0.0013360470953767134
83,0.4437185734657499,1.0,0.9982699805912625,0.36689801169724845,1.2681847309062895,1.3746677838266663e-06
83,0.44392360041398216,1.0,1.0,0.36689801169724845,1.2676074593115272,9.815935550827604e-06
83,0.44410434527096854,1.0,1.0,0.36689801169724845,1.2676074593115272,0.0005257121583464031
83,0.44391631216764155,1.0,0.9999788435410643,0.36689801169724845,1.267618454874927,3.948155778754625e-06
83,0.4443892362363037,1.0,1.0,0.36689801169724845,1.2676074593115272,0.0013380183796898315
83,0.444346668053067,1.0,1.0,0.36689801169724845,1.2676074593115272,0.0012167104160145659
83,0.4439176878775872,1.0,1.0,0.36689801169724845,1.2676145264995562,7.06718802900852e-06
83,0.4438782945207286,1.0,0.998441078450832,0.36689801169724845,1.268127549958641,0.0004005250740422017
83,0.44391604016131775,1.0,0.9999809591869578,0.36689801169724845,1.2676192315989105,5.429633943565548e-06
83,0.44374057797623295,1.0,0.9984601192638742,0.36689801169724845,1.2681211877259422,7.190286688274483e-07
83,0.44391856502290383,1.0,0.999982863268262,0.36689801169724845,1.2676131676887537,1.1458876496561743e-06
83,0.44412233420328284,1.0,1.0,0.36689801169724845,1.2676074593115272,0.0005770346115976377
83,0.4441174600877512,1.0,1.0,0.36689801169724845,1.2676074593115272,0.0005631291626719825
83,0.44392174865033024,1.0,1.0,0.36689801169724845,1.2676074593115272,4.528311677853836e-06
83,0.4439230637209837,1.0,1.0,0.36689801169724845,1.2676074593115272,8.283438516887287e-06
83,0.4437406079471255,1.0,0.9984620233451784,0.36689801169724845,1.2681205515160183,1.684694641568285e-07
84,0.44392017089530256,1.0,1.0,0.36689801169724845,1.2676074593115272,2.3071717647482615e-08
84,0.4439201708953026,1.0,1.0,0.36689801169724845,1.2676074593115272,2.307171786952722e-08
84,0.4439207997388477,1.0,1.0,0.36689801169724845,1.2676074593115272,1.818722547231033e-06
84,0.4439207997388477,1.0,1.0,0.36689801169724845,1.2676074593115272,1.818722547231033e-06
84,0.4439201009340608,1.0,1.0,0.36689801169724845,1.2676076360131243,1.7670159713212286e-07
84,0.44392079973884774,1.0,1.0,0.36689801169724845,1.2676074593115272,1.818722547231033e-06
84,0.44392079973884774,1.0,1.0,0.36689801169724845,1.2676074593115272,1.818722547231033e-06
84,0.44392010093406076,1.0,1.0,0.36689801169724845,1.2676076360131243,1.7670159713212286e-07
84,0.4437406079471255,1.0,0.9984620233451784,0.36689801169724845,1.2681205515160183,1.684694641568285e-07
84,0.44392174865033024,1.0,1.0,0.36689801169724845,1.2676074593115272,4.528311677853836e-06
84,0.44391954197099437,1.0,1.0,0.36689801169724845,1.2676092321263446,1.7728148173912217e-06
84,0.4439176878775872,1.0,0.9999809591869578,0.36689801169724845,1.2676145264995562,7.245345892137323e-07
84,0.4438782945207286,1.0,0.9996396592687297,0.36689801169724845,1.2677275327927058,5.079081069059299e-07
84,0.44391744415870954,1.0,0.9999788435410643,0.36689801169724845,1.2676152224433472,7.157241990185526e-07
84,0.4439182129030045,1.0,0.9999809591869578,0.36689801169724845,1.267613801964967,7.746826651278127e-07
84,0.44392058039185783,1.0,0.9999980959186958,0.36689801169724845,1.267608093566002,1.8266364256724898e-06
84,0.44391856502290383,1.0,0.999982863268262,0.36689801169724845,1.2676131676887537,1.1458876496561743e-06
84,0.4437180075065592,1.0,0.9982699805912625,0.36689801169724845,1.2681849737974331,2.4289114364250963e-07
84,0.44392183226190884,1.0,1.0,0.36689801169724845,1.2676074593115272,4.767061552612972e-06
84,0.4433996858981292,1.0,0.9955539850891032,0.36689801169724845,1.269095418014185,3.6845033979382436e-07
84,0.444083292338572,1.0,1.0,0.36689801169724845,1.2676074593115272,0.00046564282729111284
84,0.4437413067519124,1.0,0.9984620233451784,0.36689801169724845,1.2681205515160183,2.165508231177782e-06
84,0.44375604029045446,1.0,0.9985967801976184,0.36689801169724845,1.2680762820827076,7.506578585392276e-07
84,0.4436336114864738,1.0,0.9975556040480567,0.36689801169724845,1.2684262309103032,2.5432633758981638e-06
84,0.443738286729788,1.0,0.9984429825321363,0.36689801169724845,1.2681270166481624,1.0292371110942611e-07
84,0.44392311141040713,1.0,1.0,0.36689801169724845,1.2676074593115272,8.419613165333573e-06
84,0.4438773652499735,1.0,0.9996396592687297,0.36689801169724845,1.26772967890965,2.146116944157228e-06
84,0.44340118112807486,1.0,0.9955539850891032,0.36689801169724845,1.2690950495638451,3.911171703174787e-06
84,0.44391910051089706,1.0,0.999982863268262,0.36689801169724845,1.2676131676887537,2.674974853622558e-06
84,0.4439206023265568,1.0,0.9999982863268262,0.36689801169724845,1.2676080301404458,1.825844957004108e-06
84,0.4439223426461288,1.0,1.0,0.36689801169724845,1.2676074593115272,6.2244435035108125e-06
84,0.4439176878775872,1.0,0.9999617068093263,0.36689801169724845,1.2676202153379226,5.688838366380011e-06
84,0.4439213291951491,1.0,1.0,0.36689801169724845,1.2676074593115272,3.330571040294217e-06
84,0.44392103020481577,1.0,1.0,0.36689801169724845,1.2676074593115272,2.4768124788909773e-06
84,0.44391799906371326,1.0,0.999982863268262,0.36689801169724845,1.2676136379028924,4.702141387369352e-07
84,0.4439230361599863,1.0,1.0,0.36689801169724845,1.2676074593115272,8.204739520234483e-06
84,0.4439184017061101,1.0,0.999982863268262,0.36689801169724845,1.2676131676887537,6.795354330346726e-07
84,0.4439231278911066,1.0,1.0,0.36689801169724845,1.2676074593115272,8.466672932083696e-06
84,0.4439191708222297,1.0,0.9999809591869578,0.36689801169724845,1.267613801964967,3.5100249662356475e-06
84,0.44409995716776923,1.0,1.0,0.36689801169724845,1.2676074593115272,0.0005131922619443507
85,0.44392017089530256,1.0,1.0,0.36689801169724845,1.2676074593115272,2.3071717647482615e-08
85,0.4439201708953026,1.0,1.0,0.36689801169724845,1.2676074593115272,2.307171786952722e-08
85,0.4439207997388477,1.0,1.0,0.36689801169724845,1.2676074593115272,1.818722547231033e-06
85,0.4439207997388477,1.0,1.0,0.36689801169724845,1.2676074593115272,1.818722547231033e-06
85,0.4439201009340608,1.0,1.0,0.36689801169724845,1.2676076360131243,1.7670159713212286e-07
85,0.44392079973884774,1.0,1.0,0.36689801169724845,1.2676074593115272,1.818722547231033e-06
85,0.44392079973884774,1.0,1.0,0.36689801169724845,1.2676074593115272,1.818722547231033e-06
85,0.44392010093406076,1.0,1.0,0.36689801169724845,1.2676076360131243,1.7670159713212286e-07
85,0.4437406079471255,1.0,0.9984620233451784,0.36689801169724845,1.2681205515160183,1.684694641568285e-07
85,0.443738286729788,1.0,0.9984429825321363,0.36689801169724845,1.2681270166481624,1.0292371110942611e-07
85,0.44392103020481577,1.0,1.0,0.36689801169724845,1.2676074593115272,2.4768124788909773e-06
85,0.44391954197099437,1.0,1.0,0.36689801169724845,1.2676092321263446,1.7728148173912217e-06
85,0.4439206023265568,1.0,0.9999982863268262,0.36689801169724845,1.2676080301404458,1.825844957004108e-06
85,0.44391799906371326,1.0,0.999982863268262,0.36689801169724845,1.2676136379028924,4.702141387369352e-07
85,0.4439184017061101,1.0,0.999982863268262,0.36689801169724845,1.2676131676887537,6.795354330346726e-07
85,0.4437180075065592,1.0,0.9982699805912625,0.36689801169724845,1.2681849737974331,2.4289114364250963e-07
85,0.4439213291951491,1.0,1.0,0.36689801169724845,1.2676074593115272,3.330571040294217e-06
85,0.4433996858981292,1.0,0.9955539850891032,0.36689801169724845,1.269095418014185,3.6845033979382436e-07
85,0.4438782945207286,1.0,0.9996396592687297,0.36689801169724845,1.2677275327927058,5.079081069059299e-07
85,0.44392058039185783,1.0,0.9999980959186958,0.36689801169724845,1.267608093566002,1.8266364256724898e-06
85,0.4439198935146895,1.0,1.0,0.36689801169724845,1.2676082282965118,7.689849845782248e-07
85,0.4437386915614501,1.0,0.9984446962053101,0.36689801169724845,1.2681263411157553,4.814051701718114e-07
85,0.4435765239100336,1.0,0.9970622499299575,0.36689801169724845,1.2685894753007283,5.623361554185635e-07
85,0.4440398382089703,1.0,1.0,0.36689801169724845,1.2676074593115272,0.000341639213526701
85,0.4439201708953025,1.0,1.0,0.36689801169724845,1.2676074593115272,2.3071717647482615e-08
85,0.4434092920640819,1.0,0.9956382458489226,0.36689801169724845,1.2690679239102363,1.1906271064621166e-06
85,0.44392079973884774,1.0,0.9955694081476674,0.36689801169724845,1.269089866203838,0.001484225614857948
85,0.44339752766866536,1.0,0.995538562030539,0.36689801169724845,1.2691015953132145,1.3622287589054594e-06
85,0.443956764293502,1.0,1.0,0.36689801169724845,1.2676074593115272,0.00010450636221159826
85,0.4441031153356164,1.0,1.0,0.36689801169724845,1.2676074593115272,0.0005222029989249144
85,0.44375710398988455,1.0,1.0,0.36689801169724845,1.268073242464855,0.0004657831533279033
85,0.443959054435155,1.0,1.0,0.36689801169724845,1.2676074593115272,0.00011104471585543507
85,0.4439213291951491,1.0,1.0,0.36689801169724845,1.2676074593115272,3.330571040294217e-06
85,0.4438827457253842,1.0,0.9996712963123399,0.36689801169724845,1.2677169871654397,2.6749002812742617e-06
85,0.4440824063922071,1.0,1.0,0.36689801169724845,1.2676074593115272,0.0004631148737683777
85,0.4434003598210914,1.0,0.995555698762277,0.36689801169724845,1.2690944736270247,9.84507398715806e-07
85,0.44391884509041735,1.0,0.9999845769414358,0.36689801169724845,1.2676125968422267,1.3747750160497674e-06
85,0.44370219026294466,1.0,0.9981340989325571,0.36689801169724845,1.2682301824781064,2.5920826374203898e-08
85,0.44373876324045924,1.0,0.9984429825321363,0.36689801169724845,1.2681269137244513,1.2588596276508213e-06
85,0.4434517972822011,1.0,0.9959985865801929,0.36689801169724845,1.2689462827101718,5.898093133893667e-07
86,0.44392017089530256,1.0,1.0,0.36689801169724845,1.2676074593115272,2.3071717647482615e-08
86,0.4439201708953025,1.0,1.0,0.36689801169724845,1.2676074593115272,2.3071717647482615e-08
86,0.4439201708953026,1.0,1.0,0.36689801169724845,1.2676074593115272,2.307171786952722e-08
86,0.4439207997388477,1.0,1.0,0.36689801169724845,1.2676074593115272,1.818722547231033e-06
86,0.4439207997388477,1.0,1.0,0.36689801169724845,1.2676074593115272,1.818722547231033e-06
86,0.4439201009340608,1.0,1.0,0.36689801169724845,1.2676076360131243,1.7670159713212286e-07
86,0.44392079973884774,1.0,1.0,0.36689801169724845,1.2676074593115272,1.818722547231033e-06
86,0.44392079973884774,1.0,1.0,0.36689801169724845,1.2676074593115272,1.818722547231033e-06
86,0.44392010093406076,1.0,1.0,0.36689801169724845,1.2676076360131243,1.7670159713212286e-07
86,0.4437406079471255,1.0,0.9984620233451784,0.36689801169724845,1.2681205515160183,1.684694641568285e-07
86,0.443738286729788,1.0,0.9984429825321363,0.36689801169724845,1.2681270166481624,1.0292371110942611e-07
86,0.44370219026294466,1.0,0.9981340989325571,0.36689801169724845,1.2682301824781064,2.5920826374203898e-08
86,0.44392103020481577,1.0,1.0,0.36689801169724845,1.2676074593115272,2.4768124788909773e-06
86,0.4439206023265568,1.0,0.9999982863268262,0.36689801169724845,1.2676080301404458,1.825844957004108e-06
86,0.44391799906371326,1.0,0.999982863268262,0.36689801169724845,1.2676136379028924,4.702141387369352e-07
86,0.4439184017061101,1.0,0.999982863268262,0.36689801169724845,1.2676131676887537,6.795354330346726e-07
86,0.4439198935146895,1.0,1.0,0.36689801169724845,1.2676082282965118,7.689849845782248e-07
86,0.4437180075065592,1.0,0.9982699805912625,0.36689801169724845,1.2681849737974331,2.4289114364250963e-07
86,0.4439213291951491,1.0,1.0,0.36689801169724845,1.2676074593115272,3.330571040294217e-06
86,0.4439213291951491,1.0,1.0,0.36689801169724845,1.2676074593115272,3.330571040294217e-06
86,0.44392184220870967,1.0,1.0,0.36689801169724845,1.2676074593115272,4.7954642810044135e-06
86,0.4440844326034563,1.0,1.0,0.36689801169724845,1.2676074593115272,0.00046889643675696036
86,0.44411754826716043,1.0,1.0,0.36689801169724845,1.2676074593115272,0.0005633807339524566
86,0.4439175803264398,1.0,0.9999845769414358,0.36689801169724845,1.267614833613765,2.236771538211002e-06
86,0.4439231680135948,1.0,1.0,0.36689801169724845,1.2676074593115272,8.581240562577364e-06
86,0.4437244197574347,1.0,0.9983189753661276,0.36689801169724845,1.2681683548375313,1.7075504910035733e-06
86,0.4437385171957561,1.0,0.9984429825321363,0.36689801169724845,1.2681269137244513,5.557076867557242e-07
86,0.44375862712629766,1.0,0.9986158210106606,0.36689801169724845,1.2680691711759822,2.8118656691944466e-07
86,0.4440835018076991,1.0,1.0,0.36689801169724845,1.2676074593115272,0.00046624052364441226
86,0.44392085268447784,1.0,1.0,0.36689801169724845,1.2676074593115272,1.9699075588519577e-06
86,0.4439204892221896,1.0,0.9999984576941435,0.36689801169724845,1.2676079730574659,1.445794687304769e-06
86,0.444082095875549,1.0,1.0,0.36689801169724845,1.2676074593115272,0.00046222884519409035
86,0.44392114340392264,1.0,1.0,0.36689801169724845,1.2676074593115272,2.8000495080338084e-06
86,0.44370194062039287,1.0,0.9981340989325571,0.36689801169724845,1.2682308960296809,7.394724008680242e-07
86,0.44410229973387405,1.0,1.0,0.36689801169724845,1.2676074593115272,0.0005198759744058368
86,0.44375905863831494,1.0,0.9986141073374868,0.36689801169724845,1.268069743588448,2.0866712435729795e-06
86,0.44392116828574735,1.0,0.9999982863268262,0.36689801169724845,1.2676080301404458,3.4419277910036072e-06
86,0.44392052243899777,1.0,1.0,0.36689801169724845,1.2676074593115272,1.026898706291135e-06
86,0.44391968609531823,1.0,1.0,0.36689801169724845,1.2676088205804528,1.361268925581527e-06
86,0.4439213291951491,1.0,1.0,0.36689801169724845,1.2676074593115272,3.330571040294217e-06
87,0.44392017089530256,1.0,1.0,0.36689801169724845,1.2676074593115272,2.3071717647482615e-08
87,0.4439201708953025,1.0,1.0,0.36689801169724845,1.2676074593115272,2.3071717647482615e-08
87,0.4439201708953026,1.0,1.0,0.36689801169724845,1.2676074593115272,2.307171786952722e-08
87,0.4439201009340608,1.0,1.0,0.36689801169724845,1.2676076360131243,1.7670159713212286e-07
87,0.44392010093406076,1.0,1.0,0.36689801169724845,1.2676076360131243,1.7670159713212286e-07
87,0.4437406079471255,1.0,0.9984620233451784,0.36689801169724845,1.2681205515160183,1.684694641568285e-07
87,0.443738286729788,1.0,0.9984429825321363,0.36689801169724845,1.2681270166481624,1.0292371110942611e-07
87,0.44370219026294466,1.0,0.9981340989325571,0.36689801169724845,1.2682301824781064,2.5920826374203898e-08
87,0.44392052243899777,1.0,1.0,0.36689801169724845,1.2676074593115272,1.026898706291135e-06
87,0.44391799906371326,1.0,0.999982863268262,0.36689801169724845,1.2676136379028924,4.702141387369352e-07
87,0.4439184017061101,1.0,0.999982863268262,0.36689801169724845,1.2676131676887537,6.795354330346726e-07
87,0.4439198935146895,1.0,1.0,0.36689801169724845,1.2676082282965118,7.689849845782248e-07
87,0.44375862712629766,1.0,0.9986158210106606,0.36689801169724845,1.2680691711759822,2.8118656691944466e-07
87,0.4437180075065592,1.0,0.9982699805912625,0.36689801169724845,1.2681849737974331,2.4289114364250963e-07
87,0.4439207997388477,1.0,1.0,0.36689801169724845,1.2676074593115272,1.818722547231033e-06
87,0.4439207997388477,1.0,1.0,0.36689801169724845,1.2676074593115272,1.818722547231033e-06
87,0.44392079973884774,1.0,1.0,0.36689801169724845,1.2676074593115272,1.818722547231033e-06
87,0.44392079973884774,1.0,1.0,0.36689801169724845,1.2676074593115272,1.818722547231033e-06
87,0.4439204892221896,1.0,0.9999984576941435,0.36689801169724845,1.2676079730574659,1.445794687304769e-06
87,0.4437385171957561,1.0,0.9984429825321363,0.36689801169724845,1.2681269137244513,5.557076867557242e-07
87,0.44373822376467037,1.0,0.9984429825321363,0.36689801169724845,1.2681271965915668,2.8286711550862265e-07
87,0.4441003487559791,1.0,1.0,0.36689801169724845,1.2676074593115272,0.0005143095300932377
87,0.44373573562451857,1.0,0.9984258458003983,0.36689801169724845,1.2681343073061995,1.66738667983779e-06
87,0.4437549133765183,1.0,0.9985815475471846,0.36689801169724845,1.2680806197985808,1.117440923792401e-06
87,0.4435785044684356,1.0,0.9970761306826652,0.36689801169724845,1.268584262036234,4.5093138756335804e-07
87,0.443921304823932,1.0,0.9984620233451784,0.36689801169724845,1.2681205515160183,0.0005163531842433677
87,0.4439210493813994,1.0,1.0,0.36689801169724845,1.2676074593115272,2.5315707132822496e-06
87,0.44408269579816634,1.0,1.0,0.36689801169724845,1.2676074593115272,0.00046394066393573574
87,0.4437381538841917,1.0,0.9984429825321363,0.36689801169724845,1.2681273962979354,4.825734840618878e-07
87,0.4437739381633945,1.0,0.9987542389095946,0.36689801169724845,1.26802513922331,2.196823784217372e-06
87,0.4439184017061101,1.0,1.0,0.36689801169724845,1.2676124881533206,5.028841793430772e-06
87,0.44377478150319805,1.0,0.9987542389095946,0.36689801169724845,1.2680229423995257,2.1290320795230855e-07
87,0.44375862712629766,1.0,1.0,0.36689801169724845,1.2680688899894152,0.0004614306778880639
87,0.4439325146504797,1.0,1.0,0.36689801169724845,1.2676074593115272,3.5269500627821415e-05
87,0.44408457672778023,1.0,1.0,0.36689801169724845,1.2676074593115272,0.00046930767708786014
87,0.44366721432954154,1.0,0.9978364307209694,0.36689801169724845,1.26833016177085,4.505901338713869e-07
87,0.44392079973884774,1.0,1.0,0.36689801169724845,1.2676074593115272,1.818722547231033e-06
87,0.44408358926365266,1.0,1.0,0.36689801169724845,1.2676074593115272,0.0004664900691040419
87,0.4439201009340608,1.0,1.0,0.36689801169724845,1.2676076360131243,1.7670159713212286e-07
87,0.4440655602874069,1.0,1.0,0.36689801169724845,1.2676074593115272,0.00041504438984829584
88,0.44392017089530256,1.0,1.0,0.36689801169724845,1.2676074593115272,2.3071717647482615e-08
88,0.4439201708953025,1.0,1.0,0.36689801169724845,1.2676074593115272,2.3071717647482615e-08
88,0.4439201708953026,1.0,1.0,0.36689801169724845,1.2676074593115272,2.307171786952722e-08
88,0.4439201009340608,1.0,1.0,0.36689801169724845,1.2676076360131243,1.7670159713212286e-07
88,0.44392010093406076,1.0,1.0,0.36689801169724845,1.2676076360131243,1.7670159713212286e-07
88,0.4437406079471255,1.0,0.9984620233451784,0.36689801169724845,1.2681205515160183,1.684694641568285e-07
88,0.443738286729788,1.0,0.9984429825321363,0.36689801169724845,1.2681270166481624,1.0292371110942611e-07
88,0.44370219026294466,1.0,0.9981340989325571,0.36689801169724845,1.2682301824781064,2.5920826374203898e-08
88,0.44392052243899777,1.0,1.0,0.36689801169724845,1.2676074593115272,1.026898706291135e-06
88,0.4439201009340608,1.0,1.0,0.36689801169724845,1.2676076360131243,1.7670159713212286e-07
88,0.4439207997388477,1.0,1.0,0.36689801169724845,1.2676074593115272,1.818722547231033e-06
88,0.4439207997388477,1.0,1.0,0.36689801169724845,1.2676074593115272,1.818722547231033e-06
88,0.44392079973884774,1.0,1.0,0.36689801169724845,1.2676074593115272,1.818722547231033e-06
88,0.44392079973884774,1.0,1.0,0.36689801169724845,1.2676074593115272,1.818722547231033e-06
88,0.44392079973884774,1.0,1.0,0.36689801169724845,1.2676074593115272,1.818722547231033e-06
88,0.44391799906371326,1.0,0.999982863268262,0.36689801169724845,1.2676136379028924,4.702141387369352e-07
88,0.4439184017061101,1.0,0.999982863268262,0.36689801169724845,1.2676131676887537,6.795354330346726e-07
88,0.4439198935146895,1.0,1.0,0.36689801169724845,1.2676082282965118,7.689849845782248e-07
88,0.4439204892221896,1.0,0.9999984576941435,0.36689801169724845,1.2676079730574659,1.445794687304769e-06
88,0.44377478150319805,1.0,0.9987542389095946,0.36689801169724845,1.2680229423995257,2.1290320795230855e-07
88,0.44393632519143983,1.0,1.0,0.36689801169724845,1.2676074593115272,4.6149745077661564e-05
88,0.44392241412231054,1.0,1.0,0.36689801169724845,1.2676074593115272,6.428540645808667e-06
88,0.44408379668302395,1.0,1.0,0.36689801169724845,1.2676074593115272,0.000467081915923373
88,0.44378938332676304,1.0,0.9988788150186352,0.36689801169724845,1.267981347455099,3.3920049258284735e-07
88,0.4440823435078526,1.0,1.0,0.36689801169724845,1.2676074593115272,0.0004629354395819796
88,0.44375590918714886,1.0,0.9985986842789226,0.36689801169724845,1.2680766567233344,1.761334286642935e-06
88,0.4439199234098169,1.0,1.0,0.36689801169724845,1.2676081429313202,6.836197929960264e-07
88,0.44373658172390934,1.0,0.9981340989325571,0.36689801169724845,1.26823015655728,9.826727949335812e-05
88,0.44379001225107123,1.0,0.9988788150186352,0.36689801169724845,1.267981347455099,2.1361406097319957e-06
88,0.4439214857849628,1.0,1.0,0.36689801169724845,1.2676074593115272,3.7777084289647433e-06
88,0.4438872556379917,1.0,0.9997198692602876,0.36689801169724845,1.2677014322361104,6.34671472932169e-07
88,0.44392073886474126,1.0,0.9999984576941435,0.36689801169724845,1.2676079730574659,2.158643850558306e-06
88,0.44392079973884774,1.0,0.999982863268262,0.36689801169724845,1.2676131676887537,7.527099773696477e-06
88,0.4437022532280623,1.0,0.9981340989325571,0.36689801169724845,1.26823015655728,1.5405180575633892e-07
88,0.44392079973884774,1.0,1.0,0.36689801169724845,1.2676074593115272,1.818722547231033e-06
88,0.4439201708953025,1.0,1.0,0.36689801169724845,1.2676074593115272,2.3071717647482615e-08
88,0.4439184017061101,1.0,0.9999986119247292,0.36689801169724845,1.2676124881533206,4.566470519939969e-06
88,0.4440818420345935,1.0,1.0,0.36689801169724845,1.2676074593115272,0.00046150453421156534
88,0.4439223920091209,1.0,1.0,0.36689801169724845,1.2676074593115272,6.365397397178896e-06
88,0.44391991425662664,1.0,1.0,0.36689801169724845,1.2676081690681482,7.097566210312323e-07
89,0.44392017089530256,1.0,1.0,0.36689801169724845,1.2676074593115272,2.3071717647482615e-08
89,0.4439201708953025,1.0,1.0,0.36689801169724845,1.2676074593115272,2.3071717647482615e-08
89,0.4439201708953025,1.0,1.0,0.36689801169724845,1.2676074593115272,2.3071717647482615e-08
89,0.4439201708953026,1.0,1.0,0.36689801169724845,1.2676074593115272,2.307171786952722e-08
89,0.4439201009340608,1.0,1.0,0.36689801169724845,1.2676076360131243,1.7670159713212286e-07
89,0.44392010093406076,1.0,1.0,0.36689801169724845,1.2676076360131243,1.7670159713212286e-07
89,0.4437406079471255,1.0,0.9984620233451784,0.36689801169724845,1.2681205515160183,1.684694641568285e-07
89,0.443738286729788,1.0,0.9984429825321363,0.36689801169724845,1.2681270166481624,1.0292371110942611e-07
89,0.44370219026294466,1.0,0.9981340989325571,0.36689801169724845,1.2682301824781064,2.5920826374203898e-08
89,0.44392052243899777,1.0,1.0,0.36689801169724845,1.2676074593115272,1.026898706291135e-06
89,0.4439201009340608,1.0,1.0,0.36689801169724845,1.2676076360131243,1.7670159713212286e-07
89,0.4437022532280623,1.0,0.9981340989325571,0.36689801169724845,1.26823015655728,1.5405180575633892e-07
89,0.4439207997388477,1.0,1.0,0.36689801169724845,1.2676074593115272,1.818722547231033e-06
89,0.44392079973884774,1.0,1.0,0.36689801169724845,1.2676074593115272,1.818722547231033e-06
89,0.44378938332676304,1.0,0.9988788150186352,0.36689801169724845,1.267981347455099,3.3920049258284735e-07
89,0.44391799906371326,1.0,0.999982863268262,0.36689801169724845,1.2676136379028924,4.702141387369352e-07
89,0.4439204892221896,1.0,0.9999984576941435,0.36689801169724845,1.2676079730574659,1.445794687304769e-06
89,0.44377478150319805,1.0,0.9987542389095946,0.36689801169724845,1.2680229423995257,2.1290320795230855e-07
89,0.4439199234098169,1.0,1.0,0.36689801169724845,1.2676081429313202,6.836197929960264e-07
89,0.4439184017061101,1.0,0.999982863268262,0.36689801169724845,1.2676131676887537,6.795354330346726e-07
89,0.4438027804105041,1.0,0.9989893912109152,0.36689801169724845,1.2679444356591527,1.703973466549158e-06
89,0.4437256372650595,1.0,0.9983361120978655,0.36689801169724845,1.2681631676536151,5.402371900942171e-07
89,0.44392016389917843,1.0,1.0,0.36689801169724845,1.2676074593115272,3.0943891893286946e-09
89,0.4437365548182947,1.0,0.9984275594735721,0.36689801169724845,1.2681320672911673,1.0112120807370673e-07
89,0.44390017987734565,1.0,1.0,0.36689801169724845,1.2676645228644874,5.706355296020149e-05
89,0.44391789985754654,1.0,0.9999845769414358,0.36689801169724845,1.2676139211874584,1.3243452317013293e-06
89,0.4437890338674471,1.0,0.998880203093906,0.36689801169724845,1.2679820067195096,1.1226729506041977e-06
89,0.4439203803990531,1.0,1.0,0.36689801169724845,1.2676074593115272,6.213062735405117e-07
89,0.44370219026294466,1.0,0.9995641675135012,0.36689801169724845,1.2682301824781064,0.0004774831987535144
89,0.4440826634142638,1.0,1.0,0.36689801169724845,1.2676074593115272,0.0004638482598509075
89,0.44388725563799175,1.0,0.9997198692602876,0.36689801169724845,1.2677014322361102,6.346714727101244e-07
89,0.443920011123483,1.0,1.0,0.36689801169724845,1.2676078924660237,4.3315449649306004e-07
89,0.4439207997388477,1.0,1.0,0.36689801169724845,1.2676074593115272,1.818722547231033e-06
89,0.4437722608955771,1.0,0.9987388158510304,0.36689801169724845,1.2680299318116268,1.8390570717397026e-06
89,0.44383360667502936,1.0,0.9992552839139219,0.36689801169724845,1.26785571059675,1.0433058594827571e-06
89,0.4440376322215024,1.0,1.0,0.36689801169724845,1.2676074593115272,0.000335343412656508
89,0.4435769121981624,1.0,0.997060707624101,0.36689801169724845,1.268589429742382,1.0649102533122345e-06
89,0.444082406392207,1.0,1.0,0.36689801169724845,1.2676074593115272,0.00046311487376815563
89,0.4441145213101146,1.0,1.0,0.36689801169724845,1.2676074593115272,0.0005547449253751058
89,0.4439210862330461,1.0,0.999982863268262,0.36689801169724845,1.2676131676887537,8.34517684267233e-06
90,0.44392016389917843,1.0,1.0,0.36689801169724845,1.2676074593115272,3.0943891893286946e-09
90,0.44392017089530256,1.0,1.0,0.36689801169724845,1.2676074593115272,2.3071717647482615e-08
90,0.4439201708953025,1.0,1.0,0.36689801169724845,1.2676074593115272,2.3071717647482615e-08
90,0.4439201708953025,1.0,1.0,0.36689801169724845,1.2676074593115272,2.3071717647482615e-08
90,0.4439201708953026,1.0,1.0,0.36689801169724845,1.2676074593115272,2.307171786952722e-08
90,0.4439201009340608,1.0,1.0,0.36689801169724845,1.2676076360131243,1.7670159713212286e-07
90,0.44392010093406076,1.0,1.0,0.36689801169724845,1.2676076360131243,1.7670159713212286e-07
90,0.4437406079471255,1.0,0.9984620233451784,0.36689801169724845,1.2681205515160183,1.684694641568285e-07
90,0.443738286729788,1.0,0.9984429825321363,0.36689801169724845,1.2681270166481624,1.0292371110942611e-07
90,0.44370219026294466,1.0,0.9981340989325571,0.36689801169724845,1.2682301824781064,2.5920826374203898e-08
90,0.4439201009340608,1.0,1.0,0.36689801169724845,1.2676076360131243,1.7670159713212286e-07
90,0.4437365548182947,1.0,0.9984275594735721,0.36689801169724845,1.2681320672911673,1.0112120807370673e-07
90,0.4439203803990531,1.0,1.0,0.36689801169724845,1.2676074593115272,6.213062735405117e-07
90,0.44378938332676304,1.0,0.9988788150186352,0.36689801169724845,1.267981347455099,3.3920049258284735e-07
90,0.44377478150319805,1.0,0.9987542389095946,0.36689801169724845,1.2680229423995257,2.1290320795230855e-07
90,0.443920011123483,1.0,1.0,0.36689801169724845,1.2676078924660237,4.3315449649306004e-07
90,0.4437022532280623,1.0,0.9981340989325571,0.36689801169724845,1.26823015655728,1.5405180575633892e-07
90,0.44392052243899777,1.0,1.0,0.36689801169724845,1.2676074593115272,1.026898706291135e-06
90,0.44391799906371326,1.0,0.999982863268262,0.36689801169724845,1.2676136379028924,4.702141387369352e-07
90,0.4439207997388477,1.0,1.0,0.36689801169724845,1.2676074593115272,1.818722547231033e-06
90,0.44380476827574256,1.0,0.9990063565753359,0.36689801169724845,1.2679387731190708,1.720730803622672e-06
90,0.4437412368714337,1.0,0.9984620233451784,0.36689801169724845,1.2681205515160183,1.9658046372938998e-06
90,0.4440852026276725,1.0,1.0,0.36689801169724845,1.2676074593115272,0.00047109359930752603
90,0.44374004198793493,1.0,0.9984620233451784,0.36689801169724845,1.2681220004448415,1.448928823144513e-06
90,0.4439207997388477,1.0,1.0,0.36689801169724845,1.2676074593115272,1.818722547231033e-06
90,0.443738286729788,1.0,0.9984429825321363,0.36689801169724845,1.2681270166481624,1.0292371110942611e-07
90,0.44392010093406076,1.0,0.9989909335167717,0.36689801169724845,1.267943920874834,0.0003362848617096681
90,0.44378967198610375,1.0,0.9988788150186352,0.36689801169724845,1.267981347455099,1.1639483048497823e-06
90,0.44392011422669664,1.0,1.0,0.36689801169724845,1.2676075980561898,1.3874466264773844e-07
90,0.44408226077186697,1.0,1.0,0.36689801169724845,1.2676074593115272,0.0004626993606837715
90,0.4437897607325781,1.0,0.9988788150186352,0.36689801169724845,1.267981347455099,1.4175115470305144e-06
90,0.4437564751463394,1.0,0.9985986842789226,0.36689801169724845,1.2680750394407103,1.4405166259834346e-07
90,0.444035855097316,1.0,1.0,0.36689801169724845,1.2676074593115272,0.00033027152511211355
90,0.444079663128412,1.0,1.0,0.36689801169724845,1.2676074593115272,0.00045528719895227
90,0.4438023921223752,1.0,0.9989909335167717,0.36689801169724845,1.267943920874834,7.985058081416696e-08
90,0.44369854244699697,1.0,0.9981030814481114,0.36689801169724845,1.2682406090849847,8.155459108039054e-08
90,0.4440384455854156,1.0,1.0,0.36689801169724845,1.2676074593115272,0.00033766472833374195
90,0.44392052243899777,1.0,0.9984275594735721,0.36689801169724845,1.2681320672911673,0.0005256348783464482
90,0.4437747752066864,1.0,0.9987542389095946,0.36689801169724845,1.2680229423995257,1.9491182956521413e-07
90,0.44372440283499326,1.0,0.9983206890393014,0.36689801169724845,1.2681677820865724,1.086435106767425e-06
91,0.44392016389917843,1.0,1.0,0.36689801169724845,1.2676074593115272,3.0943891893286946e-09
91,0.44392017089530256,1.0,1.0,0.36689801169724845,1.2676074593115272,2.3071717647482615e-08
91,0.4439201708953025,1.0,1.0,0.36689801169724845,1.2676074593115272,2.3071717647482615e-08
91,0.4439201708953025,1.0,1.0,0.36689801169724845,1.2676074593115272,2.3071717647482615e-08
91,0.4439201708953026,1.0,1.0,0.36689801169724845,1.2676074593115272,2.307171786952722e-08
91,0.44370219026294466,1.0,0.9981340989325571,0.36689801169724845,1.2682301824781064,2.5920826374203898e-08
91,0.4439203803990531,1.0,1.0,0.36689801169724845,1.2676074593115272,6.213062735405117e-07
91,0.44392011422669664,1.0,1.0,0.36689801169724845,1.2676075980561898,1.3874466264773844e-07
91,0.4438023921223752,1.0,0.9989909335167717,0.36689801169724845,1.267943920874834,7.985058081416696e-08
91,0.44392052243899777,1.0,1.0,0.36689801169724845,1.2676074593115272,1.026898706291135e-06
91,0.4439201009340608,1.0,1.0,0.36689801169724845,1.2676076360131243,1.7670159713212286e-07
91,0.44392010093406076,1.0,1.0,0.36689801169724845,1.2676076360131243,1.7670159713212286e-07
91,0.4439201009340608,1.0,1.0,0.36689801169724845,1.2676076360131243,1.7670159713212286e-07
91,0.443738286729788,1.0,0.9984429825321363,0.36689801169724845,1.2681270166481624,1.0292371110942611e-07
91,0.4437365548182947,1.0,0.9984275594735721,0.36689801169724845,1.2681320672911673,1.0112120807370673e-07
91,0.443738286729788,1.0,0.9984429825321363,0.36689801169724845,1.2681270166481624,1.0292371110942611e-07
91,0.4437564751463394,1.0,0.9985986842789226,0.36689801169724845,1.2680750394407103,1.4405166259834346e-07
91,0.44369854244699697,1.0,0.9981030814481114,0.36689801169724845,1.2682406090849847,8.155459108039054e-08
91,0.4439207997388477,1.0,1.0,0.36689801169724845,1.2676074593115272,1.818722547231033e-06
91,0.4439207997388477,1.0,1.0,0.36689801169724845,1.2676074593115272,1.818722547231033e-06
91,0.44408374568127856,1.0,1.0,0.36689801169724845,1.2676074593115272,0.0004669363884830524
91,0.44353328797769,1.0,0.9966878849743264,0.36689801169724845,1.2687143977171822,1.2594353677730652e-06
91,0.4439207368544931,1.0,1.0,0.36689801169724845,1.2676074593115272,1.6391576929120077e-06
91,0.4439201708953025,1.0,0.9982927733033002,0.36689801169724845,1.2681771124445798,0.0005696762047702197
91,0.44390198247875107,1.0,0.9998442982532136,0.36689801169724845,1.2676593751203105,4.3170789831847856e-08
91,0.4438843443721847,1.0,0.9996940890243776,0.36689801169724845,1.2677097465996865,3.5655240893106566e-07
91,0.4439201645987908,1.0,1.0,0.36689801169724845,1.2676074593115272,5.092122057348547e-09
91,0.44392011422669664,1.0,0.9985986842789226,0.36689801169724845,1.2680748953890477,0.00046729733285788555
91,0.4439201079301849,1.0,1.0,0.36689801169724845,1.2676076160357903,1.567242631228538e-07
91,0.4439380991905428,1.0,1.0,0.36689801169724845,1.2676074593115272,5.1214984184477785e-05
91,0.4437690416384537,1.0,0.9987055547131933,0.36689801169724845,1.2680392004747625,6.992685985807157e-08
91,0.44380270851170095,1.0,0.9989909335167717,0.36689801169724845,1.267943920874834,9.83774528062753e-07
91,0.4438712445390055,1.0,1.0,0.36689801169724845,1.2677471601207626,0.00013970080923542127
91,0.44392016389917843,1.0,1.0,0.36689801169724845,1.2676074593115272,3.0943891893286946e-09
91,0.443738286729788,1.0,0.9984429825321363,0.36689801169724845,1.2681270166481624,1.0292371110942611e-07
91,0.4437549604316167,1.0,0.9985848035262149,0.36689801169724845,1.2680795321456508,1.6425320770174778e-07
91,0.44391997604541533,1.0,1.0,0.36689801169724845,1.2676079926310033,5.333194761369953e-07
91,0.44408449548781076,1.0,1.0,0.36689801169724845,1.2676074593115272,0.0004690758692549313
91,0.4435960008139345,1.0,0.9972259390976517,0.36689801169724845,1.2685340750002754,2.99469606002134e-07
91,0.44392023386042,1.0,1.0,0.36689801169724845,1.2676074593115272,2.028676469034707e-07
92,0.44392016389917843,1.0,1.0,0.36689801169724845,1.2676074593115272,3.0943891893286946e-09
92,0.44392016389917843,1.0,1.0,0.36689801169724845,1.2676074593115272,3.0943891893286946e-09
92,0.4439201645987908,1.0,1.0,0.36689801169724845,1.2676074593115272,5.092122057348547e-09
92,0.44392017089530256,1.0,1.0,0.36689801169724845,1.2676074593115272,2.3071717647482615e-08
92,0.4439201708953025,1.0,1.0,0.36689801169724845,1.2676074593115272,2.3071717647482615e-08
92,0.4439201708953025,1.0,1.0,0.36689801169724845,1.2676074593115272,2.3071717647482615e-08
92,0.4439201708953026,1.0,1.0,0.36689801169724845,1.2676074593115272,2.307171786952722e-08
92,0.44370219026294466,1.0,0.9981340989325571,0.36689801169724845,1.2682301824781064,2.5920826374203898e-08
92,0.44392011422669664,1.0,1.0,0.36689801169724845,1.2676075980561898,1.3874466264773844e-07
92,0.44390198247875107,1.0,0.9998442982532136,0.36689801169724845,1.2676593751203105,4.3170789831847856e-08
92,0.44392023386042,1.0,1.0,0.36689801169724845,1.2676074593115272,2.028676469034707e-07
92,0.4439201079301849,1.0,1.0,0.36689801169724845,1.2676076160357903,1.567242631228538e-07
92,0.4438023921223752,1.0,0.9989909335167717,0.36689801169724845,1.267943920874834,7.985058081416696e-08
92,0.4437690416384537,1.0,0.9987055547131933,0.36689801169724845,1.2680392004747625,6.992685985807157e-08
92,0.4439203803990531,1.0,1.0,0.36689801169724845,1.2676074593115272,6.213062735405117e-07
92,0.44369854244699697,1.0,0.9981030814481114,0.36689801169724845,1.2682406090849847,8.155459108039054e-08
92,0.44392052243899777,1.0,1.0,0.36689801169724845,1.2676074593115272,1.026898706291135e-06
92,0.4439201009340608,1.0,1.0,0.36689801169724845,1.2676076360131243,1.7670159713212286e-07
92,0.4437564751463394,1.0,0.9985986842789226,0.36689801169724845,1.2680750394407103,1.4405166259834346e-07
92,0.4437365548182947,1.0,0.9984275594735721,0.36689801169724845,1.2681320672911673,1.0112120807370673e-07
92,0.44392016389917843,1.0,1.0,0.36689801169724845,1.2676074593115272,3.0943891893286946e-09
92,0.44377265616786016,1.0,0.9987388158510304,0.36689801169724845,1.2680288023660018,7.0961144671422e-07
92,0.4439201009340607,1.0,1.0,0.36689801169724845,1.2676076360131245,1.7670159735416746e-07
92,0.4437025696173879,1.0,0.9981340989325571,0.36689801169724845,1.26823015655728,1.0583838105926446e-06
92,0.4439201645987907,1.0,1.0,0.36689801169724845,1.2676074593115272,5.092121613259337e-09
92,0.4436876984232394,1.0,0.9980094326618432,0.36689801169724845,1.2682718437503542,2.38017697995474e-07
92,0.44392035944867814,1.0,1.0,0.36689801169724845,1.2676074593115272,5.614828435529517e-07
92,0.44370219026294466,1.0,1.0,0.36689801169724845,1.2682301824781064,0.0006227231665791866
92,0.44373623213245733,1.0,0.9984275594735721,0.36689801169724845,1.2681328883579503,8.210667830077512e-07
92,0.44390198247875107,1.0,0.9998442982532136,0.36689801169724845,1.2676593751203105,4.3170789831847856e-08
92,0.4437840846028968,1.0,0.998834999241874,0.36689801169724845,1.267996147781796,1.7177990074834781e-07
92,0.4435024082701439,1.0,0.9964268722358574,0.36689801169724845,1.2688019433157978,4.6844358125852636e-07
92,0.44378409089940857,1.0,0.998834999241874,0.36689801169724845,1.2679961297911722,1.5378927686882093e-07
92,0.44411957353365994,1.0,1.0,0.36689801169724845,1.2676074593115272,0.0005691586867220266
92,0.44396764029517055,1.0,1.0,0.36689801169724845,1.2676074593115272,0.00013555674280008034
92,0.44375292439319103,1.0,0.9985676910456798,0.36689801169724845,1.268085248613015,6.248665807007114e-08
92,0.4437365044462005,1.0,0.9984275594735721,0.36689801169724845,1.2681321101258027,4.2834635394228826e-08
92,0.4441196302022659,1.0,1.0,0.36689801169724845,1.2676074593115272,0.0005693203577881167
92,0.44376936369464,1.0,0.9987055547131933,0.36689801169724845,1.2680392004747625,9.90179312765349e-07
92,0.4438024487909811,1.0,0.9989909335167717,0.36689801169724845,1.267943920874834,2.4175281887472977e-07
93,0.44392016389917843,1.0,1.0,0.36689801169724845,1.2676074593115272,3.0943891893286946e-09
93,0.44392016389917843,1.0,1.0,0.36689801169724845,1.2676074593115272,3.0943891893286946e-09
93,0.44392016389917843,1.0,1.0,0.36689801169724845,1.2676074593115272,3.0943891893286946e-09
93,0.4439201645987907,1.0,1.0,0.36689801169724845,1.2676074593115272,5.092121613259337e-09
93,0.4439201645987908,1.0,1.0,0.36689801169724845,1.2676074593115272,5.092122057348547e-09
93,0.44392017089530256,1.0,1.0,0.36689801169724845,1.2676074593115272,2.3071717647482615e-08
93,0.4439201708953025,1.0,1.0,0.36689801169724845,1.2676074593115272,2.3071717647482615e-08
93,0.4439201708953025,1.0,1.0,0.36689801169724845,1.2676074593115272,2.3071717647482615e-08
93,0.4439201708953026,1.0,1.0,0.36689801169724845,1.2676074593115272,2.307171786952722e-08
93,0.44370219026294466,1.0,0.9981340989325571,0.36689801169724845,1.2682301824781064,2.5920826374203898e-08
93,0.44392011422669664,1.0,1.0,0.36689801169724845,1.2676075980561898,1.3874466264773844e-07
93,0.44390198247875107,1.0,0.9998442982532136,0.36689801169724845,1.2676593751203105,4.3170789831847856e-08
93,0.44392023386042,1.0,1.0,0.36689801169724845,1.2676074593115272,2.028676469034707e-07
93,0.44390198247875107,1.0,0.9998442982532136,0.36689801169724845,1.2676593751203105,4.3170789831847856e-08
93,0.4437365044462005,1.0,0.9984275594735721,0.36689801169724845,1.2681321101258027,4.2834635394228826e-08
93,0.4439201079301849,1.0,1.0,0.36689801169724845,1.2676076160357903,1.567242631228538e-07
93,0.44392035944867814,1.0,1.0,0.36689801169724845,1.2676074593115272,5.614828435529517e-07
93,0.4438023921223752,1.0,0.9989909335167717,0.36689801169724845,1.267943920874834,7.985058081416696e-08
93,0.4437690416384537,1.0,0.9987055547131933,0.36689801169724845,1.2680392004747625,6.992685985807157e-08
93,0.44375292439319103,1.0,0.9985676910456798,0.36689801169724845,1.268085248613015,6.248665807007114e-08
93,0.4439201079301851,1.0,1.0,0.36689801169724845,1.2676076160357896,1.5672426245672e-07
93,0.4437366798110991,1.0,0.9984275594735721,0.36689801169724845,1.2681320672911673,4.5833163841990654e-07
93,0.4440080400429914,1.0,1.0,0.36689801169724845,1.2676074593115272,0.00025088245877924464
93,0.44370224693155036,1.0,0.9981340989325571,0.36689801169724845,1.26823015655728,1.3605454451948162e-07
93,0.4437842112327446,1.0,0.998834999241874,0.36689801169724845,1.2679959760018953,1.900314361424904e-07
93,0.444070636078597,1.0,1.0,0.36689801169724845,1.2676074593115272,0.0004295285812330185
93,0.44372398762656806,1.0,0.9983206890393014,0.36689801169724845,1.2681678823204539,1.0023388141711109e-07
93,0.4438425557139293,1.0,0.9993357193084775,0.36689801169724845,1.2678291039901988,2.2437474433978366e-07
93,0.44372398832618043,1.0,0.9983206890393014,0.36689801169724845,1.2681678803209542,9.823438174016985e-08
93,0.44380244879098085,1.0,0.9989909335167717,0.36689801169724845,1.267943920874834,2.4175281820859595e-07
93,0.4438141762961796,1.0,0.9990918401650946,0.36689801169724845,1.2679102441346406,6.961173237840512e-08
93,0.44360049441154825,1.0,0.9972625587154461,0.36689801169724845,1.268521809424195,8.839250420500377e-07
93,0.44393672902357445,1.0,1.0,0.36689801169724845,1.2676074593115272,4.730279675091431e-05
93,0.44407068575107883,1.0,1.0,0.36689801169724845,1.2676074593115272,0.000429670324146203
93,0.4439203462602012,1.0,1.0,0.36689801169724845,1.2676074593115272,5.23823375120358e-07
93,0.44390203348049645,1.0,0.9998442982532136,0.36689801169724845,1.2676593319495206,1.0247585202627363e-07
93,0.4439038006207938,1.0,0.9998598684278923,0.36689801169724845,1.2676541830386086,3.907988865847756e-08
93,0.44392023386042,1.0,1.0,0.36689801169724845,1.2676074593115272,2.028676469034707e-07
93,0.4437690416384537,1.0,1.0,0.36689801169724845,1.2680391305479026,0.0004316712363754416
93,0.44390198184909996,1.0,0.9998442982532136,0.36689801169724845,1.2676593769184172,4.496889660643433e-08
94,0.44392016389917843,1.0,1.0,0.36689801169724845,1.2676074593115272,3.0943891893286946e-09
94,0.44392016389917843,1.0,1.0,0.36689801169724845,1.2676074593115272,3.0943891893286946e-09
94,0.44392016389917843,1.0,1.0,0.36689801169724845,1.2676074593115272,3.0943891893286946e-09
94,0.4439201645987907,1.0,1.0,0.36689801169724845,1.2676074593115272,5.092121613259337e-09
94,0.4439201645987908,1.0,1.0,0.36689801169724845,1.2676074593115272,5.092122057348547e-09
94,0.44392017089530256,1.0,1.0,0.36689801169724845,1.2676074593115272,2.3071717647482615e-08
94,0.4439201708953025,1.0,1.0,0.36689801169724845,1.2676074593115272,2.3071717647482615e-08
94,0.4439201708953025,1.0,1.0,0.36689801169724845,1.2676074593115272,2.3071717647482615e-08
94,0.4439201708953026,1.0,1.0,0.36689801169724845,1.2676074593115272,2.307171786952722e-08
94,0.44370219026294466,1.0,0.9981340989325571,0.36689801169724845,1.2682301824781064,2.5920826374203898e-08
94,0.44392011422669664,1.0,1.0,0.36689801169724845,1.2676075980561898,1.3874466264773844e-07
94,0.44392023386042,1.0,1.0,0.36689801169724845,1.2676074593115272,2.028676469034707e-07
94,0.4439038006207938,1.0,0.9998598684278923,0.36689801169724845,1.2676541830386086,3.907988865847756e-08
94,0.44392023386042,1.0,1.0,0.36689801169724845,1.2676074593115272,2.028676469034707e-07
94,0.4439201079301851,1.0,1.0,0.36689801169724845,1.2676076160357896,1.5672426245672e-07
94,0.44390198247875107,1.0,0.9998442982532136,0.36689801169724845,1.2676593751203105,4.3170789831847856e-08
94,0.44390198247875107,1.0,0.9998442982532136,0.36689801169724845,1.2676593751203105,4.3170789831847856e-08
94,0.4437365044462005,1.0,0.9984275594735721,0.36689801169724845,1.2681321101258027,4.2834635394228826e-08
94,0.44390203348049645,1.0,0.9998442982532136,0.36689801169724845,1.2676593319495206,1.0247585202627363e-07
94,0.4439203462602012,1.0,1.0,0.36689801169724845,1.2676074593115272,5.23823375120358e-07
94,0.4439054943168504,1.0,0.999873881585103,0.36689801169724845,1.267649474905147,1.2852865127754853e-07
94,0.44370234809135345,1.0,0.9981340989325571,0.36689801169724845,1.26823015655728,4.2519860543599464e-07
94,0.4439367725037033,1.0,1.0,0.36689801169724845,1.2676074593115272,4.742694433734762e-05
94,0.44370207692573327,1.0,0.9981340989325571,0.36689801169724845,1.2682305064289723,3.498716922845091e-07
94,0.4439201645987908,1.0,1.0,0.36689801169724845,1.2676074593115272,5.092122057348547e-09
94,0.4437712406660071,1.0,0.9987249350983226,0.36689801169724845,1.2680328470109696,1.1880088224280883e-07
94,0.443920126190069,1.0,1.0,0.36689801169724845,1.2676075638949507,1.0458342347696714e-07
94,0.4439202958881072,1.0,1.0,0.36689801169724845,1.2676074593115272,3.7998670854300087e-07
94,0.4439038076169179,1.0,0.9998598684278923,0.36689801169724845,1.2676541630598075,1.9101087600503774e-08
94,0.4439201771918142,1.0,1.0,0.36689801169724845,1.2676074593115272,4.105131257148287e-08
94,0.4439201708953025,1.0,1.0,0.36689801169724845,1.2676074593115272,2.3071717647482615e-08
94,0.44392023386042,1.0,1.0,0.36689801169724845,1.2676074593115272,2.028676469034707e-07
94,0.44392017089530234,1.0,0.9998598684278923,0.36689801169724845,1.26765414395872,4.670771890991077e-05
94,0.4439202783516171,1.0,1.0,0.36689801169724845,1.2676074593115272,3.2991154852446414e-07
94,0.44392027156952946,1.0,1.0,0.36689801169724845,1.2676074593115272,3.105454073892844e-07
94,0.4439365971388046,1.0,1.0,0.36689801169724845,1.2676074593115272,4.692622973623273e-05
94,0.44375487675797143,1.0,0.9985848035262149,0.36689801169724845,1.2680796069992755,7.485362463199863e-08
94,0.4439365404701989,1.0,1.0,0.36689801169724845,1.2676074593115272,4.6764425331025095e-05
94,0.4439202212673965,1.0,1.0,0.36689801169724845,1.2676074593115272,1.6690846504907597e-07
94,0.4437364477775948,1.0,0.9984275594735721,0.36689801169724845,1.2681322720761647,2.0478499740406164e-07
95,0.44392016389917843,1.0,1.0,0.36689801169724845,1.2676074593115272,3.0943891893286946e-09
95,0.44392016389917843,1.0,1.0,0.36689801169724845,1.2676074593115272,3.0943891893286946e-09
95,0.44392016389917843,1.0,1.0,0.36689801169724845,1.2676074593115272,3.0943891893286946e-09
95,0.4439201645987907,1.0,1.0,0.36689801169724845,1.2676074593115272,5.092121613259337e-09
95,0.4439201645987908,1.0,1.0,0.36689801169724845,1.2676074593115272,5.092122057348547e-09
95,0.4439201645987908,1.0,1.0,0.36689801169724845,1.2676074593115272,5.092122057348547e-09
95,0.44392017089530256,1.0,1.0,0.36689801169724845,1.2676074593115272,2.3071717647482615e-08
95,0.4439201708953025,1.0,1.0,0.36689801169724845,1.2676074593115272,2.3071717647482615e-08
95,0.4439201708953025,1.0,1.0,0.36689801169724845,1.2676074593115272,2.3071717647482615e-08
95,0.4439038076169179,1.0,0.9998598684278923,0.36689801169724845,1.2676541630598075,1.9101087600503774e-08
95,0.4439201708953025,1.0,1.0,0.36689801169724845,1.2676074593115272,2.3071717647482615e-08
95,0.4439201708953026,1.0,1.0,0.36689801169724845,1.2676074593115272,2.307171786952722e-08
95,0.44370219026294466,1.0,0.9981340989325571,0.36689801169724845,1.2682301824781064,2.5920826374203898e-08
95,0.4439038006207938,1.0,0.9998598684278923,0.36689801169724845,1.2676541830386086,3.907988865847756e-08
95,0.4439201771918142,1.0,1.0,0.36689801169724845,1.2676074593115272,4.105131257148287e-08
95,0.4437365044462005,1.0,0.9984275594735721,0.36689801169724845,1.2681321101258027,4.2834635394228826e-08
95,0.4439202212673965,1.0,1.0,0.36689801169724845,1.2676074593115272,1.6690846504907597e-07
95,0.44390198247875107,1.0,0.9998442982532136,0.36689801169724845,1.2676593751203105,4.3170789831847856e-08
95,0.443920126190069,1.0,1.0,0.36689801169724845,1.2676075638949507,1.0458342347696714e-07
95,0.44390203348049645,1.0,0.9998442982532136,0.36689801169724845,1.2676593319495206,1.0247585202627363e-07
95,0.44392016389917843,1.0,1.0,0.36689801169724845,1.2676074593115272,3.0943891893286946e-09
95,0.4439201249937317,1.0,1.0,0.36689801169724845,1.2676075673110747,1.0799954752727103e-07
95,0.44390384722197695,1.0,1.0,0.36689801169724845,1.2676540499598237,4.659064829648507e-05
95,0.44411639754000687,1.0,1.0,0.36689801169724845,1.2676074593115272,0.0005600977612210123
95,0.4439201576026667,1.0,1.0,0.36689801169724845,1.2676074741967343,1.4885207066939188e-08
95,0.4437548257562261,1.0,0.9985848035262149,0.36689801169724845,1.2680797527425312,2.2059688031816904e-07
95,0.44390544394475634,1.0,0.999873881585103,0.36689801169724845,1.2676494902227873,1.5317640267298316e-08
95,0.4439201708953025,1.0,0.9998442982532136,0.36689801169724845,1.2676593319495206,5.18957097110917e-05
95,0.44392018669954697,1.0,1.0,0.36689801169724845,1.2676074593115272,6.820050058031768e-08
95,0.4439038132837784,1.0,0.9998598684278923,0.36689801169724845,1.2676541468769789,2.9182589678100612e-09
95,0.44393653417368717,1.0,1.0,0.36689801169724845,1.2676074593115272,4.6746447061263297e-05
95,0.4439201708953026,1.0,0.9998598684278923,0.36689801169724845,1.26765414395872,4.67077189105769e-05
95,0.44393654620002426,1.0,1.0,0.36689801169724845,1.2676074593115272,4.6780785555089466e-05
95,0.44392008532570776,1.0,1.0,0.36689801169724845,1.2676076805825593,2.2127103216362798e-07
95,0.44373650444620055,1.0,0.9984275594735721,0.36689801169724845,1.2681321101258025,4.283463517218422e-08
95,0.44392017719181426,1.0,1.0,0.36689801169724845,1.2676074593115272,4.105131279352747e-08
95,0.44408545740685856,1.0,1.0,0.36689801169724845,1.2676074593115272,0.00047182057643713193
95,0.44390198247875107,1.0,1.0,0.36689801169724845,1.2676593751203105,5.191580878327606e-05
95,0.443920126190069,1.0,0.999873881585103,0.36689801169724845,1.267649474905147,4.191101019634935e-05
95,0.4439201632695273,1.0,1.0,0.36689801169724845,1.2676074593115272,1.2964298523598927e-09
96,0.4439201632695273,1.0,1.0,0.36689801169724845,1.2676074593115272,1.2964298523598927e-09
96,0.44392016389917843,1.0,1.0,0.36689801169724845,1.2676074593115272,3.0943891893286946e-09
96,0.44392016389917843,1.0,1.0,0.36689801169724845,1.2676074593115272,3.0943891893286946e-09
96,0.44392016389917843,1.0,1.0,0.36689801169724845,1.2676074593115272,3.0943891893286946e-09
96,0.44392016389917843,1.0,1.0,0.36689801169724845,1.2676074593115272,3.0943891893286946e-09
96,0.4439038132837784,1.0,0.9998598684278923,0.36689801169724845,1.2676541468769789,2.9182589678100612e-09
96,0.4439201645987907,1.0,1.0,0.36689801169724845,1.2676074593115272,5.092121613259337e-09
96,0.4439201645987908,1.0,1.0,0.36689801169724845,1.2676074593115272,5.092122057348547e-09
96,0.4439201645987908,1.0,1.0,0.36689801169724845,1.2676074593115272,5.092122057348547e-09
96,0.44392017089530256,1.0,1.0,0.36689801169724845,1.2676074593115272,2.3071717647482615e-08
96,0.4439201708953025,1.0,1.0,0.36689801169724845,1.2676074593115272,2.3071717647482615e-08
96,0.4439201708953025,1.0,1.0,0.36689801169724845,1.2676074593115272,2.3071717647482615e-08
96,0.4439201708953025,1.0,1.0,0.36689801169724845,1.2676074593115272,2.3071717647482615e-08
96,0.4439201576026667,1.0,1.0,0.36689801169724845,1.2676074741967343,1.4885207066939188e-08
96,0.4439201708953026,1.0,1.0,0.36689801169724845,1.2676074593115272,2.307171786952722e-08
96,0.44390544394475634,1.0,0.999873881585103,0.36689801169724845,1.2676494902227873,1.5317640267298316e-08
96,0.4439201771918142,1.0,1.0,0.36689801169724845,1.2676074593115272,4.105131257148287e-08
96,0.4439038076169179,1.0,0.9998598684278923,0.36689801169724845,1.2676541630598075,1.9101087600503774e-08
96,0.44392017719181426,1.0,1.0,0.36689801169724845,1.2676074593115272,4.105131279352747e-08
96,0.44370219026294466,1.0,0.9981340989325571,0.36689801169724845,1.2682301824781064,2.5920826374203898e-08
96,0.4439201632695273,1.0,1.0,0.36689801169724845,1.2676074593115272,1.2964298523598927e-09
96,0.44392016389917843,1.0,1.0,0.36689801169724845,1.2676074593115272,3.0943891893286946e-09
96,0.4439054496116169,1.0,0.999873881585103,0.36689801169724845,1.267649474905147,8.650689053979477e-10
96,0.4439054553414425,1.0,0.999873881585103,0.36689801169724845,1.267649474905147,1.7227585580315008e-08
96,0.4437240065860644,1.0,0.9983206890393014,0.36689801169724845,1.2681678281340139,4.604744141545325e-08
96,0.4439038132837784,1.0,1.0,0.36689801169724845,1.2676541468769789,4.6687565451675184e-05
96,0.44372399462269213,1.0,0.9983206890393014,0.36689801169724845,1.268167862325457,8.023888464769868e-08
96,0.44390380642058075,1.0,0.9998598684278923,0.36689801169724845,1.2676541664761822,2.2517462339166627e-08
96,0.44392016459879063,1.0,1.0,0.36689801169724845,1.2676074593115272,5.092121613259337e-09
96,0.4439348921789882,1.0,1.0,0.36689801169724845,1.2676074593115272,4.20580839630702e-05
96,0.44390543694863227,1.0,0.999873881585103,0.36689801169724845,1.2676495102014413,3.529629433174364e-08
96,0.44392015823231773,1.0,1.0,0.36689801169724845,1.267607472398775,1.3087247729970386e-08
96,0.4439201570359807,1.0,1.0,0.36689801169724845,1.2676074758148976,1.650337044800665e-08
96,0.44390691601015986,1.0,0.9998864934265927,0.36689801169724845,1.2676452864969907,1.3628164374779317e-08
96,0.4439054489120045,1.0,0.999873881585103,0.36689801169724845,1.2676494760379433,1.1327963012064401e-09
96,0.44390544394475634,1.0,0.999873881585103,0.36689801169724845,1.2676494902227873,1.5317640267298316e-08
96,0.44392016389917843,1.0,1.0,0.36689801169724845,1.2676074593115272,3.0943891893286946e-09
96,0.4439201582323178,1.0,1.0,0.36689801169724845,1.2676074723987747,1.3087247507925781e-08
96,0.44392017719181426,1.0,0.999873881585103,0.36689801169724845,1.267649474905147,4.2056644932619847e-05
96,0.4439201644658644,1.0,1.0,0.36689801169724845,1.2676074593115272,4.712552570396156e-09
97,0.4439201632695273,1.0,1.0,0.36689801169724845,1.2676074593115272,1.2964298523598927e-09
97,0.4439201632695273,1.0,1.0,0.36689801169724845,1.2676074593115272,1.2964298523598927e-09
97,0.4439054496116169,1.0,0.999873881585103,0.36689801169724845,1.267649474905147,8.650689053979477e-10
97,0.44392016389917843,1.0,1.0,0.36689801169724845,1.2676074593115272,3.0943891893286946e-09
97,0.44392016389917843,1.0,1.0,0.36689801169724845,1.2676074593115272,3.0943891893286946e-09
97,0.44392016389917843,1.0,1.0,0.36689801169724845,1.2676074593115272,3.0943891893286946e-09
97,0.44392016389917843,1.0,1.0,0.36689801169724845,1.2676074593115272,3.0943891893286946e-09
97,0.44392016389917843,1.0,1.0,0.36689801169724845,1.2676074593115272,3.0943891893286946e-09
97,0.44392016389917843,1.0,1.0,0.36689801169724845,1.2676074593115272,3.0943891893286946e-09
97,0.4439054489120045,1.0,0.999873881585103,0.36689801169724845,1.2676494760379433,1.1327963012064401e-09
97,0.4439201644658644,1.0,1.0,0.36689801169724845,1.2676074593115272,4.712552570396156e-09
97,0.4439038132837784,1.0,0.9998598684278923,0.36689801169724845,1.2676541468769789,2.9182589678100612e-09
97,0.4439201645987907,1.0,1.0,0.36689801169724845,1.2676074593115272,5.092121613259337e-09
97,0.44392016459879063,1.0,1.0,0.36689801169724845,1.2676074593115272,5.092121613259337e-09
97,0.4439201645987908,1.0,1.0,0.36689801169724845,1.2676074593115272,5.092122057348547e-09
97,0.4439201645987908,1.0,1.0,0.36689801169724845,1.2676074593115272,5.092122057348547e-09
97,0.44392017089530256,1.0,1.0,0.36689801169724845,1.2676074593115272,2.3071717647482615e-08
97,0.4439201708953025,1.0,1.0,0.36689801169724845,1.2676074593115272,2.3071717647482615e-08
97,0.4439201582323178,1.0,1.0,0.36689801169724845,1.2676074723987747,1.3087247507925781e-08
97,0.4439201708953025,1.0,1.0,0.36689801169724845,1.2676074593115272,2.3071717647482615e-08
97,0.44392016333249246,1.0,1.0,0.36689801169724845,1.2676074593115272,1.4762258082612334e-09
97,0.4439201644091958,1.0,1.0,0.36689801169724845,1.2676074593115272,4.55073623228941e-09
97,0.44392017197200595,1.0,1.0,0.36689801169724845,1.2676074593115272,2.6146228293555396e-08
97,0.4439201650955156,1.0,1.0,0.36689801169724845,1.2676074593115272,6.5105121294095625e-09
97,0.4439069146808962,1.0,0.9998864934265927,0.36689801169724845,1.2676452902929098,1.7424083509354205e-08
97,0.4439069192710534,1.0,0.9998864934265927,0.36689801169724845,1.2676452771850018,4.316175417073964e-09
97,0.44393340109112317,1.0,1.0,0.36689801169724845,1.2676074593115272,3.780057286117966e-05
97,0.44392016377954485,1.0,1.0,0.36689801169724845,1.2676074593115272,2.7527773394098176e-09
97,0.44392016522844185,1.0,1.0,0.36689801169724845,1.2676074593115272,6.890081172272744e-09
97,0.4439201650955156,1.0,1.0,0.36689801169724845,1.2676074593115272,6.5105121294095625e-09
97,0.44390381271709245,1.0,0.9998598684278923,0.36689801169724845,1.2676541484952615,4.536541586830367e-09
97,0.44392016452882943,1.0,1.0,0.36689801169724845,1.2676074593115272,4.8923483042528915e-09
97,0.4439201638991785,1.0,1.0,0.36689801169724845,1.2676074593115272,3.0943894113732995e-09
97,0.4439201638362133,1.0,1.0,0.36689801169724845,1.2676074593115272,2.914593233427354e-09
97,0.4439201644658644,1.0,1.0,0.36689801169724845,1.2676074593115272,4.712552570396156e-09
97,0.4439069268968286,1.0,0.9998864934265927,0.36689801169724845,1.2676452728688263,1.746041178307678e-08
97,0.44390381208744145,1.0,0.9998598684278923,0.36689801169724845,1.267654150293353,6.334633040339099e-09
97,0.4439201581693527,1.0,1.0,0.36689801169724845,1.2676074725785706,1.3267043463827122e-08
97,0.4439054427484189,1.0,0.999873881585103,0.36689801169724845,1.2676494936391378,1.8733990803099232e-08
97,0.44392017038528514,1.0,1.0,0.36689801169724845,1.2676074593115272,2.16153706045219e-08
98,0.4439201632695273,1.0,1.0,0.36689801169724845,1.2676074593115272,1.2964298523598927e-09
98,0.4439201632695273,1.0,1.0,0.36689801169724845,1.2676074593115272,1.2964298523598927e-09
98,0.4439054496116169,1.0,0.999873881585103,0.36689801169724845,1.267649474905147,8.650689053979477e-10
98,0.44392016333249246,1.0,1.0,0.36689801169724845,1.2676074593115272,1.4762258082612334e-09
98,0.4439054489120045,1.0,0.999873881585103,0.36689801169724845,1.2676494760379433,1.1327963012064401e-09
98,0.44392016377954485,1.0,1.0,0.36689801169724845,1.2676074593115272,2.7527773394098176e-09
98,0.4439201638362133,1.0,1.0,0.36689801169724845,1.2676074593115272,2.914593233427354e-09
98,0.44392016389917843,1.0,1.0,0.36689801169724845,1.2676074593115272,3.0943891893286946e-09
98,0.44392016389917843,1.0,1.0,0.36689801169724845,1.2676074593115272,3.0943891893286946e-09
98,0.44392016389917843,1.0,1.0,0.36689801169724845,1.2676074593115272,3.0943891893286946e-09
98,0.44392016389917843,1.0,1.0,0.36689801169724845,1.2676074593115272,3.0943891893286946e-09
98,0.44392016389917843,1.0,1.0,0.36689801169724845,1.2676074593115272,3.0943891893286946e-09
98,0.44392016389917843,1.0,1.0,0.36689801169724845,1.2676074593115272,3.0943891893286946e-09
98,0.4439038132837784,1.0,0.9998598684278923,0.36689801169724845,1.2676541468769789,2.9182589678100612e-09
98,0.4439201638991785,1.0,1.0,0.36689801169724845,1.2676074593115272,3.0943894113732995e-09
98,0.4439201644091958,1.0,1.0,0.36689801169724845,1.2676074593115272,4.55073623228941e-09
98,0.4439069192710534,1.0,0.9998864934265927,0.36689801169724845,1.2676452771850018,4.316175417073964e-09
98,0.4439201644658644,1.0,1.0,0.36689801169724845,1.2676074593115272,4.712552570396156e-09
98,0.4439201644658644,1.0,1.0,0.36689801169724845,1.2676074593115272,4.712552570396156e-09
98,0.44390381271709245,1.0,0.9998598684278923,0.36689801169724845,1.2676541484952615,4.536541586830367e-09
98,0.4439348792767361,1.0,1.0,0.36689801169724845,1.2676074593115272,4.202124421670561e-05
98,0.44392016338916107,1.0,1.0,0.36689801169724845,1.2676074593115272,1.6380421463679795e-09
98,0.4439201634401629,1.0,1.0,0.36689801169724845,1.2676074593115272,1.783677205935419e-09
98,0.4439348805297418,1.0,1.0,0.36689801169724845,1.2676074593115272,4.202482191884016e-05
98,0.4439038132837784,1.0,0.9998598684278923,0.36689801169724845,1.2676541468769789,2.9182589678100612e-09
98,0.4439201638991785,1.0,1.0,0.36689801169724845,1.2676074593115272,3.0943894113732995e-09
98,0.4439201639501802,1.0,1.0,0.36689801169724845,1.2676074593115272,3.240024026851529e-09
98,0.44392016282247504,1.0,1.0,0.36689801169724845,1.2676074593115272,1.9878543255913428e-11
98,0.4439157339591083,1.0,0.9999620243439589,0.36689801169724845,1.2676201095584378,3.5868055192622705e-09
98,0.44393208400152584,1.0,1.0,0.36689801169724845,1.2676074593115272,3.403985614847116e-05
98,0.44392016389917843,1.0,1.0,0.36689801169724845,1.2676074593115272,3.0943891893286946e-09
98,0.44392016434623066,1.0,1.0,0.36689801169724845,1.2676074593115272,4.370940276388069e-09
98,0.44393340726800123,1.0,1.0,0.36689801169724845,1.2676074593115272,3.781820979287254e-05
98,0.4439201644091958,1.0,1.0,0.36689801169724845,1.2676074593115272,4.55073623228941e-09
98,0.4439201644658644,1.0,1.0,0.36689801169724845,1.2676074593115272,4.712552570396156e-09
98,0.44392016333249246,1.0,1.0,0.36689801169724845,1.2676074593115272,1.4762258082612334e-09
98,0.4439201644658644,1.0,1.0,0.36689801169724845,1.2676074593115272,4.712552570396156e-09
98,0.4439201632695273,1.0,1.0,0.36689801169724845,1.2676074593115272,1.2964298523598927e-09
98,0.44389073284812713,1.0,0.9997477631702061,0.36689801169724845,1.267691501719583,6.202620639328416e-10
98,0.44390381271709245,1.0,0.9998978440839335,0.36689801169724845,1.2676541484952615,1.2657368492430265e-05
99,0.44392016282247504,1.0,1.0,0.36689801169724845,1.2676074593115272,1.9878543255913428e-11
99,0.4439201632695273,1.0,1.0,0.36689801169724845,1.2676074593115272,1.2964298523598927e-09
99,0.4439201632695273,1.0,1.0,0.36689801169724845,1.2676074593115272,1.2964298523598927e-09
99,0.4439054496116169,1.0,0.999873881585103,0.36689801169724845,1.267649474905147,8.650689053979477e-10
99,0.4439201632695273,1.0,1.0,0.36689801169724845,1.2676074593115272,1.2964298523598927e-09
99,0.44389073284812713,1.0,0.9997477631702061,0.36689801169724845,1.267691501719583,6.202620639328416e-10
99,0.4439054489120045,1.0,0.999873881585103,0.36689801169724845,1.2676494760379433,1.1327963012064401e-09
99,0.44392016333249246,1.0,1.0,0.36689801169724845,1.2676074593115272,1.4762258082612334e-09
99,0.44392016333249246,1.0,1.0,0.36689801169724845,1.2676074593115272,1.4762258082612334e-09
99,0.44392016338916107,1.0,1.0,0.36689801169724845,1.2676074593115272,1.6380421463679795e-09
99,0.4439201634401629,1.0,1.0,0.36689801169724845,1.2676074593115272,1.783677205935419e-09
99,0.44392016377954485,1.0,1.0,0.36689801169724845,1.2676074593115272,2.7527773394098176e-09
99,0.4439201638362133,1.0,1.0,0.36689801169724845,1.2676074593115272,2.914593233427354e-09
99,0.44392016389917843,1.0,1.0,0.36689801169724845,1.2676074593115272,3.0943891893286946e-09
99,0.4439038132837784,1.0,0.9998598684278923,0.36689801169724845,1.2676541468769789,2.9182589678100612e-09
99,0.4439038132837784,1.0,0.9998598684278923,0.36689801169724845,1.2676541468769789,2.9182589678100612e-09
99,0.44392016389917843,1.0,1.0,0.36689801169724845,1.2676074593115272,3.0943891893286946e-09
99,0.44392016389917843,1.0,1.0,0.36689801169724845,1.2676074593115272,3.0943891893286946e-09
99,0.44392016389917843,1.0,1.0,0.36689801169724845,1.2676074593115272,3.0943891893286946e-09
99,0.44392016389917843,1.0,1.0,0.36689801169724845,1.2676074593115272,3.0943891893286946e-09
99,0.44392016332619594,1.0,1.0,0.36689801169724845,1.2676074593115272,1.4582461904666388e-09
99,0.44389367641224786,1.0,0.9997729868531855,0.36689801169724845,1.267683095356955,3.4470581944390233e-10
99,0.44392016338916107,1.0,1.0,0.36689801169724845,1.2676074593115272,1.6380421463679795e-09
99,0.4439054477156673,1.0,0.999873881585103,0.36689801169724845,1.267649479454293,4.5491459488289365e-09
99,0.44389367595323226,1.0,0.9997729868531855,0.36689801169724845,1.2676830966678236,1.655574566328255e-09
99,0.4439054495039465,1.0,0.999873881585103,0.36689801169724845,1.267649474905147,5.575975237093189e-10
99,0.4439054489120045,1.0,1.0,0.36689801169724845,1.2676494760379433,4.2016726416127526e-05
99,0.4439201632355891,1.0,1.0,0.36689801169724845,1.2676074593115272,1.1995195947633874e-09
99,0.4439201638481767,1.0,1.0,0.36689801169724845,1.2676074593115272,2.948754573850465e-09
99,0.4439201627658065,1.0,1.0,0.36689801169724845,1.2676074594534648,1.4193757280622776e-10
99,0.4438922061231603,1.0,0.9997603750116958,0.36689801169724845,1.2676872980027643,3.742130383344033e-09
99,0.44390544840198715,1.0,0.999873881585103,0.36689801169724845,1.267649477494387,2.5892399335702976e-09
99,0.44390692137975507,1.0,0.9998864934265927,0.36689801169724845,1.2676452728688263,1.7055501455587319e-09
99,0.4439334066950187,1.0,1.0,0.36689801169724845,1.2676074593115272,3.7816573747351256e-05
99,0.44392016332619594,1.0,1.0,0.36689801169724845,1.2676074593115272,1.4582461904666388e-09
99,0.44390692041072194,1.0,0.9998864934265927,0.36689801169724845,1.2676452739305009,1.061674526070533e-09
99,0.4439038137937958,1.0,0.9998598684278923,0.36689801169724845,1.2676541454205246,1.4618046773051674e-09
99,0.4439201623571629,1.0,1.0,0.36689801169724845,1.2676074606203405,1.3088132799765617e-09
99,0.4439054489120045,1.0,0.999873881585103,0.36689801169724845,1.2676494760379433,1.1327963012064401e-09
99,0.44392016333249246,1.0,1.0,0.36689801169724845,1.2676074593115272,1.4762258082612334e-09
100,0.44392016282247504,1.0,1.0,0.36689801169724845,1.2676074593115272,1.9878543255913428e-11
100,0.4439201632355891,1.0,1.0,0.36689801169724845,1.2676074593115272,1.1995195947633874e-09
100,0.4439201627658065,1.0,1.0,0.36689801169724845,1.2676074594534648,1.4193757280622776e-10
100,0.4439201632695273,1.0,1.0,0.36689801169724845,1.2676074593115272,1.2964298523598927e-09
100,0.4439201632695273,1.0,1.0,0.36689801169724845,1.2676074593115272,1.2964298523598927e-09
100,0.4439201632695273,1.0,1.0,0.36689801169724845,1.2676074593115272,1.2964298523598927e-09
100,0.44389367641224786,1.0,0.9997729868531855,0.36689801169724845,1.267683095356955,3.4470581944390233e-10
100,0.4439054495039465,1.0,0.999873881585103,0.36689801169724845,1.267649474905147,5.575975237093189e-10
100,0.44390692041072194,1.0,0.9998864934265927,0.36689801169724845,1.2676452739305009,1.061674526070533e-09
100,0.44392016332619594,1.0,1.0,0.36689801169724845,1.2676074593115272,1.4582461904666388e-09
100,0.44392016332619594,1.0,1.0,0.36689801169724845,1.2676074593115272,1.4582461904666388e-09
100,0.4439201623571629,1.0,1.0,0.36689801169724845,1.2676074606203405,1.3088132799765617e-09
100,0.4439054496116169,1.0,0.999873881585103,0.36689801169724845,1.267649474905147,8.650689053979477e-10
100,0.44389073284812713,1.0,0.9997477631702061,0.36689801169724845,1.267691501719583,6.202620639328416e-10
100,0.44392016333249246,1.0,1.0,0.36689801169724845,1.2676074593115272,1.4762258082612334e-09
100,0.44392016333249246,1.0,1.0,0.36689801169724845,1.2676074593115272,1.4762258082612334e-09
100,0.44392016333249246,1.0,1.0,0.36689801169724845,1.2676074593115272,1.4762258082612334e-09
100,0.4439054489120045,1.0,0.999873881585103,0.36689801169724845,1.2676494760379433,1.1327963012064401e-09
100,0.4439054489120045,1.0,0.999873881585103,0.36689801169724845,1.2676494760379433,1.1327963012064401e-09
100,0.44392016338916107,1.0,1.0,0.36689801169724845,1.2676074593115272,1.6380421463679795e-09
100,0.4439201623266185,1.0,1.0,0.36689801169724845,1.2676074607075596,1.396032400791114e-09
100,0.44392016281051166,1.0,1.0,0.36689801169724845,1.2676074593258098,1.4282575122592789e-11
100,0.4439082447595676,1.0,0.9998978440839335,0.36689801169724845,1.2676414920576224,9.308533943652719e-10
100,0.4438936762076743,1.0,0.9997729868531855,0.36689801169724845,1.2676830959411813,9.289322644434606e-10
100,0.4439201632695273,1.0,1.0,0.36689801169724845,1.2676074593115272,1.2964298523598927e-09
100,0.44390544937102017,1.0,0.999873881585103,0.36689801169724845,1.267649474905147,1.7800316776117597e-10
100,0.44392016333249246,1.0,1.0,0.36689801169724845,1.2676074593115272,1.4762258082612334e-09
100,0.44393208196208594,1.0,1.0,0.36689801169724845,1.2676074593115272,3.403403287061124e-05
100,0.44390692041072194,1.0,0.9998864934265927,0.36689801169724845,1.2676452739305009,1.061674526070533e-09
100,0.44390691978736735,1.0,0.9998864934265927,0.36689801169724845,1.267645275710587,2.8417606046104993e-09
100,0.44390692041072194,1.0,0.9998864934265927,0.36689801169724845,1.2676452739305009,1.061674526070533e-09
100,0.443933405687577,1.0,1.0,0.36689801169724845,1.2676074593115272,3.7813697184141404e-05
100,0.44392016287347685,1.0,1.0,0.36689801169724845,1.2676074593115272,1.655136028233528e-10
100,0.4439334062422996,1.0,1.0,0.36689801169724845,1.2676074593115272,3.781528109181309e-05
100,0.44389367589656364,1.0,0.9997729868531855,0.36689801169724845,1.2676830968296593,1.8174102223156297e-09
100,0.44392016335674034,1.0,1.0,0.36689801169724845,1.2676074593115272,1.5454653112811911e-09
100,0.4439069200389193,1.0,0.9998864934265927,0.36689801169724845,1.2676452749922413,2.1234149993887286e-09
100,0.4439054489120045,1.0,0.9998864934265927,0.36689801169724845,1.2676494760379433,4.2031691169786e-06
100,0.4439440014920806,1.0,0.999873881585103,0.36689801169724845,1.267649474905147,0.00011008292658742924
100,0.4439201627255717,1.0,1.0,0.36689801169724845,1.2676074595683546,2.568274481973276e-10
101,0.44392016282247504,1.0,1.0,0.36689801169724845,1.2676074593115272,1.9878543255913428e-11
101,0.44392016281051166,1.0,1.0,0.36689801169724845,1.2676074593258098,1.4282575122592789e-11
101,0.44392016287347685,1.0,1.0,0.36689801169724845,1.2676074593115272,1.655136028233528e-10
101,0.4439201627658065,1.0,1.0,0.36689801169724845,1.2676074594534648,1.4193757280622776e-10
101,0.4439201632355891,1.0,1.0,0.36689801169724845,1.2676074593115272,1.1995195947633874e-09
101,0.44390544937102017,1.0,0.999873881585103,0.36689801169724845,1.267649474905147,1.7800316776117597e-10
101,0.4439201627255717,1.0,1.0,0.36689801169724845,1.2676074595683546,2.568274481973276e-10
101,0.4439201632695273,1.0,1.0,0.36689801169724845,1.2676074593115272,1.2964298523598927e-09
101,0.4439201632695273,1.0,1.0,0.36689801169724845,1.2676074593115272,1.2964298523598927e-09
101,0.4439201632695273,1.0,1.0,0.36689801169724845,1.2676074593115272,1.2964298523598927e-09
101,0.4439201632695273,1.0,1.0,0.36689801169724845,1.2676074593115272,1.2964298523598927e-09
101,0.44389367641224786,1.0,0.9997729868531855,0.36689801169724845,1.267683095356955,3.4470581944390233e-10
101,0.4439054495039465,1.0,0.999873881585103,0.36689801169724845,1.267649474905147,5.575975237093189e-10
101,0.4439082447595676,1.0,0.9998978440839335,0.36689801169724845,1.2676414920576224,9.308533943652719e-10
101,0.44392016332619594,1.0,1.0,0.36689801169724845,1.2676074593115272,1.4582461904666388e-09
101,0.44392016332619594,1.0,1.0,0.36689801169724845,1.2676074593115272,1.4582461904666388e-09
101,0.44389073284812713,1.0,0.9997477631702061,0.36689801169724845,1.267691501719583,6.202620639328416e-10
101,0.4439054496116169,1.0,0.999873881585103,0.36689801169724845,1.267649474905147,8.650689053979477e-10
101,0.4439201623571629,1.0,1.0,0.36689801169724845,1.2676074606203405,1.3088132799765617e-09
101,0.44390692041072194,1.0,0.9998864934265927,0.36689801169724845,1.2676452739305009,1.061674526070533e-09
101,0.44389073243501304,1.0,0.9997477631702061,0.36689801169724845,1.2676915028993805,1.8000596568867877e-09
101,0.44389367683102876,1.0,0.9997729868531855,0.36689801169724845,1.267683095012249,8.512595073284501e-10
101,0.44394665075645784,1.0,1.0,0.36689801169724845,1.2676074593115272,7.563141064359513e-05
101,0.4439094370236776,1.0,0.9999080596755401,0.36689801169724845,1.2676380876323265,2.40894637570932e-10
101,0.4439320813387313,1.0,1.0,0.36689801169724845,1.2676074593115272,3.403225298637125e-05
101,0.4438907332555743,1.0,0.9997477631702061,0.36689801169724845,1.2676915010993208,5.433515859465388e-10
101,0.4439054494734021,1.0,0.999873881585103,0.36689801169724845,1.267649474905147,4.703726297350386e-10
101,0.4438774903394707,1.0,1.0,0.36689801169724845,1.26772932164966,0.00012186233813271663
101,0.443917513602803,1.0,0.9999772986853185,0.36689801169724845,1.267615024144368,2.8081306169269737e-09
101,0.4439334052624996,1.0,1.0,0.36689801169724845,1.2676074593115272,3.781248345435806e-05
101,0.4439176471893194,1.0,0.9999784337510527,0.36689801169724845,1.2676146432268476,5.412386094860722e-10
101,0.44393193653752827,1.0,1.0,0.36689801169724845,1.2676074593115272,3.361879736019091e-05
101,0.4439201627714733,1.0,1.0,0.36689801169724845,1.2676074594372833,1.257560722223161e-10
101,0.4439440010081874,1.0,1.0,0.36689801169724845,1.2676074593115272,6.806595136610305e-05
101,0.44392928751202726,1.0,1.0,0.36689801169724845,1.2676074593115272,2.6054900327920905e-05
101,0.4439188393337957,1.0,0.9999886493426593,0.36689801169724845,1.267611240280965,1.7757084691538694e-09
101,0.4439173672557434,1.0,0.9999760375011696,0.36689801169724845,1.267615442041357,5.82568437934583e-10
101,0.4439054496116169,1.0,0.999965821909563,0.36689801169724845,1.267649474040078,3.062954956889463e-05
101,0.44390544955494826,1.0,0.999873881585103,0.36689801169724845,1.267649474905147,7.032419091501652e-10
101,0.4439201633324924,1.0,1.0,0.36689801169724845,1.2676074593115272,1.4762255862166285e-09
102,0.44392016282247504,1.0,1.0,0.36689801169724845,1.2676074593115272,1.9878543255913428e-11
102,0.44392016281051166,1.0,1.0,0.36689801169724845,1.2676074593258098,1.4282575122592789e-11
102,0.44392016287347685,1.0,1.0,0.36689801169724845,1.2676074593115272,1.655136028233528e-10
102,0.4439201627714733,1.0,1.0,0.36689801169724845,1.2676074594372833,1.257560722223161e-10
102,0.4439201632355891,1.0,1.0,0.36689801169724845,1.2676074593115272,1.1995195947633874e-09
102,0.4439201627658065,1.0,1.0,0.36689801169724845,1.2676074594534648,1.4193757280622776e-10
102,0.4439201632695273,1.0,1.0,0.36689801169724845,1.2676074593115272,1.2964298523598927e-09
102,0.4439201632695273,1.0,1.0,0.36689801169724845,1.2676074593115272,1.2964298523598927e-09
102,0.4439201632695273,1.0,1.0,0.36689801169724845,1.2676074593115272,1.2964298523598927e-09
102,0.4439201632695273,1.0,1.0,0.36689801169724845,1.2676074593115272,1.2964298523598927e-09
102,0.44390544937102017,1.0,0.999873881585103,0.36689801169724845,1.267649474905147,1.7800316776117597e-10
102,0.4439201627255717,1.0,1.0,0.36689801169724845,1.2676074595683546,2.568274481973276e-10
102,0.4439094370236776,1.0,0.9999080596755401,0.36689801169724845,1.2676380876323265,2.40894637570932e-10
102,0.44392016332619594,1.0,1.0,0.36689801169724845,1.2676074593115272,1.4582461904666388e-09
102,0.44392016332619594,1.0,1.0,0.36689801169724845,1.2676074593115272,1.4582461904666388e-09
102,0.4439201623571629,1.0,1.0,0.36689801169724845,1.2676074606203405,1.3088132799765617e-09
102,0.4439176471893194,1.0,0.9999784337510527,0.36689801169724845,1.2676146432268476,5.412386094860722e-10
102,0.44389367641224786,1.0,0.9997729868531855,0.36689801169724845,1.267683095356955,3.4470581944390233e-10
102,0.4439054494734021,1.0,0.999873881585103,0.36689801169724845,1.267649474905147,4.703726297350386e-10
102,0.4439201633324924,1.0,1.0,0.36689801169724845,1.2676074593115272,1.4762255862166285e-09
102,0.443933405335891,1.0,1.0,0.36689801169724845,1.2676074593115272,3.7812693009842135e-05
102,0.44391869129797284,1.0,0.9999873881585103,0.36689801169724845,1.2676116612220198,8.280411911698593e-10
102,0.4438963256091895,1.0,1.0,0.36689801169724845,1.2676755297566606,6.807044513346128e-05
102,0.4439334057427086,1.0,1.0,0.36689801169724845,1.2676074593115272,3.781385460244202e-05
102,0.44391050922545816,1.0,0.9999172537079861,0.36689801169724845,1.2676350255945537,1.0477660961072388e-09
102,0.4439201627658065,1.0,1.0,0.36689801169724845,1.2676074594534648,1.4193757280622776e-10
102,0.44392016374497684,1.0,1.0,0.36689801169724845,1.2676074593115272,2.6540689646026294e-09
102,0.4439186915797115,1.0,0.9999873881585103,0.36689801169724845,1.2676116604175138,2.3535173809818843e-11
102,0.4439201632695273,1.0,1.0,0.36689801169724845,1.2676074593115272,1.2964298523598927e-09
102,0.44392016239400384,1.0,1.0,0.36689801169724845,1.2676074605151417,1.2036145413674149e-09
102,0.4439201627658065,1.0,1.0,0.36689801169724845,1.2676074594534648,1.4193757280622776e-10
102,0.443920163643603,1.0,1.0,0.36689801169724845,1.2676074593115272,2.3645974067676434e-09
102,0.4439201627595099,1.0,1.0,0.36689801169724845,1.2676074594714446,1.5991741264542725e-10
102,0.4439094374367917,1.0,1.0,0.36689801169724845,1.2676380862117336,3.0626900206387475e-05
102,0.44390544937102017,1.0,1.0,0.36689801169724845,1.2676494747271438,4.201541561665856e-05
102,0.4439201628615134,1.0,1.0,0.36689801169724845,1.2676074593115272,1.3135226240024167e-10
102,0.443906921078278,1.0,0.9998864934265927,0.36689801169724845,1.2676452728688263,8.446354726743266e-10
102,0.44390544942202187,1.0,0.9997729868531855,0.36689801169724845,1.267683095012249,3.362043074939258e-05
102,0.4439054494734021,1.0,0.9999172537079861,0.36689801169724845,1.2676494744347744,1.4449887986822674e-05
102,0.4439201627963509,1.0,1.0,0.36689801169724845,1.2676074593662456,5.4718451991675465e-11
103,0.44392016282247504,1.0,1.0,0.36689801169724845,1.2676074593115272,1.9878543255913428e-11
103,0.44392016281051166,1.0,1.0,0.36689801169724845,1.2676074593258098,1.4282575122592789e-11
103,0.4439201628615134,1.0,1.0,0.36689801169724845,1.2676074593115272,1.3135226240024167e-10
103,0.4439186915797115,1.0,0.9999873881585103,0.36689801169724845,1.2676116604175138,2.3535173809818843e-11
103,0.4439201627963509,1.0,1.0,0.36689801169724845,1.2676074593662456,5.4718451991675465e-11
103,0.44392016287347685,1.0,1.0,0.36689801169724845,1.2676074593115272,1.655136028233528e-10
103,0.4439201627714733,1.0,1.0,0.36689801169724845,1.2676074594372833,1.257560722223161e-10
103,0.4439201632355891,1.0,1.0,0.36689801169724845,1.2676074593115272,1.1995195947633874e-09
103,0.4439201627658065,1.0,1.0,0.36689801169724845,1.2676074594534648,1.4193757280622776e-10
103,0.4439201627658065,1.0,1.0,0.36689801169724845,1.2676074594534648,1.4193757280622776e-10
103,0.4439201627658065,1.0,1.0,0.36689801169724845,1.2676074594534648,1.4193757280622776e-10
103,0.4439201632695273,1.0,1.0,0.36689801169724845,1.2676074593115272,1.2964298523598927e-09
103,0.4439201632695273,1.0,1.0,0.36689801169724845,1.2676074593115272,1.2964298523598927e-09
103,0.4439201632695273,1.0,1.0,0.36689801169724845,1.2676074593115272,1.2964298523598927e-09
103,0.4439201632695273,1.0,1.0,0.36689801169724845,1.2676074593115272,1.2964298523598927e-09
103,0.4439201632695273,1.0,1.0,0.36689801169724845,1.2676074593115272,1.2964298523598927e-09
103,0.4439201627595099,1.0,1.0,0.36689801169724845,1.2676074594714446,1.5991741264542725e-10
103,0.44392016332619594,1.0,1.0,0.36689801169724845,1.2676074593115272,1.4582461904666388e-09
103,0.44392016332619594,1.0,1.0,0.36689801169724845,1.2676074593115272,1.4582461904666388e-09
103,0.44390544937102017,1.0,0.999873881585103,0.36689801169724845,1.267649474905147,1.7800316776117597e-10
103,0.44392016336643064,1.0,1.0,0.36689801169724845,1.2676074593115272,1.5731358438131338e-09
103,0.44392148779036156,1.0,1.0,0.36689801169724845,1.2676074593115272,3.7834347812459868e-06
103,0.4439201628615134,1.0,1.0,0.36689801169724845,1.2676074593115272,1.3135226240024167e-10
103,0.4439201632400597,1.0,1.0,0.36689801169724845,1.2676074593115272,1.2122853831897373e-09
103,0.4439201627963509,1.0,0.9999886493426593,0.36689801169724845,1.267611240280965,3.780914719309081e-06
103,0.44392016368893783,1.0,1.0,0.36689801169724845,1.2676074593115272,2.4940502996173564e-09
103,0.4439201627651768,1.0,1.0,0.36689801169724845,1.2676074594552627,1.4373546797230574e-10
103,0.4439201632695273,1.0,1.0,0.36689801169724845,1.2676074593115272,1.2964298523598927e-09
103,0.443920162846723,1.0,1.0,0.36689801169724845,1.2676074593115272,8.911826832047609e-11
103,0.4439201628224751,1.0,1.0,0.36689801169724845,1.2676074593115272,1.9878765300518353e-11
103,0.4439201632746275,1.0,1.0,0.36689801169724845,1.2676074593115272,1.3109933139077157e-09
103,0.4439334049519556,1.0,1.0,0.36689801169724845,1.2676074593115272,3.781159675342316e-05
103,0.4439201623583593,1.0,1.0,0.36689801169724845,1.267607460616924,1.3053969016851852e-09
103,0.4439201632865908,1.0,1.0,0.36689801169724845,1.2676074593115272,1.345154210241617e-09
103,0.44393340577818374,1.0,1.0,0.36689801169724845,1.2676074593115272,3.781395589497194e-05
103,0.443920163172624,1.0,1.0,0.36689801169724845,1.2676074593115272,1.0197238609066517e-09
103,0.4439201636379361,1.0,1.0,0.36689801169724845,1.2676074593115272,2.348415684139127e-09
103,0.44392016332619594,1.0,1.0,0.36689801169724845,1.2676074593115272,1.4582461904666388e-09
103,0.4439201632695273,1.0,1.0,0.36689801169724845,1.2676074593115272,1.2964298523598927e-09
103,0.44392016322362576,1.0,1.0,0.36689801169724845,1.2676074593115272,1.1653586984294861e-09
104,0.44392016282247504,1.0,1.0,0.36689801169724845,1.2676074593115272,1.9878543255913428e-11
104,0.44392016281051166,1.0,1.0,0.36689801169724845,1.2676074593258098,1.4282575122592789e-11
104,0.4439201628224751,1.0,1.0,0.36689801169724845,1.2676074593115272,1.9878765300518353e-11
104,0.4439186915797115,1.0,0.9999873881585103,0.36689801169724845,1.2676116604175138,2.3535173809818843e-11
104,0.4439201627963509,1.0,1.0,0.36689801169724845,1.2676074593662456,5.4718451991675465e-11
104,0.443920162846723,1.0,1.0,0.36689801169724845,1.2676074593115272,8.911826832047609e-11
104,0.4439201628615134,1.0,1.0,0.36689801169724845,1.2676074593115272,1.3135226240024167e-10
104,0.4439201627714733,1.0,1.0,0.36689801169724845,1.2676074594372833,1.257560722223161e-10
104,0.4439201628615134,1.0,1.0,0.36689801169724845,1.2676074593115272,1.3135226240024167e-10
104,0.44392016287347685,1.0,1.0,0.36689801169724845,1.2676074593115272,1.655136028233528e-10
104,0.4439201627658065,1.0,1.0,0.36689801169724845,1.2676074594534648,1.4193757280622776e-10
104,0.4439201627658065,1.0,1.0,0.36689801169724845,1.2676074594534648,1.4193757280622776e-10
104,0.4439201627658065,1.0,1.0,0.36689801169724845,1.2676074594534648,1.4193757280622776e-10
104,0.443920163172624,1.0,1.0,0.36689801169724845,1.2676074593115272,1.0197238609066517e-09
104,0.4439201627651768,1.0,1.0,0.36689801169724845,1.2676074594552627,1.4373546797230574e-10
104,0.44392016322362576,1.0,1.0,0.36689801169724845,1.2676074593115272,1.1653586984294861e-09
104,0.4439201627595099,1.0,1.0,0.36689801169724845,1.2676074594714446,1.5991741264542725e-10
104,0.4439201632355891,1.0,1.0,0.36689801169724845,1.2676074593115272,1.1995195947633874e-09
104,0.44390544937102017,1.0,0.999873881585103,0.36689801169724845,1.267649474905147,1.7800316776117597e-10
104,0.4439201632400597,1.0,1.0,0.36689801169724845,1.2676074593115272,1.2122853831897373e-09
104,0.44392016356029385,1.0,1.0,0.36689801169724845,1.2676074593115272,2.1267092531473963e-09
104,0.4439201628345902,1.0,1.0,0.36689801169724845,1.2676074593115272,5.447331474783823e-11
104,0.4439201628467229,1.0,1.0,0.36689801169724845,1.2676074593115272,8.911804627587117e-11
104,0.44392016319427763,1.0,1.0,0.36689801169724845,1.2676074593115272,1.0815555118171005e-09
104,0.44392016271990486,1.0,1.0,0.36689801169724845,1.2676074595845361,2.7300894878123927e-10
104,0.44392016270913787,1.0,1.0,0.36689801169724845,1.267607459615281,3.037539109129739e-10
104,0.44392016274278695,1.0,1.0,0.36689801169724845,1.2676074595191966,2.0766943720218478e-10
104,0.4439201623664686,1.0,1.0,0.36689801169724845,1.2676074605937682,1.2822409800605783e-09
104,0.44393208122788186,1.0,1.0,0.36689801169724845,1.2676074593115272,3.403193647444347e-05
104,0.4439201624749204,1.0,1.0,0.36689801169724845,1.2676074602840857,9.72558478196106e-10
104,0.44392016243927573,1.0,1.0,0.36689801169724845,1.2676074603858685,1.0743412826030863e-09
104,0.4439201629463017,1.0,1.0,0.36689801169724845,1.2676074593115272,3.7346392645076776e-10
104,0.44392016287347685,1.0,1.0,0.36689801169724845,1.2676074593115272,1.655136028233528e-10
104,0.44392016272494217,1.0,1.0,0.36689801169724845,1.2676074595701523,2.5862512131880067e-10
104,0.44391869124106564,1.0,0.9999873881585103,0.36689801169724845,1.2676116613845185,9.9053987234754e-10
104,0.44392016257749056,1.0,1.0,0.36689801169724845,1.2676074599911982,6.796709861589534e-10
104,0.4439201627595099,1.0,1.0,0.36689801169724845,1.2676074594714446,1.5991741264542725e-10
104,0.44391869191892397,1.0,0.9999873881585103,0.36689801169724845,1.2676116603939787,9.450873417193861e-10
104,0.4439201632004546,1.0,1.0,0.36689801169724845,1.2676074593115272,1.0991936250093204e-09
104,0.4439201624832626,1.0,1.0,0.36689801169724845,1.2676074602602647,9.487375329797487e-10
105,0.44392016282247504,1.0,1.0,0.36689801169724845,1.2676074593115272,1.9878543255913428e-11
105,0.44392016281051166,1.0,1.0,0.36689801169724845,1.2676074593258098,1.4282575122592789e-11
105,0.4439201628224751,1.0,1.0,0.36689801169724845,1.2676074593115272,1.9878765300518353e-11
105,0.4439186915797115,1.0,0.9999873881585103,0.36689801169724845,1.2676116604175138,2.3535173809818843e-11
105,0.4439201628345902,1.0,1.0,0.36689801169724845,1.2676074593115272,5.447331474783823e-11
105,0.4439201627963509,1.0,1.0,0.36689801169724845,1.2676074593662456,5.4718451991675465e-11
105,0.4439201628467229,1.0,1.0,0.36689801169724845,1.2676074593115272,8.911804627587117e-11
105,0.443920162846723,1.0,1.0,0.36689801169724845,1.2676074593115272,8.911826832047609e-11
105,0.4439201628615134,1.0,1.0,0.36689801169724845,1.2676074593115272,1.3135226240024167e-10
105,0.4439201627714733,1.0,1.0,0.36689801169724845,1.2676074594372833,1.257560722223161e-10
105,0.4439201628615134,1.0,1.0,0.36689801169724845,1.2676074593115272,1.3135226240024167e-10
105,0.44392016287347685,1.0,1.0,0.36689801169724845,1.2676074593115272,1.655136028233528e-10
105,0.4439201627658065,1.0,1.0,0.36689801169724845,1.2676074594534648,1.4193757280622776e-10
105,0.4439201627658065,1.0,1.0,0.36689801169724845,1.2676074594534648,1.4193757280622776e-10
105,0.4439201627658065,1.0,1.0,0.36689801169724845,1.2676074594534648,1.4193757280622776e-10
105,0.44392016287347685,1.0,1.0,0.36689801169724845,1.2676074593115272,1.655136028233528e-10
105,0.4439201627651768,1.0,1.0,0.36689801169724845,1.2676074594552627,1.4373546797230574e-10
105,0.4439201629463017,1.0,1.0,0.36689801169724845,1.2676074593115272,3.7346392645076776e-10
105,0.4439201627595099,1.0,1.0,0.36689801169724845,1.2676074594714446,1.5991741264542725e-10
105,0.4439201627595099,1.0,1.0,0.36689801169724845,1.2676074594714446,1.5991741264542725e-10
105,0.4439201629533166,1.0,1.0,0.36689801169724845,1.2676074593115272,3.9349479230565976e-10
105,0.4439201627760804,1.0,1.0,0.36689801169724845,1.2676074594241278,1.1260059551432278e-10
105,0.4439186915465546,1.0,0.9999873881585103,0.36689801169724845,1.2676116605121934,1.1821477130524727e-10
105,0.44392016266988904,1.0,1.0,0.36689801169724845,1.2676074597273557,4.1582848275822926e-10
105,0.4439201627396822,1.0,1.0,0.36689801169724845,1.2676074595280622,2.165350121430265e-10
105,0.4439201629193784,1.0,1.0,0.36689801169724845,1.2676074593115272,2.965847567537594e-10
105,0.4439188386702013,1.0,0.9999886493426593,0.36689801169724845,1.2676112404001518,1.1918688258560906e-10
105,0.4439201628281419,1.0,1.0,0.36689801169724845,1.2676074593115272,3.606026588443001e-11
105,0.4439201627538431,1.0,1.0,0.36689801169724845,1.267607459487626,1.760989132293389e-10
105,0.4439201627894077,1.0,1.0,0.36689801169724845,1.2676074593860718,7.454459272082659e-11
105,0.44392016265436246,1.0,1.0,0.36689801169724845,1.2676074597716915,4.601643510682152e-10
105,0.4439214868899605,1.0,1.0,0.36689801169724845,1.2676074593115272,3.780863714775151e-06
105,0.443918838716103,1.0,0.9999886493426593,0.36689801169724845,1.267611240280965,1.1885603612427076e-11
105,0.4439201626929817,1.0,1.0,0.36689801169724845,1.2676074596614149,3.498876743890378e-10
105,0.4439201627589432,1.0,1.0,0.36689801169724845,1.2676074594730629,1.6153567372612088e-10
105,0.44392016272089074,1.0,1.0,0.36689801169724845,1.267607459581721,2.701938672799997e-10
105,0.4439201627651768,1.0,1.0,0.36689801169724845,1.2676074594552627,1.4373546797230574e-10
105,0.44392016284996505,1.0,1.0,0.36689801169724845,1.2676074593115272,9.837597403361542e-11
105,0.4439201627714733,1.0,1.0,0.36689801169724845,1.2676074594372833,1.257560722223161e-10
105,0.44392016291937836,1.0,1.0,0.36689801169724845,1.2676074593115272,2.9658453470915447e-10
106,0.44392016282247504,1.0,1.0,0.36689801169724845,1.2676074593115272,1.9878543255913428e-11
106,0.44392016281051166,1.0,1.0,0.36689801169724845,1.2676074593258098,1.4282575122592789e-11
106,0.443918838716103,1.0,0.9999886493426593,0.36689801169724845,1.267611240280965,1.1885603612427076e-11
106,0.4439201628224751,1.0,1.0,0.36689801169724845,1.2676074593115272,1.9878765300518353e-11
106,0.4439186915797115,1.0,0.9999873881585103,0.36689801169724845,1.2676116604175138,2.3535173809818843e-11
106,0.4439201628281419,1.0,1.0,0.36689801169724845,1.2676074593115272,3.606026588443001e-11
106,0.4439201628345902,1.0,1.0,0.36689801169724845,1.2676074593115272,5.447331474783823e-11
106,0.4439201627963509,1.0,1.0,0.36689801169724845,1.2676074593662456,5.4718451991675465e-11
106,0.4439201628467229,1.0,1.0,0.36689801169724845,1.2676074593115272,8.911804627587117e-11
106,0.4439201627894077,1.0,1.0,0.36689801169724845,1.2676074593860718,7.454459272082659e-11
106,0.443920162846723,1.0,1.0,0.36689801169724845,1.2676074593115272,8.911826832047609e-11
106,0.44392016284996505,1.0,1.0,0.36689801169724845,1.2676074593115272,9.837597403361542e-11
106,0.4439201628615134,1.0,1.0,0.36689801169724845,1.2676074593115272,1.3135226240024167e-10
106,0.4439201628615134,1.0,1.0,0.36689801169724845,1.2676074593115272,1.3135226240024167e-10
106,0.4439201627760804,1.0,1.0,0.36689801169724845,1.2676074594241278,1.1260059551432278e-10
106,0.44392016287347685,1.0,1.0,0.36689801169724845,1.2676074593115272,1.655136028233528e-10
106,0.44392016287347685,1.0,1.0,0.36689801169724845,1.2676074593115272,1.655136028233528e-10
106,0.4439186915465546,1.0,0.9999873881585103,0.36689801169724845,1.2676116605121934,1.1821477130524727e-10
106,0.4439201627714733,1.0,1.0,0.36689801169724845,1.2676074594372833,1.257560722223161e-10
106,0.4439188386702013,1.0,0.9999886493426593,0.36689801169724845,1.2676112404001518,1.1918688258560906e-10
106,0.4439201627472424,1.0,1.0,0.36689801169724845,1.2676074595064744,1.949471695184002e-10
106,0.4439189711959854,1.0,0.9999897844083934,0.36689801169724845,1.2676108621801585,2.0756685259470942e-10
106,0.4439189711010597,1.0,0.9999897844083934,0.36689801169724845,1.267610862243652,6.349343273370778e-11
106,0.4439200303188797,1.0,0.9999988649342659,0.36689801169724845,1.2676078376538173,2.4920887575774486e-10
106,0.4439201628040635,1.0,1.0,0.36689801169724845,1.2676074593442224,3.269517989679116e-11
106,0.4439201628281419,1.0,1.0,0.36689801169724845,1.2676074593115272,3.606026588443001e-11
106,0.4439201628867883,1.0,1.0,0.36689801169724845,1.2676074593115272,2.035243085174443e-10
106,0.4439201627714732,1.0,1.0,0.36689801169724845,1.2676074594372835,1.2575629426692103e-10
106,0.44392016295331665,1.0,1.0,0.36689801169724845,1.2676074593115272,3.934950143502647e-10
106,0.4439201627746802,1.0,1.0,0.36689801169724845,1.267607459428126,1.165987306706029e-10
106,0.4439213544941161,1.0,1.0,0.36689801169724845,1.2676074593115272,3.40281148258903e-06
106,0.44392016288112135,1.0,1.0,0.36689801169724845,1.2676074593115272,1.873423638443228e-10
106,0.4439201628224921,1.0,1.0,0.36689801169724845,1.2676074593115272,1.9927393068996935e-11
106,0.44392016281955715,1.0,1.0,0.36689801169724845,1.2676074593115272,1.1546763545311478e-11
106,0.4439201629142783,1.0,1.0,0.36689801169724845,1.2676074593115272,2.8202151725054136e-10
106,0.44392016282573415,1.0,1.0,0.36689801169724845,1.2676074593115272,2.9185098782136265e-11
106,0.44392016287347685,1.0,0.9999886493426593,0.36689801169724845,1.267611240280965,3.781134951363896e-06
106,0.4439201628507463,1.0,1.0,0.36689801169724845,1.2676074593115272,1.0060685617929721e-10
106,0.4439186915247315,1.0,0.9999873881585103,0.36689801169724845,1.2676116605745094,1.805307014990376e-10
106,0.4439201627807198,1.0,1.0,0.36689801169724845,1.2676074594108802,9.935297029528556e-11
107,0.44392016281955715,1.0,1.0,0.36689801169724845,1.2676074593115272,1.1546763545311478e-11
107,0.44392016282247504,1.0,1.0,0.36689801169724845,1.2676074593115272,1.9878543255913428e-11
107,0.44392016281051166,1.0,1.0,0.36689801169724845,1.2676074593258098,1.4282575122592789e-11
107,0.443918838716103,1.0,0.9999886493426593,0.36689801169724845,1.267611240280965,1.1885603612427076e-11
107,0.4439201628224751,1.0,1.0,0.36689801169724845,1.2676074593115272,1.9878765300518353e-11
107,0.4439201628224921,1.0,1.0,0.36689801169724845,1.2676074593115272,1.9927393068996935e-11
107,0.4439186915797115,1.0,0.9999873881585103,0.36689801169724845,1.2676116604175138,2.3535173809818843e-11
107,0.44392016282573415,1.0,1.0,0.36689801169724845,1.2676074593115272,2.9185098782136265e-11
107,0.4439201628281419,1.0,1.0,0.36689801169724845,1.2676074593115272,3.606026588443001e-11
107,0.4439201628040635,1.0,1.0,0.36689801169724845,1.2676074593442224,3.269517989679116e-11
107,0.4439201628281419,1.0,1.0,0.36689801169724845,1.2676074593115272,3.606026588443001e-11
107,0.4439201628345902,1.0,1.0,0.36689801169724845,1.2676074593115272,5.447331474783823e-11
107,0.4439201627963509,1.0,1.0,0.36689801169724845,1.2676074593662456,5.4718451991675465e-11
107,0.4439201628467229,1.0,1.0,0.36689801169724845,1.2676074593115272,8.911804627587117e-11
107,0.4439201627894077,1.0,1.0,0.36689801169724845,1.2676074593860718,7.454459272082659e-11
107,0.4439189711010597,1.0,0.9999897844083934,0.36689801169724845,1.267610862243652,6.349343273370778e-11
107,0.443920162846723,1.0,1.0,0.36689801169724845,1.2676074593115272,8.911826832047609e-11
107,0.44392016284996505,1.0,1.0,0.36689801169724845,1.2676074593115272,9.837597403361542e-11
107,0.4439201628507463,1.0,1.0,0.36689801169724845,1.2676074593115272,1.0060685617929721e-10
107,0.4439201627807198,1.0,1.0,0.36689801169724845,1.2676074594108802,9.935297029528556e-11
107,0.44392016287641,1.0,1.0,0.36689801169724845,1.2676074593115272,1.73889125321125e-10
107,0.443920162871431,1.0,1.0,0.36689801169724845,1.2676074593115272,1.5967160926777524e-10
107,0.44392016280984925,1.0,1.0,0.36689801169724845,1.2676074593277014,1.617417311194913e-11
107,0.4439201628159361,1.0,1.0,0.36689801169724845,1.2676074593115272,1.2068124277675452e-12
107,0.44392016283750807,1.0,1.0,0.36689801169724845,1.2676074593115272,6.28053165030451e-11
107,0.4439201628025429,1.0,1.0,0.36689801169724845,1.2676074593485644,3.703726214610015e-11
107,0.4439189711258007,1.0,0.9999897844083934,0.36689801169724845,1.2676108621801585,7.154499215289434e-12
107,0.44391883872382926,1.0,0.9999886493426593,0.36689801169724845,1.267611240280965,3.3947955557778187e-11
107,0.4439201628209857,1.0,1.0,0.36689801169724845,1.2676074593115272,1.5625722937784303e-11
107,0.4439201628040635,1.0,1.0,0.36689801169724845,1.2676074593442224,3.269517989679116e-11
107,0.4439189711604625,1.0,0.9999897844083934,0.36689801169724845,1.2676108621801585,1.0613132594983199e-10
107,0.44392135454569986,1.0,1.0,0.36689801169724845,1.2676074593115272,3.4029587783201976e-06
107,0.44392029520297654,1.0,1.0,0.36689801169724845,1.2676074593115272,3.7803032926220226e-07
107,0.4439213544960462,1.0,1.0,0.36689801169724845,1.2676074593115272,3.402816993736124e-06
107,0.4439189711296716,1.0,1.0,0.36689801169724845,1.2676108621619506,3.402850423439574e-06
107,0.4439201628505453,1.0,1.0,0.36689801169724845,1.2676074593115272,1.00032870875566e-10
107,0.4439201628426054,1.0,1.0,0.36689801169724845,1.2676074593115272,7.736056240048583e-11
107,0.44391909029234894,1.0,0.9999908059675541,0.36689801169724845,1.2676105218929532,2.786437747204218e-12
107,0.4439201628467434,1.0,1.0,0.36689801169724845,1.2676074593115272,8.917666605157137e-11
107,0.4439201628467076,1.0,1.0,0.36689801169724845,1.2676074593115272,8.907430348870093e-11
108,0.4439201628159361,1.0,1.0,0.36689801169724845,1.2676074593115272,1.2068124277675452e-12
108,0.44392016281955715,1.0,1.0,0.36689801169724845,1.2676074593115272,1.1546763545311478e-11
108,0.44391909029234894,1.0,0.9999908059675541,0.36689801169724845,1.2676105218929532,2.786437747204218e-12
108,0.44392016281051166,1.0,1.0,0.36689801169724845,1.2676074593258098,1.4282575122592789e-11
108,0.4439201628209857,1.0,1.0,0.36689801169724845,1.2676074593115272,1.5625722937784303e-11
108,0.4439189711258007,1.0,0.9999897844083934,0.36689801169724845,1.2676108621801585,7.154499215289434e-12
108,0.44392016282247504,1.0,1.0,0.36689801169724845,1.2676074593115272,1.9878543255913428e-11
108,0.44392016280984925,1.0,1.0,0.36689801169724845,1.2676074593277014,1.617417311194913e-11
108,0.443918838716103,1.0,0.9999886493426593,0.36689801169724845,1.267611240280965,1.1885603612427076e-11
108,0.4439201628224751,1.0,1.0,0.36689801169724845,1.2676074593115272,1.9878765300518353e-11
108,0.4439201628224921,1.0,1.0,0.36689801169724845,1.2676074593115272,1.9927393068996935e-11
108,0.4439186915797115,1.0,0.9999873881585103,0.36689801169724845,1.2676116604175138,2.3535173809818843e-11
108,0.44392016282573415,1.0,1.0,0.36689801169724845,1.2676074593115272,2.9185098782136265e-11
108,0.4439201628281419,1.0,1.0,0.36689801169724845,1.2676074593115272,3.606026588443001e-11
108,0.4439201628040635,1.0,1.0,0.36689801169724845,1.2676074593442224,3.269517989679116e-11
108,0.4439201628281419,1.0,1.0,0.36689801169724845,1.2676074593115272,3.606026588443001e-11
108,0.4439201628040635,1.0,1.0,0.36689801169724845,1.2676074593442224,3.269517989679116e-11
108,0.4439201628345902,1.0,1.0,0.36689801169724845,1.2676074593115272,5.447331474783823e-11
108,0.4439201628025429,1.0,1.0,0.36689801169724845,1.2676074593485644,3.703726214610015e-11
108,0.44391883872382926,1.0,0.9999886493426593,0.36689801169724845,1.267611240280965,3.3947955557778187e-11
108,0.4439211280816496,1.0,1.0,0.36689801169724845,1.2676074593115272,2.7562971758321453e-06
108,0.44392016282020974,1.0,1.0,0.36689801169724845,1.2676074593115272,1.3410161869842341e-11
108,0.44391883873969645,1.0,0.9999886493426593,0.36689801169724845,1.267611240280965,7.92568233265456e-11
108,0.4439176470131985,1.0,0.9999784337510527,0.36689801169724845,1.2676146432268476,3.832245631940623e-11
108,0.4439201628209857,1.0,0.9999897844083934,0.36689801169724845,1.2676108621801585,3.4028842570421602e-06
108,0.4439201628112178,1.0,1.0,0.36689801169724845,1.2676074593237934,1.226618806526858e-11
108,0.4439201628150563,1.0,1.0,0.36689801169724845,1.2676074593128326,1.305400232354259e-12
108,0.443917499900547,1.0,0.9999771725669037,0.36689801169724845,1.2676150633484449,7.701950188732098e-11
108,0.44392016280592167,1.0,1.0,0.36689801169724845,1.2676074593389164,2.7389202017502612e-11
108,0.44392016280949553,1.0,1.0,0.36689801169724845,1.2676074593287112,1.7184031975148173e-11
108,0.4439201628332574,1.0,1.0,0.36689801169724845,1.2676074593115272,5.0667470219423194e-11
108,0.4439191975567248,1.0,0.9999917253707986,0.36689801169724845,1.2676102156297686,3.005951043633104e-11
108,0.4439188387173887,1.0,0.9999886493426593,0.36689801169724845,1.267611240280965,1.5556889110257544e-11
108,0.4439201628281419,1.0,0.9999897844083934,0.36689801169724845,1.2676108621801585,3.402904691585107e-06
108,0.44392135450833836,1.0,1.0,0.36689801169724845,1.2676074593115272,3.4028520936590922e-06
108,0.4439201628281419,1.0,1.0,0.36689801169724845,1.2676074593115272,3.606026588443001e-11
108,0.4439201628206459,1.0,1.0,0.36689801169724845,1.2676074593115272,1.465561005886684e-11
108,0.4439201628419957,1.0,1.0,0.36689801169724845,1.2676074593115272,7.561951065326866e-11
108,0.44391988326715226,1.0,0.9999976037501169,0.36689801169724845,1.267608257558239,4.920019947007859e-11
108,0.4439214869199246,1.0,1.0,0.36689801169724845,1.2676074593115272,3.78094927633299e-06
109,0.4439201628159361,1.0,1.0,0.36689801169724845,1.2676074593115272,1.2068124277675452e-12
109,0.44392016281955715,1.0,1.0,0.36689801169724845,1.2676074593115272,1.1546763545311478e-11
109,0.4439201628150563,1.0,1.0,0.36689801169724845,1.2676074593128326,1.305400232354259e-12
109,0.44392016282020974,1.0,1.0,0.36689801169724845,1.2676074593115272,1.3410161869842341e-11
109,0.44391909029234894,1.0,0.9999908059675541,0.36689801169724845,1.2676105218929532,2.786437747204218e-12
109,0.4439201628112178,1.0,1.0,0.36689801169724845,1.2676074593237934,1.226618806526858e-11
109,0.4439201628206459,1.0,1.0,0.36689801169724845,1.2676074593115272,1.465561005886684e-11
109,0.4439189711258007,1.0,0.9999897844083934,0.36689801169724845,1.2676108621801585,7.154499215289434e-12
109,0.44392016281051166,1.0,1.0,0.36689801169724845,1.2676074593258098,1.4282575122592789e-11
109,0.4439201628209857,1.0,1.0,0.36689801169724845,1.2676074593115272,1.5625722937784303e-11
109,0.443918838716103,1.0,0.9999886493426593,0.36689801169724845,1.267611240280965,1.1885603612427076e-11
109,0.44392016282247504,1.0,1.0,0.36689801169724845,1.2676074593115272,1.9878543255913428e-11
109,0.44392016280984925,1.0,1.0,0.36689801169724845,1.2676074593277014,1.617417311194913e-11
109,0.4439188387173887,1.0,0.9999886493426593,0.36689801169724845,1.267611240280965,1.5556889110257544e-11
109,0.4439201628224751,1.0,1.0,0.36689801169724845,1.2676074593115272,1.9878765300518353e-11
109,0.44392016280949553,1.0,1.0,0.36689801169724845,1.2676074593287112,1.7184031975148173e-11
109,0.4439201628224921,1.0,1.0,0.36689801169724845,1.2676074593115272,1.9927393068996935e-11
109,0.4439186915797115,1.0,0.9999873881585103,0.36689801169724845,1.2676116604175138,2.3535173809818843e-11
109,0.44392016282573415,1.0,1.0,0.36689801169724845,1.2676074593115272,2.9185098782136265e-11
109,0.44392016280592167,1.0,1.0,0.36689801169724845,1.2676074593389164,2.7389202017502612e-11
109,0.4439201628085282,1.0,1.0,0.36689801169724845,1.2676074593314735,1.9946266860415562e-11
109,0.44392148693308287,1.0,1.0,0.36689801169724845,1.2676074593115272,3.780986849166723e-06
109,0.44391883872644416,1.0,0.9999886493426593,0.36689801169724845,1.267611240280965,4.141487153219714e-11
109,0.4439214869266423,1.0,1.0,0.36689801169724845,1.2676074593115272,3.78096845832232e-06
109,0.4439201628062275,1.0,1.0,0.36689801169724845,1.2676074593380433,2.651612263093739e-11
109,0.4439186915797114,1.0,0.9999873881585103,0.36689801169724845,1.267611660417514,2.353539585442377e-11
109,0.4439188387167925,1.0,0.9999886493426593,0.36689801169724845,1.267611240280965,1.3854473124297328e-11
109,0.4439201628185635,1.0,1.0,0.36689801169724845,1.2676074593115272,8.709255538974503e-12
109,0.44392016281051166,1.0,1.0,0.36689801169724845,1.2676074593258098,1.4282575122592789e-11
109,0.4439201628209857,1.0,1.0,0.36689801169724845,1.2676074593115272,1.5625722937784303e-11
109,0.44391909029368937,1.0,0.9999908059675541,0.36689801169724845,1.2676105218901668,1.0411671524934718e-12
109,0.4439187062921935,1.0,0.9999875142769252,0.36689801169724845,1.2676116184059623,2.3332669130127215e-11
109,0.44391909029304727,1.0,0.9999908059675541,0.36689801169724845,1.267610521890959,7.922551503725117e-13
109,0.443920162808374,1.0,1.0,0.36689801169724845,1.267607459331914,2.0386803356586825e-11
109,0.4439213545009039,1.0,1.0,0.36689801169724845,1.2676074593115272,3.4028308648625938e-06
109,0.4439198039931618,1.0,0.9999969239718607,0.36689801169724845,1.2676084839457662,2.149480593516273e-11
109,0.4439202819779523,1.0,1.0,0.36689801169724845,1.2676074593115272,3.4026648965124195e-07
109,0.4439201628215502,1.0,1.0,0.36689801169724845,1.2676074593115272,1.723776676954003e-11
109,0.4439214869335589,1.0,1.0,0.36689801169724845,1.2676074593115272,3.7809882085237945e-06
109,0.4439203892281169,1.0,1.0,0.36689801169724845,1.2676074593115272,6.465175090841768e-07
110,0.4439201628159361,1.0,1.0,0.36689801169724845,1.2676074593115272,1.2068124277675452e-12
110,0.44391909029368937,1.0,0.9999908059675541,0.36689801169724845,1.2676105218901668,1.0411671524934718e-12
110,0.44391909029304727,1.0,0.9999908059675541,0.36689801169724845,1.267610521890959,7.922551503725117e-13
110,0.4439201628150563,1.0,1.0,0.36689801169724845,1.2676074593128326,1.305400232354259e-12
110,0.4439201628185635,1.0,1.0,0.36689801169724845,1.2676074593115272,8.709255538974503e-12
110,0.44391909029234894,1.0,0.9999908059675541,0.36689801169724845,1.2676105218929532,2.786437747204218e-12
110,0.44392016281955715,1.0,1.0,0.36689801169724845,1.2676074593115272,1.1546763545311478e-11
110,0.4439189711258007,1.0,0.9999897844083934,0.36689801169724845,1.2676108621801585,7.154499215289434e-12
110,0.44392016282020974,1.0,1.0,0.36689801169724845,1.2676074593115272,1.3410161869842341e-11
110,0.4439201628112178,1.0,1.0,0.36689801169724845,1.2676074593237934,1.226618806526858e-11
110,0.443918838716103,1.0,0.9999886493426593,0.36689801169724845,1.267611240280965,1.1885603612427076e-11
110,0.4439201628206459,1.0,1.0,0.36689801169724845,1.2676074593115272,1.465561005886684e-11
110,0.44392016281051166,1.0,1.0,0.36689801169724845,1.2676074593258098,1.4282575122592789e-11
110,0.44392016281051166,1.0,1.0,0.36689801169724845,1.2676074593258098,1.4282575122592789e-11
110,0.4439188387167925,1.0,0.9999886493426593,0.36689801169724845,1.267611240280965,1.3854473124297328e-11
110,0.4439201628209857,1.0,1.0,0.36689801169724845,1.2676074593115272,1.5625722937784303e-11
110,0.4439201628209857,1.0,1.0,0.36689801169724845,1.2676074593115272,1.5625722937784303e-11
110,0.4439188387173887,1.0,0.9999886493426593,0.36689801169724845,1.267611240280965,1.5556889110257544e-11
110,0.44392016280984925,1.0,1.0,0.36689801169724845,1.2676074593277014,1.617417311194913e-11
110,0.4439201628215502,1.0,1.0,0.36689801169724845,1.2676074593115272,1.723776676954003e-11
110,0.4439201628083317,1.0,1.0,0.36689801169724845,1.2676074593320348,2.050759562166604e-11
110,0.4439177662005526,1.0,0.9999794553102134,0.36689801169724845,1.2676143029291305,8.209743995735153e-11
110,0.4439200304045404,1.0,0.9999988649342659,0.36689801169724845,1.2676078374092143,4.6058712399599244e-12
110,0.4439201628117234,1.0,1.0,0.36689801169724845,1.2676074593223496,1.0822454044046026e-11
110,0.44391883871205223,1.0,0.9999886493426593,0.36689801169724845,1.267611240280965,3.1863400806741993e-13
110,0.44391909029234894,1.0,0.9999908059675541,0.36689801169724845,1.2676105218929532,2.786437747204218e-12
110,0.4439198039819143,1.0,1.0,0.36689801169724845,1.2676084839563884,1.0246448611805903e-06
110,0.4439189711275704,1.0,0.9999897844083934,0.36689801169724845,1.2676108621801585,1.2207790334173296e-11
110,0.4439201628189216,1.0,1.0,0.36689801169724845,1.2676074593115272,9.731770944654272e-12
110,0.4439200304017603,1.0,0.9999988649342659,0.36689801169724845,1.2676078374171529,1.2544409955239644e-11
110,0.4439211280828984,1.0,1.0,0.36689801169724845,1.2676074593115272,2.7563007416464558e-06
110,0.4439201628230118,1.0,1.0,0.36689801169724845,1.2676074593115272,2.141131716371092e-11
110,0.4439178985986528,1.0,0.9999805903759474,0.36689801169724845,1.2676139248213714,3.9123815298580666e-11
110,0.4439212353463124,1.0,1.0,0.36689801169724845,1.2676074593115272,3.062588427305002e-06
110,0.4439201628105195,1.0,1.0,0.36689801169724845,1.2676074593257873,1.426014861749536e-11
110,0.44391800586008273,1.0,0.999981509779192,0.36689801169724845,1.267613618554716,5.894507104642344e-11
110,0.44392112808597894,1.0,1.0,0.36689801169724845,1.2676074593115272,2.7563095381655245e-06
110,0.4439201628117143,1.0,1.0,0.36689801169724845,1.2676074593223756,1.0848433262822255e-11
110,0.44392135450998765,1.0,1.0,0.36689801169724845,1.2676074593115272,3.4028568032251627e-06
110,0.4439189711226442,1.0,0.9999897844083934,0.36689801169724845,1.2676108621820175,1.858957432432362e-12
111,0.4439201628159361,1.0,1.0,0.36689801169724845,1.2676074593115272,1.2068124277675452e-12
111,0.44391909029368937,1.0,0.9999908059675541,0.36689801169724845,1.2676105218901668,1.0411671524934718e-12
111,0.44391909029304727,1.0,0.9999908059675541,0.36689801169724845,1.267610521890959,7.922551503725117e-13
111,0.44391883871205223,1.0,0.9999886493426593,0.36689801169724845,1.267611240280965,3.1863400806741993e-13
111,0.4439201628150563,1.0,1.0,0.36689801169724845,1.2676074593128326,1.305400232354259e-12
111,0.4439201628185635,1.0,1.0,0.36689801169724845,1.2676074593115272,8.709255538974503e-12
111,0.44391909029234894,1.0,0.9999908059675541,0.36689801169724845,1.2676105218929532,2.786437747204218e-12
111,0.4439200304045404,1.0,0.9999988649342659,0.36689801169724845,1.2676078374092143,4.6058712399599244e-12
111,0.44391909029234894,1.0,0.9999908059675541,0.36689801169724845,1.2676105218929532,2.786437747204218e-12
111,0.4439189711226442,1.0,0.9999897844083934,0.36689801169724845,1.2676108621820175,1.858957432432362e-12
111,0.4439201628189216,1.0,1.0,0.36689801169724845,1.2676074593115272,9.731770944654272e-12
111,0.4439189711258007,1.0,0.9999897844083934,0.36689801169724845,1.2676108621801585,7.154499215289434e-12
111,0.44392016281955715,1.0,1.0,0.36689801169724845,1.2676074593115272,1.1546763545311478e-11
111,0.4439201628117234,1.0,1.0,0.36689801169724845,1.2676074593223496,1.0822454044046026e-11
111,0.44392016282020974,1.0,1.0,0.36689801169724845,1.2676074593115272,1.3410161869842341e-11
111,0.4439201628117143,1.0,1.0,0.36689801169724845,1.2676074593223756,1.0848433262822255e-11
111,0.4439201628206459,1.0,1.0,0.36689801169724845,1.2676074593115272,1.465561005886684e-11
111,0.4439201628112178,1.0,1.0,0.36689801169724845,1.2676074593237934,1.226618806526858e-11
111,0.443918838716103,1.0,0.9999886493426593,0.36689801169724845,1.267611240280965,1.1885603612427076e-11
111,0.4439189711275704,1.0,0.9999897844083934,0.36689801169724845,1.2676108621801585,1.2207790334173296e-11
111,0.44391931671967355,1.0,0.9999927469299593,0.36689801169724845,1.2676098753410978,1.08142383936638e-11
111,0.44391993639994215,1.0,0.9999908059675541,0.36689801169724845,1.2676105218901668,2.4160519960236826e-06
111,0.4439190902932425,1.0,0.9999908059675541,0.36689801169724845,1.2676105218904017,2.349231920106831e-13
111,0.4439201628137125,1.0,0.9999886493426593,0.36689801169724845,1.267611240280965,3.780964294985978e-06
111,0.443920162817935,1.0,1.0,0.36689801169724845,1.2676074593115272,6.9146910419704e-12
111,0.443920281986045,1.0,1.0,0.36689801169724845,1.2676074593115272,3.402895980553211e-07
111,0.44391871954558754,1.0,0.9999876277834986,0.36689801169724845,1.2676115805724244,1.1580070236050233e-11
111,0.4439189711218736,1.0,0.9999897844083934,0.36689801169724845,1.267610862184218,4.059419467239422e-12
111,0.44391777942646177,1.0,0.9999795688167867,0.36689801169724845,1.267614265118316,3.807754112017392e-11
111,0.44392016281251523,1.0,1.0,0.36689801169724845,1.2676074593200886,8.561373832094432e-12
111,0.4439180177658804,1.0,0.9999816119351082,0.36689801169724845,1.2676135845251224,2.6509905381999488e-11
111,0.4439201628195818,1.0,1.0,0.36689801169724845,1.2676074593115272,1.1616929640467788e-11
111,0.44391897111972817,1.0,0.9999897844083934,0.36689801169724845,1.2676108621903441,1.0185630117121036e-11
111,0.4439179926110799,1.0,0.9999813962726186,0.36689801169724845,1.2676136563653837,3.6912251033527355e-11
111,0.4439200555591575,1.0,0.9999990805967554,0.36689801169724845,1.2676077655805387,1.3681722421665654e-11
111,0.4439188519523881,1.0,0.9999887628492327,0.36689801169724845,1.2676112024728388,1.993072373807081e-12
111,0.4439200555681356,1.0,0.9999990805967554,0.36689801169724845,1.267607765566857,1.195510357376861e-11
111,0.44392111616258007,1.0,1.0,0.36689801169724845,1.2676074593115272,2.7222625962330937e-06
111,0.44391919755233283,1.0,0.9999917253707986,0.36689801169724845,1.2676102156297686,1.7518209105560345e-11
111,0.44392112808295187,1.0,1.0,0.36689801169724845,1.2676074593115272,2.756300894413144e-06
112,0.4439201628159361,1.0,1.0,0.36689801169724845,1.2676074593115272,1.2068124277675452e-12
112,0.44391909029368937,1.0,0.9999908059675541,0.36689801169724845,1.2676105218901668,1.0411671524934718e-12
112,0.4439190902932425,1.0,0.9999908059675541,0.36689801169724845,1.2676105218904017,2.349231920106831e-13
112,0.4439201628150563,1.0,1.0,0.36689801169724845,1.2676074593128326,1.305400232354259e-12
112,0.443920162817935,1.0,1.0,0.36689801169724845,1.2676074593115272,6.9146910419704e-12
112,0.44391909029304727,1.0,0.9999908059675541,0.36689801169724845,1.267610521890959,7.922551503725117e-13
112,0.44391883871205223,1.0,0.9999886493426593,0.36689801169724845,1.267611240280965,3.1863400806741993e-13
112,0.4439200304045404,1.0,0.9999988649342659,0.36689801169724845,1.2676078374092143,4.6058712399599244e-12
112,0.4439201628185635,1.0,1.0,0.36689801169724845,1.2676074593115272,8.709255538974503e-12
112,0.44392016281251523,1.0,1.0,0.36689801169724845,1.2676074593200886,8.561373832094432e-12
112,0.44391909029234894,1.0,0.9999908059675541,0.36689801169724845,1.2676105218929532,2.786437747204218e-12
112,0.44391909029234894,1.0,0.9999908059675541,0.36689801169724845,1.2676105218929532,2.786437747204218e-12
112,0.4439189711226442,1.0,0.9999897844083934,0.36689801169724845,1.2676108621820175,1.858957432432362e-12
112,0.4439201628189216,1.0,1.0,0.36689801169724845,1.2676074593115272,9.731770944654272e-12
112,0.4439189711258007,1.0,0.9999897844083934,0.36689801169724845,1.2676108621801585,7.154499215289434e-12
112,0.4439189711218736,1.0,0.9999897844083934,0.36689801169724845,1.267610862184218,4.059419467239422e-12
112,0.4439188519523881,1.0,0.9999887628492327,0.36689801169724845,1.2676112024728388,1.993072373807081e-12
112,0.44392016281955715,1.0,1.0,0.36689801169724845,1.2676074593115272,1.1546763545311478e-11
112,0.44391897111972817,1.0,0.9999897844083934,0.36689801169724845,1.2676108621903441,1.0185630117121036e-11
112,0.44391931671967355,1.0,0.9999927469299593,0.36689801169724845,1.2676098753410978,1.08142383936638e-11
112,0.4439190902979797,1.0,0.9999908059675541,0.36689801169724845,1.2676105218901668,1.329225618462715e-11
112,0.4439191975427994,1.0,0.9999917253707986,0.36689801169724845,1.267610215639473,9.704459458248493e-12
112,0.44391909029505516,1.0,0.9999908059675541,0.36689801169724845,1.2676105218901668,4.941158593396722e-12
112,0.4439201628150563,1.0,0.9999908059675541,0.36689801169724845,1.2676105218901668,3.0625773341785845e-06
112,0.4439186600852426,1.0,0.999987118138984,0.36689801169724845,1.2676117503501063,9.793721389428356e-12
112,0.4439180058490511,1.0,0.999981509779192,0.36689801169724845,1.267613618554716,2.7444047034919095e-11
112,0.44392016281562197,1.0,1.0,0.36689801169724845,1.2676074593115272,3.097522238704187e-13
112,0.44392005555635233,1.0,0.9999988649342659,0.36689801169724845,1.2676078374046085,7.181605976569472e-08
112,0.44392005556966374,1.0,0.9999990805967554,0.36689801169724845,1.267607765566857,1.6318724149755326e-11
112,0.4439209243045713,1.0,1.0,0.36689801169724845,1.2676074593115272,2.1744170073390023e-06
112,0.44391812502437905,1.0,0.9999825313383527,0.36689801169724845,1.2676132782590925,3.842171025780772e-11
112,0.44391992448213174,1.0,0.9999979568816787,0.36689801169724845,1.2676081398796915,1.035393992765421e-11
112,0.44391776619400913,1.0,0.9999794553102134,0.36689801169724845,1.2676143029291305,6.341238645291014e-11
112,0.4439201628214694,1.0,1.0,0.36689801169724845,1.2676074593115272,1.7007062425022923e-11
112,0.44391897112209283,1.0,0.9999897844083934,0.36689801169724845,1.267610862183592,3.433475725955759e-12
112,0.44391993638667143,1.0,0.9999980590375948,0.36689801169724845,1.267608105876065,2.484790151413563e-11
112,0.44392016281309526,1.0,1.0,0.36689801169724845,1.2676074593184323,6.905143123958624e-12
112,0.44391992447820466,1.0,0.9999979568816787,0.36689801169724845,1.2676081398805514,8.599787548746463e-13
112,0.44391919754589415,1.0,0.9999917253707986,0.36689801169724845,1.267610215630636,8.673062268371723e-13
112,0.44391931671967355,1.0,0.9999897844083934,0.36689801169724845,1.2676108621801585,9.86849874928808e-07
113,0.4439190902932425,1.0,0.9999908059675541,0.36689801169724845,1.2676105218904017,2.349231920106831e-13
113,0.44392016281562197,1.0,1.0,0.36689801169724845,1.2676074593115272,3.097522238704187e-13
113,0.4439201628159361,1.0,1.0,0.36689801169724845,1.2676074593115272,1.2068124277675452e-12
113,0.44391909029304727,1.0,0.9999908059675541,0.36689801169724845,1.267610521890959,7.922551503725117e-13
113,0.44391883871205223,1.0,0.9999886493426593,0.36689801169724845,1.267611240280965,3.1863400806741993e-13
113,0.44391992447820466,1.0,0.9999979568816787,0.36689801169724845,1.2676081398805514,8.599787548746463e-13
113,0.4439201628150563,1.0,1.0,0.36689801169724845,1.2676074593128326,1.305400232354259e-12
113,0.443920162817935,1.0,1.0,0.36689801169724845,1.2676074593115272,6.9146910419704e-12
113,0.44391919754589415,1.0,0.9999917253707986,0.36689801169724845,1.267610215630636,8.673062268371723e-13
113,0.4439200304045404,1.0,0.9999988649342659,0.36689801169724845,1.2676078374092143,4.6058712399599244e-12
113,0.44392016281309526,1.0,1.0,0.36689801169724845,1.2676074593184323,6.905143123958624e-12
113,0.4439201628185635,1.0,1.0,0.36689801169724845,1.2676074593115272,8.709255538974503e-12
113,0.44391909029368937,1.0,0.9999908059675541,0.36689801169724845,1.2676105218901668,1.0411671524934718e-12
113,0.44392016281251523,1.0,1.0,0.36689801169724845,1.2676074593200886,8.561373832094432e-12
113,0.4439201628189216,1.0,1.0,0.36689801169724845,1.2676074593115272,9.731770944654272e-12
113,0.44391909029234894,1.0,0.9999908059675541,0.36689801169724845,1.2676105218929532,2.786437747204218e-12
113,0.44391909029234894,1.0,0.9999908059675541,0.36689801169724845,1.2676105218929532,2.786437747204218e-12
113,0.4439189711226442,1.0,0.9999897844083934,0.36689801169724845,1.2676108621820175,1.858957432432362e-12
113,0.44391909029505516,1.0,0.9999908059675541,0.36689801169724845,1.2676105218901668,4.941158593396722e-12
113,0.44392016281955715,1.0,1.0,0.36689801169724845,1.2676074593115272,1.1546763545311478e-11
113,0.4439188757857037,1.0,0.9999889671610649,0.36689801169724845,1.2676111344167604,4.107825191113079e-12
113,0.44391812502090044,1.0,0.9999825313383528,0.36689801169724845,1.2676132782590925,2.8488544856486442e-11
113,0.4439199244798361,1.0,0.9999979568816787,0.36689801169724845,1.2676081398796915,3.7985170564525106e-12
113,0.4439198398678368,1.0,0.9999972315746747,0.36689801169724845,1.2676083814845103,2.4515944829772707e-12
113,0.443918232276086,1.0,0.9999834507415972,0.36689801169724845,1.2676129719936258,3.1355140706068596e-11
113,0.44391909029125376,1.0,0.9999908059675541,0.36689801169724845,1.2676105218960805,5.913713962968359e-12
113,0.44392016281291957,1.0,1.0,0.36689801169724845,1.267607459318934,7.40674188648427e-12
113,0.44391993639655963,1.0,0.9999980590375948,0.36689801169724845,1.2676081058512172,3.3877345373412027e-12
113,0.4439202700652495,1.0,1.0,0.36689801169724845,1.2676074593115272,3.062499602801694e-07
113,0.44391897111967454,1.0,0.9999897844083934,0.36689801169724845,1.2676108621904973,1.0338840894519308e-11
113,0.4439190902907175,1.0,0.9999908059675541,0.36689801169724845,1.2676105218976117,7.444933558531375e-12
113,0.4439190902886915,1.0,0.9999908059675541,0.36689801169724845,1.267610521903397,1.3230305739853065e-11
113,0.4439190902995802,1.0,0.9999908059675541,0.36689801169724845,1.2676105218901668,1.7862378243194144e-11
113,0.4439211400074722,1.0,1.0,0.36689801169724845,1.2676074593115272,2.7903510366744655e-06
113,0.4439191975469067,1.0,1.0,0.36689801169724845,1.2676102156277447,2.7563162174892852e-06
113,0.44391887579228784,1.0,0.9999889671610649,0.36689801169724845,1.2676111344126526,1.4693135597099172e-11
113,0.4439181250200198,1.0,0.9999825313383528,0.36689801169724845,1.2676132782590925,2.5973889705710462e-11
113,0.4439201628242727,1.0,1.0,0.36689801169724845,1.2676074593115272,2.5011770432570302e-11
113,0.44391909029505516,1.0,0.9999908059675541,0.36689801169724845,1.2676105218901668,4.941158593396722e-12
113,0.443919197542198,1.0,1.0,0.36689801169724845,1.2676102156411904,2.756329663178292e-06
114,0.4439190902932425,1.0,0.9999908059675541,0.36689801169724845,1.2676105218904017,2.349231920106831e-13
114,0.44392016281562197,1.0,1.0,0.36689801169724845,1.2676074593115272,3.097522238704187e-13
114,0.4439201628159361,1.0,1.0,0.36689801169724845,1.2676074593115272,1.2068124277675452e-12
114,0.44391909029304727,1.0,0.9999908059675541,0.36689801169724845,1.267610521890959,7.922551503725117e-13
114,0.44391883871205223,1.0,0.9999886493426593,0.36689801169724845,1.267611240280965,3.1863400806741993e-13
114,0.44391992447820466,1.0,0.9999979568816787,0.36689801169724845,1.2676081398805514,8.599787548746463e-13
114,0.4439201628150563,1.0,1.0,0.36689801169724845,1.2676074593128326,1.305400232354259e-12
114,0.443920162817935,1.0,1.0,0.36689801169724845,1.2676074593115272,6.9146910419704e-12
114,0.44391919754589415,1.0,0.9999917253707986,0.36689801169724845,1.267610215630636,8.673062268371723e-13
114,0.4439200304045404,1.0,0.9999988649342659,0.36689801169724845,1.2676078374092143,4.6058712399599244e-12
114,0.44392016281309526,1.0,1.0,0.36689801169724845,1.2676074593184323,6.905143123958624e-12
114,0.4439198398678368,1.0,0.9999972315746747,0.36689801169724845,1.2676083814845103,2.4515944829772707e-12
114,0.44391993639655963,1.0,0.9999980590375948,0.36689801169724845,1.2676081058512172,3.3877345373412027e-12
114,0.4439201628185635,1.0,1.0,0.36689801169724845,1.2676074593115272,8.709255538974503e-12
114,0.44391909029368937,1.0,0.9999908059675541,0.36689801169724845,1.2676105218901668,1.0411671524934718e-12
114,0.4439201628189216,1.0,1.0,0.36689801169724845,1.2676074593115272,9.731770944654272e-12
114,0.4439189711226442,1.0,0.9999897844083934,0.36689801169724845,1.2676108621820175,1.858957432432362e-12
114,0.4439199244798361,1.0,0.9999979568816787,0.36689801169724845,1.2676081398796915,3.7985170564525106e-12
114,0.44392016281291957,1.0,1.0,0.36689801169724845,1.267607459318934,7.40674188648427e-12
114,0.44391909029234894,1.0,0.9999908059675541,0.36689801169724845,1.2676105218929532,2.786437747204218e-12
114,0.44391993639593114,1.0,0.9999908059675541,0.36689801169724845,1.2676105218901668,2.416040542740916e-06
114,0.44391888651704237,1.0,0.9999890591013894,0.36689801169724845,1.2676111037864748,1.3069989535097193e-11
114,0.4439201628159361,1.0,1.0,0.36689801169724845,1.2676074593115272,1.2068124277675452e-12
114,0.44391999133490173,1.0,0.9999985299763678,0.36689801169724845,1.2676079489800407,7.974954030487424e-12
114,0.4439200411295916,1.0,0.9999989568745904,0.36689801169724845,1.2676078067839718,4.934941344458821e-12
114,0.443920162823843,1.0,0.9999979568816787,0.36689801169724845,1.2676081398796915,6.805919490204815e-07
114,0.4439202593433226,1.0,1.0,0.36689801169724845,1.2676074593115272,2.7563367077654277e-07
114,0.4439184253276436,1.0,0.9999851056674376,0.36689801169724845,1.267612420717205,1.535549465359054e-11
114,0.4439209016657899,1.0,0.9999917253707986,0.36689801169724845,1.2676102156297686,4.866090761890263e-06
114,0.4439195847233469,1.0,0.9999950444165115,0.36689801169724845,1.2676091100473048,1.2887468869848817e-11
114,0.443919089101773,1.0,0.9999907957519625,0.36689801169724845,1.2676105252930632,4.2166270475263445e-13
114,0.4439188494371034,1.0,0.9999887412829838,0.36689801169724845,1.2676112096552394,4.718447854656915e-13
114,0.4439201628199777,1.0,1.0,0.36689801169724845,1.2676074593115272,1.2747580768746047e-11
114,0.44392112808334383,1.0,1.0,0.36689801169724845,1.2676074593115272,2.7563020137399974e-06
114,0.4439190676502064,1.0,0.9999906118713134,0.36689801169724845,1.267610586547572,2.3601121057481578e-12
114,0.44392016281258617,1.0,1.0,0.36689801169724845,1.267607459319886,8.358869152402804e-12
114,0.44391930479753156,1.0,0.9999926447740433,0.36689801169724845,1.2676099093739144,3.980815677095961e-12
114,0.443920162815232,1.0,1.0,0.36689801169724845,1.267607459312331,8.038014698286133e-13
114,0.44391897112246853,1.0,0.9999897844083934,0.36689801169724845,1.267610862182519,2.360556194958008e-12
114,0.4439196457405833,1.0,0.999995567454802,0.36689801169724845,1.2676089358130593,5.3717030823463574e-12
115,0.4439190902932425,1.0,0.9999908059675541,0.36689801169724845,1.2676105218904017,2.349231920106831e-13
115,0.44392016281562197,1.0,1.0,0.36689801169724845,1.2676074593115272,3.097522238704187e-13
115,0.4439201628159361,1.0,1.0,0.36689801169724845,1.2676074593115272,1.2068124277675452e-12
115,0.44391909029304727,1.0,0.9999908059675541,0.36689801169724845,1.267610521890959,7.922551503725117e-13
115,0.44391883871205223,1.0,0.9999886493426593,0.36689801169724845,1.267611240280965,3.1863400806741993e-13
115,0.4439201628159361,1.0,1.0,0.36689801169724845,1.2676074593115272,1.2068124277675452e-12
115,0.443919089101773,1.0,0.9999907957519625,0.36689801169724845,1.2676105252930632,4.2166270475263445e-13
115,0.443920162815232,1.0,1.0,0.36689801169724845,1.267607459312331,8.038014698286133e-13
115,0.443920162817935,1.0,1.0,0.36689801169724845,1.2676074593115272,6.9146910419704e-12
115,0.4439188494371034,1.0,0.9999887412829838,0.36689801169724845,1.2676112096552394,4.718447854656915e-13
115,0.44391992447820466,1.0,0.9999979568816787,0.36689801169724845,1.2676081398805514,8.599787548746463e-13
115,0.4439201628150563,1.0,1.0,0.36689801169724845,1.2676074593128326,1.305400232354259e-12
115,0.4439201628185635,1.0,1.0,0.36689801169724845,1.2676074593115272,8.709255538974503e-12
115,0.44391919754589415,1.0,0.9999917253707986,0.36689801169724845,1.267610215630636,8.673062268371723e-13
115,0.4439200304045404,1.0,0.9999988649342659,0.36689801169724845,1.2676078374092143,4.6058712399599244e-12
115,0.44392016281309526,1.0,1.0,0.36689801169724845,1.2676074593184323,6.905143123958624e-12
115,0.4439198398678368,1.0,0.9999972315746747,0.36689801169724845,1.2676083814845103,2.4515944829772707e-12
115,0.44391993639655963,1.0,0.9999980590375948,0.36689801169724845,1.2676081058512172,3.3877345373412027e-12
115,0.4439200411295916,1.0,0.9999989568745904,0.36689801169724845,1.2676078067839718,4.934941344458821e-12
115,0.4439201628189216,1.0,1.0,0.36689801169724845,1.2676074593115272,9.731770944654272e-12
115,0.44391993639602606,1.0,0.9999980590375948,0.36689801169724845,1.2676081058512172,1.864064458345638e-12
115,0.44391811191223585,1.0,0.999982418966845,0.36689801169724845,1.267613315691577,2.9030555737108443e-11
115,0.4439203785138246,1.0,1.0,0.36689801169724845,1.2676074593115272,6.159230365732071e-07
115,0.44391909029304727,1.0,1.0,0.36689801169724845,1.267610521890959,3.062579431833967e-06
115,0.44391890689260477,1.0,0.9999892337880059,0.36689801169724845,1.2676110455967524,5.796474411567942e-12
115,0.4439207932209597,1.0,1.0,0.36689801169724845,1.2676074593115272,1.8001108674781108e-06
115,0.4439203665960619,1.0,1.0,0.36689801169724845,1.2676074593115272,5.818920736366806e-07
115,0.443920162815232,1.0,0.9999833393916487,0.36689801169724845,1.267613009085747,5.549773415935988e-06
115,0.4439209146547246,1.0,1.0,0.36689801169724845,1.2676074593115272,2.1468621067555205e-06
115,0.4439203665951821,1.0,1.0,0.36689801169724845,1.2676074593115272,5.818895614240205e-07
115,0.44391919754668596,1.0,0.9999917253707986,0.36689801169724845,1.2676102156297686,1.3937739851144215e-12
115,0.4439202819879912,1.0,1.0,0.36689801169724845,1.2676074593115272,3.402951556097378e-07
115,0.4439182215504875,1.0,0.9999833588012729,0.36689801169724845,1.267613002620147,3.082134547582882e-11
115,0.4439191845515457,1.0,0.9999916140208501,0.36689801169724845,1.267610252735968,1.469224741867947e-11
115,0.44391909029592946,1.0,0.9999908059675541,0.36689801169724845,1.2676105218901668,7.437828131173774e-12
115,0.44392024610274305,1.0,1.0,0.36689801169724845,1.2676074593115272,2.3782540714556433e-07
115,0.44391883870835797,1.0,0.9999972315746747,0.36689801169724845,1.2676112402911954,2.858809136752072e-06
115,0.44391994938554685,1.0,0.9999981703875434,0.36689801169724845,1.2676080687601883,2.256417275248168e-12
115,0.44392023896789456,1.0,1.0,0.36689801169724845,1.2676074593115272,2.1745196021605295e-07
115,0.44391798069406563,1.0,0.9999812941167026,0.36689801169724845,1.267613690394992,3.732902875697164e-11
116,0.4439190902932425,1.0,0.9999908059675541,0.36689801169724845,1.2676105218904017,2.349231920106831e-13
116,0.44392016281562197,1.0,1.0,0.36689801169724845,1.2676074593115272,3.097522238704187e-13
116,0.4439201628159361,1.0,1.0,0.36689801169724845,1.2676074593115272,1.2068124277675452e-12
116,0.44391909029304727,1.0,0.9999908059675541,0.36689801169724845,1.267610521890959,7.922551503725117e-13
116,0.44391883871205223,1.0,0.9999886493426593,0.36689801169724845,1.267611240280965,3.1863400806741993e-13
116,0.4439201628159361,1.0,1.0,0.36689801169724845,1.2676074593115272,1.2068124277675452e-12
116,0.443919089101773,1.0,0.9999907957519625,0.36689801169724845,1.2676105252930632,4.2166270475263445e-13
116,0.443920162815232,1.0,1.0,0.36689801169724845,1.267607459312331,8.038014698286133e-13
116,0.443920162817935,1.0,1.0,0.36689801169724845,1.2676074593115272,6.9146910419704e-12
116,0.4439188494371034,1.0,0.9999887412829838,0.36689801169724845,1.2676112096552394,4.718447854656915e-13
116,0.44391992447820466,1.0,0.9999979568816787,0.36689801169724845,1.2676081398805514,8.599787548746463e-13
116,0.4439201628150563,1.0,1.0,0.36689801169724845,1.2676074593128326,1.305400232354259e-12
116,0.4439201628185635,1.0,1.0,0.36689801169724845,1.2676074593115272,8.709255538974503e-12
116,0.44391919754589415,1.0,0.9999917253707986,0.36689801169724845,1.267610215630636,8.673062268371723e-13
116,0.4439200304045404,1.0,0.9999988649342659,0.36689801169724845,1.2676078374092143,4.6058712399599244e-12
116,0.44392016281309526,1.0,1.0,0.36689801169724845,1.2676074593184323,6.905143123958624e-12
116,0.4439200411295916,1.0,0.9999989568745904,0.36689801169724845,1.2676078067839718,4.934941344458821e-12
116,0.44391993639602606,1.0,0.9999980590375948,0.36689801169724845,1.2676081058512172,1.864064458345638e-12
116,0.44391919754668596,1.0,0.9999917253707986,0.36689801169724845,1.2676102156297686,1.3937739851144215e-12
116,0.44391994938554685,1.0,0.9999981703875434,0.36689801169724845,1.2676080687601883,2.256417275248168e-12
116,0.4439190902932425,1.0,1.0,0.36689801169724845,1.2676105218904017,3.062578874502009e-06
116,0.4439191878941399,1.0,0.9999916426245066,0.36689801169724845,1.2676102431931815,1.9837465004002297e-12
116,0.4439201628159361,1.0,0.9999925528337188,0.36689801169724845,1.2676099399958918,2.4806855714043508e-06
116,0.4439194109764435,1.0,0.9999935549832554,0.36689801169724845,1.267609606180503,7.251088618431822e-12
116,0.44392099567258364,1.0,1.0,0.36689801169724845,1.2676074593115272,2.3782065785571405e-06
116,0.44391971817879483,1.0,0.999996188449265,0.36689801169724845,1.26760872896637,1.4877654663791873e-11
116,0.4439198147093267,1.0,0.9999970159121851,0.36689801169724845,1.2676084533243723,4.296563105299356e-12
116,0.44392113035555464,1.0,1.0,0.36689801169724845,1.2676074593115272,2.762790249688507e-06
116,0.44392099567485765,1.0,1.0,0.36689801169724845,1.2676074593115272,2.378213072029567e-06
116,0.4439193070632219,1.0,0.9999926641836673,0.36689801169724845,1.2676099029044543,2.1005419625907962e-13
116,0.44392036659506223,1.0,1.0,0.36689801169724845,1.2676074593115272,5.818892190312397e-07
116,0.44392005330050766,1.0,0.9999990611871313,0.36689801169724845,1.2676077720322534,2.170486013142181e-12
116,0.44391817374693354,1.0,0.9999829490425428,0.36689801169724845,1.2676131391161933,2.3318014186202163e-11
116,0.4439202819833514,1.0,1.0,0.36689801169724845,1.2676074593115272,3.402819064302065e-07
116,0.4439187411123432,1.0,0.9999878126857068,0.36689801169724845,1.2676115189796187,2.723377079405509e-12
116,0.4439202711445215,1.0,1.0,0.36689801169724845,1.2676074593115272,3.093318039493198e-07
116,0.44392004364846077,1.0,0.9999989568745904,0.36689801169724845,1.2676078067790368,7.187662465213407e-09
116,0.4439199483142594,1.0,0.9999981611935108,0.36689801169724845,1.26760807182275,5.7698290589769385e-12
116,0.4439189830428001,1.0,0.9999898865643095,0.36689801169724845,1.267610828151128,7.121192524550679e-12
116,0.44391994938554685,1.0,1.0,0.36689801169724845,1.2676080687579319,6.094464046757508e-07
117,0.44392016281562197,1.0,1.0,0.36689801169724845,1.2676074593115272,3.097522238704187e-13
117,0.4439193070632219,1.0,0.9999926641836673,0.36689801169724845,1.2676099029044543,2.1005419625907962e-13
117,0.4439201628159361,1.0,1.0,0.36689801169724845,1.2676074593115272,1.2068124277675452e-12
117,0.4439201628159361,1.0,1.0,0.36689801169724845,1.2676074593115272,1.2068124277675452e-12
117,0.443920162815232,1.0,1.0,0.36689801169724845,1.267607459312331,8.038014698286133e-13
117,0.4439190902932425,1.0,0.9999908059675541,0.36689801169724845,1.2676105218904017,2.349231920106831e-13
117,0.443920162817935,1.0,1.0,0.36689801169724845,1.2676074593115272,6.9146910419704e-12
117,0.44391992447820466,1.0,0.9999979568816787,0.36689801169724845,1.2676081398805514,8.599787548746463e-13
117,0.4439201628150563,1.0,1.0,0.36689801169724845,1.2676074593128326,1.305400232354259e-12
117,0.44391909029304727,1.0,0.9999908059675541,0.36689801169724845,1.267610521890959,7.922551503725117e-13
117,0.44391883871205223,1.0,0.9999886493426593,0.36689801169724845,1.267611240280965,3.1863400806741993e-13
117,0.443919089101773,1.0,0.9999907957519625,0.36689801169724845,1.2676105252930632,4.2166270475263445e-13
117,0.4439201628185635,1.0,1.0,0.36689801169724845,1.2676074593115272,8.709255538974503e-12
117,0.44391919754589415,1.0,0.9999917253707986,0.36689801169724845,1.267610215630636,8.673062268371723e-13
117,0.44392016281309526,1.0,1.0,0.36689801169724845,1.2676074593184323,6.905143123958624e-12
117,0.44391993639602606,1.0,0.9999980590375948,0.36689801169724845,1.2676081058512172,1.864064458345638e-12
117,0.44391919754668596,1.0,0.9999917253707986,0.36689801169724845,1.2676102156297686,1.3937739851144215e-12
117,0.44392005330050766,1.0,0.9999990611871313,0.36689801169724845,1.2676077720322534,2.170486013142181e-12
117,0.4439188494371034,1.0,0.9999887412829838,0.36689801169724845,1.2676112096552394,4.718447854656915e-13
117,0.4439202711445215,1.0,1.0,0.36689801169724845,1.2676074593115272,3.093318039493198e-07
117,0.4439190676519019,1.0,0.9999906118713136,0.36689801169724845,1.2676105865452116,2.481348460037225e-12
117,0.4439188626788775,1.0,0.9999888547895572,0.36689801169724845,1.2676111718446552,1.3282708266615373e-12
117,0.44391812395128755,1.0,1.0,0.36689801169724845,1.2676132812848957,5.821973368513866e-06
117,0.44391919647774497,1.0,0.9999917161767662,0.36689801169724845,1.26761021869237,1.163646956570119e-11
117,0.4439201628182177,1.0,1.0,0.36689801169724845,1.2676074593115272,7.722045225477814e-12
117,0.4439199363985828,1.0,0.9999980590375948,0.36689801169724845,1.2676081058512172,9.164891068280667e-12
117,0.44392037958628555,1.0,1.0,0.36689801169724845,1.2676074593115272,6.189854300231445e-07
117,0.44391874422307,1.0,0.9999878393484009,0.36689801169724845,1.267611510098006,3.802069770131311e-12
117,0.4439201628150563,1.0,0.9999916406835443,0.36689801169724845,1.2676102438397305,2.7845268979476145e-06
117,0.44391909029304727,1.0,0.999986994416819,0.36689801169724845,1.2676117915534784,1.2696625193431288e-06
117,0.44391883871205223,1.0,0.9999934722369634,0.36689801169724845,1.2676112402806463,1.606544082655148e-06
117,0.4439191010191238,1.0,0.9999908979078785,0.36689801169724845,1.2676104912641017,1.4426237981979284e-12
117,0.4439183288042819,1.0,0.9999842782045174,0.36689801169724845,1.2676126963551875,3.008926441339099e-11
117,0.44392111617349916,1.0,1.0,0.36689801169724845,1.2676074593115272,2.7222937755144727e-06
117,0.44391983986516426,1.0,0.9999972315746746,0.36689801169724845,1.2676083814921417,1.0083045509645672e-11
117,0.44391993639602606,1.0,1.0,0.36689801169724845,1.2676081058493531,6.465378259434829e-07
117,0.4439201628180547,1.0,1.0,0.36689801169724845,1.2676074593115272,7.256417688950023e-12
117,0.443919089099974,1.0,0.9999907957519625,0.36689801169724845,1.2676105252977785,4.715339230187965e-12
117,0.4439188494371034,1.0,0.999990396208824,0.36689801169724845,1.2676112096552394,5.512710594679504e-07
117,0.44391941097626786,1.0,0.9999935549832554,0.36689801169724845,1.2676096061810045,7.752687380957468e-12
118,0.44392016281562197,1.0,1.0,0.36689801169724845,1.2676074593115272,3.097522238704187e-13
118,0.4439193070632219,1.0,0.9999926641836673,0.36689801169724845,1.2676099029044543,2.1005419625907962e-13
118,0.4439201628159361,1.0,1.0,0.36689801169724845,1.2676074593115272,1.2068124277675452e-12
118,0.4439201628159361,1.0,1.0,0.36689801169724845,1.2676074593115272,1.2068124277675452e-12
118,0.443920162815232,1.0,1.0,0.36689801169724845,1.267607459312331,8.038014698286133e-13
118,0.4439190902932425,1.0,0.9999908059675541,0.36689801169724845,1.2676105218904017,2.349231920106831e-13
118,0.443920162817935,1.0,1.0,0.36689801169724845,1.2676074593115272,6.9146910419704e-12
118,0.44391992447820466,1.0,0.9999979568816787,0.36689801169724845,1.2676081398805514,8.599787548746463e-13
118,0.4439201628150563,1.0,1.0,0.36689801169724845,1.2676074593128326,1.305400232354259e-12
118,0.44391909029304727,1.0,0.9999908059675541,0.36689801169724845,1.267610521890959,7.922551503725117e-13
118,0.44391883871205223,1.0,0.9999886493426593,0.36689801169724845,1.267611240280965,3.1863400806741993e-13
118,0.443919089101773,1.0,0.9999907957519625,0.36689801169724845,1.2676105252930632,4.2166270475263445e-13
118,0.4439201628180547,1.0,1.0,0.36689801169724845,1.2676074593115272,7.256417688950023e-12
118,0.44391919754589415,1.0,0.9999917253707986,0.36689801169724845,1.267610215630636,8.673062268371723e-13
118,0.44392016281309526,1.0,1.0,0.36689801169724845,1.2676074593184323,6.905143123958624e-12
118,0.44391993639602606,1.0,0.9999980590375948,0.36689801169724845,1.2676081058512172,1.864064458345638e-12
118,0.44391919754668596,1.0,0.9999917253707986,0.36689801169724845,1.2676102156297686,1.3937739851144215e-12
118,0.44392005330050766,1.0,0.9999990611871313,0.36689801169724845,1.2676077720322534,2.170486013142181e-12
118,0.4439188494371034,1.0,0.9999887412829838,0.36689801169724845,1.2676112096552394,4.718447854656915e-13
118,0.4439201628182177,1.0,1.0,0.36689801169724845,1.2676074593115272,7.722045225477814e-12
118,0.44391951084293996,1.0,0.999994411049832,0.36689801169724845,1.2676093210123418,4.3520742565306136e-14
118,0.4439178734396533,1.0,0.9999803747134579,0.36689801169724845,1.2676139966617797,3.764433209596518e-11
118,0.44391929610851766,1.0,0.9999925703023804,0.36689801169724845,1.2676099341853615,8.402167850363185e-12
118,0.44391993639348565,1.0,0.9999980590375948,0.36689801169724845,1.267608105856607,5.38991073995021e-12
118,0.44391918885883747,1.0,0.9999916508991359,0.36689801169724845,1.26761024043684,3.3373304120232206e-13
118,0.44391884943694526,1.0,0.9999887412829838,0.36689801169724845,1.267611209655691,9.234835118832052e-13
118,0.44392038923795185,1.0,1.0,0.36689801169724845,1.2676074593115272,6.465455928417185e-07
118,0.44391994604257007,1.0,0.9999981417838867,0.36689801169724845,1.2676080783037618,1.56035184772918e-11
118,0.44392016281318925,1.0,1.0,0.36689801169724845,1.2676074593181639,6.636691196604261e-12
118,0.4439201628173303,1.0,1.0,0.36689801169724845,1.2676074593115272,5.1880721940733565e-12
118,0.44391996772592773,1.0,0.999998327605498,0.36689801169724845,1.2676080163903916,3.1941116418465754e-12
118,0.44392070657526783,1.0,1.0,0.36689801169724845,1.2676074593115272,1.5526960308598348e-06
118,0.44392016281246155,1.0,1.0,0.36689801169724845,1.267607459320242,8.714806654097629e-12
118,0.4439190696854464,1.0,0.9999906293399752,0.36689801169724845,1.2676105807359455,9.688694291298816e-12
118,0.44392015209217844,1.0,0.9999999080596755,0.36689801169724845,1.2676074899370349,5.182521078950231e-12
118,0.4439194912020648,1.0,0.9999942426968823,0.36689801169724845,1.2676093770966939,5.013545134602282e-12
118,0.44391929407501696,1.0,0.9999925528337188,0.36689801169724845,1.2676099399958918,3.8764547127811966e-12
118,0.44392016281562197,1.0,1.0,0.36689801169724845,1.2676074593115272,3.097522238704187e-13
118,0.4439201628182177,1.0,1.0,0.36689801169724845,1.2676074593115272,7.722045225477814e-12
118,0.4439192940710993,1.0,0.9999925528337188,0.36689801169724845,1.2676099400032022,7.310374527946806e-12
119,0.44392016281562197,1.0,1.0,0.36689801169724845,1.2676074593115272,3.097522238704187e-13
119,0.44391951084293996,1.0,0.999994411049832,0.36689801169724845,1.2676093210123418,4.3520742565306136e-14
119,0.44392016281562197,1.0,1.0,0.36689801169724845,1.2676074593115272,3.097522238704187e-13
119,0.4439193070632219,1.0,0.9999926641836673,0.36689801169724845,1.2676099029044543,2.1005419625907962e-13
119,0.4439201628159361,1.0,1.0,0.36689801169724845,1.2676074593115272,1.2068124277675452e-12
119,0.4439201628159361,1.0,1.0,0.36689801169724845,1.2676074593115272,1.2068124277675452e-12
119,0.443920162815232,1.0,1.0,0.36689801169724845,1.267607459312331,8.038014698286133e-13
119,0.4439190902932425,1.0,0.9999908059675541,0.36689801169724845,1.2676105218904017,2.349231920106831e-13
119,0.44391918885883747,1.0,0.9999916508991359,0.36689801169724845,1.26761024043684,3.3373304120232206e-13
119,0.4439201628173303,1.0,1.0,0.36689801169724845,1.2676074593115272,5.1880721940733565e-12
119,0.44391992447820466,1.0,0.9999979568816787,0.36689801169724845,1.2676081398805514,8.599787548746463e-13
119,0.4439201628150563,1.0,1.0,0.36689801169724845,1.2676074593128326,1.305400232354259e-12
119,0.44391883871205223,1.0,0.9999886493426593,0.36689801169724845,1.267611240280965,3.1863400806741993e-13
119,0.443920162817935,1.0,1.0,0.36689801169724845,1.2676074593115272,6.9146910419704e-12
119,0.44391993639602606,1.0,0.9999980590375948,0.36689801169724845,1.2676081058512172,1.864064458345638e-12
119,0.44392015209217844,1.0,0.9999999080596755,0.36689801169724845,1.2676074899370349,5.182521078950231e-12
119,0.44391919754668596,1.0,0.9999917253707986,0.36689801169724845,1.2676102156297686,1.3937739851144215e-12
119,0.44392005330050766,1.0,0.9999990611871313,0.36689801169724845,1.2676077720322534,2.170486013142181e-12
119,0.44392016281318925,1.0,1.0,0.36689801169724845,1.2676074593181639,6.636691196604261e-12
119,0.443919089101773,1.0,0.9999907957519625,0.36689801169724845,1.2676105252930632,4.2166270475263445e-13
119,0.4439210295221606,1.0,1.0,0.36689801169724845,1.2676074593115272,2.47486317483947e-06
119,0.44392015209064095,1.0,0.999994411049832,0.36689801169724845,1.2676093210123418,1.8310760991901986e-06
119,0.44392016281562197,1.0,0.9999907957519625,0.36689801169724845,1.2676105252930632,3.06598184574014e-06
119,0.4439185445008269,1.0,0.9999861272265982,0.36689801169724845,1.267612080424029,2.2013502132267604e-11
119,0.4439201628159361,1.0,0.9999866953156474,0.36689801169724845,1.2676118911872947,4.431876974297921e-06
119,0.4439199483145421,1.0,0.9999981611935108,0.36689801169724845,1.26760807182275,6.576961197879427e-12
119,0.443920162815232,1.0,1.0,0.36689801169724845,1.267607459312331,8.038014698286133e-13
119,0.4439190902932425,1.0,0.9999923938688978,0.36689801169724845,1.2676105218904017,5.289422149168388e-07
119,0.4439198050545163,1.0,0.9999969331658931,0.36689801169724845,1.2676084808935844,1.038746866299789e-11
119,0.4439191022106455,1.0,0.9999909081234701,0.36689801169724845,1.2676104878612058,9.35695965154082e-13
119,0.4439193926382472,1.0,0.9999979568816787,0.36689801169724845,1.2676096585451306,1.5186654391818877e-06
119,0.4439190891042452,1.0,0.9999907957519625,0.36689801169724845,1.2676105252930632,7.48090478452923e-12
119,0.44391919850958567,1.0,0.9999917336454279,0.36689801169724845,1.2676102128788171,5.38946665074036e-12
119,0.443920162817935,1.0,0.9999897752143609,0.36689801169724845,1.2676108652427716,3.405938159062316e-06
119,0.4439191964776604,1.0,0.9999917161767662,0.36689801169724845,1.26761021869237,1.1395107080147682e-11
119,0.4439190925574646,1.0,0.9999908253771781,0.36689801169724845,1.2676105154249178,2.540190280342358e-13
119,0.4439208129571321,1.0,1.0,0.36689801169724845,1.2676074593115272,1.856467053196198e-06
119,0.44392025259868834,1.0,1.0,0.36689801169724845,1.2676074593115272,2.563744754269237e-07
119,0.4439185238937188,1.0,0.9999859505990194,0.36689801169724845,1.2676121392606694,1.4929835145949255e-11
119,0.4439207495913185,1.0,1.0,0.36689801169724845,1.2676074593115272,1.675527414368716e-06
120,0.44392016281562197,1.0,1.0,0.36689801169724845,1.2676074593115272,3.097522238704187e-13
120,0.44391951084293996,1.0,0.999994411049832,0.36689801169724845,1.2676093210123418,4.3520742565306136e-14
120,0.44392016281562197,1.0,1.0,0.36689801169724845,1.2676074593115272,3.097522238704187e-13
120,0.4439193070632219,1.0,0.9999926641836673,0.36689801169724845,1.2676099029044543,2.1005419625907962e-13
120,0.4439201628159361,1.0,1.0,0.36689801169724845,1.2676074593115272,1.2068124277675452e-12
120,0.4439201628159361,1.0,1.0,0.36689801169724845,1.2676074593115272,1.2068124277675452e-12
120,0.443920162815232,1.0,1.0,0.36689801169724845,1.267607459312331,8.038014698286133e-13
120,0.443920162815232,1.0,1.0,0.36689801169724845,1.267607459312331,8.038014698286133e-13
120,0.4439190902932425,1.0,0.9999908059675541,0.36689801169724845,1.2676105218904017,2.349231920106831e-13
120,0.44391918885883747,1.0,0.9999916508991359,0.36689801169724845,1.26761024043684,3.3373304120232206e-13
120,0.4439190925574646,1.0,0.9999908253771781,0.36689801169724845,1.2676105154249178,2.540190280342358e-13
120,0.4439201628173303,1.0,1.0,0.36689801169724845,1.2676074593115272,5.1880721940733565e-12
120,0.44391992447820466,1.0,0.9999979568816787,0.36689801169724845,1.2676081398805514,8.599787548746463e-13
120,0.4439201628150563,1.0,1.0,0.36689801169724845,1.2676074593128326,1.305400232354259e-12
120,0.44391883871205223,1.0,0.9999886493426593,0.36689801169724845,1.267611240280965,3.1863400806741993e-13
120,0.443920162817935,1.0,1.0,0.36689801169724845,1.2676074593115272,6.9146910419704e-12
120,0.44391919754668596,1.0,0.9999917253707986,0.36689801169724845,1.2676102156297686,1.3937739851144215e-12
120,0.44391993639602606,1.0,0.9999980590375948,0.36689801169724845,1.2676081058512172,1.864064458345638e-12
120,0.44392015209217844,1.0,0.9999999080596755,0.36689801169724845,1.2676074899370349,5.182521078950231e-12
120,0.44392005330050766,1.0,0.9999990611871313,0.36689801169724845,1.2676077720322534,2.170486013142181e-12
120,0.443920162815232,1.0,1.0,0.36689801169724845,1.267607459312331,8.038014698286133e-13
120,0.4439201628180931,1.0,1.0,0.36689801169724845,1.2676074593115272,7.366107723782989e-12
120,0.44391930706385563,1.0,0.9999926641836673,0.36689801169724845,1.2676099029044543,2.0197177263980848e-12
120,0.44391882906095304,1.0,0.9999926641836673,0.36689801169724845,1.2676112678393823,1.3649349279720724e-06
120,0.4439193926364738,1.0,0.9999933977653006,0.36689801169724845,1.2676096585501946,6.646239114616037e-12
120,0.4439190925595463,1.0,1.0,0.36689801169724845,1.2676105154189734,3.056107446219869e-06
120,0.4439202613795076,1.0,1.0,0.36689801169724845,1.2676074593115272,2.8144796426765595e-07
120,0.4439210315576275,1.0,1.0,0.36689801169724845,1.2676074593115272,2.4806753977646423e-06
120,0.44391938481843296,1.0,0.9999933307408041,0.36689801169724845,1.2676096808745725,4.734879155421368e-12
120,0.4439201628167695,1.0,1.0,0.36689801169724845,1.2676074593115272,3.5864644587491057e-12
120,0.44392093299309615,1.0,1.0,0.36689801169724845,1.2676074593115272,2.1992268759429834e-06
120,0.443920162813433,1.0,1.0,0.36689801169724845,1.267607459317468,5.940803404769213e-12
120,0.44391947082546607,1.0,0.9999940680102659,0.36689801169724845,1.2676094352819487,1.1290968160437842e-12
120,0.4439203912768072,1.0,1.0,0.36689801169724845,1.2676074593115272,6.523675080138958e-07
120,0.4439194900315866,1.0,0.999994232675387,0.36689801169724845,1.2676093804389872,9.088285679581531e-12
120,0.4439195653157653,1.0,0.9999948780045244,0.36689801169724845,1.2676091654671398,1.6262546864709293e-12
120,0.44392091358240204,1.0,1.0,0.36689801169724845,1.2676074593115272,2.1438001158724518e-06
120,0.443920183623977,1.0,1.0,0.36689801169724845,1.2676074593115272,5.9418256981302875e-08
120,0.44392024839348915,1.0,1.0,0.36689801169724845,1.2676074593115272,2.443665960694119e-07
120,0.44392005330050766,1.0,1.0,0.36689801169724845,1.267607772030083,3.127185557172396e-07
121,0.44392016281562197,1.0,1.0,0.36689801169724845,1.2676074593115272,3.097522238704187e-13
121,0.44391951084293996,1.0,0.999994411049832,0.36689801169724845,1.2676093210123418,4.3520742565306136e-14
121,0.44392016281562197,1.0,1.0,0.36689801169724845,1.2676074593115272,3.097522238704187e-13
121,0.4439193070632219,1.0,0.9999926641836673,0.36689801169724845,1.2676099029044543,2.1005419625907962e-13
121,0.4439201628159361,1.0,1.0,0.36689801169724845,1.2676074593115272,1.2068124277675452e-12
121,0.4439201628159361,1.0,1.0,0.36689801169724845,1.2676074593115272,1.2068124277675452e-12
121,0.443920162815232,1.0,1.0,0.36689801169724845,1.267607459312331,8.038014698286133e-13
121,0.443920162815232,1.0,1.0,0.36689801169724845,1.267607459312331,8.038014698286133e-13
121,0.443920162815232,1.0,1.0,0.36689801169724845,1.267607459312331,8.038014698286133e-13
121,0.4439190902932425,1.0,0.9999908059675541,0.36689801169724845,1.2676105218904017,2.349231920106831e-13
121,0.44391918885883747,1.0,0.9999916508991359,0.36689801169724845,1.26761024043684,3.3373304120232206e-13
121,0.4439190925574646,1.0,0.9999908253771781,0.36689801169724845,1.2676105154249178,2.540190280342358e-13
121,0.4439201628167695,1.0,1.0,0.36689801169724845,1.2676074593115272,3.5864644587491057e-12
121,0.44391992447820466,1.0,0.9999979568816787,0.36689801169724845,1.2676081398805514,8.599787548746463e-13
121,0.4439201628150563,1.0,1.0,0.36689801169724845,1.2676074593128326,1.305400232354259e-12
121,0.44391883871205223,1.0,0.9999886493426593,0.36689801169724845,1.267611240280965,3.1863400806741993e-13
121,0.4439201628173303,1.0,1.0,0.36689801169724845,1.2676074593115272,5.1880721940733565e-12
121,0.44392005330050766,1.0,0.9999990611871313,0.36689801169724845,1.2676077720322534,2.170486013142181e-12
121,0.44391947082546607,1.0,0.9999940680102659,0.36689801169724845,1.2676094352819487,1.1290968160437842e-12
121,0.44392015209217844,1.0,0.9999999080596755,0.36689801169724845,1.2676074899370349,5.182521078950231e-12
121,0.44392016281562197,1.0,1.0,0.36689801169724845,1.2676074593115272,3.097522238704187e-13
121,0.44392111532555284,1.0,1.0,0.36689801169724845,1.2676074593115272,2.719872487677577e-06
121,0.443920154128628,1.0,0.9999999255283372,0.36689801169724845,1.267607484118188,1.3873346915715956e-12
121,0.4439201628164868,1.0,1.0,0.36689801169724845,1.2676074593115272,2.779332319846617e-12
121,0.4439187227719795,1.0,0.9999876554677519,0.36689801169724845,1.2676115713505167,2.646771690706373e-12
121,0.4439188387135897,1.0,0.9999886493426593,0.36689801169724845,1.267611240280965,4.708899936645139e-12
121,0.4439211260484307,1.0,1.0,0.36689801169724845,1.2676074593115272,2.750491374658992e-06
121,0.443920162815232,1.0,1.0,0.36689801169724845,1.267607459312331,8.038014698286133e-13
121,0.4439197253466155,1.0,0.9999962498563212,0.36689801169724845,1.2676087084987233,2.19824158875781e-12
121,0.4439182519369894,1.0,0.9999836192875081,0.36689801169724845,1.2676129158487992,2.8433033705255184e-11
121,0.44391991482682275,1.0,0.9999978741353867,0.36689801169724845,1.2676081674427606,2.800870646524345e-12
121,0.44391942548900354,1.0,0.9999936793978105,0.36689801169724845,1.2676095647399634,9.976464099281657e-12
121,0.44392015209281216,1.0,0.9999999080596755,0.36689801169724845,1.2676074899370349,6.991962564484311e-12
121,0.4439204526009242,1.0,1.0,0.36689801169724845,1.2676074593115272,8.274774123684381e-07
121,0.44391954002444267,1.0,0.9999946612092393,0.36689801169724845,1.2676092376847097,1.8742785101721893e-12
121,0.4439197905434938,1.0,0.999996808751338,0.36689801169724845,1.2676085223296625,3.4705571749782393e-12
121,0.4439201268002096,1.0,0.9999996912643905,0.36689801169724845,1.2676075621527028,6.985523270941485e-13
121,0.4439201724663312,1.0,1.0,0.36689801169724845,1.2676074593115272,2.7557766513197635e-08
121,0.44391919754559955,1.0,0.9999917253707986,0.36689801169724845,1.2676102156314772,1.708633234898116e-12
121,0.4439191995841451,1.0,0.9999999080596755,0.36689801169724845,1.2676102098104152,2.719873380296889e-06
122,0.44392016281562197,1.0,1.0,0.36689801169724845,1.2676074593115272,3.097522238704187e-13
122,0.44391951084293996,1.0,0.999994411049832,0.36689801169724845,1.2676093210123418,4.3520742565306136e-14
122,0.44392016281562197,1.0,1.0,0.36689801169724845,1.2676074593115272,3.097522238704187e-13
122,0.44392016281562197,1.0,1.0,0.36689801169724845,1.2676074593115272,3.097522238704187e-13
122,0.4439193070632219,1.0,0.9999926641836673,0.36689801169724845,1.2676099029044543,2.1005419625907962e-13
122,0.4439201628159361,1.0,1.0,0.36689801169724845,1.2676074593115272,1.2068124277675452e-12
122,0.4439201628159361,1.0,1.0,0.36689801169724845,1.2676074593115272,1.2068124277675452e-12
122,0.443920162815232,1.0,1.0,0.36689801169724845,1.267607459312331,8.038014698286133e-13
122,0.443920162815232,1.0,1.0,0.36689801169724845,1.267607459312331,8.038014698286133e-13
122,0.443920162815232,1.0,1.0,0.36689801169724845,1.267607459312331,8.038014698286133e-13
122,0.443920162815232,1.0,1.0,0.36689801169724845,1.267607459312331,8.038014698286133e-13
122,0.4439201268002096,1.0,0.9999996912643905,0.36689801169724845,1.2676075621527028,6.985523270941485e-13
122,0.4439190902932425,1.0,0.9999908059675541,0.36689801169724845,1.2676105218904017,2.349231920106831e-13
122,0.44391918885883747,1.0,0.9999916508991359,0.36689801169724845,1.26761024043684,3.3373304120232206e-13
122,0.4439190925574646,1.0,0.9999908253771781,0.36689801169724845,1.2676105154249178,2.540190280342358e-13
122,0.4439201628164868,1.0,1.0,0.36689801169724845,1.2676074593115272,2.779332319846617e-12
122,0.4439201628150563,1.0,1.0,0.36689801169724845,1.2676074593128326,1.305400232354259e-12
122,0.44391992447820466,1.0,0.9999979568816787,0.36689801169724845,1.2676081398805514,8.599787548746463e-13
122,0.44391883871205223,1.0,0.9999886493426593,0.36689801169724845,1.267611240280965,3.1863400806741993e-13
122,0.4439201628167695,1.0,1.0,0.36689801169724845,1.2676074593115272,3.5864644587491057e-12
122,0.44391906014359345,1.0,0.9999905475151295,0.36689801169724845,1.2676106079827885,8.815170815523743e-14
122,0.44391883871170124,1.0,0.9999886493426593,0.36689801169724845,1.2676112402816486,6.836753385641714e-13
122,0.443919092556969,1.0,0.9999908253771781,0.36689801169724845,1.2676105154263329,1.6691092952214603e-12
122,0.4439197152726492,1.0,0.999996163533437,0.36689801169724845,1.2676087372648426,1.3774981155734167e-11
122,0.44391897112212647,1.0,0.9999897844083934,0.36689801169724845,1.2676108621834958,3.3373304120232206e-12
122,0.4439190925579737,1.0,0.9999908253771781,0.36689801169724845,1.2676105154246637,1.1997070004099442e-12
122,0.4439202810211328,1.0,1.0,0.36689801169724845,1.2676074593115272,3.3753430694893893e-07
122,0.4439183191486944,1.0,0.9999841954582254,0.36689801169724845,1.2676127239190107,2.2296831048151944e-11
122,0.443919092558752,1.0,0.9999908253771781,0.36689801169724845,1.2676105154246637,3.4221514511045825e-12
122,0.4439201628155851,1.0,1.0,0.36689801169724845,1.2676074593115272,2.0450308113595383e-13
122,0.4439193070607892,1.0,0.9999926641836673,0.36689801169724845,1.2676099029111907,6.7363892242156e-12
122,0.44391957603903986,1.0,0.9999949699448488,0.36689801169724845,1.26760913484528,3.955946681344358e-12
122,0.4439188062986902,1.0,0.9999908059675541,0.36689801169724845,1.267611332837081,8.109469142869585e-07
122,0.4439191995826076,1.0,0.9999917428394602,0.36689801169724845,1.2676102098148054,3.978817275651636e-12
122,0.4439205112531094,1.0,1.0,0.36689801169724845,1.2676074593115272,9.949576185164233e-07
122,0.4439192319967615,1.0,0.9999920207015088,0.36689801169724845,1.267610117256274,3.3508751329236475e-12
122,0.44392016281641855,1.0,1.0,0.36689801169724845,1.2676074593115272,2.5843771567224394e-12
122,0.44392109207000013,1.0,1.0,0.36689801169724845,1.2676074593115272,2.653466882440725e-06
122,0.4439190925588483,1.0,0.9999908253771781,0.36689801169724845,1.2676105154246637,3.697264716606696e-12
122,0.4439201628165698,1.0,1.0,0.36689801169724845,1.2676074593115272,3.0164759579065503e-12
123,0.44391951084293996,1.0,0.999994411049832,0.36689801169724845,1.2676093210123418,4.3520742565306136e-14
123,0.4439201628155851,1.0,1.0,0.36689801169724845,1.2676074593115272,2.0450308113595383e-13
123,0.44391906014359345,1.0,0.9999905475151295,0.36689801169724845,1.2676106079827885,8.815170815523743e-14
123,0.44392016281562197,1.0,1.0,0.36689801169724845,1.2676074593115272,3.097522238704187e-13
123,0.44392016281562197,1.0,1.0,0.36689801169724845,1.2676074593115272,3.097522238704187e-13
123,0.44392016281562197,1.0,1.0,0.36689801169724845,1.2676074593115272,3.097522238704187e-13
123,0.4439193070632219,1.0,0.9999926641836673,0.36689801169724845,1.2676099029044543,2.1005419625907962e-13
123,0.4439201628159361,1.0,1.0,0.36689801169724845,1.2676074593115272,1.2068124277675452e-12
123,0.4439201628159361,1.0,1.0,0.36689801169724845,1.2676074593115272,1.2068124277675452e-12
123,0.443920162815232,1.0,1.0,0.36689801169724845,1.267607459312331,8.038014698286133e-13
123,0.443920162815232,1.0,1.0,0.36689801169724845,1.267607459312331,8.038014698286133e-13
123,0.443920162815232,1.0,1.0,0.36689801169724845,1.267607459312331,8.038014698286133e-13
123,0.443920162815232,1.0,1.0,0.36689801169724845,1.267607459312331,8.038014698286133e-13
123,0.4439201268002096,1.0,0.9999996912643905,0.36689801169724845,1.2676075621527028,6.985523270941485e-13
123,0.4439190902932425,1.0,0.9999908059675541,0.36689801169724845,1.2676105218904017,2.349231920106831e-13
123,0.44391918885883747,1.0,0.9999916508991359,0.36689801169724845,1.26761024043684,3.3373304120232206e-13
123,0.4439190925574646,1.0,0.9999908253771781,0.36689801169724845,1.2676105154249178,2.540190280342358e-13
123,0.44392016281641855,1.0,1.0,0.36689801169724845,1.2676074593115272,2.5843771567224394e-12
123,0.44391883871205223,1.0,0.9999886493426593,0.36689801169724845,1.267611240280965,3.1863400806741993e-13
123,0.44391992447820466,1.0,0.9999979568816787,0.36689801169724845,1.2676081398805514,8.599787548746463e-13
123,0.44391832238065554,1.0,0.9999842231424787,0.36689801169724845,1.2676127146970397,2.921973774050457e-11
123,0.443920162814881,1.0,1.0,0.36689801169724845,1.2676074593133333,1.8061108164602047e-12
123,0.4439201628155147,1.0,1.0,0.36689801169724845,1.2676074593115272,3.552713678800501e-15
123,0.44392016281562197,1.0,0.9999902696530809,0.36689801169724845,1.2676107005409647,3.2412297472639295e-06
123,0.4439180978876999,1.0,0.9999822987311706,0.36689801169724845,1.2676133557437324,3.3959723921839213e-11
123,0.4439197843208574,1.0,0.9999967554259499,0.36689801169724845,1.2676085400983388,9.239942144745328e-12
123,0.44391928625384325,1.0,0.9999924858092223,0.36689801169724845,1.267609962325349,3.1301627956281664e-12
123,0.4439189351067141,1.0,0.9999894756727838,0.36689801169724845,1.2676109650255334,2.7966517990307693e-12
123,0.4439189711223702,1.0,0.9999897844083934,0.36689801169724845,1.2676108621827997,2.6412205755832474e-12
123,0.44391951084329095,1.0,0.999994411049832,0.36689801169724845,1.2676093210123418,1.0458300891968975e-12
123,0.4439207171779612,1.0,1.0,0.36689801169724845,1.2676074593115272,1.582971790092813e-06
123,0.44391883871205223,1.0,0.9999886493426593,0.36689801169724845,1.267611240280965,3.1863400806741993e-13
123,0.44392058433198883,1.0,1.0,0.36689801169724845,1.2676074593115272,1.2036329155584724e-06
123,0.44392016281673635,1.0,1.0,0.36689801169724845,1.2676074593115272,3.4918734570510424e-12
123,0.44392053927215985,1.0,1.0,0.36689801169724845,1.2676074593115272,1.0749654719699464e-06
123,0.44392112604722267,1.0,1.0,0.36689801169724845,1.2676074593115272,2.75048792497401e-06
123,0.4439203462181648,1.0,1.0,0.36689801169724845,1.2676074593115272,5.237033406935154e-07
123,0.44391939263807195,1.0,0.9999933977653006,0.36689801169724845,1.2676096585456311,2.0827783941967937e-12
123,0.4439203773185566,1.0,1.0,0.36689801169724845,1.2676074593115272,6.125099698550684e-07
123,0.4439201628145151,1.0,1.0,0.36689801169724845,1.267607459314378,2.850830682632477e-12
124,0.4439201628155147,1.0,1.0,0.36689801169724845,1.2676074593115272,3.552713678800501e-15
124,0.44391951084293996,1.0,0.999994411049832,0.36689801169724845,1.2676093210123418,4.3520742565306136e-14
124,0.4439201628155851,1.0,1.0,0.36689801169724845,1.2676074593115272,2.0450308113595383e-13
124,0.44391906014359345,1.0,0.9999905475151295,0.36689801169724845,1.2676106079827885,8.815170815523743e-14
124,0.44392016281562197,1.0,1.0,0.36689801169724845,1.2676074593115272,3.097522238704187e-13
124,0.44392016281562197,1.0,1.0,0.36689801169724845,1.2676074593115272,3.097522238704187e-13
124,0.44392016281562197,1.0,1.0,0.36689801169724845,1.2676074593115272,3.097522238704187e-13
124,0.4439193070632219,1.0,0.9999926641836673,0.36689801169724845,1.2676099029044543,2.1005419625907962e-13
124,0.4439201628159361,1.0,1.0,0.36689801169724845,1.2676074593115272,1.2068124277675452e-12
124,0.4439201628159361,1.0,1.0,0.36689801169724845,1.2676074593115272,1.2068124277675452e-12
124,0.443920162815232,1.0,1.0,0.36689801169724845,1.267607459312331,8.038014698286133e-13
124,0.443920162815232,1.0,1.0,0.36689801169724845,1.267607459312331,8.038014698286133e-13
124,0.443920162815232,1.0,1.0,0.36689801169724845,1.267607459312331,8.038014698286133e-13
124,0.443920162815232,1.0,1.0,0.36689801169724845,1.267607459312331,8.038014698286133e-13
124,0.4439201268002096,1.0,0.9999996912643905,0.36689801169724845,1.2676075621527028,6.985523270941485e-13
124,0.4439190902932425,1.0,0.9999908059675541,0.36689801169724845,1.2676105218904017,2.349231920106831e-13
124,0.44391918885883747,1.0,0.9999916508991359,0.36689801169724845,1.26761024043684,3.3373304120232206e-13
124,0.4439190925574646,1.0,0.9999908253771781,0.36689801169724845,1.2676105154249178,2.540190280342358e-13
124,0.44392016281641855,1.0,1.0,0.36689801169724845,1.2676074593115272,2.5843771567224394e-12
124,0.44391883871205223,1.0,0.9999886493426593,0.36689801169724845,1.267611240280965,3.1863400806741993e-13
124,0.4439178734422617,1.0,0.9999803747134579,0.36689801169724845,1.2676139966617797,4.509259632357043e-11
124,0.443920162815232,1.0,1.0,0.36689801169724845,1.267607459312331,8.038014698286133e-13
124,0.443920162815232,1.0,1.0,0.36689801169724845,1.267607459312331,8.038014698286133e-13
124,0.44391928625483007,1.0,0.9999924858092223,0.36689801169724845,1.267609962322531,3.12194714524594e-13
124,0.4439207495909989,1.0,1.0,0.36689801169724845,1.2676074593115272,1.6755265017653898e-06
124,0.4439213545080938,1.0,1.0,0.36689801169724845,1.2676074593115272,3.4028513953288098e-06
124,0.44391834179311357,1.0,0.999984389554466,0.36689801169724845,1.267612659263136,2.775979446312249e-11
124,0.44391918885820375,1.0,0.9999916508991359,0.36689801169724845,1.2676102404383156,1.475708444331758e-12
124,0.44392016281523416,1.0,1.0,0.36689801169724845,1.2676074593123248,7.975842208907125e-13
124,0.4439178986000297,1.0,0.9999805903759474,0.36689801169724845,1.2676139248213714,4.3055559117988196e-11
124,0.44391880629789837,1.0,0.9999883714806107,0.36689801169724845,1.2676113328394925,1.5054624213917123e-13
124,0.4439201628154815,1.0,1.0,0.36689801169724845,1.2676074593116184,9.126033262418787e-14
124,0.44392112808607764,1.0,1.0,0.36689801169724845,1.2676074593115272,2.756309819940128e-06
124,0.4439201336431379,1.0,0.9999997499241563,0.36689801169724845,1.2676075426128195,5.10924635932497e-13
124,0.44391997941387573,1.0,0.9999984278204518,0.36689801169724845,1.2676079830124065,3.923528169025303e-12
124,0.44391983111652694,1.0,0.9999971565790428,0.36689801169724845,1.267608406473783,1.039013319825699e-11
124,0.4439195108431944,1.0,0.999994411049832,0.36689801169724845,1.2676093210123418,7.702727344849336e-13
124,0.4439201304021018,1.0,0.9999997221379514,0.36689801169724845,1.2676075518679535,4.021227795192317e-13
124,0.4439185184378316,1.0,0.9999859038134485,0.36689801169724845,1.2676121548454746,2.0414558932202453e-11
124,0.44392016281562197,1.0,1.0,0.36689801169724845,1.2676074593115272,3.097522238704187e-13
125,0.4439201628155147,1.0,1.0,0.36689801169724845,1.2676074593115272,3.552713678800501e-15
125,0.44391951084293996,1.0,0.999994411049832,0.36689801169724845,1.2676093210123418,4.3520742565306136e-14
125,0.4439201628155851,1.0,1.0,0.36689801169724845,1.2676074593115272,2.0450308113595383e-13
125,0.4439201628154815,1.0,1.0,0.36689801169724845,1.2676074593116184,9.126033262418787e-14
125,0.44391906014359345,1.0,0.9999905475151295,0.36689801169724845,1.2676106079827885,8.815170815523743e-14
125,0.44392016281562197,1.0,1.0,0.36689801169724845,1.2676074593115272,3.097522238704187e-13
125,0.44392016281562197,1.0,1.0,0.36689801169724845,1.2676074593115272,3.097522238704187e-13
125,0.44392016281562197,1.0,1.0,0.36689801169724845,1.2676074593115272,3.097522238704187e-13
125,0.44392016281562197,1.0,1.0,0.36689801169724845,1.2676074593115272,3.097522238704187e-13
125,0.4439193070632219,1.0,0.9999926641836673,0.36689801169724845,1.2676099029044543,2.1005419625907962e-13
125,0.44391880629789837,1.0,0.9999883714806107,0.36689801169724845,1.2676113328394925,1.5054624213917123e-13
125,0.4439201628159361,1.0,1.0,0.36689801169724845,1.2676074593115272,1.2068124277675452e-12
125,0.4439201628159361,1.0,1.0,0.36689801169724845,1.2676074593115272,1.2068124277675452e-12
125,0.44392016281523416,1.0,1.0,0.36689801169724845,1.2676074593123248,7.975842208907125e-13
125,0.4439201336431379,1.0,0.9999997499241563,0.36689801169724845,1.2676075426128195,5.10924635932497e-13
125,0.4439201304021018,1.0,0.9999997221379514,0.36689801169724845,1.2676075518679535,4.021227795192317e-13
125,0.4439190902932425,1.0,0.9999908059675541,0.36689801169724845,1.2676105218904017,2.349231920106831e-13
125,0.4439190925574646,1.0,0.9999908253771781,0.36689801169724845,1.2676105154249178,2.540190280342358e-13
125,0.44391928625483007,1.0,0.9999924858092223,0.36689801169724845,1.267609962322531,3.12194714524594e-13
125,0.44392016281641855,1.0,1.0,0.36689801169724845,1.2676074593115272,2.5843771567224394e-12
125,0.4439190925571487,1.0,0.9999908253771781,0.36689801169724845,1.26761051542582,1.156186257844638e-12
125,0.44391941889369757,1.0,0.9999936228335599,0.36689801169724845,1.267609583572825,9.343636975245317e-13
125,0.4439201890715278,1.0,1.0,0.36689801169724845,1.2676074593115272,7.497365595021677e-08
125,0.44392018907050856,1.0,1.0,0.36689801169724845,1.2676074593115272,7.497074561158001e-08
125,0.44391852977306434,1.0,0.9999860009806623,0.36689801169724845,1.2676121224779733,2.0741630635257025e-11
125,0.4439201365600317,1.0,0.9999997749317406,0.36689801169724845,1.2676075342836712,1.4426237981979284e-12
125,0.44392013364313426,1.0,0.9999997499241563,0.36689801169724845,1.26760754261283,5.213607323639735e-13
125,0.44392016281562197,1.0,1.0,0.36689801169724845,1.2676074593115272,3.097522238704187e-13
125,0.44391996068632306,1.0,0.9999982672834513,0.36689801169724845,1.2676080364887023,4.848565993142984e-12
125,0.4439201304029153,1.0,0.9999997221379514,0.36689801169724845,1.2676075518679535,2.7249313916399842e-12
125,0.4439201365603863,1.0,0.9999997749317406,0.36689801169724845,1.2676075342826587,4.3010039973978564e-13
125,0.4439200535254577,1.0,0.9999990631280938,0.36689801169724845,1.2676077713877412,2.027489287570461e-12
125,0.4439200564319901,1.0,0.9999990880439218,0.36689801169724845,1.2676077630881768,1.9901857939430556e-12
125,0.44392027233336345,1.0,1.0,0.36689801169724845,1.2676074593115272,3.127265228997089e-07
125,0.4439190738299119,1.0,0.9999906648401776,0.36689801169724845,1.2676105689014274,5.799805080641818e-13
125,0.4439209517210981,1.0,1.0,0.36689801169724845,1.2676074593115272,2.252704220495616e-06
125,0.44392018907062064,1.0,1.0,0.36689801169724845,1.2676074593115272,7.497106557785571e-08
125,0.4439190925574646,1.0,0.9999908253771781,0.36689801169724845,1.2676105154249178,2.540190280342358e-13
125,0.4439190902933689,1.0,0.9999908059675541,0.36689801169724845,1.2676105218901668,1.2612133559741778e-13
125,0.44392013656070045,1.0,0.9999997749317406,0.36689801169724845,1.2676075342822286,4.669598041573408e-13
126,0.4439201628155147,1.0,1.0,0.36689801169724845,1.2676074593115272,3.552713678800501e-15
126,0.44391951084293996,1.0,0.999994411049832,0.36689801169724845,1.2676093210123418,4.3520742565306136e-14
126,0.4439201628155851,1.0,1.0,0.36689801169724845,1.2676074593115272,2.0450308113595383e-13
126,0.4439201628154815,1.0,1.0,0.36689801169724845,1.2676074593116184,9.126033262418787e-14
126,0.44391906014359345,1.0,0.9999905475151295,0.36689801169724845,1.2676106079827885,8.815170815523743e-14
126,0.44392016281562197,1.0,1.0,0.36689801169724845,1.2676074593115272,3.097522238704187e-13
126,0.44392016281562197,1.0,1.0,0.36689801169724845,1.2676074593115272,3.097522238704187e-13
126,0.44392016281562197,1.0,1.0,0.36689801169724845,1.2676074593115272,3.097522238704187e-13
126,0.44392016281562197,1.0,1.0,0.36689801169724845,1.2676074593115272,3.097522238704187e-13
126,0.44392016281562197,1.0,1.0,0.36689801169724845,1.2676074593115272,3.097522238704187e-13
126,0.4439193070632219,1.0,0.9999926641836673,0.36689801169724845,1.2676099029044543,2.1005419625907962e-13
126,0.4439190902933689,1.0,0.9999908059675541,0.36689801169724845,1.2676105218901668,1.2612133559741778e-13
126,0.4439201628159361,1.0,1.0,0.36689801169724845,1.2676074593115272,1.2068124277675452e-12
126,0.4439201628159361,1.0,1.0,0.36689801169724845,1.2676074593115272,1.2068124277675452e-12
126,0.44391880629789837,1.0,0.9999883714806107,0.36689801169724845,1.2676113328394925,1.5054624213917123e-13
126,0.44391928625483007,1.0,0.9999924858092223,0.36689801169724845,1.267609962322531,3.12194714524594e-13
126,0.4439201304021018,1.0,0.9999997221379514,0.36689801169724845,1.2676075518679535,4.021227795192317e-13
126,0.44392016281523416,1.0,1.0,0.36689801169724845,1.2676074593123248,7.975842208907125e-13
126,0.44392013656070045,1.0,0.9999997749317406,0.36689801169724845,1.2676075342822286,4.669598041573408e-13
126,0.4439190902932425,1.0,0.9999908059675541,0.36689801169724845,1.2676105218904017,2.349231920106831e-13
126,0.4439201864451936,1.0,1.0,0.36689801169724845,1.2676074593115272,6.747419845076763e-08
126,0.44392016281562197,1.0,1.0,0.36689801169724845,1.2676074593115272,3.097522238704187e-13
126,0.44392112808562306,1.0,1.0,0.36689801169724845,1.2676074593115272,2.7563085218673677e-06
126,0.443920025413735,1.0,0.9999988221443308,0.36689801169724845,1.2676078516603941,2.34035013590983e-12
126,0.44391928625483007,1.0,0.9999924858092223,0.36689801169724845,1.267609962322531,3.12194714524594e-13
126,0.4439187231088456,1.0,0.9999876583155045,0.36689801169724845,1.2676115704019013,1.5953682819258574e-11
126,0.4439192862545142,1.0,0.9999924858092223,0.36689801169724845,1.267609962323433,1.2141398997300712e-12
126,0.4439195764750252,1.0,0.9999949737153102,0.36689801169724845,1.267609133600327,1.4963807970502785e-11
126,0.44391951084265724,1.0,0.999994411049832,0.36689801169724845,1.2676093210131054,7.636113963371827e-13
126,0.44391808619698797,1.0,0.999982198516217,0.36689801169724845,1.2676133891267178,3.3978819757862766e-11
126,0.4439202810098274,1.0,1.0,0.36689801169724845,1.2676074593115272,3.375020247720073e-07
126,0.4439187202878081,1.0,0.9999876341285161,0.36689801169724845,1.2676115784588342,1.7403412044814104e-11
126,0.4439188062978652,1.0,0.9999883714806107,0.36689801169724845,1.2676113328394925,5.573319583618286e-14
126,0.4439191975452064,1.0,0.9999917253707986,0.36689801169724845,1.2676102156325997,2.831068712794149e-12
126,0.44392016281562197,1.0,1.0,0.36689801169724845,1.2676074593115272,3.097522238704187e-13
126,0.4439185455729248,1.0,0.9999861364206306,0.36689801169724845,1.2676120773613935,2.0760060337465802e-11
126,0.4439188680657033,1.0,0.9999889009658701,0.36689801169724845,1.2676111564628916,1.6560086635308835e-12
126,0.44391925708266194,1.0,0.9999922357333786,0.36689801169724845,1.2676100456242523,6.923350781562476e-13
126,0.4439192778914028,1.0,0.9999924141078236,0.36689801169724845,1.267609986206458,2.1893598045608087e-12
126,0.4439199864503069,1.0,0.9999984881424986,0.36689801169724845,1.267607962919965,4.937827924322846e-12
127,0.4439201628155147,1.0,1.0,0.36689801169724845,1.2676074593115272,3.552713678800501e-15
127,0.44391951084293996,1.0,0.999994411049832,0.36689801169724845,1.2676093210123418,4.3520742565306136e-14
127,0.4439201628155851,1.0,1.0,0.36689801169724845,1.2676074593115272,2.0450308113595383e-13
127,0.4439201628154815,1.0,1.0,0.36689801169724845,1.2676074593116184,9.126033262418787e-14
127,0.44391906014359345,1.0,0.9999905475151295,0.36689801169724845,1.2676106079827885,8.815170815523743e-14
127,0.4439188062978652,1.0,0.9999883714806107,0.36689801169724845,1.2676113328394925,5.573319583618286e-14
127,0.44392016281562197,1.0,1.0,0.36689801169724845,1.2676074593115272,3.097522238704187e-13
127,0.44392016281562197,1.0,1.0,0.36689801169724845,1.2676074593115272,3.097522238704187e-13
127,0.44392016281562197,1.0,1.0,0.36689801169724845,1.2676074593115272,3.097522238704187e-13
127,0.44392016281562197,1.0,1.0,0.36689801169724845,1.2676074593115272,3.097522238704187e-13
127,0.44392016281562197,1.0,1.0,0.36689801169724845,1.2676074593115272,3.097522238704187e-13
127,0.44392016281562197,1.0,1.0,0.36689801169724845,1.2676074593115272,3.097522238704187e-13
127,0.44392016281562197,1.0,1.0,0.36689801169724845,1.2676074593115272,3.097522238704187e-13
127,0.4439193070632219,1.0,0.9999926641836673,0.36689801169724845,1.2676099029044543,2.1005419625907962e-13
127,0.4439190902933689,1.0,0.9999908059675541,0.36689801169724845,1.2676105218901668,1.2612133559741778e-13
127,0.4439201628159361,1.0,1.0,0.36689801169724845,1.2676074593115272,1.2068124277675452e-12
127,0.4439201628159361,1.0,1.0,0.36689801169724845,1.2676074593115272,1.2068124277675452e-12
127,0.44391880629789837,1.0,0.9999883714806107,0.36689801169724845,1.2676113328394925,1.5054624213917123e-13
127,0.4439201304021018,1.0,0.9999997221379514,0.36689801169724845,1.2676075518679535,4.021227795192317e-13
127,0.44392016281523416,1.0,1.0,0.36689801169724845,1.2676074593123248,7.975842208907125e-13
127,0.4439211552204476,1.0,1.0,0.36689801169724845,1.2676074593115272,2.833791270306918e-06
127,0.4439193070632219,1.0,0.9999926641836673,0.36689801169724845,1.2676099029044543,2.1005419625907962e-13
127,0.4439201919877901,1.0,1.0,0.36689801169724845,1.2676074593115272,8.33009987655231e-08
127,0.4439213836815662,1.0,1.0,0.36689801169724845,1.2676074593115272,3.486155361498433e-06
127,0.443920932992433,1.0,1.0,0.36689801169724845,1.2676074593115272,2.1992249823465926e-06
127,0.44392013040238454,1.0,0.9999997221379514,0.36689801169724845,1.2676075518679535,1.2094769630266455e-12
127,0.44392016281533925,1.0,1.0,0.36689801169724845,1.2676074593120248,4.976019596369952e-13
127,0.4439201628153024,1.0,1.0,0.36689801169724845,1.26760745931213,6.0285110237146e-13
127,0.443920311159001,1.0,1.0,0.36689801169724845,1.2676074593115272,4.2359249219359185e-07
127,0.44392135126805304,1.0,1.0,0.36689801169724845,1.2676074593115272,3.3935995564782218e-06
127,0.4439207495910358,1.0,1.0,0.36689801169724845,1.2676074593115272,1.6755266070145325e-06
127,0.44392013040147005,1.0,0.9999997221379514,0.36689801169724845,1.2676075518693553,1.4017675908917226e-12
127,0.4439191704107963,1.0,0.9999914927636165,0.36689801169724845,1.267610293114848,1.864508547555488e-12
127,0.44392016281552876,1.0,1.0,0.36689801169724845,1.2676074593115272,4.374278717023117e-14
127,0.4439211552204476,1.0,1.0,0.36689801169724845,1.2676074593115272,2.833791270306918e-06
127,0.44392019198764965,1.0,1.0,0.36689801169724845,1.2676074593115272,8.330059775296661e-08
127,0.4439207495913499,1.0,1.0,0.36689801169724845,1.2676074593115272,1.6755275040747364e-06
127,0.44392056844534794,1.0,0.9999883714806107,0.36689801169724845,1.2676113328394925,5.0317968973701e-06
127,0.44392016281558877,1.0,1.0,0.36689801169724845,1.2676074593115272,2.149391775674303e-13
127,0.44392016281523416,1.0,1.0,0.36689801169724845,1.2676074593123248,7.975842208907125e-13
128,0.4439201628155147,1.0,1.0,0.36689801169724845,1.2676074593115272,3.552713678800501e-15
128,0.44391951084293996,1.0,0.999994411049832,0.36689801169724845,1.2676093210123418,4.3520742565306136e-14
128,0.44392016281552876,1.0,1.0,0.36689801169724845,1.2676074593115272,4.374278717023117e-14
128,0.4439201628155851,1.0,1.0,0.36689801169724845,1.2676074593115272,2.0450308113595383e-13
128,0.4439201628154815,1.0,1.0,0.36689801169724845,1.2676074593116184,9.126033262418787e-14
128,0.44391906014359345,1.0,0.9999905475151295,0.36689801169724845,1.2676106079827885,8.815170815523743e-14
128,0.4439188062978652,1.0,0.9999883714806107,0.36689801169724845,1.2676113328394925,5.573319583618286e-14
128,0.44392016281558877,1.0,1.0,0.36689801169724845,1.2676074593115272,2.149391775674303e-13
128,0.4439193070632219,1.0,0.9999926641836673,0.36689801169724845,1.2676099029044543,2.1005419625907962e-13
128,0.4439190902933689,1.0,0.9999908059675541,0.36689801169724845,1.2676105218901668,1.2612133559741778e-13
128,0.4439193070632219,1.0,0.9999926641836673,0.36689801169724845,1.2676099029044543,2.1005419625907962e-13
128,0.44392016281562197,1.0,1.0,0.36689801169724845,1.2676074593115272,3.097522238704187e-13
128,0.44392016281562197,1.0,1.0,0.36689801169724845,1.2676074593115272,3.097522238704187e-13
128,0.44392016281562197,1.0,1.0,0.36689801169724845,1.2676074593115272,3.097522238704187e-13
128,0.44392016281562197,1.0,1.0,0.36689801169724845,1.2676074593115272,3.097522238704187e-13
128,0.44392016281562197,1.0,1.0,0.36689801169724845,1.2676074593115272,3.097522238704187e-13
128,0.44392016281562197,1.0,1.0,0.36689801169724845,1.2676074593115272,3.097522238704187e-13
128,0.44392016281562197,1.0,1.0,0.36689801169724845,1.2676074593115272,3.097522238704187e-13
128,0.44391880629789837,1.0,0.9999883714806107,0.36689801169724845,1.2676113328394925,1.5054624213917123e-13
128,0.4439201628159361,1.0,1.0,0.36689801169724845,1.2676074593115272,1.2068124277675452e-12
128,0.44392138368148,1.0,1.0,0.36689801169724845,1.2676074593115272,3.4861551152509662e-06
128,0.4439193926384619,1.0,0.9999933977653006,0.36689801169724845,1.2676096585445176,9.692247004977617e-13
128,0.443918941949388,1.0,0.9999895343325497,0.36689801169724845,1.2676109454862716,3.6297631567094868e-12
128,0.44391930706319205,1.0,0.9999926641836673,0.36689801169724845,1.2676099029044543,1.247890679678676e-13
128,0.44391783927767536,1.0,0.9999800818476792,0.36689801169724845,1.2676140942198104,4.5639048096290935e-11
128,0.44392016281552543,1.0,1.0,0.36689801169724845,1.2676074593115272,3.419486915845482e-14
128,0.4439193926384549,1.0,0.9999933977653006,0.36689801169724845,1.2676096585445376,9.892087149410145e-13
128,0.44392016281565516,1.0,1.0,0.36689801169724845,1.2676074593115272,4.0456527017340704e-13
128,0.4439189419496409,1.0,0.9999895343325497,0.36689801169724845,1.2676109454855495,2.907674101493285e-12
128,0.44392016281565183,1.0,1.0,0.36689801169724845,1.2676074593115272,3.950173521616307e-13
128,0.44392038504328757,1.0,1.0,0.36689801169724845,1.2676074593115272,6.345678029706647e-07
128,0.44392016281552876,1.0,1.0,0.36689801169724845,1.2676074593115272,4.374278717023117e-14
128,0.4439207495910059,1.0,1.0,0.36689801169724845,1.2676074593115272,1.6755265217494042e-06
128,0.4439203462173682,1.0,1.0,0.36689801169724845,1.2676074593115272,5.237010660685826e-07
128,0.44391781389279,1.0,0.9999798642442272,0.36689801169724845,1.2676141667068561,4.575717582611105e-11
128,0.4439205279294858,1.0,1.0,0.36689801169724845,1.2676074593115272,1.0425766880928222e-06
128,0.44391956265917526,1.0,0.9999948552219163,0.36689801169724845,1.2676091730561496,4.7619685972222214e-12
128,0.4439199343544032,1.0,0.9999980415689331,0.36689801169724845,1.2676081116791829,9.097167463778533e-12
128,0.44392016281565516,1.0,1.0,0.36689801169724845,1.2676074593115272,4.0456527017340704e-13
128,0.4439193926384287,1.0,0.9999933977653006,0.36689801169724845,1.2676096585446124,1.06403774680075e-12
129,0.4439201628155147,1.0,1.0,0.36689801169724845,1.2676074593115272,3.552713678800501e-15
129,0.44392016281552543,1.0,1.0,0.36689801169724845,1.2676074593115272,3.419486915845482e-14
129,0.44391951084293996,1.0,0.999994411049832,0.36689801169724845,1.2676093210123418,4.3520742565306136e-14
129,0.44392016281552876,1.0,1.0,0.36689801169724845,1.2676074593115272,4.374278717023117e-14
129,0.44392016281552876,1.0,1.0,0.36689801169724845,1.2676074593115272,4.374278717023117e-14
129,0.4439201628155851,1.0,1.0,0.36689801169724845,1.2676074593115272,2.0450308113595383e-13
129,0.4439201628154815,1.0,1.0,0.36689801169724845,1.2676074593116184,9.126033262418787e-14
129,0.44391906014359345,1.0,0.9999905475151295,0.36689801169724845,1.2676106079827885,8.815170815523743e-14
129,0.4439188062978652,1.0,0.9999883714806107,0.36689801169724845,1.2676113328394925,5.573319583618286e-14
129,0.44392016281558877,1.0,1.0,0.36689801169724845,1.2676074593115272,2.149391775674303e-13
129,0.44391930706319205,1.0,0.9999926641836673,0.36689801169724845,1.2676099029044543,1.247890679678676e-13
129,0.44392016281562197,1.0,1.0,0.36689801169724845,1.2676074593115272,3.097522238704187e-13
129,0.44392016281562197,1.0,1.0,0.36689801169724845,1.2676074593115272,3.097522238704187e-13
129,0.4439190902933689,1.0,0.9999908059675541,0.36689801169724845,1.2676105218901668,1.2612133559741778e-13
129,0.4439193070632219,1.0,0.9999926641836673,0.36689801169724845,1.2676099029044543,2.1005419625907962e-13
129,0.4439193070632219,1.0,0.9999926641836673,0.36689801169724845,1.2676099029044543,2.1005419625907962e-13
129,0.44392016281562197,1.0,1.0,0.36689801169724845,1.2676074593115272,3.097522238704187e-13
129,0.44392016281562197,1.0,1.0,0.36689801169724845,1.2676074593115272,3.097522238704187e-13
129,0.44392016281562197,1.0,1.0,0.36689801169724845,1.2676074593115272,3.097522238704187e-13
129,0.44392016281562197,1.0,1.0,0.36689801169724845,1.2676074593115272,3.097522238704187e-13
129,0.4439201628155951,1.0,1.0,0.36689801169724845,1.2676074593115272,2.3314683517128287e-13
129,0.44392016281552543,1.0,1.0,0.36689801169724845,1.2676074593115272,3.419486915845482e-14
129,0.44392016281564883,1.0,1.0,0.36689801169724845,1.2676074593115272,3.865796571744795e-13
129,0.4439183201162151,1.0,0.9999842037328546,0.36689801169724845,1.2676127211626282,2.8678392993697344e-11
129,0.44392093299266844,1.0,1.0,0.36689801169724845,1.2676074593115272,2.1992256544756117e-06
129,0.44391957604029203,1.0,0.9999949699448488,0.36689801169724845,1.2676091348417045,3.8036240823657863e-13
129,0.44391930706313804,1.0,0.9999926641836673,0.36689801169724845,1.2676099029044836,2.930988785010413e-14
129,0.44391939263843505,1.0,0.9999933977653006,0.36689801169724845,1.2676096585445942,1.0458300891968975e-12
129,0.4439203850432607,1.0,1.0,0.36689801169724845,1.2676074593115272,6.34567726365276e-07
129,0.44391930706306565,1.0,0.9999926641836673,0.36689801169724845,1.2676099029046903,2.360334150353083e-13
129,0.44391964691900726,1.0,0.9999955775702807,0.36689801169724845,1.2676089324480793,9.907630271754897e-12
129,0.44391931575007226,1.0,0.9999927386553301,0.36689801169724845,1.2676098780989764,1.5432100042289676e-12
129,0.44392007724034876,1.0,0.9999992664183668,0.36689801169724845,1.267607703670191,9.843237336326638e-13
129,0.4439201628155921,1.0,1.0,0.36689801169724845,1.2676074593115272,2.2448709557920665e-13
129,0.4439193070632219,1.0,1.0,0.36689801169724845,1.2676099029042442,2.4435927170607386e-06
129,0.4439187406658638,1.0,0.9999878088151326,0.36689801169724845,1.2676115202689462,1.712741060089229e-11
129,0.44392016281552876,1.0,1.0,0.36689801169724845,1.2676074593115272,4.374278717023117e-14
129,0.4439202723331628,1.0,1.0,0.36689801169724845,1.2676074593115272,3.127259500246282e-07
129,0.44392016281558877,1.0,1.0,0.36689801169724845,1.2676074593115272,2.149391775674303e-13
129,0.4439201628156093,1.0,1.0,0.36689801169724845,1.2676074593115272,2.7355895326763857e-13
130,0.4439201628155147,1.0,1.0,0.36689801169724845,1.2676074593115272,3.552713678800501e-15
130,0.44392016281552543,1.0,1.0,0.36689801169724845,1.2676074593115272,3.419486915845482e-14
130,0.44392016281552543,1.0,1.0,0.36689801169724845,1.2676074593115272,3.419486915845482e-14
130,0.44391930706313804,1.0,0.9999926641836673,0.36689801169724845,1.2676099029044836,2.930988785010413e-14
130,0.44391951084293996,1.0,0.999994411049832,0.36689801169724845,1.2676093210123418,4.3520742565306136e-14
130,0.44392016281552876,1.0,1.0,0.36689801169724845,1.2676074593115272,4.374278717023117e-14
130,0.44392016281552876,1.0,1.0,0.36689801169724845,1.2676074593115272,4.374278717023117e-14
130,0.44392016281552876,1.0,1.0,0.36689801169724845,1.2676074593115272,4.374278717023117e-14
130,0.4439201628155851,1.0,1.0,0.36689801169724845,1.2676074593115272,2.0450308113595383e-13
130,0.4439201628154815,1.0,1.0,0.36689801169724845,1.2676074593116184,9.126033262418787e-14
130,0.44391906014359345,1.0,0.9999905475151295,0.36689801169724845,1.2676106079827885,8.815170815523743e-14
130,0.4439188062978652,1.0,0.9999883714806107,0.36689801169724845,1.2676113328394925,5.573319583618286e-14
130,0.44392016281558877,1.0,1.0,0.36689801169724845,1.2676074593115272,2.149391775674303e-13
130,0.44392016281558877,1.0,1.0,0.36689801169724845,1.2676074593115272,2.149391775674303e-13
130,0.44391930706319205,1.0,0.9999926641836673,0.36689801169724845,1.2676099029044543,1.247890679678676e-13
130,0.4439201628155921,1.0,1.0,0.36689801169724845,1.2676074593115272,2.2448709557920665e-13
130,0.4439190902933689,1.0,0.9999908059675541,0.36689801169724845,1.2676105218901668,1.2612133559741778e-13
130,0.4439193070632219,1.0,0.9999926641836673,0.36689801169724845,1.2676099029044543,2.1005419625907962e-13
130,0.4439193070632219,1.0,0.9999926641836673,0.36689801169724845,1.2676099029044543,2.1005419625907962e-13
130,0.4439201628155951,1.0,1.0,0.36689801169724845,1.2676074593115272,2.3314683517128287e-13
130,0.4439201628156428,1.0,1.0,0.36689801169724845,1.2676074593115272,3.6926017799032707e-13
130,0.4439213836814734,1.0,1.0,0.36689801169724845,1.2676074593115272,3.486155096377175e-06
130,0.4439193926385126,1.0,0.9999933977653006,0.36689801169724845,1.2676096585443728,8.244516180866412e-13
130,0.4439194904649383,1.0,0.9999942363632155,0.36689801169724845,1.267609379201554,9.237055564881302e-14
130,0.4439189419495336,1.0,0.9999895343325497,0.36689801169724845,1.267610945485856,3.214095656289828e-12
130,0.4439193070631413,1.0,0.9999926641836673,0.36689801169724845,1.2676099029044743,1.9984014443252818e-14
130,0.4439213836815493,1.0,1.0,0.36689801169724845,1.2676074593115272,3.486155313314754e-06
130,0.44391909029339577,1.0,1.0,0.36689801169724845,1.267610521889964,3.0625784368520925e-06
130,0.44391950215606274,1.0,0.9999943365781692,0.36689801169724845,1.26760934581928,1.659117287999834e-12
130,0.4439183201162357,1.0,0.9999842037328546,0.36689801169724845,1.2676127211626282,2.8737234814002477e-11
130,0.4439201628154278,1.0,1.0,0.36689801169724845,1.2676074593117719,2.446931546273845e-13
130,0.44391834179313716,1.0,0.999984389554466,0.36689801169724845,1.267612659263136,2.78272960230197e-11
130,0.4439193070630415,1.0,0.9999926641836673,0.36689801169724845,1.2676099029047594,3.05089287166993e-13
130,0.4439193070631443,1.0,0.9999926641836673,0.36689801169724845,1.2676099029044658,1.1546319456101628e-14
130,0.4439180861973247,1.0,0.999982198516217,0.36689801169724845,1.2676133891267178,3.494027289718815e-11
130,0.4439201628155828,1.0,1.0,0.36689801169724845,1.2676074593115272,1.978417429882029e-13
130,0.4439193070631649,1.0,0.9999926641836673,0.36689801169724845,1.2676099029044543,4.729550084903167e-14
130,0.44392112808552336,1.0,1.0,0.36689801169724845,1.2676074593115272,2.7563082372061842e-06
130,0.4439207495908557,1.0,1.0,0.36689801169724845,1.2676074593115272,1.6755260927592275e-06
130,0.44392093299264157,1.0,1.0,0.36689801169724845,1.2676074593115272,2.199225577870223e-06
131,0.4439201628155147,1.0,1.0,0.36689801169724845,1.2676074593115272,3.552713678800501e-15
131,0.44392016281552543,1.0,1.0,0.36689801169724845,1.2676074593115272,3.419486915845482e-14
131,0.44392016281552543,1.0,1.0,0.36689801169724845,1.2676074593115272,3.419486915845482e-14
131,0.4439193070631443,1.0,0.9999926641836673,0.36689801169724845,1.2676099029044658,1.1546319456101628e-14
131,0.44391951084293996,1.0,0.999994411049832,0.36689801169724845,1.2676093210123418,4.3520742565306136e-14
131,0.44392016281552876,1.0,1.0,0.36689801169724845,1.2676074593115272,4.374278717023117e-14
131,0.44392016281552876,1.0,1.0,0.36689801169724845,1.2676074593115272,4.374278717023117e-14
131,0.44392016281552876,1.0,1.0,0.36689801169724845,1.2676074593115272,4.374278717023117e-14
131,0.4439193070631413,1.0,0.9999926641836673,0.36689801169724845,1.2676099029044743,1.9984014443252818e-14
131,0.4439201628154815,1.0,1.0,0.36689801169724845,1.2676074593116184,9.126033262418787e-14
131,0.4439201628155828,1.0,1.0,0.36689801169724845,1.2676074593115272,1.978417429882029e-13
131,0.4439193070631649,1.0,0.9999926641836673,0.36689801169724845,1.2676099029044543,4.729550084903167e-14
131,0.44391930706313804,1.0,0.9999926641836673,0.36689801169724845,1.2676099029044836,2.930988785010413e-14
131,0.4439194904649383,1.0,0.9999942363632155,0.36689801169724845,1.267609379201554,9.237055564881302e-14
131,0.4439201628155851,1.0,1.0,0.36689801169724845,1.2676074593115272,2.0450308113595383e-13
131,0.44391906014359345,1.0,0.9999905475151295,0.36689801169724845,1.2676106079827885,8.815170815523743e-14
131,0.4439188062978652,1.0,0.9999883714806107,0.36689801169724845,1.2676113328394925,5.573319583618286e-14
131,0.44391930706319205,1.0,0.9999926641836673,0.36689801169724845,1.2676099029044543,1.247890679678676e-13
131,0.44392016281558877,1.0,1.0,0.36689801169724845,1.2676074593115272,2.149391775674303e-13
131,0.44392016281558877,1.0,1.0,0.36689801169724845,1.2676074593115272,2.149391775674303e-13
131,0.44392016281552577,1.0,1.0,0.36689801169724845,1.2676074593115272,3.5083047578154947e-14
131,0.44392016281562846,1.0,1.0,0.36689801169724845,1.2676074593115272,3.284039706841213e-13
131,0.44391969435237527,1.0,0.9999959841469447,0.36689801169724845,1.267608797005534,3.035793838535028e-12
131,0.44391991217865384,1.0,0.9999978514567733,0.36689801169724845,1.2676081750017754,4.6911363682511364e-12
131,0.4439201628155804,1.0,1.0,0.36689801169724845,1.2676074593115272,1.9118040484045196e-13
131,0.44392014447532724,1.0,0.9999998427820451,0.36689801169724845,1.2676075116816599,5.111466805374221e-13
131,0.4439185368859986,1.0,0.9999860619489678,0.36689801169724845,1.267612102168742,2.2537971489100528e-11
131,0.443919392638326,1.0,0.9999933977653006,0.36689801169724845,1.2676096585449055,1.3571366253017914e-12
131,0.4439193926384739,1.0,0.9999933977653006,0.36689801169724845,1.2676096585444834,9.350298313393068e-13
131,0.44391939263832875,1.0,0.9999933977653006,0.36689801169724845,1.2676096585448977,1.3493650641294153e-12
131,0.443921383681426,1.0,1.0,0.36689801169724845,1.2676074593115272,3.486154960929966e-06
131,0.443920327877132,1.0,1.0,0.36689801169724845,1.2676074593115272,4.713308341397493e-07
131,0.44391930706313804,1.0,0.9999926641836673,0.36689801169724845,1.2676099029044836,2.930988785010413e-14
131,0.44392138368141193,1.0,1.0,0.36689801169724845,1.2676074593115272,3.486154920961937e-06
131,0.4439183146584629,1.0,0.9999841569472838,0.36689801169724845,1.2676127367474879,2.8877789048920022e-11
131,0.4439189419496408,1.0,0.9999895343325497,0.36689801169724845,1.2676109454855498,2.90789614609821e-12
131,0.4439195760401448,1.0,0.9999949699448488,0.36689801169724845,1.2676091348421248,8.006928453596629e-13
131,0.44391820118237624,1.0,0.9999831842075046,0.36689801169724845,1.2676130607796243,2.8946844921051706e-11
131,0.4439187202877896,1.0,0.9999876341285161,0.36689801169724845,1.2676115784588342,1.735078747344687e-11
131,0.44392093299262453,1.0,1.0,0.36689801169724845,1.2676074593115272,2.1992255292424545e-06
132,0.4439201628155147,1.0,1.0,0.36689801169724845,1.2676074593115272,3.552713678800501e-15
132,0.44392016281552543,1.0,1.0,0.36689801169724845,1.2676074593115272,3.419486915845482e-14
132,0.44392016281552543,1.0,1.0,0.36689801169724845,1.2676074593115272,3.419486915845482e-14
132,0.4439193070631443,1.0,0.9999926641836673,0.36689801169724845,1.2676099029044658,1.1546319456101628e-14
132,0.44392016281552577,1.0,1.0,0.36689801169724845,1.2676074593115272,3.5083047578154947e-14
132,0.4439193070631413,1.0,0.9999926641836673,0.36689801169724845,1.2676099029044743,1.9984014443252818e-14
132,0.44391951084293996,1.0,0.999994411049832,0.36689801169724845,1.2676093210123418,4.3520742565306136e-14
132,0.44392016281552876,1.0,1.0,0.36689801169724845,1.2676074593115272,4.374278717023117e-14
132,0.44392016281552876,1.0,1.0,0.36689801169724845,1.2676074593115272,4.374278717023117e-14
132,0.44392016281552876,1.0,1.0,0.36689801169724845,1.2676074593115272,4.374278717023117e-14
132,0.44391930706313804,1.0,0.9999926641836673,0.36689801169724845,1.2676099029044836,2.930988785010413e-14
132,0.44391930706313804,1.0,0.9999926641836673,0.36689801169724845,1.2676099029044836,2.930988785010413e-14
132,0.4439201628154815,1.0,1.0,0.36689801169724845,1.2676074593116184,9.126033262418787e-14
132,0.4439193070631649,1.0,0.9999926641836673,0.36689801169724845,1.2676099029044543,4.729550084903167e-14
132,0.4439201628155804,1.0,1.0,0.36689801169724845,1.2676074593115272,1.9118040484045196e-13
132,0.4439194904649383,1.0,0.9999942363632155,0.36689801169724845,1.267609379201554,9.237055564881302e-14
132,0.44391906014359345,1.0,0.9999905475151295,0.36689801169724845,1.2676106079827885,8.815170815523743e-14
132,0.4439188062978652,1.0,0.9999883714806107,0.36689801169724845,1.2676113328394925,5.573319583618286e-14
132,0.4439201628155828,1.0,1.0,0.36689801169724845,1.2676074593115272,1.978417429882029e-13
132,0.44391930706319205,1.0,0.9999926641836673,0.36689801169724845,1.2676099029044543,1.247890679678676e-13
132,0.44392093299270724,1.0,1.0,0.36689801169724845,1.2676074593115272,2.1992257652758695e-06
132,0.44391803612072617,1.0,0.9999817692459112,0.36689801169724845,1.2676135321226623,3.65445451677715e-11
132,0.4439195108429427,1.0,0.999994411049832,0.36689801169724845,1.2676093210123418,5.129230373768223e-14
132,0.4439207495908557,1.0,1.0,0.36689801169724845,1.2676074593115272,1.6755260927592275e-06
132,0.4439193070631402,1.0,0.9999926641836673,0.36689801169724845,1.2676099029044774,2.3092638912203256e-14
132,0.44391939263838975,1.0,0.9999926641836673,0.36689801169724845,1.2676099029044543,2.4435973067227224e-07
132,0.4439195764750109,1.0,0.9999949737153102,0.36689801169724845,1.2676091336003679,1.500466417780899e-11
132,0.4439189419496309,1.0,0.9999895343325497,0.36689801169724845,1.267610945485578,2.936095810923689e-12
132,0.4439185368859918,1.0,0.9999860619489678,0.36689801169724845,1.267612102168742,2.251865360847205e-11
132,0.44391894194967074,1.0,0.9999895343325497,0.36689801169724845,1.2676109454854643,2.822408973202073e-12
132,0.4439193070631794,1.0,0.9999926641836673,0.36689801169724845,1.2676099029044543,8.881784197001252e-14
132,0.44391930706313804,1.0,0.9999817692459112,0.36689801169724845,1.2676135321226623,3.629218178646809e-06
132,0.44391917041079,1.0,0.9999914927636165,0.36689801169724845,1.267610293114866,1.8824941605544154e-12
132,0.44391930706323457,1.0,0.9999926641836673,0.36689801169724845,1.2676099029044543,2.462474668618597e-13
132,0.4439203462173335,1.0,1.0,0.36689801169724845,1.2676074593115272,5.237009670366888e-07
132,0.4439188563743895,1.0,0.9999888007509163,0.36689801169724845,1.267611189845805,3.6859404417555197e-13
132,0.44392138368142264,1.0,1.0,0.36689801169724845,1.2676074593115272,3.4861549516040924e-06
132,0.44391872028782076,1.0,0.9999876341285161,0.36689801169724845,1.2676115784588342,1.7439605315416884e-11
132,0.44391991217871085,1.0,0.9999978514567733,0.36689801169724845,1.2676081750016126,4.5283776728410885e-12
132,0.4439183146583745,1.0,0.9999841569472838,0.36689801169724845,1.2676127367474879,2.862532433312026e-11
133,0.4439201628155147,1.0,1.0,0.36689801169724845,1.2676074593115272,3.552713678800501e-15
133,0.44392016281552543,1.0,1.0,0.36689801169724845,1.2676074593115272,3.419486915845482e-14
133,0.44392016281552543,1.0,1.0,0.36689801169724845,1.2676074593115272,3.419486915845482e-14
133,0.4439193070631443,1.0,0.9999926641836673,0.36689801169724845,1.2676099029044658,1.1546319456101628e-14
133,0.44392016281552577,1.0,1.0,0.36689801169724845,1.2676074593115272,3.5083047578154947e-14
133,0.4439193070631413,1.0,0.9999926641836673,0.36689801169724845,1.2676099029044743,1.9984014443252818e-14
133,0.44391951084293996,1.0,0.999994411049832,0.36689801169724845,1.2676093210123418,4.3520742565306136e-14
133,0.44392016281552876,1.0,1.0,0.36689801169724845,1.2676074593115272,4.374278717023117e-14
133,0.44392016281552876,1.0,1.0,0.36689801169724845,1.2676074593115272,4.374278717023117e-14
133,0.44392016281552876,1.0,1.0,0.36689801169724845,1.2676074593115272,4.374278717023117e-14
133,0.4439193070631402,1.0,0.9999926641836673,0.36689801169724845,1.2676099029044774,2.3092638912203256e-14
133,0.4439201628154815,1.0,1.0,0.36689801169724845,1.2676074593116184,9.126033262418787e-14
133,0.4439193070631649,1.0,0.9999926641836673,0.36689801169724845,1.2676099029044543,4.729550084903167e-14
133,0.4439201628155804,1.0,1.0,0.36689801169724845,1.2676074593115272,1.9118040484045196e-13
133,0.4439195108429427,1.0,0.999994411049832,0.36689801169724845,1.2676093210123418,5.129230373768223e-14
133,0.44391930706313804,1.0,0.9999926641836673,0.36689801169724845,1.2676099029044836,2.930988785010413e-14
133,0.44391930706313804,1.0,0.9999926641836673,0.36689801169724845,1.2676099029044836,2.930988785010413e-14
133,0.4439201628155828,1.0,1.0,0.36689801169724845,1.2676074593115272,1.978417429882029e-13
133,0.4439188062978652,1.0,0.9999883714806107,0.36689801169724845,1.2676113328394925,5.573319583618286e-14
133,0.4439194904649383,1.0,0.9999942363632155,0.36689801169724845,1.267609379201554,9.237055564881302e-14
133,0.4439201628155147,1.0,1.0,0.36689801169724845,1.2676074593115272,3.552713678800501e-15
133,0.44391932744114515,1.0,0.9999928388702838,0.36689801169724845,1.2676098447151642,1.2656542480726785e-14
133,0.44392018115573273,1.0,1.0,0.36689801169724845,1.2676074593115272,5.237022260295987e-08
133,0.44391975775191106,1.0,0.9999965276164182,0.36689801169724845,1.2676086159734166,7.710720950626637e-12
133,0.4439198938384616,1.0,1.0,0.36689801169724845,1.2676082273719842,7.680604570126093e-07
133,0.4439182899770454,1.0,0.9999839453823817,0.36689801169724845,1.2676128072224253,2.5802027181498488e-11
133,0.44391890572741394,1.0,0.9999892237767259,0.36689801169724845,1.2676110489316015,1.344147015913677e-11
133,0.44391955770000996,1.0,0.999994812726894,0.36689801169724845,1.2676091872122492,7.769340726326845e-13
133,0.4439195760402139,1.0,0.9999949699448488,0.36689801169724845,1.2676091348419276,6.035172361862351e-13
133,0.4439194904648493,1.0,0.9999942363632155,0.36689801169724845,1.2676093792018082,3.4661162828797387e-13
133,0.4439193926383767,1.0,0.9999933977653006,0.36689801169724845,1.267609658544761,1.212585587495596e-12
133,0.4439193070631443,1.0,0.9999926641836673,0.36689801169724845,1.2676099029044658,1.1546319456101628e-14
133,0.44391997941370753,1.0,0.9999984278204518,0.36689801169724845,1.2676079830128868,4.403810649478146e-12
133,0.4439195764750139,1.0,0.9999949737153102,0.36689801169724845,1.2676091336003594,1.499622648282184e-11
133,0.4439201628155191,1.0,1.0,0.36689801169724845,1.2676074593115272,1.5987211554602254e-14
133,0.44391853688594185,1.0,0.9999860619489678,0.36689801169724845,1.267612102168742,2.237610097211018e-11
133,0.4439195577000398,1.0,0.999994812726894,0.36689801169724845,1.267609187212164,6.916689443414725e-13
133,0.44392009761826745,1.0,0.9999994411049832,0.36689801169724845,1.2676076454813259,6.536993168992922e-13
133,0.4439188062978652,1.0,0.9999874769105612,0.36689801169724845,1.267611630829751,2.97990314201968e-07
133,0.44392007724033833,1.0,0.9999992664183668,0.36689801169724845,1.2676077036702207,1.014077710692618e-12
134,0.4439201628155147,1.0,1.0,0.36689801169724845,1.2676074593115272,3.552713678800501e-15
134,0.4439201628155147,1.0,1.0,0.36689801169724845,1.2676074593115272,3.552713678800501e-15
134,0.4439193070631443,1.0,0.9999926641836673,0.36689801169724845,1.2676099029044658,1.1546319456101628e-14
134,0.44391932744114515,1.0,0.9999928388702838,0.36689801169724845,1.2676098447151642,1.2656542480726785e-14
134,0.4439193070631443,1.0,0.9999926641836673,0.36689801169724845,1.2676099029044658,1.1546319456101628e-14
134,0.4439201628155191,1.0,1.0,0.36689801169724845,1.2676074593115272,1.5987211554602254e-14
134,0.44392016281552543,1.0,1.0,0.36689801169724845,1.2676074593115272,3.419486915845482e-14
134,0.44392016281552543,1.0,1.0,0.36689801169724845,1.2676074593115272,3.419486915845482e-14
134,0.4439193070631413,1.0,0.9999926641836673,0.36689801169724845,1.2676099029044743,1.9984014443252818e-14
134,0.44392016281552577,1.0,1.0,0.36689801169724845,1.2676074593115272,3.5083047578154947e-14
134,0.4439193070631402,1.0,0.9999926641836673,0.36689801169724845,1.2676099029044774,2.3092638912203256e-14
134,0.44391951084293996,1.0,0.999994411049832,0.36689801169724845,1.2676093210123418,4.3520742565306136e-14
134,0.44392016281552876,1.0,1.0,0.36689801169724845,1.2676074593115272,4.374278717023117e-14
134,0.44392016281552876,1.0,1.0,0.36689801169724845,1.2676074593115272,4.374278717023117e-14
134,0.44392016281552876,1.0,1.0,0.36689801169724845,1.2676074593115272,4.374278717023117e-14
134,0.44391930706313804,1.0,0.9999926641836673,0.36689801169724845,1.2676099029044836,2.930988785010413e-14
134,0.44391930706313804,1.0,0.9999926641836673,0.36689801169724845,1.2676099029044836,2.930988785010413e-14
134,0.4439193070631649,1.0,0.9999926641836673,0.36689801169724845,1.2676099029044543,4.729550084903167e-14
134,0.4439201628155804,1.0,1.0,0.36689801169724845,1.2676074593115272,1.9118040484045196e-13
134,0.4439195108429427,1.0,0.999994411049832,0.36689801169724845,1.2676093210123418,5.129230373768223e-14
134,0.4439193070631402,1.0,0.9999926641836673,0.36689801169724845,1.2676099029044774,2.3092638912203256e-14
134,0.4439201628155227,1.0,1.0,0.36689801169724845,1.2676074593115272,2.6423307986078726e-14
134,0.44392009761826,1.0,0.9999994411049833,0.36689801169724845,1.2676076454813472,6.750155989720952e-13
134,0.44392034621740456,1.0,1.0,0.36689801169724845,1.2676074593115272,5.237011699854577e-07
134,0.4439201628155128,1.0,1.0,0.36689801169724845,1.2676074593115292,1.9984014443252818e-15
134,0.44391939263837377,1.0,0.9999933977653006,0.36689801169724845,1.2676096585447691,1.2208012378778221e-12
134,0.44391874066574477,1.0,0.9999878088151326,0.36689801169724845,1.2676115202689462,1.6787682355356992e-11
134,0.44391872028781054,1.0,0.9999876341285161,0.36689801169724845,1.2676115784588342,1.7410517472171705e-11
134,0.4439193070631413,1.0,0.9999878088151326,0.36689801169724845,1.2676115202689462,1.6173644719064129e-06
134,0.44392093299271645,1.0,1.0,0.36689801169724845,1.2676074593115272,2.1992257916991775e-06
134,0.44391991421647264,1.0,0.999997868925435,0.36689801169724845,1.2676081691828074,4.594102875898898e-12
134,0.4439209329926532,1.0,1.0,0.36689801169724845,1.2676074593115272,2.1992256111769137e-06
134,0.4439187202878081,1.0,0.9999876341285161,0.36689801169724845,1.2676115784588342,1.7403412044814104e-11
134,0.4439193070631402,1.0,0.9999926641836673,0.36689801169724845,1.2676099029044774,2.3092638912203256e-14
134,0.44392028102006714,1.0,1.0,0.36689801169724845,1.2676074593115272,3.3753126404967304e-07
134,0.44391939263838276,1.0,0.9999933977653006,0.36689801169724845,1.2676096585447436,1.1952661083114435e-12
134,0.44391930706313804,1.0,1.0,0.36689801169724845,1.2676099029044836,2.4435929564248227e-06
134,0.4439200976182696,1.0,0.9999994411049832,0.36689801169724845,1.2676076454813197,6.474820679613913e-13
134,0.4439187406657967,1.0,0.9999878088151326,0.36689801169724845,1.2676115202689462,1.6935786106841988e-11
134,0.4439201628154925,1.0,1.0,0.36689801169724845,1.2676074593115871,5.995204332975845e-14
135,0.4439201628155147,1.0,1.0,0.36689801169724845,1.2676074593115272,3.552713678800501e-15
135,0.4439201628155147,1.0,1.0,0.36689801169724845,1.2676074593115272,3.552713678800501e-15
135,0.4439201628155128,1.0,1.0,0.36689801169724845,1.2676074593115292,1.9984014443252818e-15
135,0.4439201628155191,1.0,1.0,0.36689801169724845,1.2676074593115272,1.5987211554602254e-14
135,0.4439193070631443,1.0,0.9999926641836673,0.36689801169724845,1.2676099029044658,1.1546319456101628e-14
135,0.44391932744114515,1.0,0.9999928388702838,0.36689801169724845,1.2676098447151642,1.2656542480726785e-14
135,0.4439193070631443,1.0,0.9999926641836673,0.36689801169724845,1.2676099029044658,1.1546319456101628e-14
135,0.4439201628155227,1.0,1.0,0.36689801169724845,1.2676074593115272,2.6423307986078726e-14
135,0.4439193070631413,1.0,0.9999926641836673,0.36689801169724845,1.2676099029044743,1.9984014443252818e-14
135,0.44392016281552543,1.0,1.0,0.36689801169724845,1.2676074593115272,3.419486915845482e-14
135,0.44392016281552543,1.0,1.0,0.36689801169724845,1.2676074593115272,3.419486915845482e-14
135,0.4439193070631402,1.0,0.9999926641836673,0.36689801169724845,1.2676099029044774,2.3092638912203256e-14
135,0.4439193070631402,1.0,0.9999926641836673,0.36689801169724845,1.2676099029044774,2.3092638912203256e-14
135,0.4439193070631402,1.0,0.9999926641836673,0.36689801169724845,1.2676099029044774,2.3092638912203256e-14
135,0.44392016281552577,1.0,1.0,0.36689801169724845,1.2676074593115272,3.5083047578154947e-14
135,0.44391930706313804,1.0,0.9999926641836673,0.36689801169724845,1.2676099029044836,2.930988785010413e-14
135,0.44391930706313804,1.0,0.9999926641836673,0.36689801169724845,1.2676099029044836,2.930988785010413e-14
135,0.44391951084293996,1.0,0.999994411049832,0.36689801169724845,1.2676093210123418,4.3520742565306136e-14
135,0.44392016281552876,1.0,1.0,0.36689801169724845,1.2676074593115272,4.374278717023117e-14
135,0.44392016281552876,1.0,1.0,0.36689801169724845,1.2676074593115272,4.374278717023117e-14
135,0.4439201628155282,1.0,1.0,0.36689801169724845,1.2676074593115272,4.196643033083092e-14
135,0.4439201444753083,1.0,0.9999998427820451,0.36689801169724845,1.2676075116817138,5.651035195342047e-13
135,0.4439201628155128,1.0,0.9999926641836673,0.36689801169724845,1.2676099029044543,2.4435929251165334e-06
135,0.4439200772402835,1.0,0.9999992664183668,0.36689801169724845,1.2676077036703772,1.170619157164765e-12
135,0.4439201628155117,1.0,1.0,0.36689801169724845,1.2676074593115323,5.10702591327572e-15
135,0.443919392638373,1.0,0.9999933977653006,0.36689801169724845,1.2676096585447714,1.2230216839270724e-12
135,0.4439201628155384,1.0,1.0,0.36689801169724845,1.2676074593115272,7.127631818093505e-14
135,0.4439199794137037,1.0,0.9999984278204518,0.36689801169724845,1.2676079830128977,4.4146908351194725e-12
135,0.4439193070631413,1.0,1.0,0.36689801169724845,1.2676099029044743,2.4435929470989493e-06
135,0.44391853688600075,1.0,0.9999860619489678,0.36689801169724845,1.267612102168742,2.254418873803843e-11
135,0.44391951084293896,1.0,0.999994411049832,0.36689801169724845,1.2676093210123418,4.085620730620576e-14
135,0.44391932744114887,1.0,0.9999928388702838,0.36689801169724845,1.2676098447151536,1.9984014443252818e-15
135,0.44391951084293274,1.0,0.999994411049832,0.36689801169724845,1.2676093210123418,2.3092638912203256e-14
135,0.44392093299267515,1.0,1.0,0.36689801169724845,1.2676074593115272,2.1992256737934923e-06
135,0.44391853688600413,1.0,0.9999860619489678,0.36689801169724845,1.267612102168742,2.255395870065513e-11
135,0.44391930706313804,1.0,1.0,0.36689801169724845,1.2676099029044836,2.4435929564248227e-06
135,0.4439200772402889,1.0,0.9999992664183668,0.36689801169724845,1.2676077036703617,1.1550760348200129e-12
135,0.4439185368859946,1.0,0.9999860619489678,0.36689801169724845,1.267612102168742,2.252664721424935e-11
135,0.44392016281552876,1.0,0.9999926641836673,0.36689801169724845,1.2676099029044543,2.443592970857722e-06
135,0.443919510842938,1.0,0.999994411049832,0.36689801169724845,1.2676093210123418,3.7969627442180354e-14
136,0.4439201628155147,1.0,1.0,0.36689801169724845,1.2676074593115272,3.552713678800501e-15
136,0.4439201628155147,1.0,1.0,0.36689801169724845,1.2676074593115272,3.552713678800501e-15
136,0.4439201628155128,1.0,1.0,0.36689801169724845,1.2676074593115292,1.9984014443252818e-15
136,0.4439201628155191,1.0,1.0,0.36689801169724845,1.2676074593115272,1.5987211554602254e-14
136,0.4439201628155117,1.0,1.0,0.36689801169724845,1.2676074593115323,5.10702591327572e-15
136,0.44391932744114887,1.0,0.9999928388702838,0.36689801169724845,1.2676098447151536,1.9984014443252818e-15
136,0.4439201628155227,1.0,1.0,0.36689801169724845,1.2676074593115272,2.6423307986078726e-14
136,0.44391951084293274,1.0,0.999994411049832,0.36689801169724845,1.2676093210123418,2.3092638912203256e-14
136,0.4439193070631443,1.0,0.9999926641836673,0.36689801169724845,1.2676099029044658,1.1546319456101628e-14
136,0.44391932744114515,1.0,0.9999928388702838,0.36689801169724845,1.2676098447151642,1.2656542480726785e-14
136,0.4439193070631443,1.0,0.9999926641836673,0.36689801169724845,1.2676099029044658,1.1546319456101628e-14
136,0.44392016281552543,1.0,1.0,0.36689801169724845,1.2676074593115272,3.419486915845482e-14
136,0.44392016281552543,1.0,1.0,0.36689801169724845,1.2676074593115272,3.419486915845482e-14
136,0.4439193070631413,1.0,0.9999926641836673,0.36689801169724845,1.2676099029044743,1.9984014443252818e-14
136,0.44392016281552577,1.0,1.0,0.36689801169724845,1.2676074593115272,3.5083047578154947e-14
136,0.4439193070631402,1.0,0.9999926641836673,0.36689801169724845,1.2676099029044774,2.3092638912203256e-14
136,0.4439193070631402,1.0,0.9999926641836673,0.36689801169724845,1.2676099029044774,2.3092638912203256e-14
136,0.4439193070631402,1.0,0.9999926641836673,0.36689801169724845,1.2676099029044774,2.3092638912203256e-14
136,0.4439201628155282,1.0,1.0,0.36689801169724845,1.2676074593115272,4.196643033083092e-14
136,0.44391930706313804,1.0,0.9999926641836673,0.36689801169724845,1.2676099029044836,2.930988785010413e-14
136,0.44391939263836355,1.0,0.9999933977653006,0.36689801169724845,1.2676096585447985,1.2501111257279263e-12
136,0.44391930706314403,1.0,0.9999926641836673,0.36689801169724845,1.2676099029044665,1.2212453270876722e-14
136,0.4439193070631375,1.0,0.9999926641836673,0.36689801169724845,1.2676099029044852,3.086420008457935e-14
136,0.44391853688600685,1.0,0.9999860619489678,0.36689801169724845,1.267612102168742,2.2561730261827506e-11
136,0.4439201628155117,1.0,0.9999933977653006,0.36689801169724845,1.2676096585435483,2.199232016053543e-06
136,0.4439201444753083,1.0,0.9999998427820451,0.36689801169724845,1.2676075116817138,5.651035195342047e-13
136,0.44391930706314336,1.0,0.9999926641836673,0.36689801169724845,1.2676099029044685,1.4210854715202004e-14
136,0.4439200772402832,1.0,0.9999992664183668,0.36689801169724845,1.2676077036703781,1.1715073355844652e-12
136,0.4439193274411456,1.0,0.9999928388702838,0.36689801169724845,1.267609844715163,1.1324274851176597e-14
136,0.4439203278771202,1.0,1.0,0.36689801169724845,1.2676074593115272,4.7133080038896935e-07
136,0.443919392638368,1.0,0.9999933977653006,0.36689801169724845,1.2676096585447858,1.2374545832471995e-12
136,0.4439201628155122,1.0,1.0,0.36689801169724845,1.2676074593115307,3.552713678800501e-15
136,0.4439193070631416,1.0,0.9999926641836673,0.36689801169724845,1.2676099029044736,1.9317880628477724e-14
136,0.44392093299266,1.0,1.0,0.36689801169724845,1.2676074593115272,2.1992256304947944e-06
136,0.4439187202878092,1.0,0.9999876341285161,0.36689801169724845,1.2676115784588342,1.740674271388798e-11
136,0.44391930706313165,1.0,0.9999926641836673,0.36689801169724845,1.2676099029045018,4.75175454539567e-14
136,0.4439195108429308,1.0,0.999994411049832,0.36689801169724845,1.2676093210123418,1.7541523789077473e-14
136,0.4439193926383875,1.0,0.9999933977653006,0.36689801169724845,1.26760965854473,1.1817213874110166e-12
136,0.4439193926383717,1.0,0.9999933977653006,0.36689801169724845,1.2676096585447751,1.226796442210798e-12
136,0.44391930706314986,1.0,0.9999926641836673,0.36689801169724845,1.2676099029044543,4.440892098500626e-15
137,0.4439201628155147,1.0,1.0,0.36689801169724845,1.2676074593115272,3.552713678800501e-15
137,0.4439201628155147,1.0,1.0,0.36689801169724845,1.2676074593115272,3.552713678800501e-15
137,0.4439201628155128,1.0,1.0,0.36689801169724845,1.2676074593115292,1.9984014443252818e-15
137,0.4439201628155191,1.0,1.0,0.36689801169724845,1.2676074593115272,1.5987211554602254e-14
137,0.44391932744114887,1.0,0.9999928388702838,0.36689801169724845,1.2676098447151536,1.9984014443252818e-15
137,0.4439201628155122,1.0,1.0,0.36689801169724845,1.2676074593115307,3.552713678800501e-15
137,0.4439201628155227,1.0,1.0,0.36689801169724845,1.2676074593115272,2.6423307986078726e-14
137,0.4439201628155117,1.0,1.0,0.36689801169724845,1.2676074593115323,5.10702591327572e-15
137,0.44391930706314986,1.0,0.9999926641836673,0.36689801169724845,1.2676099029044543,4.440892098500626e-15
137,0.44392016281552543,1.0,1.0,0.36689801169724845,1.2676074593115272,3.419486915845482e-14
137,0.44392016281552543,1.0,1.0,0.36689801169724845,1.2676074593115272,3.419486915845482e-14
137,0.4439193274411456,1.0,0.9999928388702838,0.36689801169724845,1.267609844715163,1.1324274851176597e-14
137,0.4439195108429308,1.0,0.999994411049832,0.36689801169724845,1.2676093210123418,1.7541523789077473e-14
137,0.44392016281552577,1.0,1.0,0.36689801169724845,1.2676074593115272,3.5083047578154947e-14
137,0.4439193070631443,1.0,0.9999926641836673,0.36689801169724845,1.2676099029044658,1.1546319456101628e-14
137,0.44391932744114515,1.0,0.9999928388702838,0.36689801169724845,1.2676098447151642,1.2656542480726785e-14
137,0.4439193070631443,1.0,0.9999926641836673,0.36689801169724845,1.2676099029044658,1.1546319456101628e-14
137,0.44391951084293274,1.0,0.999994411049832,0.36689801169724845,1.2676093210123418,2.3092638912203256e-14
137,0.4439201628155282,1.0,1.0,0.36689801169724845,1.2676074593115272,4.196643033083092e-14
137,0.44391930706314403,1.0,0.9999926641836673,0.36689801169724845,1.2676099029044665,1.2212453270876722e-14
137,0.4439195760401999,1.0,0.9999949699448488,0.36689801169724845,1.2676091348419676,6.434852650727407e-13
137,0.44391939263837915,1.0,0.9999933977653006,0.36689801169724845,1.2676096585447538,1.205480160137995e-12
137,0.4439185368860066,1.0,0.9999860619489678,0.36689801169724845,1.267612102168742,2.2560842083407806e-11
137,0.4439201628155205,1.0,1.0,0.36689801169724845,1.2676074593115272,1.9984014443252818e-14
137,0.4439195108429251,1.0,0.999994411049832,0.36689801169724845,1.2676093210123418,1.1102230246251565e-15
137,0.44391930706314076,1.0,0.9999926641836673,0.36689801169724845,1.2676099029044758,2.1538326677728037e-14
137,0.4439201628155249,1.0,1.0,0.36689801169724845,1.2676074593115272,3.26405569239796e-14
137,0.4439201628155165,1.0,1.0,0.36689801169724845,1.2676074593115272,8.659739592076221e-15
137,0.44392034621732457,1.0,1.0,0.36689801169724845,1.2676074593115272,5.237009415015592e-07
137,0.44392016281550334,1.0,1.0,0.36689801169724845,1.267607459311556,2.886579864025407e-14
137,0.44391932744113344,1.0,0.9999928388702838,0.36689801169724845,1.2676098447151976,4.596323321948148e-14
137,0.44391939263837116,1.0,0.9999933977653006,0.36689801169724845,1.2676096585447767,1.2283507544452732e-12
137,0.4439193274411588,1.0,0.9999928388702838,0.36689801169724845,1.2676098447151516,2.6423307986078726e-14
137,0.4439203462173353,1.0,1.0,0.36689801169724845,1.2676074593115272,5.237009721437147e-07
137,0.44391932744115686,1.0,0.9999926641836673,0.36689801169724845,1.2676099029044543,5.818932358181428e-08
137,0.44391957604020266,1.0,0.9999949699448488,0.36689801169724845,1.2676091348419598,6.357137039003646e-13
137,0.44392091465245764,1.0,0.9999926641836673,0.36689801169724845,1.2676099029044543,4.590448560604088e-06
137,0.44392091465245503,1.0,1.0,0.36689801169724845,1.2676074593115272,2.146855626161681e-06
137,0.4439185572640155,1.0,0.9999862366355843,0.36689801169724845,1.267612043978671,2.2016610756736554e-11
137,0.44392093299265706,1.0,1.0,0.36689801169724845,1.2676074593115272,2.1992256220570994e-06
138,0.4439201628155147,1.0,1.0,0.36689801169724845,1.2676074593115272,3.552713678800501e-15
138,0.4439201628155147,1.0,1.0,0.36689801169724845,1.2676074593115272,3.552713678800501e-15
138,0.4439201628155128,1.0,1.0,0.36689801169724845,1.2676074593115292,1.9984014443252818e-15
138,0.4439195108429251,1.0,0.999994411049832,0.36689801169724845,1.2676093210123418,1.1102230246251565e-15
138,0.4439201628155165,1.0,1.0,0.36689801169724845,1.2676074593115272,8.659739592076221e-15
138,0.4439201628155122,1.0,1.0,0.36689801169724845,1.2676074593115307,3.552713678800501e-15
138,0.44391932744114887,1.0,0.9999928388702838,0.36689801169724845,1.2676098447151536,1.9984014443252818e-15
138,0.4439201628155191,1.0,1.0,0.36689801169724845,1.2676074593115272,1.5987211554602254e-14
138,0.4439201628155117,1.0,1.0,0.36689801169724845,1.2676074593115323,5.10702591327572e-15
138,0.44391930706314986,1.0,0.9999926641836673,0.36689801169724845,1.2676099029044543,4.440892098500626e-15
138,0.4439201628155205,1.0,1.0,0.36689801169724845,1.2676074593115272,1.9984014443252818e-14
138,0.4439193274411456,1.0,0.9999928388702838,0.36689801169724845,1.267609844715163,1.1324274851176597e-14
138,0.4439195108429308,1.0,0.999994411049832,0.36689801169724845,1.2676093210123418,1.7541523789077473e-14
138,0.4439201628155227,1.0,1.0,0.36689801169724845,1.2676074593115272,2.6423307986078726e-14
138,0.4439193070631443,1.0,0.9999926641836673,0.36689801169724845,1.2676099029044658,1.1546319456101628e-14
138,0.44391932744114515,1.0,0.9999928388702838,0.36689801169724845,1.2676098447151642,1.2656542480726785e-14
138,0.4439193070631443,1.0,0.9999926641836673,0.36689801169724845,1.2676099029044658,1.1546319456101628e-14
138,0.44391951084293274,1.0,0.999994411049832,0.36689801169724845,1.2676093210123418,2.3092638912203256e-14
138,0.4439201628155249,1.0,1.0,0.36689801169724845,1.2676074593115272,3.26405569239796e-14
138,0.44391930706314403,1.0,0.9999926641836673,0.36689801169724845,1.2676099029044665,1.2212453270876722e-14
138,0.44391930706314414,1.0,0.9999926641836673,0.36689801169724845,1.2676099029044663,1.199040866595169e-14
138,0.4439187406657922,1.0,0.9999878088151326,0.36689801169724845,1.2676115202689462,1.6922907519756336e-11
138,0.4439193274411432,1.0,0.9999928388702838,0.36689801169724845,1.2676098447151698,1.8207657603852567e-14
138,0.4439195108429251,1.0,0.9999935549832554,0.36689801169724845,1.2676096061732518,2.851609111065301e-07
138,0.4439193926383992,1.0,0.9999933977653006,0.36689801169724845,1.2676096585446965,1.1481926520673369e-12
138,0.4439191623795422,1.0,0.9999914239086904,0.36689801169724845,1.2676103160490881,1.0098588631990424e-12
138,0.44392093299264557,1.0,1.0,0.36689801169724845,1.2676074593115272,2.199225589194498e-06
138,0.4439195760401999,1.0,0.9999949699448488,0.36689801169724845,1.2676091348419676,6.434852650727407e-13
138,0.4439185572640133,1.0,1.0,0.36689801169724845,1.267612043956661,4.584645133753895e-06
138,0.4439187406657942,1.0,0.9999878088151326,0.36689801169724845,1.2676115202689462,1.6928680679484387e-11
138,0.4439201628155205,1.0,0.9999940791452606,0.36689801169724845,1.2676094315716868,1.972260179616825e-06
138,0.4439193274411456,1.0,0.9999998427820451,0.36689801169724845,1.267609844715163,2.333034014201374e-06
138,0.44391997941372,1.0,0.9999984278204518,0.36689801169724845,1.267607983012851,4.368061468085216e-12
138,0.4439200589000752,1.0,0.9999991092004119,0.36689801169724845,1.2676077560405932,1.688205131245013e-12
138,0.4439201628155183,1.0,1.0,0.36689801169724845,1.2676074593115272,1.3766765505351941e-14
138,0.4439195108429324,1.0,0.999994411049832,0.36689801169724845,1.2676093210123418,2.19824158875781e-14
138,0.4439193926383849,1.0,0.9999933977653006,0.36689801169724845,1.2676096585447374,1.1890488593735427e-12
138,0.44391932744115037,1.0,0.9999928388702838,0.36689801169724845,1.2676098447151516,2.220446049250313e-15
138,0.44392016281551744,1.0,1.0,0.36689801169724845,1.2676074593115272,1.1324274851176597e-14
138,0.44391930706314403,1.0,1.0,0.36689801169724845,1.2676099029044665,2.443592939327388e-06
139,0.4439201628155147,1.0,1.0,0.36689801169724845,1.2676074593115272,3.552713678800501e-15
139,0.4439201628155147,1.0,1.0,0.36689801169724845,1.2676074593115272,3.552713678800501e-15
139,0.4439201628155128,1.0,1.0,0.36689801169724845,1.2676074593115292,1.9984014443252818e-15
139,0.4439195108429251,1.0,0.999994411049832,0.36689801169724845,1.2676093210123418,1.1102230246251565e-15
139,0.4439201628155165,1.0,1.0,0.36689801169724845,1.2676074593115272,8.659739592076221e-15
139,0.4439201628155122,1.0,1.0,0.36689801169724845,1.2676074593115307,3.552713678800501e-15
139,0.44391932744114887,1.0,0.9999928388702838,0.36689801169724845,1.2676098447151536,1.9984014443252818e-15
139,0.44391932744115037,1.0,0.9999928388702838,0.36689801169724845,1.2676098447151516,2.220446049250313e-15
139,0.44392016281551744,1.0,1.0,0.36689801169724845,1.2676074593115272,1.1324274851176597e-14
139,0.4439201628155117,1.0,1.0,0.36689801169724845,1.2676074593115323,5.10702591327572e-15
139,0.44391930706314986,1.0,0.9999926641836673,0.36689801169724845,1.2676099029044543,4.440892098500626e-15
139,0.4439201628155183,1.0,1.0,0.36689801169724845,1.2676074593115272,1.3766765505351941e-14
139,0.4439193274411456,1.0,0.9999928388702838,0.36689801169724845,1.267609844715163,1.1324274851176597e-14
139,0.4439201628155191,1.0,1.0,0.36689801169724845,1.2676074593115272,1.5987211554602254e-14
139,0.4439193070631443,1.0,0.9999926641836673,0.36689801169724845,1.2676099029044658,1.1546319456101628e-14
139,0.44391932744114515,1.0,0.9999928388702838,0.36689801169724845,1.2676098447151642,1.2656542480726785e-14
139,0.4439193070631443,1.0,0.9999926641836673,0.36689801169724845,1.2676099029044658,1.1546319456101628e-14
139,0.4439201628155205,1.0,1.0,0.36689801169724845,1.2676074593115272,1.9984014443252818e-14
139,0.4439195108429308,1.0,0.999994411049832,0.36689801169724845,1.2676093210123418,1.7541523789077473e-14
139,0.44391930706314414,1.0,0.9999926641836673,0.36689801169724845,1.2676099029044663,1.199040866595169e-14
139,0.4439200792780863,1.0,0.9999992838870284,0.36689801169724845,1.2676076978514592,1.1071144001562061e-12
139,0.44391874066580084,1.0,0.9999878088151326,0.36689801169724845,1.2676115202689462,1.694777651550794e-11
139,0.44392028102006953,1.0,1.0,0.36689801169724845,1.2676074593115272,3.375312709330558e-07
139,0.4439203278771189,1.0,1.0,0.36689801169724845,1.2676074593115272,4.7133079661421107e-07
139,0.4439201628155076,1.0,1.0,0.36689801169724845,1.2676074593115438,1.6653345369377348e-14
139,0.44392018115571286,1.0,1.0,0.36689801169724845,1.2676074593115272,5.237016575954101e-08
139,0.44391932744114887,1.0,0.9999992838870284,0.36689801169724845,1.2676098447151536,2.146864801488846e-06
139,0.4439193274411481,1.0,0.9999928388702838,0.36689801169724845,1.2676098447151558,4.218847493575595e-15
139,0.44392028102006936,1.0,1.0,0.36689801169724845,1.2676074593115272,3.375312704889666e-07
139,0.4439201628155117,1.0,0.9999876341285161,0.36689801169724845,1.2676115784588342,4.119147301917536e-06
139,0.44391930706314187,1.0,0.9999926641836673,0.36689801169724845,1.2676099029044727,1.84297022087776e-14
139,0.443920162815518,1.0,1.0,0.36689801169724845,1.2676074593115272,1.2878587085651816e-14
139,0.44391857560421766,1.0,0.9999928388702838,0.36689801169724845,1.2676119915861022,2.14687095057009e-06
139,0.4439200772402886,1.0,0.9999992664183668,0.36689801169724845,1.2676077036703628,1.156186257844638e-12
139,0.44392005890007735,1.0,0.9999991092004119,0.36689801169724845,1.267607756040587,1.6819878823071122e-12
139,0.4439193274411483,1.0,0.9999928388702838,0.36689801169724845,1.2676098447151551,3.552713678800501e-15
139,0.44392091465244615,1.0,1.0,0.36689801169724845,1.2676074593115272,2.1468556006265516e-06
139,0.4439200772402811,1.0,0.9999992664183668,0.36689801169724845,1.2676077036703841,1.177502539917441e-12
139,0.4439195108429308,1.0,1.0,0.36689801169724845,1.2676093210123243,1.8617007970789246e-06
139,0.44391916237954276,1.0,0.9999914239086904,0.36689801169724845,1.2676103160490881,1.0114131754335176e-12
140,0.4439201628155147,1.0,1.0,0.36689801169724845,1.2676074593115272,3.552713678800501e-15
140,0.4439201628155147,1.0,1.0,0.36689801169724845,1.2676074593115272,3.552713678800501e-15
140,0.4439201628155128,1.0,1.0,0.36689801169724845,1.2676074593115292,1.9984014443252818e-15
140,0.4439195108429251,1.0,0.999994411049832,0.36689801169724845,1.2676093210123418,1.1102230246251565e-15
140,0.4439201628155165,1.0,1.0,0.36689801169724845,1.2676074593115272,8.659739592076221e-15
140,0.4439201628155122,1.0,1.0,0.36689801169724845,1.2676074593115307,3.552713678800501e-15
140,0.44391932744114887,1.0,0.9999928388702838,0.36689801169724845,1.2676098447151536,1.9984014443252818e-15
140,0.44391932744115037,1.0,0.9999928388702838,0.36689801169724845,1.2676098447151516,2.220446049250313e-15
140,0.44392016281551744,1.0,1.0,0.36689801169724845,1.2676074593115272,1.1324274851176597e-14
140,0.4439201628155117,1.0,1.0,0.36689801169724845,1.2676074593115323,5.10702591327572e-15
140,0.4439193274411483,1.0,0.9999928388702838,0.36689801169724845,1.2676098447151551,3.552713678800501e-15
140,0.443920162815518,1.0,1.0,0.36689801169724845,1.2676074593115272,1.2878587085651816e-14
140,0.4439193274411481,1.0,0.9999928388702838,0.36689801169724845,1.2676098447151558,4.218847493575595e-15
140,0.4439201628155183,1.0,1.0,0.36689801169724845,1.2676074593115272,1.3766765505351941e-14
140,0.44391930706314986,1.0,0.9999926641836673,0.36689801169724845,1.2676099029044543,4.440892098500626e-15
140,0.4439193274411456,1.0,0.9999928388702838,0.36689801169724845,1.267609844715163,1.1324274851176597e-14
140,0.4439201628155191,1.0,1.0,0.36689801169724845,1.2676074593115272,1.5987211554602254e-14
140,0.4439193070631443,1.0,0.9999926641836673,0.36689801169724845,1.2676099029044658,1.1546319456101628e-14
140,0.44391932744114515,1.0,0.9999928388702838,0.36689801169724845,1.2676098447151642,1.2656542480726785e-14
140,0.4439193070631443,1.0,0.9999926641836673,0.36689801169724845,1.2676099029044658,1.1546319456101628e-14
140,0.4439201628155196,1.0,1.0,0.36689801169724845,1.2676074593115272,1.7541523789077473e-14
140,0.4439201628155147,1.0,0.9999992838870284,0.36689801169724845,1.267607697850352,2.385388284675827e-07
140,0.4439199142164827,1.0,0.999997868925435,0.36689801169724845,1.2676081691827787,4.565459121863569e-12
140,0.44392016281551944,1.0,1.0,0.36689801169724845,1.2676074593115272,1.709743457922741e-14
140,0.4439194109785785,1.0,0.9999935549832554,0.36689801169724845,1.2676096061744064,1.1546319456101628e-12
140,0.4439201628155141,1.0,1.0,0.36689801169724845,1.2676074593115272,1.7763568394002505e-15
140,0.44391932744114615,1.0,0.9999928388702838,0.36689801169724845,1.2676098447151614,9.769962616701378e-15
140,0.4439185368860132,1.0,0.9999860619489678,0.36689801169724845,1.267612102168742,2.2579715874826434e-11
140,0.44391857560421677,1.0,0.9999863938535392,0.36689801169724845,1.2676119916076245,2.151989697551926e-11
140,0.4439185552262117,1.0,0.9999862191669227,0.36689801169724845,1.2676120497976773,2.206190785614126e-11
140,0.44391857560421866,1.0,0.9999863938535392,0.36689801169724845,1.2676119916076245,2.152522604603746e-11
140,0.44391941097858423,1.0,0.9999935549832554,0.36689801169724845,1.26760960617439,1.1382006448457105e-12
140,0.44392018115571547,1.0,1.0,0.36689801169724845,1.2676074593115272,5.237017330905758e-08
140,0.4439201628155183,1.0,1.0,0.36689801169724845,1.2676074593115272,1.3766765505351941e-14
140,0.4439194109785795,1.0,0.9999935549832554,0.36689801169724845,1.2676096061744035,1.1517453657461374e-12
140,0.4439193926383852,1.0,0.9999933977653006,0.36689801169724845,1.2676096585447365,1.1881606809538425e-12
140,0.44392091465245026,1.0,1.0,0.36689801169724845,1.2676074593115272,2.1468556123949156e-06
140,0.44391934578134673,1.0,0.9999929960882387,0.36689801169724845,1.2676097923447964,1.3322676295501878e-15
140,0.44391957604018434,1.0,0.9999949699448488,0.36689801169724845,1.267609134842012,6.87894186057747e-13
140,0.44391941097858484,1.0,0.9999935549832554,0.36689801169724845,1.2676096061743884,1.1366463326112353e-12
141,0.4439195108429251,1.0,0.999994411049832,0.36689801169724845,1.2676093210123418,1.1102230246251565e-15
141,0.4439201628155141,1.0,1.0,0.36689801169724845,1.2676074593115272,1.7763568394002505e-15
141,0.44391934578134673,1.0,0.9999929960882387,0.36689801169724845,1.2676097923447964,1.3322676295501878e-15
141,0.4439201628155147,1.0,1.0,0.36689801169724845,1.2676074593115272,3.552713678800501e-15
141,0.4439201628155147,1.0,1.0,0.36689801169724845,1.2676074593115272,3.552713678800501e-15
141,0.4439201628155128,1.0,1.0,0.36689801169724845,1.2676074593115292,1.9984014443252818e-15
141,0.4439201628155165,1.0,1.0,0.36689801169724845,1.2676074593115272,8.659739592076221e-15
141,0.4439201628155122,1.0,1.0,0.36689801169724845,1.2676074593115307,3.552713678800501e-15
141,0.44391932744114887,1.0,0.9999928388702838,0.36689801169724845,1.2676098447151536,1.9984014443252818e-15
141,0.44391932744115037,1.0,0.9999928388702838,0.36689801169724845,1.2676098447151516,2.220446049250313e-15
141,0.44392016281551744,1.0,1.0,0.36689801169724845,1.2676074593115272,1.1324274851176597e-14
141,0.4439201628155117,1.0,1.0,0.36689801169724845,1.2676074593115323,5.10702591327572e-15
141,0.4439193274411483,1.0,0.9999928388702838,0.36689801169724845,1.2676098447151551,3.552713678800501e-15
141,0.443920162815518,1.0,1.0,0.36689801169724845,1.2676074593115272,1.2878587085651816e-14
141,0.4439193274411481,1.0,0.9999928388702838,0.36689801169724845,1.2676098447151558,4.218847493575595e-15
141,0.4439201628155183,1.0,1.0,0.36689801169724845,1.2676074593115272,1.3766765505351941e-14
141,0.4439201628155183,1.0,1.0,0.36689801169724845,1.2676074593115272,1.3766765505351941e-14
141,0.44391930706314986,1.0,0.9999926641836673,0.36689801169724845,1.2676099029044543,4.440892098500626e-15
141,0.44391932744114615,1.0,0.9999928388702838,0.36689801169724845,1.2676098447151614,9.769962616701378e-15
141,0.4439201628155191,1.0,1.0,0.36689801169724845,1.2676074593115272,1.5987211554602254e-14
141,0.44392007927807847,1.0,0.9999992838870284,0.36689801169724845,1.2676076978514816,1.1295409052536343e-12
141,0.4439209146524417,1.0,1.0,0.36689801169724845,1.2676074593115272,2.146855587970009e-06
141,0.4439185756042206,1.0,0.9999863938535392,0.36689801169724845,1.2676119916076245,2.1530777161160586e-11
141,0.44392007927807603,1.0,0.9999992838870284,0.36689801169724845,1.2676076978514885,1.1364242880063102e-12
141,0.4439201793216971,1.0,1.0,0.36689801169724845,1.2676074593115272,4.713316137383572e-08
141,0.4439209146524453,1.0,1.0,0.36689801169724845,1.2676074593115272,2.1468555984061055e-06
141,0.4439185756042162,1.0,0.9999863938535392,0.36689801169724845,1.2676119916076245,2.1518342663284784e-11
141,0.44392017932169464,1.0,1.0,0.36689801169724845,1.2676074593115272,4.713315426840836e-08
141,0.44392016281550956,1.0,1.0,0.36689801169724845,1.2676074593115383,1.1102230246251565e-14
141,0.44392093299264257,1.0,1.0,0.36689801169724845,1.2676074593115272,2.199225580756803e-06
141,0.44392016281552127,1.0,1.0,0.36689801169724845,1.2676074593115272,2.220446049250313e-14
141,0.44392005890008074,1.0,0.9999991092004119,0.36689801169724845,1.2676077560405772,1.6722179196904108e-12
141,0.4439194109785892,1.0,0.9999935549832554,0.36689801169724845,1.2676096061743758,1.1239897901305085e-12
141,0.44392018115571014,1.0,1.0,0.36689801169724845,1.2676074593115272,5.237015798797984e-08
141,0.4439200627719025,1.0,0.999999142390869,0.36689801169724845,1.2676077449846423,1.5640821970919205e-12
141,0.4439185756042196,1.0,0.9999863938535392,0.36689801169724845,1.2676119916076245,2.152789058129656e-11
141,0.4439185756042159,1.0,0.9999863938535392,0.36689801169724845,1.2676119916076245,2.151723244026016e-11
141,0.4439195108429251,1.0,0.999994411049832,0.36689801169724845,1.2676093210123418,1.1102230246251565e-15
141,0.4439201628155167,1.0,1.0,0.36689801169724845,1.2676074593115272,9.325873406851315e-15
141,0.44392018115571497,1.0,1.0,0.36689801169724845,1.2676074593115272,5.237017175474534e-08
142,0.4439195108429251,1.0,0.999994411049832,0.36689801169724845,1.2676093210123418,1.1102230246251565e-15
142,0.4439201628155141,1.0,1.0,0.36689801169724845,1.2676074593115272,1.7763568394002505e-15
142,0.4439195108429251,1.0,0.999994411049832,0.36689801169724845,1.2676093210123418,1.1102230246251565e-15
142,0.4439201628155147,1.0,1.0,0.36689801169724845,1.2676074593115272,3.552713678800501e-15
142,0.4439201628155147,1.0,1.0,0.36689801169724845,1.2676074593115272,3.552713678800501e-15
142,0.4439201628155128,1.0,1.0,0.36689801169724845,1.2676074593115292,1.9984014443252818e-15
142,0.44391934578134673,1.0,0.9999929960882387,0.36689801169724845,1.2676097923447964,1.3322676295501878e-15
142,0.4439201628155165,1.0,1.0,0.36689801169724845,1.2676074593115272,8.659739592076221e-15
142,0.4439201628155122,1.0,1.0,0.36689801169724845,1.2676074593115307,3.552713678800501e-15
142,0.44391932744114887,1.0,0.9999928388702838,0.36689801169724845,1.2676098447151536,1.9984014443252818e-15
142,0.44391932744115037,1.0,0.9999928388702838,0.36689801169724845,1.2676098447151516,2.220446049250313e-15
142,0.4439201628155167,1.0,1.0,0.36689801169724845,1.2676074593115272,9.325873406851315e-15
142,0.4439201628155117,1.0,1.0,0.36689801169724845,1.2676074593115323,5.10702591327572e-15
142,0.4439193274411483,1.0,0.9999928388702838,0.36689801169724845,1.2676098447151551,3.552713678800501e-15
142,0.44392016281551744,1.0,1.0,0.36689801169724845,1.2676074593115272,1.1324274851176597e-14
142,0.44392016281550956,1.0,1.0,0.36689801169724845,1.2676074593115383,1.1102230246251565e-14
142,0.4439193274411481,1.0,0.9999928388702838,0.36689801169724845,1.2676098447151558,4.218847493575595e-15
142,0.443920162815518,1.0,1.0,0.36689801169724845,1.2676074593115272,1.2878587085651816e-14
142,0.44391930706314986,1.0,0.9999926641836673,0.36689801169724845,1.2676099029044543,4.440892098500626e-15
142,0.44391932744114615,1.0,0.9999928388702838,0.36689801169724845,1.2676098447151614,9.769962616701378e-15
142,0.44391941097859006,1.0,0.9999935549832554,0.36689801169724845,1.2676096061743733,1.1215472994763331e-12
142,0.443919979413717,1.0,0.9999984278204518,0.36689801169724845,1.2676079830128597,4.376721207677292e-12
142,0.4439193439473309,1.0,0.9999929803664431,0.36689801169724845,1.2676097975818312,1.176836406102666e-14
142,0.4439201628155163,1.0,1.0,0.36689801169724845,1.2676074593115272,7.993605777301127e-15
142,0.4439201628155147,1.0,0.9999985850384066,0.36689801169724845,1.2676079306387134,4.7132718972164866e-07
142,0.44392026267984835,1.0,1.0,0.36689801169724845,1.2676074593115272,2.8516106653775353e-07
142,0.44391939263838964,1.0,0.9999933977653006,0.36689801169724845,1.2676096585447238,1.1755041384731157e-12
142,0.4439200976182757,1.0,0.9999994411049833,0.36689801169724845,1.2676076454813023,6.301625887772389e-13
142,0.4439209146524416,1.0,1.0,0.36689801169724845,1.2676074593115272,2.1468555877479645e-06
142,0.44392016281552094,1.0,1.0,0.36689801169724845,1.2676074593115272,2.1316282072803006e-14
142,0.4439187755121739,1.0,0.9999928388702838,0.36689801169724845,1.267611420748066,1.5760329143965635e-06
142,0.4439208981462701,1.0,1.0,0.36689801169724845,1.2676074593115272,2.0997226171104444e-06
142,0.4439193274411415,1.0,0.9999928388702838,0.36689801169724845,1.2676098447151747,2.3092638912203256e-14
142,0.44392016281551705,1.0,0.9999928388702838,0.36689801169724845,1.2676098447151516,2.3854036346193652e-06
142,0.44392091465244626,1.0,1.0,0.36689801169724845,1.2676074593115272,2.1468556010706408e-06
142,0.4439193070631528,1.0,0.9999926641836673,0.36689801169724845,1.2676099029044543,1.2878587085651816e-14
142,0.4439194109785867,1.0,0.9999935549832554,0.36689801169724845,1.267609606174383,1.1310952174881095e-12
142,0.443919307063149,1.0,0.9999926641836673,0.36689801169724845,1.2676099029044543,1.9984014443252818e-15
142,0.44392014630933224,1.0,0.9999998585038407,0.36689801169724845,1.2676075064446852,4.993783164763954e-13
142,0.44391957604019,1.0,0.9999949699448488,0.36689801169724845,1.2676091348419958,6.716849298982197e-13
143,0.4439195108429251,1.0,0.999994411049832,0.36689801169724845,1.2676093210123418,1.1102230246251565e-15
143,0.4439201628155141,1.0,1.0,0.36689801169724845,1.2676074593115272,1.7763568394002505e-15
143,0.4439195108429251,1.0,0.999994411049832,0.36689801169724845,1.2676093210123418,1.1102230246251565e-15
143,0.4439201628155147,1.0,1.0,0.36689801169724845,1.2676074593115272,3.552713678800501e-15
143,0.4439201628155147,1.0,1.0,0.36689801169724845,1.2676074593115272,3.552713678800501e-15
143,0.4439201628155128,1.0,1.0,0.36689801169724845,1.2676074593115292,1.9984014443252818e-15
143,0.44391934578134673,1.0,0.9999929960882387,0.36689801169724845,1.2676097923447964,1.3322676295501878e-15
143,0.4439201628155163,1.0,1.0,0.36689801169724845,1.2676074593115272,7.993605777301127e-15
143,0.4439201628155122,1.0,1.0,0.36689801169724845,1.2676074593115307,3.552713678800501e-15
143,0.44391932744114887,1.0,0.9999928388702838,0.36689801169724845,1.2676098447151536,1.9984014443252818e-15
143,0.44391932744115037,1.0,0.9999928388702838,0.36689801169724845,1.2676098447151516,2.220446049250313e-15
143,0.4439201628155165,1.0,1.0,0.36689801169724845,1.2676074593115272,8.659739592076221e-15
143,0.4439201628155117,1.0,1.0,0.36689801169724845,1.2676074593115323,5.10702591327572e-15
143,0.443919307063149,1.0,0.9999926641836673,0.36689801169724845,1.2676099029044543,1.9984014443252818e-15
143,0.4439193274411483,1.0,0.9999928388702838,0.36689801169724845,1.2676098447151551,3.552713678800501e-15
143,0.4439201628155167,1.0,1.0,0.36689801169724845,1.2676074593115272,9.325873406851315e-15
143,0.4439193274411481,1.0,0.9999928388702838,0.36689801169724845,1.2676098447151558,4.218847493575595e-15
143,0.44392016281551744,1.0,1.0,0.36689801169724845,1.2676074593115272,1.1324274851176597e-14
143,0.44391930706314986,1.0,0.9999926641836673,0.36689801169724845,1.2676099029044543,4.440892098500626e-15
143,0.44391932744114615,1.0,0.9999928388702838,0.36689801169724845,1.2676098447151614,9.769962616701378e-15
143,0.44392016281551916,1.0,1.0,0.36689801169724845,1.2676074593115272,1.6209256159527285e-14
143,0.44391930706314964,1.0,0.9999926641836673,0.36689801169724845,1.2676099029044543,3.774758283725532e-15
143,0.4439193926383863,1.0,0.9999933977653006,0.36689801169724845,1.2676096585447334,1.185052056484892e-12
143,0.44391930706315164,1.0,0.9999926641836673,0.36689801169724845,1.2676099029044543,9.547918011776346e-15
143,0.4439195760401846,1.0,0.9999949699448488,0.36689801169724845,1.2676091348420113,6.872280522429719e-13
143,0.44391932744114426,1.0,0.9999928388702838,0.36689801169724845,1.2676098447151667,1.509903313490213e-14
143,0.44391991421647675,1.0,0.999997868925435,0.36689801169724845,1.2676081691827956,4.582334511837871e-12
143,0.44391932744115103,1.0,0.9999928388702838,0.36689801169724845,1.2676098447151516,4.218847493575595e-15
143,0.44391859394441774,1.0,0.999986551071494,0.36689801169724845,1.2676119392365943,2.103450746915314e-11
143,0.4439201628155155,1.0,1.0,0.36689801169724845,1.2676074593115272,5.773159728050814e-15
143,0.4439191623795497,1.0,0.9999914239086904,0.36689801169724845,1.2676103160490881,1.0313971898767704e-12
143,0.44391874066581827,1.0,0.9999878088151326,0.36689801169724845,1.2676115202689462,1.6997514507011147e-11
143,0.44392026267985246,1.0,1.0,0.36689801169724845,1.2676074593115272,2.85161078084073e-07
143,0.44392006277189894,1.0,0.999999142390869,0.36689801169724845,1.2676077449846526,1.574296248918472e-12
143,0.4439185756042155,1.0,0.9999863938535392,0.36689801169724845,1.2676119916076245,2.1516122217235534e-11
143,0.44391951084292647,1.0,0.999994411049832,0.36689801169724845,1.2676093210123418,5.10702591327572e-15
143,0.44391930706314925,1.0,0.9999926641836673,0.36689801169724845,1.2676099029044543,2.6645352591003757e-15
143,0.44392016281551744,1.0,0.9999989677042525,0.36689801169724845,1.2676078031716476,3.4386013170184526e-07
143,0.4439194109785859,1.0,0.9999935549832554,0.36689801169724845,1.2676096061743853,1.1335377081422848e-12
143,0.4439201628155122,1.0,1.0,0.36689801169724845,1.2676074593115307,3.552713678800501e-15
144,0.4439195108429251,1.0,0.999994411049832,0.36689801169724845,1.2676093210123418,1.1102230246251565e-15
144,0.4439201628155141,1.0,1.0,0.36689801169724845,1.2676074593115272,1.7763568394002505e-15
144,0.4439195108429251,1.0,0.999994411049832,0.36689801169724845,1.2676093210123418,1.1102230246251565e-15
144,0.4439201628155147,1.0,1.0,0.36689801169724845,1.2676074593115272,3.552713678800501e-15
144,0.4439201628155147,1.0,1.0,0.36689801169724845,1.2676074593115272,3.552713678800501e-15
144,0.4439201628155128,1.0,1.0,0.36689801169724845,1.2676074593115292,1.9984014443252818e-15
144,0.44391934578134673,1.0,0.9999929960882387,0.36689801169724845,1.2676097923447964,1.3322676295501878e-15
144,0.4439201628155155,1.0,1.0,0.36689801169724845,1.2676074593115272,5.773159728050814e-15
144,0.4439201628155122,1.0,1.0,0.36689801169724845,1.2676074593115307,3.552713678800501e-15
144,0.4439201628155122,1.0,1.0,0.36689801169724845,1.2676074593115307,3.552713678800501e-15
144,0.44391932744114887,1.0,0.9999928388702838,0.36689801169724845,1.2676098447151536,1.9984014443252818e-15
144,0.44391932744115037,1.0,0.9999928388702838,0.36689801169724845,1.2676098447151516,2.220446049250313e-15
144,0.4439201628155163,1.0,1.0,0.36689801169724845,1.2676074593115272,7.993605777301127e-15
144,0.4439201628155117,1.0,1.0,0.36689801169724845,1.2676074593115323,5.10702591327572e-15
144,0.443919307063149,1.0,0.9999926641836673,0.36689801169724845,1.2676099029044543,1.9984014443252818e-15
144,0.4439193274411483,1.0,0.9999928388702838,0.36689801169724845,1.2676098447151551,3.552713678800501e-15
144,0.44391932744115103,1.0,0.9999928388702838,0.36689801169724845,1.2676098447151516,4.218847493575595e-15
144,0.4439201628155165,1.0,1.0,0.36689801169724845,1.2676074593115272,8.659739592076221e-15
144,0.44391930706314925,1.0,0.9999926641836673,0.36689801169724845,1.2676099029044543,2.6645352591003757e-15
144,0.44391951084292647,1.0,0.999994411049832,0.36689801169724845,1.2676093210123418,5.10702591327572e-15
144,0.4439195108429269,1.0,0.999994411049832,0.36689801169724845,1.2676093210123418,6.439293542825908e-15
144,0.44391875900599953,1.0,1.0,0.36689801169724845,1.2676114678814991,4.008569971958309e-06
144,0.4439195108429251,1.0,1.0,0.36689801169724845,1.2676093210123407,1.8617008135102253e-06
144,0.4439187590060173,1.0,0.9999879660330875,0.36689801169724845,1.2676114678980641,1.6615819831145018e-11
144,0.44392016281551705,1.0,1.0,0.36689801169724845,1.2676074593115272,1.021405182655144e-14
144,0.44392007927807736,1.0,0.9999992838870284,0.36689801169724845,1.2676076978514847,1.1326495297225847e-12
144,0.4439193926383836,1.0,0.9999933977653006,0.36689801169724845,1.2676096585447412,1.1928236176572682e-12
144,0.4439209146524422,1.0,1.0,0.36689801169724845,1.2676074593115272,2.1468555895243213e-06
144,0.4439200976182793,1.0,0.9999994411049833,0.36689801169724845,1.2676076454812921,6.199485369506874e-13
144,0.44391932356932595,1.0,0.9999928056798266,0.36689801169724845,1.2676098557711284,1.0880185641326534e-14
144,0.4439201628155091,1.0,1.0,0.36689801169724845,1.2676074593115396,1.2434497875801753e-14
144,0.44391932744115037,1.0,1.0,0.36689801169724845,1.2676098447151494,2.3854036221848673e-06
144,0.44392074959084016,1.0,1.0,0.36689801169724845,1.2676074593115272,1.6755260483503065e-06
144,0.44391855522621787,1.0,0.9999862191669227,0.36689801169724845,1.2676120497976773,2.2079449379930338e-11
144,0.44392016281551305,1.0,1.0,0.36689801169724845,1.2676074593115283,1.1102230246251565e-15
144,0.4439201444753112,1.0,0.9999998427820451,0.36689801169724845,1.2676075116817056,5.568878691519785e-13
144,0.44391941097858334,1.0,0.9999935549832554,0.36689801169724845,1.2676096061743927,1.1408651801048109e-12
144,0.4439193457813497,1.0,0.9999929960882387,0.36689801169724845,1.2676097923447964,9.769962616701378e-15
144,0.44391991421647947,1.0,0.999997868925435,0.36689801169724845,1.2676081691827878,4.574562950665495e-12
144,0.4439207495908445,1.0,1.0,0.36689801169724845,1.2676074593115272,1.6755260607848044e-06
145,0.4439201628155141,1.0,1.0,0.36689801169724845,1.2676074593115272,1.7763568394002505e-15
145,0.44392016281551305,1.0,1.0,0.36689801169724845,1.2676074593115283,1.1102230246251565e-15
145,0.4439201628155147,1.0,1.0,0.36689801169724845,1.2676074593115272,3.552713678800501e-15
145,0.4439201628155147,1.0,1.0,0.36689801169724845,1.2676074593115272,3.552713678800501e-15
145,0.4439195108429251,1.0,0.999994411049832,0.36689801169724845,1.2676093210123418,1.1102230246251565e-15
145,0.4439195108429251,1.0,0.999994411049832,0.36689801169724845,1.2676093210123418,1.1102230246251565e-15
145,0.4439201628155128,1.0,1.0,0.36689801169724845,1.2676074593115292,1.9984014443252818e-15
145,0.4439201628155155,1.0,1.0,0.36689801169724845,1.2676074593115272,5.773159728050814e-15
145,0.44391934578134673,1.0,0.9999929960882387,0.36689801169724845,1.2676097923447964,1.3322676295501878e-15
145,0.4439201628155122,1.0,1.0,0.36689801169724845,1.2676074593115307,3.552713678800501e-15
145,0.4439201628155122,1.0,1.0,0.36689801169724845,1.2676074593115307,3.552713678800501e-15
145,0.4439201628155163,1.0,1.0,0.36689801169724845,1.2676074593115272,7.993605777301127e-15
145,0.44391932744114887,1.0,0.9999928388702838,0.36689801169724845,1.2676098447151536,1.9984014443252818e-15
145,0.44391932744115037,1.0,0.9999928388702838,0.36689801169724845,1.2676098447151516,2.220446049250313e-15
145,0.4439201628155117,1.0,1.0,0.36689801169724845,1.2676074593115323,5.10702591327572e-15
145,0.4439201628155165,1.0,1.0,0.36689801169724845,1.2676074593115272,8.659739592076221e-15
145,0.443919307063149,1.0,0.9999926641836673,0.36689801169724845,1.2676099029044543,1.9984014443252818e-15
145,0.4439193274411483,1.0,0.9999928388702838,0.36689801169724845,1.2676098447151551,3.552713678800501e-15
145,0.44391932744115103,1.0,0.9999928388702838,0.36689801169724845,1.2676098447151516,4.218847493575595e-15
145,0.44391951084292647,1.0,0.999994411049832,0.36689801169724845,1.2676093210123418,5.10702591327572e-15
145,0.4439209146524378,1.0,1.0,0.36689801169724845,1.2676074593115272,2.146855576867779e-06
145,0.4439199142164795,1.0,0.999997868925435,0.36689801169724845,1.2676081691827878,4.574562950665495e-12
145,0.44391999775391905,1.0,0.9999985850384066,0.36689801169724845,1.2676079306426429,3.929523373358279e-12
145,0.44392019766189206,1.0,1.0,0.36689801169724845,1.2676074593115272,9.950331070207596e-08
145,0.44391941097858906,1.0,0.9999935549832554,0.36689801169724845,1.2676096061743762,1.1244338793403585e-12
145,0.4439195108429251,1.0,1.0,0.36689801169724845,1.2676093210123407,1.8617008135102253e-06
145,0.4439193274411461,1.0,0.9999928388702838,0.36689801169724845,1.2676098447151616,9.992007221626409e-15
145,0.44392089814626245,1.0,1.0,0.36689801169724845,1.2676074593115272,2.099722595350073e-06
145,0.4439201628155187,1.0,1.0,0.36689801169724845,1.2676074593115272,1.4876988529977098e-14
145,0.44392005890007363,1.0,0.9999991092004119,0.36689801169724845,1.2676077560405976,1.6926460233435137e-12
145,0.4439207495908439,1.0,1.0,0.36689801169724845,1.2676074593115272,1.6755260590084475e-06
145,0.44391957604018806,1.0,0.9999949699448488,0.36689801169724845,1.2676091348420013,6.772360450213455e-13
145,0.44391949250272467,1.0,0.9999942538318771,0.36689801169724845,1.2676093733826677,1.1879386363489175e-13
145,0.44391932744115176,1.0,0.9999928388702838,0.36689801169724845,1.2676098447151516,6.217248937900877e-15
145,0.44392091465244027,1.0,1.0,0.36689801169724845,1.2676074593115272,2.146855583973206e-06
145,0.44392016281551727,1.0,1.0,0.36689801169724845,1.2676074593115272,1.0880185641326534e-14
145,0.443920914652444,1.0,0.9999926641836673,0.36689801169724845,1.2676099029044543,4.590448521746282e-06
145,0.4439201628155106,1.0,1.0,0.36689801169724845,1.2676074593115354,8.215650382226158e-15
145,0.44391947599657006,1.0,0.9999928388702838,0.36689801169724845,1.2676098447151516,4.24199259718705e-07
145,0.4439185756042204,1.0,0.9999863938535392,0.36689801169724845,1.2676119916076245,2.153011102734581e-11
146,0.4439201628155141,1.0,1.0,0.36689801169724845,1.2676074593115272,1.7763568394002505e-15
146,0.44392016281551305,1.0,1.0,0.36689801169724845,1.2676074593115283,1.1102230246251565e-15
146,0.4439201628155147,1.0,1.0,0.36689801169724845,1.2676074593115272,3.552713678800501e-15
146,0.4439201628155147,1.0,1.0,0.36689801169724845,1.2676074593115272,3.552713678800501e-15
146,0.4439195108429251,1.0,0.999994411049832,0.36689801169724845,1.2676093210123418,1.1102230246251565e-15
146,0.4439195108429251,1.0,0.999994411049832,0.36689801169724845,1.2676093210123418,1.1102230246251565e-15
146,0.4439201628155128,1.0,1.0,0.36689801169724845,1.2676074593115292,1.9984014443252818e-15
146,0.4439201628155155,1.0,1.0,0.36689801169724845,1.2676074593115272,5.773159728050814e-15
146,0.44391934578134673,1.0,0.9999929960882387,0.36689801169724845,1.2676097923447964,1.3322676295501878e-15
146,0.4439201628155122,1.0,1.0,0.36689801169724845,1.2676074593115307,3.552713678800501e-15
146,0.4439201628155122,1.0,1.0,0.36689801169724845,1.2676074593115307,3.552713678800501e-15
146,0.4439201628155163,1.0,1.0,0.36689801169724845,1.2676074593115272,7.993605777301127e-15
146,0.44391932744114887,1.0,0.9999928388702838,0.36689801169724845,1.2676098447151536,1.9984014443252818e-15
146,0.44391932744115037,1.0,0.9999928388702838,0.36689801169724845,1.2676098447151516,2.220446049250313e-15
146,0.4439201628155117,1.0,1.0,0.36689801169724845,1.2676074593115323,5.10702591327572e-15
146,0.4439201628155165,1.0,1.0,0.36689801169724845,1.2676074593115272,8.659739592076221e-15
146,0.443919307063149,1.0,0.9999926641836673,0.36689801169724845,1.2676099029044543,1.9984014443252818e-15
146,0.44391951084292647,1.0,0.999994411049832,0.36689801169724845,1.2676093210123418,5.10702591327572e-15
146,0.4439201628155106,1.0,1.0,0.36689801169724845,1.2676074593115354,8.215650382226158e-15
146,0.44391932744115103,1.0,0.9999928388702838,0.36689801169724845,1.2676098447151516,4.218847493575595e-15
146,0.4439201628155143,1.0,1.0,0.36689801169724845,1.2676074593115272,2.220446049250313e-15
146,0.4439193926383894,1.0,0.9999933977653006,0.36689801169724845,1.2676096585447245,1.1761702722878908e-12
146,0.4439199325566774,1.0,0.9999980261433898,0.36689801169724845,1.2676081168125677,4.18243217836789e-12
146,0.44391930706315214,1.0,0.9999926641836673,0.36689801169724845,1.2676099029044543,1.0880185641326534e-14
146,0.44391932744115203,1.0,0.9999928388702838,0.36689801169724845,1.2676098447151516,7.105427357601002e-15
146,0.4439201628155141,1.0,1.0,0.36689801169724845,1.2676074593115272,1.7763568394002505e-15
146,0.4439201628155128,1.0,0.999994411049832,0.36689801169724845,1.2676093210123418,1.861700812622047e-06
146,0.44392016281551133,1.0,1.0,0.36689801169724845,1.2676074593115334,6.217248937900877e-15
146,0.4439199142164782,1.0,0.999997868925435,0.36689801169724845,1.2676081691827916,4.5783377089492205e-12
146,0.4439203462173091,1.0,1.0,0.36689801169724845,1.2676074593115272,5.237008973146828e-07
146,0.4439194925027239,1.0,0.9999942538318771,0.36689801169724845,1.2676093733826699,1.2101430968414206e-13
146,0.44392016281551605,1.0,1.0,0.36689801169724845,1.2676074593115272,7.327471962526033e-15
146,0.4439202626798544,1.0,1.0,0.36689801169724845,1.2676074593115272,2.851610836351881e-07
146,0.44392016281550856,1.0,1.0,0.36689801169724845,1.2676074593115412,1.3988810110276972e-14
146,0.4439195760401821,1.0,0.9999949699448488,0.36689801169724845,1.2676091348420184,6.943334796005729e-13
146,0.44391969424472494,1.0,0.9999959832293802,0.36689801169724845,1.267608797311179,1.2860823517257813e-12
146,0.4439201628155092,1.0,1.0,0.36689801169724845,1.2676074593115394,1.2212453270876722e-14
146,0.44391951084292647,1.0,0.9999928388702838,0.36689801169724845,1.2676098447151516,5.23702814891891e-07
146,0.44391951084294395,1.0,0.999994411049832,0.36689801169724845,1.2676093210123418,5.5067062021407764e-14
146,0.44391932744115103,1.0,0.9999985850384066,0.36689801169724845,1.2676098447151474,1.914076434017531e-06
147,0.4439201628155141,1.0,1.0,0.36689801169724845,1.2676074593115272,1.7763568394002505e-15
147,0.44392016281551305,1.0,1.0,0.36689801169724845,1.2676074593115283,1.1102230246251565e-15
147,0.4439201628155141,1.0,1.0,0.36689801169724845,1.2676074593115272,1.7763568394002505e-15
147,0.4439195108429251,1.0,0.999994411049832,0.36689801169724845,1.2676093210123418,1.1102230246251565e-15
147,0.4439195108429251,1.0,0.999994411049832,0.36689801169724845,1.2676093210123418,1.1102230246251565e-15
147,0.4439201628155128,1.0,1.0,0.36689801169724845,1.2676074593115292,1.9984014443252818e-15
147,0.4439201628155143,1.0,1.0,0.36689801169724845,1.2676074593115272,2.220446049250313e-15
147,0.44391934578134673,1.0,0.9999929960882387,0.36689801169724845,1.2676097923447964,1.3322676295501878e-15
147,0.4439201628155147,1.0,1.0,0.36689801169724845,1.2676074593115272,3.552713678800501e-15
147,0.4439201628155147,1.0,1.0,0.36689801169724845,1.2676074593115272,3.552713678800501e-15
147,0.44391932744114887,1.0,0.9999928388702838,0.36689801169724845,1.2676098447151536,1.9984014443252818e-15
147,0.44391932744115037,1.0,0.9999928388702838,0.36689801169724845,1.2676098447151516,2.220446049250313e-15
147,0.4439201628155155,1.0,1.0,0.36689801169724845,1.2676074593115272,5.773159728050814e-15
147,0.4439201628155122,1.0,1.0,0.36689801169724845,1.2676074593115307,3.552713678800501e-15
147,0.4439201628155122,1.0,1.0,0.36689801169724845,1.2676074593115307,3.552713678800501e-15
147,0.443919307063149,1.0,0.9999926641836673,0.36689801169724845,1.2676099029044543,1.9984014443252818e-15
147,0.44392016281551605,1.0,1.0,0.36689801169724845,1.2676074593115272,7.327471962526033e-15
147,0.4439201628155117,1.0,1.0,0.36689801169724845,1.2676074593115323,5.10702591327572e-15
147,0.44391932744115103,1.0,0.9999928388702838,0.36689801169724845,1.2676098447151516,4.218847493575595e-15
147,0.4439201628155163,1.0,1.0,0.36689801169724845,1.2676074593115272,7.993605777301127e-15
147,0.443919345781345,1.0,0.9999929960882387,0.36689801169724845,1.2676097923448,3.552713678800501e-15
147,0.44391916237954826,1.0,0.9999914239086904,0.36689801169724845,1.2676103160490881,1.0271783423831948e-12
147,0.44392016281551466,1.0,1.0,0.36689801169724845,1.2676074593115272,3.3306690738754696e-15
147,0.44392016281551344,1.0,1.0,0.36689801169724845,1.2676074593115272,0.0
147,0.4439195760401861,1.0,0.9999949699448488,0.36689801169724845,1.2676091348420069,6.827871601444713e-13
147,0.44391957604018567,1.0,0.9999949699448488,0.36689801169724845,1.2676091348420082,6.841194277740215e-13
147,0.44392089814626307,1.0,1.0,0.36689801169724845,1.2676074593115272,2.09972259712643e-06
147,0.4439194109785835,1.0,0.9999935549832554,0.36689801169724845,1.2676096061743922,1.1404210908949608e-12
147,0.4439202626798515,1.0,1.0,0.36689801169724845,1.2676074593115272,2.851610754195377e-07
147,0.44391993255667683,1.0,0.9999980261433898,0.36689801169724845,1.2676081168125692,4.183986490602365e-12
147,0.44391932744114887,1.0,0.9999935549832554,0.36689801169724845,1.2676098447151536,2.3854190178695944e-07
147,0.4439209329926439,1.0,1.0,0.36689801169724845,1.2676074593115272,2.199225584531561e-06
147,0.4439209146524425,1.0,1.0,0.36689801169724845,1.2676074593115272,2.146855590190455e-06
147,0.4439201628155122,1.0,1.0,0.36689801169724845,1.2676074593115307,3.552713678800501e-15
147,0.4439201628155122,1.0,1.0,0.36689801169724845,1.2676074593115307,3.552713678800501e-15
147,0.4439203278771121,1.0,1.0,0.36689801169724845,1.2676074593115272,4.7133077729633044e-07
147,0.4439201628155147,1.0,1.0,0.36689801169724845,1.2676074593115272,3.552713678800501e-15
147,0.4439194109785857,1.0,0.9999935549832554,0.36689801169724845,1.2676096061743858,1.1339817973521349e-12
147,0.4439202461736757,1.0,1.0,0.36689801169724845,1.2676074593115272,2.380279542357755e-07
147,0.4439201628155163,1.0,1.0,0.36689801169724845,1.2676074593115272,7.993605777301127e-15
148,0.44392016281551344,1.0,1.0,0.36689801169724845,1.2676074593115272,0.0
148,0.4439201628155141,1.0,1.0,0.36689801169724845,1.2676074593115272,1.7763568394002505e-15
148,0.44392016281551305,1.0,1.0,0.36689801169724845,1.2676074593115283,1.1102230246251565e-15
148,0.4439201628155141,1.0,1.0,0.36689801169724845,1.2676074593115272,1.7763568394002505e-15
148,0.4439195108429251,1.0,0.999994411049832,0.36689801169724845,1.2676093210123418,1.1102230246251565e-15
148,0.4439195108429251,1.0,0.999994411049832,0.36689801169724845,1.2676093210123418,1.1102230246251565e-15
148,0.4439201628155128,1.0,1.0,0.36689801169724845,1.2676074593115292,1.9984014443252818e-15
148,0.4439201628155143,1.0,1.0,0.36689801169724845,1.2676074593115272,2.220446049250313e-15
148,0.44391934578134673,1.0,0.9999929960882387,0.36689801169724845,1.2676097923447964,1.3322676295501878e-15
148,0.44392016281551466,1.0,1.0,0.36689801169724845,1.2676074593115272,3.3306690738754696e-15
148,0.44391932744114887,1.0,0.9999928388702838,0.36689801169724845,1.2676098447151536,1.9984014443252818e-15
148,0.44391932744115037,1.0,0.9999928388702838,0.36689801169724845,1.2676098447151516,2.220446049250313e-15
148,0.4439201628155147,1.0,1.0,0.36689801169724845,1.2676074593115272,3.552713678800501e-15
148,0.4439201628155147,1.0,1.0,0.36689801169724845,1.2676074593115272,3.552713678800501e-15
148,0.4439201628155147,1.0,1.0,0.36689801169724845,1.2676074593115272,3.552713678800501e-15
148,0.443919307063149,1.0,0.9999926641836673,0.36689801169724845,1.2676099029044543,1.9984014443252818e-15
148,0.4439201628155155,1.0,1.0,0.36689801169724845,1.2676074593115272,5.773159728050814e-15
148,0.4439201628155122,1.0,1.0,0.36689801169724845,1.2676074593115307,3.552713678800501e-15
148,0.4439201628155122,1.0,1.0,0.36689801169724845,1.2676074593115307,3.552713678800501e-15
148,0.4439201628155122,1.0,1.0,0.36689801169724845,1.2676074593115307,3.552713678800501e-15
148,0.44392016281551344,1.0,1.0,0.36689801169724845,1.2676074593115272,0.0
148,0.4439201628155141,1.0,0.999994411049832,0.36689801169724845,1.2676093210123418,1.8617008163968052e-06
148,0.4439191807197495,1.0,0.9999915811266453,0.36689801169724845,1.2676102636785849,9.310330284506563e-13
148,0.44391942748476226,1.0,0.9999936964794148,0.36689801169724845,1.267609559041085,1.0860201626883281e-12
148,0.4439208981462631,1.0,1.0,0.36689801169724845,1.2676074593115272,2.09972259712643e-06
148,0.44392007927807925,1.0,0.9999992838870284,0.36689801169724845,1.2676076978514794,1.127320459204384e-12
148,0.4439199142164799,1.0,0.999997868925435,0.36689801169724845,1.2676081691827867,4.57345272764087e-12
148,0.4439201628155105,1.0,1.0,0.36689801169724845,1.2676074593115356,8.43769498715119e-15
148,0.443919576040184,1.0,0.9999949699448488,0.36689801169724845,1.267609134842013,6.890044090823721e-13
148,0.44391957604018484,1.0,0.9999949699448488,0.36689801169724845,1.2676091348420107,6.865619184281968e-13
148,0.4439201628155142,1.0,0.9999928388702838,0.36689801169724845,1.2676098447151516,2.3854036266257594e-06
148,0.4439201628155165,1.0,1.0,0.36689801169724845,1.2676074593115272,8.659739592076221e-15
148,0.4439201628155128,1.0,1.0,0.36689801169724845,1.2676074593115292,1.9984014443252818e-15
148,0.4439193457813479,1.0,0.9999929960882387,0.36689801169724845,1.2676097923447964,4.6629367034256575e-15
148,0.44391932744114887,1.0,0.9999928388702838,0.36689801169724845,1.2676098447151536,1.9984014443252818e-15
148,0.44391932744114826,1.0,0.9999928388702838,0.36689801169724845,1.2676098447151554,3.774758283725532e-15
148,0.4439209146524434,1.0,1.0,0.36689801169724845,1.2676074593115272,2.1468555928549904e-06
148,0.44391999775391605,1.0,0.9999985850384066,0.36689801169724845,1.2676079306426515,3.938183112950355e-12
148,0.4439187590059976,1.0,0.9999879660330874,0.36689801169724845,1.2676114678980641,1.655942050149406e-11
148,0.4439208981462653,1.0,1.0,0.36689801169724845,1.2676074593115272,2.099722603343679e-06
149,0.44392016281551344,1.0,1.0,0.36689801169724845,1.2676074593115272,0.0
149,0.44392016281551344,1.0,1.0,0.36689801169724845,1.2676074593115272,0.0
149,0.4439201628155141,1.0,1.0,0.36689801169724845,1.2676074593115272,1.7763568394002505e-15
149,0.44392016281551305,1.0,1.0,0.36689801169724845,1.2676074593115283,1.1102230246251565e-15
149,0.4439201628155141,1.0,1.0,0.36689801169724845,1.2676074593115272,1.7763568394002505e-15
149,0.4439195108429251,1.0,0.999994411049832,0.36689801169724845,1.2676093210123418,1.1102230246251565e-15
149,0.4439195108429251,1.0,0.999994411049832,0.36689801169724845,1.2676093210123418,1.1102230246251565e-15
149,0.4439201628155128,1.0,1.0,0.36689801169724845,1.2676074593115292,1.9984014443252818e-15
149,0.4439201628155143,1.0,1.0,0.36689801169724845,1.2676074593115272,2.220446049250313e-15
149,0.4439201628155128,1.0,1.0,0.36689801169724845,1.2676074593115292,1.9984014443252818e-15
149,0.44391934578134673,1.0,0.9999929960882387,0.36689801169724845,1.2676097923447964,1.3322676295501878e-15
149,0.44392016281551466,1.0,1.0,0.36689801169724845,1.2676074593115272,3.3306690738754696e-15
149,0.44391932744114887,1.0,0.9999928388702838,0.36689801169724845,1.2676098447151536,1.9984014443252818e-15
149,0.44391932744115037,1.0,0.9999928388702838,0.36689801169724845,1.2676098447151516,2.220446049250313e-15
149,0.44391932744114887,1.0,0.9999928388702838,0.36689801169724845,1.2676098447151536,1.9984014443252818e-15
149,0.4439201628155147,1.0,1.0,0.36689801169724845,1.2676074593115272,3.552713678800501e-15
149,0.4439201628155147,1.0,1.0,0.36689801169724845,1.2676074593115272,3.552713678800501e-15
149,0.4439201628155147,1.0,1.0,0.36689801169724845,1.2676074593115272,3.552713678800501e-15
149,0.443919307063149,1.0,0.9999926641836673,0.36689801169724845,1.2676099029044543,1.9984014443252818e-15
149,0.4439201628155155,1.0,1.0,0.36689801169724845,1.2676074593115272,5.773159728050814e-15
149,0.4439195108429251,1.0,0.999994411049832,0.36689801169724845,1.2676093210123418,1.1102230246251565e-15
149,0.4439187755121732,1.0,0.9999881075292468,0.36689801169724845,1.2676114207642843,1.621613954227996e-11
149,0.4439187590060161,1.0,0.9999879660330875,0.36689801169724845,1.2676114678980641,1.6612267117466217e-11
149,0.44392016281551416,1.0,1.0,0.36689801169724845,1.2676074593115272,1.9984014443252818e-15
149,0.4439201628155141,1.0,1.0,0.36689801169724845,1.2676074593115272,1.7763568394002505e-15
149,0.4439208981462648,1.0,1.0,0.36689801169724845,1.2676074593115272,2.0997226020114113e-06
149,0.4439200589000752,1.0,0.9999991092004119,0.36689801169724845,1.2676077560405932,1.688205131245013e-12
149,0.4439201628155153,1.0,1.0,0.36689801169724845,1.2676074593115272,5.10702591327572e-15
149,0.4439187590059965,1.0,0.9999879660330874,0.36689801169724845,1.2676114678980641,1.655631187702511e-11
149,0.4439209146524428,1.0,1.0,0.36689801169724845,1.2676074593115272,2.146855591300678e-06
149,0.4439185572640198,1.0,0.9999862366355843,0.36689801169724845,1.267612043978671,2.202882321000743e-11
149,0.44392089814626223,1.0,1.0,0.36689801169724845,1.2676074593115272,2.0997225946839393e-06
149,0.44392016281551494,1.0,1.0,0.36689801169724845,1.2676074593115272,4.218847493575595e-15
149,0.44391932744115037,1.0,0.999994411049832,0.36689801169724845,1.2676098447151494,5.23702807564419e-07
149,0.44391932744114826,1.0,0.9999928388702838,0.36689801169724845,1.2676098447151554,3.774758283725532e-15
149,0.4439200976182745,1.0,0.9999994411049833,0.36689801169724845,1.2676076454813057,6.334932578511143e-13
149,0.4439201976618907,1.0,1.0,0.36689801169724845,1.2676074593115272,9.950330692731768e-08
149,0.4439201628155135,1.0,1.0,0.36689801169724845,1.2676074593115272,0.0
149,0.4439195108429245,1.0,0.999994411049832,0.36689801169724845,1.2676093210123422,4.440892098500626e-16
149,0.4439194109785853,1.0,0.9999935549832554,0.36689801169724845,1.2676096061743871,1.135314064981685e-12
