gen,sA,sB,sRail,pRail,Tmax,DeltaT
0,0.46146495108225233,0.9945604702622978,0.3720845177642469,0.048221083177338635,2.352815963821941,1.3683775889635221
0,0.9167536429233107,0.8497948105700512,0.7459045201010346,0.06406862129284212,1.569475149620252,1.0739398326971235
0,0.6419943380875288,0.8157098386518279,0.6586520965665822,0.28236580184879095,1.5926829671979885,0.8850695509681078
0,0.9419067014658171,0.16808126650962907,0.7127593681180125,0.27264916801529115,5.203114464457113,4.720812123585452
0,0.9012989121483109,0.7557759336835859,0.9577170222793688,0.21624516586821685,1.4671012986321021,0.9630689505899636
0,0.8408911019542014,0.7996579386554177,0.25983022429358604,0.07020084442546701,3.1913189767674135,2.651078027747986
0,0.4045099204897625,0.10831159427371367,0.1686169268032935,0.2215915740942813,9.590156248081694,8.46710886815861
0,0.7201013031576777,0.8438773857304519,0.4489315838421152,0.14535853659390818,2.029952394074507,1.399091423737342
0,0.781375155438354,0.5920592692728195,0.4542237995938164,0.30366219229964225,2.2237602400306606,1.6423701052934923
0,0.42801040414424946,0.6033386553810532,0.6856950040679968,0.20194086542868314,1.9121271756735068,0.850742213948414
0,0.2364319493983401,0.9351290313831687,0.8778685660369199,0.35688916635711077,1.9214146257161697,0.6261495928254341
0,0.3822136547864616,0.6001360785571944,0.1317355279239615,0.3714857532488941,3.924163209001136,2.7356033535265483
0,0.7753066135966755,0.11146529437126079,0.37263333856170633,0.19976716301327235,7.744983158004087,7.1590423199805455
0,0.3997503824236898,0.6428661045244016,0.06638734560087375,0.3070715229196811,7.167653676143901,6.03123498508168
0,0.22502526548240842,0.9528693553874897,0.37813405672327105,0.3215598503508592,2.018812440857546,0.1624023877572789
0,0.09456197755196048,0.7523195269193366,0.7691028591146561,0.11988159850066919,4.804085261734959,3.184765620472053
0,0.2174194699868996,0.10879559338812693,0.7227443441137206,0.09040498598697233,6.620910467526828,4.531475673945976
0,0.644158958850829,0.09942073161816012,0.7576627221222259,0.30292807400489397,8.564305226551967,7.859069662356491
0,0.09938421609381623,0.4461701221104693,0.15506792920771587,0.21714370281040468,4.745012180278179,0.17402675858754968
0,0.2640324645919227,0.801913090355604,0.44067265392350496,0.3656536549242398,1.8228820501400729,0.1023216392696451
0,0.10699237621114652,0.9420292489096991,0.7246605019277386,0.048221083177338635,4.245945546059361,2.7118780807658345
0,1.0,0.17660439350549717,0.9159943587785269,0.18971621460588967,4.552241478023003,4.097957670995316
0,0.9619733405987879,0.05,0.7459526271094113,0.28236580184879095,16.198801248196116,15.726559671597999
0,0.4346190127339651,0.46041122766683373,0.05,0.08324377006807124,13.688815152493927,12.64356910221403
0,0.1630170894242019,0.18826609310306652,0.4914009799040031,0.3848602455763511,5.263151400963325,2.476426363117069
0,0.7696016944665717,0.05,0.5736772548467366,0.32209482541066015,16.97342331491278,16.38313900270559
0,1.0,0.4862203014000826,0.8070454336952957,0.14040059546884726,2.0643538994811985,1.6100700924535116
0,0.9720946368035107,0.8438773857304519,0.05,0.08333777262807202,13.07188701740627,12.604562345696895
0,0.05,1.0,0.05,0.3848602455763511,9.085675967925894,1.9127447450729438
0,0.9187720928071805,0.05,0.7698568199582457,0.3069311581603829,16.56605402758756,16.071607351916857
0,0.7148757140390865,1.0,0.3665433395567993,0.3303998647035248,1.8312036770872933,1.1957312475096116
0,0.5817502969610285,1.0,0.2167787937455088,0.18910062402039757,3.061845733348541,2.2809543284379012
0,0.6682982109886211,0.11146529437126079,0.25346428482981676,0.20968765951323318,8.409158176658796,7.7293960594893045
0,0.3997503824236898,0.18826609310306652,0.4914009799040031,0.3848602455763511,5.263151400963325,4.126732709901104
0,0.2810238144214347,0.8663752895539436,1.0,0.24677674452236986,1.6165313491339095,0.29512375623004616
0,0.887738226613439,0.4104599586542509,0.17618038619422727,0.30891108079183116,4.179724317317888,3.6679926002967003
0,0.9933261736941306,0.2670246550859444,0.9056716144308439,0.17753201404947122,3.1826801718365285,2.725344183864747
0,1.0,1.0,0.7160485322114551,0.3848602455763511,1.3102457499564464,0.8559619429287595
0,1.0,0.5191483082272487,0.517412352425606,0.12925064434781292,2.370486638601453,1.9162028315737663
0,0.05,0.3329868571542053,0.6185160020086917,0.0,9.085675967925894,6.258493844786812
1,0.2640324645919227,0.801913090355604,0.44067265392350496,0.3656536549242398,1.8228820501400729,0.1023216392696451
1,0.2810238144214347,0.8663752895539436,1.0,0.24677674452236986,1.6165313491339095,0.29512375623004616
1,1.0,1.0,0.7160485322114551,0.3848602455763511,1.3102457499564464,0.8559619429287595
1,0.22502526548240842,0.9528693553874897,0.37813405672327105,0.3215598503508592,2.018812440857546,0.1624023877572789
1,0.42801040414424946,0.6033386553810532,0.6856950040679968,0.20194086542868314,1.9121271756735068,0.850742213948414
1,0.2364319493983401,0.9351290313831687,0.8778685660369199,0.35688916635711077,1.9214146257161697,0.6261495928254341
1,0.6419943380875288,0.8157098386518279,0.6586520965665822,0.28236580184879095,1.5926829671979885,0.8850695509681078
1,0.9012989121483109,0.7557759336835859,0.9577170222793688,0.21624516586821685,1.4671012986321021,0.9630689505899636
1,0.09938421609381623,0.4461701221104693,0.15506792920771587,0.21714370281040468,4.745012180278179,0.17402675858754968
1,0.9167536429233107,0.8497948105700512,0.7459045201010346,0.06406862129284212,1.569475149620252,1.0739398326971235
1,0.7148757140390865,1.0,0.3665433395567993,0.3303998647035248,1.8312036770872933,1.1957312475096116
1,0.46146495108225233,0.9945604702622978,0.3720845177642469,0.048221083177338635,2.352815963821941,1.3683775889635221
1,0.7201013031576777,0.8438773857304519,0.4489315838421152,0.14535853659390818,2.029952394074507,1.399091423737342
1,1.0,0.4862203014000826,0.8070454336952957,0.14040059546884726,2.0643538994811985,1.6100700924535116
1,0.781375155438354,0.5920592692728195,0.4542237995938164,0.30366219229964225,2.2237602400306606,1.6423701052934923
1,0.05,1.0,0.05,0.3848602455763511,9.085675967925894,1.9127447450729438
1,1.0,0.5191483082272487,0.517412352425606,0.12925064434781292,2.370486638601453,1.9162028315737663
1,0.5817502969610285,1.0,0.2167787937455088,0.18910062402039757,3.061845733348541,2.2809543284379012
1,0.1630170894242019,0.18826609310306652,0.4914009799040031,0.3848602455763511,5.263151400963325,2.476426363117069
1,0.9933261736941306,0.2670246550859444,0.9056716144308439,0.17753201404947122,3.1826801718365285,2.725344183864747
1,0.6789474716692419,0.44380272124882336,0.9522651703752817,0.25961389916626276,2.181368115126104,1.51226803629971
1,1.0,0.32300941108810965,1.0,0.0,2.4478115133117035,1.9935277062840167
1,0.6141748523639917,0.3703988096720452,0.05,0.15172250383762148,12.78903613536001,12.049370867409454
1,0.05,0.9777213062213813,1.0,0.3848602455763511,9.085675967925894,7.88057272945917
1,0.42801040414424946,1.0,1.0,0.2326140154085276,1.2078539253393459,0.1464689636142531
1,0.34176236010548144,0.8862949658817112,0.15361093279117122,0.20232889229685092,4.047374457498153,2.718135608572479
1,0.05,1.0,0.8162358743117781,0.37138626937859653,9.085675967925894,7.824718022700066
1,0.5613054206978247,0.8895301255712645,0.5706554529468438,0.3848602455763511,1.5304393584177425,0.721104921369437
1,0.05,0.8663752895539436,0.6854453266108097,0.19776240173682616,9.085675967925894,7.531094053953824
1,0.8317738494834777,0.5142146100226279,1.0,0.23635739705400183,1.9096410725986142,1.3634784260836832
1,0.05,1.0,0.05,0.3848602455763511,9.085675967925894,1.9127447450729438
1,0.5895380452908205,0.48138044238988553,0.3720845177642469,0.3275162508451114,2.705309215404125,1.9347333207011876
1,0.05,0.6367377803863763,0.05,0.3848602455763511,9.085675967925894,1.4163274779146917
1,0.40161545382291153,1.0,0.2931721037309315,0.07228498834083291,2.756318185242341,1.6251769355056176
1,0.47537420877975217,1.0,0.18145326580374607,0.0,4.422302184128645,3.4666680791727895
1,0.8519316607381389,1.0,0.05,0.12348189134037807,12.18390241156386,11.650662683678732
1,1.0,0.05,0.4065054328917626,0.32253998815074236,17.250862416365585,16.7965786093379
1,0.289501914981006,0.7854935139753038,0.9091242876742237,0.16919890808213556,1.5691910222513892,0.10793733575758635
1,1.0,0.2933742049436601,1.0,0.3848602455763511,3.2811000998967517,2.826816292869065
1,0.05,0.26403740554149063,0.6428553663821548,0.3848602455763511,9.085675967925894,5.2999534761672935
2,0.2640324645919227,0.801913090355604,0.44067265392350496,0.3656536549242398,1.8228820501400729,0.1023216392696451
2,0.42801040414424946,1.0,1.0,0.2326140154085276,1.2078539253393459,0.1464689636142531
2,0.289501914981006,0.7854935139753038,0.9091242876742237,0.16919890808213556,1.5691910222513892,0.10793733575758635
2,1.0,1.0,0.7160485322114551,0.3848602455763511,1.3102457499564464,0.8559619429287595
2,0.5613054206978247,0.8895301255712645,0.5706554529468438,0.3848602455763511,1.5304393584177425,0.721104921369437
2,0.2810238144214347,0.8663752895539436,1.0,0.24677674452236986,1.6165313491339095,0.29512375623004616
2,0.22502526548240842,0.9528693553874897,0.37813405672327105,0.3215598503508592,2.018812440857546,0.1624023877572789
2,0.9012989121483109,0.7557759336835859,0.9577170222793688,0.21624516586821685,1.4671012986321021,0.9630689505899636
2,0.6419943380875288,0.8157098386518279,0.6586520965665822,0.28236580184879095,1.5926829671979885,0.8850695509681078
2,0.42801040414424946,0.6033386553810532,0.6856950040679968,0.20194086542868314,1.9121271756735068,0.850742213948414
2,0.2364319493983401,0.9351290313831687,0.8778685660369199,0.35688916635711077,1.9214146257161697,0.6261495928254341
2,0.09938421609381623,0.4461701221104693,0.15506792920771587,0.21714370281040468,4.745012180278179,0.17402675858754968
2,0.9167536429233107,0.8497948105700512,0.7459045201010346,0.06406862129284212,1.569475149620252,1.0739398326971235
2,0.7148757140390865,1.0,0.3665433395567993,0.3303998647035248,1.8312036770872933,1.1957312475096116
2,0.8317738494834777,0.5142146100226279,1.0,0.23635739705400183,1.9096410725986142,1.3634784260836832
2,0.46146495108225233,0.9945604702622978,0.3720845177642469,0.048221083177338635,2.352815963821941,1.3683775889635221
2,0.7201013031576777,0.8438773857304519,0.4489315838421152,0.14535853659390818,2.029952394074507,1.399091423737342
2,1.0,0.4862203014000826,0.8070454336952957,0.14040059546884726,2.0643538994811985,1.6100700924535116
2,0.6789474716692419,0.44380272124882336,0.9522651703752817,0.25961389916626276,2.181368115126104,1.51226803629971
2,0.05,0.6367377803863763,0.05,0.3848602455763511,9.085675967925894,1.4163274779146917
2,0.3862321363213868,0.4291684385743087,1.0,0.16213852363779918,2.130718151433009,0.9545244492917564
2,1.0,0.5918365609487604,0.7566306670337646,0.24571292748010967,1.869831511180285,1.4155477041525981
2,0.8715766898019723,0.5924605002211283,0.9091242876742237,0.24232796757936256,1.76677482753988,1.2455541337372886
2,1.0,1.0,0.7029431734387881,0.08836851667480376,1.497150382317968,1.042866575290281
2,0.5798650223253876,0.8361059859199602,0.6776975351321375,0.24081954406655667,1.5712733762922186,0.7878431137170396
2,0.1406895046178512,0.3618500720101745,0.05,0.2398827377322043,11.265257218866498,8.036275743048948
2,0.07302273613696897,1.0,0.6225906935163491,0.24109707074207853,6.2211281758703345,4.736573118849291
2,0.5855331430784171,1.0,1.0,0.17564365970558488,1.2186636314009665,0.4428171877346946
2,0.05,0.8964345020587343,0.4278744963388029,0.3848602455763511,9.085675967925894,7.378488649139015
2,0.17575695849549844,0.9791606475844111,1.0,0.10833886445994446,2.584727277861256,1.3373877424415874
2,0.8711898199041084,0.4036763002904658,1.0,0.3545929698944269,2.4355892078721566,1.914137055216698
2,0.05,1.0,0.15506792920771587,0.23859864996422098,9.085675967925894,5.364793249306843
2,0.43564069464786365,0.5305450573602774,0.6039068629747981,0.13212081263247227,2.184687852066703,1.141893154463023
2,0.5097064073369956,0.6954475992503771,0.6586520965665822,0.29511225805124897,1.7546017846996804,0.8633361461840703
2,0.2688357329495219,0.8459026912899928,0.05,0.23635739705400183,10.151857872175649,8.462038588079771
2,0.5751619921186555,0.9766163387625537,0.6035481152753532,0.3848602455763511,1.4131156148815702,0.6232793375942908
2,0.5533665421180054,1.0,0.7459045201010346,0.06069957781191532,1.4638726575644392,0.6429270960162871
2,1.0,0.8944257023351966,0.565668392560141,0.3848602455763511,1.5299539497282093,1.0756701427005224
2,1.0,0.8432155115571347,1.0,0.1680064304507073,1.3482052004616816,0.8939213934339947
2,0.05,0.7271096422201556,1.0,0.19303927957036293,9.085675967925894,7.604673287010192
3,0.2640324645919227,0.801913090355604,0.44067265392350496,0.3656536549242398,1.8228820501400729,0.1023216392696451
3,0.42801040414424946,1.0,1.0,0.2326140154085276,1.2078539253393459,0.1464689636142531
3,0.289501914981006,0.7854935139753038,0.9091242876742237,0.16919890808213556,1.5691910222513892,0.10793733575758635
3,0.5855331430784171,1.0,1.0,0.17564365970558488,1.2186636314009665,0.4428171877346946
3,0.2810238144214347,0.8663752895539436,1.0,0.24677674452236986,1.6165313491339095,0.29512375623004616
3,0.22502526548240842,0.9528693553874897,0.37813405672327105,0.3215598503508592,2.018812440857546,0.1624023877572789
3,1.0,1.0,0.7160485322114551,0.3848602455763511,1.3102457499564464,0.8559619429287595
3,0.5751619921186555,0.9766163387625537,0.6035481152753532,0.3848602455763511,1.4131156148815702,0.6232793375942908
3,0.09938421609381623,0.4461701221104693,0.15506792920771587,0.21714370281040468,4.745012180278179,0.17402675858754968
3,1.0,0.8432155115571347,1.0,0.1680064304507073,1.3482052004616816,0.8939213934339947
3,0.2364319493983401,0.9351290313831687,0.8778685660369199,0.35688916635711077,1.9214146257161697,0.6261495928254341
3,0.5533665421180054,1.0,0.7459045201010346,0.06069957781191532,1.4638726575644392,0.6429270960162871
3,0.5613054206978247,0.8895301255712645,0.5706554529468438,0.3848602455763511,1.5304393584177425,0.721104921369437
3,0.9012989121483109,0.7557759336835859,0.9577170222793688,0.21624516586821685,1.4671012986321021,0.9630689505899636
3,0.5798650223253876,0.8361059859199602,0.6776975351321375,0.24081954406655667,1.5712733762922186,0.7878431137170396
3,1.0,1.0,0.7029431734387881,0.08836851667480376,1.497150382317968,1.042866575290281
3,0.42801040414424946,0.6033386553810532,0.6856950040679968,0.20194086542868314,1.9121271756735068,0.850742213948414
3,1.0,0.8944257023351966,0.565668392560141,0.3848602455763511,1.5299539497282093,1.0756701427005224
3,0.6419943380875288,0.8157098386518279,0.6586520965665822,0.28236580184879095,1.5926829671979885,0.8850695509681078
3,0.9167536429233107,0.8497948105700512,0.7459045201010346,0.06406862129284212,1.569475149620252,1.0739398326971235
3,0.289501914981006,0.801913090355604,0.5182258409783507,0.364367341695215,1.7104250963023642,0.141234074050975
3,0.3563974642965579,1.0,1.0,0.3848602455763511,1.2746549897709336,0.08937897522655147
3,1.0,1.0,1.0,0.35288575391803495,1.1893911328986106,0.7351073258709238
3,0.5855331430784171,0.2573290435830082,0.425964090475382,0.3570448783668573,4.092296637328399,3.3164501936621273
3,0.5364649570236004,1.0,0.9641317738489172,0.376972205865935,1.198282182055923,0.3514723379318906
3,0.05,0.8270169549801201,0.44378435615394624,0.30366654823255623,9.085675967925894,7.225274570326379
3,0.47360935497038614,1.0,0.9756613832487269,0.3191591873004669,1.2035602910934902,0.2443651194711286
3,1.0,0.7664147128253289,0.8812323586577032,0.0,1.530966268924551,1.076682461896864
3,0.05,0.8138875447802308,1.0,0.11714011316355485,9.085675967925894,7.7057828957090475
3,0.5053251817245045,0.8432155115571347,0.9487243149476585,0.1680064304507073,1.3769578467639474,0.47796483590179284
3,0.2810238144214347,0.7713584216556205,0.8646578743138172,0.24677674452236986,1.6165313491339095,0.11723817105957979
3,0.05,0.7026961460678549,0.797479350175687,0.24137850397565663,9.085675967925894,7.44654002888783
3,0.17520148552540254,0.5821114306708313,0.6581742949846273,0.21390008318691894,2.5929221063778125,0.6086656327320126
3,0.8825171620192623,0.7791006790853575,0.850966791733353,0.2977898997694994,1.4930565389305699,0.9782973631115097
3,0.7527166256477963,0.8361059859199602,0.9214728188189929,0.36447389295106125,1.383535897609872,0.7800102261960337
3,0.5408309283206298,1.0,1.0,0.10549685655343657,1.2343712626050167,0.39439746884913107
3,0.3025227389341676,0.9575824198487408,0.4237203271674898,0.3848602455763511,1.6524249932800474,0.15077322462018405
3,1.0,0.9359720780532786,0.6586520965665822,0.21834602551368448,1.5098890564182637,1.0556052493905768
3,0.7550587948690243,0.8648153295130461,0.6586520965665822,0.23564615454136173,1.5641108307530769,0.9624572774571125
3,1.0,0.7945132576729415,0.17975700625097074,0.3848602455763511,2.848324634972844,2.3940408279451573
4,0.42801040414424946,1.0,1.0,0.2326140154085276,1.2078539253393459,0.1464689636142531
4,0.3563974642965579,1.0,1.0,0.3848602455763511,1.2746549897709336,0.08937897522655147
4,1.0,1.0,1.0,0.35288575391803495,1.1893911328986106,0.7351073258709238
4,0.5364649570236004,1.0,0.9641317738489172,0.376972205865935,1.198282182055923,0.3514723379318906
4,0.47360935497038614,1.0,0.9756613832487269,0.3191591873004669,1.2035602910934902,0.2443651194711286
4,0.2640324645919227,0.801913090355604,0.44067265392350496,0.3656536549242398,1.8228820501400729,0.1023216392696451
4,0.289501914981006,0.7854935139753038,0.9091242876742237,0.16919890808213556,1.5691910222513892,0.10793733575758635
4,0.5855331430784171,1.0,1.0,0.17564365970558488,1.2186636314009665,0.4428171877346946
4,0.5408309283206298,1.0,1.0,0.10549685655343657,1.2343712626050167,0.39439746884913107
4,0.2810238144214347,0.7713584216556205,0.8646578743138172,0.24677674452236986,1.6165313491339095,0.11723817105957979
4,1.0,1.0,0.7160485322114551,0.3848602455763511,1.3102457499564464,0.8559619429287595
4,0.5053251817245045,0.8432155115571347,0.9487243149476585,0.1680064304507073,1.3769578467639474,0.47796483590179284
4,0.2810238144214347,0.8663752895539436,1.0,0.24677674452236986,1.6165313491339095,0.29512375623004616
4,0.289501914981006,0.801913090355604,0.5182258409783507,0.364367341695215,1.7104250963023642,0.141234074050975
4,0.3025227389341676,0.9575824198487408,0.4237203271674898,0.3848602455763511,1.6524249932800474,0.15077322462018405
4,1.0,0.8432155115571347,1.0,0.1680064304507073,1.3482052004616816,0.8939213934339947
4,0.5751619921186555,0.9766163387625537,0.6035481152753532,0.3848602455763511,1.4131156148815702,0.6232793375942908
4,0.7527166256477963,0.8361059859199602,0.9214728188189929,0.36447389295106125,1.383535897609872,0.7800102261960337
4,0.22502526548240842,0.9528693553874897,0.37813405672327105,0.3215598503508592,2.018812440857546,0.1624023877572789
4,0.5533665421180054,1.0,0.7459045201010346,0.06069957781191532,1.4638726575644392,0.6429270960162871
4,0.42801040414424946,1.0,0.4299162990221794,0.3848602455763511,1.6031620945514689,0.5417771328263761
4,0.6885559946956481,0.8601858981935098,0.49180610397816305,0.3848602455763511,1.65234817290792,0.9925851175837007
4,0.05,1.0,1.0,0.3848602455763511,9.085675967925894,7.900399953381513
4,0.15826875251854422,0.9458427327546332,0.24062583521877523,0.3847643494460895,2.870331618734475,0.6403960110901399
4,0.3722704650407508,1.0,0.4813482944507409,0.3848602455763511,1.5248383906855456,0.3045325944362074
4,0.2478499321049321,0.9618241778638668,0.6856956096085365,0.3848602455763511,1.8328986487546912,0.4686344316563522
4,0.6265721988219402,1.0,0.9780952449238541,0.25353431440833024,1.2142525851176145,0.4892223210697211
4,0.3865427907780384,0.7983381200825973,0.12205825888265354,0.3848602455763511,3.6718142908386255,2.4965658651925704
4,0.437359451085979,0.9221753297570547,0.41876789884735915,0.3848602455763511,1.6961096039361077,0.6574129316331057
4,0.8502575030059158,1.0,0.8646578743138172,0.29991881065416803,1.2595116258831252,0.7252219485304983
4,0.5072199264270961,0.9496366403355769,1.0,0.013793307894769236,1.2905069203093738,0.3948721415530404
4,0.2810238144214347,0.8811529082962138,0.6481913979737143,0.3848602455763511,1.6165313491339095,0.14285070924404142
4,0.35292143297929124,0.6374380910471932,0.8781920868824356,0.0725083219946087,1.6799019484285622,0.3926924911853755
4,0.05,1.0,1.0,0.364367341695215,9.085675967925894,7.897795760601757
4,0.48489140738802416,1.0,0.746975451339658,0.27884163643309773,1.3427949102301762,0.40591749886874495
4,0.9567627756458492,0.8588939604014212,0.8985863475734167,0.3848602455763511,1.3637954209389747,0.8889819995028205
4,0.7398159017525839,0.9528693553874897,0.37813405672327105,0.3848602455763511,1.7465822622555498,1.1325324617690409
4,0.7527166256477963,0.7852677570136815,0.7749778491549657,0.36447389295106125,1.5183628272383891,0.9148371558245508
4,0.7194159785342789,0.9883560258566614,0.37813405672327105,0.3848602455763511,1.713794955369504,1.082333019013773
4,0.05,0.8217217813200436,0.5664032568805155,0.11583028555289862,9.085675967925894,7.266088379047071
5,0.42801040414424946,1.0,1.0,0.2326140154085276,1.2078539253393459,0.1464689636142531
5,0.3563974642965579,1.0,1.0,0.3848602455763511,1.2746549897709336,0.08937897522655147
5,1.0,1.0,1.0,0.35288575391803495,1.1893911328986106,0.7351073258709238
5,0.5364649570236004,1.0,0.9641317738489172,0.376972205865935,1.198282182055923,0.3514723379318906
5,0.47360935497038614,1.0,0.9756613832487269,0.3191591873004669,1.2035602910934902,0.2443651194711286
5,0.2640324645919227,0.801913090355604,0.44067265392350496,0.3656536549242398,1.8228820501400729,0.1023216392696451
5,0.289501914981006,0.7854935139753038,0.9091242876742237,0.16919890808213556,1.5691910222513892,0.10793733575758635
5,0.5855331430784171,1.0,1.0,0.17564365970558488,1.2186636314009665,0.4428171877346946
5,0.5408309283206298,1.0,1.0,0.10549685655343657,1.2343712626050167,0.39439746884913107
5,0.3722704650407508,1.0,0.4813482944507409,0.3848602455763511,1.5248383906855456,0.3045325944362074
5,0.6265721988219402,1.0,0.9780952449238541,0.25353431440833024,1.2142525851176145,0.4892223210697211
5,0.2810238144214347,0.7713584216556205,0.8646578743138172,0.24677674452236986,1.6165313491339095,0.11723817105957979
5,0.5072199264270961,0.9496366403355769,1.0,0.013793307894769236,1.2905069203093738,0.3948721415530404
5,0.8502575030059158,1.0,0.8646578743138172,0.29991881065416803,1.2595116258831252,0.7252219485304983
5,0.289501914981006,0.801913090355604,0.5182258409783507,0.364367341695215,1.7104250963023642,0.141234074050975
5,0.2810238144214347,0.8811529082962138,0.6481913979737143,0.3848602455763511,1.6165313491339095,0.14285070924404142
5,0.48489140738802416,1.0,0.746975451339658,0.27884163643309773,1.3427949102301762,0.40591749886874495
5,1.0,1.0,0.7160485322114551,0.3848602455763511,1.3102457499564464,0.8559619429287595
5,0.3025227389341676,0.9575824198487408,0.4237203271674898,0.3848602455763511,1.6524249932800474,0.15077322462018405
5,1.0,0.8432155115571347,1.0,0.1680064304507073,1.3482052004616816,0.8939213934339947
5,0.42801040414424946,0.6236348716756476,0.1366391426270696,0.3848602455763511,3.701630678920349,2.6402457171952562
5,0.898641151887454,0.8432155115571347,1.0,0.26342317867963533,1.345049016367717,0.8395259763619302
5,0.3370484322350983,0.9312134396027257,1.0,0.3848602455763511,1.3478294591718165,0.09827851277766397
5,0.05,0.7942225794900585,0.8538534701311624,0.2236610788443683,9.085675967925894,7.604748902675732
5,0.7765359212870195,1.0,1.0,0.16064829838187894,1.2217805267071586,0.6367672717581359
5,0.2763059871923583,0.801913090355604,0.5332134650056668,0.3848602455763511,1.6760953878885325,0.031962336505990896
5,0.05,0.7713584216556205,0.8323764707778427,0.16919890808213556,9.085675967925894,7.55451032714692
5,1.0,1.0,0.9780952449238541,0.29375480146973915,1.2069192226321102,0.7526354156044233
5,0.17113490536684223,0.9496366403355769,0.9802857204314688,0.0,2.6545362201453786,1.3459580795310508
5,0.3095975821161708,1.0,1.0,0.3848602455763511,1.467336414288186,0.2820603997438038
5,0.6782354220643513,1.0,0.9641317738489172,0.32569888573328654,1.2070516358961236,0.5372490982618308
5,0.05,0.6949507078221965,0.15632631563582228,0.24677674452236986,9.085675967925894,5.104122454435659
5,0.8241494568336837,0.8069441625777733,0.8619824849125642,0.28618179006048516,1.4530911616334605,0.9018758412035018
5,0.17228097856698393,1.0,1.0,0.0,2.636877318806643,1.3723177504894535
5,0.05,0.8069441625777733,1.0,0.0,9.085675967925894,7.686049408246991
5,1.0,1.0,0.7663484340664555,0.3848602455763511,1.281358806217311,0.827074999189624
5,0.07970704065585657,0.8811529082962138,0.7502850315227475,0.27884163643309773,5.699418747008428,4.254045003117624
5,1.0,1.0,0.40400604759895853,0.3848602455763511,1.6501734789787965,1.1958896719511096
5,0.0850776041199536,0.733424094571968,0.5664032568805156,0.3848602455763511,5.339640283027027,3.5968500638408707
5,1.0,1.0,0.8781920868824356,0.3848602455763511,1.2289868567598938,0.7747030497322069
6,0.42801040414424946,1.0,1.0,0.2326140154085276,1.2078539253393459,0.1464689636142531
6,0.3563974642965579,1.0,1.0,0.3848602455763511,1.2746549897709336,0.08937897522655147
6,1.0,1.0,1.0,0.35288575391803495,1.1893911328986106,0.7351073258709238
6,0.5364649570236004,1.0,0.9641317738489172,0.376972205865935,1.198282182055923,0.3514723379318906
6,0.47360935497038614,1.0,0.9756613832487269,0.3191591873004669,1.2035602910934902,0.2443651194711286
6,0.2763059871923583,0.801913090355604,0.5332134650056668,0.3848602455763511,1.6760953878885325,0.031962336505990896
6,0.3370484322350983,0.9312134396027257,1.0,0.3848602455763511,1.3478294591718165,0.09827851277766397
6,0.5855331430784171,1.0,1.0,0.17564365970558488,1.2186636314009665,0.4428171877346946
6,0.5408309283206298,1.0,1.0,0.10549685655343657,1.2343712626050167,0.39439746884913107
6,0.6265721988219402,1.0,0.9780952449238541,0.25353431440833024,1.2142525851176145,0.4892223210697211
6,1.0,1.0,0.9780952449238541,0.29375480146973915,1.2069192226321102,0.7526354156044233
6,0.6782354220643513,1.0,0.9641317738489172,0.32569888573328654,1.2070516358961236,0.5372490982618308
6,0.2640324645919227,0.801913090355604,0.44067265392350496,0.3656536549242398,1.8228820501400729,0.1023216392696451
6,0.289501914981006,0.7854935139753038,0.9091242876742237,0.16919890808213556,1.5691910222513892,0.10793733575758635
6,0.3095975821161708,1.0,1.0,0.3848602455763511,1.467336414288186,0.2820603997438038
6,0.5072199264270961,0.9496366403355769,1.0,0.013793307894769236,1.2905069203093738,0.3948721415530404
6,0.7765359212870195,1.0,1.0,0.16064829838187894,1.2217805267071586,0.6367672717581359
6,0.2810238144214347,0.7713584216556205,0.8646578743138172,0.24677674452236986,1.6165313491339095,0.11723817105957979
6,1.0,1.0,0.8781920868824356,0.3848602455763511,1.2289868567598938,0.7747030497322069
6,0.48489140738802416,1.0,0.746975451339658,0.27884163643309773,1.3427949102301762,0.40591749886874495
6,0.36949426372183614,0.7713584216556205,0.8969392778497918,0.09823121590610301,1.4933662563000807,0.2638916721033109
6,0.285855529315701,0.9312134396027257,1.0,0.343255386654238,1.5892076916624847,0.3369177931186469
6,1.0,1.0,1.0,0.3848602455763511,1.1852760145443821,0.7309922075166952
6,1.0,1.0,0.9802857204314688,0.3848602455763511,1.191613710870899,0.7373299038432122
6,0.4930784157861013,1.0,0.8940858193232567,0.3848602455763511,1.2226077427704325,0.30128611923840887
6,0.05,0.7942225794900585,0.9659144536120976,0.12925916345974708,9.085675967925894,7.66634118192049
6,1.0,1.0,0.8781920868824356,0.3848602455763511,1.2289868567598938,0.7747030497322069
6,0.6591484257128502,0.7713584216556205,0.8646578743138172,0.04498599204734488,1.5296244797130643,0.8404264340657919
6,0.05,0.9496366403355769,1.0,0.10549685655343657,9.085675967925894,7.81736971708412
6,0.2640324645919227,1.0,0.9780952449238541,0.31243579772077357,1.7205604108704278,0.5168467378854715
6,0.10177503680490677,0.6072152952953473,0.7167384999736316,0.2646156563110636,4.463607356774363,2.5929536953602392
6,1.0,1.0,1.0,0.20087662241497756,1.2136834124307683,0.7593996054030814
6,0.05,0.7713584216556205,0.6369357805195095,0.35315074876846675,9.085675967925894,7.448879273266892
6,0.8006461655858765,0.9312134396027257,1.0,0.3848602455763511,1.2495509463941525,0.682154477840344
6,0.18796344322226366,0.7854935139753038,0.9091242876742237,0.2836043510517175,2.416873181706479,0.9620399026461701
6,0.6881715202499203,1.0,0.9677185964640255,0.013793307894769236,1.2829629882155635,0.6228313299672554
6,0.30434635977490015,1.0,1.0,0.16064829838187894,1.4926539825392122,0.2708734558320536
6,0.2810238144214347,0.8670488050180243,0.5555535017538269,0.3848602455763511,1.6165313491339095,0.04571681683356932
6,0.763195847685477,1.0,1.0,0.0905467091494081,1.2381215180518215,0.6428826835319196
6,0.3370484322350983,0.9312134396027257,0.9100871577627233,0.3848602455763511,1.3478294591718165,0.06714401019620286
7,0.42801040414424946,1.0,1.0,0.2326140154085276,1.2078539253393459,0.1464689636142531
7,0.3563974642965579,1.0,1.0,0.3848602455763511,1.2746549897709336,0.08937897522655147
7,0.5364649570236004,1.0,0.9641317738489172,0.376972205865935,1.198282182055923,0.3514723379318906
7,0.47360935497038614,1.0,0.9756613832487269,0.3191591873004669,1.2035602910934902,0.2443651194711286
7,0.2763059871923583,0.801913090355604,0.5332134650056668,0.3848602455763511,1.6760953878885325,0.031962336505990896
7,1.0,1.0,1.0,0.3848602455763511,1.1852760145443821,0.7309922075166952
7,0.2810238144214347,0.8670488050180243,0.5555535017538269,0.3848602455763511,1.6165313491339095,0.04571681683356932
7,0.3370484322350983,0.9312134396027257,0.9100871577627233,0.3848602455763511,1.3478294591718165,0.06714401019620286
7,0.5855331430784171,1.0,1.0,0.17564365970558488,1.2186636314009665,0.4428171877346946
7,0.6265721988219402,1.0,0.9780952449238541,0.25353431440833024,1.2142525851176145,0.4892223210697211
7,0.6782354220643513,1.0,0.9641317738489172,0.32569888573328654,1.2070516358961236,0.5372490982618308
7,0.4930784157861013,1.0,0.8940858193232567,0.3848602455763511,1.2226077427704325,0.30128611923840887
7,1.0,1.0,1.0,0.35288575391803495,1.1893911328986106,0.7351073258709238
7,0.3370484322350983,0.9312134396027257,1.0,0.3848602455763511,1.3478294591718165,0.09827851277766397
7,1.0,1.0,0.9802857204314688,0.3848602455763511,1.191613710870899,0.7373299038432122
7,0.2640324645919227,0.801913090355604,0.44067265392350496,0.3656536549242398,1.8228820501400729,0.1023216392696451
7,0.5408309283206298,1.0,1.0,0.10549685655343657,1.2343712626050167,0.39439746884913107
7,0.289501914981006,0.7854935139753038,0.9091242876742237,0.16919890808213556,1.5691910222513892,0.10793733575758635
7,0.7765359212870195,1.0,1.0,0.16064829838187894,1.2217805267071586,0.6367672717581359
7,0.3095975821161708,1.0,1.0,0.3848602455763511,1.467336414288186,0.2820603997438038
7,0.05,0.6072152952953473,0.40572967620537814,0.34020790377892496,9.085675967925894,6.82984056031046
7,0.9138510995500545,1.0,1.0,0.29379178383712623,1.1978155938294606,0.7007063741671616
7,0.8243882183863462,1.0,1.0,0.3848602455763511,1.1852760145443821,0.6342203385909726
7,0.660149321642703,0.8069441625777733,0.8823436327557186,0.1316036819884925,1.4618202573192207,0.7736671502867294
7,0.4345614678566369,1.0,0.9126200241756324,0.3262584230398414,1.2288318131989922,0.18344735084151575
7,0.05,0.6072152952953473,0.40572967620537814,0.35370372897026037,9.085675967925894,6.843879393012467
7,0.9824778452658564,1.0,1.0,0.3257292931280553,1.1931223474588455,0.7307365448592391
7,0.7216955597025472,0.8217217813200436,0.5798921185051,0.3848602455763511,1.6023638201844057,0.9728964488737936
7,1.0,1.0,1.0,0.35608320308386654,1.1889665094456365,0.7346827024179496
7,0.05,0.9312134396027257,0.9100871577627233,0.3848602455763511,9.085675967925894,7.80499051895028
7,0.8126268900890667,1.0,1.0,0.3848602455763511,1.1852760145443821,0.626244788204889
7,0.479302294758317,1.0,1.0,0.3257292931280553,1.1931223474588455,0.24532007006053658
7,0.5760256874038407,1.0,1.0,0.3848602455763511,1.1852760145443821,0.3966240210182169
7,0.26498325755291813,1.0,0.9641317738489172,0.07427183561266343,1.7143868256539252,0.44872319512414127
7,1.0,1.0,0.9756613832487269,0.1173684348254419,1.246035124754351,0.7917513177266642
7,0.4528464225040928,1.0,0.44067265392350496,0.32172812273941764,1.6738163111254312,0.6706422019721436
7,0.20448384153769877,1.0,0.9599698703844495,0.26656793328499073,2.22161224008796,1.0014368995466985
7,0.7806776458167138,1.0,0.9433799797127523,0.26591396344170876,1.2282609853576623,0.646351397790559
7,0.4930784157861013,1.0,0.9118286709349348,0.3848602455763511,1.2157491635209563,0.2944275399889327
7,0.9960706258326735,1.0,0.9677185964640255,0.3848602455763511,1.1957885267553328,0.7397126268700887
8,0.42801040414424946,1.0,1.0,0.2326140154085276,1.2078539253393459,0.1464689636142531
8,0.3563974642965579,1.0,1.0,0.3848602455763511,1.2746549897709336,0.08937897522655147
8,0.47360935497038614,1.0,0.9756613832487269,0.3191591873004669,1.2035602910934902,0.2443651194711286
8,0.2763059871923583,0.801913090355604,0.5332134650056668,0.3848602455763511,1.6760953878885325,0.031962336505990896
8,0.2810238144214347,0.8670488050180243,0.5555535017538269,0.3848602455763511,1.6165313491339095,0.04571681683356932
8,0.3370484322350983,0.9312134396027257,0.9100871577627233,0.3848602455763511,1.3478294591718165,0.06714401019620286
8,0.479302294758317,1.0,1.0,0.3257292931280553,1.1931223474588455,0.24532007006053658
8,0.5760256874038407,1.0,1.0,0.3848602455763511,1.1852760145443821,0.3966240210182169
8,0.4345614678566369,1.0,0.9126200241756324,0.3262584230398414,1.2288318131989922,0.18344735084151575
8,0.3370484322350983,0.9312134396027257,1.0,0.3848602455763511,1.3478294591718165,0.09827851277766397
8,0.5364649570236004,1.0,0.9641317738489172,0.376972205865935,1.198282182055923,0.3514723379318906
8,0.4930784157861013,1.0,0.9118286709349348,0.3848602455763511,1.2157491635209563,0.2944275399889327
8,0.8126268900890667,1.0,1.0,0.3848602455763511,1.1852760145443821,0.626244788204889
8,0.2640324645919227,0.801913090355604,0.44067265392350496,0.3656536549242398,1.8228820501400729,0.1023216392696451
8,0.8243882183863462,1.0,1.0,0.3848602455763511,1.1852760145443821,0.6342203385909726
8,0.3095975821161708,1.0,1.0,0.3848602455763511,1.467336414288186,0.2820603997438038
8,0.289501914981006,0.7854935139753038,0.9091242876742237,0.16919890808213556,1.5691910222513892,0.10793733575758635
8,0.4930784157861013,1.0,0.8940858193232567,0.3848602455763511,1.2226077427704325,0.30128611923840887
8,0.5855331430784171,1.0,1.0,0.17564365970558488,1.2186636314009665,0.4428171877346946
8,0.6782354220643513,1.0,0.9641317738489172,0.32569888573328654,1.2070516358961236,0.5372490982618308
8,0.7515444866754686,1.0,1.0,0.376972205865935,1.186264702429432,0.5817977481349854
8,0.10345622604141005,0.8217217813200436,0.5759595846897132,0.36757431398945095,4.39107263500085,2.7733582621704347
8,0.7405445606952872,0.8217217813200436,0.5798921185051,0.3848602455763511,1.6023638201844057,0.9889182140996021
8,0.5400515339726693,0.8803439245162219,0.6427719036692923,0.37844052601614525,1.482295146649902,0.6411091152002164
8,0.49876054975469936,0.9380920956424532,0.9154916193713427,0.3327981214726611,1.2804649976312092,0.36963953881220024
8,0.6963215224859995,1.0,1.0,0.3848602455763511,1.1852760145443821,0.5328707790898088
8,1.0,1.0,1.0,0.3848602455763511,1.1852760145443821,0.7309922075166952
8,0.5760256874038407,0.7400051859980572,0.44067265392350496,0.3656536549242398,1.911908664555329,1.1232566710291638
8,0.8253184378373201,1.0,0.9126200241756324,0.17564365970558488,1.2688688022590615,0.718434223186831
8,0.9323305825592305,1.0,1.0,0.2498999469954278,1.2048661747777611,0.7176100281996732
8,0.6297607949901929,0.7854935139753038,0.9877662659161546,0.22194054836499427,1.4155013476129976,0.694142046788808
8,0.42876157248536545,0.9312134396027257,0.9118286709349348,0.3848602455763511,1.280024095370727,0.22049862579765578
8,0.05738757466244779,0.8051409006604775,0.5555535017538269,0.3848602455763511,7.916065493932974,6.268086392371121
8,0.4382632390147939,1.0,1.0,0.24783863842530995,1.2052158768340306,0.1686612083050527
8,0.6402013436168831,1.0,1.0,0.17564365970558488,1.2186636314009665,0.5090684215473716
8,0.4455325588783931,1.0,0.9425505589175871,0.2917449678568234,1.2230119362790801,0.20336971842194718
8,0.9458047929617077,1.0,0.9118286709349348,0.3848602455763511,1.2157491635209563,0.7354346098390017
8,0.1894682866380042,0.7529352209227693,0.49660538853115443,0.3848602455763511,2.3976772743622394,0.6074305468468972
8,0.5378084368684486,0.9380920956424532,1.0,0.32569888573328654,1.2471637511372662,0.40246929211672655
8,0.19955095917910198,0.8803439245162219,0.9641317738489172,0.3848602455763511,2.27653030120346,0.9612616099738056
9,0.42801040414424946,1.0,1.0,0.2326140154085276,1.2078539253393459,0.1464689636142531
9,0.3563974642965579,1.0,1.0,0.3848602455763511,1.2746549897709336,0.08937897522655147
9,0.47360935497038614,1.0,0.9756613832487269,0.3191591873004669,1.2035602910934902,0.2443651194711286
9,0.2763059871923583,0.801913090355604,0.5332134650056668,0.3848602455763511,1.6760953878885325,0.031962336505990896
9,0.2810238144214347,0.8670488050180243,0.5555535017538269,0.3848602455763511,1.6165313491339095,0.04571681683356932
9,0.3370484322350983,0.9312134396027257,0.9100871577627233,0.3848602455763511,1.3478294591718165,0.06714401019620286
9,0.479302294758317,1.0,1.0,0.3257292931280553,1.1931223474588455,0.24532007006053658
9,0.5760256874038407,1.0,1.0,0.3848602455763511,1.1852760145443821,0.3966240210182169
9,0.4382632390147939,1.0,1.0,0.24783863842530995,1.2052158768340306,0.1686612083050527
9,0.3370484322350983,0.9312134396027257,1.0,0.3848602455763511,1.3478294591718165,0.09827851277766397
9,0.5364649570236004,1.0,0.9641317738489172,0.376972205865935,1.198282182055923,0.3514723379318906
9,0.6963215224859995,1.0,1.0,0.3848602455763511,1.1852760145443821,0.5328707790898088
9,0.4345614678566369,1.0,0.9126200241756324,0.3262584230398414,1.2288318131989922,0.18344735084151575
9,0.4930784157861013,1.0,0.9118286709349348,0.3848602455763511,1.2157491635209563,0.2944275399889327
9,0.4455325588783931,1.0,0.9425505589175871,0.2917449678568234,1.2230119362790801,0.20336971842194718
9,0.2640324645919227,0.801913090355604,0.44067265392350496,0.3656536549242398,1.8228820501400729,0.1023216392696451
9,0.8126268900890667,1.0,1.0,0.3848602455763511,1.1852760145443821,0.626244788204889
9,0.289501914981006,0.7854935139753038,0.9091242876742237,0.16919890808213556,1.5691910222513892,0.10793733575758635
9,0.42876157248536545,0.9312134396027257,0.9118286709349348,0.3848602455763511,1.280024095370727,0.22049862579765578
9,0.4930784157861013,1.0,0.8940858193232567,0.3848602455763511,1.2226077427704325,0.30128611923840887
9,0.43179012618083995,1.0,0.9641317738489172,0.376972205865935,1.198282182055923,0.14618816951332048
9,0.05,0.9312134396027257,0.9100871577627233,0.3316423883728849,9.085675967925894,7.7961313737225915
9,0.47360935497038614,0.9637717326552602,1.0,0.08539515813456061,1.2629381404090025,0.303742968786641
9,0.6331520177794148,0.9380920956424532,0.9513598455224255,0.3848602455763511,1.2588114244135242,0.5413157930203949
9,0.33318236977448346,0.9380920956424532,0.9740940213937366,0.3191591873004669,1.3634689207174633,0.10561344342706969
9,0.05,0.8051409006604775,0.5555535017538269,0.3848602455763511,9.085675967925894,7.437696866364041
9,0.479302294758317,1.0,0.9206458038414413,0.3848602455763511,1.21243918819203,0.2646369107937211
9,0.05,0.9380920956424532,0.919078441986451,0.3848602455763511,9.085675967925894,7.8152297627612635
9,0.5176148882721727,1.0,1.0,0.2917449678568234,1.1981283656891857,0.3204801046031357
9,0.08098868223744402,0.801913090355604,0.5332134650056668,0.3316423883728849,5.609225750097623,3.8909410078706457
9,0.5364649570236004,1.0,1.0,0.3848602455763511,1.1852760145443821,0.33846617042034965
9,0.29304598572261364,0.8803439245162219,0.5126181757540766,0.3848602455763511,1.6031699931875563,0.05295662032202486
9,0.16269701976549206,0.8803439245162219,0.5641299254273615,0.376972205865935,2.792207290241445,1.2390270812046353
9,0.41146600987070614,0.8803439245162219,0.5999981515784443,0.3257292931280553,1.55393613616282,0.4498745721938848
9,0.6177360560330204,1.0,0.9758739604164554,0.3848602455763511,1.1930670556855298,0.4576659044820678
9,0.6587751117765435,1.0,0.9539692053403095,0.3848602455763511,1.2004820958456053,0.5108934962288135
9,0.17337064238781946,1.0,1.0,0.3257292931280553,2.62030409880735,1.4271817513485043
9,0.30172926375809195,0.7854935139753038,0.601796873581246,0.3848602455763511,1.6314220673233182,0.12582131677567876
9,0.48389512695081355,1.0,0.8332658280170737,0.3848602455763511,1.2483346017687822,0.3095282752703943
9,0.14842923089448118,0.7529352209227693,0.5185101436073003,0.3848602455763511,3.0606087607117884,1.2971705574369559
10,0.3563974642965579,1.0,1.0,0.3848602455763511,1.2746549897709336,0.08937897522655147
10,0.2763059871923583,0.801913090355604,0.5332134650056668,0.3848602455763511,1.6760953878885325,0.031962336505990896
10,0.2810238144214347,0.8670488050180243,0.5555535017538269,0.3848602455763511,1.6165313491339095,0.04571681683356932
10,0.3370484322350983,0.9312134396027257,0.9100871577627233,0.3848602455763511,1.3478294591718165,0.06714401019620286
10,0.479302294758317,1.0,1.0,0.3257292931280553,1.1931223474588455,0.24532007006053658
10,0.43179012618083995,1.0,0.9641317738489172,0.376972205865935,1.198282182055923,0.14618816951332048
10,0.5364649570236004,1.0,1.0,0.3848602455763511,1.1852760145443821,0.33846617042034965
10,0.29304598572261364,0.8803439245162219,0.5126181757540766,0.3848602455763511,1.6031699931875563,0.05295662032202486
10,0.3370484322350983,0.9312134396027257,1.0,0.3848602455763511,1.3478294591718165,0.09827851277766397
10,0.5176148882721727,1.0,1.0,0.2917449678568234,1.1981283656891857,0.3204801046031357
10,0.42801040414424946,1.0,1.0,0.2326140154085276,1.2078539253393459,0.1464689636142531
10,0.47360935497038614,1.0,0.9756613832487269,0.3191591873004669,1.2035602910934902,0.2443651194711286
10,0.4382632390147939,1.0,1.0,0.24783863842530995,1.2052158768340306,0.1686612083050527
10,0.5760256874038407,1.0,1.0,0.3848602455763511,1.1852760145443821,0.3966240210182169
10,0.2640324645919227,0.801913090355604,0.44067265392350496,0.3656536549242398,1.8228820501400729,0.1023216392696451
10,0.6963215224859995,1.0,1.0,0.3848602455763511,1.1852760145443821,0.5328707790898088
10,0.33318236977448346,0.9380920956424532,0.9740940213937366,0.3191591873004669,1.3634689207174633,0.10561344342706969
10,0.5364649570236004,1.0,0.9641317738489172,0.376972205865935,1.198282182055923,0.3514723379318906
10,0.4345614678566369,1.0,0.9126200241756324,0.3262584230398414,1.2288318131989922,0.18344735084151575
10,0.6177360560330204,1.0,0.9758739604164554,0.3848602455763511,1.1930670556855298,0.4576659044820678
10,0.7149155893267944,1.0,1.0,0.3316423883728849,1.1922903984623712,0.5568534131333571
10,0.623180669197254,1.0,1.0,0.2844134021784458,1.199261077672809,0.470284989023947
10,0.11797135806421019,0.8235229716673255,0.5613563581786689,0.3848602455763511,3.8507974400355107,2.232805310965711
10,0.2935773898028755,0.9312134396027257,0.9521892663175907,0.343831984799746,1.5474073335129628,0.27727541056507143
10,0.7969551361961973,1.0,0.9756613832487269,0.3191591873004669,1.2035602910934902,0.6335359744422338
10,0.21708976477417882,0.7379741287936179,0.06398618624758623,0.3848602455763511,6.104209380424228,4.011601256490252
10,0.5852662291190828,1.0,1.0,0.34151649716997645,1.1909256444899987,0.41472537168502477
10,0.3897524116223763,0.8803439245162219,0.9959987764698824,0.3782901397487627,1.3048781554314373,0.139307929899267
10,0.30126022446078415,1.0,1.0,0.3848602455763511,1.5079448566007463,0.32266884205636415
10,0.26336923498868586,0.9312134396027257,0.9100871577627233,0.3848602455763511,1.7248932122865188,0.44420776331090517
10,0.45831714012382535,0.9413778568038217,1.0,0.3018732557135667,1.2463179250231993,0.2551182365977668
10,0.14740480491893126,0.8217217813200436,0.49660538853115443,0.36757431398945095,3.081879214520419,1.3719372153855742
10,0.6172581446659997,1.0,1.0,0.2730405658363752,1.2010573350996467,0.4650868004511092
10,0.17970626683624066,0.7598138769624968,0.5493413881668219,0.3546148959964254,2.527924111672843,0.7886947400504103
10,0.24262382969031643,0.8225957533899906,0.44067265392350496,0.3848602455763511,1.8723791730986876,0.09945244656843255
10,0.29678168802358623,0.9312134396027257,0.9213580217580691,0.3848602455763511,1.5307002563957617,0.25425073955059063
10,0.6891525403646613,1.0,0.9740940213937366,0.3848602455763511,1.193657139507921,0.5344651896641361
10,0.7884962216761087,1.0,1.0,0.3848602455763511,1.1852760145443821,0.6091365297664351
10,0.4552262455996534,1.0,0.9758739604164554,0.3848602455763511,1.1930670556855298,0.19513732102001435
10,0.3024181562099802,1.0,0.5979644346531813,0.3848602455763511,1.502171072243339,0.10501391284813466
11,0.3563974642965579,1.0,1.0,0.3848602455763511,1.2746549897709336,0.08937897522655147
11,0.2763059871923583,0.801913090355604,0.5332134650056668,0.3848602455763511,1.6760953878885325,0.031962336505990896
11,0.2810238144214347,0.8670488050180243,0.5555535017538269,0.3848602455763511,1.6165313491339095,0.04571681683356932
11,0.3370484322350983,0.9312134396027257,0.9100871577627233,0.3848602455763511,1.3478294591718165,0.06714401019620286
11,0.43179012618083995,1.0,0.9641317738489172,0.376972205865935,1.198282182055923,0.14618816951332048
11,0.5364649570236004,1.0,1.0,0.3848602455763511,1.1852760145443821,0.33846617042034965
11,0.29304598572261364,0.8803439245162219,0.5126181757540766,0.3848602455763511,1.6031699931875563,0.05295662032202486
11,0.4552262455996534,1.0,0.9758739604164554,0.3848602455763511,1.1930670556855298,0.19513732102001435
11,0.3897524116223763,0.8803439245162219,0.9959987764698824,0.3782901397487627,1.3048781554314373,0.139307929899267
11,0.3370484322350983,0.9312134396027257,1.0,0.3848602455763511,1.3478294591718165,0.09827851277766397
11,0.42801040414424946,1.0,1.0,0.2326140154085276,1.2078539253393459,0.1464689636142531
11,0.4382632390147939,1.0,1.0,0.24783863842530995,1.2052158768340306,0.1686612083050527
11,0.5760256874038407,1.0,1.0,0.3848602455763511,1.1852760145443821,0.3966240210182169
11,0.479302294758317,1.0,1.0,0.3257292931280553,1.1931223474588455,0.24532007006053658
11,0.47360935497038614,1.0,0.9756613832487269,0.3191591873004669,1.2035602910934902,0.2443651194711286
11,0.24262382969031643,0.8225957533899906,0.44067265392350496,0.3848602455763511,1.8723791730986876,0.09945244656843255
11,0.6963215224859995,1.0,1.0,0.3848602455763511,1.1852760145443821,0.5328707790898088
11,0.4345614678566369,1.0,0.9126200241756324,0.3262584230398414,1.2288318131989922,0.18344735084151575
11,0.3024181562099802,1.0,0.5979644346531813,0.3848602455763511,1.502171072243339,0.10501391284813466
11,0.5176148882721727,1.0,1.0,0.2917449678568234,1.1981283656891857,0.3204801046031357
11,0.6489053597470521,1.0,1.0,0.24783863842530995,1.2052158768340306,0.5051387393004825
11,0.4690335109942528,1.0,0.6381679911878632,0.2917449678568234,1.4296030558156434,0.4610500721483759
11,0.6451844546473691,1.0,1.0,0.3848602455763511,1.1852760145443821,0.48116139506529276
11,0.47007474337482696,1.0,1.0,0.3120271324129512,1.195093744050098,0.22868613990165
11,0.4042475261047992,1.0,0.8293332942016867,0.3262584230398414,1.2699589171986123,0.14618257468013396
11,0.47007474337482696,1.0,1.0,0.3120271324129512,1.195093744050098,0.22868613990165
11,0.5272374056401105,1.0,1.0,0.371158084861247,1.1870043516743767,0.3253738949566831
11,0.2700940350333432,1.0,1.0,0.3848602455763511,1.6819468291624518,0.4966708146180696
11,0.18297635335073292,0.9312134396027257,0.9959987764698824,0.3848602455763511,2.482745976079455,1.2319290194974006
11,0.300692606551766,1.0,0.9213580217580691,0.3848602455763511,1.510791406482326,0.2986168214869256
11,0.05,0.8923095320645997,0.5943633334760755,0.37894715033152154,9.085675967925894,7.57616057689503
11,0.6903587626218611,1.0,1.0,0.2390033275739647,1.206734836216317,0.5486946527345568
11,0.3614425229767688,1.0,1.0,0.3848602455763511,1.2568632004992557,0.07158718595487357
11,0.5090411394673509,1.0,1.0,0.3848602455763511,1.1852760145443821,0.29284557745850615
11,0.3841393118243397,1.0,0.5126181757540766,0.26154079914041406,1.6197974111736082,0.43719570310602807
11,0.24187379392267247,0.6942226224202037,0.529612363828561,0.3848602455763511,1.8781853058005151,0.02975021299749203
11,0.05,0.6422492684065955,0.05,0.3848602455763511,9.085675967925894,1.4280546121522786
11,0.47849362460200995,1.0,1.0,0.26154079914041406,1.2029236937572694,0.2535195989578456
11,0.5640780569313733,1.0,1.0,0.23995059871489383,1.206570409278043,0.40121412729828954
11,0.24069566381060015,0.759358337082624,0.630594378818652,0.3848602455763511,1.8873784363313726,0.24174450473705078
12,0.2763059871923583,0.801913090355604,0.5332134650056668,0.3848602455763511,1.6760953878885325,0.031962336505990896
12,0.2810238144214347,0.8670488050180243,0.5555535017538269,0.3848602455763511,1.6165313491339095,0.04571681683356932
12,0.3370484322350983,0.9312134396027257,0.9100871577627233,0.3848602455763511,1.3478294591718165,0.06714401019620286
12,0.43179012618083995,1.0,0.9641317738489172,0.376972205865935,1.198282182055923,0.14618816951332048
12,0.29304598572261364,0.8803439245162219,0.5126181757540766,0.3848602455763511,1.6031699931875563,0.05295662032202486
12,0.4552262455996534,1.0,0.9758739604164554,0.3848602455763511,1.1930670556855298,0.19513732102001435
12,0.3614425229767688,1.0,1.0,0.3848602455763511,1.2568632004992557,0.07158718595487357
12,0.5090411394673509,1.0,1.0,0.3848602455763511,1.1852760145443821,0.29284557745850615
12,0.24187379392267247,0.6942226224202037,0.529612363828561,0.3848602455763511,1.8781853058005151,0.02975021299749203
12,0.42801040414424946,1.0,1.0,0.2326140154085276,1.2078539253393459,0.1464689636142531
12,0.4382632390147939,1.0,1.0,0.24783863842530995,1.2052158768340306,0.1686612083050527
12,0.479302294758317,1.0,1.0,0.3257292931280553,1.1931223474588455,0.24532007006053658
12,0.47007474337482696,1.0,1.0,0.3120271324129512,1.195093744050098,0.22868613990165
12,0.47007474337482696,1.0,1.0,0.3120271324129512,1.195093744050098,0.22868613990165
12,0.3563974642965579,1.0,1.0,0.3848602455763511,1.2746549897709336,0.08937897522655147
12,0.4042475261047992,1.0,0.8293332942016867,0.3262584230398414,1.2699589171986123,0.14618257468013396
12,0.5364649570236004,1.0,1.0,0.3848602455763511,1.1852760145443821,0.33846617042034965
12,0.5272374056401105,1.0,1.0,0.371158084861247,1.1870043516743767,0.3253738949566831
12,0.3370484322350983,0.9312134396027257,1.0,0.3848602455763511,1.3478294591718165,0.09827851277766397
12,0.5760256874038407,1.0,1.0,0.3848602455763511,1.1852760145443821,0.3966240210182169
12,0.5979870426401368,1.0,0.9782865643748098,0.3848602455763511,1.1922706590646732,0.4325822806733939
12,0.5356222602929361,1.0,1.0,0.2326140154085276,1.2078539253393459,0.3597117917667474
12,0.23239653360500107,0.801913090355604,0.5332134650056668,0.3725283009327574,1.954778750268829,0.26899708139006173
12,0.3125545527326785,1.0,0.9641317738489172,0.3120271324129512,1.4534544515723493,0.24392710113752125
12,0.5584196386911039,1.0,1.0,0.3848602455763511,1.1852760145443821,0.37175912654011556
12,0.34701436400778374,1.0,0.5999981515784443,0.3848602455763511,1.39537080169131,0.08624975861350892
12,0.5165233045447502,0.9931213439602726,1.0,0.3848602455763511,1.191302839034266,0.31179981834701676
12,0.4651169619203265,1.0,1.0,0.3848602455763511,1.1852760145443821,0.2085672644922184
12,0.46988718707662214,0.9312134396027257,0.9100871577627233,0.3848602455763511,1.2806854489756136,0.3138921015309226
12,0.4211636110367171,1.0,1.0,0.3848602455763511,1.1852760145443821,0.10663627811253185
12,0.359870395973541,1.0,0.9758739604164554,0.3193104437292912,1.2623539232524628,0.05890414369518715
12,0.2486668860271724,0.9312134396027257,1.0,0.26154079914041406,1.826876963446806,0.567484064296192
12,0.3396427922809248,0.6942226224202037,0.529612363828561,0.3193104437292912,1.8904041677020622,0.5528700981767767
12,0.43308817525275517,0.9215691658393821,0.9115018778020324,0.3848602455763511,1.289926671359932,0.2409859881655576
12,0.378792812779687,0.8670488050180243,0.5555535017538269,0.3193104437292912,1.623309298941098,0.424015672039848
12,0.204760501484565,1.0,0.5999981515784443,0.3848602455763511,2.2186105326451564,0.8232397309538464
12,0.5529505930547081,1.0,1.0,0.3848602455763511,1.1852760145443821,0.36371290860616057
12,0.4894709992476657,1.0,1.0,0.3316423883728849,1.1922903984623712,0.26417860582887664
12,0.37407498555061064,0.9312134396027257,0.5332134650056668,0.3848602455763511,1.5254310642787108,0.31101196699831
12,0.5326125990412798,1.0,1.0,0.3725283009327574,1.1868291941888214,0.33389442049634444
13,0.2763059871923583,0.801913090355604,0.5332134650056668,0.3848602455763511,1.6760953878885325,0.031962336505990896
13,0.2810238144214347,0.8670488050180243,0.5555535017538269,0.3848602455763511,1.6165313491339095,0.04571681683356932
13,0.29304598572261364,0.8803439245162219,0.5126181757540766,0.3848602455763511,1.6031699931875563,0.05295662032202486
13,0.3614425229767688,1.0,1.0,0.3848602455763511,1.2568632004992557,0.07158718595487357
13,0.24187379392267247,0.6942226224202037,0.529612363828561,0.3848602455763511,1.8781853058005151,0.02975021299749203
13,0.4211636110367171,1.0,1.0,0.3848602455763511,1.1852760145443821,0.10663627811253185
13,0.359870395973541,1.0,0.9758739604164554,0.3193104437292912,1.2623539232524628,0.05890414369518715
13,0.43179012618083995,1.0,0.9641317738489172,0.376972205865935,1.198282182055923,0.14618816951332048
13,0.4552262455996534,1.0,0.9758739604164554,0.3848602455763511,1.1930670556855298,0.19513732102001435
13,0.4651169619203265,1.0,1.0,0.3848602455763511,1.1852760145443821,0.2085672644922184
13,0.3370484322350983,0.9312134396027257,0.9100871577627233,0.3848602455763511,1.3478294591718165,0.06714401019620286
13,0.3563974642965579,1.0,1.0,0.3848602455763511,1.2746549897709336,0.08937897522655147
13,0.4042475261047992,1.0,0.8293332942016867,0.3262584230398414,1.2699589171986123,0.14618257468013396
13,0.5090411394673509,1.0,1.0,0.3848602455763511,1.1852760145443821,0.29284557745850615
13,0.34701436400778374,1.0,0.5999981515784443,0.3848602455763511,1.39537080169131,0.08624975861350892
13,0.3370484322350983,0.9312134396027257,1.0,0.3848602455763511,1.3478294591718165,0.09827851277766397
13,0.42801040414424946,1.0,1.0,0.2326140154085276,1.2078539253393459,0.1464689636142531
13,0.4382632390147939,1.0,1.0,0.24783863842530995,1.2052158768340306,0.1686612083050527
13,0.47007474337482696,1.0,1.0,0.3120271324129512,1.195093744050098,0.22868613990165
13,0.4894709992476657,1.0,1.0,0.3316423883728849,1.1922903984623712,0.26417860582887664
13,0.3689690456752872,1.0,0.6809197095919933,0.3848602455763511,1.3329511114697277,0.10172640149625112
13,0.2810238144214347,1.0,1.0,0.3848602455763511,1.6165313491339095,0.43125533458952736
13,0.4009360989406044,1.0,1.0,0.3848602455763511,1.1852760145443821,0.05221813437527456
13,0.4586667752508921,1.0,0.9782865643748098,0.2326140154085276,1.2182277317858305,0.22778362071405756
13,0.1610001244096652,0.6942226224202037,0.09456982318433577,0.3848602455763511,4.585746587558143,1.7641102296606292
13,0.15311026063298017,0.7020657058362655,0.12479169779515126,0.3848602455763511,3.7647206004886202,0.7976836257172488
13,0.337862870721098,0.9096035582910043,0.9718571068269979,0.3848602455763511,1.3445804363403884,0.06370447198681828
13,0.4705166366521235,1.0,1.0,0.3848602455763511,1.1852760145443821,0.2197760276600812
13,0.27205447582601777,0.8051409006604775,0.8346336073196781,0.3848602455763511,1.6698266199548364,0.21152261421935004
13,0.4184031220751484,0.8670488050180243,0.5555535017538269,0.3848602455763511,1.5708145323003402,0.485058278515452
13,0.5173530146023643,1.0,1.0,0.3848602455763511,1.1852760145443821,0.3071835055966201
13,0.3563974642965579,1.0,1.0,0.24783863842530995,1.2746549897709336,0.06943911293690297
13,0.3950842763738188,0.8923095320645997,0.5589437542203145,0.3848602455763511,1.5389636931231223,0.3891234349846322
13,0.34017407074438305,0.9312134396027257,0.8883737221375332,0.3258654239139972,1.335445130054865,0.034835870713211925
13,0.4048040895673562,0.9422518288737687,0.5758721119948995,0.3848602455763511,1.4707037858779892,0.3484725187846509
13,0.39484448617106555,0.7248003601781834,0.9366527910251051,0.3848602455763511,1.5369716462858791,0.3864330868222057
13,0.3254300941527403,0.9380920956424532,0.9049236514605584,0.376972205865935,1.3959489741376037,0.11877720740190822
13,0.2570982703613986,1.0,0.683212399047043,0.3848602455763511,1.766965623986603,0.4355676030763156
13,0.6165870810022935,1.0,1.0,0.3848602455763511,1.1852760145443821,0.4485044850359503
13,0.29939121149081016,0.9380920956424532,1.0,0.3720520840121499,1.5173585213223815,0.2737839855028197
14,0.2763059871923583,0.801913090355604,0.5332134650056668,0.3848602455763511,1.6760953878885325,0.031962336505990896
14,0.24187379392267247,0.6942226224202037,0.529612363828561,0.3848602455763511,1.8781853058005151,0.02975021299749203
14,0.4009360989406044,1.0,1.0,0.3848602455763511,1.1852760145443821,0.05221813437527456
14,0.34017407074438305,0.9312134396027257,0.8883737221375332,0.3258654239139972,1.335445130054865,0.034835870713211925
14,0.3614425229767688,1.0,1.0,0.3848602455763511,1.2568632004992557,0.07158718595487357
14,0.4211636110367171,1.0,1.0,0.3848602455763511,1.1852760145443821,0.10663627811253185
14,0.359870395973541,1.0,0.9758739604164554,0.3193104437292912,1.2623539232524628,0.05890414369518715
14,0.2810238144214347,0.8670488050180243,0.5555535017538269,0.3848602455763511,1.6165313491339095,0.04571681683356932
14,0.29304598572261364,0.8803439245162219,0.5126181757540766,0.3848602455763511,1.6031699931875563,0.05295662032202486
14,0.43179012618083995,1.0,0.9641317738489172,0.376972205865935,1.198282182055923,0.14618816951332048
14,0.4552262455996534,1.0,0.9758739604164554,0.3848602455763511,1.1930670556855298,0.19513732102001435
14,0.4651169619203265,1.0,1.0,0.3848602455763511,1.1852760145443821,0.2085672644922184
14,0.4042475261047992,1.0,0.8293332942016867,0.3262584230398414,1.2699589171986123,0.14618257468013396
14,0.337862870721098,0.9096035582910043,0.9718571068269979,0.3848602455763511,1.3445804363403884,0.06370447198681828
14,0.3563974642965579,1.0,1.0,0.24783863842530995,1.2746549897709336,0.06943911293690297
14,0.42801040414424946,1.0,1.0,0.2326140154085276,1.2078539253393459,0.1464689636142531
14,0.4382632390147939,1.0,1.0,0.24783863842530995,1.2052158768340306,0.1686612083050527
14,0.4705166366521235,1.0,1.0,0.3848602455763511,1.1852760145443821,0.2197760276600812
14,0.3370484322350983,0.9312134396027257,0.9100871577627233,0.3848602455763511,1.3478294591718165,0.06714401019620286
14,0.3563974642965579,1.0,1.0,0.3848602455763511,1.2746549897709336,0.08937897522655147
14,0.5016896013906619,1.0,1.0,0.10929456897259056,1.233442906698462,0.32793518774792385
14,0.4363306789930298,0.6942226224202037,0.9641317738489172,0.3848602455763511,1.5802603570742346,0.5391146657164148
14,0.2245998301767492,0.8693055352451788,0.8096235076865032,0.33176490608023257,2.0226364601515274,0.6198868339282346
14,0.43684832471188884,1.0,0.9782865643748098,0.188843816762956,1.2273635390251125,0.18745155872469832
14,0.41803797252743236,1.0,1.0,0.3848602455763511,1.1852760145443821,0.0985713698713313
14,0.4211636110367171,0.8803439245162219,0.4293314457801309,0.3848602455763511,1.7224293057686446,0.6437895693367943
14,0.42698604831077047,0.9747392729534246,0.9724837079499677,0.3848602455763511,1.2167427517541192,0.15281148698501612
14,0.5304277297028561,1.0,1.0,0.24783863842530995,1.2052158768340306,0.34876780448304157
14,0.28553353857584834,0.801913090355604,0.5332134650056668,0.3848602455763511,1.6760953878885325,0.08509557694934888
14,0.4746152961870168,1.0,1.0,0.26154079914041406,1.2029236937572694,0.24576152436565524
14,0.21986348903985586,0.8217217813200436,0.5798921185051,0.3848602455763511,2.066208479632613,0.4638446594482071
14,0.35309237543510225,0.961700722054318,0.4546600496358328,0.3848602455763511,1.5979217398958243,0.31133545879703894
14,0.18512492965536093,0.7606878490324438,0.11261632733252086,0.3848602455763511,3.9422295319360403,1.4882985250545784
14,0.5329532468079373,1.0,1.0,0.3848602455763511,1.1852760145443821,0.3328864112340315
14,0.3563974642965579,1.0,0.8975155407419323,0.37225452679658544,1.2746549897709336,0.05036662199155573
14,0.5177582996991981,1.0,1.0,0.3848602455763511,1.1852760145443821,0.30787084910620244
14,0.4467100475279363,1.0,1.0,0.3777610098369766,1.1861650721117964,0.16921054203352193
14,0.4258941688396912,1.0,1.0,0.371158084861247,1.1870043516743767,0.12034544987967633
14,0.33877788849660884,1.0,0.9653059925056711,0.31221120798991664,1.3409488091356623,0.13194446573442753
14,0.4759461032706917,1.0,1.0,0.3848602455763511,1.1852760145443821,0.23079019481467755
15,0.2763059871923583,0.801913090355604,0.5332134650056668,0.3848602455763511,1.6760953878885325,0.031962336505990896
15,0.24187379392267247,0.6942226224202037,0.529612363828561,0.3848602455763511,1.8781853058005151,0.02975021299749203
15,0.4009360989406044,1.0,1.0,0.3848602455763511,1.1852760145443821,0.05221813437527456
15,0.34017407074438305,0.9312134396027257,0.8883737221375332,0.3258654239139972,1.335445130054865,0.034835870713211925
15,0.3563974642965579,1.0,0.8975155407419323,0.37225452679658544,1.2746549897709336,0.05036662199155573
15,0.3614425229767688,1.0,1.0,0.3848602455763511,1.2568632004992557,0.07158718595487357
15,0.359870395973541,1.0,0.9758739604164554,0.3193104437292912,1.2623539232524628,0.05890414369518715
15,0.41803797252743236,1.0,1.0,0.3848602455763511,1.1852760145443821,0.0985713698713313
15,0.2810238144214347,0.8670488050180243,0.5555535017538269,0.3848602455763511,1.6165313491339095,0.04571681683356932
15,0.29304598572261364,0.8803439245162219,0.5126181757540766,0.3848602455763511,1.6031699931875563,0.05295662032202486
15,0.337862870721098,0.9096035582910043,0.9718571068269979,0.3848602455763511,1.3445804363403884,0.06370447198681828
15,0.3563974642965579,1.0,1.0,0.24783863842530995,1.2746549897709336,0.06943911293690297
15,0.4211636110367171,1.0,1.0,0.3848602455763511,1.1852760145443821,0.10663627811253185
15,0.3370484322350983,0.9312134396027257,0.9100871577627233,0.3848602455763511,1.3478294591718165,0.06714401019620286
15,0.3563974642965579,1.0,1.0,0.3848602455763511,1.2746549897709336,0.08937897522655147
15,0.4651169619203265,1.0,1.0,0.3848602455763511,1.1852760145443821,0.2085672644922184
15,0.4467100475279363,1.0,1.0,0.3777610098369766,1.1861650721117964,0.16921054203352193
15,0.4258941688396912,1.0,1.0,0.371158084861247,1.1870043516743767,0.12034544987967633
15,0.28553353857584834,0.801913090355604,0.5332134650056668,0.3848602455763511,1.6760953878885325,0.08509557694934888
15,0.4705166366521235,1.0,1.0,0.3848602455763511,1.1852760145443821,0.2197760276600812
15,0.3067552256059521,0.8832698878937002,0.5585420688613687,0.3848602455763511,1.5493491485627118,0.06841657405264812
15,0.24187379392267247,0.9312134396027257,0.9100871577627233,0.3848602455763511,1.8781853058005151,0.5974998568249015
15,0.4015973797592314,0.801913090355604,0.9682560056498921,0.3848602455763511,1.4105470360918786,0.2793548788543636
15,0.4586643231479305,1.0,0.9359670483083717,0.3258654239139972,1.2186989925331402,0.22824958636687165
15,0.35559301981143365,0.8803439245162219,0.5126181757540766,0.3848602455763511,1.6031699931875563,0.32563140020467696
15,0.42446166403217644,0.8324908281135837,1.0,0.3848602455763511,1.3603599906275223,0.29010124901057677
15,0.4228976797860497,1.0,1.0,0.3848602455763511,1.1852760145443821,0.11105918120166236
15,0.4193214700462251,0.9747392729534246,0.994197143575158,0.37847093341091403,1.210357267887348,0.12697890820423186
15,0.3621564207818178,0.9801913090355604,0.9533213465005668,0.3848602455763511,1.2543856194704046,0.03609443902263498
15,0.13596495636455552,0.6887705863380679,0.13544562025892698,0.3848602455763511,3.590006361353355,0.2488233367897248
15,0.49373045372730207,1.0,1.0,0.371158084861247,1.1870043516743767,0.2668994581391352
15,0.4146869963627012,1.0,0.8975155407419323,0.37225452679658544,1.2242883677793779,0.1288023497197459
15,0.3196547740323638,1.0,0.907763986667739,0.3799044108399991,1.4211700965079472,0.20275064094288076
15,0.3936142965093247,0.8638209947131508,0.633677115081887,0.3848602455763511,1.5046299835583625,0.350495567312447
15,0.26921214734748744,0.8115573641189476,0.5100853093411675,0.3848602455763511,1.6899985862939804,0.002542019900101833
15,0.5662224690935963,1.0,1.0,0.37847093341091403,1.1860755504513396,0.38376933429768223
15,0.28556436723362455,0.8670488050180243,0.6477895150860878,0.3848602455763511,1.5908280514546342,0.10078237121638156
15,0.544476353332115,1.0,1.0,0.3848602455763511,1.1852760145443821,0.3509260857229175
15,0.248949734852432,0.8923095320645997,0.5332134650056668,0.3848602455763511,1.824801323554137,0.2586307565801893
15,0.38263464047204,0.9096035582910043,0.9718571068269979,0.3848602455763511,1.28087596435357,0.09362379676548138
16,0.2763059871923583,0.801913090355604,0.5332134650056668,0.3848602455763511,1.6760953878885325,0.031962336505990896
16,0.4009360989406044,1.0,1.0,0.3848602455763511,1.1852760145443821,0.05221813437527456
16,0.34017407074438305,0.9312134396027257,0.8883737221375332,0.3258654239139972,1.335445130054865,0.034835870713211925
16,0.3621564207818178,0.9801913090355604,0.9533213465005668,0.3848602455763511,1.2543856194704046,0.03609443902263498
16,0.26921214734748744,0.8115573641189476,0.5100853093411675,0.3848602455763511,1.6899985862939804,0.002542019900101833
16,0.41803797252743236,1.0,1.0,0.3848602455763511,1.1852760145443821,0.0985713698713313
16,0.3563974642965579,1.0,0.8975155407419323,0.37225452679658544,1.2746549897709336,0.05036662199155573
16,0.3614425229767688,1.0,1.0,0.3848602455763511,1.2568632004992557,0.07158718595487357
16,0.359870395973541,1.0,0.9758739604164554,0.3193104437292912,1.2623539232524628,0.05890414369518715
16,0.2810238144214347,0.8670488050180243,0.5555535017538269,0.3848602455763511,1.6165313491339095,0.04571681683356932
16,0.24187379392267247,0.6942226224202037,0.529612363828561,0.3848602455763511,1.8781853058005151,0.02975021299749203
16,0.4211636110367171,1.0,1.0,0.3848602455763511,1.1852760145443821,0.10663627811253185
16,0.29304598572261364,0.8803439245162219,0.5126181757540766,0.3848602455763511,1.6031699931875563,0.05295662032202486
16,0.337862870721098,0.9096035582910043,0.9718571068269979,0.3848602455763511,1.3445804363403884,0.06370447198681828
16,0.3563974642965579,1.0,1.0,0.24783863842530995,1.2746549897709336,0.06943911293690297
16,0.4228976797860497,1.0,1.0,0.3848602455763511,1.1852760145443821,0.11105918120166236
16,0.3370484322350983,0.9312134396027257,0.9100871577627233,0.3848602455763511,1.3478294591718165,0.06714401019620286
16,0.3563974642965579,1.0,1.0,0.3848602455763511,1.2746549897709336,0.08937897522655147
16,0.4651169619203265,1.0,1.0,0.3848602455763511,1.1852760145443821,0.2085672644922184
16,0.3067552256059521,0.8832698878937002,0.5585420688613687,0.3848602455763511,1.5493491485627118,0.06841657405264812
16,0.35121440345982397,0.801913090355604,0.9395263288914222,0.37225452679658544,1.4201775709618452,0.12671180841526097
16,0.34852244313040065,0.8803439245162219,0.5126181757540766,0.3848602455763511,1.6031699931875563,0.2997136014035049
16,0.27566347916781425,0.8197409122235997,0.5752242531551567,0.3848602455763511,1.6479651465091372,0.038632510116081376
16,0.33195971901703186,0.8670488050180243,0.5555535017538269,0.3848602455763511,1.5708145323003402,0.2023237784864056
16,0.22486820796168994,0.8235229716673255,0.44973008031620215,0.3258654239139972,2.0202224653257477,0.19384378281472503
16,0.41803797252743236,1.0,1.0,0.320535620802768,1.1938623411865552,0.10715769651350437
16,0.23025101457241126,0.6344039184691876,0.5485082342727028,0.3848602455763511,1.9729937188446567,0.02687318258126914
16,0.23225301467713036,0.8115573641189476,0.4883718737159773,0.3258654239139972,1.9559866904527061,0.1807692797456486
16,0.3110012701121208,0.9418920310898785,0.5786481019347128,0.3848602455763511,1.468431235071592,0.007717567061552799
16,0.37899465398860543,1.0,0.9364263106059914,0.37225452679658544,1.209114687118586,0.010459768104942535
16,0.2537599284552031,0.8238996084799013,0.23916292174260773,0.3848602455763511,2.373797415494102,0.5835864532776796
16,0.3602067023011639,0.9458124141908341,0.912776868159511,0.3848602455763511,1.2652420785669198,0.004066749738710573
16,0.49124112264146147,0.8803439245162219,1.0,0.3848602455763511,1.3035446673312283,0.37877720463497533
16,0.337862870721098,0.8670488050180243,0.5555535017538269,0.3848602455763511,1.5708145323003402,0.2262340959599518
16,0.26048404705683625,0.8051409006604775,0.4963453793654681,0.3848602455763511,1.7439985706258998,0.02835282986633536
16,0.31765050380494714,0.9859451920450915,0.49504382671542246,0.3848602455763511,1.5191297977083456,0.08899258523666065
16,0.5605635352103693,1.0,1.0,0.3848602455763511,1.1852760145443821,0.3748704527536376
16,0.18355606285798584,0.8304016277070528,0.5349507388235061,0.3193104437292912,2.4749049305908097,0.783805988787508
16,0.4651169619203265,1.0,1.0,0.3848602455763511,1.1852760145443821,0.2085672644922184
16,0.3606435088027266,1.0,1.0,0.24783863842530995,1.2596478104665343,0.05443193363250365
17,0.4009360989406044,1.0,1.0,0.3848602455763511,1.1852760145443821,0.05221813437527456
17,0.26921214734748744,0.8115573641189476,0.5100853093411675,0.3848602455763511,1.6899985862939804,0.002542019900101833
17,0.37899465398860543,1.0,0.9364263106059914,0.37225452679658544,1.209114687118586,0.010459768104942535
17,0.3602067023011639,0.9458124141908341,0.912776868159511,0.3848602455763511,1.2652420785669198,0.004066749738710573
17,0.41803797252743236,1.0,1.0,0.3848602455763511,1.1852760145443821,0.0985713698713313
17,0.3621564207818178,0.9801913090355604,0.9533213465005668,0.3848602455763511,1.2543856194704046,0.03609443902263498
17,0.34017407074438305,0.9312134396027257,0.8883737221375332,0.3258654239139972,1.335445130054865,0.034835870713211925
17,0.3110012701121208,0.9418920310898785,0.5786481019347128,0.3848602455763511,1.468431235071592,0.007717567061552799
17,0.4211636110367171,1.0,1.0,0.3848602455763511,1.1852760145443821,0.10663627811253185
17,0.3563974642965579,1.0,0.8975155407419323,0.37225452679658544,1.2746549897709336,0.05036662199155573
17,0.3614425229767688,1.0,1.0,0.3848602455763511,1.2568632004992557,0.07158718595487357
17,0.3606435088027266,1.0,1.0,0.24783863842530995,1.2596478104665343,0.05443193363250365
17,0.2763059871923583,0.801913090355604,0.5332134650056668,0.3848602455763511,1.6760953878885325,0.031962336505990896
17,0.2810238144214347,0.8670488050180243,0.5555535017538269,0.3848602455763511,1.6165313491339095,0.04571681683356932
17,0.27566347916781425,0.8197409122235997,0.5752242531551567,0.3848602455763511,1.6479651465091372,0.038632510116081376
17,0.23025101457241126,0.6344039184691876,0.5485082342727028,0.3848602455763511,1.9729937188446567,0.02687318258126914
17,0.26048404705683625,0.8051409006604775,0.4963453793654681,0.3848602455763511,1.7439985706258998,0.02835282986633536
17,0.4228976797860497,1.0,1.0,0.3848602455763511,1.1852760145443821,0.11105918120166236
17,0.24187379392267247,0.6942226224202037,0.529612363828561,0.3848602455763511,1.8781853058005151,0.02975021299749203
17,0.359870395973541,1.0,0.9758739604164554,0.3193104437292912,1.2623539232524628,0.05890414369518715
17,0.2992277944062653,0.7770975321972927,0.9558678357044634,0.3848602455763511,1.5181871953612593,0.0687715882790716
17,0.37375308355729353,0.99647165520914,0.6992841103976817,0.3848602455763511,1.3238778108557576,0.10841277189811294
17,0.37899465398860543,0.7867082645357302,0.6771147775219251,0.3009339779214285,1.6032958551173366,0.4046409361036931
17,0.17906874677779858,0.7636138124099221,0.15854022043981292,0.3848602455763511,3.1272568162513856,0.5903327961779397
17,0.303910739620293,0.9312134396027257,0.8883737221375332,0.20254597747806014,1.4947935257396978,0.16603947161449883
17,0.3621564207818178,0.872038084242709,0.9544409614139151,0.3848602455763511,1.328001658301734,0.07361603883132939
17,0.322469313686441,0.8304016277070528,0.6513127917393117,0.3848602455763511,1.53170305955266,0.12293705673561073
17,0.13292526025526963,0.6268626819805211,0.07623749787056816,0.3848602455763511,5.521739225916283,2.1041510023387935
17,0.4211636110367171,0.788799906863346,0.5387342226482065,0.3848602455763511,1.6880773599168886,0.6094376234850383
17,0.14176918146837036,0.493932249150742,0.13201357836039046,0.3848602455763511,4.148827841964112,0.9444374408039415
17,0.29409211359342347,0.8931232038616291,0.5573636037328805,0.3848602455763511,1.5446990413531114,0.005025315624884508
17,0.37965451100723224,1.0,1.0,0.37240578322540974,1.1965716015863306,0.009726767000137082
17,0.47268485130079496,1.0,1.0,0.3258654239139972,1.1931030687979736,0.23203184920897502
17,0.4032222659693809,0.9980191309035561,0.9953321346500565,0.3848602455763511,1.1884809903341644,0.06184725828268722
17,0.24011904729008396,0.8197409122235997,0.4931223333216108,0.3848602455763511,1.8919107447617305,0.19136344865515675
17,0.3634565834610829,1.0,1.0,0.24783863842530995,1.249898411265715,0.04468253443168435
17,0.3978224573168415,1.0,1.0,0.3306555906310803,1.1924284644676715,0.05050246711696116
17,0.4684610664743947,1.0,1.0,0.3848602455763511,1.1852760145443821,0.2155394899466342
17,0.2629086805138695,0.770763042790765,0.5102766287921232,0.3848602455763511,1.7465144644136874,0.018599642939808758
17,0.359870395973541,0.9458124141908341,0.9699931886141188,0.3848602455763511,1.2623539232524628,0.017477097525270713
18,0.4009360989406044,1.0,1.0,0.3848602455763511,1.1852760145443821,0.05221813437527456
18,0.26921214734748744,0.8115573641189476,0.5100853093411675,0.3848602455763511,1.6899985862939804,0.002542019900101833
18,0.3602067023011639,0.9458124141908341,0.912776868159511,0.3848602455763511,1.2652420785669198,0.004066749738710573
18,0.37965451100723224,1.0,1.0,0.37240578322540974,1.1965716015863306,0.009726767000137082
18,0.3978224573168415,1.0,1.0,0.3306555906310803,1.1924284644676715,0.05050246711696116
18,0.41803797252743236,1.0,1.0,0.3848602455763511,1.1852760145443821,0.0985713698713313
18,0.4032222659693809,0.9980191309035561,0.9953321346500565,0.3848602455763511,1.1884809903341644,0.06184725828268722
18,0.3110012701121208,0.9418920310898785,0.5786481019347128,0.3848602455763511,1.468431235071592,0.007717567061552799
18,0.29409211359342347,0.8931232038616291,0.5573636037328805,0.3848602455763511,1.5446990413531114,0.005025315624884508
18,0.37899465398860543,1.0,0.9364263106059914,0.37225452679658544,1.209114687118586,0.010459768104942535
18,0.4211636110367171,1.0,1.0,0.3848602455763511,1.1852760145443821,0.10663627811253185
18,0.3621564207818178,0.9801913090355604,0.9533213465005668,0.3848602455763511,1.2543856194704046,0.03609443902263498
18,0.3634565834610829,1.0,1.0,0.24783863842530995,1.249898411265715,0.04468253443168435
18,0.359870395973541,0.9458124141908341,0.9699931886141188,0.3848602455763511,1.2623539232524628,0.017477097525270713
18,0.4228976797860497,1.0,1.0,0.3848602455763511,1.1852760145443821,0.11105918120166236
18,0.2629086805138695,0.770763042790765,0.5102766287921232,0.3848602455763511,1.7465144644136874,0.018599642939808758
18,0.34017407074438305,0.9312134396027257,0.8883737221375332,0.3258654239139972,1.335445130054865,0.034835870713211925
18,0.2763059871923583,0.801913090355604,0.5332134650056668,0.3848602455763511,1.6760953878885325,0.031962336505990896
18,0.3614425229767688,1.0,1.0,0.3848602455763511,1.2568632004992557,0.07158718595487357
18,0.3563974642965579,1.0,0.8975155407419323,0.37225452679658544,1.2746549897709336,0.05036662199155573
18,0.4621492916833048,1.0,1.0,0.3848602455763511,1.1852760145443821,0.20229537457772995
18,0.27347596256520845,0.7738780475472489,0.5125703124134777,0.3848602455763511,1.7392067001041682,0.078059586626132
18,0.3602067023011639,1.0,1.0,0.2728859460422032,1.2611753288282093,0.06009323764502228
18,0.4396501062419996,1.0,1.0,0.3848602455763511,1.1852760145443821,0.15199113641306372
18,0.5077176722882856,1.0,1.0,0.26154079914041406,1.2029236937572694,0.3081669590945679
18,0.254276714680863,0.8931232038616291,0.5516419716874197,0.3848602455763511,1.7865725780890298,0.24103440343598637
18,0.4205110857732256,1.0,1.0,0.3610606363236206,1.188311442403002,0.10799793398185997
18,0.37936013144119884,0.9458124141908341,0.5786481019347128,0.3848602455763511,1.4646020210331085,0.26710189217498437
18,0.3256181724108099,0.8217217813200436,0.6371084389597079,0.3848602455763511,1.5535590185244248,0.15841634966351892
18,0.37899465398860543,0.7936867385116885,0.6514849792451718,0.38375093012719885,1.5805262936789064,0.3818713746652629
18,0.35384024404156333,0.99647165520914,0.6477894219885347,0.3306555906310803,1.396159685393147,0.11229270347703157
18,0.2779752965152321,0.8249828691261363,0.6075707856776096,0.3848602455763511,1.6342596322145402,0.0608389837806238
18,0.255691628983768,0.9418920310898785,1.0,0.3848602455763511,1.7766862666204981,0.537729098561323
18,0.29869795681370076,0.8753223461240174,0.5757639299582086,0.3848602455763511,1.5414171804218837,0.020536988246919297
18,0.41594521160636194,1.0,1.0,0.373515098674562,1.1867033733881158,0.0945311504278501
18,0.4229768672638836,1.0,1.0,0.37225452679658544,1.186864149479211,0.11284842529413441
18,0.437767381337561,0.9980191309035561,0.9953321346500565,0.3848602455763511,1.1884809903341644,0.15075221973408826
18,0.2763059871923583,1.0,0.9939135590050205,0.3848602455763511,1.6441330513825416,0.4569272115538119
18,0.37683052771987946,0.9799822668309751,0.9668745407939733,0.3258654239139972,1.22264981462098,0.017111056853116757
18,0.30984039479629644,0.9109510257296247,0.5993743918823704,0.3736512294605039,1.4889208889275247,0.02273438243778325
19,0.4009360989406044,1.0,1.0,0.3848602455763511,1.1852760145443821,0.05221813437527456
19,0.26921214734748744,0.8115573641189476,0.5100853093411675,0.3848602455763511,1.6899985862939804,0.002542019900101833
19,0.3602067023011639,0.9458124141908341,0.912776868159511,0.3848602455763511,1.2652420785669198,0.004066749738710573
19,0.37965451100723224,1.0,1.0,0.37240578322540974,1.1965716015863306,0.009726767000137082
19,0.3978224573168415,1.0,1.0,0.3306555906310803,1.1924284644676715,0.05050246711696116
19,0.41803797252743236,1.0,1.0,0.3848602455763511,1.1852760145443821,0.0985713698713313
19,0.4032222659693809,0.9980191309035561,0.9953321346500565,0.3848602455763511,1.1884809903341644,0.06184725828268722
19,0.41594521160636194,1.0,1.0,0.373515098674562,1.1867033733881158,0.0945311504278501
19,0.3110012701121208,0.9418920310898785,0.5786481019347128,0.3848602455763511,1.468431235071592,0.007717567061552799
19,0.29409211359342347,0.8931232038616291,0.5573636037328805,0.3848602455763511,1.5446990413531114,0.005025315624884508
19,0.37899465398860543,1.0,0.9364263106059914,0.37225452679658544,1.209114687118586,0.010459768104942535
19,0.4211636110367171,1.0,1.0,0.3848602455763511,1.1852760145443821,0.10663627811253185
19,0.37683052771987946,0.9799822668309751,0.9668745407939733,0.3258654239139972,1.22264981462098,0.017111056853116757
19,0.4228976797860497,1.0,1.0,0.3848602455763511,1.1852760145443821,0.11105918120166236
19,0.4205110857732256,1.0,1.0,0.3610606363236206,1.188311442403002,0.10799793398185997
19,0.3621564207818178,0.9801913090355604,0.9533213465005668,0.3848602455763511,1.2543856194704046,0.03609443902263498
19,0.3634565834610829,1.0,1.0,0.24783863842530995,1.249898411265715,0.04468253443168435
19,0.359870395973541,0.9458124141908341,0.9699931886141188,0.3848602455763511,1.2623539232524628,0.017477097525270713
19,0.4396501062419996,1.0,1.0,0.3848602455763511,1.1852760145443821,0.15199113641306372
19,0.2629086805138695,0.770763042790765,0.5102766287921232,0.3848602455763511,1.7465144644136874,0.018599642939808758
19,0.47544834144332837,1.0,1.0,0.373515098674562,1.1867033733881158,0.23121827242550275
19,0.2906573572350657,0.931422481807311,0.8748205278441267,0.3848602455763511,1.5629530600583454,0.2685179739255079
19,0.3921493371665854,0.9632851108046356,1.0,0.3848602455763511,1.218440605167943,0.05999466820453425
19,0.3500179531083767,0.9888780761313284,0.6014531533670568,0.3848602455763511,1.4038866169022994,0.10599945954433743
19,0.34101388658910026,0.860326191347197,0.5370914395884606,0.3848602455763511,1.598155248573734,0.2659989229364823
19,0.2956937367592264,0.7725458249775645,0.5144777076070723,0.3848602455763511,1.7388662356507418,0.20253404639119488
19,0.5358978108751966,1.0,1.0,0.3258654239139972,1.1931030687979736,0.3453970371342965
19,0.41594521160636194,1.0,1.0,0.3848602455763511,1.1852760145443821,0.09310379158411641
19,0.2650566151254112,0.770763042790765,0.5102766287921232,0.3848602455763511,1.7465144644136874,0.03260211571371441
19,0.24186881578528727,0.7936867385116885,0.559248965912911,0.3848602455763511,1.8782239625592136,0.21839663207843896
19,0.45961617027354573,1.0,0.9364263106059914,0.24783863842530995,1.2359129702109528,0.2475147460509971
19,0.3385080760597109,0.9038108834754662,0.6016272433595924,0.3848602455763511,1.4865538225688124,0.14453619206530877
19,0.33122713431163503,0.9801913090355604,0.9533213465005668,0.3103249885911578,1.3715174846848153,0.14081261128981826
19,0.29779457386786534,0.9420801690740053,0.566450227070647,0.3848602455763511,1.525493900228173,0.04551950382227021
19,0.25446364944221267,0.9238760712377561,0.5488351886492888,0.33176490608023257,1.785260121406362,0.2223849835611671
19,0.5041625073082512,1.0,1.0,0.3848602455763511,1.1852760145443821,0.28420979086513953
19,0.45424433705323874,1.0,1.0,0.3306555906310803,1.1924284644676715,0.19234157416343334
19,0.3267537441326402,0.8931232038616291,0.9699931886141188,0.3848602455763511,1.3902941106231599,0.09114319202535492
19,0.41490638967499816,1.0,1.0,0.3746496133647409,1.1865590516610567,0.09165230235090371
19,0.43392845613208775,1.0,1.0,0.3509861348979523,1.1896448316622068,0.142735369940302
20,0.4009360989406044,1.0,1.0,0.3848602455763511,1.1852760145443821,0.05221813437527456
20,0.26921214734748744,0.8115573641189476,0.5100853093411675,0.3848602455763511,1.6899985862939804,0.002542019900101833
20,0.3602067023011639,0.9458124141908341,0.912776868159511,0.3848602455763511,1.2652420785669198,0.004066749738710573
20,0.37965451100723224,1.0,1.0,0.37240578322540974,1.1965716015863306,0.009726767000137082
20,0.3978224573168415,1.0,1.0,0.3306555906310803,1.1924284644676715,0.05050246711696116
20,0.4032222659693809,0.9980191309035561,0.9953321346500565,0.3848602455763511,1.1884809903341644,0.06184725828268722
20,0.41594521160636194,1.0,1.0,0.3848602455763511,1.1852760145443821,0.09310379158411641
20,0.41490638967499816,1.0,1.0,0.3746496133647409,1.1865590516610567,0.09165230235090371
20,0.3110012701121208,0.9418920310898785,0.5786481019347128,0.3848602455763511,1.468431235071592,0.007717567061552799
20,0.29409211359342347,0.8931232038616291,0.5573636037328805,0.3848602455763511,1.5446990413531114,0.005025315624884508
20,0.37899465398860543,1.0,0.9364263106059914,0.37225452679658544,1.209114687118586,0.010459768104942535
20,0.41803797252743236,1.0,1.0,0.3848602455763511,1.1852760145443821,0.0985713698713313
20,0.41594521160636194,1.0,1.0,0.373515098674562,1.1867033733881158,0.0945311504278501
20,0.37683052771987946,0.9799822668309751,0.9668745407939733,0.3258654239139972,1.22264981462098,0.017111056853116757
20,0.3921493371665854,0.9632851108046356,1.0,0.3848602455763511,1.218440605167943,0.05999466820453425
20,0.4211636110367171,1.0,1.0,0.3848602455763511,1.1852760145443821,0.10663627811253185
20,0.3621564207818178,0.9801913090355604,0.9533213465005668,0.3848602455763511,1.2543856194704046,0.03609443902263498
20,0.3634565834610829,1.0,1.0,0.24783863842530995,1.249898411265715,0.04468253443168435
20,0.359870395973541,0.9458124141908341,0.9699931886141188,0.3848602455763511,1.2623539232524628,0.017477097525270713
20,0.4228976797860497,1.0,1.0,0.3848602455763511,1.1852760145443821,0.11105918120166236
20,0.3705733063581605,0.9799822668309751,0.9668745407939733,0.3258654239139972,1.2258945759493238,0.003244761328343726
20,0.2625913583700311,0.9240642092218829,0.536637313785223,0.3848602455763511,1.730002878129039,0.2011133516212391
20,0.36561205548121084,0.8807179306297183,0.9336256213158657,0.3848602455763511,1.3255292060123316,0.08299959182463112
20,0.37965451100723224,0.8115573641189476,0.5100853093411675,0.3848602455763511,1.6899985862939804,0.4934269847076498
20,0.25838554722890134,0.8321844098938523,1.0,0.37225452679658544,1.7581626007950137,0.39805138516302674
20,0.29409211359342347,0.8931232038616291,0.5573636037328805,0.3848602455763511,1.5446990413531114,0.005025315624884508
20,0.40210624535194295,1.0,1.0,0.26154079914041406,1.2029236937572694,0.07316306058282396
20,0.4187418024709265,1.0,1.0,0.3736512294605039,1.186686037359569,0.10180794848370667
20,0.4318514126704106,1.0,1.0,0.33721057081578626,1.1915170674553166,0.13957236355611746
20,0.4270510475094933,0.9811129326726313,1.0,0.3848602455763511,1.2020267081401927,0.13825737876487354
20,0.39934149826653176,0.9632851108046356,1.0,0.3848602455763511,1.218440605167943,0.08085833957232857
20,0.3719629983310838,1.0,0.6477894219885347,0.373515098674562,1.3642169782913136,0.14290247039959403
20,0.2514981402751544,0.8944717417935941,0.25877616395074543,0.3848602455763511,2.1906017323138762,0.3842909374163652
20,0.3548964633378771,0.9655306498488863,0.6627940798907315,0.3848602455763511,1.3766716285453824,0.09662560630754924
20,0.4184391267760659,1.0,1.0,0.3736512294605039,1.186686037359569,0.1010232077470199
20,0.3788879500473286,1.0,0.9518698828917764,0.3258654239139972,1.2120207184137222,0.013028229404157488
20,0.31586109789940625,0.940109248903079,0.5744470231197637,0.3848602455763511,1.4741660230604872,0.03592684430473758
20,0.38178835639739145,0.9512311727717506,0.9729938697527069,0.3848602455763511,1.2386340992017846,0.04875023113736132
20,0.39156523595512255,1.0,0.9699931886141188,0.32044495841947007,1.2056169000027217,0.04544289933157364
20,0.3124307625632999,1.0,0.6016272433595924,0.3848602455763511,1.4540303339556724,0.06008176718200664
21,0.4009360989406044,1.0,1.0,0.3848602455763511,1.1852760145443821,0.05221813437527456
21,0.26921214734748744,0.8115573641189476,0.5100853093411675,0.3848602455763511,1.6899985862939804,0.002542019900101833
21,0.37965451100723224,1.0,1.0,0.37240578322540974,1.1965716015863306,0.009726767000137082
21,0.3978224573168415,1.0,1.0,0.3306555906310803,1.1924284644676715,0.05050246711696116
21,0.3705733063581605,0.9799822668309751,0.9668745407939733,0.3258654239139972,1.2258945759493238,0.003244761328343726
21,0.4032222659693809,0.9980191309035561,0.9953321346500565,0.3848602455763511,1.1884809903341644,0.06184725828268722
21,0.41594521160636194,1.0,1.0,0.3848602455763511,1.1852760145443821,0.09310379158411641
21,0.41490638967499816,1.0,1.0,0.3746496133647409,1.1865590516610567,0.09165230235090371
21,0.37899465398860543,1.0,0.9364263106059914,0.37225452679658544,1.209114687118586,0.010459768104942535
21,0.39156523595512255,1.0,0.9699931886141188,0.32044495841947007,1.2056169000027217,0.04544289933157364
21,0.3602067023011639,0.9458124141908341,0.912776868159511,0.3848602455763511,1.2652420785669198,0.004066749738710573
21,0.40210624535194295,1.0,1.0,0.26154079914041406,1.2029236937572694,0.07316306058282396
21,0.41803797252743236,1.0,1.0,0.3848602455763511,1.1852760145443821,0.0985713698713313
21,0.41594521160636194,1.0,1.0,0.373515098674562,1.1867033733881158,0.0945311504278501
21,0.3788879500473286,1.0,0.9518698828917764,0.3258654239139972,1.2120207184137222,0.013028229404157488
21,0.3110012701121208,0.9418920310898785,0.5786481019347128,0.3848602455763511,1.468431235071592,0.007717567061552799
21,0.29409211359342347,0.8931232038616291,0.5573636037328805,0.3848602455763511,1.5446990413531114,0.005025315624884508
21,0.29409211359342347,0.8931232038616291,0.5573636037328805,0.3848602455763511,1.5446990413531114,0.005025315624884508
21,0.4211636110367171,1.0,1.0,0.3848602455763511,1.1852760145443821,0.10663627811253185
21,0.37683052771987946,0.9799822668309751,0.9668745407939733,0.3258654239139972,1.22264981462098,0.017111056853116757
21,0.4501414099070915,1.0,1.0,0.3848602455763511,1.1852760145443821,0.17607358065470358
21,0.38121374064905195,0.9458124141908341,0.912776868159511,0.3848602455763511,1.2652420785669198,0.07356466023243735
21,0.5175866136683451,1.0,1.0,0.3848602455763511,1.1852760145443821,0.30757980948880337
21,0.29691053816061425,0.8931232038616291,0.5573636037328805,0.3848602455763511,1.539673725728227,0.009637746654324708
21,0.34871085885782194,0.9906608583181279,0.6571489205911529,0.2738727437840078,1.4305496854557362,0.12779757825955262
21,0.3779931502630614,1.0,0.9427836795453922,0.3848602455763511,1.2044014380441057,0.0025706483486189757
21,0.3840820566348712,0.9819840401478777,0.9834973807260959,0.32044495841947007,1.215184008759214,0.032406010017505205
21,0.3231200019743663,0.9277964543387116,0.882963954874087,0.33176490608023257,1.4059290768142565,0.10071777629540235
21,0.31298485023068934,0.9111391637137516,0.5601703867710115,0.3799818266312767,1.5216001127147063,0.07014389783504371
21,0.3497728741311567,0.9799822668309751,0.9096582203393655,0.3848602455763511,1.298796561373219,0.06444881351000009
21,0.5071702547159677,1.0,1.0,0.33176490608023257,1.192273278082835,0.29655078181644334
21,0.34563244819134775,1.0,0.8946535624371686,0.3145202770122081,1.3143552017318598,0.07423410972142208
21,0.3085663396835885,0.9494856101676902,0.5949775591703095,0.32044495841947007,1.4955753324202257,0.02333501458269316
21,0.41594521160636194,0.9418920310898785,0.5925473169919194,0.33176490608023257,1.4963196179528635,0.4041473949925978
21,0.3788879500473286,1.0,1.0,0.2614182814330664,1.2029438556183552,0.003951366608790474
21,0.24820510899959938,0.8115573641189476,0.4830791790938744,0.33607605612560737,1.8302758048885615,0.056981152639592025
21,0.3568439270385962,0.9477028279808907,0.5573636037328805,0.3848602455763511,1.4835645023434698,0.21050428809530874
21,0.4603983094433859,1.0,1.0,0.2673496189233515,1.2019745414585987,0.21525543937398572
21,0.41419786948643966,1.0,0.9662392238914154,0.3848602455763511,1.1962871207045231,0.09950744159015801
21,0.37683052771987946,0.8097745819321481,0.5058842305262183,0.3848602455763511,1.6974896989341,0.4919509411662366
22,0.4009360989406044,1.0,1.0,0.3848602455763511,1.1852760145443821,0.05221813437527456
22,0.26921214734748744,0.8115573641189476,0.5100853093411675,0.3848602455763511,1.6899985862939804,0.002542019900101833
22,0.37965451100723224,1.0,1.0,0.37240578322540974,1.1965716015863306,0.009726767000137082
22,0.3978224573168415,1.0,1.0,0.3306555906310803,1.1924284644676715,0.05050246711696116
22,0.3779931502630614,1.0,0.9427836795453922,0.3848602455763511,1.2044014380441057,0.0025706483486189757
22,0.3788879500473286,1.0,1.0,0.2614182814330664,1.2029438556183552,0.003951366608790474
22,0.4032222659693809,0.9980191309035561,0.9953321346500565,0.3848602455763511,1.1884809903341644,0.06184725828268722
22,0.41594521160636194,1.0,1.0,0.3848602455763511,1.1852760145443821,0.09310379158411641
22,0.41490638967499816,1.0,1.0,0.3746496133647409,1.1865590516610567,0.09165230235090371
22,0.3705733063581605,0.9799822668309751,0.9668745407939733,0.3258654239139972,1.2258945759493238,0.003244761328343726
22,0.37899465398860543,1.0,0.9364263106059914,0.37225452679658544,1.209114687118586,0.010459768104942535
22,0.39156523595512255,1.0,0.9699931886141188,0.32044495841947007,1.2056169000027217,0.04544289933157364
22,0.40210624535194295,1.0,1.0,0.26154079914041406,1.2029236937572694,0.07316306058282396
22,0.41803797252743236,1.0,1.0,0.3848602455763511,1.1852760145443821,0.0985713698713313
22,0.41594521160636194,1.0,1.0,0.373515098674562,1.1867033733881158,0.0945311504278501
22,0.3602067023011639,0.9458124141908341,0.912776868159511,0.3848602455763511,1.2652420785669198,0.004066749738710573
22,0.3788879500473286,1.0,0.9518698828917764,0.3258654239139972,1.2120207184137222,0.013028229404157488
22,0.4211636110367171,1.0,1.0,0.3848602455763511,1.1852760145443821,0.10663627811253185
22,0.29409211359342347,0.8931232038616291,0.5573636037328805,0.3848602455763511,1.5446990413531114,0.005025315624884508
22,0.29409211359342347,0.8931232038616291,0.5573636037328805,0.3848602455763511,1.5446990413531114,0.005025315624884508
22,0.4082828951038616,1.0,1.0,0.3848602455763511,1.1852760145443821,0.07260680450133639
22,0.34614025679706506,0.9418920310898785,0.6358644223893206,0.3848602455763511,1.419425821705063,0.10699885821586408
22,0.4167505314122024,1.0,1.0,0.26241733094560576,1.2027796220311355,0.11271788929015725
22,0.24686833216830176,0.8304016277070528,0.5018604579524429,0.3848602455763511,1.8401866357329193,0.1643937539432283
22,0.3838950423980428,1.0,0.9427836795453922,0.3805490955309763,1.2052013451143997,0.021847156790209654
22,0.3674774389280059,0.9982172178132005,0.9385826007304431,0.3848602455763511,1.2362223040711597,0.028770667186875487
22,0.4032222659693809,1.0,0.9953321346500565,0.37240578322540974,1.1883811716911903,0.061747439639713075
22,0.4350929541495749,1.0,1.0,0.3746496133647409,1.1865590516610567,0.14245157507413198
22,0.3193848202103622,0.9525797107037156,0.631997944907809,0.3258654239139972,1.4517245065040432,0.02935319355189292
22,0.403816137286145,0.9980191309035561,1.0,0.3848602455763511,1.1870030616248375,0.06202621099668315
22,0.3779449958209047,0.9077464806434814,0.9084580659815751,0.3756706765859019,1.3067254434572788,0.10474152700596417
22,0.4338627973547754,1.0,1.0,0.3306555906310803,1.1924284644676715,0.14536056833868205
22,0.2595054781221355,1.0,0.5290699670211695,0.32044495841947007,1.7505750129775228,0.21885425162041994
22,0.43117399271997153,1.0,1.0,0.3848602455763511,1.1852760145443821,0.13167859424864892
22,0.3564959804259862,0.9265907442315866,0.9093194179392347,0.3258654239139972,1.2952959764854282,0.020993232132371142
22,0.3602067023011639,0.8304016277070528,0.4955030890130421,0.37225452679658544,1.696021937024999,0.43484660819678966
22,0.3505083049529244,0.9819840401478777,0.970187086714576,0.31931044372929124,1.296071447570729,0.07541294900188689
22,0.5074902455284862,1.0,1.0,0.32044495841947007,1.193875336604314,0.29871762551622305
22,0.45219482773640285,1.0,1.0,0.3746496133647409,1.1865590516610567,0.1819394085054613
22,0.41221388976491125,1.0,0.5573636037328805,0.32044495841947007,1.49530311946562,0.39324465501408534
23,0.4009360989406044,1.0,1.0,0.3848602455763511,1.1852760145443821,0.05221813437527456
23,0.26921214734748744,0.8115573641189476,0.5100853093411675,0.3848602455763511,1.6899985862939804,0.002542019900101833
23,0.37965451100723224,1.0,1.0,0.37240578322540974,1.1965716015863306,0.009726767000137082
23,0.3978224573168415,1.0,1.0,0.3306555906310803,1.1924284644676715,0.05050246711696116
23,0.3779931502630614,1.0,0.9427836795453922,0.3848602455763511,1.2044014380441057,0.0025706483486189757
23,0.3788879500473286,1.0,1.0,0.2614182814330664,1.2029438556183552,0.003951366608790474
23,0.4082828951038616,1.0,1.0,0.3848602455763511,1.1852760145443821,0.07260680450133639
23,0.4032222659693809,1.0,0.9953321346500565,0.37240578322540974,1.1883811716911903,0.061747439639713075
23,0.403816137286145,0.9980191309035561,1.0,0.3848602455763511,1.1870030616248375,0.06202621099668315
23,0.3705733063581605,0.9799822668309751,0.9668745407939733,0.3258654239139972,1.2258945759493238,0.003244761328343726
23,0.37899465398860543,1.0,0.9364263106059914,0.37225452679658544,1.209114687118586,0.010459768104942535
23,0.3838950423980428,1.0,0.9427836795453922,0.3805490955309763,1.2052013451143997,0.021847156790209654
23,0.41594521160636194,1.0,1.0,0.3848602455763511,1.1852760145443821,0.09310379158411641
23,0.41490638967499816,1.0,1.0,0.3746496133647409,1.1865590516610567,0.09165230235090371
23,0.4032222659693809,0.9980191309035561,0.9953321346500565,0.3848602455763511,1.1884809903341644,0.06184725828268722
23,0.3602067023011639,0.9458124141908341,0.912776868159511,0.3848602455763511,1.2652420785669198,0.004066749738710573
23,0.3788879500473286,1.0,0.9518698828917764,0.3258654239139972,1.2120207184137222,0.013028229404157488
23,0.39156523595512255,1.0,0.9699931886141188,0.32044495841947007,1.2056169000027217,0.04544289933157364
23,0.41803797252743236,1.0,1.0,0.3848602455763511,1.1852760145443821,0.0985713698713313
23,0.29409211359342347,0.8931232038616291,0.5573636037328805,0.3848602455763511,1.5446990413531114,0.005025315624884508
23,0.5174360998212026,1.0,1.0,0.3736512294605039,1.186686037359569,0.30873452458147976
23,0.302571697238814,0.9038108834754662,0.5534971262513688,0.3848602455763511,1.5321026545419132,0.03069386407594843
23,0.5136580109984475,1.0,1.0,0.3746496133647409,1.1865590516610567,0.3021499762248038
23,0.3768628489656503,0.9980191309035561,0.9381158141954488,0.373515098674562,1.2099477910274796,0.004512425022640043
23,0.4105508996339888,1.0,1.0,0.33607605612560737,1.191673847942171,0.08515135151006525
23,0.30287168327463715,0.8931232038616291,0.5573636037328805,0.3848602455763511,1.539673725728227,0.039752039189724364
23,0.42666760960432876,1.0,1.0,0.33453562567191764,1.1918873640275234,0.1271620457908602
23,0.4072173342771682,1.0,0.9879209990151383,0.3142807683553925,1.1994813126842319,0.08390059416504814
23,0.4294886236007153,1.0,1.0,0.3848602455763511,1.1852760145443821,0.12754414119312218
23,0.43062223007164724,0.9982172178132005,1.0,0.3848602455763511,1.1868300484720253,0.13188263818287438
23,0.37903521461075734,1.0,0.9364263106059914,0.34297392219607986,1.2149651433363842,0.016438492587161013
23,0.4189264717109431,1.0,0.9427836795453922,0.3746496133647409,1.2063041452040097,0.12190428729523561
23,0.3663920145625813,0.9512311727717506,0.8642828608889521,0.3848602455763511,1.279373131860017,0.03948855963637077
23,0.3997980010457593,0.9982172178132005,0.9957989211850509,0.3848602455763511,1.188159560801511,0.05187622482332088
23,0.44163443050699164,1.0,1.0,0.3848602455763511,1.1852760145443821,0.15663382753958843
23,0.26990205221140073,0.8115573641189476,0.912776868159511,0.3848602455763511,1.6831432072365633,0.26570848381988377
23,0.3857840348995789,1.0,1.0,0.2614182814330664,1.2029438556183552,0.025383964051918007
23,0.39156523595512255,1.0,1.0,0.32044495841947007,1.193875336604314,0.03370133593316593
23,0.3929126413259461,0.9781994846441756,1.0,0.3372105708157863,1.2099863979722276,0.05379095261133937
23,0.4185372461173485,0.9982172178132005,1.0,0.3848602455763511,1.1868300484720253,0.10142173508815189
24,0.4009360989406044,1.0,1.0,0.3848602455763511,1.1852760145443821,0.05221813437527456
24,0.26921214734748744,0.8115573641189476,0.5100853093411675,0.3848602455763511,1.6899985862939804,0.002542019900101833
24,0.37965451100723224,1.0,1.0,0.37240578322540974,1.1965716015863306,0.009726767000137082
24,0.3978224573168415,1.0,1.0,0.3306555906310803,1.1924284644676715,0.05050246711696116
24,0.3779931502630614,1.0,0.9427836795453922,0.3848602455763511,1.2044014380441057,0.0025706483486189757
24,0.3788879500473286,1.0,1.0,0.2614182814330664,1.2029438556183552,0.003951366608790474
24,0.3997980010457593,0.9982172178132005,0.9957989211850509,0.3848602455763511,1.188159560801511,0.05187622482332088
24,0.39156523595512255,1.0,1.0,0.32044495841947007,1.193875336604314,0.03370133593316593
24,0.4082828951038616,1.0,1.0,0.3848602455763511,1.1852760145443821,0.07260680450133639
24,0.403816137286145,0.9980191309035561,1.0,0.3848602455763511,1.1870030616248375,0.06202621099668315
24,0.3705733063581605,0.9799822668309751,0.9668745407939733,0.3258654239139972,1.2258945759493238,0.003244761328343726
24,0.37899465398860543,1.0,0.9364263106059914,0.37225452679658544,1.209114687118586,0.010459768104942535
24,0.3838950423980428,1.0,0.9427836795453922,0.3805490955309763,1.2052013451143997,0.021847156790209654
24,0.3768628489656503,0.9980191309035561,0.9381158141954488,0.373515098674562,1.2099477910274796,0.004512425022640043
24,0.3857840348995789,1.0,1.0,0.2614182814330664,1.2029438556183552,0.025383964051918007
24,0.4032222659693809,1.0,0.9953321346500565,0.37240578322540974,1.1883811716911903,0.061747439639713075
24,0.41594521160636194,1.0,1.0,0.3848602455763511,1.1852760145443821,0.09310379158411641
24,0.3602067023011639,0.9458124141908341,0.912776868159511,0.3848602455763511,1.2652420785669198,0.004066749738710573
24,0.3788879500473286,1.0,0.9518698828917764,0.3258654239139972,1.2120207184137222,0.013028229404157488
24,0.39156523595512255,1.0,0.9699931886141188,0.32044495841947007,1.2056169000027217,0.04544289933157364
24,0.25372427706659184,0.8304016277070528,0.5109466612988272,0.3258654239139972,1.790462508923724,0.0719926804806914
24,0.34172815407067325,0.9799822668309751,0.9153798523848262,0.32198538887315986,1.329371902025514,0.08411154778102392
24,0.48220925953410526,1.0,1.0,0.3683744917557481,1.187361800839054,0.24527328313038088
24,0.39017927964922205,0.9980191309035561,1.0,0.2737624778473949,1.2024795042568375,0.03818444808141819
24,0.4152553067424487,1.0,0.9427836795453922,0.3848602455763511,1.2044014380441057,0.11041468095314433
24,0.282002318590982,0.8321844098938523,0.5666424285229232,0.3360760561256074,1.6369174407217357,0.025995203837773984
24,0.3890527401176988,0.9982172178132005,0.9443042327759039,0.32144334232370714,1.2175158075388035,0.04984942334402498
24,0.37797036588324484,0.9983954960318805,0.9326453396725372,0.37225452679658544,1.2119142555956053,0.010011018503214286
24,0.2635515590007466,0.7953241864536248,0.5359681632798395,0.3848602455763511,1.7236999374266033,0.041652831697778225
24,0.37239589733167094,0.9817650490177746,1.0,0.22497828839665113,1.2228512704721113,0.002956503861747173
24,0.37884919120139177,1.0,0.948505311590853,0.3848602455763511,1.2023850630944908,0.0032699090083796456
24,0.37161625961817846,0.9458124141908341,0.912776868159511,0.3848602455763511,1.2652420785669198,0.04278801607171068
24,0.38215084194680443,1.0,1.0,0.2716607689687263,1.201278575699915,0.012523360667700212
24,0.40209451376014727,1.0,1.0,0.31020247088381014,1.195360962996062,0.06556736769433358
24,0.39110282717018363,1.0,0.9763584410536303,0.26789166547280424,1.2123497210204002,0.0508040231603617
24,0.4032222659693809,0.8115573641189476,0.5100853093411675,0.3848602455763511,1.6899985862939804,0.5633648542425032
24,0.38631310945068353,0.9512311727717506,0.9740476364482242,0.38375093012719885,1.2384014891148045,0.062454322962481656
24,0.5114975006493614,1.0,1.0,0.3809802105355138,1.1857602306888408,0.29761550658540126
24,0.24468791148467453,0.7935414042668252,0.4802723960557434,0.3805490955309763,1.856584589197571,0.09967100059254363
24,0.5121743427148266,1.0,1.0,0.30923594230362283,1.195502964655219,0.3085319301691356
25,0.4009360989406044,1.0,1.0,0.3848602455763511,1.1852760145443821,0.05221813437527456
25,0.26921214734748744,0.8115573641189476,0.5100853093411675,0.3848602455763511,1.6899985862939804,0.002542019900101833
25,0.37965451100723224,1.0,1.0,0.37240578322540974,1.1965716015863306,0.009726767000137082
25,0.3978224573168415,1.0,1.0,0.3306555906310803,1.1924284644676715,0.05050246711696116
25,0.3779931502630614,1.0,0.9427836795453922,0.3848602455763511,1.2044014380441057,0.0025706483486189757
25,0.3997980010457593,0.9982172178132005,0.9957989211850509,0.3848602455763511,1.188159560801511,0.05187622482332088
25,0.39156523595512255,1.0,1.0,0.32044495841947007,1.193875336604314,0.03370133593316593
25,0.37884919120139177,1.0,0.948505311590853,0.3848602455763511,1.2023850630944908,0.0032699090083796456
25,0.4082828951038616,1.0,1.0,0.3848602455763511,1.1852760145443821,0.07260680450133639
25,0.403816137286145,0.9980191309035561,1.0,0.3848602455763511,1.1870030616248375,0.06202621099668315
25,0.38215084194680443,1.0,1.0,0.2716607689687263,1.201278575699915,0.012523360667700212
25,0.37239589733167094,0.9817650490177746,1.0,0.22497828839665113,1.2228512704721113,0.002956503861747173
25,0.4032222659693809,1.0,0.9953321346500565,0.37240578322540974,1.1883811716911903,0.061747439639713075
25,0.3788879500473286,1.0,1.0,0.2614182814330664,1.2029438556183552,0.003951366608790474
25,0.41594521160636194,1.0,1.0,0.3848602455763511,1.1852760145443821,0.09310379158411641
25,0.3705733063581605,0.9799822668309751,0.9668745407939733,0.3258654239139972,1.2258945759493238,0.003244761328343726
25,0.40209451376014727,1.0,1.0,0.31020247088381014,1.195360962996062,0.06556736769433358
25,0.39017927964922205,0.9980191309035561,1.0,0.2737624778473949,1.2024795042568375,0.03818444808141819
25,0.3768628489656503,0.9980191309035561,0.9381158141954488,0.373515098674562,1.2099477910274796,0.004512425022640043
25,0.3838950423980428,1.0,0.9427836795453922,0.3805490955309763,1.2052013451143997,0.021847156790209654
25,0.4106237971836715,1.0,0.9427836795453922,0.3848602455763511,1.2044014380441057,0.09807538122172432
25,0.34408297284593764,0.8115573641189476,0.920529321225741,0.3258654239139972,1.4155661593747202,0.09529214986974788
25,0.41766579132078974,1.0,1.0,0.3848602455763511,1.1852760145443821,0.09760300939423505
25,0.3849970913875574,0.9996236348716756,1.0,0.2737624778473949,1.2012335519839052,0.021266699079297346
25,0.34480776067119406,0.9799822668309751,0.9668745407939733,0.31465640779814996,1.3174987862227188,0.09305348604544661
25,0.48977229075410383,1.0,1.0,0.3144320247842168,1.1947432572794525,0.2672024079288947
25,0.38626662755416374,1.0,1.0,0.37240578322540974,1.1868448345861935,0.010756159304038615
25,0.3737810105343909,0.9964146269354366,0.9385359220769437,0.38472411479040924,1.215374225718721,0.0063035282893770805
25,0.4082828951038616,1.0,1.0,0.30521378600212284,1.196097305556139,0.08342809551309327
25,0.2811075188067148,0.9980191309035561,0.557556225176539,0.3848602455763511,1.616050000349792,0.17897059510511326
25,0.40239415677207707,0.9980191309035561,1.0,0.21578871940620192,1.2123290895893006,0.08337679565643308
25,0.37938830962445974,1.0,0.9527063904058021,0.3214114869996574,1.212530570143265,0.015119382818501226
25,0.28973133867005635,0.8304016277070528,0.5590767784070507,0.3848602455763511,1.611528744278019,0.04358028554619775
25,0.38943759054141913,1.0,0.9891288991136244,0.32688648713515817,1.1970593909589138,0.03054691925867048
25,0.38495311940819105,1.0,1.0,0.32044495841947007,1.193875336604314,0.013773699812115181
25,0.3705733063581605,1.0,0.9953321346500565,0.3611967671095625,1.2258945759493238,0.03601204395505131
25,0.49374242923548006,1.0,1.0,0.33607605612560737,1.191673847942171,0.2715912711514553
25,0.36571347857087505,0.9799822668309751,0.9710756196089224,0.2882902505791007,1.2421850242299606,0.015187451018813247
25,0.39206812658220735,1.0,0.9725965928308162,0.3848602455763511,1.1941552385225551,0.03546934818142278
25,0.3501340941800216,0.9816076750195533,0.9381158141954488,0.2968133344361189,1.2974566422855802,0.05862293217728687
26,0.4009360989406044,1.0,1.0,0.3848602455763511,1.1852760145443821,0.05221813437527456
26,0.26921214734748744,0.8115573641189476,0.5100853093411675,0.3848602455763511,1.6899985862939804,0.002542019900101833
26,0.37965451100723224,1.0,1.0,0.37240578322540974,1.1965716015863306,0.009726767000137082
26,0.3779931502630614,1.0,0.9427836795453922,0.3848602455763511,1.2044014380441057,0.0025706483486189757
26,0.37884919120139177,1.0,0.948505311590853,0.3848602455763511,1.2023850630944908,0.0032699090083796456
26,0.38626662755416374,1.0,1.0,0.37240578322540974,1.1868448345861935,0.010756159304038615
26,0.4082828951038616,1.0,1.0,0.3848602455763511,1.1852760145443821,0.07260680450133639
26,0.37239589733167094,0.9817650490177746,1.0,0.22497828839665113,1.2228512704721113,0.002956503861747173
26,0.3788879500473286,1.0,1.0,0.2614182814330664,1.2029438556183552,0.003951366608790474
26,0.3978224573168415,1.0,1.0,0.3306555906310803,1.1924284644676715,0.05050246711696116
26,0.3997980010457593,0.9982172178132005,0.9957989211850509,0.3848602455763511,1.188159560801511,0.05187622482332088
26,0.403816137286145,0.9980191309035561,1.0,0.3848602455763511,1.1870030616248375,0.06202621099668315
26,0.38215084194680443,1.0,1.0,0.2716607689687263,1.201278575699915,0.012523360667700212
26,0.38495311940819105,1.0,1.0,0.32044495841947007,1.193875336604314,0.013773699812115181
26,0.41594521160636194,1.0,1.0,0.3848602455763511,1.1852760145443821,0.09310379158411641
26,0.3705733063581605,0.9799822668309751,0.9668745407939733,0.3258654239139972,1.2258945759493238,0.003244761328343726
26,0.4032222659693809,1.0,0.9953321346500565,0.37240578322540974,1.1883811716911903,0.061747439639713075
26,0.3768628489656503,0.9980191309035561,0.9381158141954488,0.373515098674562,1.2099477910274796,0.004512425022640043
26,0.3849970913875574,0.9996236348716756,1.0,0.2737624778473949,1.2012335519839052,0.021266699079297346
26,0.39156523595512255,1.0,1.0,0.32044495841947007,1.193875336604314,0.03370133593316593
26,0.36761835244226204,0.9983954960318805,0.9962190290665458,0.2716607689687263,1.2357484419050373,0.03160200403550384
26,0.4037733622090799,1.0,1.0,0.3306555906310803,1.1924284644676715,0.06733243566713942
26,0.38764125823176354,0.99982172178132,0.9480852037093581,0.3746496133647409,1.2045279946642138,0.03260989600185549
26,0.38719981725380603,1.0,1.0,0.229774445588455,1.2083569503242777,0.03510276458963557
26,0.3841917715817169,0.9996236348716756,0.948505311590853,0.3848602455763511,1.202712675341307,0.020272446522130005
26,0.3669974690694734,0.9819840401478777,0.970187086714576,0.33176490608023257,1.2378390711957055,0.019132076057196024
26,0.35507854355237134,0.9833904572063528,0.970187086714576,0.3848602455763511,1.2793896292851545,0.06973300369051683
26,0.426739362331763,1.0,1.0,0.3306555906310803,1.1924284644676715,0.12788217106939048
26,0.3777902093040441,0.9799822668309751,1.0,0.2737624778473949,1.216766467996826,0.014290080066167832
26,0.3730432159622506,1.0,1.0,0.3306555906310803,1.2177779592972495,0.025349494829578045
26,0.3773820943859415,1.0,1.0,0.31842551129407204,1.203776790251226,0.009611291152107126
26,0.37536762429589654,0.9980191309035561,0.8866211257863017,0.38472411479040924,1.2273364304039074,0.01709938046155912
26,0.3931571912896077,0.9982172178132005,0.9957989211850509,0.2716607689687263,1.204466097769458,0.04898982417928588
26,0.4141431078435016,0.9985559464286925,0.9957989211850509,0.3848602455763511,1.1878638673580861,0.09093916239181898
26,0.3963388520451269,0.9799822668309751,0.9668745407939733,0.33707444002984444,1.2208955290959318,0.07469498884698944
26,0.36511465393338427,0.9799822668309751,0.9443042327759039,0.27274141462623386,1.2442223322009778,0.0021099845893441938
26,0.41802068650600227,1.0,1.0,0.3848602455763511,1.1852760145443821,0.09852643238297842
26,0.3970983461226716,0.999661271384508,1.0,0.22045696746340945,1.2102800841152317,0.06627177792695815
26,0.3849970913875574,0.9996236348716756,1.0,0.3756706765859019,1.1867540528165255,0.006787199911917563
26,0.39156523595512255,0.9816076750195533,1.0,0.24096648411462113,1.2203977537896238,0.06022375311847572
27,0.4009360989406044,1.0,1.0,0.3848602455763511,1.1852760145443821,0.05221813437527456
27,0.3779931502630614,1.0,0.9427836795453922,0.3848602455763511,1.2044014380441057,0.0025706483486189757
27,0.37884919120139177,1.0,0.948505311590853,0.3848602455763511,1.2023850630944908,0.0032699090083796456
27,0.36511465393338427,0.9799822668309751,0.9443042327759039,0.27274141462623386,1.2442223322009778,0.0021099845893441938
27,0.3849970913875574,0.9996236348716756,1.0,0.3756706765859019,1.1867540528165255,0.006787199911917563
27,0.4082828951038616,1.0,1.0,0.3848602455763511,1.1852760145443821,0.07260680450133639
27,0.37239589733167094,0.9817650490177746,1.0,0.22497828839665113,1.2228512704721113,0.002956503861747173
27,0.3788879500473286,1.0,1.0,0.2614182814330664,1.2029438556183552,0.003951366608790474
27,0.26921214734748744,0.8115573641189476,0.5100853093411675,0.3848602455763511,1.6899985862939804,0.002542019900101833
27,0.37965451100723224,1.0,1.0,0.37240578322540974,1.1965716015863306,0.009726767000137082
27,0.38626662755416374,1.0,1.0,0.37240578322540974,1.1868448345861935,0.010756159304038615
27,0.41594521160636194,1.0,1.0,0.3848602455763511,1.1852760145443821,0.09310379158411641
27,0.3705733063581605,0.9799822668309751,0.9668745407939733,0.3258654239139972,1.2258945759493238,0.003244761328343726
27,0.3768628489656503,0.9980191309035561,0.9381158141954488,0.373515098674562,1.2099477910274796,0.004512425022640043
27,0.3773820943859415,1.0,1.0,0.31842551129407204,1.203776790251226,0.009611291152107126
27,0.3978224573168415,1.0,1.0,0.3306555906310803,1.1924284644676715,0.05050246711696116
27,0.3997980010457593,0.9982172178132005,0.9957989211850509,0.3848602455763511,1.188159560801511,0.05187622482332088
27,0.403816137286145,0.9980191309035561,1.0,0.3848602455763511,1.1870030616248375,0.06202621099668315
27,0.38215084194680443,1.0,1.0,0.2716607689687263,1.201278575699915,0.012523360667700212
27,0.38495311940819105,1.0,1.0,0.32044495841947007,1.193875336604314,0.013773699812115181
27,0.4345048065441377,0.9982172178132005,0.9957989211850509,0.3848602455763511,1.188159560801511,0.14263877577354833
27,0.3777453674973829,0.999661271384508,1.0,0.26435668545750934,1.202721764527232,0.00010263172608948601
27,0.3578911519212251,1.0,1.0,0.20344452299187343,1.2693351142490028,0.05614080583215353
27,0.37434079925040237,0.9980191309035561,0.9381158141954488,0.32960932816889266,1.2186404233896444,0.005083666610545823
27,0.3591875737212246,1.0,1.0,0.30923594230362283,1.2647536815118197,0.06925071685660056
27,0.3834377757376695,1.0,1.0,0.27268183218988734,1.2011147856688986,0.016349394665782224
27,0.36210990562849843,0.9781994846441756,0.9111787735698772,0.32686380781823426,1.2545467527018992,0.006940834764477266
27,0.35698463200035896,0.9980191309035561,0.8917705946272165,0.373515098674562,1.2725584394595322,0.0445239857156714
27,0.40930288274093035,1.0,0.5100853093411675,0.3632978103799287,1.5114071105881663,0.40151068540316537
27,0.41323133536721773,1.0,1.0,0.3848602455763511,1.1852760145443821,0.08593100485646321
27,0.41819190945197693,1.0,1.0,0.29418973274533605,1.197754957043705,0.11145032960367152
27,0.38567401196935636,0.9802012579610782,0.9659860078996269,0.34297392219607986,1.2201378713736908,0.042242052092588134
27,0.37336201234999655,0.9982172178132005,1.0,0.31842551129407204,1.2167381555662344,0.02112139640882371
27,0.27622313727087455,0.8304016277070528,0.5590767784070507,0.3848602455763511,1.6446261899916699,0.03309744571365081
27,0.3625774711867602,1.0,1.0,0.21263409198232264,1.2529289388613019,0.041459238981135904
27,0.3799052212149986,1.0,1.0,0.2716289136446766,1.2012836920552008,0.005501741932706361
27,0.3946825088061118,0.9982172178132005,1.0,0.2726272975489136,1.2025054163821338,0.051494676876250756
27,0.36176031729847646,0.9823227687633695,0.9498738094983136,0.2797694474617085,1.2557590882788756,0.019562185158001455
27,0.38215084194680443,0.9983954960318805,0.9962190290665458,0.3848602455763511,1.1887552150322147,0.0008847631950921198
27,0.39231877000918197,0.9781994846441756,0.9668745407939733,0.33707444002984444,1.2224365302564282,0.06449089764396665
28,0.4009360989406044,1.0,1.0,0.3848602455763511,1.1852760145443821,0.05221813437527456
28,0.3849970913875574,0.9996236348716756,1.0,0.3756706765859019,1.1867540528165255,0.006787199911917563
28,0.3777453674973829,0.999661271384508,1.0,0.26435668545750934,1.202721764527232,0.00010263172608948601
28,0.38215084194680443,0.9983954960318805,0.9962190290665458,0.3848602455763511,1.1887552150322147,0.0008847631950921198
28,0.4082828951038616,1.0,1.0,0.3848602455763511,1.1852760145443821,0.07260680450133639
28,0.38626662755416374,1.0,1.0,0.37240578322540974,1.1868448345861935,0.010756159304038615
28,0.3779931502630614,1.0,0.9427836795453922,0.3848602455763511,1.2044014380441057,0.0025706483486189757
28,0.37884919120139177,1.0,0.948505311590853,0.3848602455763511,1.2023850630944908,0.0032699090083796456
28,0.36511465393338427,0.9799822668309751,0.9443042327759039,0.27274141462623386,1.2442223322009778,0.0021099845893441938
28,0.37965451100723224,1.0,1.0,0.37240578322540974,1.1965716015863306,0.009726767000137082
28,0.3799052212149986,1.0,1.0,0.2716289136446766,1.2012836920552008,0.005501741932706361
28,0.41323133536721773,1.0,1.0,0.3848602455763511,1.1852760145443821,0.08593100485646321
28,0.3978224573168415,1.0,1.0,0.3306555906310803,1.1924284644676715,0.05050246711696116
28,0.3997980010457593,0.9982172178132005,0.9957989211850509,0.3848602455763511,1.188159560801511,0.05187622482332088
28,0.403816137286145,0.9980191309035561,1.0,0.3848602455763511,1.1870030616248375,0.06202621099668315
28,0.38495311940819105,1.0,1.0,0.32044495841947007,1.193875336604314,0.013773699812115181
28,0.37239589733167094,0.9817650490177746,1.0,0.22497828839665113,1.2228512704721113,0.002956503861747173
28,0.3788879500473286,1.0,1.0,0.2614182814330664,1.2029438556183552,0.003951366608790474
28,0.26921214734748744,0.8115573641189476,0.5100853093411675,0.3848602455763511,1.6899985862939804,0.002542019900101833
28,0.38215084194680443,1.0,1.0,0.2716607689687263,1.201278575699915,0.012523360667700212
28,0.39332571947513956,1.0,0.9929098700470786,0.3838876644845943,1.1876542909297672,0.03267310400613188
28,0.3710851291628524,0.9996236348716756,0.9962190290665458,0.3848602455763511,1.224203748834145,0.037404065539006215
28,0.3991532768126388,0.9982172178132005,1.0,0.3848602455763511,1.1868300484720253,0.048711353890717346
28,0.2707073720172412,0.8115573641189476,0.5615799977503144,0.3736512294605039,1.6781360715027054,0.0369034770744916
28,0.27800968586784697,0.8318456812783604,0.5624796522471596,0.37240578322540974,1.6340574769177603,0.01870195485117554
28,0.3992730289122718,0.9980191309035561,1.0,0.34092580527903704,1.1926576588534288,0.05488031490964729
28,0.37212955855233376,0.9835885441159972,1.0,0.3848602455763511,1.2207678638280366,0.02097337718256842
28,0.40862445962843763,0.9976804022880641,1.0,0.3848602455763511,1.1872990733036075,0.07555993075861167
28,0.38678057891084294,0.9817650490177746,1.0,0.27274141462623386,1.2154783897413228,0.04095249294813863
28,0.36844894441498177,1.0,0.948505311590853,0.3848602455763511,1.2329627025267058,0.03057763943221503
28,0.3677066884443708,1.0,0.9443042327759039,0.27274141462623386,1.2354515719265906,0.009146302022531083
28,0.3874075442713795,1.0,0.9427836795453922,0.3848602455763511,1.2044014380441057,0.03177634845339017
28,0.3809881924037117,0.9996951442460572,1.0,0.3138712832593748,1.1950714172840433,0.0026885157997662557
28,0.36191123395717006,1.0,1.0,0.20344452299187343,1.2552354378712014,0.04204112945435212
28,0.403816137286145,0.9819840401478777,0.9498738094983136,0.3848602455763511,1.2178703328228244,0.09289348219467009
28,0.38840467813857027,1.0,0.9536547804317678,0.3848602455763511,1.2005910125742876,0.03097635064613713
28,0.3733548398797796,1.0,0.9536547804317678,0.2696888935244707,1.2225080512474031,0.005746521086206657
28,0.39175548288255224,1.0,1.0,0.3848602455763511,1.1852760145443821,0.025665425358183835
28,0.3650749024428997,1.0,0.9536547804317678,0.32044495841947007,1.2443578104048554,0.03203705511740007
28,0.3992334541308421,0.9983578595190481,1.0,0.29122265892924837,1.199506908113343,0.061616779809624767
29,0.3849970913875574,0.9996236348716756,1.0,0.3756706765859019,1.1867540528165255,0.006787199911917563
29,0.3777453674973829,0.999661271384508,1.0,0.26435668545750934,1.202721764527232,0.00010263172608948601
29,0.38215084194680443,0.9983954960318805,0.9962190290665458,0.3848602455763511,1.1887552150322147,0.0008847631950921198
29,0.39175548288255224,1.0,1.0,0.3848602455763511,1.1852760145443821,0.025665425358183835
29,0.38626662755416374,1.0,1.0,0.37240578322540974,1.1868448345861935,0.010756159304038615
29,0.3779931502630614,1.0,0.9427836795453922,0.3848602455763511,1.2044014380441057,0.0025706483486189757
29,0.36511465393338427,0.9799822668309751,0.9443042327759039,0.27274141462623386,1.2442223322009778,0.0021099845893441938
29,0.3809881924037117,0.9996951442460572,1.0,0.3138712832593748,1.1950714172840433,0.0026885157997662557
29,0.4009360989406044,1.0,1.0,0.3848602455763511,1.1852760145443821,0.05221813437527456
29,0.3991532768126388,0.9982172178132005,1.0,0.3848602455763511,1.1868300484720253,0.048711353890717346
29,0.38495311940819105,1.0,1.0,0.32044495841947007,1.193875336604314,0.013773699812115181
29,0.39332571947513956,1.0,0.9929098700470786,0.3838876644845943,1.1876542909297672,0.03267310400613188
29,0.26921214734748744,0.8115573641189476,0.5100853093411675,0.3848602455763511,1.6899985862939804,0.002542019900101833
29,0.37884919120139177,1.0,0.948505311590853,0.3848602455763511,1.2023850630944908,0.0032699090083796456
29,0.37965451100723224,1.0,1.0,0.37240578322540974,1.1965716015863306,0.009726767000137082
29,0.3799052212149986,1.0,1.0,0.2716289136446766,1.2012836920552008,0.005501741932706361
29,0.37239589733167094,0.9817650490177746,1.0,0.22497828839665113,1.2228512704721113,0.002956503861747173
29,0.4082828951038616,1.0,1.0,0.3848602455763511,1.1852760145443821,0.07260680450133639
29,0.403816137286145,0.9980191309035561,1.0,0.3848602455763511,1.1870030616248375,0.06202621099668315
29,0.3788879500473286,1.0,1.0,0.2614182814330664,1.2029438556183552,0.003951366608790474
29,0.3633606859182109,0.999661271384508,1.0,0.2063829270163164,1.2502282823574298,0.03734613366119088
29,0.38108737854637403,1.0,1.0,0.31839365597002234,1.1941700869282021,0.002097528601222809
29,0.3738706610516138,0.9819840401478777,0.9498738094983136,0.38259660309926047,1.218235434608059,0.0031526437062803225
29,0.3841327516510779,0.9983954960318805,1.0,0.26229360441564753,1.204029508533287,0.021407604135008418
29,0.2848799925116178,0.8464743549755637,0.5590767784070507,0.3848602455763511,1.5946497396400858,0.003017411003878978
29,0.3779931502630614,0.9980906402779377,0.9962190290665458,0.2876160575852408,1.2018333605723341,2.5708768474075328e-06
29,0.25952158591653096,0.8112829939403992,0.5100853093411675,0.3209701794910724,1.7504663595790988,0.003096461035198228
29,0.4322596411581128,1.0,1.0,0.3848602455763511,1.1852760145443821,0.1343247732628705
29,0.38043261278794005,0.9980906402779377,0.9962190290665458,0.2876160575852408,1.2018333605723341,0.007709116179353215
29,0.36137273141801557,0.9814263204022826,0.8962124182068657,0.27274141462623386,1.265229927347701,0.008123990100391554
29,0.39107557040357177,0.9992849062561837,1.0,0.37658963348494684,1.1869305827999916,0.02530392877109322
29,0.3756344289712873,0.9982172178132005,1.0,0.3838876644845943,1.2093774458233106,0.022427923827310847
29,0.4212768875888915,1.0,0.9936188830423708,0.3848602455763511,1.1872998726465789,0.10895017014179853
29,0.40769074844678116,0.9983954960318805,0.9962190290665458,0.3848602455763511,1.1878704518371226,0.07358515569436186
29,0.37131385114113813,1.0,0.9548864285484823,0.3277618101177393,1.223449663572732,0.013028161885908052
29,0.3652651493703294,1.0,0.9536547804317678,0.3848602455763511,1.2437096914977745,0.043118678923486975
29,0.2616768072872338,0.8115573641189476,0.5164664262987967,0.3277618101177393,1.7360491762927597,0.0041702870091435695
29,0.3937287592862849,0.9984293688934296,1.0,0.3221418953507791,1.1949158409732978,0.04111694868090998
29,0.40334292530831195,1.0,1.0,0.3736512294605039,1.186686037359569,0.06038933584082229
29,0.4713093473148645,1.0,1.0,0.27476372873079635,1.2007820550408483,0.23690597427514226
30,0.3849970913875574,0.9996236348716756,1.0,0.3756706765859019,1.1867540528165255,0.006787199911917563
30,0.38215084194680443,0.9983954960318805,0.9962190290665458,0.3848602455763511,1.1887552150322147,0.0008847631950921198
30,0.39175548288255224,1.0,1.0,0.3848602455763511,1.1852760145443821,0.025665425358183835
30,0.3779931502630614,0.9980906402779377,0.9962190290665458,0.2876160575852408,1.2018333605723341,2.5708768474075328e-06
30,0.38626662755416374,1.0,1.0,0.37240578322540974,1.1868448345861935,0.010756159304038615
30,0.38108737854637403,1.0,1.0,0.31839365597002234,1.1941700869282021,0.002097528601222809
30,0.4009360989406044,1.0,1.0,0.3848602455763511,1.1852760145443821,0.05221813437527456
30,0.3991532768126388,0.9982172178132005,1.0,0.3848602455763511,1.1868300484720253,0.048711353890717346
30,0.3777453674973829,0.999661271384508,1.0,0.26435668545750934,1.202721764527232,0.00010263172608948601
30,0.38495311940819105,1.0,1.0,0.32044495841947007,1.193875336604314,0.013773699812115181
30,0.39107557040357177,0.9992849062561837,1.0,0.37658963348494684,1.1869305827999916,0.02530392877109322
30,0.3809881924037117,0.9996951442460572,1.0,0.3138712832593748,1.1950714172840433,0.0026885157997662557
30,0.4082828951038616,1.0,1.0,0.3848602455763511,1.1852760145443821,0.07260680450133639
30,0.40334292530831195,1.0,1.0,0.3736512294605039,1.186686037359569,0.06038933584082229
30,0.3779931502630614,1.0,0.9427836795453922,0.3848602455763511,1.2044014380441057,0.0025706483486189757
30,0.36511465393338427,0.9799822668309751,0.9443042327759039,0.27274141462623386,1.2442223322009778,0.0021099845893441938
30,0.4322596411581128,1.0,1.0,0.3848602455763511,1.1852760145443821,0.1343247732628705
30,0.26921214734748744,0.8115573641189476,0.5100853093411675,0.3848602455763511,1.6899985862939804,0.002542019900101833
30,0.37239589733167094,0.9817650490177746,1.0,0.22497828839665113,1.2228512704721113,0.002956503861747173
30,0.403816137286145,0.9980191309035561,1.0,0.3848602455763511,1.1870030616248375,0.06202621099668315
30,0.45712273690940786,1.0,1.0,0.3848602455763511,1.1852760145443821,0.1914864481806976
30,0.3707109067642627,0.9818820451981017,0.9498738094983136,0.33865379481607505,1.225701824381515,0.00026227575390236346
30,0.3797400760530067,1.0,1.0,0.2722231912098564,1.201188307633674,0.004886323899261358
30,0.39880863596840843,1.0,1.0,0.3848602455763511,1.1852760145443821,0.046173785126124356
30,0.39719769753049683,0.9992849062561837,1.0,0.37240578322540974,1.187459719026997,0.0437375646371958
30,0.407788878173988,1.0,0.9427836795453922,0.3848602455763511,1.2044014380441057,0.09038428190644399
30,0.4024166450538696,1.0,1.0,0.3848602455763511,1.1852760145443821,0.05638680994334333
30,0.35401640420881025,0.9819840401478777,0.8926574890437058,0.28395329772124556,1.2832281238888334,0.019494933506357226
30,0.3777453674973829,0.9815867707990946,0.9443042327759039,0.21292148398053795,1.253732249110182,0.0511131163090397
30,0.4361144352811166,1.0,1.0,0.3848602455763511,1.1852760145443821,0.14361407976462592
30,0.40227010156094467,0.998669866210429,0.9962190290665458,0.37658963348494684,1.188689835818368,0.05938938671739158
30,0.4047732543465324,0.9965750773322486,0.9965971261598913,0.3848602455763511,1.189342448263496,0.06702569071722109
30,0.3481974223521348,0.9964861363098182,0.9962190290665458,0.2876160575852408,1.3046730877802901,0.10157110597876717
30,0.38896216548074897,0.9997256298214515,1.0,0.30851571714013104,1.1958296736434042,0.027891383931994307
30,0.3779931502630614,1.0,0.9427836795453922,0.3305330729237326,1.214868097037424,0.013037307341937199
30,0.397994109840794,1.0,1.0,0.31839365597002234,1.1941700869282021,0.052736595557537846
30,0.3783849748406259,0.9996236348716756,1.0,0.3756706765859019,1.2005862718854698,0.013832219068944385
30,0.3889414662869666,0.9980191309035561,1.0,0.3848602455763511,1.1870030616248375,0.019002615051745497
30,0.5039413658589138,1.0,1.0,0.3097611633752252,1.195425760380652,0.2939641274261291
30,0.35657740723770925,0.9982172178132005,1.0,0.32688648713515817,1.2740117488854656,0.07958887635775813
31,0.3849970913875574,0.9996236348716756,1.0,0.3756706765859019,1.1867540528165255,0.006787199911917563
31,0.38215084194680443,0.9983954960318805,0.9962190290665458,0.3848602455763511,1.1887552150322147,0.0008847631950921198
31,0.39175548288255224,1.0,1.0,0.3848602455763511,1.1852760145443821,0.025665425358183835
31,0.3779931502630614,0.9980906402779377,0.9962190290665458,0.2876160575852408,1.2018333605723341,2.5708768474075328e-06
31,0.38626662755416374,1.0,1.0,0.37240578322540974,1.1868448345861935,0.010756159304038615
31,0.38108737854637403,1.0,1.0,0.31839365597002234,1.1941700869282021,0.002097528601222809
31,0.39880863596840843,1.0,1.0,0.3848602455763511,1.1852760145443821,0.046173785126124356
31,0.3777453674973829,0.999661271384508,1.0,0.26435668545750934,1.202721764527232,0.00010263172608948601
31,0.38495311940819105,1.0,1.0,0.32044495841947007,1.193875336604314,0.013773699812115181
31,0.39107557040357177,0.9992849062561837,1.0,0.37658963348494684,1.1869305827999916,0.02530392877109322
31,0.3889414662869666,0.9980191309035561,1.0,0.3848602455763511,1.1870030616248375,0.019002615051745497
31,0.3809881924037117,0.9996951442460572,1.0,0.3138712832593748,1.1950714172840433,0.0026885157997662557
31,0.4009360989406044,1.0,1.0,0.3848602455763511,1.1852760145443821,0.05221813437527456
31,0.3991532768126388,0.9982172178132005,1.0,0.3848602455763511,1.1868300484720253,0.048711353890717346
31,0.3779931502630614,1.0,0.9427836795453922,0.3848602455763511,1.2044014380441057,0.0025706483486189757
31,0.3707109067642627,0.9818820451981017,0.9498738094983136,0.33865379481607505,1.225701824381515,0.00026227575390236346
31,0.4024166450538696,1.0,1.0,0.3848602455763511,1.1852760145443821,0.05638680994334333
31,0.36511465393338427,0.9799822668309751,0.9443042327759039,0.27274141462623386,1.2442223322009778,0.0021099845893441938
31,0.37239589733167094,0.9817650490177746,1.0,0.22497828839665113,1.2228512704721113,0.002956503861747173
31,0.38896216548074897,0.9997256298214515,1.0,0.30851571714013104,1.1958296736434042,0.027891383931994307
31,0.41348828386883724,1.0,1.0,0.36203076410371854,1.1881846007769634,0.08952274237370972
31,0.3696743479032363,0.9993187791177328,1.0,0.27640704146939354,1.228875654558551,0.027825456515333302
31,0.35453204897686363,0.9817650490177746,1.0,0.16515835775095522,1.281361748568618,0.047790204677276016
31,0.37057766725650026,0.9819840401478777,0.9498738094983136,0.2793579412100604,1.2365509349806627,0.010670785161348562
31,0.3923382570608037,1.0,0.9427836795453922,0.3848602455763511,1.2044014380441057,0.04651331944118642
31,0.36969504709701867,1.0,1.0,0.20006251303317343,1.22880684991689,0.014967710715126481
31,0.38752261252897346,0.9976499167126699,0.9498738094983136,0.3848602455763511,1.2039560967694092,0.03167919828073362
31,0.393771108330157,0.9835885441159972,1.0,0.24096648411462113,1.2188644267715327,0.06518962250579663
31,0.382485084890722,0.9829568845785231,0.9532766833384223,0.3848602455763511,1.215809042013477,0.028092646682544187
31,0.3709922603613446,0.9999420774067508,1.0,0.2786505274556628,1.2245101981776934,0.024299840978826426
31,0.36961281001094354,0.981515879564755,0.9498738094983136,0.3443927612224394,1.2290802535751937,0.004057084828359203
31,0.3874230755214841,0.999376701710982,1.0,0.3181696171091511,1.1947090284835407,0.02213094779510527
31,0.3785335619893271,0.9838629142945456,1.0,0.29240208784895844,1.2109922317849438,0.01087723037150412
31,0.38824532504130344,0.998491587991749,1.0,0.38228372205530103,1.186908203291773,0.016813479643659646
31,0.40154802017168684,1.0,1.0,0.3848602455763511,1.1852760145443821,0.05394480749122632
31,0.42483945826067887,1.0,1.0,0.3848602455763511,1.1852760145443821,0.11596901497204515
31,0.3785335619893271,0.9838629142945456,1.0,0.29240208784895844,1.2109922317849438,0.01087723037150412
31,0.36865432565916123,0.9817844809562293,0.951105457615028,0.3058501825466882,1.2322758058987275,0.00113324033339679
31,0.39972110712728437,0.9985559464286924,0.9965971261598913,0.3612305424696305,1.1906744600701336,0.054172538492072375
31,0.3746680668331383,0.9847615291212748,0.9548864285484822,0.3350038278006984,1.221861155148495,0.009364424083893264
32,0.3849970913875574,0.9996236348716756,1.0,0.3756706765859019,1.1867540528165255,0.006787199911917563
32,0.38215084194680443,0.9983954960318805,0.9962190290665458,0.3848602455763511,1.1887552150322147,0.0008847631950921198
32,0.39175548288255224,1.0,1.0,0.3848602455763511,1.1852760145443821,0.025665425358183835
32,0.3779931502630614,0.9980906402779377,0.9962190290665458,0.2876160575852408,1.2018333605723341,2.5708768474075328e-06
32,0.38626662755416374,1.0,1.0,0.37240578322540974,1.1868448345861935,0.010756159304038615
32,0.38108737854637403,1.0,1.0,0.31839365597002234,1.1941700869282021,0.002097528601222809
32,0.39880863596840843,1.0,1.0,0.3848602455763511,1.1852760145443821,0.046173785126124356
32,0.3777453674973829,0.999661271384508,1.0,0.26435668545750934,1.202721764527232,0.00010263172608948601
32,0.38495311940819105,1.0,1.0,0.32044495841947007,1.193875336604314,0.013773699812115181
32,0.38824532504130344,0.998491587991749,1.0,0.38228372205530103,1.186908203291773,0.016813479643659646
32,0.3809881924037117,0.9996951442460572,1.0,0.3138712832593748,1.1950714172840433,0.0026885157997662557
32,0.4009360989406044,1.0,1.0,0.3848602455763511,1.1852760145443821,0.05221813437527456
32,0.3991532768126388,0.9982172178132005,1.0,0.3848602455763511,1.1868300484720253,0.048711353890717346
32,0.3779931502630614,1.0,0.9427836795453922,0.3848602455763511,1.2044014380441057,0.0025706483486189757
32,0.3707109067642627,0.9818820451981017,0.9498738094983136,0.33865379481607505,1.225701824381515,0.00026227575390236346
32,0.40154802017168684,1.0,1.0,0.3848602455763511,1.1852760145443821,0.05394480749122632
32,0.36865432565916123,0.9817844809562293,0.951105457615028,0.3058501825466882,1.2322758058987275,0.00113324033339679
32,0.3889414662869666,0.9980191309035561,1.0,0.3848602455763511,1.1870030616248375,0.019002615051745497
32,0.39107557040357177,0.9992849062561837,1.0,0.37658963348494684,1.1869305827999916,0.02530392877109322
32,0.3785335619893271,0.9838629142945456,1.0,0.29240208784895844,1.2109922317849438,0.01087723037150412
32,0.3892024421016908,0.9970475344204415,0.9965971261598913,0.3848602455763511,1.1889287118458947,0.021711456317836886
32,0.3967712695140167,0.9989800505022409,1.0,0.3682271257036381,1.1882543530521197,0.04330298877252736
32,0.3685650581307651,0.9815101107776808,0.951105457615028,0.30178004710710543,1.2325742666799917,0.000453223227828925
32,0.38965841549456814,0.9996236348716756,1.0,0.3848602455763511,1.1856036267911985,0.019752234259289958
32,0.375636221194651,0.9981867322378062,1.0,0.27383051794834345,1.209371675680854,0.007033275412901441
32,0.3940315494712885,0.9983650104564862,0.9962190290665458,0.3515061236705195,1.1922753370375605,0.0393630716653679
32,0.37340644469084794,0.9816076750195533,1.0,0.27476372873079635,1.216593373586494,0.0012799630472801748
32,0.37420551342485986,0.9845064986639803,1.0,0.28863662261537504,1.2139954917024356,0.0030001716589267424
32,0.3799187897768932,1.0,1.0,0.37240578322540974,1.1957392435183554,0.008894408932161868
32,0.4072000711712211,1.0,1.0,0.3848602455763511,1.1852760145443821,0.06964800136723426
32,0.38562361850865423,0.9996951442460572,1.0,0.377989547754847,1.1863997523940633,0.008350005179926345
32,0.3651355841020962,0.9840325692937835,0.8976701080938745,0.35154505198350694,1.2441510113426704,0.0012104414010307707
32,0.4103638536938401,0.9982172178132005,1.0,0.3848602455763511,1.1868300484720253,0.07980319343651576
32,0.38911963415746464,1.0,1.0,0.3848602455763511,1.1852760145443821,0.017810365327949995
32,0.40390386844804566,0.998491587991749,1.0,0.3848602455763511,1.1865905213449666,0.061858024717064364
32,0.3720021426154945,0.9849461149234231,1.0,0.23083089293262482,1.2211859938944958,0.0017217461806064982
32,0.36865432565916123,1.0,0.948505311590853,0.3058501825466882,1.2322758058987275,0.014874373541493346
32,0.39424664846306146,1.0,1.0,0.3533664161848717,1.189327108491952,0.03704386626103906
32,0.3757839828901153,0.9838416333215773,0.9962190290665458,0.26829378171586604,1.2161081517850505,0.0072120120953669264
32,0.39340203353106756,1.0,1.0,0.35925996412059924,1.1885475946427844,0.03379045663389291
33,0.3849970913875574,0.9996236348716756,1.0,0.3756706765859019,1.1867540528165255,0.006787199911917563
33,0.38215084194680443,0.9983954960318805,0.9962190290665458,0.3848602455763511,1.1887552150322147,0.0008847631950921198
33,0.3779931502630614,0.9980906402779377,0.9962190290665458,0.2876160575852408,1.2018333605723341,2.5708768474075328e-06
33,0.38562361850865423,0.9996951442460572,1.0,0.377989547754847,1.1863997523940633,0.008350005179926345
33,0.38911963415746464,1.0,1.0,0.3848602455763511,1.1852760145443821,0.017810365327949995
33,0.38108737854637403,1.0,1.0,0.31839365597002234,1.1941700869282021,0.002097528601222809
33,0.3777453674973829,0.999661271384508,1.0,0.26435668545750934,1.202721764527232,0.00010263172608948601
33,0.38626662755416374,1.0,1.0,0.37240578322540974,1.1868448345861935,0.010756159304038615
33,0.39175548288255224,1.0,1.0,0.3848602455763511,1.1852760145443821,0.025665425358183835
33,0.38965841549456814,0.9996236348716756,1.0,0.3848602455763511,1.1856036267911985,0.019752234259289958
33,0.3809881924037117,0.9996951442460572,1.0,0.3138712832593748,1.1950714172840433,0.0026885157997662557
33,0.3779931502630614,1.0,0.9427836795453922,0.3848602455763511,1.2044014380441057,0.0025706483486189757
33,0.3707109067642627,0.9818820451981017,0.9498738094983136,0.33865379481607505,1.225701824381515,0.00026227575390236346
33,0.37340644469084794,0.9816076750195533,1.0,0.27476372873079635,1.216593373586494,0.0012799630472801748
33,0.38495311940819105,1.0,1.0,0.32044495841947007,1.193875336604314,0.013773699812115181
33,0.38824532504130344,0.998491587991749,1.0,0.38228372205530103,1.186908203291773,0.016813479643659646
33,0.39880863596840843,1.0,1.0,0.3848602455763511,1.1852760145443821,0.046173785126124356
33,0.3685650581307651,0.9815101107776808,0.951105457615028,0.30178004710710543,1.2325742666799917,0.000453223227828925
33,0.4009360989406044,1.0,1.0,0.3848602455763511,1.1852760145443821,0.05221813437527456
33,0.3799187897768932,1.0,1.0,0.37240578322540974,1.1957392435183554,0.008894408932161868
33,0.39274240541274474,1.0,1.0,0.304414477766369,1.1962160754479523,0.039519472116174015
33,0.35998500412089557,0.9655758858763933,0.9548864285484822,0.2393615510859016,1.2619520286113202,0.006919423912733258
33,0.3803539710115572,1.0,0.9962190290665458,0.3736512294605039,1.1943711408597226,0.006446505182811757
33,0.3721370064418415,0.9966770722820244,0.9928161552264371,0.377989547754847,1.22074343157867,0.029396180812940154
33,0.3655341081977212,1.0,1.0,0.3144320247842168,1.2427945738881616,0.048051316608709094
33,0.41346930051287123,1.0,1.0,0.3848602455763511,1.1852760145443821,0.08656371397028773
33,0.36778566815591507,0.999661271384508,1.0,0.30266226714352756,1.2351862662962718,0.038438275716289105
33,0.38883694046685635,0.9999695144246057,1.0,0.34029710755467224,1.1911178958613493,0.02280347139277583
33,0.38790103287368516,1.0,1.0,0.3531382177746782,1.1893574961097564,0.018224222899914544
33,0.35840439845477523,0.98305424394597,0.9559949118535251,0.3032173691325259,1.2675173858720834,0.03907524994404321
33,0.39825916054626637,1.0,1.0,0.3848602455763511,1.1852760145443821,0.044602173625857944
33,0.3775454695804804,0.9834469075175979,1.0,0.29698239653119907,1.2107006610516944,0.00744478094934764
33,0.36670269696720204,1.0,1.0,0.2604198975288294,1.2388341018494549,0.035725727995914
33,0.3746871852576902,0.9815101107776808,0.951105457615028,0.3597538055482984,1.2219534068000035,0.009518543416289882
33,0.37712870915920405,0.9837856361330899,1.0,0.28577338041535183,1.2119846271877504,0.007399043421943308
33,0.4055654521613958,0.998491587991749,1.0,0.38228372205530103,1.186908203291773,0.06678368592764916
33,0.4154005642830191,1.0,1.0,0.3848602455763511,1.1852760145443821,0.09167180345608039
33,0.38753833518363057,0.9815101107776808,1.0,0.377989547754847,1.2024148175168268,0.030185478980590874
33,0.36732389234535257,0.9812689464040613,1.0,0.26649311663939207,1.2367390624787362,0.01995376802734805
33,0.357121767986453,0.9833590996999128,1.0,0.31008806695403,1.272069772647221,0.06306151776586533
34,0.3849970913875574,0.9996236348716756,1.0,0.3756706765859019,1.1867540528165255,0.006787199911917563
34,0.38215084194680443,0.9983954960318805,0.9962190290665458,0.3848602455763511,1.1887552150322147,0.0008847631950921198
34,0.3779931502630614,0.9980906402779377,0.9962190290665458,0.2876160575852408,1.2018333605723341,2.5708768474075328e-06
34,0.38562361850865423,0.9996951442460572,1.0,0.377989547754847,1.1863997523940633,0.008350005179926345
34,0.38911963415746464,1.0,1.0,0.3848602455763511,1.1852760145443821,0.017810365327949995
34,0.38108737854637403,1.0,1.0,0.31839365597002234,1.1941700869282021,0.002097528601222809
34,0.3777453674973829,0.999661271384508,1.0,0.26435668545750934,1.202721764527232,0.00010263172608948601
34,0.38626662755416374,1.0,1.0,0.37240578322540974,1.1868448345861935,0.010756159304038615
34,0.39175548288255224,1.0,1.0,0.3848602455763511,1.1852760145443821,0.025665425358183835
34,0.38965841549456814,0.9996236348716756,1.0,0.3848602455763511,1.1856036267911985,0.019752234259289958
34,0.3809881924037117,0.9996951442460572,1.0,0.3138712832593748,1.1950714172840433,0.0026885157997662557
34,0.3803539710115572,1.0,0.9962190290665458,0.3736512294605039,1.1943711408597226,0.006446505182811757
34,0.3779931502630614,1.0,0.9427836795453922,0.3848602455763511,1.2044014380441057,0.0025706483486189757
34,0.3707109067642627,0.9818820451981017,0.9498738094983136,0.33865379481607505,1.225701824381515,0.00026227575390236346
34,0.37340644469084794,0.9816076750195533,1.0,0.27476372873079635,1.216593373586494,0.0012799630472801748
34,0.38495311940819105,1.0,1.0,0.32044495841947007,1.193875336604314,0.013773699812115181
34,0.38824532504130344,0.998491587991749,1.0,0.38228372205530103,1.186908203291773,0.016813479643659646
34,0.39825916054626637,1.0,1.0,0.3848602455763511,1.1852760145443821,0.044602173625857944
34,0.3685650581307651,0.9815101107776808,0.951105457615028,0.30178004710710543,1.2325742666799917,0.000453223227828925
34,0.39880863596840843,1.0,1.0,0.3848602455763511,1.1852760145443821,0.046173785126124356
34,0.3746571777439035,0.9836938406782916,0.9548864285484822,0.3807386816820839,1.215237979862657,0.002706008621567113
34,0.36931439244049635,0.9836938406782916,0.9010729819339832,0.35336255439636516,1.2413530792011156,0.01127969037403087
34,0.38731067233181127,0.9993187791177328,1.0,0.28649515597365605,1.1994728851114016,0.026554505212319723
34,0.4059730937996411,0.999661271384508,1.0,0.3848602455763511,1.1855708544655923,0.06657106531411605
34,0.37750698984619896,0.9982815762501439,0.9965971261598913,0.244134205343318,1.2086963150345702,0.005317785636550276
34,0.39100931030155106,0.9997256298214515,1.0,0.37631026969031856,1.186585193144627,0.024761690860760632
34,0.38448200602654936,1.0,0.9447243406573989,0.3848602455763511,1.203714787554986,0.02216714896652716
34,0.3602036629837541,0.9833174755499672,0.9548864285484822,0.33408487090165345,1.2611859703416557,0.037934204343702094
34,0.39665863479977254,1.0,1.0,0.3848602455763511,1.1852760145443821,0.039999531237747465
34,0.36204401858323043,0.9980906402779377,0.9962190290665458,0.22779612693954487,1.2547750630017938,0.04286445781867787
34,0.3797600421222368,0.9996951442460572,0.959397785693634,0.3848602455763511,1.1988782401058466,0.0026391525308901986
34,0.36922086283259525,0.9997256298214515,1.0,0.31221002793066865,1.230384986282744,0.03509641173979072
34,0.3966982095812023,1.0,1.0,0.3848602455763511,1.1852760145443821,0.04011378450457492
34,0.41435250729670764,1.0,1.0,0.3848602455763511,1.1852760145443821,0.08890565745541479
34,0.38841481417742113,1.0,0.9996219029066545,0.3848602455763511,1.1853952130378929,0.01581107327107767
34,0.3685861680906165,0.9801636214482456,0.9498738094983136,0.2612221401283382,1.2415967867272406,0.009093113019708055
34,0.381032164383078,1.0,1.0,0.26721747247894434,1.2019959876555082,0.009750689872714213
34,0.3951899594022646,1.0,1.0,0.3848602455763511,1.1852760145443821,0.03574325055525063
34,0.3789502673234488,0.9966465867066301,0.9928161552264371,0.3474359882309367,1.198795318160909,0.00330425701167969
34,0.37886345373006547,0.9979767204962011,1.0,0.236439628571638,1.2086893649862296,0.009619352267159043
35,0.3849970913875574,0.9996236348716756,1.0,0.3756706765859019,1.1867540528165255,0.006787199911917563
35,0.38215084194680443,0.9983954960318805,0.9962190290665458,0.3848602455763511,1.1887552150322147,0.0008847631950921198
35,0.3779931502630614,0.9980906402779377,0.9962190290665458,0.2876160575852408,1.2018333605723341,2.5708768474075328e-06
35,0.38562361850865423,0.9996951442460572,1.0,0.377989547754847,1.1863997523940633,0.008350005179926345
35,0.38911963415746464,1.0,1.0,0.3848602455763511,1.1852760145443821,0.017810365327949995
35,0.38841481417742113,1.0,0.9996219029066545,0.3848602455763511,1.1853952130378929,0.01581107327107767
35,0.38108737854637403,1.0,1.0,0.31839365597002234,1.1941700869282021,0.002097528601222809
35,0.3777453674973829,0.999661271384508,1.0,0.26435668545750934,1.202721764527232,0.00010263172608948601
35,0.38626662755416374,1.0,1.0,0.37240578322540974,1.1868448345861935,0.010756159304038615
35,0.39175548288255224,1.0,1.0,0.3848602455763511,1.1852760145443821,0.025665425358183835
35,0.38965841549456814,0.9996236348716756,1.0,0.3848602455763511,1.1856036267911985,0.019752234259289958
35,0.3707109067642627,0.9818820451981017,0.9498738094983136,0.33865379481607505,1.225701824381515,0.00026227575390236346
35,0.3951899594022646,1.0,1.0,0.3848602455763511,1.1852760145443821,0.03574325055525063
35,0.37340644469084794,0.9816076750195533,1.0,0.27476372873079635,1.216593373586494,0.0012799630472801748
35,0.39100931030155106,0.9997256298214515,1.0,0.37631026969031856,1.186585193144627,0.024761690860760632
35,0.38824532504130344,0.998491587991749,1.0,0.38228372205530103,1.186908203291773,0.016813479643659646
35,0.38495311940819105,1.0,1.0,0.32044495841947007,1.193875336604314,0.013773699812115181
35,0.3779931502630614,1.0,0.9427836795453922,0.3848602455763511,1.2044014380441057,0.0025706483486189757
35,0.3803539710115572,1.0,0.9962190290665458,0.3736512294605039,1.1943711408597226,0.006446505182811757
35,0.3797600421222368,0.9996951442460572,0.959397785693634,0.3848602455763511,1.1988782401058466,0.0026391525308901986
35,0.3816298127786273,0.9997256298214515,0.9488455989748639,0.37631026969031856,1.204036034731351,0.013657843405114889
35,0.38215084194680443,0.9993869012059595,1.0,0.2693820735340029,1.2021185490714075,0.013363334039192765
35,0.398953268119102,1.0,1.0,0.3508217479878713,1.1896668362493177,0.050977564483128734
35,0.38871570359883323,1.0,1.0,0.3281399367168994,1.1927818342311889,0.02410302319419788
35,0.3849157327471808,0.9998980050502241,0.9965971261598913,0.3809557591114423,1.1869410793242894,0.0067248198861862285
35,0.36714247246023124,0.9816076750195533,0.948505311590853,0.3848602455763511,1.2373501850669928,0.018661430314238725
35,0.3893340325135303,0.9997256298214515,0.9634580071242705,0.3848602455763511,1.1974674262129015,0.03064467665180226
35,0.39862290430358577,0.9997256298214515,1.0,0.37867661753699744,1.1862869595391556,0.04665398451983438
35,0.39312815851620964,0.9999356415630566,1.0,0.37658963348494684,1.1863686235405886,0.030807017266898606
35,0.39075549855826247,1.0,0.959397785693634,0.3848602455763511,1.198612893167863,0.03603473880912711
35,0.3854392798250535,0.9996236348716756,1.0,0.3848602455763511,1.1856036267911985,0.006990470110458169
35,0.3917521358493648,0.9983954960318805,0.9962190290665458,0.3848602455763511,1.1878704518371226,0.02824995522538276
35,0.3844801269827887,1.0,0.9427836795453922,0.3848602455763511,1.2044014380441057,0.02284802495767768
35,0.3809997520976794,0.9980906402779377,0.9965593164505567,0.2876160575852408,1.2016920125921824,0.009345288510440142
35,0.3826669198204202,0.9983650104564862,1.0,0.22964229914404782,1.2095890813315238,0.022437062787545425
35,0.38824532504130344,1.0,1.0,0.3071846398541751,1.1958053899238232,0.025710666275709837
35,0.38495311940819105,0.9980601547025434,0.9962190290665458,0.18534648151763689,1.2200282127360944,0.03992657594389559
35,0.39154384630193945,1.0,1.0,0.36622215518605605,1.1876396836790066,0.02740230384948994
35,0.401023145806514,1.0,1.0,0.3848602455763511,1.1852760145443821,0.05246407812727072
35,0.3855053119576872,0.9986424291925741,1.0,0.38254137440740604,1.1867450322575999,0.008333756945727577
36,0.3849970913875574,0.9996236348716756,1.0,0.3756706765859019,1.1867540528165255,0.006787199911917563
36,0.38215084194680443,0.9983954960318805,0.9962190290665458,0.3848602455763511,1.1887552150322147,0.0008847631950921198
36,0.3779931502630614,0.9980906402779377,0.9962190290665458,0.2876160575852408,1.2018333605723341,2.5708768474075328e-06
36,0.38911963415746464,1.0,1.0,0.3848602455763511,1.1852760145443821,0.017810365327949995
36,0.38841481417742113,1.0,0.9996219029066545,0.3848602455763511,1.1853952130378929,0.01581107327107767
36,0.3849157327471808,0.9998980050502241,0.9965971261598913,0.3809557591114423,1.1869410793242894,0.0067248198861862285
36,0.3854392798250535,0.9996236348716756,1.0,0.3848602455763511,1.1856036267911985,0.006990470110458169
36,0.38108737854637403,1.0,1.0,0.31839365597002234,1.1941700869282021,0.002097528601222809
36,0.3777453674973829,0.999661271384508,1.0,0.26435668545750934,1.202721764527232,0.00010263172608948601
36,0.39175548288255224,1.0,1.0,0.3848602455763511,1.1852760145443821,0.025665425358183835
36,0.38562361850865423,0.9996951442460572,1.0,0.377989547754847,1.1863997523940633,0.008350005179926345
36,0.38965841549456814,0.9996236348716756,1.0,0.3848602455763511,1.1856036267911985,0.019752234259289958
36,0.3855053119576872,0.9986424291925741,1.0,0.38254137440740604,1.1867450322575999,0.008333756945727577
36,0.3707109067642627,0.9818820451981017,0.9498738094983136,0.33865379481607505,1.225701824381515,0.00026227575390236346
36,0.3951899594022646,1.0,1.0,0.3848602455763511,1.1852760145443821,0.03574325055525063
36,0.38626662755416374,1.0,1.0,0.37240578322540974,1.1868448345861935,0.010756159304038615
36,0.37340644469084794,0.9816076750195533,1.0,0.27476372873079635,1.216593373586494,0.0012799630472801748
36,0.39100931030155106,0.9997256298214515,1.0,0.37631026969031856,1.186585193144627,0.024761690860760632
36,0.3803539710115572,1.0,0.9962190290665458,0.3736512294605039,1.1943711408597226,0.006446505182811757
36,0.3779931502630614,1.0,0.9427836795453922,0.3848602455763511,1.2044014380441057,0.0025706483486189757
36,0.3721370064418415,0.9966770722820244,0.9928161552264371,0.2973404763843518,1.22074343157867,0.01790374962464747
36,0.37692518624791294,0.9983954960318805,1.0,0.326313047285088,1.2052360066433476,0.010879520183263658
36,0.3779931502630614,0.9980906402779377,0.9969374135439022,0.372156638767484,1.2018307896954867,0.012303662515494862
36,0.3874183932061822,1.0,1.0,0.25152625754731317,1.2045915018165623,0.03199924942029897
36,0.3744744087059964,0.9984293688934297,0.9962190290665458,0.23606673903094916,1.213123769495046,0.0029466853623829614
36,0.3849157327471808,1.0,1.0,0.3848602455763511,1.1852760145443821,0.005059755106278985
36,0.390343599531397,1.0,1.0,0.3848602455763511,1.1852760145443821,0.021471082521599794
36,0.36666146431388874,0.9834469075175979,1.0,0.27331891806441044,1.2389734140539443,0.024927296595141257
36,0.3639499612390995,0.9831038589247851,0.8983791210891665,0.3407407788681256,1.2482040242211254,0.0022390773677514186
36,0.3958500261835997,1.0,1.0,0.3351284294349177,1.1918051090103996,0.04418915275010438
36,0.39229151953530855,1.0,0.9962190290665458,0.3848602455763511,1.1864720710483223,0.028446001909562035
36,0.3873693552401362,0.9996236348716756,1.0,0.3756706765859019,1.1867540528165255,0.01401335930551606
36,0.36464076071142476,0.9980906402779377,0.9928161552264371,0.2775279430809783,1.2458393443174327,0.04095152566038496
36,0.3783966700238029,0.9848909610889055,1.0,0.33865379481607505,1.204050656884045,0.003501491763630682
36,0.3958835178975444,1.0,0.9965971261598913,0.3848602455763511,1.1863520570052812,0.03883318896283461
36,0.3865209791168729,1.0,1.0,0.26435668545750934,1.202461933106007,0.027147187333065315
36,0.3909032158977599,1.0,0.9999621902906655,0.3813462077579332,1.185726430488974,0.023587599585497943
36,0.3868121660538152,0.9983954960318805,0.9962190290665458,0.3848602455763511,1.1878704518371226,0.013440467015139346
36,0.38295689888877527,0.9982439397373115,0.9965971261598913,0.2973404763843518,1.2000495772620838,0.013796482948046584
36,0.3885409260165061,0.9997256298214515,1.0,0.3848602455763511,1.1855148195062406,0.016310301026591034
37,0.38215084194680443,0.9983954960318805,0.9962190290665458,0.3848602455763511,1.1887552150322147,0.0008847631950921198
37,0.3779931502630614,0.9980906402779377,0.9962190290665458,0.2876160575852408,1.2018333605723341,2.5708768474075328e-06
37,0.3849157327471808,1.0,1.0,0.3848602455763511,1.1852760145443821,0.005059755106278985
37,0.38108737854637403,1.0,1.0,0.31839365597002234,1.1941700869282021,0.002097528601222809
37,0.3777453674973829,0.999661271384508,1.0,0.26435668545750934,1.202721764527232,0.00010263172608948601
37,0.3849970913875574,0.9996236348716756,1.0,0.3756706765859019,1.1867540528165255,0.006787199911917563
37,0.38911963415746464,1.0,1.0,0.3848602455763511,1.1852760145443821,0.017810365327949995
37,0.38841481417742113,1.0,0.9996219029066545,0.3848602455763511,1.1853952130378929,0.01581107327107767
37,0.3849157327471808,0.9998980050502241,0.9965971261598913,0.3809557591114423,1.1869410793242894,0.0067248198861862285
37,0.3854392798250535,0.9996236348716756,1.0,0.3848602455763511,1.1856036267911985,0.006990470110458169
37,0.3803539710115572,1.0,0.9962190290665458,0.3736512294605039,1.1943711408597226,0.006446505182811757
37,0.3707109067642627,0.9818820451981017,0.9498738094983136,0.33865379481607505,1.225701824381515,0.00026227575390236346
37,0.37340644469084794,0.9816076750195533,1.0,0.27476372873079635,1.216593373586494,0.0012799630472801748
37,0.3779931502630614,1.0,0.9427836795453922,0.3848602455763511,1.2044014380441057,0.0025706483486189757
37,0.3783966700238029,0.9848909610889055,1.0,0.33865379481607505,1.204050656884045,0.003501491763630682
37,0.390343599531397,1.0,1.0,0.3848602455763511,1.1852760145443821,0.021471082521599794
37,0.3885409260165061,0.9997256298214515,1.0,0.3848602455763511,1.1855148195062406,0.016310301026591034
37,0.38562361850865423,0.9996951442460572,1.0,0.377989547754847,1.1863997523940633,0.008350005179926345
37,0.3855053119576872,0.9986424291925741,1.0,0.38254137440740604,1.1867450322575999,0.008333756945727577
37,0.3639499612390995,0.9831038589247851,0.8983791210891665,0.3407407788681256,1.2482040242211254,0.0022390773677514186
37,0.3639499612390995,0.9831956543795835,0.9014417075452643,0.3848602455763511,1.2482040242211254,0.013600512776390516
37,0.38616537873902235,0.9980906402779377,1.0,0.33280955826597264,1.193705607347689,0.01730857302787525
37,0.3863875815045277,0.9990251194340103,1.0,0.3827732615243006,1.186383283134813,0.010662768160325076
37,0.3755799907361851,0.9847934730323066,0.9119440828203587,0.35524084004321066,1.235404910614041,0.02585217224274694
37,0.3784698928001418,0.9846440279282118,1.0,0.3338972205430887,1.204855939492885,0.004539045272855535
37,0.3918926085498716,0.9998366951708201,0.9969374135439022,0.3848602455763511,1.1863862428617395,0.027181408650240657
37,0.38511884932351625,1.0,1.0,0.26435668545750934,1.202461933106007,0.022868134723110556
37,0.37754747324272686,1.0,0.9965971261598913,0.3747721310720886,1.2032494943666598,0.01559551863970432
37,0.3716705378722696,0.9816076750195533,0.9996597126159891,0.3809557591114423,1.2222755369859766,0.020163974589209266
37,0.35998503423462014,0.9996236348716756,0.9017819949292752,0.232287574761168,1.2619519230456102,0.0028205421586371404
37,0.37866139441244734,1.0,0.9548864285484822,0.37589471544677316,1.2017134126811022,0.0020035584796895822
37,0.37542544432009056,0.9979052111218195,0.9498738094983136,0.33865379481607505,1.212129220934023,0.002078562021852637
37,0.3776867026971993,1.0,1.0,0.3250403149306552,1.202805931569625,0.009585920512709123
37,0.3812054442542643,0.9995592764347321,0.9965971261598913,0.372685147020038,1.1917033535000086,0.0033975952461804404
37,0.39166960406076096,1.0,1.0,0.3848602455763511,1.1852760145443821,0.025411165160687643
37,0.3944900895656576,1.0,1.0,0.3848602455763511,1.1852760145443821,0.033703850005153635
37,0.36905848718811907,0.9858611614752898,0.9119440828203587,0.34515272553894816,1.2366777453836446,0.00575142334655343
37,0.3754127762711881,0.9983916080522917,0.9081631118869044,0.3848602455763511,1.218545912909286,0.008454421660419209
37,0.3877005382021622,1.0,1.0,0.3848602455763511,1.1852760145443821,0.013537103845861598
37,0.3740881197371799,0.9837517632715407,0.9427836795453922,0.3848602455763511,1.2187731326718125,0.004396673492203407
38,0.38215084194680443,0.9983954960318805,0.9962190290665458,0.3848602455763511,1.1887552150322147,0.0008847631950921198
38,0.3779931502630614,0.9980906402779377,0.9962190290665458,0.2876160575852408,1.2018333605723341,2.5708768474075328e-06
38,0.3849157327471808,1.0,1.0,0.3848602455763511,1.1852760145443821,0.005059755106278985
38,0.38108737854637403,1.0,1.0,0.31839365597002234,1.1941700869282021,0.002097528601222809
38,0.37866139441244734,1.0,0.9548864285484822,0.37589471544677316,1.2017134126811022,0.0020035584796895822
38,0.3812054442542643,0.9995592764347321,0.9965971261598913,0.372685147020038,1.1917033535000086,0.0033975952461804404
38,0.3777453674973829,0.999661271384508,1.0,0.26435668545750934,1.202721764527232,0.00010263172608948601
38,0.3849970913875574,0.9996236348716756,1.0,0.3756706765859019,1.1867540528165255,0.006787199911917563
38,0.3849157327471808,0.9998980050502241,0.9965971261598913,0.3809557591114423,1.1869410793242894,0.0067248198861862285
38,0.3854392798250535,0.9996236348716756,1.0,0.3848602455763511,1.1856036267911985,0.006990470110458169
38,0.3877005382021622,1.0,1.0,0.3848602455763511,1.1852760145443821,0.013537103845861598
38,0.3707109067642627,0.9818820451981017,0.9498738094983136,0.33865379481607505,1.225701824381515,0.00026227575390236346
38,0.38911963415746464,1.0,1.0,0.3848602455763511,1.1852760145443821,0.017810365327949995
38,0.3803539710115572,1.0,0.9962190290665458,0.3736512294605039,1.1943711408597226,0.006446505182811757
38,0.3783966700238029,0.9848909610889055,1.0,0.33865379481607505,1.204050656884045,0.003501491763630682
38,0.3863875815045277,0.9990251194340103,1.0,0.3827732615243006,1.186383283134813,0.010662768160325076
38,0.37340644469084794,0.9816076750195533,1.0,0.27476372873079635,1.216593373586494,0.0012799630472801748
38,0.38841481417742113,1.0,0.9996219029066545,0.3848602455763511,1.1853952130378929,0.01581107327107767
38,0.37542544432009056,0.9979052111218195,0.9498738094983136,0.33865379481607505,1.212129220934023,0.002078562021852637
38,0.3855053119576872,0.9986424291925741,1.0,0.38254137440740604,1.1867450322575999,0.008333756945727577
38,0.39073804626666964,1.0,1.0,0.3599794616542708,1.188453122546903,0.02582304170419336
38,0.3844445403770954,1.0,0.9969374135439022,0.3813462077579332,1.1866932845868652,0.005030499482131301
38,0.37129740930509847,0.9830705423892735,1.0,0.28577338041535183,1.2235038405161014,0.010938917474255128
38,0.38108737854637403,0.9993123432740385,0.9996597126159892,0.36792857274705165,1.1920725583269793,0.003951664806701505
38,0.37590280994565284,1.0,1.0,0.2740881703004484,1.2085139941867844,0.007624151045091843
38,0.37294904617773106,0.9824907601307447,1.0,0.26858010069144267,1.218085448722112,0.0025815644197475507
38,0.36985541043942166,0.9830974465533414,0.9579490150045801,0.3005820269502445,1.2282740590815378,0.00024292426275529522
38,0.38639639688544086,0.998179581300368,0.9965971261598913,0.3848602455763511,1.1879389581479343,0.012245266467461935
38,0.3702923756096547,0.9816994704743516,0.9965971261598913,0.17726811332452053,1.2330852489842659,0.006260620183290433
38,0.3837199050277852,0.9996236348716756,1.0,0.3756706765859019,1.1867540528165255,0.002859758187265582
38,0.37190044888728413,0.9995033899768273,0.9514835547083734,0.29046193030682443,1.2215199191602357,0.0019203404122967171
38,0.38759631521826576,1.0,0.9628006595337427,0.3848602455763511,1.197451942011067,0.025397955754522306
38,0.37379995186263837,0.9854122644281477,0.9545083314551368,0.3848602455763511,1.215312639830396,0.0021359045897919593
38,0.3868587738746131,0.9987781862733167,1.0,0.3848602455763511,1.1863404595238904,0.012051967220178206
38,0.38959082652755006,0.9997530668393064,1.0,0.3848602455763511,1.1854909331117118,0.019437280450072203
38,0.37111679983321266,0.9820043262282944,0.9624603721497318,0.27765234031485797,1.2310530311988663,0.006953754469718909
38,0.3798677369501322,0.9971983756212666,0.9969374135439022,0.38254137440740604,1.1958999464745477,0.00692086011374804
38,0.38449676689514845,1.0,1.0,0.3467227719326952,1.1902181270024115,0.00871584814358628
38,0.3803134087762971,0.9821869009520445,0.9495335221143026,0.3848602455763511,1.2178062152849565,0.02330768905843339
38,0.37314400889740706,0.9986424291925741,0.9498738094983136,0.34692440690747933,1.2174490154803028,0.007487836243645463
39,0.38215084194680443,0.9983954960318805,0.9962190290665458,0.3848602455763511,1.1887552150322147,0.0008847631950921198
39,0.3779931502630614,0.9980906402779377,0.9962190290665458,0.2876160575852408,1.2018333605723341,2.5708768474075328e-06
39,0.3849157327471808,1.0,1.0,0.3848602455763511,1.1852760145443821,0.005059755106278985
39,0.3844445403770954,1.0,0.9969374135439022,0.3813462077579332,1.1866932845868652,0.005030499482131301
39,0.3837199050277852,0.9996236348716756,1.0,0.3756706765859019,1.1867540528165255,0.002859758187265582
39,0.38108737854637403,1.0,1.0,0.31839365597002234,1.1941700869282021,0.002097528601222809
39,0.37866139441244734,1.0,0.9548864285484822,0.37589471544677316,1.2017134126811022,0.0020035584796895822
39,0.3777453674973829,0.999661271384508,1.0,0.26435668545750934,1.202721764527232,0.00010263172608948601
39,0.3854392798250535,0.9996236348716756,1.0,0.3848602455763511,1.1856036267911985,0.006990470110458169
39,0.3877005382021622,1.0,1.0,0.3848602455763511,1.1852760145443821,0.013537103845861598
39,0.3812054442542643,0.9995592764347321,0.9965971261598913,0.372685147020038,1.1917033535000086,0.0033975952461804404
39,0.3849970913875574,0.9996236348716756,1.0,0.3756706765859019,1.1867540528165255,0.006787199911917563
39,0.3849157327471808,0.9998980050502241,0.9965971261598913,0.3809557591114423,1.1869410793242894,0.0067248198861862285
39,0.36985541043942166,0.9830974465533414,0.9579490150045801,0.3005820269502445,1.2282740590815378,0.00024292426275529522
39,0.38911963415746464,1.0,1.0,0.3848602455763511,1.1852760145443821,0.017810365327949995
39,0.38108737854637403,0.9993123432740385,0.9996597126159892,0.36792857274705165,1.1920725583269793,0.003951664806701505
39,0.3783966700238029,0.9848909610889055,1.0,0.33865379481607505,1.204050656884045,0.003501491763630682
39,0.3855053119576872,0.9986424291925741,1.0,0.38254137440740604,1.1867450322575999,0.008333756945727577
39,0.37340644469084794,0.9816076750195533,1.0,0.27476372873079635,1.216593373586494,0.0012799630472801748
39,0.37542544432009056,0.9979052111218195,0.9498738094983136,0.33865379481607505,1.212129220934023,0.002078562021852637
39,0.38785413879364006,1.0,0.9962190290665458,0.3249685766746358,1.1946535534450058,0.023378682629717096
39,0.3816557685557981,0.9980906402779377,1.0,0.3848602455763511,1.1902972356757582,0.003356639719957588
39,0.3907164533666896,1.0,1.0,0.3813462077579332,1.1857143818261786,0.02302004836556959
39,0.38639639688544086,1.0,0.996903384805501,0.3848602455763511,1.186254912364229,0.010561220683756645
39,0.3728158098593392,0.9996033487912589,0.9518238420923844,0.36493712674609136,1.2185207661521864,0.01341710972701926
39,0.3790080141770299,0.9982439397373115,0.9498738094983136,0.34692440690747933,1.2102958019492176,0.011683136014486895
39,0.38930916075813415,0.9987984723537334,1.0,0.3848602455763511,1.1863227650158983,0.019425470766750275
39,0.3844445403770954,1.0,0.9965971261598913,0.3809557591114423,1.1868526693405754,0.0051898842358415465
39,0.3725461189619928,0.9975188287384744,0.9576087276205693,0.3298568048812211,1.21940286890739,0.008431393582039926
39,0.38628662708176414,1.0,1.0,0.3059424911417578,1.1959892176265605,0.019961432927231737
39,0.3639882539883815,0.9995592764347321,0.9579490150045801,0.25899622126599603,1.2480727090946144,0.025034226707816076
39,0.3784468899677398,0.9985241021751848,0.9474237403334352,0.35072966632586844,1.2103037373920622,0.009913885277527346
39,0.37135436845861447,0.9856331504963662,0.962154113504122,0.31109683286490575,1.223316176794301,0.0010357749423501872
39,0.3935564662763579,1.0,1.0,0.3848602455763511,1.1852760145443821,0.030972006720850098
39,0.37707740923927213,0.9847246077021861,1.0,0.36111805105103806,1.2047494629649325,0.0032690043002066016
39,0.3623360550373364,0.9696786629869127,0.962154113504122,0.2628033980525791,1.2537637364887573,0.009913155367917703
39,0.3772174976132934,1.0,0.9965971261598914,0.35905796809842044,1.20430205160679,0.014563763209688663
39,0.3742998487166568,0.999661271384508,1.0,0.20453675481181344,1.2136895267947911,0.0004591656659143073
39,0.3956259237778853,1.0,0.9972436721895119,0.3848602455763511,1.1861470438542612,0.03788102024365636
39,0.3704712844480798,0.9696786629869127,1.0,0.33865379481607505,1.2262321678521475,0.008961181581945699
40,0.38215084194680443,0.9983954960318805,0.9962190290665458,0.3848602455763511,1.1887552150322147,0.0008847631950921198
40,0.3779931502630614,0.9980906402779377,0.9962190290665458,0.2876160575852408,1.2018333605723341,2.5708768474075328e-06
40,0.3849157327471808,1.0,1.0,0.3848602455763511,1.1852760145443821,0.005059755106278985
40,0.3844445403770954,1.0,0.9969374135439022,0.3813462077579332,1.1866932845868652,0.005030499482131301
40,0.3837199050277852,0.9996236348716756,1.0,0.3756706765859019,1.1867540528165255,0.002859758187265582
40,0.38108737854637403,1.0,1.0,0.31839365597002234,1.1941700869282021,0.002097528601222809
40,0.37866139441244734,1.0,0.9548864285484822,0.37589471544677316,1.2017134126811022,0.0020035584796895822
40,0.3777453674973829,0.999661271384508,1.0,0.26435668545750934,1.202721764527232,0.00010263172608948601
40,0.3854392798250535,0.9996236348716756,1.0,0.3848602455763511,1.1856036267911985,0.006990470110458169
40,0.3877005382021622,1.0,1.0,0.3848602455763511,1.1852760145443821,0.013537103845861598
40,0.3849970913875574,0.9996236348716756,1.0,0.3756706765859019,1.1867540528165255,0.006787199911917563
40,0.3816557685557981,0.9980906402779377,1.0,0.3848602455763511,1.1902972356757582,0.003356639719957588
40,0.3844445403770954,1.0,0.9965971261598913,0.3809557591114423,1.1868526693405754,0.0051898842358415465
40,0.36985541043942166,0.9830974465533414,0.9579490150045801,0.3005820269502445,1.2282740590815378,0.00024292426275529522
40,0.38911963415746464,1.0,1.0,0.3848602455763511,1.1852760145443821,0.017810365327949995
40,0.3812054442542643,0.9995592764347321,0.9965971261598913,0.372685147020038,1.1917033535000086,0.0033975952461804404
40,0.38639639688544086,1.0,0.996903384805501,0.3848602455763511,1.186254912364229,0.010561220683756645
40,0.37707740923927213,0.9847246077021861,1.0,0.36111805105103806,1.2047494629649325,0.0032690043002066016
40,0.3742998487166568,0.999661271384508,1.0,0.20453675481181344,1.2136895267947911,0.0004591656659143073
40,0.3849157327471808,0.9998980050502241,0.9965971261598913,0.3809557591114423,1.1869410793242894,0.0067248198861862285
40,0.37468083136389135,0.9977519116624457,0.9962190290665458,0.2876160575852408,1.2124554240361263,0.010354583190339772
40,0.37883408009678304,0.9847246077021861,0.999969374135439,0.3642806850876142,1.2011209427944967,0.001957957862547044
40,0.37886593815343583,1.0,0.9965971261598913,0.2259047298845952,1.2106669625414141,0.011604812755519722
40,0.3832226091183694,0.9999623634871676,0.9969374135439022,0.3804272508588883,1.186843899323385,0.0014133023613427387
40,0.3756242904456474,0.9984293688934296,0.9962190290665458,0.28467765356079777,1.2094100882921872,0.0073807442446345295
40,0.38416209346528135,0.9980906402779377,1.0,0.3848602455763511,1.1869405959558006,0.0044090187206953235
40,0.37784983884004797,1.0,1.0,0.21866461742335838,1.210359360911267,0.008072739129771023
40,0.37382865634657136,0.9999082045452017,0.9969374135439022,0.2010227169933955,1.2152539665133602,3.464462811897384e-05
40,0.39365238189237156,1.0,1.0,0.3848602455763511,1.1852760145443821,0.03125325938129109
40,0.38286897881477966,1.0,0.9576427563589702,0.3848602455763511,1.1992148776989067,0.012689378292453535
40,0.38242733102684207,0.9986477418834908,1.0,0.3756706765859019,1.1878957632925804,0.0002989365824821455
40,0.3935747628714902,0.9980906402779377,0.9938748270878044,0.3848602455763511,1.1888827776379098,0.034632431367478844
40,0.38551883379026464,1.0,0.9962190290665458,0.30898403265802254,1.1970240580492661,0.018654114777580055
40,0.379290461088844,0.9986203048656359,0.9931942523197825,0.30170660201084726,1.200452305554279,0.0027322126731657015
40,0.382880600207783,0.999661271384508,1.0,0.3848602455763511,1.1864894853616215,0.0009186308960291711
40,0.38687637128075186,0.9995592764347321,1.0,0.3848602455763511,1.1856596731863713,0.011424594409572997
40,0.38162951738734113,0.9994674809799338,0.9965971261598913,0.3848602455763511,1.1903791127102696,0.0035634447150503235
40,0.38723469984600556,0.9998641321886749,0.9935345397037934,0.3848602455763511,1.1874450369392742,0.014296539427350652
40,0.3828294957408473,0.9980906402779377,1.0,0.3848602455763511,1.1869405959558006,0.000292724385200005
40,0.3757120054895395,1.0,1.0,0.19626614272040915,1.214569586820856,0.005441851653258167
41,0.3779931502630614,0.9980906402779377,0.9962190290665458,0.2876160575852408,1.2018333605723341,2.5708768474075328e-06
41,0.3849157327471808,1.0,1.0,0.3848602455763511,1.1852760145443821,0.005059755106278985
41,0.382880600207783,0.999661271384508,1.0,0.3848602455763511,1.1864894853616215,0.0009186308960291711
41,0.3828294957408473,0.9980906402779377,1.0,0.3848602455763511,1.1869405959558006,0.000292724385200005
41,0.3777453674973829,0.999661271384508,1.0,0.26435668545750934,1.202721764527232,0.00010263172608948601
41,0.37382865634657136,0.9999082045452017,0.9969374135439022,0.2010227169933955,1.2152539665133602,3.464462811897384e-05
41,0.3854392798250535,0.9996236348716756,1.0,0.3848602455763511,1.1856036267911985,0.006990470110458169
41,0.3877005382021622,1.0,1.0,0.3848602455763511,1.1852760145443821,0.013537103845861598
41,0.3844445403770954,1.0,0.9969374135439022,0.3813462077579332,1.1866932845868652,0.005030499482131301
41,0.3837199050277852,0.9996236348716756,1.0,0.3756706765859019,1.1867540528165255,0.002859758187265582
41,0.3832226091183694,0.9999623634871676,0.9969374135439022,0.3804272508588883,1.186843899323385,0.0014133023613427387
41,0.38242733102684207,0.9986477418834908,1.0,0.3756706765859019,1.1878957632925804,0.0002989365824821455
41,0.36985541043942166,0.9830974465533414,0.9579490150045801,0.3005820269502445,1.2282740590815378,0.00024292426275529522
41,0.38911963415746464,1.0,1.0,0.3848602455763511,1.1852760145443821,0.017810365327949995
41,0.3742998487166568,0.999661271384508,1.0,0.20453675481181344,1.2136895267947911,0.0004591656659143073
41,0.38215084194680443,0.9983954960318805,0.9962190290665458,0.3848602455763511,1.1887552150322147,0.0008847631950921198
41,0.38687637128075186,0.9995592764347321,1.0,0.3848602455763511,1.1856596731863713,0.011424594409572997
41,0.3849970913875574,0.9996236348716756,1.0,0.3756706765859019,1.1867540528165255,0.006787199911917563
41,0.38639639688544086,1.0,0.996903384805501,0.3848602455763511,1.186254912364229,0.010561220683756645
41,0.38416209346528135,0.9980906402779377,1.0,0.3848602455763511,1.1869405959558006,0.0044090187206953235
41,0.3860149659264032,0.9992205478192401,1.0,0.3848602455763511,1.18595477320938,0.009099349443950189
41,0.3890916109241692,0.9983616231703314,0.9972436721895119,0.3848602455763511,1.1875749944617753,0.020025261802653294
41,0.39583877023656444,1.0,1.0,0.3848602455763511,1.1852760145443821,0.03762742503701988
41,0.3701656149508019,0.9844113367696828,0.962154113504122,0.29982027982240594,1.2272447464227707,0.001984327454968682
41,0.3820592925175206,0.9990840597978012,0.9969374135439022,0.3804272508588883,1.189040065743455,0.0014346036771164528
41,0.3766346498455177,0.9862317554693149,0.9655569873442309,0.30900984881285515,1.220715321961904,0.014549594878280336
41,0.3854392798250535,1.0,1.0,0.3848602455763511,1.1852760145443821,0.006662857863641847
41,0.37375543357023244,1.0,0.9969374135439022,0.20929332908479978,1.2154573966378168,0.0018578929626347218
41,0.3821951130625611,1.0,1.0,0.27640704146939354,1.200520577936833,0.011903060948875499
41,0.3673670087190829,0.9816533929820339,0.9545461411644713,0.3005820269502445,1.2365939114384576,0.005883249141740876
41,0.3912192797592272,1.0,1.0,0.3804272508588883,1.1858295694189585,0.024629623955237934
41,0.38073425188417886,0.999661271384508,0.9969374135439022,0.3730755956665289,1.1931781919820224,0.005123154098787719
41,0.3941875814628384,0.9830974465533414,1.0,0.3848602455763511,1.2002364080277503,0.04778050202569428
41,0.38911963415746464,1.0,0.9969374135439022,0.3804272508588883,1.1868112952103678,0.019345645993935623
41,0.3890331359265963,0.999661271384508,0.9972130463249509,0.3848602455763511,1.1864515889267218,0.018726363587662664
41,0.38538775387751845,0.9991216963106337,1.0,0.3848602455763511,1.1860409302597041,0.007270194208818692
41,0.3926322552988002,1.0,1.0,0.3848602455763511,1.1852760145443821,0.028254908422493674
41,0.37684210125796924,0.9999173840906815,0.996903384805501,0.22256910388826717,1.211192834016907,0.005691100638431479
41,0.39327905687148124,0.9978345275717643,1.0,0.3848602455763511,1.1871643597828245,0.032046134213780775
41,0.3792954355332757,0.98509255765195,0.9590574983096231,0.3848602455763511,1.2118972458072232,0.014192860977072064
42,0.3779931502630614,0.9980906402779377,0.9962190290665458,0.2876160575852408,1.2018333605723341,2.5708768474075328e-06
42,0.3849157327471808,1.0,1.0,0.3848602455763511,1.1852760145443821,0.005059755106278985
42,0.382880600207783,0.999661271384508,1.0,0.3848602455763511,1.1864894853616215,0.0009186308960291711
42,0.3828294957408473,0.9980906402779377,1.0,0.3848602455763511,1.1869405959558006,0.000292724385200005
42,0.3777453674973829,0.999661271384508,1.0,0.26435668545750934,1.202721764527232,0.00010263172608948601
42,0.37382865634657136,0.9999082045452017,0.9969374135439022,0.2010227169933955,1.2152539665133602,3.464462811897384e-05
42,0.3854392798250535,1.0,1.0,0.3848602455763511,1.1852760145443821,0.006662857863641847
42,0.3844445403770954,1.0,0.9969374135439022,0.3813462077579332,1.1866932845868652,0.005030499482131301
42,0.3837199050277852,0.9996236348716756,1.0,0.3756706765859019,1.1867540528165255,0.002859758187265582
42,0.3832226091183694,0.9999623634871676,0.9969374135439022,0.3804272508588883,1.186843899323385,0.0014133023613427387
42,0.38242733102684207,0.9986477418834908,1.0,0.3756706765859019,1.1878957632925804,0.0002989365824821455
42,0.36985541043942166,0.9830974465533414,0.9579490150045801,0.3005820269502445,1.2282740590815378,0.00024292426275529522
42,0.3854392798250535,0.9996236348716756,1.0,0.3848602455763511,1.1856036267911985,0.006990470110458169
42,0.3877005382021622,1.0,1.0,0.3848602455763511,1.1852760145443821,0.013537103845861598
42,0.3849970913875574,0.9996236348716756,1.0,0.3756706765859019,1.1867540528165255,0.006787199911917563
42,0.38416209346528135,0.9980906402779377,1.0,0.3848602455763511,1.1869405959558006,0.0044090187206953235
42,0.3742998487166568,0.999661271384508,1.0,0.20453675481181344,1.2136895267947911,0.0004591656659143073
42,0.38215084194680443,0.9983954960318805,0.9962190290665458,0.3848602455763511,1.1887552150322147,0.0008847631950921198
42,0.38911963415746464,1.0,1.0,0.3848602455763511,1.1852760145443821,0.017810365327949995
42,0.3820592925175206,0.9990840597978012,0.9969374135439022,0.3804272508588883,1.189040065743455,0.0014346036771164528
42,0.39008422461187314,1.0,1.0,0.38087055033063455,1.185773975007172,0.0211952054622202
42,0.39793737819623576,1.0,1.0,0.3848602455763511,1.1852760145443821,0.04367979556252921
42,0.39175503029286535,0.9981732561872562,1.0,0.3848602455763511,1.186868439525266,0.02725651065546031
42,0.3784643426331468,0.9977519116624457,0.9962190290665458,0.2876160575852408,1.2021008408457865,0.0017663440184785273
42,0.38126820954625196,0.9985920317229355,1.0,0.37658963348494684,1.1915071724209776,0.003977434863660756
42,0.3723780197083479,0.9977857845239949,0.9962190290665458,0.2876160575852408,1.2199533329540215,0.017879248307965723
42,0.3715398215382433,0.9977857845239949,0.9962190290665458,0.17916285347828317,1.2227055618922529,0.0012322853357240593
42,0.3888796239056813,1.0,0.9972436721895119,0.3813462077579332,1.186595123747345,0.018408933503635483
42,0.3889036730253433,1.0,1.0,0.3756706765859019,1.1864294662227763,0.01831551455985947
42,0.3751012170749009,1.0,1.0,0.19626614272040915,1.214569586820856,0.0034729931775412393
42,0.396638403538706,1.0,1.0,0.3756706765859019,1.1864294662227763,0.04109456601232697
42,0.3797549780233058,1.0,1.0,0.26721747247894434,1.2019959876555082,0.005740948023517101
42,0.3780362407489037,0.9999082045452017,0.9996937413543903,0.20418535102997162,1.2132715323800527,0.011577733446056504
42,0.3856566447245195,0.9985762578444246,1.0,0.3805793287306634,1.1870457656684286,0.009096902299242426
42,0.37268582772787573,0.9980567674163885,0.9934627012560577,0.2836263623395242,1.2189457512581605,0.015297510501603773
42,0.3805097623661656,0.9993526519792819,1.0,0.28039673671511006,1.2003954167346509,0.006513284872473157
42,0.3737379429575456,0.9825779561253053,0.955192687194092,0.3848602455763511,1.2155142789932365,2.6969267383991635e-05
42,0.3735744541259387,0.9981897807953456,0.9996937413543903,0.20418535102997162,1.2160462292016818,0.0015398275082445512
42,0.3854130286565966,0.999661271384508,1.0,0.37975226752152297,1.1862076473201375,0.007514213196392561
42,0.3797781552500979,0.9982815762501439,0.9969374135439022,0.3848602455763511,1.1961820341842095,0.008440075252431845
43,0.3779931502630614,0.9980906402779377,0.9962190290665458,0.2876160575852408,1.2018333605723341,2.5708768474075328e-06
43,0.3849157327471808,1.0,1.0,0.3848602455763511,1.1852760145443821,0.005059755106278985
43,0.382880600207783,0.999661271384508,1.0,0.3848602455763511,1.1864894853616215,0.0009186308960291711
43,0.3828294957408473,0.9980906402779377,1.0,0.3848602455763511,1.1869405959558006,0.000292724385200005
43,0.3777453674973829,0.999661271384508,1.0,0.26435668545750934,1.202721764527232,0.00010263172608948601
43,0.37382865634657136,0.9999082045452017,0.9969374135439022,0.2010227169933955,1.2152539665133602,3.464462811897384e-05
43,0.3737379429575456,0.9825779561253053,0.955192687194092,0.3848602455763511,1.2155142789932365,2.6969267383991635e-05
43,0.3854392798250535,1.0,1.0,0.3848602455763511,1.1852760145443821,0.006662857863641847
43,0.3844445403770954,1.0,0.9969374135439022,0.3813462077579332,1.1866932845868652,0.005030499482131301
43,0.3837199050277852,0.9996236348716756,1.0,0.3756706765859019,1.1867540528165255,0.002859758187265582
43,0.3832226091183694,0.9999623634871676,0.9969374135439022,0.3804272508588883,1.186843899323385,0.0014133023613427387
43,0.38242733102684207,0.9986477418834908,1.0,0.3756706765859019,1.1878957632925804,0.0002989365824821455
43,0.36985541043942166,0.9830974465533414,0.9579490150045801,0.3005820269502445,1.2282740590815378,0.00024292426275529522
43,0.3854392798250535,0.9996236348716756,1.0,0.3848602455763511,1.1856036267911985,0.006990470110458169
43,0.3877005382021622,1.0,1.0,0.3848602455763511,1.1852760145443821,0.013537103845861598
43,0.3849970913875574,0.9996236348716756,1.0,0.3756706765859019,1.1867540528165255,0.006787199911917563
43,0.38416209346528135,0.9980906402779377,1.0,0.3848602455763511,1.1869405959558006,0.0044090187206953235
43,0.3742998487166568,0.999661271384508,1.0,0.20453675481181344,1.2136895267947911,0.0004591656659143073
43,0.38215084194680443,0.9983954960318805,0.9962190290665458,0.3848602455763511,1.1887552150322147,0.0008847631950921198
43,0.38911963415746464,1.0,1.0,0.3848602455763511,1.1852760145443821,0.017810365327949995
43,0.37478577340695873,0.9985559464286924,0.9965971261598913,0.26435668545750934,1.2121159299624042,0.007057567326018255
43,0.3808454676683851,0.999661271384508,1.0,0.3848602455763511,1.1928297560434695,0.00725890157787723
43,0.3880433892100086,0.999661271384508,1.0,0.37658963348494684,1.186605473779454,0.015901838714022842
43,0.3844916596141039,0.9980906402779377,1.0,0.3725080425493258,1.188475707743845,0.006957734749591271
43,0.36396766781599277,0.9832170707914369,0.9583731425706679,0.2117656608217448,1.248143300639261,0.0029579538095629854
43,0.38336829542963935,0.9999082045452017,0.9969374135439022,0.3730755956665289,1.1878426246731384,0.00286251099974133
43,0.37784552534100735,0.9825779561253053,0.9969374135439022,0.28024465884333494,1.2150363419735406,0.012735994841793996
43,0.3664232088783788,0.9834901326762208,0.955192687194092,0.23083971597967148,1.242581487675079,0.0028024692205601553
43,0.38347106485575133,0.9993966136052264,0.9965971261598913,0.3839412886773062,1.186994371013459,0.002331829478039449
43,0.39415000181836723,1.0,1.0,0.3848602455763511,1.1852760145443821,0.03271022935189949
43,0.3795682813086129,0.999661271384508,1.0,0.3848602455763511,1.1968434367564182,0.01127258229082595
43,0.3886651286565707,1.0,1.0,0.3756706765859019,1.1864294662227763,0.017598581179445016
43,0.37644571294551993,0.9977519116624457,0.9962190290665458,0.2793454454938365,1.2067710978048634,0.0033629074690155747
43,0.3854392798250535,1.0,0.9941810857334141,0.19786008295681937,1.2172010555332025,0.038587898852462166
43,0.3848425099708419,1.0,0.9969374135439022,0.3848602455763511,1.1862441221995175,0.005803306719051937
43,0.39264467419319504,0.9997777601553757,1.0,0.3848602455763511,1.1854694364775704,0.02848492558754767
43,0.3707748086809264,0.9998835112291323,1.0,0.14753618319411096,1.2252283478289927,0.0005419312697703127
43,0.3742998487166568,0.9827156565446553,0.9596734184746828,0.3848602455763511,1.2138228077051025,0.00013328091031139522
43,0.38310360469689364,0.9982477033885947,0.9965971261598913,0.3848602455763511,1.1878794703055267,0.0020806401024149324
43,0.3825704373039902,0.9996236348716756,0.9996937413543903,0.37531927280406013,1.1874514128585048,0.0005534438351242343
44,0.3779931502630614,0.9980906402779377,0.9962190290665458,0.2876160575852408,1.2018333605723341,2.5708768474075328e-06
44,0.3849157327471808,1.0,1.0,0.3848602455763511,1.1852760145443821,0.005059755106278985
44,0.382880600207783,0.999661271384508,1.0,0.3848602455763511,1.1864894853616215,0.0009186308960291711
44,0.3828294957408473,0.9980906402779377,1.0,0.3848602455763511,1.1869405959558006,0.000292724385200005
44,0.3777453674973829,0.999661271384508,1.0,0.26435668545750934,1.202721764527232,0.00010263172608948601
44,0.37382865634657136,0.9999082045452017,0.9969374135439022,0.2010227169933955,1.2152539665133602,3.464462811897384e-05
44,0.3737379429575456,0.9825779561253053,0.955192687194092,0.3848602455763511,1.2155142789932365,2.6969267383991635e-05
44,0.3854392798250535,1.0,1.0,0.3848602455763511,1.1852760145443821,0.006662857863641847
44,0.3848425099708419,1.0,0.9969374135439022,0.3848602455763511,1.1862441221995175,0.005803306719051937
44,0.3844445403770954,1.0,0.9969374135439022,0.3813462077579332,1.1866932845868652,0.005030499482131301
44,0.3837199050277852,0.9996236348716756,1.0,0.3756706765859019,1.1867540528165255,0.002859758187265582
44,0.3832226091183694,0.9999623634871676,0.9969374135439022,0.3804272508588883,1.186843899323385,0.0014133023613427387
44,0.38242733102684207,0.9986477418834908,1.0,0.3756706765859019,1.1878957632925804,0.0002989365824821455
44,0.3825704373039902,0.9996236348716756,0.9996937413543903,0.37531927280406013,1.1874514128585048,0.0005534438351242343
44,0.3742998487166568,0.9827156565446553,0.9596734184746828,0.3848602455763511,1.2138228077051025,0.00013328091031139522
44,0.3877005382021622,1.0,1.0,0.3848602455763511,1.1852760145443821,0.013537103845861598
44,0.38215084194680443,0.9983954960318805,0.9962190290665458,0.3848602455763511,1.1887552150322147,0.0008847631950921198
44,0.3742998487166568,0.999661271384508,1.0,0.20453675481181344,1.2136895267947911,0.0004591656659143073
44,0.3854392798250535,0.9996236348716756,1.0,0.3848602455763511,1.1856036267911985,0.006990470110458169
44,0.38416209346528135,0.9980906402779377,1.0,0.3848602455763511,1.1869405959558006,0.0044090187206953235
44,0.37347048371219954,0.9999082045452017,0.9969374135439022,0.19786008295681937,1.2163847641990952,0.0005147729008201374
44,0.3848196431606386,0.9996575077332248,1.0,0.37649773779504236,1.186620323840608,0.0061093640302116725
44,0.3763447141168233,0.9830543851601473,0.9571927234452435,0.3848602455763511,1.2143687609885718,0.007273804597450972
44,0.3755943751333244,1.0,0.9941810857334141,0.2010227169933955,1.2165760008751925,0.0070695855802149765
44,0.3720602871683519,0.9814986242397971,0.9596734184746828,0.37658963348494684,1.2209951503247072,0.0048261620290979135
44,0.38329583189470834,0.9996236348716756,0.9972436721895119,0.3725080425493258,1.1880604974988749,0.00285635882835944
44,0.37756907712998455,1.0,1.0,0.1221622818605807,1.230367897572887,0.027187251181140404
44,0.38271689393516933,0.9998384331097526,0.9929047553913705,0.3804272508588883,1.188253200331102,0.0012561968177753347
44,0.38991045937700286,1.0,1.0,0.3848602455763511,1.1852760145443821,0.02017824557782144
44,0.3943153000988156,0.9985864320040867,1.0,0.3848602455763511,1.1865077524582808,0.03442512666099562
44,0.37631990122650255,0.9825779561253053,0.9554683199751408,0.3848602455763511,1.2153921338729146,0.008217586913815689
44,0.38229240287205685,0.9980906402779377,0.9972436721895119,0.3848602455763511,1.1883150250456125,0.0005033997799324119
44,0.3742015970350043,0.9830543851601472,0.9561680803222774,0.3848602455763511,1.2147215720484392,0.0007133746823895226
44,0.378129535291621,0.9966770722820245,0.9965971261598912,0.37531927280406013,1.2013973093379775,0.010941433706463721
44,0.3808517472834393,0.9994986085550022,0.9935345397037935,0.3056110884757561,1.199006992862773,0.006196904607955744
44,0.38834161446714527,0.9996236348716756,1.0,0.3848602455763511,1.1856036267911985,0.015799028498270307
44,0.3638502875860229,0.9999173840906814,0.9972436721895119,0.03908297908715336,1.2541761483884775,0.005630189424459475
44,0.38466689257514697,0.9997729787335508,0.9965971261598913,0.3848602455763511,1.1865496412967473,0.00556990254201728
44,0.3806503837101811,0.9999623634871676,0.9941810857334141,0.3804272508588883,1.1934410832865765,0.0057084593385308136
44,0.3728864898958163,0.9839814318972828,0.9624297462851709,0.3848602455763511,1.2182897974946927,0.006546466604801404
45,0.3779931502630614,0.9980906402779377,0.9962190290665458,0.2876160575852408,1.2018333605723341,2.5708768474075328e-06
45,0.3849157327471808,1.0,1.0,0.3848602455763511,1.1852760145443821,0.005059755106278985
45,0.382880600207783,0.999661271384508,1.0,0.3848602455763511,1.1864894853616215,0.0009186308960291711
45,0.3828294957408473,0.9980906402779377,1.0,0.3848602455763511,1.1869405959558006,0.000292724385200005
45,0.3777453674973829,0.999661271384508,1.0,0.26435668545750934,1.202721764527232,0.00010263172608948601
45,0.37382865634657136,0.9999082045452017,0.9969374135439022,0.2010227169933955,1.2152539665133602,3.464462811897384e-05
45,0.3737379429575456,0.9825779561253053,0.955192687194092,0.3848602455763511,1.2155142789932365,2.6969267383991635e-05
45,0.3854392798250535,1.0,1.0,0.3848602455763511,1.1852760145443821,0.006662857863641847
45,0.3848425099708419,1.0,0.9969374135439022,0.3848602455763511,1.1862441221995175,0.005803306719051937
45,0.3844445403770954,1.0,0.9969374135439022,0.3813462077579332,1.1866932845868652,0.005030499482131301
45,0.3837199050277852,0.9996236348716756,1.0,0.3756706765859019,1.1867540528165255,0.002859758187265582
45,0.3832226091183694,0.9999623634871676,0.9969374135439022,0.3804272508588883,1.186843899323385,0.0014133023613427387
45,0.38466689257514697,0.9997729787335508,0.9965971261598913,0.3848602455763511,1.1865496412967473,0.00556990254201728
45,0.38242733102684207,0.9986477418834908,1.0,0.3756706765859019,1.1878957632925804,0.0002989365824821455
45,0.3825704373039902,0.9996236348716756,0.9996937413543903,0.37531927280406013,1.1874514128585048,0.0005534438351242343
45,0.3742998487166568,0.9827156565446553,0.9596734184746828,0.3848602455763511,1.2138228077051025,0.00013328091031139522
45,0.3877005382021622,1.0,1.0,0.3848602455763511,1.1852760145443821,0.013537103845861598
45,0.38229240287205685,0.9980906402779377,0.9972436721895119,0.3848602455763511,1.1883150250456125,0.0005033997799324119
45,0.3742998487166568,0.999661271384508,1.0,0.20453675481181344,1.2136895267947911,0.0004591656659143073
45,0.3854392798250535,0.9996236348716756,1.0,0.3848602455763511,1.1856036267911985,0.006990470110458169
45,0.382812422209787,0.9980906402779377,0.9962190290665458,0.1927521049019912,1.2185316105760737,0.03183081420976497
45,0.38331705147533796,1.0,0.9941810857334141,0.3633138586814794,1.1899878691872117,0.004849340785325396
45,0.3815766525896822,0.9969074808346285,1.0,0.3848602455763511,1.1905440314764961,0.0025687563578724593
45,0.38749908183284393,1.0,0.9990778211893305,0.3848602455763511,1.1855668979942835,0.013218813552659858
45,0.3921407964308464,1.0,1.0,0.3848602455763511,1.1852760145443821,0.026804846896789636
45,0.3817690689457461,0.9982439397373115,0.9996937413543903,0.3835898848954644,1.189943982487973,0.0028842012331127265
45,0.3941694661584191,0.9825779561253053,1.0,0.3848602455763511,1.2007043599457266,0.048195489187882634
45,0.3823703203257438,0.99982795401148,1.0,0.372156638767484,1.1880728763333157,0.0010484048534225021
45,0.38088771577008823,0.9979052111218195,0.9975193049705607,0.3756706765859019,1.1926974472536898,0.0036517093076047225
45,0.38344656527319987,1.0,1.0,0.3804272508588883,1.1858295694189585,0.0010913361437117075
45,0.38979199075506077,0.9996236348716756,1.0,0.3848602455763511,1.1856036267911985,0.0201517522246335
45,0.3848310518974139,1.0,1.0,0.3804272508588883,1.1858295694189585,0.005353607145011985
45,0.38391512115919846,0.999661271384508,1.0,0.3848602455763511,1.1855708544655923,0.0022785555662738766
45,0.38073881801853215,0.9993187791177328,0.9996937413543903,0.37531927280406013,1.1931638824037503,0.006002912654636372
45,0.3895986196653468,1.0,1.0,0.3848602455763511,1.1852760145443821,0.01924568644374336
45,0.3773205128144849,0.9829166847407973,0.955192687194092,0.3848602455763511,1.2151821301748127,0.01120887441558338
45,0.38367356103830047,0.9996951442460572,1.0,0.3848602455763511,1.1855413614823656,0.0015040640763446245
45,0.37503461357899265,0.9984442390796497,1.0,0.25608607336610506,1.2113116758354205,0.006300471132782315
45,0.37575036386136723,0.9999661271384508,0.9972436721895119,0.26036699021179277,1.209004301697959,0.004646214290334516
45,0.3734877119688056,0.9811982609909412,0.9529876249457016,0.3848602455763511,1.2174959200522029,0.001167265299607756
46,0.3779931502630614,0.9980906402779377,0.9962190290665458,0.2876160575852408,1.2018333605723341,2.5708768474075328e-06
46,0.3849157327471808,1.0,1.0,0.3848602455763511,1.1852760145443821,0.005059755106278985
46,0.382880600207783,0.999661271384508,1.0,0.3848602455763511,1.1864894853616215,0.0009186308960291711
46,0.3828294957408473,0.9980906402779377,1.0,0.3848602455763511,1.1869405959558006,0.000292724385200005
46,0.38344656527319987,1.0,1.0,0.3804272508588883,1.1858295694189585,0.0010913361437117075
46,0.38367356103830047,0.9996951442460572,1.0,0.3848602455763511,1.1855413614823656,0.0015040640763446245
46,0.3777453674973829,0.999661271384508,1.0,0.26435668545750934,1.202721764527232,0.00010263172608948601
46,0.37382865634657136,0.9999082045452017,0.9969374135439022,0.2010227169933955,1.2152539665133602,3.464462811897384e-05
46,0.3737379429575456,0.9825779561253053,0.955192687194092,0.3848602455763511,1.2155142789932365,2.6969267383991635e-05
46,0.3854392798250535,1.0,1.0,0.3848602455763511,1.1852760145443821,0.006662857863641847
46,0.38242733102684207,0.9986477418834908,1.0,0.3756706765859019,1.1878957632925804,0.0002989365824821455
46,0.3825704373039902,0.9996236348716756,0.9996937413543903,0.37531927280406013,1.1874514128585048,0.0005534438351242343
46,0.3832226091183694,0.9999623634871676,0.9969374135439022,0.3804272508588883,1.186843899323385,0.0014133023613427387
46,0.38391512115919846,0.999661271384508,1.0,0.3848602455763511,1.1855708544655923,0.0022785555662738766
46,0.3742998487166568,0.9827156565446553,0.9596734184746828,0.3848602455763511,1.2138228077051025,0.00013328091031139522
46,0.3877005382021622,1.0,1.0,0.3848602455763511,1.1852760145443821,0.013537103845861598
46,0.38229240287205685,0.9980906402779377,0.9972436721895119,0.3848602455763511,1.1883150250456125,0.0005033997799324119
46,0.3742998487166568,0.999661271384508,1.0,0.20453675481181344,1.2136895267947911,0.0004591656659143073
46,0.3854392798250535,0.9996236348716756,1.0,0.3848602455763511,1.1856036267911985,0.006990470110458169
46,0.38749908183284393,1.0,0.9990778211893305,0.3848602455763511,1.1855668979942835,0.013218813552659858
46,0.3826474476146116,1.0,0.9997243672189512,0.37627337008128925,1.1872124304675777,0.0007700643218746528
46,0.38566856467431615,0.9997290171076063,1.0,0.3848602455763511,1.1855118704977041,0.007599414273315563
46,0.3651403883351692,0.9673406728113729,0.9193468369493656,0.3848602455763511,1.2441346417719215,0.0018342910147586267
46,0.39090595717151133,1.0,0.9990778211893305,0.3848602455763511,1.1855668979942835,0.023436216725281067
46,0.3765394102649616,1.0,0.9969374135439022,0.20929332908479978,1.213599503675182,0.007128696394129275
46,0.3922249081751148,1.0,0.9991700390703975,0.3848602455763511,1.18553778548705,0.027315049360036925
46,0.38617988594778374,0.9996951442460572,1.0,0.3848602455763511,1.1855413614823656,0.009188519617777668
46,0.3923178908696139,0.9980567674163885,0.9972436721895119,0.3848602455763511,1.1878412131510077,0.029892985714694342
46,0.3858472220879003,1.0,1.0,0.3848602455763511,1.1852760145443821,0.007908962770940331
46,0.38149314745651686,1.0,1.0,0.20453675481181344,1.2129872328675237,0.022182602902457438
46,0.3823018182390309,0.9997290171076063,1.0,0.3848602455763511,1.188285759105775,0.002773888608070818
46,0.38967688950890733,1.0,1.0,0.3848602455763511,1.1852760145443821,0.019479893330500486
46,0.3803921984874442,0.9986477418834908,1.0,0.3756706765859019,1.1942511126518656,0.006654285941767313
46,0.38620457159954713,0.9982477033885947,0.9965971261598913,0.3848602455763511,1.1878794703055267,0.011601819256028545
46,0.3784765338449728,0.9980906402779377,0.9986997240959851,0.2876160575852408,1.200805142201909,0.0005093096794275276
46,0.3866494952947409,0.9996575077332248,1.0,0.3848602455763511,1.1855741315871056,0.010650041848546898
46,0.3684388546355898,0.9977857845239949,0.9962190290665458,0.12532491589715686,1.2332629104053052,0.00026644292282251847
46,0.3830310562801947,0.9981245131394869,1.0,0.3848602455763511,1.1869110100786922,0.0008875823500806845
46,0.3833018332519128,0.9985864320040867,0.9965971261598913,0.2973404763843518,1.1997765622951366,0.014590980367012563
46,0.38024753747189033,0.9977519116624457,0.9997243672189512,0.37627337008128925,1.1947054524208403,0.006319456290705183
47,0.3779931502630614,0.9980906402779377,0.9962190290665458,0.2876160575852408,1.2018333605723341,2.5708768474075328e-06
47,0.3849157327471808,1.0,1.0,0.3848602455763511,1.1852760145443821,0.005059755106278985
47,0.382880600207783,0.999661271384508,1.0,0.3848602455763511,1.1864894853616215,0.0009186308960291711
47,0.3828294957408473,0.9980906402779377,1.0,0.3848602455763511,1.1869405959558006,0.000292724385200005
47,0.38344656527319987,1.0,1.0,0.3804272508588883,1.1858295694189585,0.0010913361437117075
47,0.38367356103830047,0.9996951442460572,1.0,0.3848602455763511,1.1855413614823656,0.0015040640763446245
47,0.3830310562801947,0.9981245131394869,1.0,0.3848602455763511,1.1869110100786922,0.0008875823500806845
47,0.3777453674973829,0.999661271384508,1.0,0.26435668545750934,1.202721764527232,0.00010263172608948601
47,0.37382865634657136,0.9999082045452017,0.9969374135439022,0.2010227169933955,1.2152539665133602,3.464462811897384e-05
47,0.3737379429575456,0.9825779561253053,0.955192687194092,0.3848602455763511,1.2155142789932365,2.6969267383991635e-05
47,0.3854392798250535,1.0,1.0,0.3848602455763511,1.1852760145443821,0.006662857863641847
47,0.38242733102684207,0.9986477418834908,1.0,0.3756706765859019,1.1878957632925804,0.0002989365824821455
47,0.3825704373039902,0.9996236348716756,0.9996937413543903,0.37531927280406013,1.1874514128585048,0.0005534438351242343
47,0.3826474476146116,1.0,0.9997243672189512,0.37627337008128925,1.1872124304675777,0.0007700643218746528
47,0.3832226091183694,0.9999623634871676,0.9969374135439022,0.3804272508588883,1.186843899323385,0.0014133023613427387
47,0.38391512115919846,0.999661271384508,1.0,0.3848602455763511,1.1855708544655923,0.0022785555662738766
47,0.3742998487166568,0.9827156565446553,0.9596734184746828,0.3848602455763511,1.2138228077051025,0.00013328091031139522
47,0.3858472220879003,1.0,1.0,0.3848602455763511,1.1852760145443821,0.007908962770940331
47,0.38229240287205685,0.9980906402779377,0.9972436721895119,0.3848602455763511,1.1883150250456125,0.0005033997799324119
47,0.3742998487166568,0.999661271384508,1.0,0.20453675481181344,1.2136895267947911,0.0004591656659143073
47,0.3814837182825378,0.9996575077332248,0.9969374135439022,0.3804272508588883,1.1908340632107421,0.003725980091011216
47,0.373627095807224,0.9998743316836525,0.9941810857334141,0.2010227169933955,1.2166658245715072,0.0007909285482079476
47,0.3747990113793059,0.9825686040296767,0.9637060766272145,0.3848602455763511,1.2125811979664207,0.0005080801690233727
47,0.38275440621127504,0.9980906402779377,0.9596734184746828,0.3848602455763511,1.2001831311016442,0.01330246056448603
47,0.366015266615532,0.9825779561253053,0.955192687194092,0.2225691038882672,1.2450281501576161,0.00386733617988555
47,0.38967688950890733,1.0,1.0,0.3848602455763511,1.1852760145443821,0.019479893330500486
47,0.38188359799924865,0.9990501869362521,0.9969374135439022,0.372156638767484,1.189587111550356,0.0008866289146083339
47,0.38786242865469567,1.0,1.0,0.26435668545750934,1.202461933106007,0.031212096182105187
47,0.37382865634657136,1.0,1.0,0.3848602455763511,1.2152193218852412,0.029943307340859038
47,0.37882390416812,0.9985487954912543,0.9935345397037935,0.29290748166688896,1.2017490729777907,0.002553876253439391
47,0.39019993301790756,1.0,1.0,0.3848602455763511,1.1852760145443821,0.021042584763427685
47,0.3824236390129093,0.9983311375949371,0.9972436721895119,0.38087055033063455,1.188104759813844,0.00019752827701857711
47,0.37408900000751527,0.9827190438308102,0.9596734184746828,0.37531927280406013,1.2152719855097416,0.0008983838842708813
47,0.37343198864950067,0.9982823945471677,0.9944873443790239,0.21940646985169104,1.2165101546558896,0.0023668264529268512
47,0.3739937024163241,1.0,0.9997243672189512,0.21398222839320533,1.2146830369929218,0.003329011438817142
47,0.39098829511746724,0.9987829676951417,1.0,0.3848602455763511,1.186336288870007,0.024450339870942583
47,0.37702616160465346,0.999661271384508,0.9997519304970561,0.26061819275767023,1.2049132196651533,0.001469756323812188
47,0.37886697450769546,1.0,1.0,0.2726272975489136,1.201123523587952,0.002064653721519649
47,0.3747077909795036,0.9836278330955708,0.9596734184746828,0.3848602455763511,1.2130016860875916,0.000633496245358911
47,0.3820201028978066,0.980972633860162,0.9579490150045801,0.3848602455763511,1.2159872067233564,0.026825163032861976
48,0.3779931502630614,0.9980906402779377,0.9962190290665458,0.2876160575852408,1.2018333605723341,2.5708768474075328e-06
48,0.3849157327471808,1.0,1.0,0.3848602455763511,1.1852760145443821,0.005059755106278985
48,0.382880600207783,0.999661271384508,1.0,0.3848602455763511,1.1864894853616215,0.0009186308960291711
48,0.3828294957408473,0.9980906402779377,1.0,0.3848602455763511,1.1869405959558006,0.000292724385200005
48,0.38344656527319987,1.0,1.0,0.3804272508588883,1.1858295694189585,0.0010913361437117075
48,0.38367356103830047,0.9996951442460572,1.0,0.3848602455763511,1.1855413614823656,0.0015040640763446245
48,0.3830310562801947,0.9981245131394869,1.0,0.3848602455763511,1.1869110100786922,0.0008875823500806845
48,0.3824236390129093,0.9983311375949371,0.9972436721895119,0.38087055033063455,1.188104759813844,0.00019752827701857711
48,0.3777453674973829,0.999661271384508,1.0,0.26435668545750934,1.202721764527232,0.00010263172608948601
48,0.37382865634657136,0.9999082045452017,0.9969374135439022,0.2010227169933955,1.2152539665133602,3.464462811897384e-05
48,0.3737379429575456,0.9825779561253053,0.955192687194092,0.3848602455763511,1.2155142789932365,2.6969267383991635e-05
48,0.3854392798250535,1.0,1.0,0.3848602455763511,1.1852760145443821,0.006662857863641847
48,0.38242733102684207,0.9986477418834908,1.0,0.3756706765859019,1.1878957632925804,0.0002989365824821455
48,0.3825704373039902,0.9996236348716756,0.9996937413543903,0.37531927280406013,1.1874514128585048,0.0005534438351242343
48,0.3826474476146116,1.0,0.9997243672189512,0.37627337008128925,1.1872124304675777,0.0007700643218746528
48,0.3832226091183694,0.9999623634871676,0.9969374135439022,0.3804272508588883,1.186843899323385,0.0014133023613427387
48,0.38391512115919846,0.999661271384508,1.0,0.3848602455763511,1.1855708544655923,0.0022785555662738766
48,0.3742998487166568,0.9827156565446553,0.9596734184746828,0.3848602455763511,1.2138228077051025,0.00013328091031139522
48,0.3858472220879003,1.0,1.0,0.3848602455763511,1.1852760145443821,0.007908962770940331
48,0.38229240287205685,0.9980906402779377,0.9972436721895119,0.3848602455763511,1.1883150250456125,0.0005033997799324119
48,0.3840182675094728,1.0,0.9969374135439022,0.3804272508588883,1.1868112952103678,0.003836825674774502
48,0.3857603972337428,0.999661271384508,1.0,0.3848602455763511,1.1855708544655923,0.007938807314117557
48,0.37816944063045976,0.9841879781840163,0.9664624044377026,0.3848602455763511,1.2101914644556044,0.00892092941885636
48,0.3701350634558773,0.9842226693425893,0.9599251056937603,0.2876160575852408,1.2285859191938222,0.0012398741769918953
48,0.3919456055207398,1.0,1.0,0.38087055033063455,1.185773975007172,0.026725882812439927
48,0.38367356103830047,1.0,1.0,0.3848602455763511,1.1852760145443821,0.0012387171383612117
48,0.3839362738658352,0.9999928490625619,0.9969374135439022,0.3804272508588883,1.1868174898029884,0.0035903835840771503
48,0.3759736764745014,0.9845945306913233,0.9596734184746828,0.3848602455763511,1.212133146382617,0.0038469425890543807
48,0.37631990122650255,0.9829166847407973,0.9554683199751408,0.3848602455763511,1.2150869543218747,0.007912407362775875
48,0.37485880712798525,0.9859704621744041,0.956610832018585,0.3804272508588883,1.2126506000020145,0.0007708265197601261
48,0.3737379429575456,0.9992877606885515,1.0,0.3848602455763511,1.2155142789932365,0.02961807747693368
48,0.3813613340157829,0.9980906402779377,0.9972436721895119,0.3848602455763511,1.191216218768402,0.00340459350272182
48,0.37817121917251795,0.9998743316836525,0.9966617807628534,0.3008890456052912,1.2012648854524965,0.0030853018118219833
48,0.3931780870372971,0.9988655836044602,1.0,0.3848602455763511,1.1862642324341626,0.030849367506905923
48,0.37994944520770124,0.9983650104564862,0.9962190290665458,0.2876160575852408,1.2016168346017593,0.005974066817241663
48,0.3850935987050149,0.9999623634871676,0.9972436721895119,0.38087055033063455,1.1866886503252847,0.0070175058815544755
48,0.3777166034830399,0.9847489466441326,0.9637060766272145,0.3848602455763511,1.2106204417449742,0.007909726647542747
48,0.3808540045179434,1.0,0.9997243672189512,0.3722836748355727,1.192803018742487,0.005852237590019405
48,0.3833517925778684,0.999661271384508,1.0,0.3848602455763511,1.1855708544655923,0.0005397287674828721
48,0.38616064200412964,1.0,0.9972436721895119,0.3840179765800332,1.186254140000325,0.009842675725048045
49,0.3779931502630614,0.9980906402779377,0.9962190290665458,0.2876160575852408,1.2018333605723341,2.5708768474075328e-06
49,0.3828294957408473,0.9980906402779377,1.0,0.3848602455763511,1.1869405959558006,0.000292724385200005
49,0.3824236390129093,0.9983311375949371,0.9972436721895119,0.38087055033063455,1.188104759813844,0.00019752827701857711
49,0.38367356103830047,1.0,1.0,0.3848602455763511,1.1852760145443821,0.0012387171383612117
49,0.3833517925778684,0.999661271384508,1.0,0.3848602455763511,1.1855708544655923,0.0005397287674828721
49,0.3777453674973829,0.999661271384508,1.0,0.26435668545750934,1.202721764527232,0.00010263172608948601
49,0.37382865634657136,0.9999082045452017,0.9969374135439022,0.2010227169933955,1.2152539665133602,3.464462811897384e-05
49,0.3737379429575456,0.9825779561253053,0.955192687194092,0.3848602455763511,1.2155142789932365,2.6969267383991635e-05
49,0.38242733102684207,0.9986477418834908,1.0,0.3756706765859019,1.1878957632925804,0.0002989365824821455
49,0.3849157327471808,1.0,1.0,0.3848602455763511,1.1852760145443821,0.005059755106278985
49,0.38367356103830047,0.9996951442460572,1.0,0.3848602455763511,1.1855413614823656,0.0015040640763446245
49,0.382880600207783,0.999661271384508,1.0,0.3848602455763511,1.1864894853616215,0.0009186308960291711
49,0.38344656527319987,1.0,1.0,0.3804272508588883,1.1858295694189585,0.0010913361437117075
49,0.3830310562801947,0.9981245131394869,1.0,0.3848602455763511,1.1869110100786922,0.0008875823500806845
49,0.3825704373039902,0.9996236348716756,0.9996937413543903,0.37531927280406013,1.1874514128585048,0.0005534438351242343
49,0.3826474476146116,1.0,0.9997243672189512,0.37627337008128925,1.1872124304675777,0.0007700643218746528
49,0.3742998487166568,0.9827156565446553,0.9596734184746828,0.3848602455763511,1.2138228077051025,0.00013328091031139522
49,0.3854392798250535,1.0,1.0,0.3848602455763511,1.1852760145443821,0.006662857863641847
49,0.38229240287205685,0.9980906402779377,0.9972436721895119,0.3848602455763511,1.1883150250456125,0.0005033997799324119
49,0.38391512115919846,0.999661271384508,1.0,0.3848602455763511,1.1855708544655923,0.0022785555662738766
49,0.3830116087647863,0.9980906402779377,0.9974917416924558,0.3848602455763511,1.1877330355043694,0.001649387123700885
49,0.38146038747613314,0.9971784637270222,0.9972436721895119,0.37658963348494684,1.190906896773094,0.0012583226582636442
49,0.37348798723312404,0.9846250162667176,0.959397785693634,0.37627337008128925,1.2163277583064207,0.00280439809565336
49,0.3776072703056415,0.9825779561253053,0.9561148660047615,0.3848602455763511,1.2151690972001568,0.012110146795926147
49,0.38270647764025556,0.9986816147450399,1.0,0.3842575520809638,1.1870293105463674,0.0005303549899933202
49,0.3906194074200266,0.9985268549889682,1.0,0.3848602455763511,1.1865597425515868,0.023576547939078596
49,0.3727694849301756,0.9824108007907124,0.9596734184746828,0.3848602455763511,1.2186721945558165,0.004574622326207756
49,0.38376610554149915,1.0,1.0,0.3726990629133326,1.186807401974969,0.0030556330238828977
49,0.38890317262204394,1.0,1.0,0.3848602455763511,1.1852760145443821,0.017160559864480396
49,0.37512340105265474,0.9842862876512256,0.9596734184746828,0.3848602455763511,1.2124099053439388,0.0013849333049924528
49,0.3795060162444643,0.9983467529841112,0.9972436721895119,0.3278596739586487,1.1970398013197698,0.0018308632839454386
49,0.38618170858686224,1.0,1.0,0.26435668545750934,1.202461933106007,0.02611464320466972
49,0.3785380373818364,0.9996951442460571,1.0,0.2849939169644554,1.2001008126526203,0.0006910058443461153
49,0.39178272402087544,0.9994051586783346,1.0,0.3848602455763511,1.1857939156160087,0.02626395559093364
49,0.3825704373039902,1.0,1.0,0.38087055033063455,1.1874514128585048,0.0016774378513326749
49,0.3748488731434568,1.0,0.9612253815977752,0.3848602455763511,1.2119118898783559,0.01392353551216785
49,0.3725277274878582,0.9825440832637562,0.9596734184746828,0.37627337008128925,1.2194630701074838,0.004181136782109407
49,0.384119417347789,0.999661271384508,1.0,0.3848602455763511,1.1855708544655923,0.0029078965865572126
49,0.39198895612233486,1.0,1.0,0.3848602455763511,1.1852760145443821,0.02635610308321734
49,0.37749513650864286,0.999661271384508,0.9977949377516095,0.2729435609525712,1.2034163154527246,0.0011374125763989884
50,0.3779931502630614,0.9980906402779377,0.9962190290665458,0.2876160575852408,1.2018333605723341,2.5708768474075328e-06
50,0.3828294957408473,0.9980906402779377,1.0,0.3848602455763511,1.1869405959558006,0.000292724385200005
50,0.3824236390129093,0.9983311375949371,0.9972436721895119,0.38087055033063455,1.188104759813844,0.00019752827701857711
50,0.38367356103830047,1.0,1.0,0.3848602455763511,1.1852760145443821,0.0012387171383612117
50,0.3833517925778684,0.999661271384508,1.0,0.3848602455763511,1.1855708544655923,0.0005397287674828721
50,0.3777453674973829,0.999661271384508,1.0,0.26435668545750934,1.202721764527232,0.00010263172608948601
50,0.37382865634657136,0.9999082045452017,0.9969374135439022,0.2010227169933955,1.2152539665133602,3.464462811897384e-05
50,0.3737379429575456,0.9825779561253053,0.955192687194092,0.3848602455763511,1.2155142789932365,2.6969267383991635e-05
50,0.38242733102684207,0.9986477418834908,1.0,0.3756706765859019,1.1878957632925804,0.0002989365824821455
50,0.38270647764025556,0.9986816147450399,1.0,0.3842575520809638,1.1870293105463674,0.0005303549899933202
50,0.3849157327471808,1.0,1.0,0.3848602455763511,1.1852760145443821,0.005059755106278985
50,0.38367356103830047,0.9996951442460572,1.0,0.3848602455763511,1.1855413614823656,0.0015040640763446245
50,0.382880600207783,0.999661271384508,1.0,0.3848602455763511,1.1864894853616215,0.0009186308960291711
50,0.38344656527319987,1.0,1.0,0.3804272508588883,1.1858295694189585,0.0010913361437117075
50,0.3830310562801947,0.9981245131394869,1.0,0.3848602455763511,1.1869110100786922,0.0008875823500806845
50,0.3742998487166568,0.9827156565446553,0.9596734184746828,0.3848602455763511,1.2138228077051025,0.00013328091031139522
50,0.3854392798250535,1.0,1.0,0.3848602455763511,1.1852760145443821,0.006662857863641847
50,0.38229240287205685,0.9980906402779377,0.9972436721895119,0.3848602455763511,1.1883150250456125,0.0005033997799324119
50,0.38391512115919846,0.999661271384508,1.0,0.3848602455763511,1.1855708544655923,0.0022785555662738766
50,0.3826474476146116,1.0,0.9997243672189512,0.37627337008128925,1.1872124304675777,0.0007700643218746528
50,0.37292810591738723,0.9824108007907125,0.9596734184746828,0.3848602455763511,1.2181538453539136,0.004056273124304788
50,0.38503384527394807,1.0,1.0,0.3812695198552062,1.1857239855966797,0.005869767900836376
50,0.3741458852203924,0.9834901326762208,0.9972436721895119,0.3848602455763511,1.2141889680282965,0.013434930446800442
50,0.3735812326467709,0.981696265149784,0.955192687194092,0.3843178214305025,1.2163666999687948,0.00034253556575691846
50,0.3723989318384248,0.999661271384508,0.955192687194092,0.37658963348494684,1.219884826251835,0.018108435000200984
50,0.385492406848133,0.998813453270536,1.0,0.3848602455763511,1.1863096983915449,0.007858973465884711
50,0.37950552434908313,0.9842531549179836,0.9671089504673233,0.3848602455763511,1.2099149258954578,0.012873573034774877
50,0.38471430500564874,0.9984980238354434,0.9977673744735047,0.3848602455763511,1.1872900678121039,0.006455873735368822
50,0.39034246754682195,1.0,1.0,0.3812695198552062,1.1857239855966797,0.021915678565186836
50,0.3742503566439701,0.9996033487912589,0.9969374135439022,0.20501241223911204,1.214702703520805,0.0008526745139187941
50,0.3787654875291758,0.9979767204962011,0.9965971261598913,0.30133017163006837,1.199655558919673,0.000275411467358877
50,0.39105788726606094,1.0,1.0,0.3848602455763511,1.1852760145443821,0.02359683324400863
50,0.38143399948999557,0.9987829676951417,1.0,0.37658963348494684,1.1909892849048358,0.0036247398642570428
50,0.3805497177211419,0.9969293181336347,1.0,0.3756706765859019,1.1937567816594798,0.004671926307602714
50,0.36961488917005814,1.0,0.9969374135439022,0.3848602455763511,1.2290733397481814,0.04282921754866398
50,0.3694223276548941,0.998312880122562,0.9934627012560577,0.1221622818605807,1.2352730096039677,0.005559014957065234
50,0.39149854205295886,0.9994390315398837,1.0,0.3848602455763511,1.1857644075150544,0.02539276490457687
50,0.3845157777437335,1.0,0.9997519304970561,0.37713205763079544,1.1863246120489988,0.004880747856535805
50,0.38391512115919846,0.9999082045452017,0.9966893440409583,0.1932945290478398,1.2168944196305973,0.033602120731278884
50,0.38345885449007816,1.0,1.0,0.3848602455763511,1.1852760145443821,0.0005757501538912191
51,0.3779931502630614,0.9980906402779377,0.9962190290665458,0.2876160575852408,1.2018333605723341,2.5708768474075328e-06
51,0.3828294957408473,0.9980906402779377,1.0,0.3848602455763511,1.1869405959558006,0.000292724385200005
51,0.3824236390129093,0.9983311375949371,0.9972436721895119,0.38087055033063455,1.188104759813844,0.00019752827701857711
51,0.3833517925778684,0.999661271384508,1.0,0.3848602455763511,1.1855708544655923,0.0005397287674828721
51,0.38345885449007816,1.0,1.0,0.3848602455763511,1.1852760145443821,0.0005757501538912191
51,0.3777453674973829,0.999661271384508,1.0,0.26435668545750934,1.202721764527232,0.00010263172608948601
51,0.37382865634657136,0.9999082045452017,0.9969374135439022,0.2010227169933955,1.2152539665133602,3.464462811897384e-05
51,0.3737379429575456,0.9825779561253053,0.955192687194092,0.3848602455763511,1.2155142789932365,2.6969267383991635e-05
51,0.38242733102684207,0.9986477418834908,1.0,0.3756706765859019,1.1878957632925804,0.0002989365824821455
51,0.38270647764025556,0.9986816147450399,1.0,0.3842575520809638,1.1870293105463674,0.0005303549899933202
51,0.3787654875291758,0.9979767204962011,0.9965971261598913,0.30133017163006837,1.199655558919673,0.000275411467358877
51,0.38367356103830047,1.0,1.0,0.3848602455763511,1.1852760145443821,0.0012387171383612117
51,0.382880600207783,0.999661271384508,1.0,0.3848602455763511,1.1864894853616215,0.0009186308960291711
51,0.38344656527319987,1.0,1.0,0.3804272508588883,1.1858295694189585,0.0010913361437117075
51,0.3830310562801947,0.9981245131394869,1.0,0.3848602455763511,1.1869110100786922,0.0008875823500806845
51,0.3742998487166568,0.9827156565446553,0.9596734184746828,0.3848602455763511,1.2138228077051025,0.00013328091031139522
51,0.38229240287205685,0.9980906402779377,0.9972436721895119,0.3848602455763511,1.1883150250456125,0.0005033997799324119
51,0.3826474476146116,1.0,0.9997243672189512,0.37627337008128925,1.1872124304675777,0.0007700643218746528
51,0.3849157327471808,1.0,1.0,0.3848602455763511,1.1852760145443821,0.005059755106278985
51,0.38367356103830047,0.9996951442460572,1.0,0.3848602455763511,1.1855413614823656,0.0015040640763446245
51,0.3741989395016284,0.9832727581502084,0.9596734184746828,0.3756706765859019,1.2147240348870438,0.0007072157239929044
51,0.37789321561142214,0.9986172563080965,0.9965971261598913,0.2881509073939026,1.2021486163619046,0.0009716600363862682
51,0.3825120371494411,1.0,0.9997243672189512,0.37627337008128925,1.187632707403811,0.0011903412581080186
51,0.3814029748878872,0.9997637991880709,1.0,0.3395337520091638,1.191393532782974,0.0003073688000621022
51,0.381957098126463,0.999661271384508,0.9997519304970561,0.37713205763079544,1.1893581989205568,0.0027410374313727726
51,0.38466450079510867,0.9999695144246058,1.0,0.37713205763079544,1.1862708198189467,0.005283737928180932
51,0.377508197222527,0.9969293181336347,0.9965971261598913,0.2010227169933955,1.2175605640734146,0.014185883414990164
51,0.3837941257368683,0.9987829676951417,1.0,0.37658963348494684,1.1873645450405788,0.003699199912901685
51,0.37811803478876177,1.0,1.0,0.26381426131166075,1.2025506398181038,0.001116789844971544
51,0.38049846658896863,0.9984534186251295,0.9969374135439022,0.30968317902469666,1.1978833818781833,0.003965807490713846
51,0.38175567038493097,0.9981592952199514,0.9975193049705607,0.3812695198552062,1.1899857462075745,0.001870299149869803
51,0.37886902095578084,0.9828828118792481,0.955192687194092,0.3848602455763511,1.215212638664318,0.016160245473428647
51,0.3734834085475466,1.0,1.0,0.1932945290478398,1.2163426697649276,0.0011963873983544815
51,0.38227139751248684,0.9964060893896308,1.0,0.3848602455763511,1.1884144858654722,3.4164319832052925e-05
51,0.3829171876710464,0.9985864320040867,1.0,0.3804272508588883,1.187055815718094,0.0006796985774415454
51,0.3745473358005863,0.999695962543081,0.9972436721895119,0.21940646985169104,1.2128875654610167,0.0011134060765554121
51,0.37500904647848043,0.9836278330955708,0.9596734184746828,0.3848602455763511,1.2130016860875916,0.0016074263049945525
51,0.3826474476146116,0.982685170969261,0.9596734184746828,0.27640704146939354,1.2320098400151955,0.044797409547617795
51,0.37772831381029653,0.9982815762501439,0.9963214933788425,0.2887536008892899,1.2026734286788163,0.0012115800142040722
51,0.3802819850713895,1.0,0.9969374135439022,0.3094759211003531,1.1966673655634712,0.0020701347688236726
52,0.3779931502630614,0.9980906402779377,0.9962190290665458,0.2876160575852408,1.2018333605723341,2.5708768474075328e-06
52,0.3828294957408473,0.9980906402779377,1.0,0.3848602455763511,1.1869405959558006,0.000292724385200005
52,0.3824236390129093,0.9983311375949371,0.9972436721895119,0.38087055033063455,1.188104759813844,0.00019752827701857711
52,0.3833517925778684,0.999661271384508,1.0,0.3848602455763511,1.1855708544655923,0.0005397287674828721
52,0.38345885449007816,1.0,1.0,0.3848602455763511,1.1852760145443821,0.0005757501538912191
52,0.38227139751248684,0.9964060893896308,1.0,0.3848602455763511,1.1884144858654722,3.4164319832052925e-05
52,0.3737379429575456,0.9825779561253053,0.955192687194092,0.3848602455763511,1.2155142789932365,2.6969267383991635e-05
52,0.38242733102684207,0.9986477418834908,1.0,0.3756706765859019,1.1878957632925804,0.0002989365824821455
52,0.38270647764025556,0.9986816147450399,1.0,0.3842575520809638,1.1870293105463674,0.0005303549899933202
52,0.38367356103830047,1.0,1.0,0.3848602455763511,1.1852760145443821,0.0012387171383612117
52,0.382880600207783,0.999661271384508,1.0,0.3848602455763511,1.1864894853616215,0.0009186308960291711
52,0.38344656527319987,1.0,1.0,0.3804272508588883,1.1858295694189585,0.0010913361437117075
52,0.3830310562801947,0.9981245131394869,1.0,0.3848602455763511,1.1869110100786922,0.0008875823500806845
52,0.3777453674973829,0.999661271384508,1.0,0.26435668545750934,1.202721764527232,0.00010263172608948601
52,0.37382865634657136,0.9999082045452017,0.9969374135439022,0.2010227169933955,1.2152539665133602,3.464462811897384e-05
52,0.3787654875291758,0.9979767204962011,0.9965971261598913,0.30133017163006837,1.199655558919673,0.000275411467358877
52,0.3849157327471808,1.0,1.0,0.3848602455763511,1.1852760145443821,0.005059755106278985
52,0.3742998487166568,0.9827156565446553,0.9596734184746828,0.3848602455763511,1.2138228077051025,0.00013328091031139522
52,0.3814029748878872,0.9997637991880709,1.0,0.3395337520091638,1.191393532782974,0.0003073688000621022
52,0.38367356103830047,0.9996951442460572,1.0,0.3848602455763511,1.1855413614823656,0.0015040640763446245
52,0.3773579413767946,0.9976718647422583,0.9965971261598913,0.30133017163006837,1.2038538386674924,0.003953940771485476
52,0.38208984540463614,0.9980906402779377,1.0,0.3848602455763511,1.1889449870407718,0.002004391084971191
52,0.3867549640939622,1.0,1.0,0.3848602455763511,1.1852760145443821,0.010672328793115193
52,0.384005530030635,1.0,1.0,0.3848602455763511,1.1852760145443821,0.0022623056982742362
52,0.37423992142195767,1.0,0.9994181085733415,0.2046134427145404,1.213883875728691,0.0006227316097282554
52,0.3795956591393548,0.9998738521152442,1.0,0.30515052966797795,1.196757116019706,0.0005493294874201471
52,0.3789058276920955,0.9999942077406752,0.955192687194092,0.2930595595386641,1.2170211395143917,0.018085221716388267
52,0.39060603651788084,0.9986477418834908,1.0,0.38087055033063455,1.18694748899376,0.023924484104403065
52,0.3796971814586278,0.9994786966607577,0.9990778211893305,0.3049208973512133,1.196923284474161,0.0004861538629274964
52,0.37469903140481176,1.0,0.9969374135439022,0.2015651411392441,1.2150831487623583,0.0026866166272598857
52,0.382175041791498,0.996101233635688,1.0,0.3848602455763511,1.188681750695082,1.8092636036026732e-06
52,0.3779799375970203,1.0,0.9585955610342007,0.3848602455763511,1.2018728008903694,0.002985013841017903
52,0.38170788873053474,0.9968736079730794,1.0,0.3848602455763511,1.190134706942187,0.002129773663800627
52,0.3742846184981024,0.9823919941154001,1.0,0.3848602455763511,1.2137389136939243,0.012866920690496553
52,0.3838549655237131,0.9999082045452017,1.0,0.3848602455763511,1.1853558964308595,0.0018781584818658992
52,0.3748806321605083,0.9835973475201766,0.9596734184746828,0.3848602455763511,1.2130291039444596,0.001219884428269813
52,0.3849157327471808,1.0,1.0,0.17916285347828317,1.2179495500119968,0.03773329057389363
52,0.3742998487166568,0.9972985323245209,1.0,0.3842575520809638,1.2136895267947911,0.02598298095480578
52,0.37526416776822835,0.9997637991880709,0.9596734184746828,0.3804272508588883,1.2105707000301076,0.011107657020998696
52,0.38597338373182255,1.0,1.0,0.38087055033063455,1.185773975007172,0.008791764698524274
53,0.3828294957408473,0.9980906402779377,1.0,0.3848602455763511,1.1869405959558006,0.000292724385200005
53,0.3824236390129093,0.9983311375949371,0.9972436721895119,0.38087055033063455,1.188104759813844,0.00019752827701857711
53,0.3833517925778684,0.999661271384508,1.0,0.3848602455763511,1.1855708544655923,0.0005397287674828721
53,0.38345885449007816,1.0,1.0,0.3848602455763511,1.1852760145443821,0.0005757501538912191
53,0.38227139751248684,0.9964060893896308,1.0,0.3848602455763511,1.1884144858654722,3.4164319832052925e-05
53,0.382175041791498,0.996101233635688,1.0,0.3848602455763511,1.188681750695082,1.8092636036026732e-06
53,0.38242733102684207,0.9986477418834908,1.0,0.3756706765859019,1.1878957632925804,0.0002989365824821455
53,0.38270647764025556,0.9986816147450399,1.0,0.3842575520809638,1.1870293105463674,0.0005303549899933202
53,0.38367356103830047,1.0,1.0,0.3848602455763511,1.1852760145443821,0.0012387171383612117
53,0.382880600207783,0.999661271384508,1.0,0.3848602455763511,1.1864894853616215,0.0009186308960291711
53,0.38344656527319987,1.0,1.0,0.3804272508588883,1.1858295694189585,0.0010913361437117075
53,0.3830310562801947,0.9981245131394869,1.0,0.3848602455763511,1.1869110100786922,0.0008875823500806845
53,0.3779931502630614,0.9980906402779377,0.9962190290665458,0.2876160575852408,1.2018333605723341,2.5708768474075328e-06
53,0.3787654875291758,0.9979767204962011,0.9965971261598913,0.30133017163006837,1.199655558919673,0.000275411467358877
53,0.384005530030635,1.0,1.0,0.3848602455763511,1.1852760145443821,0.0022623056982742362
53,0.3737379429575456,0.9825779561253053,0.955192687194092,0.3848602455763511,1.2155142789932365,2.6969267383991635e-05
53,0.3814029748878872,0.9997637991880709,1.0,0.3395337520091638,1.191393532782974,0.0003073688000621022
53,0.3777453674973829,0.999661271384508,1.0,0.26435668545750934,1.202721764527232,0.00010263172608948601
53,0.38367356103830047,0.9996951442460572,1.0,0.3848602455763511,1.1855413614823656,0.0015040640763446245
53,0.37382865634657136,0.9999082045452017,0.9969374135439022,0.2010227169933955,1.2152539665133602,3.464462811897384e-05
53,0.3842202365788573,0.9998140379900948,1.0,0.3848602455763511,1.1854378569286372,0.0030852293194953972
53,0.381962002495263,1.0,1.0,0.38087055033063455,1.189342927633912,0.003568952626739952
53,0.38284681780317525,1.0,1.0,0.3759869399895595,1.1865941811978897,0.0002047943839258437
53,0.38640564024351337,0.9994390315398837,1.0,0.3848602455763511,1.1857644075150544,0.010098840055907665
53,0.3779999222619945,0.9999767008196006,1.0,0.2674049870328057,1.2019834838381889,0.00017422535560651653
53,0.37577874539063105,0.987554680062107,0.9596734184746828,0.3848602455763511,1.2094841441614497,0.0005711552141405285
53,0.3874326658583319,0.9980593364055196,0.9993534539703793,0.3848602455763511,1.1871718239403282,0.014622768730991886
53,0.3830421165753851,0.9981245131394869,1.0,0.3848602455763511,1.1869110100786922,0.000921828634266042
53,0.3768972551826614,1.0,1.0,0.3848602455763511,1.2053253241562583,0.02004930961187612
53,0.36508182492357993,0.9824953402159868,0.9524363593836039,0.22339616509740762,1.2463585484348056,0.0020243328579865327
53,0.37390635562146596,0.9995282580055508,0.9969374135439022,0.3804272508588883,1.2149667943245932,0.027746656526162372
53,0.3731149915991056,0.9998777189698074,0.9969374135439022,0.2010227169933955,1.217543696964429,0.002267938409467929
53,0.3912759809399055,0.9980906402779377,1.0,0.3812695198552062,1.1873825548796142,0.026350882989919056
53,0.38052594851249094,0.9980758610136091,1.0,0.3395337520091638,1.1938313485952121,0.001032558017523444
53,0.3735758841048492,0.9962696887245187,0.993156442610448,0.2124389910335863,1.2175761973217911,0.0015346229185888571
53,0.3833839694239116,0.9999695144246057,1.0,0.3848602455763511,1.18530254195763,0.0003708741582060249
53,0.3817781065233431,0.9974645824401817,1.0,0.3759869399895595,1.189915813740562,0.0013343851044917976
53,0.3818711394317924,0.9974844943344261,0.9975193049705607,0.38066682635981886,1.189625921896845,0.0008471685335094126
53,0.38367356103830047,0.9985772524586068,1.0,0.3389913278633152,1.1924547238474563,0.008417426441435394
53,0.37382865634657136,0.9989864704989827,1.0,0.3848602455763511,1.2152193218852412,0.02906050382447778
54,0.3824236390129093,0.9983311375949371,0.9972436721895119,0.38087055033063455,1.188104759813844,0.00019752827701857711
54,0.38345885449007816,1.0,1.0,0.3848602455763511,1.1852760145443821,0.0005757501538912191
54,0.38227139751248684,0.9964060893896308,1.0,0.3848602455763511,1.1884144858654722,3.4164319832052925e-05
54,0.382175041791498,0.996101233635688,1.0,0.3848602455763511,1.188681750695082,1.8092636036026732e-06
54,0.38284681780317525,1.0,1.0,0.3759869399895595,1.1865941811978897,0.0002047943839258437
54,0.3833839694239116,0.9999695144246057,1.0,0.3848602455763511,1.18530254195763,0.0003708741582060249
54,0.38367356103830047,1.0,1.0,0.3848602455763511,1.1852760145443821,0.0012387171383612117
54,0.3779931502630614,0.9980906402779377,0.9962190290665458,0.2876160575852408,1.2018333605723341,2.5708768474075328e-06
54,0.3828294957408473,0.9980906402779377,1.0,0.3848602455763511,1.1869405959558006,0.000292724385200005
54,0.3787654875291758,0.9979767204962011,0.9965971261598913,0.30133017163006837,1.199655558919673,0.000275411467358877
54,0.3833517925778684,0.999661271384508,1.0,0.3848602455763511,1.1855708544655923,0.0005397287674828721
54,0.384005530030635,1.0,1.0,0.3848602455763511,1.1852760145443821,0.0022623056982742362
54,0.3737379429575456,0.9825779561253053,0.955192687194092,0.3848602455763511,1.2155142789932365,2.6969267383991635e-05
54,0.38242733102684207,0.9986477418834908,1.0,0.3756706765859019,1.1878957632925804,0.0002989365824821455
54,0.3779999222619945,0.9999767008196006,1.0,0.2674049870328057,1.2019834838381889,0.00017422535560651653
54,0.38367356103830047,0.9996951442460572,1.0,0.3848602455763511,1.1855413614823656,0.0015040640763446245
54,0.3777453674973829,0.999661271384508,1.0,0.26435668545750934,1.202721764527232,0.00010263172608948601
54,0.37382865634657136,0.9999082045452017,0.9969374135439022,0.2010227169933955,1.2152539665133602,3.464462811897384e-05
54,0.38270647764025556,0.9986816147450399,1.0,0.3842575520809638,1.1870293105463674,0.0005303549899933202
54,0.38344656527319987,1.0,1.0,0.3804272508588883,1.1858295694189585,0.0010913361437117075
54,0.37400848237469864,0.9992867033204365,0.9962190290665458,0.38087055033063455,1.2146350355022524,0.027031245898718304
54,0.38792750799698633,0.9982477033885947,1.0,0.3848602455763511,1.1868034278446276,0.015750081675511618
54,0.38719860107403087,0.9994729044014329,1.0,0.3848602455763511,1.185734901414202,0.012477030521596433
54,0.38190112462393483,0.9968736079730794,1.0,0.37658963348494684,1.1895325177158875,0.000513199897743899
54,0.38375762658317925,1.0,1.0,0.3848602455763511,1.1852760145443821,0.0014980911114339523
54,0.37881407877721507,1.0,1.0,0.26435668545750934,1.202461933106007,0.0032356325705564792
54,0.3823116174792277,0.9948561207286054,1.0,0.3848602455763511,1.1897750328200778,0.0015197313227379716
54,0.38164882665561384,0.9980906402779377,1.0,0.3848602455763511,1.190318886271806,0.003378290316005339
54,0.37780449893017076,0.9986606454826804,1.0,0.28253751463748944,1.2024309069000911,0.0018279572493780094
54,0.38304005369657534,0.9997256298214515,1.0,0.3759869399895595,1.186626062097217,0.0006304934566712106
54,0.3750174430043348,0.9999173840906815,0.9972436721895119,0.22339616509740762,1.211367137035683,0.0004894714357082108
54,0.3790926784792944,0.999938353353041,0.9972436721895119,0.31624289695409036,1.198344974917362,0.0027536946693684783
54,0.38001809015577187,0.9825779561253053,0.9990778211893305,0.30093120210549673,1.211247987223718,0.0158211955666947
54,0.37472109440598933,0.9843201605127747,0.9596734184746828,0.3848602455763511,1.2123794837939021,5.4335700012231314e-05
54,0.38655500557066536,1.0,1.0,0.3848602455763511,1.1852760145443821,0.01006472569790362
54,0.37862278753836315,0.998179048446581,0.9969374135439022,0.300809873437905,1.1998321845224624,0.0003964747442828376
54,0.3735680238936214,1.0,0.9969374135439022,0.26435668545750934,1.2160671610246463,0.01226693396556966
54,0.3783774603606944,1.0,1.0,0.26768962409609753,1.2019193927376102,0.0013092775148186853
54,0.38666032859221755,0.9981732561872562,0.9989753568770339,0.3848602455763511,1.187191676509316,0.012300505333129763
54,0.3747075859266344,0.9996577254307382,0.9994181085733413,0.1958186462022961,1.215192963380624,0.002824110088852194
55,0.3824236390129093,0.9983311375949371,0.9972436721895119,0.38087055033063455,1.188104759813844,0.00019752827701857711
55,0.38345885449007816,1.0,1.0,0.3848602455763511,1.1852760145443821,0.0005757501538912191
55,0.38227139751248684,0.9964060893896308,1.0,0.3848602455763511,1.1884144858654722,3.4164319832052925e-05
55,0.382175041791498,0.996101233635688,1.0,0.3848602455763511,1.188681750695082,1.8092636036026732e-06
55,0.38284681780317525,1.0,1.0,0.3759869399895595,1.1865941811978897,0.0002047943839258437
55,0.3833839694239116,0.9999695144246057,1.0,0.3848602455763511,1.18530254195763,0.0003708741582060249
55,0.38367356103830047,1.0,1.0,0.3848602455763511,1.1852760145443821,0.0012387171383612117
55,0.3779931502630614,0.9980906402779377,0.9962190290665458,0.2876160575852408,1.2018333605723341,2.5708768474075328e-06
55,0.3828294957408473,0.9980906402779377,1.0,0.3848602455763511,1.1869405959558006,0.000292724385200005
55,0.3787654875291758,0.9979767204962011,0.9965971261598913,0.30133017163006837,1.199655558919673,0.000275411467358877
55,0.3833517925778684,0.999661271384508,1.0,0.3848602455763511,1.1855708544655923,0.0005397287674828721
55,0.38375762658317925,1.0,1.0,0.3848602455763511,1.1852760145443821,0.0014980911114339523
55,0.3737379429575456,0.9825779561253053,0.955192687194092,0.3848602455763511,1.2155142789932365,2.6969267383991635e-05
55,0.38242733102684207,0.9986477418834908,1.0,0.3756706765859019,1.1878957632925804,0.0002989365824821455
55,0.38344656527319987,1.0,1.0,0.3804272508588883,1.1858295694189585,0.0010913361437117075
55,0.3779999222619945,0.9999767008196006,1.0,0.2674049870328057,1.2019834838381889,0.00017422535560651653
55,0.37472109440598933,0.9843201605127747,0.9596734184746828,0.3848602455763511,1.2123794837939021,5.4335700012231314e-05
55,0.3777453674973829,0.999661271384508,1.0,0.26435668545750934,1.202721764527232,0.00010263172608948601
55,0.38304005369657534,0.9997256298214515,1.0,0.3759869399895595,1.186626062097217,0.0006304934566712106
55,0.38270647764025556,0.9986816147450399,1.0,0.3842575520809638,1.1870293105463674,0.0005303549899933202
55,0.3816242087732854,0.996101233635688,1.0,0.3768742705482387,1.1903956715740092,0.0007401904178510055
55,0.37354844079739036,0.9811064655361429,0.955192687194092,0.3848602455763511,1.2168155039922561,0.0006845912353761197
55,0.38398308519290314,1.0,1.0,0.3848602455763511,1.1852760145443821,0.0021931553849288132
55,0.3860672848377099,1.0,1.0,0.30049361003424746,1.19680187343328,0.020105934288265903
55,0.3766754167769538,0.9893665486139837,0.9637060766272145,0.3848602455763511,1.2064964193601067,0.0004612335148435065
55,0.3781552091157578,0.9843989076787243,0.9582552736501899,0.3848602455763511,1.2127947490590163,0.011479005338576709
55,0.3788804399268703,1.0,0.9969374135439022,0.30103603418009606,1.1990162552879162,0.001070125213269879
55,0.3829764981198809,0.9980906402779377,0.9962190290665458,0.2876160575852408,1.2018333605723341,0.015640974026524646
55,0.3828294957408473,0.9981116414520983,1.0,0.3848602455763511,1.1869222524754381,0.00027438090483755673
55,0.3875292557235818,0.9979767204962011,1.0,0.3848602455763511,1.1870401126674452,0.014783309857835158
55,0.37111441232013576,0.9689451767794923,0.9193468369493656,0.3848602455763511,1.2408108202299244,0.01670366842795401
55,0.3746315083797806,0.9824108007907124,1.0,0.3848602455763511,1.2126150526795196,0.011760015595754236
55,0.3783246192670151,0.9976173294351642,0.9965971261598913,0.2973404763843518,1.2007778060051837,0.00022824613984884223
55,0.38434369079367753,1.0,1.0,0.3848602455763511,1.1852760145443821,0.0033031678927497587
55,0.3785000553331032,0.9979702846525068,0.9965971261598913,0.2973404763843518,1.200267853901793,4.661250210058476e-05
55,0.38262793520149985,0.9999767008196006,0.9972436721895119,0.3848602455763511,1.1872729733009755,0.0011056555126645051
55,0.38172188798032325,0.9843201605127747,0.9975193049705607,0.3848602455763511,1.1999206584137911,0.009829598413331642
55,0.3833006861495253,0.9997530668393064,1.0,0.3759869399895595,1.1866023887231507,0.0014132598950176156
55,0.38304005369657534,0.9977857845239949,1.0,0.284393016497506,1.20100329114262,0.015007722502074161
55,0.3822492992724964,0.9987829676951417,1.0,0.372156638767484,1.1884490230802844,0.0005256250748615354
56,0.3824236390129093,0.9983311375949371,0.9972436721895119,0.38087055033063455,1.188104759813844,0.00019752827701857711
56,0.38345885449007816,1.0,1.0,0.3848602455763511,1.1852760145443821,0.0005757501538912191
56,0.38227139751248684,0.9964060893896308,1.0,0.3848602455763511,1.1884144858654722,3.4164319832052925e-05
56,0.382175041791498,0.996101233635688,1.0,0.3848602455763511,1.188681750695082,1.8092636036026732e-06
56,0.38284681780317525,1.0,1.0,0.3759869399895595,1.1865941811978897,0.0002047943839258437
56,0.3833839694239116,0.9999695144246057,1.0,0.3848602455763511,1.18530254195763,0.0003708741582060249
56,0.38367356103830047,1.0,1.0,0.3848602455763511,1.1852760145443821,0.0012387171383612117
56,0.3779931502630614,0.9980906402779377,0.9962190290665458,0.2876160575852408,1.2018333605723341,2.5708768474075328e-06
56,0.3785000553331032,0.9979702846525068,0.9965971261598913,0.2973404763843518,1.200267853901793,4.661250210058476e-05
56,0.3828294957408473,0.9981116414520983,1.0,0.3848602455763511,1.1869222524754381,0.00027438090483755673
56,0.3833517925778684,0.999661271384508,1.0,0.3848602455763511,1.1855708544655923,0.0005397287674828721
56,0.38375762658317925,1.0,1.0,0.3848602455763511,1.1852760145443821,0.0014980911114339523
56,0.3737379429575456,0.9825779561253053,0.955192687194092,0.3848602455763511,1.2155142789932365,2.6969267383991635e-05
56,0.3828294957408473,0.9980906402779377,1.0,0.3848602455763511,1.1869405959558006,0.000292724385200005
56,0.38344656527319987,1.0,1.0,0.3804272508588883,1.1858295694189585,0.0010913361437117075
56,0.38304005369657534,0.9997256298214515,1.0,0.3759869399895595,1.186626062097217,0.0006304934566712106
56,0.3787654875291758,0.9979767204962011,0.9965971261598913,0.30133017163006837,1.199655558919673,0.000275411467358877
56,0.37472109440598933,0.9843201605127747,0.9596734184746828,0.3848602455763511,1.2123794837939021,5.4335700012231314e-05
56,0.3777453674973829,0.999661271384508,1.0,0.26435668545750934,1.202721764527232,0.00010263172608948601
56,0.3779999222619945,0.9999767008196006,1.0,0.2674049870328057,1.2019834838381889,0.00017422535560651653
56,0.3826243106562038,0.9982510906747496,1.0,0.3848602455763511,1.187284220167783,0.0004837500702776776
56,0.39194002408815076,1.0,1.0,0.3848602455763511,1.1852760145443821,0.02621141689376394
56,0.3750088062038999,0.9843201605127747,0.9596734184746828,0.3848602455763511,1.2123794837939021,0.0009844478502067933
56,0.37760835014700267,0.9979287279997324,1.0,0.2679474111786543,1.2034754361414257,0.0004199261081789807
56,0.37926832002792943,0.9997447055908504,0.9941810857334141,0.3056934837789801,1.1985387239975438,0.0007487101869332324
56,0.3916289627781714,1.0,1.0,0.3804272508588883,1.1858295694189585,0.0258443550993952
56,0.3875934079571833,1.0,1.0,0.2791505128871602,1.2000863101237842,0.02802353252336709
56,0.38296439470618443,0.9997256298214515,0.9962190290665458,0.2876160575852408,1.2005448244634576,0.014314948852505394
56,0.38330894858036635,0.9997256298214515,1.0,0.3759869399895595,1.186626062097217,0.0014624806590453066
56,0.38480752181220035,1.0,1.0,0.3848602455763511,1.1852760145443821,0.0047278689103447125
56,0.3875322815036717,0.9970703362046105,1.0,0.3848602455763511,1.1878327115035971,0.015585061457393579
56,0.38290707547157204,0.9983037005770822,0.9972436721895119,0.3848602455763511,1.187625563501244,0.001218115333600167
56,0.3737379429575456,0.9944037791481914,1.0,0.3848602455763511,1.2155142789932365,0.025341385754527268
56,0.3828294957408473,0.98619300021544,0.9637060766272145,0.3848602455763511,1.2093265941261608,0.02267872255556025
56,0.3872164620666313,1.0,1.0,0.3848602455763511,1.1852760145443821,0.012072262089780184
56,0.38304005369657534,1.0,1.0,0.3848602455763511,1.185995568640546,0.0007195540961637548
56,0.3787654875291758,0.9979767204962011,1.0,0.3848602455763511,1.199380147452314,0.01234003478486878
56,0.37472109440598933,0.9843201605127747,1.0,0.3848602455763511,1.21232514809389,0.013188199445831161
56,0.37940491565317197,0.9999810989432555,0.9965971261598913,0.2973404763843518,1.1986667460355123,0.001307967743115368
56,0.37492455142697145,0.9997785784523995,0.993156442610448,0.2124389910335863,1.2150258784505663,0.0033586122198305812
57,0.3824236390129093,0.9983311375949371,0.9972436721895119,0.38087055033063455,1.188104759813844,0.00019752827701857711
57,0.38345885449007816,1.0,1.0,0.3848602455763511,1.1852760145443821,0.0005757501538912191
57,0.38227139751248684,0.9964060893896308,1.0,0.3848602455763511,1.1884144858654722,3.4164319832052925e-05
57,0.382175041791498,0.996101233635688,1.0,0.3848602455763511,1.188681750695082,1.8092636036026732e-06
57,0.38284681780317525,1.0,1.0,0.3759869399895595,1.1865941811978897,0.0002047943839258437
57,0.3833839694239116,0.9999695144246057,1.0,0.3848602455763511,1.18530254195763,0.0003708741582060249
57,0.38367356103830047,1.0,1.0,0.3848602455763511,1.1852760145443821,0.0012387171383612117
57,0.3779931502630614,0.9980906402779377,0.9962190290665458,0.2876160575852408,1.2018333605723341,2.5708768474075328e-06
57,0.3785000553331032,0.9979702846525068,0.9965971261598913,0.2973404763843518,1.200267853901793,4.661250210058476e-05
57,0.3828294957408473,0.9981116414520983,1.0,0.3848602455763511,1.1869222524754381,0.00027438090483755673
57,0.3833517925778684,0.999661271384508,1.0,0.3848602455763511,1.1855708544655923,0.0005397287674828721
57,0.38375762658317925,1.0,1.0,0.3848602455763511,1.1852760145443821,0.0014980911114339523
57,0.3737379429575456,0.9825779561253053,0.955192687194092,0.3848602455763511,1.2155142789932365,2.6969267383991635e-05
57,0.3828294957408473,0.9980906402779377,1.0,0.3848602455763511,1.1869405959558006,0.000292724385200005
57,0.3787654875291758,0.9979767204962011,0.9965971261598913,0.30133017163006837,1.199655558919673,0.000275411467358877
57,0.38344656527319987,1.0,1.0,0.3804272508588883,1.1858295694189585,0.0010913361437117075
57,0.37472109440598933,0.9843201605127747,0.9596734184746828,0.3848602455763511,1.2123794837939021,5.4335700012231314e-05
57,0.3777453674973829,0.999661271384508,1.0,0.26435668545750934,1.202721764527232,0.00010263172608948601
57,0.38304005369657534,1.0,1.0,0.3848602455763511,1.185995568640546,0.0007195540961637548
57,0.38304005369657534,0.9997256298214515,1.0,0.3759869399895595,1.186626062097217,0.0006304934566712106
57,0.3782418311304859,0.9996646586706629,1.0,0.27640704146939354,1.2010406276935857,0.00025942641840392966
57,0.38354234210209975,1.0,1.0,0.3759869399895595,1.1863893868139639,0.0019470021538707805
57,0.37299387404593287,0.9825779561253053,0.955192687194092,0.3768742705482387,1.2179390544309265,0.0011999085745395544
57,0.37876895021689416,0.9979702846525068,0.9965971261598913,0.2973404763843518,1.200267853901793,0.0008986711256830926
57,0.38253990412645844,0.9978067856981555,1.0,0.3759869399895595,1.1882849202172663,0.0007387285806175203
57,0.3779821770714836,0.9947357651031745,1.0,0.30532645141246423,1.2018656800164185,0.0015439767459630716
57,0.38404689611737136,0.9995587435809451,1.0,0.3848602455763511,1.1856601372509776,0.0027738520295828017
57,0.3695629699924114,0.9980906402779377,0.9596734184746828,0.26435668545750934,1.2292460098533489,0.007010909841498991
57,0.3785000553331032,0.9994207740675087,1.0,0.2675337358826019,1.2023906323522542,0.002169390952561745
57,0.3837271302663636,0.9999420774067508,1.0,0.3848602455763511,1.185326418012516,0.0014544150536472955
57,0.3819151238737233,0.9984980238354434,0.9975193049705607,0.37239621426841457,1.1894889149314927,0.0005356497769430923
57,0.38246333578965014,0.9984675382600491,0.9975193049705607,0.3848602455763511,1.187783935828131,0.0003887143934429016
57,0.3878752783132842,0.9981116414520983,1.0,0.3848602455763511,1.1869222524754381,0.015711217097623464
57,0.3824642451360675,0.9978067856981555,1.0,0.3848602455763511,1.1877811117548285,0.0005925072016566002
57,0.38218368014290377,0.9978647082914047,1.0,0.3768742705482387,1.188653074153911,0.0005289661808070001
57,0.3834753113387908,0.9980906402779377,1.0,0.3848602455763511,1.1869405959558006,0.0022911729947148185
57,0.3839471287433345,1.0,1.0,0.3768742705482387,1.186277084108656,0.0030834298530411086
57,0.38306896262779094,0.999661271384508,1.0,0.3848602455763511,1.1859060655286489,0.0003352110630565619
57,0.3738857766478906,0.9826206378196631,0.9596734184746828,0.3848602455763511,1.215033667073037,0.0011252378922643747
57,0.3833640368836978,1.0,1.0,0.3848602455763511,1.1852760145443821,0.00028273768467856897
58,0.3824236390129093,0.9983311375949371,0.9972436721895119,0.38087055033063455,1.188104759813844,0.00019752827701857711
58,0.38227139751248684,0.9964060893896308,1.0,0.3848602455763511,1.1884144858654722,3.4164319832052925e-05
58,0.382175041791498,0.996101233635688,1.0,0.3848602455763511,1.188681750695082,1.8092636036026732e-06
58,0.38284681780317525,1.0,1.0,0.3759869399895595,1.1865941811978897,0.0002047943839258437
58,0.3833640368836978,1.0,1.0,0.3848602455763511,1.1852760145443821,0.00028273768467856897
58,0.3779931502630614,0.9980906402779377,0.9962190290665458,0.2876160575852408,1.2018333605723341,2.5708768474075328e-06
58,0.3785000553331032,0.9979702846525068,0.9965971261598913,0.2973404763843518,1.200267853901793,4.661250210058476e-05
58,0.3828294957408473,0.9981116414520983,1.0,0.3848602455763511,1.1869222524754381,0.00027438090483755673
58,0.38345885449007816,1.0,1.0,0.3848602455763511,1.1852760145443821,0.0005757501538912191
58,0.3833839694239116,0.9999695144246057,1.0,0.3848602455763511,1.18530254195763,0.0003708741582060249
58,0.38306896262779094,0.999661271384508,1.0,0.3848602455763511,1.1859060655286489,0.0003352110630565619
58,0.3737379429575456,0.9825779561253053,0.955192687194092,0.3848602455763511,1.2155142789932365,2.6969267383991635e-05
58,0.37472109440598933,0.9843201605127747,0.9596734184746828,0.3848602455763511,1.2123794837939021,5.4335700012231314e-05
58,0.3777453674973829,0.999661271384508,1.0,0.26435668545750934,1.202721764527232,0.00010263172608948601
58,0.3782418311304859,0.9996646586706629,1.0,0.27640704146939354,1.2010406276935857,0.00025942641840392966
58,0.3828294957408473,0.9980906402779377,1.0,0.3848602455763511,1.1869405959558006,0.000292724385200005
58,0.3787654875291758,0.9979767204962011,0.9965971261598913,0.30133017163006837,1.199655558919673,0.000275411467358877
58,0.38367356103830047,1.0,1.0,0.3848602455763511,1.1852760145443821,0.0012387171383612117
58,0.3833517925778684,0.999661271384508,1.0,0.3848602455763511,1.1855708544655923,0.0005397287674828721
58,0.38246333578965014,0.9984675382600491,0.9975193049705607,0.3848602455763511,1.187783935828131,0.0003887143934429016
58,0.374409736305189,0.9839814318972828,0.9596734184746828,0.3848602455763511,1.2133333143301097,0.0006495207842200923
58,0.38227139751248684,0.9999695144246057,1.0,0.3848602455763511,1.18838032154564,0.0030777795880101433
58,0.3785869649426585,1.0,1.0,0.2684210664412811,1.2018009046969713,0.0018551898442911163
58,0.38443274816353,1.0,1.0,0.3848602455763511,1.1852760145443821,0.003576982736019252
58,0.3830845524838861,0.9982095340219753,1.0,0.3848602455763511,1.1868367583721013,0.0009789540033866562
58,0.3698365707995662,0.9822904451652816,0.9562705446345741,0.2973404763843518,1.2300161597203219,0.001679531810600654
58,0.3887303634859839,1.0,1.0,0.3848602455763511,1.1852760145443821,0.01664127698620943
58,0.3786999856752573,0.997665428898564,0.9965971261598913,0.30532645141246423,1.1995875982734796,0.00028408632577425763
58,0.3872133813234639,1.0,1.0,0.3848602455763511,1.1852760145443821,0.012062927858037753
58,0.37833443764032487,0.9998841548135018,1.0,0.2872523618800893,1.2007466439338592,0.0018354196311358706
58,0.3830103799999612,0.9972983540463018,1.0,0.3848602455763511,1.187633182883503,0.001545729337389501
58,0.3832437530713302,0.9825779561253053,1.0,0.3848602455763511,1.2007043599457266,0.015339164411663608
58,0.38367437468832744,1.0,1.0,0.3848602455763511,1.1852760145443821,0.0012412281008855608
58,0.37930458408576684,1.0,0.9965971261598913,0.26435668545750934,1.2039494341199994,0.006273937054099843
58,0.3845394008526337,1.0,1.0,0.3848602455763511,1.1852760145443821,0.0039047290705858106
58,0.3827886545031057,0.9980906402779377,0.9977673744735047,0.3848602455763511,1.1876457593803937,0.0008712796484966479
58,0.3787654875291758,0.9967654804506677,1.0,0.3848602455763511,1.199380147452314,0.011280527157794484
58,0.3826561288200635,0.9978196573855441,1.0,0.3848602455763511,1.1871854965333724,8.141247637150073e-06
58,0.37844176147263997,0.9993598029167201,1.0,0.284393016497506,1.2004061193294273,0.0006398483567331414
58,0.3823750184436235,0.9983954960318805,1.0,0.3768742705482387,1.1880582788671141,0.00039403928923720244
59,0.382175041791498,0.996101233635688,1.0,0.3848602455763511,1.188681750695082,1.8092636036026732e-06
59,0.38284681780317525,1.0,1.0,0.3759869399895595,1.1865941811978897,0.0002047943839258437
59,0.3833640368836978,1.0,1.0,0.3848602455763511,1.1852760145443821,0.00028273768467856897
59,0.3826561288200635,0.9978196573855441,1.0,0.3848602455763511,1.1871854965333724,8.141247637150073e-06
59,0.3779931502630614,0.9980906402779377,0.9962190290665458,0.2876160575852408,1.2018333605723341,2.5708768474075328e-06
59,0.3828294957408473,0.9981116414520983,1.0,0.3848602455763511,1.1869222524754381,0.00027438090483755673
59,0.38345885449007816,1.0,1.0,0.3848602455763511,1.1852760145443821,0.0005757501538912191
59,0.3833839694239116,0.9999695144246057,1.0,0.3848602455763511,1.18530254195763,0.0003708741582060249
59,0.38306896262779094,0.999661271384508,1.0,0.3848602455763511,1.1859060655286489,0.0003352110630565619
59,0.3824236390129093,0.9983311375949371,0.9972436721895119,0.38087055033063455,1.188104759813844,0.00019752827701857711
59,0.38227139751248684,0.9964060893896308,1.0,0.3848602455763511,1.1884144858654722,3.4164319832052925e-05
59,0.3737379429575456,0.9825779561253053,0.955192687194092,0.3848602455763511,1.2155142789932365,2.6969267383991635e-05
59,0.3828294957408473,0.9980906402779377,1.0,0.3848602455763511,1.1869405959558006,0.000292724385200005
59,0.38367356103830047,1.0,1.0,0.3848602455763511,1.1852760145443821,0.0012387171383612117
59,0.3833517925778684,0.999661271384508,1.0,0.3848602455763511,1.1855708544655923,0.0005397287674828721
59,0.3785000553331032,0.9979702846525068,0.9965971261598913,0.2973404763843518,1.200267853901793,4.661250210058476e-05
59,0.3787654875291758,0.9979767204962011,0.9965971261598913,0.30133017163006837,1.199655558919673,0.000275411467358877
59,0.3786999856752573,0.997665428898564,0.9965971261598913,0.30532645141246423,1.1995875982734796,0.00028408632577425763
59,0.38367437468832744,1.0,1.0,0.3848602455763511,1.1852760145443821,0.0012412281008855608
59,0.37472109440598933,0.9843201605127747,0.9596734184746828,0.3848602455763511,1.2123794837939021,5.4335700012231314e-05
59,0.383748446104467,1.0,1.0,0.3848602455763511,1.1852760145443821,0.0014697713928575329
59,0.3800005045739816,0.9990621335577723,0.9994181085733413,0.31687055654999785,1.195482113361365,0.0001076405878368547
59,0.3805468241837108,1.0,0.9969374135439022,0.3848602455763511,1.1937658585449058,0.00752173634538833
59,0.383877857226891,0.9996951442460572,1.0,0.3848602455763511,1.1855413614823656,0.0021341975988309336
59,0.3826243106562038,0.9982510906747496,0.9962190290665458,0.3848602455763511,1.1879965266014456,0.0007123064336627127
59,0.38169138637445316,0.9964911102721192,1.0,0.3759869399895595,1.1901861621946992,0.0007601367177345608
59,0.37963254714966865,1.0,0.9969374135439022,0.3044065252420613,1.1974325192808057,0.0007916893621049415
59,0.37953568026925766,0.998179048446581,0.9969374135439022,0.30968317902469666,1.198105028683775,0.0011587864681883442
59,0.3820786860705092,0.9957963778817452,1.0,0.3848602455763511,1.188979712438492,3.053327146762541e-05
59,0.37845191234531217,0.9962638964651939,0.9969374135439022,0.3060924533035517,1.2003739219240435,0.00018902889155181235
59,0.37527645698510664,0.9964060893896308,0.9596734184746828,0.3848602455763511,1.2105310573465269,0.00887403633521111
59,0.38629664284923326,1.0,1.0,0.2973404763843518,1.1972768485511542,0.021279555498637137
59,0.38585239965482804,1.0,1.0,0.3132798308288529,1.1949109356417893,0.017559682387933595
59,0.37868439581916213,0.9959659062054524,0.9965971261598913,0.31331242644057666,1.1996369834559368,0.00013681971056089814
59,0.39156636692888314,1.0,1.0,0.3848602455763511,1.1852760145443821,0.0251053648411923
59,0.37902611998212576,0.998004157514056,0.9965971261598913,0.30133017163006837,1.1996335757337029,0.0010781666636405784
59,0.385891600850529,0.9965028249338689,1.0,0.3848602455763511,1.1883297126924843,0.011098061877930832
59,0.383084042695917,0.9980906402779377,1.0,0.3848602455763511,1.1869405959558006,0.0010812135102860054
59,0.38007648161135626,1.0,0.9969374135439022,0.3060924533035517,1.1971770783815945,0.0019339411036314313
59,0.3743875388080615,0.9840088689151376,0.9596734184746828,0.3848602455763511,1.2134052530564179,0.0007461163981887786
60,0.382175041791498,0.996101233635688,1.0,0.3848602455763511,1.188681750695082,1.8092636036026732e-06
60,0.38284681780317525,1.0,1.0,0.3759869399895595,1.1865941811978897,0.0002047943839258437
60,0.3833640368836978,1.0,1.0,0.3848602455763511,1.1852760145443821,0.00028273768467856897
60,0.3826561288200635,0.9978196573855441,1.0,0.3848602455763511,1.1871854965333724,8.141247637150073e-06
60,0.3779931502630614,0.9980906402779377,0.9962190290665458,0.2876160575852408,1.2018333605723341,2.5708768474075328e-06
60,0.3828294957408473,0.9981116414520983,1.0,0.3848602455763511,1.1869222524754381,0.00027438090483755673
60,0.38345885449007816,1.0,1.0,0.3848602455763511,1.1852760145443821,0.0005757501538912191
60,0.3833839694239116,0.9999695144246057,1.0,0.3848602455763511,1.18530254195763,0.0003708741582060249
60,0.38306896262779094,0.999661271384508,1.0,0.3848602455763511,1.1859060655286489,0.0003352110630565619
60,0.3824236390129093,0.9983311375949371,0.9972436721895119,0.38087055033063455,1.188104759813844,0.00019752827701857711
60,0.38227139751248684,0.9964060893896308,1.0,0.3848602455763511,1.1884144858654722,3.4164319832052925e-05
60,0.3820786860705092,0.9957963778817452,1.0,0.3848602455763511,1.188979712438492,3.053327146762541e-05
60,0.3737379429575456,0.9825779561253053,0.955192687194092,0.3848602455763511,1.2155142789932365,2.6969267383991635e-05
60,0.3828294957408473,0.9980906402779377,1.0,0.3848602455763511,1.1869405959558006,0.000292724385200005
60,0.38367356103830047,1.0,1.0,0.3848602455763511,1.1852760145443821,0.0012387171383612117
60,0.3833517925778684,0.999661271384508,1.0,0.3848602455763511,1.1855708544655923,0.0005397287674828721
60,0.3785000553331032,0.9979702846525068,0.9965971261598913,0.2973404763843518,1.200267853901793,4.661250210058476e-05
60,0.3800005045739816,0.9990621335577723,0.9994181085733413,0.31687055654999785,1.195482113361365,0.0001076405878368547
60,0.38367437468832744,1.0,1.0,0.3848602455763511,1.1852760145443821,0.0012412281008855608
60,0.37472109440598933,0.9843201605127747,0.9596734184746828,0.3848602455763511,1.2123794837939021,5.4335700012231314e-05
60,0.3825945571201761,0.9985254608532983,0.9975193049705607,0.3812695198552062,1.1877969287304448,0.00042037608414102756
60,0.3832515244842963,1.0,1.0,0.3759869399895595,1.1863893868139639,0.0010482276159298198
60,0.38076016334168944,1.0,0.9994181085733413,0.31687055654999785,1.1946129046274976,0.0015159107037792108
60,0.3838650564524771,1.0,1.0,0.3848602455763511,1.1852760145443821,0.0018293875009414151
60,0.38481935689492375,1.0,1.0,0.2876160575852408,1.198763876641104,0.018252038652916358
60,0.37534434943930406,0.9972353897450285,0.9963555221172435,0.23810276427719845,1.210646370054906,0.0003342741081422407
60,0.3838828018647392,0.9995396678115464,1.0,0.3848602455763511,1.1856767507447727,0.0022848298463595818
60,0.38725743697148207,0.9999695144246057,1.0,0.3848602455763511,1.18530254195763,0.012222923754339421
60,0.37477743067034874,0.9843475975306296,0.9596734184746828,0.3848602455763511,1.2123548438731604,0.0002119315924788978
60,0.38759389352453877,1.0,1.0,0.31687055654999785,1.1943898350872464,0.022328525816004197
60,0.38102032934180596,0.9989347200759426,0.9967427313505386,0.34880677770895874,1.1922823306421508,0.00030300063631516494
60,0.3837642069495746,0.9972716675797476,1.0,0.3848602455763511,1.1876565303498348,0.0038989050382474133
60,0.38227600201452555,0.9965185472899741,1.0,0.3848602455763511,1.1883660075432696,5.007141671065085e-05
60,0.38321477522748815,0.9979287279997324,1.0,0.3848602455763511,1.187082044193879,0.0016272139962727472
60,0.3817205644942742,0.9964060893896308,1.0,0.3768742705482387,1.190095186235872,0.0007048244757272837
60,0.3828075978898167,0.9996338343666531,1.0,0.3848602455763511,1.1867157517234315,0.001121006476237696
60,0.3699742405819526,0.98436842210333,0.9517898133539833,0.2973404763843518,1.2302907808846388,0.0024112248930558966
60,0.384311114205403,1.0,0.9994181085733413,0.3848602455763511,1.1854594984330153,0.0033864604487527927
60,0.37441649796950044,0.9842862876512256,0.9596734184746828,0.3848602455763511,1.2133114024950489,0.0009014971511100978
60,0.38348393506044615,1.0,1.0,0.3759869399895595,1.1863893868139639,0.0017666040480002199
61,0.382175041791498,0.996101233635688,1.0,0.3848602455763511,1.188681750695082,1.8092636036026732e-06
61,0.38284681780317525,1.0,1.0,0.3759869399895595,1.1865941811978897,0.0002047943839258437
61,0.3833640368836978,1.0,1.0,0.3848602455763511,1.1852760145443821,0.00028273768467856897
61,0.3826561288200635,0.9978196573855441,1.0,0.3848602455763511,1.1871854965333724,8.141247637150073e-06
61,0.3779931502630614,0.9980906402779377,0.9962190290665458,0.2876160575852408,1.2018333605723341,2.5708768474075328e-06
61,0.3828294957408473,0.9981116414520983,1.0,0.3848602455763511,1.1869222524754381,0.00027438090483755673
61,0.38345885449007816,1.0,1.0,0.3848602455763511,1.1852760145443821,0.0005757501538912191
61,0.3833839694239116,0.9999695144246057,1.0,0.3848602455763511,1.18530254195763,0.0003708741582060249
61,0.38306896262779094,0.999661271384508,1.0,0.3848602455763511,1.1859060655286489,0.0003352110630565619
61,0.3824236390129093,0.9983311375949371,0.9972436721895119,0.38087055033063455,1.188104759813844,0.00019752827701857711
61,0.38227139751248684,0.9964060893896308,1.0,0.3848602455763511,1.1884144858654722,3.4164319832052925e-05
61,0.3820786860705092,0.9957963778817452,1.0,0.3848602455763511,1.188979712438492,3.053327146762541e-05
61,0.38227600201452555,0.9965185472899741,1.0,0.3848602455763511,1.1883660075432696,5.007141671065085e-05
61,0.3737379429575456,0.9825779561253053,0.955192687194092,0.3848602455763511,1.2155142789932365,2.6969267383991635e-05
61,0.3828294957408473,0.9980906402779377,1.0,0.3848602455763511,1.1869405959558006,0.000292724385200005
61,0.38367356103830047,1.0,1.0,0.3848602455763511,1.1852760145443821,0.0012387171383612117
61,0.3833517925778684,0.999661271384508,1.0,0.3848602455763511,1.1855708544655923,0.0005397287674828721
61,0.3785000553331032,0.9979702846525068,0.9965971261598913,0.2973404763843518,1.200267853901793,4.661250210058476e-05
61,0.3800005045739816,0.9990621335577723,0.9994181085733413,0.31687055654999785,1.195482113361365,0.0001076405878368547
61,0.38367437468832744,1.0,1.0,0.3848602455763511,1.1852760145443821,0.0012412281008855608
61,0.38800867999757016,1.0,1.0,0.3848602455763511,1.1852760145443821,0.014467654499428662
61,0.38284681780317525,1.0,0.9596734184746828,0.3848602455763511,1.1985185496902255,0.011924368492335802
61,0.38293608932924555,0.9980299401100413,1.0,0.3848602455763511,1.1869936188715395,0.0006760610477760665
61,0.3826561288200635,0.9980374206640975,0.9975193049705607,0.3812695198552062,1.1882215145275943,0.0010360179942219272
61,0.38324058271259154,1.0,1.0,0.3768742705482387,1.186277084108656,0.0009020826378893787
61,0.37865993663731634,1.0,0.9938407983494032,0.2933507811386352,1.2004030133725796,0.0006885404961607389
61,0.3827012054794571,0.9970703362046105,1.0,0.3848602455763511,1.1878327115035971,0.0007870482274976442
61,0.3915464343886693,1.0,1.0,0.3848602455763511,1.1852760145443821,0.02504630377961692
61,0.38306896262779094,0.9983311375949371,0.9972436721895119,0.38087055033063455,1.188104759813844,0.0021986942851950353
61,0.38295982817532026,0.9983090132679988,1.0,0.3848602455763511,1.1867498957278642,0.0005058751467967859
61,0.3812207413490514,0.9940363974791149,1.0,0.3848602455763511,1.1916555344882616,0.0011592414870862378
61,0.3805072807215166,0.9988171915865031,0.9994762977160072,0.33165550048074566,1.1938899182866338,0.0004326263126070984
61,0.3821726923614008,0.997847094403399,1.0,0.3768742705482387,1.1886872489144016,0.0005478720843350438
61,0.3832120888583194,0.9998024534714451,1.0,0.37957766571070445,1.1861072785564333,0.0006441381583113248
61,0.3794724108919466,1.0,0.9965971261598913,0.2973404763843518,1.1986517266444885,0.0015059177646421507
61,0.38367356103830047,0.9790690663974245,0.955192687194092,0.3848602455763511,1.2186610884226476,0.034623791016626715
61,0.38170583040913564,0.9954014737995476,0.9972436721895119,0.38087055033063455,1.190659730286779,0.0005186056282941998
61,0.3828005365794084,0.9978132215418498,1.0,0.3848602455763511,1.187182979883175,0.0004453374687263256
61,0.3867582448451431,0.9985922242634117,1.0,0.3848602455763511,1.1865026981535443,0.011908976203877986
61,0.3910207423431886,1.0,1.0,0.3848602455763511,1.1852760145443821,0.023486479805408633
62,0.382175041791498,0.996101233635688,1.0,0.3848602455763511,1.188681750695082,1.8092636036026732e-06
62,0.38284681780317525,1.0,1.0,0.3759869399895595,1.1865941811978897,0.0002047943839258437
62,0.3833640368836978,1.0,1.0,0.3848602455763511,1.1852760145443821,0.00028273768467856897
62,0.3826561288200635,0.9978196573855441,1.0,0.3848602455763511,1.1871854965333724,8.141247637150073e-06
62,0.3779931502630614,0.9980906402779377,0.9962190290665458,0.2876160575852408,1.2018333605723341,2.5708768474075328e-06
62,0.3828294957408473,0.9981116414520983,1.0,0.3848602455763511,1.1869222524754381,0.00027438090483755673
62,0.38345885449007816,1.0,1.0,0.3848602455763511,1.1852760145443821,0.0005757501538912191
62,0.3833839694239116,0.9999695144246057,1.0,0.3848602455763511,1.18530254195763,0.0003708741582060249
62,0.38306896262779094,0.999661271384508,1.0,0.3848602455763511,1.1859060655286489,0.0003352110630565619
62,0.3824236390129093,0.9983311375949371,0.9972436721895119,0.38087055033063455,1.188104759813844,0.00019752827701857711
62,0.38227139751248684,0.9964060893896308,1.0,0.3848602455763511,1.1884144858654722,3.4164319832052925e-05
62,0.3820786860705092,0.9957963778817452,1.0,0.3848602455763511,1.188979712438492,3.053327146762541e-05
62,0.38227600201452555,0.9965185472899741,1.0,0.3848602455763511,1.1883660075432696,5.007141671065085e-05
62,0.3737379429575456,0.9825779561253053,0.955192687194092,0.3848602455763511,1.2155142789932365,2.6969267383991635e-05
62,0.3828294957408473,0.9980906402779377,1.0,0.3848602455763511,1.1869405959558006,0.000292724385200005
62,0.38367356103830047,1.0,1.0,0.3848602455763511,1.1852760145443821,0.0012387171383612117
62,0.3833517925778684,0.999661271384508,1.0,0.3848602455763511,1.1855708544655923,0.0005397287674828721
62,0.38295982817532026,0.9983090132679988,1.0,0.3848602455763511,1.1867498957278642,0.0005058751467967859
62,0.3785000553331032,0.9979702846525068,0.9965971261598913,0.2973404763843518,1.200267853901793,4.661250210058476e-05
62,0.3800005045739816,0.9990621335577723,0.9994181085733413,0.31687055654999785,1.195482113361365,0.0001076405878368547
62,0.37560830630442044,0.979638776016881,0.9557163894780848,0.3848602455763511,1.2179634548077753,0.008501899651632838
62,0.3823916813248544,0.9970703362046105,1.0,0.3848602455763511,1.1880065087190925,0.00017379721549537486
62,0.380131024914203,1.0,0.9969374135439022,0.3060924533035517,1.1971770783815945,0.0021054412021968005
62,0.38625883738734995,0.9966225369749303,1.0,0.3848602455763511,1.1882248270931792,0.01211243215452007
62,0.38229234098252374,0.9962977693267431,0.9962190290665458,0.3848602455763511,1.1897054870502897,0.0013902696276557602
62,0.38303873656728604,0.997630308089484,1.0,0.3848602455763511,1.1873428672037438,0.0013432203607939286
62,0.3782165492165946,0.9976928659164189,0.9965971261598913,0.2973404763843518,1.201120911345139,0.0006316565640027694
62,0.38320696183827613,0.9978196573855441,1.0,0.3848602455763511,1.1871773552857352,0.0016983542851951583
62,0.3830901281937973,0.9981180772957926,1.0,0.3848602455763511,1.1869166312408197,0.001076086515747976
62,0.38286903228563685,0.996795966026062,1.0,0.3848602455763511,1.188072922068707,0.001547588370446551
62,0.38859269484261555,1.0,1.0,0.3848602455763511,1.1852760145443821,0.01622725901666433
62,0.38392435166254846,1.0,1.0,0.3848602455763511,1.1852760145443821,0.002012164956635809
62,0.38234605928218457,0.9981390784699532,1.0,0.3768742705482387,1.1881482632427114,0.00026192750448839064
62,0.3875752626243786,0.9995380811354002,1.0,0.3848602455763511,1.1856781326433832,0.013560481909503652
62,0.3828294957408473,0.9951049792940608,1.0,0.3848602455763511,1.1895563016459132,0.002908430075312607
62,0.3853211203794626,0.9973351900701242,1.0,0.3848602455763511,1.187600957821142,0.008626377202204383
62,0.3830510233415985,0.9996887084023629,1.0,0.3848602455763511,1.185961604626458,0.000414639631075131
62,0.381511738744779,0.9946876656397747,1.0,0.3848602455763511,1.1907466013650698,0.0008234448992372467
62,0.38223910706084574,0.9984980238354434,0.9975193049705607,0.3812695198552062,1.1884807124697891,0.0006599250601868611
62,0.37975785845450066,1.0,0.9965971261598913,0.2973404763843518,1.1986517266444885,0.0024057605056388986
63,0.382175041791498,0.996101233635688,1.0,0.3848602455763511,1.188681750695082,1.8092636036026732e-06
63,0.38284681780317525,1.0,1.0,0.3759869399895595,1.1865941811978897,0.0002047943839258437
63,0.3833640368836978,1.0,1.0,0.3848602455763511,1.1852760145443821,0.00028273768467856897
63,0.3826561288200635,0.9978196573855441,1.0,0.3848602455763511,1.1871854965333724,8.141247637150073e-06
63,0.3779931502630614,0.9980906402779377,0.9962190290665458,0.2876160575852408,1.2018333605723341,2.5708768474075328e-06
63,0.3828294957408473,0.9981116414520983,1.0,0.3848602455763511,1.1869222524754381,0.00027438090483755673
63,0.38345885449007816,1.0,1.0,0.3848602455763511,1.1852760145443821,0.0005757501538912191
63,0.3833839694239116,0.9999695144246057,1.0,0.3848602455763511,1.18530254195763,0.0003708741582060249
63,0.38306896262779094,0.999661271384508,1.0,0.3848602455763511,1.1859060655286489,0.0003352110630565619
63,0.38227139751248684,0.9964060893896308,1.0,0.3848602455763511,1.1884144858654722,3.4164319832052925e-05
63,0.3820786860705092,0.9957963778817452,1.0,0.3848602455763511,1.188979712438492,3.053327146762541e-05
63,0.38227600201452555,0.9965185472899741,1.0,0.3848602455763511,1.1883660075432696,5.007141671065085e-05
63,0.3823916813248544,0.9970703362046105,1.0,0.3848602455763511,1.1880065087190925,0.00017379721549537486
63,0.3737379429575456,0.9825779561253053,0.955192687194092,0.3848602455763511,1.2155142789932365,2.6969267383991635e-05
63,0.38367356103830047,1.0,1.0,0.3848602455763511,1.1852760145443821,0.0012387171383612117
63,0.3785000553331032,0.9979702846525068,0.9965971261598913,0.2973404763843518,1.200267853901793,4.661250210058476e-05
63,0.3833517925778684,0.999661271384508,1.0,0.3848602455763511,1.1855708544655923,0.0005397287674828721
63,0.3800005045739816,0.9990621335577723,0.9994181085733413,0.31687055654999785,1.195482113361365,0.0001076405878368547
63,0.3824236390129093,0.9983311375949371,0.9972436721895119,0.38087055033063455,1.188104759813844,0.00019752827701857711
63,0.3828294957408473,0.9980906402779377,1.0,0.3848602455763511,1.1869405959558006,0.000292724385200005
63,0.38302007092613827,0.9965185472899741,1.0,0.3848602455763511,1.188315936126559,0.002258492198202955
63,0.3838650564524771,1.0,1.0,0.3848602455763511,1.1852760145443821,0.0018293875009414151
63,0.3833640368836978,0.9826053931431602,0.955192687194092,0.3768742705482387,1.2167146169773255,0.031721340117621954
63,0.37363383157824964,0.9820813461021326,0.955192687194092,0.3848602455763511,1.2159351140352648,8.213748012209088e-05
63,0.3826734655121419,0.997867756848944,1.0,0.3848602455763511,1.18713532111803,3.6090019075452062e-06
63,0.39092386217077735,1.0,1.0,0.3848602455763511,1.1852760145443821,0.023198560900898224
63,0.3831261959733825,0.9992143243247129,1.0,0.3848602455763511,1.1859601969832072,0.00023128815181294726
63,0.384311114205403,1.0,1.0,0.3848602455763511,1.1852760145443821,0.003202976560119586
63,0.3829415172745289,1.0,0.9972436721895119,0.3728845753025221,1.1876878659541767,0.001387123405031776
63,0.3824295887465677,0.996101233635688,1.0,0.3848602455763511,1.188681750695082,0.0007930002900204958
63,0.3807901106715941,0.9988171915865031,1.0,0.33165550048074566,1.1932642880421183,0.0002611255184024053
63,0.3847436566212803,1.0,1.0,0.3848602455763511,1.1852760145443821,0.004531904841236001
63,0.38319073353051153,0.9999695144246057,1.0,0.3848602455763511,1.1855292065935856,0.00022666463595566455
63,0.3811658358915119,0.9951978301559138,0.9972436721895119,0.38087055033063455,1.1918271878370614,0.0009893000310696731
63,0.38354971869080295,1.0,1.0,0.3848602455763511,1.1852760145443821,0.000856409575853645
63,0.383093583434934,1.0,0.9975193049705607,0.3812695198552062,1.186516625009574,0.0006867757521327178
63,0.37821835960419253,0.996823722161928,1.0,0.2973404763843518,1.2011151620356713,0.0013063458541582307
63,0.3826072015231037,0.9984650031437792,1.0,0.3848602455763511,1.187337312225686,0.0007235878780464944
63,0.38121458594279667,0.9934645362198374,1.0,0.3848602455763511,1.1916747759448627,0.000674607391119908
63,0.3789765256971513,1.0,0.9962190290665458,0.2876160575852408,1.200329006046462,0.0016167495351264716
64,0.382175041791498,0.996101233635688,1.0,0.3848602455763511,1.188681750695082,1.8092636036026732e-06
64,0.38284681780317525,1.0,1.0,0.3759869399895595,1.1865941811978897,0.0002047943839258437
64,0.3833640368836978,1.0,1.0,0.3848602455763511,1.1852760145443821,0.00028273768467856897
64,0.3826734655121419,0.997867756848944,1.0,0.3848602455763511,1.18713532111803,3.6090019075452062e-06
64,0.38319073353051153,0.9999695144246057,1.0,0.3848602455763511,1.1855292065935856,0.00022666463595566455
64,0.3779931502630614,0.9980906402779377,0.9962190290665458,0.2876160575852408,1.2018333605723341,2.5708768474075328e-06
64,0.38345885449007816,1.0,1.0,0.3848602455763511,1.1852760145443821,0.0005757501538912191
64,0.3833839694239116,0.9999695144246057,1.0,0.3848602455763511,1.18530254195763,0.0003708741582060249
64,0.3826561288200635,0.9978196573855441,1.0,0.3848602455763511,1.1871854965333724,8.141247637150073e-06
64,0.38306896262779094,0.999661271384508,1.0,0.3848602455763511,1.1859060655286489,0.0003352110630565619
64,0.3831261959733825,0.9992143243247129,1.0,0.3848602455763511,1.1859601969832072,0.00023128815181294726
64,0.38354971869080295,1.0,1.0,0.3848602455763511,1.1852760145443821,0.000856409575853645
64,0.3833517925778684,0.999661271384508,1.0,0.3848602455763511,1.1855708544655923,0.0005397287674828721
64,0.38227139751248684,0.9964060893896308,1.0,0.3848602455763511,1.1884144858654722,3.4164319832052925e-05
64,0.3820786860705092,0.9957963778817452,1.0,0.3848602455763511,1.188979712438492,3.053327146762541e-05
64,0.38227600201452555,0.9965185472899741,1.0,0.3848602455763511,1.1883660075432696,5.007141671065085e-05
64,0.3823916813248544,0.9970703362046105,1.0,0.3848602455763511,1.1880065087190925,0.00017379721549537486
64,0.3737379429575456,0.9825779561253053,0.955192687194092,0.3848602455763511,1.2155142789932365,2.6969267383991635e-05
64,0.3828294957408473,0.9981116414520983,1.0,0.3848602455763511,1.1869222524754381,0.00027438090483755673
64,0.38367356103830047,1.0,1.0,0.3848602455763511,1.1852760145443821,0.0012387171383612117
64,0.38372958171439003,1.0,1.0,0.3848602455763511,1.1852760145443821,0.0014115747258494071
64,0.38188898676400806,0.9957054345968321,1.0,0.3848602455763511,1.1895703255070023,0.0005413364919426567
64,0.38346299560218455,1.0,1.0,0.3848602455763511,1.1852760145443821,0.0005885440261834685
64,0.38315681699784765,0.9987890790724778,1.0,0.3848602455763511,1.1863309582042398,0.0006968101397715198
64,0.38379142683902817,1.0,1.0,0.3848602455763511,1.1852760145443821,0.0016023456460012575
64,0.3817576633027021,0.9932727819506075,1.0,0.3848602455763511,1.191169256015518,0.0011897219785501623
64,0.38267103505591266,0.9981485628711867,1.0,0.3848602455763511,1.187139251938562,0.00024924661363945333
64,0.37382553066013186,0.982139817898319,0.9596734184746828,0.3848602455763511,1.2152294827603922,0.0008875322003263353
64,0.38192316677116767,0.9961828672320215,1.0,0.3848602455763511,1.1894638655546512,0.000853698478404441
64,0.3825698148264955,0.9973751919585533,1.0,0.3848602455763511,1.1875659658783144,0.00011262092336594698
64,0.38295641161562377,1.0,1.0,0.3848602455763511,1.1862546037006534,0.0009785891562712479
64,0.38393306275550354,1.0,1.0,0.3848602455763511,1.1852760145443821,0.0020390121400570838
64,0.3825855261691282,0.9996887084023629,1.0,0.3768742705482387,1.1874045807309042,0.0008587211906889713
64,0.39085846137953567,1.0,1.0,0.3848602455763511,1.1852760145443821,0.023004115104612533
64,0.38187446224433186,0.9970703362046105,1.0,0.3759869399895595,1.1896155705790403,0.00069228760016804
64,0.38227600201452555,0.985187216523301,0.955192687194092,0.3848602455763511,1.2131418990112408,0.02477589146797121
64,0.37467036875813897,0.9840088689151376,0.9596734184746828,0.3848602455763511,1.212659136658229,0.0001698550125399656
64,0.3737379429575456,0.9980635419886983,1.0,0.3768742705482387,1.2155142789932365,0.027562495544985355
64,0.3828294957408473,0.9981116414520983,1.0,0.3848602455763511,1.1869222524754381,0.00027438090483755673
64,0.37844922148850196,0.9986499557424103,0.9965971261598913,0.2973404763843518,1.200382456845377,0.0006565114019876361
65,0.382175041791498,0.996101233635688,1.0,0.3848602455763511,1.188681750695082,1.8092636036026732e-06
65,0.38284681780317525,1.0,1.0,0.3759869399895595,1.1865941811978897,0.0002047943839258437
65,0.3833640368836978,1.0,1.0,0.3848602455763511,1.1852760145443821,0.00028273768467856897
65,0.3826734655121419,0.997867756848944,1.0,0.3848602455763511,1.18713532111803,3.6090019075452062e-06
65,0.38319073353051153,0.9999695144246057,1.0,0.3848602455763511,1.1855292065935856,0.00022666463595566455
65,0.3779931502630614,0.9980906402779377,0.9962190290665458,0.2876160575852408,1.2018333605723341,2.5708768474075328e-06
65,0.38345885449007816,1.0,1.0,0.3848602455763511,1.1852760145443821,0.0005757501538912191
65,0.3833839694239116,0.9999695144246057,1.0,0.3848602455763511,1.18530254195763,0.0003708741582060249
65,0.3826561288200635,0.9978196573855441,1.0,0.3848602455763511,1.1871854965333724,8.141247637150073e-06
65,0.38306896262779094,0.999661271384508,1.0,0.3848602455763511,1.1859060655286489,0.0003352110630565619
65,0.3831261959733825,0.9992143243247129,1.0,0.3848602455763511,1.1859601969832072,0.00023128815181294726
65,0.38346299560218455,1.0,1.0,0.3848602455763511,1.1852760145443821,0.0005885440261834685
65,0.3737379429575456,0.9825779561253053,0.955192687194092,0.3848602455763511,1.2155142789932365,2.6969267383991635e-05
65,0.3820786860705092,0.9957963778817452,1.0,0.3848602455763511,1.188979712438492,3.053327146762541e-05
65,0.3833517925778684,0.999661271384508,1.0,0.3848602455763511,1.1855708544655923,0.0005397287674828721
65,0.3828294957408473,0.9981116414520983,1.0,0.3848602455763511,1.1869222524754381,0.00027438090483755673
65,0.3825698148264955,0.9973751919585533,1.0,0.3848602455763511,1.1875659658783144,0.00011262092336594698
65,0.38267103505591266,0.9981485628711867,1.0,0.3848602455763511,1.187139251938562,0.00024924661363945333
65,0.38227600201452555,0.9965185472899741,1.0,0.3848602455763511,1.1883660075432696,5.007141671065085e-05
65,0.3828294957408473,0.9981116414520983,1.0,0.3848602455763511,1.1869222524754381,0.00027438090483755673
65,0.3824412105113257,0.996101233635688,1.0,0.3848602455763511,1.188681750695082,0.0008290982920147183
65,0.38169395476293255,0.9944017109425765,1.0,0.3848602455763511,1.1901781535260232,3.440350331063158e-06
65,0.38263973723779715,0.9968941295788316,1.0,0.3848602455763511,1.1879869648757926,0.0007506115003645952
65,0.3830011158256479,1.0,1.0,0.3768742705482387,1.186277084108656,0.00016094103544284089
65,0.3837084161483837,1.0,1.0,0.3848602455763511,1.1852760145443821,0.0013462721163062241
65,0.38305090185506097,0.9990747146516649,1.0,0.3848602455763511,1.1860818845361085,0.00011990377590964663
65,0.3877167478137051,1.0,1.0,0.3848602455763511,1.1852760145443821,0.013586091754251406
65,0.38351036450111053,0.9995977476461844,1.0,0.3848602455763511,1.1856261697536898,0.0010850247226172893
65,0.38624679705319853,0.99531035580198,1.0,0.3848602455763511,1.1893758708729663,0.013226813400647242
65,0.38268205493115914,0.9984534186251295,1.0,0.3848602455763511,1.1871050665717442,0.00048123097979146934
65,0.38255639921423124,0.997079177021475,1.0,0.3848602455763511,1.1878249735838962,0.000329986628842871
65,0.38281965994877915,0.997298944147206,1.0,0.3848602455763511,1.1876326666299126,0.00095430649533923
65,0.3826760638745641,0.9975775341711902,1.0,0.3848602455763511,1.1873890085553716,0.00026535703857599735
65,0.38702374598591993,0.9981674639279312,1.0,0.3848602455763511,1.1868734980738407,0.013085556068055615
65,0.3821882798829577,0.9960737966178331,1.0,0.3848602455763511,1.1887058125541679,6.704416374825328e-05
65,0.3828294957408473,0.9999173840906816,0.9965971261598913,0.2973404763843518,1.198717380101336,0.012069508530735407
65,0.3825698148264955,0.9968973528490254,1.0,0.3848602455763511,1.187984142697173,0.0005307977422244203
65,0.38347423964702015,1.0,1.0,0.3848602455763511,1.1852760145443821,0.000623280854952446
65,0.38152412605140085,0.9957963778817452,1.0,0.3768742705482387,1.19070794026289,0.0007871773820031791
65,0.3840478630444925,1.0,1.0,0.3848602455763511,1.1852760145443821,0.002392707506014613
66,0.382175041791498,0.996101233635688,1.0,0.3848602455763511,1.188681750695082,1.8092636036026732e-06
66,0.3833640368836978,1.0,1.0,0.3848602455763511,1.1852760145443821,0.00028273768467856897
66,0.3826734655121419,0.997867756848944,1.0,0.3848602455763511,1.18713532111803,3.6090019075452062e-06
66,0.38319073353051153,0.9999695144246057,1.0,0.3848602455763511,1.1855292065935856,0.00022666463595566455
66,0.38305090185506097,0.9990747146516649,1.0,0.3848602455763511,1.1860818845361085,0.00011990377590964663
66,0.3779931502630614,0.9980906402779377,0.9962190290665458,0.2876160575852408,1.2018333605723341,2.5708768474075328e-06
66,0.38169395476293255,0.9944017109425765,1.0,0.3848602455763511,1.1901781535260232,3.440350331063158e-06
66,0.38345885449007816,1.0,1.0,0.3848602455763511,1.1852760145443821,0.0005757501538912191
66,0.3833839694239116,0.9999695144246057,1.0,0.3848602455763511,1.18530254195763,0.0003708741582060249
66,0.3826561288200635,0.9978196573855441,1.0,0.3848602455763511,1.1871854965333724,8.141247637150073e-06
66,0.38306896262779094,0.999661271384508,1.0,0.3848602455763511,1.1859060655286489,0.0003352110630565619
66,0.3831261959733825,0.9992143243247129,1.0,0.3848602455763511,1.1859601969832072,0.00023128815181294726
66,0.3830011158256479,1.0,1.0,0.3768742705482387,1.186277084108656,0.00016094103544284089
66,0.38346299560218455,1.0,1.0,0.3848602455763511,1.1852760145443821,0.0005885440261834685
66,0.3833517925778684,0.999661271384508,1.0,0.3848602455763511,1.1855708544655923,0.0005397287674828721
66,0.3737379429575456,0.9825779561253053,0.955192687194092,0.3848602455763511,1.2155142789932365,2.6969267383991635e-05
66,0.3820786860705092,0.9957963778817452,1.0,0.3848602455763511,1.188979712438492,3.053327146762541e-05
66,0.3825698148264955,0.9973751919585533,1.0,0.3848602455763511,1.1875659658783144,0.00011262092336594698
66,0.38227600201452555,0.9965185472899741,1.0,0.3848602455763511,1.1883660075432696,5.007141671065085e-05
66,0.38284681780317525,1.0,1.0,0.3759869399895595,1.1865941811978897,0.0002047943839258437
66,0.3829234332314367,0.9995999811157082,1.0,0.3768742705482387,1.1866224991228334,0.00026573202196122914
66,0.3903730291525647,1.0,1.0,0.3768742705482387,1.186277084108656,0.022559889546243772
66,0.38782389390897415,1.0,1.0,0.3848602455763511,1.1852760145443821,0.0139098005348115
66,0.3833762754532946,0.9997256298214515,1.0,0.3848602455763511,1.1855148195062406,0.0005593713375158238
66,0.38136711173065857,0.9934883053416214,1.0,0.3848602455763511,1.191198171832949,0.00021895816385231193
66,0.38339957244678213,1.0,1.0,0.3848602455763511,1.1852760145443821,0.0003925693231587868
66,0.38219658707298426,0.996795966026062,1.0,0.3768742705482387,1.1890515398222539,0.000438606953212739
66,0.37467036875813897,1.0,0.9596734184746828,0.3848602455763511,1.2124892816456891,0.013970731955463611
66,0.3827561455220419,0.9980809811640496,1.0,0.3848602455763511,1.186949032970201,7.375582606350406e-05
66,0.3833355378824114,0.9991333703249492,1.0,0.3848602455763511,1.1860307545283257,0.000949379588751853
66,0.38296003765433617,0.9986991323628074,1.0,0.3848602455763511,1.1864094210562486,0.00016604935027264567
66,0.3831261959733825,0.9984704295761996,1.0,0.3848602455763511,1.1866089881086277,0.0008800792772334365
66,0.3843542445037381,1.0,1.0,0.3768742705482387,1.186277084108656,0.004336692409373066
66,0.3824224159971469,0.9971568528413537,1.0,0.3848602455763511,1.1879110305538387,0.00015403678641545682
66,0.38335148674794184,0.999661271384508,1.0,0.37767286805104994,1.1864689059953926,0.0014368349038420547
66,0.38304842780669934,1.0,1.0,0.37767286805104994,1.1861761964488646,0.00020655575045736008
66,0.38113746505527957,0.9910627734840068,1.0,0.3848602455763511,1.1931227474249946,0.0012068432139873408
66,0.3749146091694446,0.9973751919585533,0.9596734184746828,0.3848602455763511,1.2116993981020232,0.010890897077865391
66,0.3819652581288869,0.9968805586842692,1.0,0.3759869399895595,1.189332790416631,0.00024485329148249413
66,0.3771886215103978,1.0,0.9962190290665458,0.2876160575852408,1.2043942483165637,0.004065242270101743
67,0.382175041791498,0.996101233635688,1.0,0.3848602455763511,1.188681750695082,1.8092636036026732e-06
67,0.3833640368836978,1.0,1.0,0.3848602455763511,1.1852760145443821,0.00028273768467856897
67,0.3826734655121419,0.997867756848944,1.0,0.3848602455763511,1.18713532111803,3.6090019075452062e-06
67,0.38319073353051153,0.9999695144246057,1.0,0.3848602455763511,1.1855292065935856,0.00022666463595566455
67,0.38305090185506097,0.9990747146516649,1.0,0.3848602455763511,1.1860818845361085,0.00011990377590964663
67,0.3827561455220419,0.9980809811640496,1.0,0.3848602455763511,1.186949032970201,7.375582606350406e-05
67,0.3779931502630614,0.9980906402779377,0.9962190290665458,0.2876160575852408,1.2018333605723341,2.5708768474075328e-06
67,0.38169395476293255,0.9944017109425765,1.0,0.3848602455763511,1.1901781535260232,3.440350331063158e-06
67,0.3833839694239116,0.9999695144246057,1.0,0.3848602455763511,1.18530254195763,0.0003708741582060249
67,0.38339957244678213,1.0,1.0,0.3848602455763511,1.1852760145443821,0.0003925693231587868
67,0.3826561288200635,0.9978196573855441,1.0,0.3848602455763511,1.1871854965333724,8.141247637150073e-06
67,0.38306896262779094,0.999661271384508,1.0,0.3848602455763511,1.1859060655286489,0.0003352110630565619
67,0.3831261959733825,0.9992143243247129,1.0,0.3848602455763511,1.1859601969832072,0.00023128815181294726
67,0.3830011158256479,1.0,1.0,0.3768742705482387,1.186277084108656,0.00016094103544284089
67,0.38304842780669934,1.0,1.0,0.37767286805104994,1.1861761964488646,0.00020655575045736008
67,0.38345885449007816,1.0,1.0,0.3848602455763511,1.1852760145443821,0.0005757501538912191
67,0.3737379429575456,0.9825779561253053,0.955192687194092,0.3848602455763511,1.2155142789932365,2.6969267383991635e-05
67,0.3820786860705092,0.9957963778817452,1.0,0.3848602455763511,1.188979712438492,3.053327146762541e-05
67,0.38296003765433617,0.9986991323628074,1.0,0.3848602455763511,1.1864094210562486,0.00016604935027264567
67,0.3833517925778684,0.999661271384508,1.0,0.3848602455763511,1.1855708544655923,0.0005397287674828721
67,0.3830864205868195,0.9996646586706629,1.0,0.3848602455763511,1.185852021588856,0.00028411651152748796
67,0.3822165710236013,0.9951902426349266,1.0,0.3848602455763511,1.1894813856420354,0.0009305986449732462
67,0.37829069910015345,0.9983954960318805,0.9962190290665458,0.2876160575852408,1.2015927835067255,0.0007073074384589262
67,0.3742609363150351,0.9843597289008308,0.955192687194092,0.3848602455763511,1.2138843643211186,6.864863082167716e-05
67,0.3825646361484871,0.9983120618255382,1.0,0.3848602455763511,1.1874694192020856,0.0007221851205818641
67,0.3827561455220419,0.9949615398483188,1.0,0.38334291032100976,1.1898645111733555,0.002989234029217913
67,0.3833536952568269,1.0,1.0,0.3768742705482387,1.186277084108656,0.0012518400123417983
67,0.383007031496122,0.9981245131394869,1.0,0.3848602455763511,1.1869110100786922,0.0008131869621665899
67,0.372202887042081,0.9775394959736241,1.0,0.3848602455763511,1.2205273577313287,0.015258597071294844
67,0.38180788441998254,0.9952684768221864,1.0,0.3848602455763511,1.189823010025751,0.0004103529815309148
67,0.3823955150647434,0.9978283505880433,1.0,0.37767286805104994,1.1880562565921298,6.16583368096002e-05
67,0.3833519874171357,0.9999695144246057,1.0,0.3848602455763511,1.18530254195763,0.00027201855350433846
67,0.3831160106722038,0.9987265693806623,1.0,0.3848602455763511,1.1863854855346379,0.0006250535987928352
67,0.3830011158256479,0.9996310507305468,1.0,0.3848602455763511,1.1861161430732132,0.0005189739017745776
67,0.37501493699657634,0.9839814318972828,0.9596734184746828,0.3848602455763511,1.2126837935458896,0.0013085616448127446
67,0.3829881416275181,0.9987606522539532,1.0,0.3848602455763511,1.186355754129248,0.00019942990123555937
67,0.38279311587622245,0.999251762037523,0.955192687194092,0.3848602455763511,1.2007105208257516,0.01394987270034398
67,0.39116364033573287,1.0,1.0,0.3848602455763511,1.1852760145443821,0.023910899088617654
67,0.38296003765433617,0.9813660453971133,0.955192687194092,0.3848602455763511,1.2165809131272147,0.03033754142123879
67,0.3831142862516408,1.0,1.0,0.37767286805104994,1.1861761964488646,0.0004104273336460462
68,0.382175041791498,0.996101233635688,1.0,0.3848602455763511,1.188681750695082,1.8092636036026732e-06
68,0.3833640368836978,1.0,1.0,0.3848602455763511,1.1852760145443821,0.00028273768467856897
68,0.3826734655121419,0.997867756848944,1.0,0.3848602455763511,1.18713532111803,3.6090019075452062e-06
68,0.38319073353051153,0.9999695144246057,1.0,0.3848602455763511,1.1855292065935856,0.00022666463595566455
68,0.38305090185506097,0.9990747146516649,1.0,0.3848602455763511,1.1860818845361085,0.00011990377590964663
68,0.3827561455220419,0.9980809811640496,1.0,0.3848602455763511,1.186949032970201,7.375582606350406e-05
68,0.3833519874171357,0.9999695144246057,1.0,0.3848602455763511,1.18530254195763,0.00027201855350433846
68,0.3779931502630614,0.9980906402779377,0.9962190290665458,0.2876160575852408,1.2018333605723341,2.5708768474075328e-06
68,0.38169395476293255,0.9944017109425765,1.0,0.3848602455763511,1.1901781535260232,3.440350331063158e-06
68,0.38339957244678213,1.0,1.0,0.3848602455763511,1.1852760145443821,0.0003925693231587868
68,0.3826561288200635,0.9978196573855441,1.0,0.3848602455763511,1.1871854965333724,8.141247637150073e-06
68,0.3831261959733825,0.9992143243247129,1.0,0.3848602455763511,1.1859601969832072,0.00023128815181294726
68,0.3830011158256479,1.0,1.0,0.3768742705482387,1.186277084108656,0.00016094103544284089
68,0.38304842780669934,1.0,1.0,0.37767286805104994,1.1861761964488646,0.00020655575045736008
68,0.3833839694239116,0.9999695144246057,1.0,0.3848602455763511,1.18530254195763,0.0003708741582060249
68,0.3830864205868195,0.9996646586706629,1.0,0.3848602455763511,1.185852021588856,0.00028411651152748796
68,0.38345885449007816,1.0,1.0,0.3848602455763511,1.1852760145443821,0.0005757501538912191
68,0.3737379429575456,0.9825779561253053,0.955192687194092,0.3848602455763511,1.2155142789932365,2.6969267383991635e-05
68,0.3820786860705092,0.9957963778817452,1.0,0.3848602455763511,1.188979712438492,3.053327146762541e-05
68,0.38306896262779094,0.999661271384508,1.0,0.3848602455763511,1.1859060655286489,0.0003352110630565619
68,0.38292383412982917,0.999661271384508,1.0,0.3848602455763511,1.1863555250561697,0.0007846705905774076
68,0.38369445772893757,1.0,1.0,0.37767286805104994,1.1861761964488646,0.002203383844601392
68,0.38357799612059196,1.0,1.0,0.3848602455763511,1.1852760145443821,0.0009437251739110586
68,0.3825156003575916,0.997210473581186,1.0,0.3848602455763511,1.1877100724973668,8.84281260902231e-05
68,0.38297165352164486,1.0,1.0,0.37048549052574875,1.1870905224837136,0.0008831305831327185
68,0.3913783546934018,1.0,1.0,0.3848602455763511,1.1852760145443821,0.02454803642939485
68,0.3844016134026641,1.0,1.0,0.3848602455763511,1.1852760145443821,0.003481270555340643
68,0.3838449265587091,1.0,1.0,0.3848602455763511,1.1852760145443821,0.001767324273913795
68,0.38361178554014236,1.0,1.0,0.3768742705482387,1.186277084108656,0.002049113484419385
68,0.3829997004379296,0.9993902884921144,1.0,0.3848602455763511,1.186120526403579,0.00031365609944589146
68,0.382827954533454,0.9982728830476447,1.0,0.3848602455763511,1.1867814416778573,0.00012879284257016899
68,0.38295172338322697,0.9996951442460572,1.0,0.3848602455763511,1.1862691262550897,0.000727764772724182
68,0.3830011158256479,0.9982728830476447,1.0,0.3848602455763511,1.1867814416778573,0.0006652986046440379
68,0.37623916182193384,0.989358620664456,1.0,0.3848602455763511,1.20743360174064,0.012798544056438654
68,0.37308444671636937,0.9806589372893549,1.0,0.3848602455763511,1.2176433787648302,0.015206086917195938
68,0.382786945905453,0.9996646586706629,1.0,0.3848602455763511,1.1867797769869544,0.0012118719096259056
68,0.37516436625424543,0.9862519832903908,0.9596734184746828,0.3848602455763511,1.2108927369802867,0.0002447842179684745
68,0.38370489331613783,0.9825779561253053,0.955192687194092,0.3848602455763511,1.2154873097258525,0.03154669752276118
68,0.3773560330057905,0.9961283319249274,0.9962190290665458,0.2876160575852408,1.2038599268164867,0.00047448518116977034
68,0.3828221527012441,0.999305267609626,1.0,0.37767286805104994,1.1867767576032768,0.00010612454347880274
69,0.382175041791498,0.996101233635688,1.0,0.3848602455763511,1.188681750695082,1.8092636036026732e-06
69,0.3833640368836978,1.0,1.0,0.3848602455763511,1.1852760145443821,0.00028273768467856897
69,0.3826734655121419,0.997867756848944,1.0,0.3848602455763511,1.18713532111803,3.6090019075452062e-06
69,0.38319073353051153,0.9999695144246057,1.0,0.3848602455763511,1.1855292065935856,0.00022666463595566455
69,0.38305090185506097,0.9990747146516649,1.0,0.3848602455763511,1.1860818845361085,0.00011990377590964663
69,0.3827561455220419,0.9980809811640496,1.0,0.3848602455763511,1.186949032970201,7.375582606350406e-05
69,0.3833519874171357,0.9999695144246057,1.0,0.3848602455763511,1.18530254195763,0.00027201855350433846
69,0.3828221527012441,0.999305267609626,1.0,0.37767286805104994,1.1867767576032768,0.00010612454347880274
69,0.3779931502630614,0.9980906402779377,0.9962190290665458,0.2876160575852408,1.2018333605723341,2.5708768474075328e-06
69,0.38169395476293255,0.9944017109425765,1.0,0.3848602455763511,1.1901781535260232,3.440350331063158e-06
69,0.38339957244678213,1.0,1.0,0.3848602455763511,1.1852760145443821,0.0003925693231587868
69,0.3826561288200635,0.9978196573855441,1.0,0.3848602455763511,1.1871854965333724,8.141247637150073e-06
69,0.3831261959733825,0.9992143243247129,1.0,0.3848602455763511,1.1859601969832072,0.00023128815181294726
69,0.3830011158256479,1.0,1.0,0.3768742705482387,1.186277084108656,0.00016094103544284089
69,0.38304842780669934,1.0,1.0,0.37767286805104994,1.1861761964488646,0.00020655575045736008
69,0.3833839694239116,0.9999695144246057,1.0,0.3848602455763511,1.18530254195763,0.0003708741582060249
69,0.3830864205868195,0.9996646586706629,1.0,0.3848602455763511,1.185852021588856,0.00028411651152748796
69,0.382827954533454,0.9982728830476447,1.0,0.3848602455763511,1.1867814416778573,0.00012879284257016899
69,0.38345885449007816,1.0,1.0,0.3848602455763511,1.1852760145443821,0.0005757501538912191
69,0.3737379429575456,0.9825779561253053,0.955192687194092,0.3848602455763511,1.2155142789932365,2.6969267383991635e-05
69,0.38279516893924437,0.9981842709643748,1.0,0.3848602455763511,1.1868588201619406,0.00010453704475121839
69,0.38156587961150157,0.9944291479604314,1.0,0.37839160580358006,1.1909283999832923,0.0003507551636596773
69,0.3830298996317462,1.0,1.0,0.3768742705482387,1.186277084108656,0.0002500749046681072
69,0.3787442957444088,0.9989886843579023,1.0,0.2973404763843518,1.1994472560692808,0.001365985063323416
69,0.3744910989521619,0.9825930435604195,0.9596734184746828,0.3848602455763511,1.2139332975003758,0.0008635942684389608
69,0.3844439527720098,1.0,1.0,0.3848602455763511,1.1852760145443821,0.003611423321864038
69,0.3735001018605277,0.9822545041703721,0.955192687194092,0.37839160580358006,1.2167896551546429,0.0005013489326517462
69,0.3828221527012441,1.0,1.0,0.2876160575852408,1.198763876641104,0.012093243581305924
69,0.38308672186561177,0.9980906402779377,0.9962190290665458,0.3848602455763511,1.188136652459741,0.0022855634849474615
69,0.38444002228630797,1.0,1.0,0.3848602455763511,1.1852760145443821,0.003599342072517331
69,0.3830239394754248,0.9983553513425981,1.0,0.3848602455763511,1.1867094404574345,0.0006639757324484741
69,0.38384998369770085,1.0,1.0,0.3848602455763511,1.1852760145443821,0.0017829167401981483
69,0.3825421991630135,0.9969339904491896,1.0,0.3848602455763511,1.187952065424265,0.00041299839222075363
69,0.383100463307403,1.0,1.0,0.3848602455763511,1.1858085536473,0.0005325391029178395
69,0.3867589850828803,0.9975178501891407,1.0,0.37767286805104994,1.1883257347155767,0.013734260880706062
69,0.3737059609507697,0.9825779561253053,0.955192687194092,0.3848602455763511,1.2156183035201775,0.00013099379432501834
69,0.3735059468520694,0.9818982850354018,0.955192687194092,0.3848602455763511,1.2162692725361741,0.0001689740014096941
69,0.3742067011058103,0.9982728830476447,0.9596734184746828,0.3848602455763511,1.2139916386465943,0.013967661822893662
69,0.381360909356726,0.9933817020979795,1.0,0.3848602455763511,1.1912175452304021,0.0001443421844045112
69,0.38173931969599845,0.9946536355368366,1.0,0.3848602455763511,1.1900367157716605,8.363032538971638e-05
70,0.382175041791498,0.996101233635688,1.0,0.3848602455763511,1.188681750695082,1.8092636036026732e-06
70,0.3833640368836978,1.0,1.0,0.3848602455763511,1.1852760145443821,0.00028273768467856897
70,0.3826734655121419,0.997867756848944,1.0,0.3848602455763511,1.18713532111803,3.6090019075452062e-06
70,0.38319073353051153,0.9999695144246057,1.0,0.3848602455763511,1.1855292065935856,0.00022666463595566455
70,0.38305090185506097,0.9990747146516649,1.0,0.3848602455763511,1.1860818845361085,0.00011990377590964663
70,0.3827561455220419,0.9980809811640496,1.0,0.3848602455763511,1.186949032970201,7.375582606350406e-05
70,0.3833519874171357,0.9999695144246057,1.0,0.3848602455763511,1.18530254195763,0.00027201855350433846
70,0.3828221527012441,0.999305267609626,1.0,0.37767286805104994,1.1867767576032768,0.00010612454347880274
70,0.38279516893924437,0.9981842709643748,1.0,0.3848602455763511,1.1868588201619406,0.00010453704475121839
70,0.3779931502630614,0.9980906402779377,0.9962190290665458,0.2876160575852408,1.2018333605723341,2.5708768474075328e-06
70,0.38169395476293255,0.9944017109425765,1.0,0.3848602455763511,1.1901781535260232,3.440350331063158e-06
70,0.38339957244678213,1.0,1.0,0.3848602455763511,1.1852760145443821,0.0003925693231587868
70,0.3826561288200635,0.9978196573855441,1.0,0.3848602455763511,1.1871854965333724,8.141247637150073e-06
70,0.3831261959733825,0.9992143243247129,1.0,0.3848602455763511,1.1859601969832072,0.00023128815181294726
70,0.3830011158256479,1.0,1.0,0.3768742705482387,1.186277084108656,0.00016094103544284089
70,0.38304842780669934,1.0,1.0,0.37767286805104994,1.1861761964488646,0.00020655575045736008
70,0.3833839694239116,0.9999695144246057,1.0,0.3848602455763511,1.18530254195763,0.0003708741582060249
70,0.3830864205868195,0.9996646586706629,1.0,0.3848602455763511,1.185852021588856,0.00028411651152748796
70,0.382827954533454,0.9982728830476447,1.0,0.3848602455763511,1.1867814416778573,0.00012879284257016899
70,0.38345885449007816,1.0,1.0,0.3848602455763511,1.1852760145443821,0.0005757501538912191
70,0.38365950707952445,1.0,1.0,0.3848602455763511,1.1852760145443821,0.0011953442751411192
70,0.3837320581394709,0.9999725629821451,1.0,0.3848602455763511,1.1852998891435198,0.0014430894257326798
70,0.38368399329715,1.0,1.0,0.3848602455763511,1.1852760145443821,0.001270910776244305
70,0.37826678920798595,0.9980087913215159,0.9962190290665458,0.29408469735801185,1.2009613829228507,6.995216819905004e-05
70,0.38187180749491495,0.9949889768661737,1.0,0.3848602455763511,1.18965824693853,3.4406224925787043e-05
70,0.38350366191654994,0.9991672431864984,1.0,0.3848602455763511,1.1860012303716312,0.0014393828337566639
70,0.3840434050841597,0.9999695144246057,1.0,0.3848602455763511,1.18530254195763,0.0024055040576524966
70,0.38364923497543557,1.0,1.0,0.3848602455763511,1.1852760145443821,0.0011636408368069784
70,0.3788446313361471,0.9988763498260862,0.9965971261598913,0.30380911615712286,1.199129586924929,0.0005705620897091812
70,0.3818923807088534,0.9959561161996962,1.0,0.37839160580358006,1.1895955862014789,3.58326154361599e-05
70,0.38384088812800027,1.0,1.0,0.3848602455763511,1.1852760145443821,0.0017548724534477422
70,0.38194186476257397,0.9965185472899741,1.0,0.3768742705482387,1.1894056352658824,0.00011303214946245532
70,0.3826392720100337,0.9981695640453474,1.0,0.37839160580358006,1.1876708186587808,0.00043302179505366745
70,0.3827973955827698,0.9973515141508732,1.0,0.3848602455763511,1.187586677873778,0.0008392978305500343
70,0.38752190878541215,0.9995380811354002,1.0,0.3848602455763511,1.1856781326433832,0.013399105288446123
70,0.38277090024188476,0.9980847727852042,1.0,0.3848602455763511,1.1869457210566328,0.00011619454856970357
70,0.3833839694239116,1.0,1.0,0.3848602455763511,1.1852760145443821,0.0003443467449582016
70,0.38222315049435457,0.9962900869617437,1.0,0.3848602455763511,1.1885303276525372,1.4162577043341784e-05
70,0.382827954533454,0.9962764445383945,1.0,0.3848602455763511,1.1885281245780948,0.001875475742807664
70,0.38301229470850856,0.9988832524021569,1.0,0.3848602455763511,1.1862488235041162,0.0001672993023364988
71,0.382175041791498,0.996101233635688,1.0,0.3848602455763511,1.188681750695082,1.8092636036026732e-06
71,0.3833640368836978,1.0,1.0,0.3848602455763511,1.1852760145443821,0.00028273768467856897
71,0.3826734655121419,0.997867756848944,1.0,0.3848602455763511,1.18713532111803,3.6090019075452062e-06
71,0.38319073353051153,0.9999695144246057,1.0,0.3848602455763511,1.1855292065935856,0.00022666463595566455
71,0.38305090185506097,0.9990747146516649,1.0,0.3848602455763511,1.1860818845361085,0.00011990377590964663
71,0.3827561455220419,0.9980809811640496,1.0,0.3848602455763511,1.186949032970201,7.375582606350406e-05
71,0.3833519874171357,0.9999695144246057,1.0,0.3848602455763511,1.18530254195763,0.00027201855350433846
71,0.3828221527012441,0.999305267609626,1.0,0.37767286805104994,1.1867767576032768,0.00010612454347880274
71,0.38279516893924437,0.9981842709643748,1.0,0.3848602455763511,1.1868588201619406,0.00010453704475121839
71,0.3779931502630614,0.9980906402779377,0.9962190290665458,0.2876160575852408,1.2018333605723341,2.5708768474075328e-06
71,0.38169395476293255,0.9944017109425765,1.0,0.3848602455763511,1.1901781535260232,3.440350331063158e-06
71,0.3833839694239116,1.0,1.0,0.3848602455763511,1.1852760145443821,0.0003443467449582016
71,0.3826561288200635,0.9978196573855441,1.0,0.3848602455763511,1.1871854965333724,8.141247637150073e-06
71,0.3831261959733825,0.9992143243247129,1.0,0.3848602455763511,1.1859601969832072,0.00023128815181294726
71,0.3830011158256479,1.0,1.0,0.3768742705482387,1.186277084108656,0.00016094103544284089
71,0.38304842780669934,1.0,1.0,0.37767286805104994,1.1861761964488646,0.00020655575045736008
71,0.38301229470850856,0.9988832524021569,1.0,0.3848602455763511,1.1862488235041162,0.0001672993023364988
71,0.3830864205868195,0.9996646586706629,1.0,0.3848602455763511,1.185852021588856,0.00028411651152748796
71,0.382827954533454,0.9982728830476447,1.0,0.3848602455763511,1.1867814416778573,0.00012879284257016899
71,0.38277090024188476,0.9980847727852042,1.0,0.3848602455763511,1.1869457210566328,0.00011619454856970357
71,0.38323861963726136,0.9996353864211693,1.0,0.3848602455763511,1.1855933937608245,0.00021232040612684244
71,0.3824893162507827,0.9971869849266957,1.0,0.3848602455763511,1.187730625816871,2.7369822102274455e-05
71,0.37711001147155027,0.9929850943891237,1.0,0.2973404763843518,1.2046453089501103,0.0017549163891843467
71,0.3778437287699989,0.996753591076264,0.9962190290665458,0.29408469735801185,1.2023060638282985,0.00041546888255350467
71,0.38314803780100615,0.9993038726859664,1.0,0.3848602455763511,1.1858821621174784,0.00022084722840509663
71,0.3837235378440904,1.0,1.0,0.3848602455763511,1.1852760145443821,0.001392928168100882
71,0.3846371886654099,1.0,1.0,0.3848602455763511,1.1852760145443821,0.004205073699724782
71,0.3838495106404443,1.0,1.0,0.3848602455763511,1.1852760145443821,0.0017814581998560897
71,0.3879093740254864,1.0,1.0,0.3848602455763511,1.1852760145443821,0.014167924021632361
71,0.3829593578214198,0.9987606522539532,0.9962190290665458,0.3848602455763511,1.1875518106331884,0.0013063330972533649
71,0.383563271831122,1.0,1.0,0.3848602455763511,1.1852760145443821,0.0008982608328427233
71,0.38306663382706785,1.0,1.0,0.37767286805104994,1.1861761964488646,0.00026292136800787347
71,0.382482374272308,0.9972490962700942,1.0,0.3848602455763511,1.1877248125708895,4.853404942095629e-05
71,0.38310230974028914,0.9991184438028119,1.0,0.3848602455763511,1.1860437653718996,0.00024092694961574956
71,0.3830011158256479,1.0,0.9965971261598913,0.2901530988590506,1.199772073641007,0.013655930567793684
71,0.38317100339985427,0.9983815675112113,1.0,0.3848602455763511,1.186686554199739,0.001096302678756711
71,0.3826806768418988,0.9967264927870246,1.0,0.3848602455763511,1.1881337667387537,0.0010244252275160015
71,0.38334080853427505,1.0,1.0,0.3768742705482387,1.186277084108656,0.001212003159187125
71,0.38314450438823566,1.0,1.0,0.3848602455763511,1.185672249225264,0.0003962346808819017
71,0.382485530096524,0.9980635419886983,1.0,0.37767286805104994,1.187852249495669,0.00013723664377707223
72,0.382175041791498,0.996101233635688,1.0,0.3848602455763511,1.188681750695082,1.8092636036026732e-06
72,0.3833640368836978,1.0,1.0,0.3848602455763511,1.1852760145443821,0.00028273768467856897
72,0.3826734655121419,0.997867756848944,1.0,0.3848602455763511,1.18713532111803,3.6090019075452062e-06
72,0.38319073353051153,0.9999695144246057,1.0,0.3848602455763511,1.1855292065935856,0.00022666463595566455
72,0.38305090185506097,0.9990747146516649,1.0,0.3848602455763511,1.1860818845361085,0.00011990377590964663
72,0.3827561455220419,0.9980809811640496,1.0,0.3848602455763511,1.186949032970201,7.375582606350406e-05
72,0.3833519874171357,0.9999695144246057,1.0,0.3848602455763511,1.18530254195763,0.00027201855350433846
72,0.3828221527012441,0.999305267609626,1.0,0.37767286805104994,1.1867767576032768,0.00010612454347880274
72,0.38279516893924437,0.9981842709643748,1.0,0.3848602455763511,1.1868588201619406,0.00010453704475121839
72,0.38323861963726136,0.9996353864211693,1.0,0.3848602455763511,1.1855933937608245,0.00021232040612684244
72,0.3779931502630614,0.9980906402779377,0.9962190290665458,0.2876160575852408,1.2018333605723341,2.5708768474075328e-06
72,0.3833839694239116,1.0,1.0,0.3848602455763511,1.1852760145443821,0.0003443467449582016
72,0.38169395476293255,0.9944017109425765,1.0,0.3848602455763511,1.1901781535260232,3.440350331063158e-06
72,0.3826561288200635,0.9978196573855441,1.0,0.3848602455763511,1.1871854965333724,8.141247637150073e-06
72,0.3830864205868195,0.9996646586706629,1.0,0.3848602455763511,1.185852021588856,0.00028411651152748796
72,0.38277090024188476,0.9980847727852042,1.0,0.3848602455763511,1.1869457210566328,0.00011619454856970357
72,0.38314803780100615,0.9993038726859664,1.0,0.3848602455763511,1.1858821621174784,0.00022084722840509663
72,0.38304842780669934,1.0,1.0,0.37767286805104994,1.1861761964488646,0.00020655575045736008
72,0.382827954533454,0.9982728830476447,1.0,0.3848602455763511,1.1867814416778573,0.00012879284257016899
72,0.3830011158256479,1.0,1.0,0.3768742705482387,1.186277084108656,0.00016094103544284089
72,0.381807508860724,0.9947916050502731,1.0,0.3848602455763511,1.1898317559447569,7.575567360529334e-06
72,0.3833640368836978,0.9995640243244053,1.0,0.3848602455763511,1.18565553825111,0.0006622613914064601
72,0.38226976361178255,0.9964780536709964,1.0,0.3848602455763511,1.188385400930996,3.398177152003079e-05
72,0.38350736804265845,1.0,1.0,0.3848602455763511,1.1852760145443821,0.0007256143369755996
72,0.382652193883122,0.9982656939392551,1.0,0.3848602455763511,1.1871977047478532,0.00040998585682450184
72,0.3829570202057382,0.9980809811640496,1.0,0.3848602455763511,1.186949032970201,0.0006963144493068452
72,0.3789097631365489,0.9999695144246057,0.9965971261598913,0.2973404763843518,1.1989234653722436,0.00024751362288166767
72,0.3828221527012441,0.9971991058488499,0.9965971261598913,0.2973404763843518,1.2008836169497008,0.014212983889902775
72,0.3826006733272955,0.9981443647717709,1.0,0.3848602455763511,1.1873575713914029,0.00046389956858106096
72,0.38440125704250444,1.0,1.0,0.3848602455763511,1.1852760145443821,0.0034801749695307915
72,0.38357142116418885,0.9980906402779377,1.0,0.37767286805104994,1.1878287503774345,0.00347615987731853
72,0.3767741245236713,0.9930521801262565,0.9962190290665458,0.29408469735801185,1.205719227270636,0.0008675297717071206
72,0.37842026532303924,0.9993831445312579,0.9962190290665458,0.2876160575852408,1.2008143882198157,0.00034007986400919066
72,0.37802193406915974,0.9981180772957926,0.9962190290665458,0.2876160575852408,1.2018117026184514,7.242418515440718e-05
72,0.383975171261432,1.0,1.0,0.37839160580358006,1.1860855468590676,0.0029783037358883657
72,0.3821441476700554,0.9961855012534815,1.0,0.3848602455763511,1.188776039258947,0.00016818173228427824
72,0.37835615383912247,0.9978249381290042,0.9965971261598913,0.2973404763843518,1.2006777256607144,0.00029388972671018365
72,0.3843913142125438,1.0,1.0,0.3768742705482387,1.186277084108656,0.004450675697787565
72,0.3832876939177768,1.0,1.0,0.37767286805104994,1.1861761964488646,0.0009468934851366573
72,0.38266435413125915,0.9978561187434272,1.0,0.3848602455763511,1.1871599781645328,1.4486866435348134e-05
73,0.382175041791498,0.996101233635688,1.0,0.3848602455763511,1.188681750695082,1.8092636036026732e-06
73,0.3833640368836978,1.0,1.0,0.3848602455763511,1.1852760145443821,0.00028273768467856897
73,0.3826734655121419,0.997867756848944,1.0,0.3848602455763511,1.18713532111803,3.6090019075452062e-06
73,0.38319073353051153,0.9999695144246057,1.0,0.3848602455763511,1.1855292065935856,0.00022666463595566455
73,0.38305090185506097,0.9990747146516649,1.0,0.3848602455763511,1.1860818845361085,0.00011990377590964663
73,0.3827561455220419,0.9980809811640496,1.0,0.3848602455763511,1.186949032970201,7.375582606350406e-05
73,0.3833519874171357,0.9999695144246057,1.0,0.3848602455763511,1.18530254195763,0.00027201855350433846
73,0.3828221527012441,0.999305267609626,1.0,0.37767286805104994,1.1867767576032768,0.00010612454347880274
73,0.38279516893924437,0.9981842709643748,1.0,0.3848602455763511,1.1868588201619406,0.00010453704475121839
73,0.38323861963726136,0.9996353864211693,1.0,0.3848602455763511,1.1855933937608245,0.00021232040612684244
73,0.3779931502630614,0.9980906402779377,0.9962190290665458,0.2876160575852408,1.2018333605723341,2.5708768474075328e-06
73,0.3833839694239116,1.0,1.0,0.3848602455763511,1.1852760145443821,0.0003443467449582016
73,0.38169395476293255,0.9944017109425765,1.0,0.3848602455763511,1.1901781535260232,3.440350331063158e-06
73,0.3830864205868195,0.9996646586706629,1.0,0.3848602455763511,1.185852021588856,0.00028411651152748796
73,0.38277090024188476,0.9980847727852042,1.0,0.3848602455763511,1.1869457210566328,0.00011619454856970357
73,0.38266435413125915,0.9978561187434272,1.0,0.3848602455763511,1.1871599781645328,1.4486866435348134e-05
73,0.3830011158256479,1.0,1.0,0.3768742705482387,1.186277084108656,0.00016094103544284089
73,0.38314803780100615,0.9993038726859664,1.0,0.3848602455763511,1.1858821621174784,0.00022084722840509663
73,0.38304842780669934,1.0,1.0,0.37767286805104994,1.1861761964488646,0.00020655575045736008
73,0.381807508860724,0.9947916050502731,1.0,0.3848602455763511,1.1898317559447569,7.575567360529334e-06
73,0.38199701724752017,0.9949181244276156,1.0,0.3848602455763511,1.1897205251966074,0.00048661555490636665
73,0.3872525112880773,1.0,1.0,0.3848602455763511,1.1852760145443821,0.012181475278930654
73,0.38401145502208023,0.997867756848944,1.0,0.3848602455763511,1.18713532111803,0.004139865232855033
73,0.38444509568351526,1.0,1.0,0.3848602455763511,1.1852760145443821,0.003614936276167491
73,0.3789784498063391,1.0,0.9965971261598913,0.2973404763843518,1.198706170536628,5.4443892139488526e-05
73,0.3816732613725785,0.9944518147238086,1.0,0.3848602455763511,1.1902426820732122,0.0001120560613889765
73,0.3835592302586196,1.0,1.0,0.3768742705482387,1.186277084108656,0.00188685058129745
73,0.3831208863100747,0.999305267609626,1.0,0.3848602455763511,1.1858809466538713,0.00013560483359875697
73,0.3792463695045597,1.0,0.9962190290665458,0.3848602455763511,1.197859341086321,0.011387270037998665
73,0.3839625503718115,1.0,1.0,0.37767286805104994,1.1861761964488646,0.0030300644656355846
73,0.3837298373768998,1.0,1.0,0.3848602455763511,1.1852760145443821,0.0014123634832607923
73,0.384160666855251,1.0,1.0,0.37767286805104994,1.1861761964488646,0.0036402277922775728
73,0.3879164445779665,1.0,1.0,0.3848602455763511,1.1852760145443821,0.014189269807066918
73,0.381259728059235,0.9930027462111687,1.0,0.3848602455763511,1.1915336786366706,0.00012619641786959512
73,0.385980650496015,0.9943930177400772,1.0,0.3848602455763511,1.1901823629237795,0.013222311373991325
73,0.38298956811366686,0.998810785547005,1.0,0.3848602455763511,1.1863120251991757,0.0001601189389179858
73,0.3830011158256479,0.999198600681439,1.0,0.3768742705482387,1.1869693678113475,0.0008532247381343172
73,0.37823216041034596,0.9983650104564862,0.9962190290665458,0.2876160575852408,1.2016168346017593,0.0005454984466197743
73,0.3841818262891922,1.0,1.0,0.3848602455763511,1.1852760145443821,0.0028051759640623786
73,0.3770545559787823,0.9933098017753506,0.9965971261598913,0.2973404763843518,1.2048224827780936,0.0008188030929727752
74,0.382175041791498,0.996101233635688,1.0,0.3848602455763511,1.188681750695082,1.8092636036026732e-06
74,0.3833640368836978,1.0,1.0,0.3848602455763511,1.1852760145443821,0.00028273768467856897
74,0.3826734655121419,0.997867756848944,1.0,0.3848602455763511,1.18713532111803,3.6090019075452062e-06
74,0.38319073353051153,0.9999695144246057,1.0,0.3848602455763511,1.1855292065935856,0.00022666463595566455
74,0.38305090185506097,0.9990747146516649,1.0,0.3848602455763511,1.1860818845361085,0.00011990377590964663
74,0.3827561455220419,0.9980809811640496,1.0,0.3848602455763511,1.186949032970201,7.375582606350406e-05
74,0.3833519874171357,0.9999695144246057,1.0,0.3848602455763511,1.18530254195763,0.00027201855350433846
74,0.3828221527012441,0.999305267609626,1.0,0.37767286805104994,1.1867767576032768,0.00010612454347880274
74,0.38279516893924437,0.9981842709643748,1.0,0.3848602455763511,1.1868588201619406,0.00010453704475121839
74,0.38323861963726136,0.9996353864211693,1.0,0.3848602455763511,1.1855933937608245,0.00021232040612684244
74,0.3831208863100747,0.999305267609626,1.0,0.3848602455763511,1.1858809466538713,0.00013560483359875697
74,0.3779931502630614,0.9980906402779377,0.9962190290665458,0.2876160575852408,1.2018333605723341,2.5708768474075328e-06
74,0.3833839694239116,1.0,1.0,0.3848602455763511,1.1852760145443821,0.0003443467449582016
74,0.38169395476293255,0.9944017109425765,1.0,0.3848602455763511,1.1901781535260232,3.440350331063158e-06
74,0.38266435413125915,0.9978561187434272,1.0,0.3848602455763511,1.1871599781645328,1.4486866435348134e-05
74,0.38277090024188476,0.9980847727852042,1.0,0.3848602455763511,1.1869457210566328,0.00011619454856970357
74,0.3830864205868195,0.9996646586706629,1.0,0.3848602455763511,1.185852021588856,0.00028411651152748796
74,0.38314803780100615,0.9993038726859664,1.0,0.3848602455763511,1.1858821621174784,0.00022084722840509663
74,0.381807508860724,0.9947916050502731,1.0,0.3848602455763511,1.1898317559447569,7.575567360529334e-06
74,0.38304842780669934,1.0,1.0,0.37767286805104994,1.1861761964488646,0.00020655575045736008
74,0.38212927006570485,0.996101233635688,1.0,0.3848602455763511,1.1888223223911556,0.0001405716960736214
74,0.3829788675970882,0.9980010336300471,1.0,0.3848602455763511,1.187018871577123,0.0008338239631813238
74,0.3831817166630462,0.9994028668726125,1.0,0.3848602455763511,1.1857959121784096,0.0002388082211466358
74,0.3834970091552788,1.0,1.0,0.37767286805104994,1.1861761964488646,0.0015937995795118898
74,0.38172489660901954,0.9945892288717129,1.0,0.3848602455763511,1.1900816800985021,7.194432103441173e-05
74,0.3822107241782622,0.9967822835254123,1.0,0.3848602455763511,1.1885689687804908,0.000484064246983662
74,0.38290476495294856,0.9995076437881862,1.0,0.37767286805104994,1.186601727414388,0.0001871202433894048
74,0.38363352281230984,0.999305267609626,1.0,0.3848602455763511,1.1858809466538713,0.001720076228412859
74,0.3843076729697351,1.0,1.0,0.3848602455763511,1.1852760145443821,0.0031923918328922163
74,0.3816760154767401,0.9944017109425765,1.0,0.3848602455763511,1.1902340935002274,5.938032453522979e-05
74,0.38297677448031997,0.9978772751230393,1.0,0.3848602455763511,1.1871270035693542,0.0009354729935924233
74,0.38229864526972634,0.997570649918555,1.0,0.2876160575852408,1.200678921110889,0.01238329957354245
74,0.38346304149038163,1.0,1.0,0.3848602455763511,1.1852760145443821,0.0005886857951835633
74,0.38283826643531926,0.9944017109425765,1.0,0.3848602455763511,1.1901747131756921,0.0035540273041521075
74,0.3822077068536066,0.9952429713062084,1.0,0.3848602455763511,1.1894350624086543,0.0008567105142684994
74,0.38327073404982354,1.0,1.0,0.37767286805104994,1.1861761964488646,0.0008944466619529301
74,0.3816555286063777,0.9938026333778012,1.0,0.3848602455763511,1.190702195991935,0.00040421196823059447
74,0.38244115806067097,0.9969825358220701,1.0,0.3848602455763511,1.1879095661852688,5.6750871783028956e-05
74,0.38346655261797086,1.0,1.0,0.37839160580358006,1.1860855468590676,0.0014090654401650582
74,0.3836715979629703,1.0,1.0,0.3848602455763511,1.1852760145443821,0.0012326589510602837
75,0.382175041791498,0.996101233635688,1.0,0.3848602455763511,1.188681750695082,1.8092636036026732e-06
75,0.3833640368836978,1.0,1.0,0.3848602455763511,1.1852760145443821,0.00028273768467856897
75,0.3826734655121419,0.997867756848944,1.0,0.3848602455763511,1.18713532111803,3.6090019075452062e-06
75,0.38319073353051153,0.9999695144246057,1.0,0.3848602455763511,1.1855292065935856,0.00022666463595566455
75,0.38305090185506097,0.9990747146516649,1.0,0.3848602455763511,1.1860818845361085,0.00011990377590964663
75,0.3827561455220419,0.9980809811640496,1.0,0.3848602455763511,1.186949032970201,7.375582606350406e-05
75,0.3833519874171357,0.9999695144246057,1.0,0.3848602455763511,1.18530254195763,0.00027201855350433846
75,0.3828221527012441,0.999305267609626,1.0,0.37767286805104994,1.1867767576032768,0.00010612454347880274
75,0.38279516893924437,0.9981842709643748,1.0,0.3848602455763511,1.1868588201619406,0.00010453704475121839
75,0.38323861963726136,0.9996353864211693,1.0,0.3848602455763511,1.1855933937608245,0.00021232040612684244
75,0.3831208863100747,0.999305267609626,1.0,0.3848602455763511,1.1858809466538713,0.00013560483359875697
75,0.3779931502630614,0.9980906402779377,0.9962190290665458,0.2876160575852408,1.2018333605723341,2.5708768474075328e-06
75,0.3833839694239116,1.0,1.0,0.3848602455763511,1.1852760145443821,0.0003443467449582016
75,0.38169395476293255,0.9944017109425765,1.0,0.3848602455763511,1.1901781535260232,3.440350331063158e-06
75,0.38277090024188476,0.9980847727852042,1.0,0.3848602455763511,1.1869457210566328,0.00011619454856970357
75,0.38266435413125915,0.9978561187434272,1.0,0.3848602455763511,1.1871599781645328,1.4486866435348134e-05
75,0.3831817166630462,0.9994028668726125,1.0,0.3848602455763511,1.1857959121784096,0.0002388082211466358
75,0.38290476495294856,0.9995076437881862,1.0,0.37767286805104994,1.186601727414388,0.0001871202433894048
75,0.381807508860724,0.9947916050502731,1.0,0.3848602455763511,1.1898317559447569,7.575567360529334e-06
75,0.38304842780669934,1.0,1.0,0.37767286805104994,1.1861761964488646,0.00020655575045736008
75,0.380838257929667,0.996101233635688,1.0,0.3848602455763511,1.1928523377843387,0.004170587089256772
75,0.38410988595198703,1.0,1.0,0.3848602455763511,1.1852760145443821,0.0025837097801593156
75,0.3824643838471635,0.997928247191221,1.0,0.37767286805104994,1.1879695936491648,0.000188912675413766
75,0.3836872009858408,1.0,1.0,0.3848602455763511,1.1852760145443821,0.0012808092554263961
75,0.38259205732345547,0.9975435613494009,1.0,0.3848602455763511,1.187418714294144,3.4403514998837537e-05
75,0.3829387320786529,0.9990785667447911,1.0,0.3848602455763511,1.1863093707699293,0.00023084427822506193
75,0.38297309046297767,0.9999695144246057,1.0,0.3848602455763511,1.1862029411690054,0.0009003992113754133
75,0.382281001785966,0.996398340566077,1.0,0.3848602455763511,1.1884212771772682,7.081201874181708e-05
75,0.3814163796531013,0.9981842709643748,1.0,0.3848602455763511,1.191044303614066,0.004185483452125549
75,0.3815371197826518,0.9930425210123685,1.0,0.3848602455763511,1.1913723846535802,0.0007049954619526844
75,0.3826770242032823,0.999305267609626,1.0,0.37767286805104994,1.1871206724277477,0.00034391482447082566
75,0.3808269025198879,0.9914378599811384,1.0,0.3848602455763511,1.192887905983372,9.732215477087358e-05
75,0.38213720780655747,0.9961680769144435,1.0,0.3848602455763511,1.1887976282150914,0.00017449253937917852
75,0.38696842924621433,0.9978803860779554,1.0,0.3848602455763511,1.1871242850942187,0.013168551307548126
75,0.38337312490400577,0.9999725629821451,1.0,0.3848602455763511,1.1852998891435198,0.00033470304510641036
75,0.38211162108006635,0.9958939771447317,1.0,0.3848602455763511,1.1888772317602567,1.3687367362846814e-05
75,0.3823623666757681,0.9978561187434272,1.0,0.37839160580358006,1.1880975898422874,0.0001547247503115301
75,0.38376314251191307,1.0,1.0,0.3848602455763511,1.1852760145443821,0.0015151058633002812
75,0.38344102265853297,1.0,1.0,0.37767286805104994,1.1861761964488646,0.0014208378607196703
75,0.38264641484506673,0.9978561187434272,1.0,0.3848602455763511,1.187215634775238,7.01434771406273e-05
76,0.382175041791498,0.996101233635688,1.0,0.3848602455763511,1.188681750695082,1.8092636036026732e-06
76,0.3833640368836978,1.0,1.0,0.3848602455763511,1.1852760145443821,0.00028273768467856897
76,0.3826734655121419,0.997867756848944,1.0,0.3848602455763511,1.18713532111803,3.6090019075452062e-06
76,0.38319073353051153,0.9999695144246057,1.0,0.3848602455763511,1.1855292065935856,0.00022666463595566455
76,0.38305090185506097,0.9990747146516649,1.0,0.3848602455763511,1.1860818845361085,0.00011990377590964663
76,0.3827561455220419,0.9980809811640496,1.0,0.3848602455763511,1.186949032970201,7.375582606350406e-05
76,0.3833519874171357,0.9999695144246057,1.0,0.3848602455763511,1.18530254195763,0.00027201855350433846
76,0.3828221527012441,0.999305267609626,1.0,0.37767286805104994,1.1867767576032768,0.00010612454347880274
76,0.38279516893924437,0.9981842709643748,1.0,0.3848602455763511,1.1868588201619406,0.00010453704475121839
76,0.38323861963726136,0.9996353864211693,1.0,0.3848602455763511,1.1855933937608245,0.00021232040612684244
76,0.3831208863100747,0.999305267609626,1.0,0.3848602455763511,1.1858809466538713,0.00013560483359875697
76,0.3779931502630614,0.9980906402779377,0.9962190290665458,0.2876160575852408,1.2018333605723341,2.5708768474075328e-06
76,0.3833839694239116,1.0,1.0,0.3848602455763511,1.1852760145443821,0.0003443467449582016
76,0.38169395476293255,0.9944017109425765,1.0,0.3848602455763511,1.1901781535260232,3.440350331063158e-06
76,0.38277090024188476,0.9980847727852042,1.0,0.3848602455763511,1.1869457210566328,0.00011619454856970357
76,0.3831817166630462,0.9994028668726125,1.0,0.3848602455763511,1.1857959121784096,0.0002388082211466358
76,0.38266435413125915,0.9978561187434272,1.0,0.3848602455763511,1.1871599781645328,1.4486866435348134e-05
76,0.38337312490400577,0.9999725629821451,1.0,0.3848602455763511,1.1852998891435198,0.00033470304510641036
76,0.38290476495294856,0.9995076437881862,1.0,0.37767286805104994,1.186601727414388,0.0001871202433894048
76,0.38304842780669934,1.0,1.0,0.37767286805104994,1.1861761964488646,0.00020655575045736008
76,0.3832581209160061,0.9991946802043532,1.0,0.3848602455763511,1.1859773172720893,0.0006565595256158296
76,0.38211825182656994,0.9961761813492035,1.0,0.3848602455763511,1.1888566016451303,0.00024057223154838603
76,0.3831996559492386,0.9994028668726125,1.0,0.3848602455763511,1.1857959121784096,0.00029430944041886065
76,0.3833168663416535,0.999876553604313,1.0,0.3848602455763511,1.1853834429910366,0.0002443421930962142
76,0.38305090185506097,0.9984831418843225,1.0,0.3848602455763511,1.1865978928933492,0.0006359121331502848
76,0.38249318148375333,0.9981842709643748,1.0,0.37839160580358006,1.1876912538206263,3.31954409962254e-05
76,0.38208888651157785,0.9955593619818005,1.0,0.3848602455763511,1.1891572096822918,0.00020923885651069618
76,0.3839069478816375,1.0,1.0,0.3848602455763511,1.1852760145443821,0.0019585236644994453
76,0.3825147345001252,0.9971874956581368,1.0,0.3848602455763511,1.1877301789003232,0.00010584623766174417
76,0.3834583814328216,1.0,1.0,0.3848602455763511,1.1852760145443821,0.0005742886365986966
76,0.3817798074832041,0.9946804687655857,1.0,0.3848602455763511,1.1899294858412257,1.8973583330250676e-05
76,0.3821669266107792,0.9955912508388941,1.0,0.3848602455763511,1.1891292148423547,0.0004240322090751647
76,0.3833839694239116,0.9996628234390242,1.0,0.37839160580358006,1.186377126606118,0.001445458806694111
76,0.382054595554853,0.9959657007358833,1.0,0.3848602455763511,1.1890546837505394,0.00025405980541259865
76,0.38334380819885855,0.9999942077406752,1.0,0.3848602455763511,1.185281054628439,0.000225246810991786
76,0.3784586914795941,0.9999822220960332,0.9962190290665458,0.2876160575852408,1.2003524202485187,9.433766568367474e-06
76,0.38254976522495876,0.997467995537457,1.0,0.3848602455763511,1.1875155799071344,3.078382580867789e-05
76,0.3833232893313463,0.9999725629821451,1.0,0.37767286805104994,1.1861998985413713,0.0010806560103846508
76,0.37825843096277856,0.9989850004167914,1.0,0.2876160575852408,1.2009879201494527,0.0014250572325087418
76,0.3822858949956597,1.0,1.0,0.37767286805104994,1.1883352544273,0.002159057978435408
77,0.382175041791498,0.996101233635688,1.0,0.3848602455763511,1.188681750695082,1.8092636036026732e-06
77,0.3833640368836978,1.0,1.0,0.3848602455763511,1.1852760145443821,0.00028273768467856897
77,0.3826734655121419,0.997867756848944,1.0,0.3848602455763511,1.18713532111803,3.6090019075452062e-06
77,0.38305090185506097,0.9990747146516649,1.0,0.3848602455763511,1.1860818845361085,0.00011990377590964663
77,0.3827561455220419,0.9980809811640496,1.0,0.3848602455763511,1.186949032970201,7.375582606350406e-05
77,0.3828221527012441,0.999305267609626,1.0,0.37767286805104994,1.1867767576032768,0.00010612454347880274
77,0.38279516893924437,0.9981842709643748,1.0,0.3848602455763511,1.1868588201619406,0.00010453704475121839
77,0.38323861963726136,0.9996353864211693,1.0,0.3848602455763511,1.1855933937608245,0.00021232040612684244
77,0.3831208863100747,0.999305267609626,1.0,0.3848602455763511,1.1858809466538713,0.00013560483359875697
77,0.38334380819885855,0.9999942077406752,1.0,0.3848602455763511,1.185281054628439,0.000225246810991786
77,0.3779931502630614,0.9980906402779377,0.9962190290665458,0.2876160575852408,1.2018333605723341,2.5708768474075328e-06
77,0.3833839694239116,1.0,1.0,0.3848602455763511,1.1852760145443821,0.0003443467449582016
77,0.38169395476293255,0.9944017109425765,1.0,0.3848602455763511,1.1901781535260232,3.440350331063158e-06
77,0.38277090024188476,0.9980847727852042,1.0,0.3848602455763511,1.1869457210566328,0.00011619454856970357
77,0.38266435413125915,0.9978561187434272,1.0,0.3848602455763511,1.1871599781645328,1.4486866435348134e-05
77,0.38290476495294856,0.9995076437881862,1.0,0.37767286805104994,1.186601727414388,0.0001871202433894048
77,0.3833519874171357,0.9999695144246057,1.0,0.3848602455763511,1.18530254195763,0.00027201855350433846
77,0.38337312490400577,0.9999725629821451,1.0,0.3848602455763511,1.1852998891435198,0.00033470304510641036
77,0.38304842780669934,1.0,1.0,0.37767286805104994,1.1861761964488646,0.00020655575045736008
77,0.38319073353051153,0.9999695144246057,1.0,0.3848602455763511,1.1855292065935856,0.00022666463595566455
77,0.382175041791498,1.0,1.0,0.37767286805104994,1.1886799414314784,0.0025037449826137426
77,0.38299292032449517,0.9987062403153862,1.0,0.3848602455763511,1.1864032200902188,0.0002616958267105396
77,0.37757162630710994,0.9976722130033747,0.9962190290665458,0.2811474178124697,1.203183719591132,1.119648079672686e-05
77,0.38170586543817814,0.9949362673063169,1.0,0.3848602455763511,1.1901410154395606,0.00043643841305196496
77,0.3834103544585441,0.9999805197173229,1.0,0.3848602455763511,1.185292965374893,0.000442840660174193
77,0.38268322558005713,0.9978924501650135,1.0,0.3848602455763511,1.187113743179323,1.2308026834828567e-05
77,0.37834104321448303,0.9991873765953516,0.9962190290665458,0.2876160575852408,1.2009685564993222,0.00024287677519652107
77,0.38308739632682015,0.9996353864211693,1.0,0.3848602455763511,1.1858490011729916,0.0002556074121671248
77,0.3832325136717966,1.0,1.0,0.37839160580358006,1.1860855468590676,0.0006855870695834376
77,0.38273632801053503,0.9984655789824257,1.0,0.3848602455763511,1.186936731761009,0.0003235100129597157
77,0.38273218292973205,0.9979767733022098,1.0,0.3848602455763511,1.1870400665325258,9.047996372246736e-05
77,0.3836571730733044,0.9999725629821451,1.0,0.3848602455763511,1.1852998891435198,0.001212015433717184
77,0.3841389367242332,1.0,1.0,0.3848602455763511,1.1852760145443821,0.0026731517018414586
77,0.3828277406763274,0.9983311524415903,1.0,0.3848602455763511,1.186730566742524,7.725501346511621e-05
77,0.38378621412083325,0.9978561187434272,1.0,0.3848602455763511,1.1871454912980974,0.0034557453312142883
77,0.38065402859661684,0.9910627734840068,1.0,0.3848602455763511,1.1934296556991135,0.0003069082741189444
77,0.38304220409102324,0.9995523862188884,1.0,0.3848602455763511,1.1859889104753303,0.0003232365328051934
77,0.376977772118581,0.9999725629821451,0.9962190290665458,0.29408469735801185,1.2050678843048723,0.005734622547164614
77,0.3824858603433782,0.9973475976993096,1.0,0.3848602455763511,1.1877139873521638,0.00012388349518466235
77,0.38320247453471357,0.9996301733877769,1.0,0.3848602455763511,1.1855979331434945,0.00010505017588968713
78,0.382175041791498,0.996101233635688,1.0,0.3848602455763511,1.188681750695082,1.8092636036026732e-06
78,0.3833640368836978,1.0,1.0,0.3848602455763511,1.1852760145443821,0.00028273768467856897
78,0.3826734655121419,0.997867756848944,1.0,0.3848602455763511,1.18713532111803,3.6090019075452062e-06
78,0.3827561455220419,0.9980809811640496,1.0,0.3848602455763511,1.186949032970201,7.375582606350406e-05
78,0.38323861963726136,0.9996353864211693,1.0,0.3848602455763511,1.1855933937608245,0.00021232040612684244
78,0.38334380819885855,0.9999942077406752,1.0,0.3848602455763511,1.185281054628439,0.000225246810991786
78,0.38268322558005713,0.9978924501650135,1.0,0.3848602455763511,1.187113743179323,1.2308026834828567e-05
78,0.3828277406763274,0.9983311524415903,1.0,0.3848602455763511,1.186730566742524,7.725501346511621e-05
78,0.38320247453471357,0.9996301733877769,1.0,0.3848602455763511,1.1855979331434945,0.00010505017588968713
78,0.3779931502630614,0.9980906402779377,0.9962190290665458,0.2876160575852408,1.2018333605723341,2.5708768474075328e-06
78,0.3833839694239116,1.0,1.0,0.3848602455763511,1.1852760145443821,0.0003443467449582016
78,0.38169395476293255,0.9944017109425765,1.0,0.3848602455763511,1.1901781535260232,3.440350331063158e-06
78,0.38266435413125915,0.9978561187434272,1.0,0.3848602455763511,1.1871599781645328,1.4486866435348134e-05
78,0.38319073353051153,0.9999695144246057,1.0,0.3848602455763511,1.1855292065935856,0.00022666463595566455
78,0.3831208863100747,0.999305267609626,1.0,0.3848602455763511,1.1858809466538713,0.00013560483359875697
78,0.3833519874171357,0.9999695144246057,1.0,0.3848602455763511,1.18530254195763,0.00027201855350433846
78,0.38273218292973205,0.9979767733022098,1.0,0.3848602455763511,1.1870400665325258,9.047996372246736e-05
78,0.38337312490400577,0.9999725629821451,1.0,0.3848602455763511,1.1852998891435198,0.00033470304510641036
78,0.38305090185506097,0.9990747146516649,1.0,0.3848602455763511,1.1860818845361085,0.00011990377590964663
78,0.3828221527012441,0.999305267609626,1.0,0.37767286805104994,1.1867767576032768,0.00010612454347880274
78,0.37738164160222193,0.9961663601804145,0.9962190290665458,0.2876160575852408,1.2037782345465258,0.0004229293313369187
78,0.3873618573566288,0.9992533366477994,1.0,0.3848602455763511,1.1859261988696281,0.01316280546467019
78,0.3866745322487426,0.9966741713388501,1.0,0.3848602455763511,1.1881795954681984,0.01333158138981605
78,0.38757305520243185,0.9997911433229739,1.0,0.3848602455763511,1.1854577862763547,0.013333459747589593
78,0.38368083499093586,1.0,1.0,0.3848602455763511,1.1852760145443821,0.0012611645227804669
78,0.38323479514521896,1.0,1.0,0.3848602455763511,1.1853929028663386,0.00011688832195644316
78,0.38264027078829765,0.9981538234299868,1.0,0.3848602455763511,1.1872346979026582,0.00034928695321512215
78,0.3827950454281252,0.9985745954356915,1.0,0.3848602455763511,1.1867546660305814,0.00023658484278321623
78,0.3835127542028389,1.0,1.0,0.3848602455763511,1.1852760145443821,0.0007422504934286867
78,0.3829998315700047,0.9990018087047479,1.0,0.3848602455763511,1.186145444842118,2.5324544319582643e-05
78,0.38681460423065395,0.9972842486736402,1.0,0.3848602455763511,1.1876455232417928,0.01322294110820077
78,0.38321299339087334,0.9996660555197275,1.0,0.3848602455763511,1.185566688814417,0.00010634657297980965
78,0.38290048024667983,0.9984683226842112,1.0,0.3848602455763511,1.186610827016787,0.0001829437117701893
78,0.384048993059243,0.9999695144246057,1.0,0.3848602455763511,1.18530254195763,0.002422715401195097
78,0.3833904219183303,0.9999805197173229,1.0,0.3848602455763511,1.185292965374893,0.00038124007928730386
78,0.38215805748757986,0.9960685353562604,1.0,0.3848602455763511,1.188732770099979,2.234334571671326e-05
78,0.3827621512303271,0.998130642166367,1.0,0.3848602455763511,1.1869056569623464,4.900241880778644e-05
78,0.38317092134426545,0.9985177093163501,1.0,0.3848602455763511,1.1865677241044874,0.000977218690789039
78,0.3821925320645317,0.9963815929587133,1.0,0.3848602455763511,1.1886255438833144,0.00018958821724757158
78,0.37762306535869844,0.9952155666993336,0.9965971261598913,0.2973404763843518,1.203008629378729,0.0005368322731007513
79,0.382175041791498,0.996101233635688,1.0,0.3848602455763511,1.188681750695082,1.8092636036026732e-06
79,0.3833640368836978,1.0,1.0,0.3848602455763511,1.1852760145443821,0.00028273768467856897
79,0.3826734655121419,0.997867756848944,1.0,0.3848602455763511,1.18713532111803,3.6090019075452062e-06
79,0.38334380819885855,0.9999942077406752,1.0,0.3848602455763511,1.185281054628439,0.000225246810991786
79,0.38268322558005713,0.9978924501650135,1.0,0.3848602455763511,1.187113743179323,1.2308026834828567e-05
79,0.38320247453471357,0.9996301733877769,1.0,0.3848602455763511,1.1855979331434945,0.00010505017588968713
79,0.38323479514521896,1.0,1.0,0.3848602455763511,1.1853929028663386,0.00011688832195644316
79,0.3829998315700047,0.9990018087047479,1.0,0.3848602455763511,1.186145444842118,2.5324544319582643e-05
79,0.38321299339087334,0.9996660555197275,1.0,0.3848602455763511,1.185566688814417,0.00010634657297980965
79,0.3779931502630614,0.9980906402779377,0.9962190290665458,0.2876160575852408,1.2018333605723341,2.5708768474075328e-06
79,0.3833839694239116,1.0,1.0,0.3848602455763511,1.1852760145443821,0.0003443467449582016
79,0.38169395476293255,0.9944017109425765,1.0,0.3848602455763511,1.1901781535260232,3.440350331063158e-06
79,0.38266435413125915,0.9978561187434272,1.0,0.3848602455763511,1.1871599781645328,1.4486866435348134e-05
79,0.3833519874171357,0.9999695144246057,1.0,0.3848602455763511,1.18530254195763,0.00027201855350433846
79,0.3831208863100747,0.999305267609626,1.0,0.3848602455763511,1.1858809466538713,0.00013560483359875697
79,0.38323861963726136,0.9996353864211693,1.0,0.3848602455763511,1.1855933937608245,0.00021232040612684244
79,0.3828277406763274,0.9983311524415903,1.0,0.3848602455763511,1.186730566742524,7.725501346511621e-05
79,0.38305090185506097,0.9990747146516649,1.0,0.3848602455763511,1.1860818845361085,0.00011990377590964663
79,0.38337312490400577,0.9999725629821451,1.0,0.3848602455763511,1.1852998891435198,0.00033470304510641036
79,0.3827621512303271,0.998130642166367,1.0,0.3848602455763511,1.1869056569623464,4.900241880778644e-05
79,0.3815115760946946,0.9938361827278503,1.0,0.3848602455763511,1.1907471090168604,7.446975805036615e-05
79,0.383573969964866,1.0,1.0,0.3848602455763511,1.1852760145443821,0.0009312939179102475
79,0.3828901318191005,0.9986088926207944,1.0,0.3848602455763511,1.1864881537317449,2.8204666928655087e-05
79,0.38334380819885855,0.9996079494033144,1.0,0.3848602455763511,1.1856172857797338,0.0005614779622866717
79,0.38307173019629553,0.9990238012987016,1.0,0.3848602455763511,1.1861262704496325,0.00022877270609833467
79,0.38320247453471357,1.0,1.0,0.3848602455763511,1.1854928829676048,0.0002168684232226603
79,0.38285652448242574,0.9983585894594452,1.0,0.3848602455763511,1.1867066135728745,0.0001425164622361752
79,0.38374956614335015,1.0,1.0,0.3848602455763511,1.1852760145443821,0.0014732265342725093
79,0.38321299339087334,0.994396497909184,1.0,0.3848602455763511,1.1901793004670456,0.004718958225608416
79,0.3837241947281197,1.0,1.0,0.3848602455763511,1.1852760145443821,0.0013949548161480418
79,0.3833839694239116,0.9981690518912463,1.0,0.3848602455763511,1.18687211125344,0.0019404434540160054
79,0.38300125029446563,0.998766129014671,1.0,0.3848602455763511,1.1863509767930707,0.0002352501561873055
79,0.3826490642433472,0.9978307418249122,1.0,0.3848602455763511,1.1872074146922769,3.974646818649674e-05
79,0.3809056807057259,0.9917255780281973,1.0,0.3848602455763511,1.1926411951842033,0.00010523419489039121
79,0.3827424554445367,0.9980757681306572,1.0,0.3848602455763511,1.1869535865031322,3.5856753438201494e-05
79,0.381496757661316,0.9939633485530667,1.0,0.3848602455763511,1.190793361065679,0.00023273585838734512
79,0.3832395401007897,1.0,1.0,0.3848602455763511,1.1853782263101518,0.00010221176576963309
79,0.38255482077132635,0.9977006802568614,1.0,0.3848602455763511,1.1874998866267605,0.00021853970120733202
79,0.3833750510388849,0.9999419122359033,1.0,0.3848602455763511,1.185326561750334,0.0003673290981955901
79,0.381894584462838,0.9950217570605207,1.0,0.3848602455763511,1.1896294366276772,7.654749362373536e-05
80,0.382175041791498,0.996101233635688,1.0,0.3848602455763511,1.188681750695082,1.8092636036026732e-06
80,0.3833640368836978,1.0,1.0,0.3848602455763511,1.1852760145443821,0.00028273768467856897
80,0.3826734655121419,0.997867756848944,1.0,0.3848602455763511,1.18713532111803,3.6090019075452062e-06
80,0.38334380819885855,0.9999942077406752,1.0,0.3848602455763511,1.185281054628439,0.000225246810991786
80,0.38268322558005713,0.9978924501650135,1.0,0.3848602455763511,1.187113743179323,1.2308026834828567e-05
80,0.3829998315700047,0.9990018087047479,1.0,0.3848602455763511,1.186145444842118,2.5324544319582643e-05
80,0.3832395401007897,1.0,1.0,0.3848602455763511,1.1853782263101518,0.00010221176576963309
80,0.3779931502630614,0.9980906402779377,0.9962190290665458,0.2876160575852408,1.2018333605723341,2.5708768474075328e-06
80,0.38169395476293255,0.9944017109425765,1.0,0.3848602455763511,1.1901781535260232,3.440350331063158e-06
80,0.3833839694239116,1.0,1.0,0.3848602455763511,1.1852760145443821,0.0003443467449582016
80,0.3833519874171357,0.9999695144246057,1.0,0.3848602455763511,1.18530254195763,0.00027201855350433846
80,0.38337312490400577,0.9999725629821451,1.0,0.3848602455763511,1.1852998891435198,0.00033470304510641036
80,0.38266435413125915,0.9978561187434272,1.0,0.3848602455763511,1.1871599781645328,1.4486866435348134e-05
80,0.3828901318191005,0.9986088926207944,1.0,0.3848602455763511,1.1864881537317449,2.8204666928655087e-05
80,0.38320247453471357,0.9996301733877769,1.0,0.3848602455763511,1.1855979331434945,0.00010505017588968713
80,0.38323479514521896,1.0,1.0,0.3848602455763511,1.1853929028663386,0.00011688832195644316
80,0.38321299339087334,0.9996660555197275,1.0,0.3848602455763511,1.185566688814417,0.00010634657297980965
80,0.383573969964866,1.0,1.0,0.3848602455763511,1.1852760145443821,0.0009312939179102475
80,0.3827424554445367,0.9980757681306572,1.0,0.3848602455763511,1.1869535865031322,3.5856753438201494e-05
80,0.3833750510388849,0.9999419122359033,1.0,0.3848602455763511,1.185326561750334,0.0003673290981955901
80,0.3821600685995781,0.9959382637180285,1.0,0.3848602455763511,1.1888246923535153,9.817794304112226e-05
80,0.38214865675686555,0.9961207139183651,1.0,0.3848602455763511,1.188762012533352,9.734495356816808e-05
80,0.3773776959318724,0.9968386436366528,0.9962190290665458,0.2876160575852408,1.2037908206429644,0.000967903246100299
80,0.38285972799144197,0.9980430698512296,1.0,0.3848602455763511,1.1869821492106274,0.0004279804588513958
80,0.38325773911961225,1.0,1.0,0.3848602455763511,1.185321938547651,4.592400326886015e-05
80,0.376508282170728,0.9930573931596489,0.9962190290665458,0.2876160575852408,1.2065705531263844,0.0007438520368703294
80,0.3832395401007897,0.9979980284871759,1.0,0.3848602455763511,1.1870214969543653,0.0016432706442135459
80,0.382763083907073,0.9982097432189853,1.0,0.3848602455763511,1.1868537625363256,1.7186847681260886e-05
80,0.3838293832897169,1.0,1.0,0.3848602455763511,1.1852760145443821,0.0017193977870930688
80,0.38156675446520205,0.9940740800249681,1.0,0.3848602455763511,1.1905749150711853,0.00011180436853708287
80,0.3783710162140234,0.9979723250859409,0.9965971261598913,0.3848602455763511,1.2006305631623142,0.012510567887623392
80,0.3827621512303271,0.998130642166367,1.0,0.3848602455763511,1.1869056569623464,4.900241880778644e-05
80,0.3832585638389727,1.0,1.0,0.3848602455763511,1.1853193878989747,4.337335459259073e-05
80,0.3881057202778671,1.0,1.0,0.3848602455763511,1.1852760145443821,0.014760398371017835
80,0.3859150225482287,0.9942233398409447,1.0,0.3848602455763511,1.190331700990405,0.013171497935501764
80,0.38231387384093185,0.9964911102721192,1.0,0.3848602455763511,1.1883399778367414,9.168925191538335e-05
80,0.3841154357046618,1.0,1.0,0.3848602455763511,1.1852760145443821,0.002600797481289163
80,0.3842634686394179,1.0,1.0,0.3848602455763511,1.1852760145443821,0.00305640905271809
80,0.3825612657357714,0.9979447291527005,1.0,0.3848602455763511,1.1874798809565235,0.0004118175789575851
80,0.37797709383838063,0.9999419122359033,0.9965971261598913,0.2973404763843518,1.2018818433329088,0.003183956463380655
81,0.382175041791498,0.996101233635688,1.0,0.3848602455763511,1.188681750695082,1.8092636036026732e-06
81,0.3833640368836978,1.0,1.0,0.3848602455763511,1.1852760145443821,0.00028273768467856897
81,0.3826734655121419,0.997867756848944,1.0,0.3848602455763511,1.18713532111803,3.6090019075452062e-06
81,0.38334380819885855,0.9999942077406752,1.0,0.3848602455763511,1.185281054628439,0.000225246810991786
81,0.38268322558005713,0.9978924501650135,1.0,0.3848602455763511,1.187113743179323,1.2308026834828567e-05
81,0.3829998315700047,0.9990018087047479,1.0,0.3848602455763511,1.186145444842118,2.5324544319582643e-05
81,0.382763083907073,0.9982097432189853,1.0,0.3848602455763511,1.1868537625363256,1.7186847681260886e-05
81,0.3832585638389727,1.0,1.0,0.3848602455763511,1.1853193878989747,4.337335459259073e-05
81,0.3779931502630614,0.9980906402779377,0.9962190290665458,0.2876160575852408,1.2018333605723341,2.5708768474075328e-06
81,0.38169395476293255,0.9944017109425765,1.0,0.3848602455763511,1.1901781535260232,3.440350331063158e-06
81,0.3833839694239116,1.0,1.0,0.3848602455763511,1.1852760145443821,0.0003443467449582016
81,0.3833519874171357,0.9999695144246057,1.0,0.3848602455763511,1.18530254195763,0.00027201855350433846
81,0.38337312490400577,0.9999725629821451,1.0,0.3848602455763511,1.1852998891435198,0.00033470304510641036
81,0.38266435413125915,0.9978561187434272,1.0,0.3848602455763511,1.1871599781645328,1.4486866435348134e-05
81,0.3828901318191005,0.9986088926207944,1.0,0.3848602455763511,1.1864881537317449,2.8204666928655087e-05
81,0.38325773911961225,1.0,1.0,0.3848602455763511,1.185321938547651,4.592400326886015e-05
81,0.383573969964866,1.0,1.0,0.3848602455763511,1.1852760145443821,0.0009312939179102475
81,0.3827424554445367,0.9980757681306572,1.0,0.3848602455763511,1.1869535865031322,3.5856753438201494e-05
81,0.3832395401007897,1.0,1.0,0.3848602455763511,1.1853782263101518,0.00010221176576963309
81,0.3827621512303271,0.998130642166367,1.0,0.3848602455763511,1.1869056569623464,4.900241880778644e-05
81,0.382175041791498,0.998130642166367,1.0,0.3848602455763511,1.1886799414314784,0.0017742844691319704
81,0.3827260061277793,0.9981254291329746,1.0,0.3848602455763511,1.1869687427076274,5.8532665452970534e-05
81,0.3825267177668302,0.9971773959649303,1.0,0.3848602455763511,1.1877390167416262,0.00015188832751911185
81,0.38318827265702293,0.9998023155514929,1.0,0.3848602455763511,1.1855368201809395,8.875921905815432e-05
81,0.3840028393812005,1.0,1.0,0.3848602455763511,1.1852760145443821,0.0022540165013413827
81,0.38356382117665505,1.0,1.0,0.3848602455763511,1.1852760145443821,0.0008999571154189034
81,0.3817207035178154,0.9945494672741545,1.0,0.3848602455763511,1.1900947528005221,5.004015238396775e-05
81,0.38168480910581604,0.9947255468071738,1.0,0.3848602455763511,1.1902066717195994,0.00031682878087568866
81,0.3843133642377908,1.0,1.0,0.2876160575852408,1.198763876641104,0.016697759318105687
81,0.38207171691921765,0.9959681700674903,1.0,0.3848602455763511,1.1890013999361788,0.0002029420827629469
81,0.3828413151294009,0.9981924333791334,1.0,0.3848602455763511,1.18685169194465,0.0002404555324804214
81,0.38206299468688076,0.996101233635688,1.0,0.3848602455763511,1.1890285440107848,0.00034679331570286465
81,0.38326058816149455,0.999624258847422,1.0,0.3848602455763511,1.1856030834386946,0.00028995621144134454
81,0.38378859168774004,1.0,1.0,0.3848602455763511,1.1852760145443821,0.0015936015249122804
81,0.381944581496124,0.9949310542729245,1.0,0.3848602455763511,1.189709159389881,0.00031198424712108874
81,0.382656678185602,0.998130642166367,1.0,0.3848602455763511,1.1871837921366242,0.00027813517427777157
81,0.382985057559353,1.0,1.0,0.3848602455763511,1.1861658760026224,0.0008898614582402153
81,0.3827424554445367,1.0,1.0,0.3848602455763511,1.186917729749694,0.0016417152053118667
81,0.3826917663468732,0.996999605801415,1.0,0.3848602455763511,1.1878946231877356,0.0008196813058367614
81,0.38386105433519,1.0,1.0,0.3848602455763511,1.1852760145443821,0.001817048942135857
82,0.382175041791498,0.996101233635688,1.0,0.3848602455763511,1.188681750695082,1.8092636036026732e-06
82,0.3833640368836978,1.0,1.0,0.3848602455763511,1.1852760145443821,0.00028273768467856897
82,0.3826734655121419,0.997867756848944,1.0,0.3848602455763511,1.18713532111803,3.6090019075452062e-06
82,0.38334380819885855,0.9999942077406752,1.0,0.3848602455763511,1.185281054628439,0.000225246810991786
82,0.38268322558005713,0.9978924501650135,1.0,0.3848602455763511,1.187113743179323,1.2308026834828567e-05
82,0.3829998315700047,0.9990018087047479,1.0,0.3848602455763511,1.186145444842118,2.5324544319582643e-05
82,0.382763083907073,0.9982097432189853,1.0,0.3848602455763511,1.1868537625363256,1.7186847681260886e-05
82,0.3832585638389727,1.0,1.0,0.3848602455763511,1.1853193878989747,4.337335459259073e-05
82,0.3779931502630614,0.9980906402779377,0.9962190290665458,0.2876160575852408,1.2018333605723341,2.5708768474075328e-06
82,0.38169395476293255,0.9944017109425765,1.0,0.3848602455763511,1.1901781535260232,3.440350331063158e-06
82,0.3833839694239116,1.0,1.0,0.3848602455763511,1.1852760145443821,0.0003443467449582016
82,0.3833519874171357,0.9999695144246057,1.0,0.3848602455763511,1.18530254195763,0.00027201855350433846
82,0.38337312490400577,0.9999725629821451,1.0,0.3848602455763511,1.1852998891435198,0.00033470304510641036
82,0.38266435413125915,0.9978561187434272,1.0,0.3848602455763511,1.1871599781645328,1.4486866435348134e-05
82,0.3828901318191005,0.9986088926207944,1.0,0.3848602455763511,1.1864881537317449,2.8204666928655087e-05
82,0.38325773911961225,1.0,1.0,0.3848602455763511,1.185321938547651,4.592400326886015e-05
82,0.38356382117665505,1.0,1.0,0.3848602455763511,1.1852760145443821,0.0008999571154189034
82,0.3827424554445367,0.9980757681306572,1.0,0.3848602455763511,1.1869535865031322,3.5856753438201494e-05
82,0.3832395401007897,1.0,1.0,0.3848602455763511,1.1853782263101518,0.00010221176576963309
82,0.38318827265702293,0.9998023155514929,1.0,0.3848602455763511,1.1855368201809395,8.875921905815432e-05
82,0.38337459256791245,1.0,1.0,0.3848602455763511,1.1852760145443821,0.00031536482021876644
82,0.38341568069317283,1.0,1.0,0.3848602455763511,1.1852760145443821,0.00044234922364605467
82,0.3834293657649966,0.997867756848944,1.0,0.3848602455763511,1.18713532111803,0.00234394398702209
82,0.38270840639229353,0.9977126213380099,1.0,0.3848602455763511,1.1872709087359388,0.0002475805122943431
82,0.38390539288299946,0.9978924501650135,1.0,0.3848602455763511,1.187113743179323,0.0037914593032595256
82,0.37804645714109303,0.998255626447017,0.9962190290665458,0.2876160575852408,1.201703143414551,4.181925945312415e-05
82,0.3833129400572519,0.999821943295929,1.0,0.3848602455763511,1.185430975730731,0.0002797355222288189
82,0.38292024015181286,0.9977431069134042,1.0,0.3848602455763511,1.1872442611752017,0.0008776013311091457
82,0.38265837422419,0.9981032051485121,1.0,0.3848602455763511,1.1871785302381452,0.00024890916417730224
82,0.382803196750343,0.9944017109425765,1.0,0.3848602455763511,1.1901747131756921,0.003445317622821298
82,0.3821629807502386,0.9962135364896039,1.0,0.3848602455763511,1.1887174561006184,0.0001341795333618112
82,0.37853837196315876,0.9982868375117168,0.9965971261598913,0.2973404763843518,1.2000997519112384,8.438052879178315e-05
82,0.3830183128151816,0.999101627834273,1.0,0.3848602455763511,1.186062888108209,4.464473294607529e-06
82,0.38394202158572494,1.0,1.0,0.3848602455763511,1.1852760145443821,0.0020666215675033683
82,0.383517680477265,0.9998220839963436,1.0,0.3848602455763511,1.1854308532586058,0.0009123045123708984
82,0.3879711045770902,1.0,1.0,0.3848602455763511,1.1852760145443821,0.014354260445599065
82,0.3837985967985746,1.0,1.0,0.3848602455763511,1.1852760145443821,0.001624458525961936
82,0.3818808955152229,0.9949615398483188,1.0,0.3848602455763511,1.1896823626239281,8.683263684083897e-05
82,0.3835168937556043,1.0,1.0,0.3848602455763511,1.1852760145443821,0.000755035953693417
82,0.38150773914779357,0.9937569127323735,1.0,0.3848602455763511,1.1907590847461813,1.6605985490469877e-05
83,0.382175041791498,0.996101233635688,1.0,0.3848602455763511,1.188681750695082,1.8092636036026732e-06
83,0.3833640368836978,1.0,1.0,0.3848602455763511,1.1852760145443821,0.00028273768467856897
83,0.3826734655121419,0.997867756848944,1.0,0.3848602455763511,1.18713532111803,3.6090019075452062e-06
83,0.38334380819885855,0.9999942077406752,1.0,0.3848602455763511,1.185281054628439,0.000225246810991786
83,0.3832585638389727,1.0,1.0,0.3848602455763511,1.1853193878989747,4.337335459259073e-05
83,0.3830183128151816,0.999101627834273,1.0,0.3848602455763511,1.186062888108209,4.464473294607529e-06
83,0.3779931502630614,0.9980906402779377,0.9962190290665458,0.2876160575852408,1.2018333605723341,2.5708768474075328e-06
83,0.38169395476293255,0.9944017109425765,1.0,0.3848602455763511,1.1901781535260232,3.440350331063158e-06
83,0.38337459256791245,1.0,1.0,0.3848602455763511,1.1852760145443821,0.00031536482021876644
83,0.3833519874171357,0.9999695144246057,1.0,0.3848602455763511,1.18530254195763,0.00027201855350433846
83,0.38325773911961225,1.0,1.0,0.3848602455763511,1.185321938547651,4.592400326886015e-05
83,0.38268322558005713,0.9978924501650135,1.0,0.3848602455763511,1.187113743179323,1.2308026834828567e-05
83,0.3829998315700047,0.9990018087047479,1.0,0.3848602455763511,1.186145444842118,2.5324544319582643e-05
83,0.382763083907073,0.9982097432189853,1.0,0.3848602455763511,1.1868537625363256,1.7186847681260886e-05
83,0.3833839694239116,1.0,1.0,0.3848602455763511,1.1852760145443821,0.0003443467449582016
83,0.38337312490400577,0.9999725629821451,1.0,0.3848602455763511,1.1852998891435198,0.00033470304510641036
83,0.3832395401007897,1.0,1.0,0.3848602455763511,1.1853782263101518,0.00010221176576963309
83,0.38318827265702293,0.9998023155514929,1.0,0.3848602455763511,1.1855368201809395,8.875921905815432e-05
83,0.38266435413125915,0.9978561187434272,1.0,0.3848602455763511,1.1871599781645328,1.4486866435348134e-05
83,0.3828901318191005,0.9986088926207944,1.0,0.3848602455763511,1.1864881537317449,2.8204666928655087e-05
83,0.38327586279209863,0.9996463755244419,1.0,0.3848602455763511,1.1855838248721007,0.00031793573594307567
83,0.3778676334378397,0.9961792394485498,0.9965971261598913,0.2973404763843518,1.2022300035244262,0.0005305898705354473
83,0.3833826485263956,0.9999753066839305,1.0,0.3848602455763511,1.1852975016246503,0.00036175128967452785
83,0.38376150038131407,1.0,1.0,0.3848602455763511,1.1852760145443821,0.0015100405036874154
83,0.38268454647757316,0.997917143481083,1.0,0.3848602455763511,1.1870973376801777,5.1713716755497074e-06
83,0.3826182855990195,0.9980809811640496,1.0,0.3848602455763511,1.1873029162300754,0.00035388325987439906
83,0.3779931502630614,0.9978924501650135,1.0,0.3848602455763511,1.2018307896954867,0.014717046516163679
83,0.38216555820747966,0.995962957034098,1.0,0.3848602455763511,1.1888030307262918,9.359174898815326e-05
83,0.378346295480173,1.0,0.9965971261598913,0.2973404763843518,1.200709011052199,0.002057284407710469
83,0.3768422175181674,0.9926832871927204,0.9965971261598913,0.2973404763843518,1.2055013614671994,0.0009927952542991836
83,0.3833534582494934,1.0,1.0,0.3848602455763511,1.1852760145443821,0.0002500378091245814
83,0.3832685836395181,1.0,1.0,0.3848602455763511,1.1852884000634847,1.2385519102542375e-05
83,0.37780693464792237,0.9974458420677348,0.9962190290665458,0.2876160575852408,1.2024231548393727,8.046698573171973e-05
83,0.38327148760938273,1.0,1.0,0.3848602455763511,1.1852794193751293,3.4048307471223893e-06
83,0.38276990549620604,0.9986335859368638,1.0,0.3848602455763511,1.1868326108507004,0.0003660030410232995
83,0.383551509684282,1.0,1.0,0.3848602455763511,1.1852760145443821,0.0008619402222722616
83,0.37844769263233063,0.9998095191257692,0.9962190290665458,0.2876160575852408,1.20047882492137,9.151876086188615e-05
83,0.3823902797347479,0.9970891282492516,1.0,0.3848602455763511,1.1880108631659836,0.00019459922412612407
83,0.381496757661316,0.9939633485530667,1.0,0.3848602455763511,1.190793361065679,0.00023273585838734512
83,0.38479211759234777,1.0,1.0,0.3848602455763511,1.1852760145443821,0.004680608526612451
84,0.382175041791498,0.996101233635688,1.0,0.3848602455763511,1.188681750695082,1.8092636036026732e-06
84,0.3833534582494934,1.0,1.0,0.3848602455763511,1.1852760145443821,0.0002500378091245814
84,0.38327148760938273,1.0,1.0,0.3848602455763511,1.1852794193751293,3.4048307471223893e-06
84,0.3779931502630614,0.9980906402779377,0.9962190290665458,0.2876160575852408,1.2018333605723341,2.5708768474075328e-06
84,0.3833640368836978,1.0,1.0,0.3848602455763511,1.1852760145443821,0.00028273768467856897
84,0.3826734655121419,0.997867756848944,1.0,0.3848602455763511,1.18713532111803,3.6090019075452062e-06
84,0.38334380819885855,0.9999942077406752,1.0,0.3848602455763511,1.185281054628439,0.000225246810991786
84,0.3830183128151816,0.999101627834273,1.0,0.3848602455763511,1.186062888108209,4.464473294607529e-06
84,0.38169395476293255,0.9944017109425765,1.0,0.3848602455763511,1.1901781535260232,3.440350331063158e-06
84,0.3832685836395181,1.0,1.0,0.3848602455763511,1.1852884000634847,1.2385519102542375e-05
84,0.38337459256791245,1.0,1.0,0.3848602455763511,1.1852760145443821,0.00031536482021876644
84,0.38268454647757316,0.997917143481083,1.0,0.3848602455763511,1.1870973376801777,5.1713716755497074e-06
84,0.3832585638389727,1.0,1.0,0.3848602455763511,1.1853193878989747,4.337335459259073e-05
84,0.3833519874171357,0.9999695144246057,1.0,0.3848602455763511,1.18530254195763,0.00027201855350433846
84,0.3829998315700047,0.9990018087047479,1.0,0.3848602455763511,1.186145444842118,2.5324544319582643e-05
84,0.382763083907073,0.9982097432189853,1.0,0.3848602455763511,1.1868537625363256,1.7186847681260886e-05
84,0.3833839694239116,1.0,1.0,0.3848602455763511,1.1852760145443821,0.0003443467449582016
84,0.38268322558005713,0.9978924501650135,1.0,0.3848602455763511,1.187113743179323,1.2308026834828567e-05
84,0.38325773911961225,1.0,1.0,0.3848602455763511,1.185321938547651,4.592400326886015e-05
84,0.3828901318191005,0.9986088926207944,1.0,0.3848602455763511,1.1864881537317449,2.8204666928655087e-05
84,0.3817475704446369,0.9949615398483188,1.0,0.3848602455763511,1.1900109953884888,0.0003286327645606324
84,0.3845029054786934,1.0,1.0,0.3848602455763511,1.1852760145443821,0.0037925983529780716
84,0.38766753284752287,1.0,1.0,0.3848602455763511,1.1852760145443821,0.013437343987437123
84,0.38354845792575615,1.0,1.0,0.3848602455763511,1.1852760145443821,0.0008525162611918713
84,0.38336362478821256,0.9999725629821451,1.0,0.3848602455763511,1.1852998891435198,0.00030533847913938317
84,0.38406040638220057,1.0,1.0,0.3848602455763511,1.1852760145443821,0.0024313402432201148
84,0.3838796053202781,1.0,1.0,0.3848602455763511,1.1852760145443821,0.0018742396062445543
84,0.3830183128151816,1.0,1.0,0.3848602455763511,1.186062888108209,0.0007868735638267843
84,0.38258982467734176,0.997827794689495,1.0,0.3848602455763511,1.18739123989432,0.00022099609119519137
84,0.38356894192348095,1.0,1.0,0.3848602455763511,1.1852760145443821,0.0009157688490033511
84,0.3823691621105357,1.0,1.0,0.3848602455763511,1.1880764750651345,0.0028004605207523348
84,0.38279319045198096,0.9983582833216924,1.0,0.3848602455763511,1.1867604169207324,5.353608957592293e-05
84,0.3829818922838123,0.9990018087047479,1.0,0.3848602455763511,1.1861756794473817,3.023460526363486e-05
84,0.3811799123742371,0.9928292966972628,1.0,0.3848602455763511,1.1917831751957013,0.0002226070316682094
84,0.3838810990692974,1.0,1.0,0.3848602455763511,1.1852760145443821,0.0018788444311250707
84,0.382763083907073,0.996843856670045,0.9962190290665458,0.2876160575852408,1.2028187919506672,0.015965029414341636
84,0.3877912299364263,1.0,1.0,0.3848602455763511,1.1852760145443821,0.013811135400570329
84,0.3833555977132985,1.0,1.0,0.3848602455763511,1.1852760145443821,0.00025665130373342393
84,0.38276176015795105,0.9981823062011304,1.0,0.3848602455763511,1.1868605360023918,2.6688328831347974e-06
84,0.3831042207349433,0.999101627834273,1.0,0.3848602455763511,1.1860584236349143,0.00026150021632043163
85,0.382175041791498,0.996101233635688,1.0,0.3848602455763511,1.188681750695082,1.8092636036026732e-06
85,0.3833534582494934,1.0,1.0,0.3848602455763511,1.1852760145443821,0.0002500378091245814
85,0.38327148760938273,1.0,1.0,0.3848602455763511,1.1852794193751293,3.4048307471223893e-06
85,0.38276176015795105,0.9981823062011304,1.0,0.3848602455763511,1.1868605360023918,2.6688328831347974e-06
85,0.3779931502630614,0.9980906402779377,0.9962190290665458,0.2876160575852408,1.2018333605723341,2.5708768474075328e-06
85,0.3833555977132985,1.0,1.0,0.3848602455763511,1.1852760145443821,0.00025665130373342393
85,0.38334380819885855,0.9999942077406752,1.0,0.3848602455763511,1.185281054628439,0.000225246810991786
85,0.3830183128151816,0.999101627834273,1.0,0.3848602455763511,1.186062888108209,4.464473294607529e-06
85,0.3832685836395181,1.0,1.0,0.3848602455763511,1.1852884000634847,1.2385519102542375e-05
85,0.3826734655121419,0.997867756848944,1.0,0.3848602455763511,1.18713532111803,3.6090019075452062e-06
85,0.38169395476293255,0.9944017109425765,1.0,0.3848602455763511,1.1901781535260232,3.440350331063158e-06
85,0.3833640368836978,1.0,1.0,0.3848602455763511,1.1852760145443821,0.00028273768467856897
85,0.38268454647757316,0.997917143481083,1.0,0.3848602455763511,1.1870973376801777,5.1713716755497074e-06
85,0.3832585638389727,1.0,1.0,0.3848602455763511,1.1853193878989747,4.337335459259073e-05
85,0.3833519874171357,0.9999695144246057,1.0,0.3848602455763511,1.18530254195763,0.00027201855350433846
85,0.3829998315700047,0.9990018087047479,1.0,0.3848602455763511,1.186145444842118,2.5324544319582643e-05
85,0.382763083907073,0.9982097432189853,1.0,0.3848602455763511,1.1868537625363256,1.7186847681260886e-05
85,0.38337459256791245,1.0,1.0,0.3848602455763511,1.1852760145443821,0.00031536482021876644
85,0.38268322558005713,0.9978924501650135,1.0,0.3848602455763511,1.187113743179323,1.2308026834828567e-05
85,0.38325773911961225,1.0,1.0,0.3848602455763511,1.185321938547651,4.592400326886015e-05
85,0.3821436887986108,0.9963059123781697,1.0,0.3848602455763511,1.1887774667203783,0.0002751744375824039
85,0.38400511405127785,1.0,1.0,0.3848602455763511,1.1852760145443821,0.0022610241807559106
85,0.37800312313194956,0.9981350882468627,0.9962190290665458,0.2876160575852408,1.2017990817541333,8.064691299214388e-07
85,0.38327855650840625,1.0,1.0,0.3848602455763511,1.1852760145443821,1.8455563908670314e-05
85,0.38252964336330425,0.9972839340354034,1.0,0.3848602455763511,1.1876457985131244,6.775279565696124e-05
85,0.38265443070156724,0.9980861941974419,1.0,0.3848602455763511,1.1871907649465492,0.0002462854617129029
85,0.38160987354258585,0.9944291479604314,1.0,0.3848602455763511,1.1904403889613573,0.0002898186316593332
85,0.38245168743550195,0.997018771315356,1.0,0.3848602455763511,1.1878778463766315,5.7734141507337355e-05
85,0.38321531524399227,0.9998103436539021,1.0,0.3848602455763511,1.185453159687201,1.2086974893410485e-05
85,0.38295083583192496,0.9991914650508458,1.0,0.3848602455763511,1.1862718756281327,0.0002917562139708174
85,0.3827018640450129,0.9979980284871759,1.0,0.3848602455763511,1.187043620570123,2.2123615757596582e-05
85,0.37841526576460677,0.9982815762501439,0.9965971261598913,0.2973404763843518,1.200490168819108,0.0004706023636618095
85,0.3835831899599342,1.0,1.0,0.3848602455763511,1.1852760145443821,0.0009597614126821696
85,0.3773716360286611,0.9961716214419873,0.9962190290665458,0.2876160575852408,1.2038101513375477,0.0004590153564441035
85,0.3821742995440736,0.996101233635688,1.0,0.3848602455763511,1.1886822500498855,4.993548035070461e-07
85,0.3838692804851244,1.0,1.0,0.3848602455763511,1.1852760145443821,0.001842409947461876
85,0.38387730148631016,1.0,1.0,0.3848602455763511,1.1852760145443821,0.0018671374379497507
85,0.38282719257359893,0.9981196368736498,1.0,0.3848602455763511,1.1869152690755418,0.00026025838692911307
85,0.38713829494350543,0.9982095340219753,1.0,0.3848602455763511,1.1868367583721013,0.013396124257558206
85,0.3824176159695753,0.9972544939851026,1.0,0.3848602455763511,1.1879259409696936,0.0002543851178313794
86,0.382175041791498,0.996101233635688,1.0,0.3848602455763511,1.188681750695082,1.8092636036026732e-06
86,0.38327148760938273,1.0,1.0,0.3848602455763511,1.1852794193751293,3.4048307471223893e-06
86,0.38276176015795105,0.9981823062011304,1.0,0.3848602455763511,1.1868605360023918,2.6688328831347974e-06
86,0.38327855650840625,1.0,1.0,0.3848602455763511,1.1852760145443821,1.8455563908670314e-05
86,0.3821742995440736,0.996101233635688,1.0,0.3848602455763511,1.1886822500498855,4.993548035070461e-07
86,0.3830183128151816,0.999101627834273,1.0,0.3848602455763511,1.186062888108209,4.464473294607529e-06
86,0.3832685836395181,1.0,1.0,0.3848602455763511,1.1852884000634847,1.2385519102542375e-05
86,0.38321531524399227,0.9998103436539021,1.0,0.3848602455763511,1.185453159687201,1.2086974893410485e-05
86,0.3826734655121419,0.997867756848944,1.0,0.3848602455763511,1.18713532111803,3.6090019075452062e-06
86,0.3833534582494934,1.0,1.0,0.3848602455763511,1.1852760145443821,0.0002500378091245814
86,0.38334380819885855,0.9999942077406752,1.0,0.3848602455763511,1.185281054628439,0.000225246810991786
86,0.38169395476293255,0.9944017109425765,1.0,0.3848602455763511,1.1901781535260232,3.440350331063158e-06
86,0.37800312313194956,0.9981350882468627,0.9962190290665458,0.2876160575852408,1.2017990817541333,8.064691299214388e-07
86,0.38268454647757316,0.997917143481083,1.0,0.3848602455763511,1.1870973376801777,5.1713716755497074e-06
86,0.3832585638389727,1.0,1.0,0.3848602455763511,1.1853193878989747,4.337335459259073e-05
86,0.3829998315700047,0.9990018087047479,1.0,0.3848602455763511,1.186145444842118,2.5324544319582643e-05
86,0.382763083907073,0.9982097432189853,1.0,0.3848602455763511,1.1868537625363256,1.7186847681260886e-05
86,0.3833555977132985,1.0,1.0,0.3848602455763511,1.1852760145443821,0.00025665130373342393
86,0.3779931502630614,0.9980906402779377,0.9962190290665458,0.2876160575852408,1.2018333605723341,2.5708768474075328e-06
86,0.38268322558005713,0.9978924501650135,1.0,0.3848602455763511,1.187113743179323,1.2308026834828567e-05
86,0.3780215558773831,0.9965313226411617,0.9965971261598913,0.2973404763843518,1.2017404807137078,0.00032288905328559103
86,0.3835715023537155,1.0,1.0,0.3848602455763511,1.1852760145443821,0.0009236747329264272
86,0.38339452144878094,1.0,1.0,0.3848602455763511,1.1852760145443821,0.0003769591786131343
86,0.38164103711847064,0.9944900025327748,1.0,0.3848602455763511,1.1903431814399108,0.000246154543357191
86,0.3809350108416173,0.9917013561638499,1.0,0.3848602455763511,1.19255739100123,8.023365655862591e-06
86,0.37700995988673214,0.9946261985189819,0.9962190290665458,0.2876160575852408,1.204964999899444,0.00038731263037994346
86,0.3822105703881922,0.9962762818096018,1.0,0.3848602455763511,1.1885694470249941,4.117979025131113e-05
86,0.38116590823312485,0.9925287456336783,1.0,0.3848602455763511,1.1918269616397572,1.0014568980754035e-06
86,0.37846048854165276,0.9997471831232556,0.9962190290665458,0.2876160575852408,1.2005278664405368,0.00018114588287376776
86,0.3880947863447315,1.0,1.0,0.3848602455763511,1.1852760145443821,0.014727421016261122
86,0.3832103415065305,0.9997721770930608,1.0,0.3848602455763511,1.1854742966896843,5.7508499307079575e-06
86,0.37882116190195037,0.9990843189399734,0.9965971261598913,0.2973404763843518,1.1993800095534075,0.00017613191906273862
86,0.37693064993344094,0.9945817505500569,0.9962190290665458,0.2876160575852408,1.205218536505244,0.0006055159555375944
86,0.3832079193119546,0.9995036812679267,1.0,0.3848602455763511,1.1857080939185476,0.00023205492604461142
86,0.382182984589645,0.9961064466690804,1.0,0.3848602455763511,1.188677179091707,2.1941650704793147e-05
86,0.38808272265567023,1.0,1.0,0.3848602455763511,1.1852760145443821,0.014691034098208267
86,0.37844326223318325,0.9983215794221765,0.9965971261598913,0.2973404763843518,1.2004013589800835,0.00041368799010776947
86,0.3833555977132985,0.998405893508187,0.9965971261598913,0.2973404763843518,1.1999204537661896,0.014901090525540894
86,0.3779931502630614,0.998933964082129,1.0,0.3848602455763511,1.2018307896954867,0.01562618873849808
86,0.38192664220993155,0.994955747588994,1.0,0.3848602455763511,1.1896874538830984,0.00023441215783992497
87,0.382175041791498,0.996101233635688,1.0,0.3848602455763511,1.188681750695082,1.8092636036026732e-06
87,0.38327148760938273,1.0,1.0,0.3848602455763511,1.1852794193751293,3.4048307471223893e-06
87,0.38276176015795105,0.9981823062011304,1.0,0.3848602455763511,1.1868605360023918,2.6688328831347974e-06
87,0.38327855650840625,1.0,1.0,0.3848602455763511,1.1852760145443821,1.8455563908670314e-05
87,0.3821742995440736,0.996101233635688,1.0,0.3848602455763511,1.1886822500498855,4.993548035070461e-07
87,0.3830183128151816,0.999101627834273,1.0,0.3848602455763511,1.186062888108209,4.464473294607529e-06
87,0.3832685836395181,1.0,1.0,0.3848602455763511,1.1852884000634847,1.2385519102542375e-05
87,0.38321531524399227,0.9998103436539021,1.0,0.3848602455763511,1.185453159687201,1.2086974893410485e-05
87,0.3832103415065305,0.9997721770930608,1.0,0.3848602455763511,1.1854742966896843,5.7508499307079575e-06
87,0.3826734655121419,0.997867756848944,1.0,0.3848602455763511,1.18713532111803,3.6090019075452062e-06
87,0.3833534582494934,1.0,1.0,0.3848602455763511,1.1852760145443821,0.0002500378091245814
87,0.38334380819885855,0.9999942077406752,1.0,0.3848602455763511,1.185281054628439,0.000225246810991786
87,0.38169395476293255,0.9944017109425765,1.0,0.3848602455763511,1.1901781535260232,3.440350331063158e-06
87,0.37800312313194956,0.9981350882468627,0.9962190290665458,0.2876160575852408,1.2017990817541333,8.064691299214388e-07
87,0.38116590823312485,0.9925287456336783,1.0,0.3848602455763511,1.1918269616397572,1.0014568980754035e-06
87,0.3833555977132985,1.0,1.0,0.3848602455763511,1.1852760145443821,0.00025665130373342393
87,0.3779931502630614,0.9980906402779377,0.9962190290665458,0.2876160575852408,1.2018333605723341,2.5708768474075328e-06
87,0.3832585638389727,1.0,1.0,0.3848602455763511,1.1853193878989747,4.337335459259073e-05
87,0.38268454647757316,0.997917143481083,1.0,0.3848602455763511,1.1870973376801777,5.1713716755497074e-06
87,0.3829998315700047,0.9990018087047479,1.0,0.3848602455763511,1.186145444842118,2.5324544319582643e-05
87,0.383665176679267,1.0,1.0,0.3848602455763511,1.1852760145443821,0.001212841988913027
87,0.38317098237664454,0.9993907134077662,1.0,0.3848602455763511,1.1858065001184994,0.0002161835484566499
87,0.3836583211980419,0.9981823062011304,1.0,0.3848602455763511,1.1868605360023918,0.0027762057595244194
87,0.3833002212738523,1.0,1.0,0.3848602455763511,1.1852760145443821,8.544829053991343e-05
87,0.3827717330268392,0.9982267541700554,1.0,0.3848602455763511,1.1868269443587418,5.223403155785178e-06
87,0.3855057658413821,0.9927811972338629,1.0,0.3848602455763511,1.1916030300589033,0.01319314217546852
87,0.38325349420689253,1.0,1.0,0.3848602455763511,1.1853350671641851,5.905261980299059e-05
87,0.3823703363058704,0.9998103436539021,1.0,0.3848602455763511,1.1880728266810463,0.002631753968738604
87,0.383865387759166,1.0,1.0,0.3848602455763511,1.1852760145443821,0.0018304089105161125
87,0.3880738654447622,1.0,1.0,0.3848602455763511,1.1852760145443821,0.014664317230740354
87,0.3834935546920085,1.0,1.0,0.3848602455763511,1.1852760145443821,0.0006829471009874855
87,0.37746490324443277,0.9962160694109123,0.9962190290665458,0.2876160575852408,1.2035127037606461,0.00019678837021341877
87,0.38297798607936306,0.9989908411502846,1.0,0.3848602455763511,1.1861877779096248,3.277061513196067e-05
87,0.38434025948558964,1.0,1.0,0.3848602455763511,1.1852760145443821,0.003292615490606776
87,0.3837637972907356,1.0,1.0,0.3848602455763511,1.1852760145443821,0.001517125599339586
87,0.38327755922151746,1.0,1.0,0.3848602455763511,1.1852760145443821,1.5371527831042897e-05
87,0.38763623157289473,1.0,1.0,0.2876160575852408,1.198763876641104,0.026830581173057366
87,0.38350473898128906,1.0,1.0,0.3848602455763511,1.1852760145443821,0.0007174938227481054
87,0.3840795556500594,1.0,1.0,0.3848602455763511,1.1852760145443821,0.0024903139873608815
87,0.38197703377885506,0.995144649678011,1.0,0.3848602455763511,1.1895214439594959,0.00022531848698559287
88,0.382175041791498,0.996101233635688,1.0,0.3848602455763511,1.188681750695082,1.8092636036026732e-06
88,0.38327148760938273,1.0,1.0,0.3848602455763511,1.1852794193751293,3.4048307471223893e-06
88,0.38276176015795105,0.9981823062011304,1.0,0.3848602455763511,1.1868605360023918,2.6688328831347974e-06
88,0.3821742995440736,0.996101233635688,1.0,0.3848602455763511,1.1886822500498855,4.993548035070461e-07
88,0.38327755922151746,1.0,1.0,0.3848602455763511,1.1852760145443821,1.5371527831042897e-05
88,0.3830183128151816,0.999101627834273,1.0,0.3848602455763511,1.186062888108209,4.464473294607529e-06
88,0.3832685836395181,1.0,1.0,0.3848602455763511,1.1852884000634847,1.2385519102542375e-05
88,0.38321531524399227,0.9998103436539021,1.0,0.3848602455763511,1.185453159687201,1.2086974893410485e-05
88,0.3832103415065305,0.9997721770930608,1.0,0.3848602455763511,1.1854742966896843,5.7508499307079575e-06
88,0.3826734655121419,0.997867756848944,1.0,0.3848602455763511,1.18713532111803,3.6090019075452062e-06
88,0.38169395476293255,0.9944017109425765,1.0,0.3848602455763511,1.1901781535260232,3.440350331063158e-06
88,0.37800312313194956,0.9981350882468627,0.9962190290665458,0.2876160575852408,1.2017990817541333,8.064691299214388e-07
88,0.38116590823312485,0.9925287456336783,1.0,0.3848602455763511,1.1918269616397572,1.0014568980754035e-06
88,0.38327855650840625,1.0,1.0,0.3848602455763511,1.1852760145443821,1.8455563908670314e-05
88,0.38268454647757316,0.997917143481083,1.0,0.3848602455763511,1.1870973376801777,5.1713716755497074e-06
88,0.3827717330268392,0.9982267541700554,1.0,0.3848602455763511,1.1868269443587418,5.223403155785178e-06
88,0.3779931502630614,0.9980906402779377,0.9962190290665458,0.2876160575852408,1.2018333605723341,2.5708768474075328e-06
88,0.3832585638389727,1.0,1.0,0.3848602455763511,1.1853193878989747,4.337335459259073e-05
88,0.3829998315700047,0.9990018087047479,1.0,0.3848602455763511,1.186145444842118,2.5324544319582643e-05
88,0.3833002212738523,1.0,1.0,0.3848602455763511,1.1852760145443821,8.544829053991343e-05
88,0.385144687583633,1.0,1.0,0.3848602455763511,1.1852760145443821,0.005761351749482113
88,0.38777619547971653,1.0,1.0,0.3848602455763511,1.1852760145443821,0.013765716578650888
88,0.3836694021634732,1.0,1.0,0.3848602455763511,1.1852760145443821,0.001225882487304597
88,0.3822933715582994,0.9964911102721192,1.0,0.3848602455763511,1.1883399778367414,2.796384101677596e-05
88,0.38167732164227336,0.9943118737260038,1.0,0.3848602455763511,1.1902537735863385,2.375327216963541e-05
88,0.3875035294160254,0.9997594017418732,1.0,0.3848602455763511,1.1854854181949201,0.013150789412958774
88,0.3812536859503367,0.9928292966972628,1.0,0.3848602455763511,1.191560568164033,8.006100162383234e-06
88,0.38231459460654005,0.9965863849541802,1.0,0.3848602455763511,1.1882564989985154,1.0450580584020486e-05
88,0.3836148364995873,1.0,1.0,0.3848602455763511,1.1852760145443821,0.0010574623032701957
88,0.3818453460384564,0.9949615398483188,1.0,0.3848602455763511,1.1897062803182956,2.391769436749236e-05
88,0.38169395476293255,0.9965483335922318,0.9965971261598913,0.2973404763843518,1.2014039804325827,0.011225826906559488
88,0.37800312313194956,0.9999101627834274,1.0,0.2876160575852408,1.2017990817541333,0.0029645525813766227
88,0.37827939835836993,0.9974232072564495,0.9965971261598913,0.2973404763843518,1.200921351394017,0.00021677081462700976
88,0.38218405961198887,0.996101233635688,1.0,0.3848602455763511,1.188681750695082,2.985675024058665e-05
88,0.3825013822933764,0.9973283820043284,1.0,0.3848602455763511,1.1876657897823537,5.8876276624264534e-05
88,0.3822394773785831,0.9963014539260213,1.0,0.3848602455763511,1.1885062005829043,2.6639526073068964e-05
88,0.38239052546548563,0.9969097685848423,1.0,0.3848602455763511,1.1880100997297434,3.682763056112037e-05
88,0.3818485408239888,0.9949607855912379,1.0,0.3848602455763511,1.189696326485831,1.330089109652377e-05
88,0.3798015468971786,0.9876775820128869,1.0,0.3848602455763511,1.1961319688469254,2.3606474067960903e-05
88,0.382622207342909,0.9976971548826382,1.0,0.3848602455763511,1.187290746790207,6.318142437455876e-06
89,0.382175041791498,0.996101233635688,1.0,0.3848602455763511,1.188681750695082,1.8092636036026732e-06
89,0.38327148760938273,1.0,1.0,0.3848602455763511,1.1852794193751293,3.4048307471223893e-06
89,0.38276176015795105,0.9981823062011304,1.0,0.3848602455763511,1.1868605360023918,2.6688328831347974e-06
89,0.3821742995440736,0.996101233635688,1.0,0.3848602455763511,1.1886822500498855,4.993548035070461e-07
89,0.38327755922151746,1.0,1.0,0.3848602455763511,1.1852760145443821,1.5371527831042897e-05
89,0.3830183128151816,0.999101627834273,1.0,0.3848602455763511,1.186062888108209,4.464473294607529e-06
89,0.3832685836395181,1.0,1.0,0.3848602455763511,1.1852884000634847,1.2385519102542375e-05
89,0.38321531524399227,0.9998103436539021,1.0,0.3848602455763511,1.185453159687201,1.2086974893410485e-05
89,0.3832103415065305,0.9997721770930608,1.0,0.3848602455763511,1.1854742966896843,5.7508499307079575e-06
89,0.3826734655121419,0.997867756848944,1.0,0.3848602455763511,1.18713532111803,3.6090019075452062e-06
89,0.38169395476293255,0.9944017109425765,1.0,0.3848602455763511,1.1901781535260232,3.440350331063158e-06
89,0.37800312313194956,0.9981350882468627,0.9962190290665458,0.2876160575852408,1.2017990817541333,8.064691299214388e-07
89,0.38116590823312485,0.9925287456336783,1.0,0.3848602455763511,1.1918269616397572,1.0014568980754035e-06
89,0.38327855650840625,1.0,1.0,0.3848602455763511,1.1852760145443821,1.8455563908670314e-05
89,0.38268454647757316,0.997917143481083,1.0,0.3848602455763511,1.1870973376801777,5.1713716755497074e-06
89,0.3827717330268392,0.9982267541700554,1.0,0.3848602455763511,1.1868269443587418,5.223403155785178e-06
89,0.3779931502630614,0.9980906402779377,0.9962190290665458,0.2876160575852408,1.2018333605723341,2.5708768474075328e-06
89,0.3832585638389727,1.0,1.0,0.3848602455763511,1.1853193878989747,4.337335459259073e-05
89,0.3829998315700047,0.9990018087047479,1.0,0.3848602455763511,1.186145444842118,2.5324544319582643e-05
89,0.3833002212738523,1.0,1.0,0.3848602455763511,1.1852760145443821,8.544829053991343e-05
89,0.38287933251296846,0.9985747694645379,1.0,0.3848602455763511,1.1865179293263959,2.4515555909321307e-05
89,0.38280516025714906,0.9983873468173756,1.0,0.3848602455763511,1.1867233085104771,4.179938247816928e-05
89,0.37783029730973555,0.9975315939139537,0.9962190290665458,0.2876160575852408,1.2023488045142439,7.3890161214063e-05
89,0.38238602667834093,0.9968361107153442,1.0,0.3848602455763511,1.1880377672118754,1.369049506250164e-05
89,0.38215250898040015,0.9960360298034319,1.0,0.3848602455763511,1.1887500294195894,1.1093759252345237e-05
89,0.3777612462693875,0.9972367160811357,0.9962190290665458,0.2876160575852408,1.2025685820494278,6.0563748117248295e-05
89,0.381873909840226,0.995035197717817,1.0,0.3848602455763511,1.1896176242655145,3.3283436318143345e-07
89,0.38221762571018797,0.99635218330303,1.0,0.3848602455763511,1.1885475073247367,8.57742869713185e-05
89,0.38229370082250624,0.9964911102721192,1.0,0.3848602455763511,1.1883399778367414,2.8987317498119225e-05
89,0.3829933934344841,0.9990229573561061,1.0,0.3848602455763511,1.186140059028307,1.3052797164236907e-05
89,0.38327408014469067,0.9999656500952429,1.0,0.3848602455763511,1.1853059046687469,3.450273830196693e-05
89,0.3819213241786944,0.9952926986865338,1.0,0.3848602455763511,1.1894696041636823,7.822379482025354e-05
89,0.3870322860151111,0.9981695308499428,1.0,0.3848602455763511,1.1868716929639809,0.013109651079775464
89,0.38519236934603746,1.0,1.0,0.3848602455763511,1.1852760145443821,0.005907360191584665
89,0.38420914651189164,1.0,1.0,0.3848602455763511,1.1852760145443821,0.002889258726940014
89,0.3774833266432352,0.9945935037693526,0.9965971261598913,0.2973404763843518,1.2034539652869667,0.00048278998968975806
89,0.382057287959665,0.9956990921015745,1.0,0.3848602455763511,1.1890463043356068,1.1748740878170238e-05
89,0.38336971358619243,1.0,1.0,0.3848602455763511,1.1852760145443821,0.00030028433490913997
89,0.3825555071054272,0.9974182192209011,1.0,0.3848602455763511,1.187528330600823,3.05744404907049e-05
89,0.3827303637520013,0.9980809811640496,1.0,0.3848602455763511,1.1869552283272167,6.195357015625902e-06
90,0.382175041791498,0.996101233635688,1.0,0.3848602455763511,1.188681750695082,1.8092636036026732e-06
90,0.38327148760938273,1.0,1.0,0.3848602455763511,1.1852794193751293,3.4048307471223893e-06
90,0.38276176015795105,0.9981823062011304,1.0,0.3848602455763511,1.1868605360023918,2.6688328831347974e-06
90,0.3821742995440736,0.996101233635688,1.0,0.3848602455763511,1.1886822500498855,4.993548035070461e-07
90,0.38327755922151746,1.0,1.0,0.3848602455763511,1.1852760145443821,1.5371527831042897e-05
90,0.381873909840226,0.995035197717817,1.0,0.3848602455763511,1.1896176242655145,3.3283436318143345e-07
90,0.3830183128151816,0.999101627834273,1.0,0.3848602455763511,1.186062888108209,4.464473294607529e-06
90,0.3832685836395181,1.0,1.0,0.3848602455763511,1.1852884000634847,1.2385519102542375e-05
90,0.38321531524399227,0.9998103436539021,1.0,0.3848602455763511,1.185453159687201,1.2086974893410485e-05
90,0.3832103415065305,0.9997721770930608,1.0,0.3848602455763511,1.1854742966896843,5.7508499307079575e-06
90,0.3826734655121419,0.997867756848944,1.0,0.3848602455763511,1.18713532111803,3.6090019075452062e-06
90,0.38327855650840625,1.0,1.0,0.3848602455763511,1.1852760145443821,1.8455563908670314e-05
90,0.38169395476293255,0.9944017109425765,1.0,0.3848602455763511,1.1901781535260232,3.440350331063158e-06
90,0.37800312313194956,0.9981350882468627,0.9962190290665458,0.2876160575852408,1.2017990817541333,8.064691299214388e-07
90,0.38116590823312485,0.9925287456336783,1.0,0.3848602455763511,1.1918269616397572,1.0014568980754035e-06
90,0.3833002212738523,1.0,1.0,0.3848602455763511,1.1852760145443821,8.544829053991343e-05
90,0.3779931502630614,0.9980906402779377,0.9962190290665458,0.2876160575852408,1.2018333605723341,2.5708768474075328e-06
90,0.38268454647757316,0.997917143481083,1.0,0.3848602455763511,1.1870973376801777,5.1713716755497074e-06
90,0.38327408014469067,0.9999656500952429,1.0,0.3848602455763511,1.1853059046687469,3.450273830196693e-05
90,0.3829933934344841,0.9990229573561061,1.0,0.3848602455763511,1.186140059028307,1.3052797164236907e-05
90,0.3774594387935115,0.9962160694109123,1.0,0.2876160575852408,1.203530126920354,0.0017793409352790945
90,0.37851116818069375,0.9983215794221765,0.9965971261598913,0.2973404763843518,1.2001860036661283,0.00019833267615254613
90,0.3867079988634404,0.9970604453497934,1.0,0.3848602455763511,1.1878413686310292,0.013095028647388984
90,0.383331983552871,1.0,1.0,0.3848602455763511,1.1852760145443821,0.0001836512972615001
90,0.38295662389372687,0.9989636421439065,1.0,0.3848602455763511,1.1862539461434767,7.522352201538851e-05
90,0.38446395267500943,1.0,1.0,0.3848602455763511,1.1852760145443821,0.0036728937847685383
90,0.38287979974241493,0.9985914412443422,1.0,0.3848602455763511,1.1865033814097516,1.141552097583265e-05
90,0.3832768911988355,1.0,1.0,0.3848602455763511,1.1852760145443821,1.3305708029154317e-05
90,0.38062132633648693,0.990609726797728,1.0,0.3848602455763511,1.1935321929040583,7.907643759574867e-06
90,0.378844317741614,0.9994212700375131,0.9965971261598913,0.3848602455763511,1.1991305795239051,0.012274656991689614
90,0.37852069360070706,0.9983215794221765,1.0,0.2973404763843518,1.200155801154239,0.0015430082575977888
90,0.37950845325647176,1.0,0.9965971261598913,0.2973404763843518,1.1986517266444885,0.0016196121109721684
90,0.38425538487561434,1.0,1.0,0.3848602455763511,1.1852760145443821,0.0030315381350785042
90,0.38116163800995473,0.9925923439078073,1.0,0.3848602455763511,1.1918403138939861,7.052554233744068e-05
90,0.37831836433234384,0.9975538947959051,0.9965971261598913,0.2973404763843518,1.2007976590903615,0.00019744867675997035
90,0.38210410043678417,0.9958128177526898,1.0,0.3848602455763511,1.1889347534497534,3.412198891061813e-05
90,0.37979484847095746,1.0,0.9965971261598913,0.2973404763843518,1.1986517266444885,0.0025222685573818016
90,0.38268454647757316,0.997917143481083,1.0,0.3848602455763511,1.1870973376801777,5.1713716755497074e-06
90,0.37857153912654495,0.998452266961632,0.9965971261598913,0.2973404763843518,1.19999460955284,0.0001111209836714977
90,0.3833091968558517,1.0,1.0,0.3848602455763511,1.1852760145443821,0.00011320075557796905
91,0.382175041791498,0.996101233635688,1.0,0.3848602455763511,1.188681750695082,1.8092636036026732e-06
91,0.38327148760938273,1.0,1.0,0.3848602455763511,1.1852794193751293,3.4048307471223893e-06
91,0.38276176015795105,0.9981823062011304,1.0,0.3848602455763511,1.1868605360023918,2.6688328831347974e-06
91,0.3821742995440736,0.996101233635688,1.0,0.3848602455763511,1.1886822500498855,4.993548035070461e-07
91,0.381873909840226,0.995035197717817,1.0,0.3848602455763511,1.1896176242655145,3.3283436318143345e-07
91,0.3832768911988355,1.0,1.0,0.3848602455763511,1.1852760145443821,1.3305708029154317e-05
91,0.3830183128151816,0.999101627834273,1.0,0.3848602455763511,1.186062888108209,4.464473294607529e-06
91,0.3832685836395181,1.0,1.0,0.3848602455763511,1.1852884000634847,1.2385519102542375e-05
91,0.38321531524399227,0.9998103436539021,1.0,0.3848602455763511,1.185453159687201,1.2086974893410485e-05
91,0.3832103415065305,0.9997721770930608,1.0,0.3848602455763511,1.1854742966896843,5.7508499307079575e-06
91,0.3826734655121419,0.997867756848944,1.0,0.3848602455763511,1.18713532111803,3.6090019075452062e-06
91,0.38169395476293255,0.9944017109425765,1.0,0.3848602455763511,1.1901781535260232,3.440350331063158e-06
91,0.37800312313194956,0.9981350882468627,0.9962190290665458,0.2876160575852408,1.2017990817541333,8.064691299214388e-07
91,0.38116590823312485,0.9925287456336783,1.0,0.3848602455763511,1.1918269616397572,1.0014568980754035e-06
91,0.38327755922151746,1.0,1.0,0.3848602455763511,1.1852760145443821,1.5371527831042897e-05
91,0.3779931502630614,0.9980906402779377,0.9962190290665458,0.2876160575852408,1.2018333605723341,2.5708768474075328e-06
91,0.38327855650840625,1.0,1.0,0.3848602455763511,1.1852760145443821,1.8455563908670314e-05
91,0.38268454647757316,0.997917143481083,1.0,0.3848602455763511,1.1870973376801777,5.1713716755497074e-06
91,0.38287979974241493,0.9985914412443422,1.0,0.3848602455763511,1.1865033814097516,1.141552097583265e-05
91,0.3829933934344841,0.9990229573561061,1.0,0.3848602455763511,1.186140059028307,1.3052797164236907e-05
91,0.38266665716809245,0.9978531582571104,1.0,0.3848602455763511,1.1871528333738948,4.754960620134696e-06
91,0.38179067245167964,0.9947718835022209,1.0,0.3848602455763511,1.1898766498796254,2.7552994082302718e-05
91,0.38409687491828065,1.0,1.0,0.3848602455763511,1.1852760145443821,0.0025436468418582603
91,0.38294429648784745,0.9988509113278181,1.0,0.3848602455763511,1.1862921329867488,1.5104469429205736e-05
91,0.37798317739417325,0.9980461923090127,0.9962190290665458,0.2876160575852408,1.2018684489847105,5.949674678706884e-06
91,0.3829959794818532,0.9989908411502846,1.0,0.3848602455763511,1.1861550072944929,2.2957265066736454e-05
91,0.3875096501967621,0.999101627834273,1.0,0.3848602455763511,1.1860584236349143,0.013742312077467567
91,0.38143409019862556,0.9934465617817986,1.0,0.3848602455763511,1.19101601550449,2.701382815639697e-05
91,0.3826830476989595,0.997917143481083,1.0,0.3848602455763511,1.1871019869483073,9.820639805147025e-06
91,0.37846734228915935,0.9997710126658453,0.9962190290665458,0.2876160575852408,1.2005091183345802,0.00018413511697801255
91,0.38281226536923313,0.9983656811391446,1.0,0.3848602455763511,1.1867012825649668,8.59983143364218e-07
91,0.3835520242847315,0.9944017109425765,1.0,0.3848602455763511,1.1901747131756921,0.00576222794704262
91,0.3834480357892808,1.0,1.0,0.3848602455763511,1.1852760145443821,0.0005423247181990387
91,0.38116590823312485,0.9925287456336783,1.0,0.3848602455763511,1.1918269616397572,1.0014568980754035e-06
91,0.3840025004783997,1.0,1.0,0.3848602455763511,1.1852760145443821,0.002252972420985211
91,0.3808603767101978,0.9914581772714408,1.0,0.3848602455763511,1.1927830619010775,1.0463184791253965e-05
91,0.38416302015255926,1.0,1.0,0.3848602455763511,1.1852760145443821,0.002747289840384859
91,0.38268454647757316,0.9973832040844169,0.9965971261598913,0.2973404763843518,1.2007365335279379,0.013639195847760188
91,0.3879623077246034,1.0,1.0,0.3848602455763511,1.1852760145443821,0.014327710376912606
91,0.3804303846077777,1.0,0.9965971261598913,0.2973404763843518,1.1986517266444885,0.004520488267711009
92,0.38327148760938273,1.0,1.0,0.3848602455763511,1.1852794193751293,3.4048307471223893e-06
92,0.3821742995440736,0.996101233635688,1.0,0.3848602455763511,1.1886822500498855,4.993548035070461e-07
92,0.381873909840226,0.995035197717817,1.0,0.3848602455763511,1.1896176242655145,3.3283436318143345e-07
92,0.3832768911988355,1.0,1.0,0.3848602455763511,1.1852760145443821,1.3305708029154317e-05
92,0.38281226536923313,0.9983656811391446,1.0,0.3848602455763511,1.1867012825649668,8.59983143364218e-07
92,0.3830183128151816,0.999101627834273,1.0,0.3848602455763511,1.186062888108209,4.464473294607529e-06
92,0.3832685836395181,1.0,1.0,0.3848602455763511,1.1852884000634847,1.2385519102542375e-05
92,0.38321531524399227,0.9998103436539021,1.0,0.3848602455763511,1.185453159687201,1.2086974893410485e-05
92,0.3832103415065305,0.9997721770930608,1.0,0.3848602455763511,1.1854742966896843,5.7508499307079575e-06
92,0.37800312313194956,0.9981350882468627,0.9962190290665458,0.2876160575852408,1.2017990817541333,8.064691299214388e-07
92,0.38327755922151746,1.0,1.0,0.3848602455763511,1.1852760145443821,1.5371527831042897e-05
92,0.382175041791498,0.996101233635688,1.0,0.3848602455763511,1.188681750695082,1.8092636036026732e-06
92,0.38276176015795105,0.9981823062011304,1.0,0.3848602455763511,1.1868605360023918,2.6688328831347974e-06
92,0.38116590823312485,0.9925287456336783,1.0,0.3848602455763511,1.1918269616397572,1.0014568980754035e-06
92,0.38116590823312485,0.9925287456336783,1.0,0.3848602455763511,1.1918269616397572,1.0014568980754035e-06
92,0.38327855650840625,1.0,1.0,0.3848602455763511,1.1852760145443821,1.8455563908670314e-05
92,0.3779931502630614,0.9980906402779377,0.9962190290665458,0.2876160575852408,1.2018333605723341,2.5708768474075328e-06
92,0.38169395476293255,0.9944017109425765,1.0,0.3848602455763511,1.1901781535260232,3.440350331063158e-06
92,0.38287979974241493,0.9985914412443422,1.0,0.3848602455763511,1.1865033814097516,1.141552097583265e-05
92,0.38268454647757316,0.997917143481083,1.0,0.3848602455763511,1.1870973376801777,5.1713716755497074e-06
92,0.38308567974104046,0.999313009162123,1.0,0.3848602455763511,1.1858742011311123,1.988623423443414e-05
92,0.38229487203735024,0.998217587577736,0.9996219029066545,0.3751358267772401,1.1883073499591168,0.0001486360585944979
92,0.38286729686180015,0.9985707217553899,1.0,0.3848602455763511,1.18653071186547,9.250405264449313e-06
92,0.38098477830378286,0.9918673123146526,1.0,0.3848602455763511,1.1924105842139605,1.699748817185487e-05
92,0.3837115348341152,1.0,1.0,0.3848602455763511,1.1852760145443821,0.0013558947219616257
92,0.38234608827286504,0.9967168703773168,1.0,0.3848602455763511,1.1881481731535812,5.978438635700911e-06
92,0.38776881642687083,1.0,1.0,0.3848602455763511,1.1852760145443821,0.013743423304902525
92,0.38042498101832495,1.0,0.9965971261598913,0.2973404763843518,1.1986517266444885,0.004503526723990348
92,0.38357345156080236,1.0,1.0,0.3848602455763511,1.1852760145443821,0.0009296932619946574
92,0.38469703666648974,1.0,1.0,0.3848602455763511,1.1852760145443821,0.004388815002677848
92,0.3849440553226866,1.0,1.0,0.3848602455763511,1.1852760145443821,0.005146590488127378
92,0.3820132000832806,0.9955332835041626,1.0,0.3848602455763511,1.1891835313380563,3.4263442514337328e-06
92,0.38276176015795105,0.9874902854819971,1.0,0.3848602455763511,1.1962990659696215,0.009441198800112849
92,0.38363963608611873,0.9925287456336783,1.0,0.3848602455763511,1.1918259601828591,0.007683959287383857
92,0.3818044175278859,0.9947965512697744,1.0,0.3848602455763511,1.1898338139551705,6.407059098378909e-06
92,0.38452453642363826,1.0,1.0,0.3848602455763511,1.1852760145443821,0.0038590612187814344
92,0.3847796844115545,1.0,1.0,0.3848602455763511,1.1852760145443821,0.004642460576803176
92,0.38110541228963657,0.992323705017433,1.0,0.3848602455763511,1.1920161499692978,9.042970276595952e-06
92,0.3813154305748527,0.9985914412443422,1.0,0.3848602455763511,1.1913596195300955,0.004856238120343859
92,0.38209767797665406,0.9958325947453138,1.0,0.3848602455763511,1.1889206150077847,3.214913736560021e-06
93,0.38327148760938273,1.0,1.0,0.3848602455763511,1.1852794193751293,3.4048307471223893e-06
93,0.3821742995440736,0.996101233635688,1.0,0.3848602455763511,1.1886822500498855,4.993548035070461e-07
93,0.381873909840226,0.995035197717817,1.0,0.3848602455763511,1.1896176242655145,3.3283436318143345e-07
93,0.3832768911988355,1.0,1.0,0.3848602455763511,1.1852760145443821,1.3305708029154317e-05
93,0.38281226536923313,0.9983656811391446,1.0,0.3848602455763511,1.1867012825649668,8.59983143364218e-07
93,0.3830183128151816,0.999101627834273,1.0,0.3848602455763511,1.186062888108209,4.464473294607529e-06
93,0.3832685836395181,1.0,1.0,0.3848602455763511,1.1852884000634847,1.2385519102542375e-05
93,0.38321531524399227,0.9998103436539021,1.0,0.3848602455763511,1.185453159687201,1.2086974893410485e-05
93,0.3832103415065305,0.9997721770930608,1.0,0.3848602455763511,1.1854742966896843,5.7508499307079575e-06
93,0.37800312313194956,0.9981350882468627,0.9962190290665458,0.2876160575852408,1.2017990817541333,8.064691299214388e-07
93,0.38327755922151746,1.0,1.0,0.3848602455763511,1.1852760145443821,1.5371527831042897e-05
93,0.382175041791498,0.996101233635688,1.0,0.3848602455763511,1.188681750695082,1.8092636036026732e-06
93,0.38276176015795105,0.9981823062011304,1.0,0.3848602455763511,1.1868605360023918,2.6688328831347974e-06
93,0.38116590823312485,0.9925287456336783,1.0,0.3848602455763511,1.1918269616397572,1.0014568980754035e-06
93,0.38116590823312485,0.9925287456336783,1.0,0.3848602455763511,1.1918269616397572,1.0014568980754035e-06
93,0.38327855650840625,1.0,1.0,0.3848602455763511,1.1852760145443821,1.8455563908670314e-05
93,0.3779931502630614,0.9980906402779377,0.9962190290665458,0.2876160575852408,1.2018333605723341,2.5708768474075328e-06
93,0.38209767797665406,0.9958325947453138,1.0,0.3848602455763511,1.1889206150077847,3.214913736560021e-06
93,0.38287979974241493,0.9985914412443422,1.0,0.3848602455763511,1.1865033814097516,1.141552097583265e-05
93,0.38268454647757316,0.997917143481083,1.0,0.3848602455763511,1.1870973376801777,5.1713716755497074e-06
93,0.3874980885673936,0.999852839812743,1.0,0.3848602455763511,1.185404082805828,0.013052993309781158
93,0.3833603611994026,1.0,1.0,0.3848602455763511,1.1852760145443821,0.0002713758914230091
93,0.3829269856914427,0.998732297119908,1.0,0.3848602455763511,1.186380488932067,3.472780652291618e-05
93,0.373780866538889,0.998291235364032,0.9928161552264371,0.20009628839324145,1.2186719129924257,0.00329721906241609
93,0.37801476767733994,0.9983656811391446,0.9965971261598913,0.2973404763843518,1.2017620609678645,0.0018095503469273133
93,0.3829402956859032,0.9987964818605874,1.0,0.3848602455763511,1.1863245011892247,1.9974312584603027e-05
93,0.3775339280229118,0.9964563214170823,0.9962190290665458,0.2876160575852408,1.2032926647353093,0.00016707075044575248
93,0.37753890397473977,0.9964991638278801,0.9962190290665458,0.2876160575852408,1.2032768053728546,0.00018514039261607884
93,0.38244414357253803,0.9970636250811621,1.0,0.3848602455763511,1.1878435424595886,4.956957565971365e-06
93,0.3795828162566021,0.9981350882468627,0.9965971261598913,0.2973404763843518,1.2001363865920593,0.0033387792470729316
93,0.38327755922151746,0.9908944267728229,1.0,0.3848602455763511,1.1932719111958843,0.008011268179333175
93,0.3838427528821617,1.0,1.0,0.3848602455763511,1.1852760145443821,0.0017606221411843315
93,0.38276176015795105,0.9948407765151246,1.0,0.3848602455763511,1.1897885230094003,0.002930655839891605
93,0.38236328272754805,0.9967993808261273,1.0,0.3848602455763511,1.1880947434421276,2.4811836991656122e-05
93,0.38333526137791263,1.0,1.0,0.3848602455763511,1.1852760145443821,0.00019378479085352396
93,0.3821048072317335,1.0,1.0,0.3848602455763511,1.18889843230254,0.0036224177581578587
93,0.38089555749966203,0.9915693133075945,1.0,0.3848602455763511,1.1926742327885185,1.34032586274202e-06
93,0.38169901848226095,0.9944033165007037,1.0,0.3848602455763511,1.19017330034906,1.0936038655984248e-05
93,0.38394214428643475,1.0,1.0,0.3848602455763511,1.1852760145443821,0.002066999699037453
93,0.38243896645234116,0.997026535799528,1.0,0.3848602455763511,1.1878710498061755,1.142737221782042e-05
94,0.38327148760938273,1.0,1.0,0.3848602455763511,1.1852794193751293,3.4048307471223893e-06
94,0.3821742995440736,0.996101233635688,1.0,0.3848602455763511,1.1886822500498855,4.993548035070461e-07
94,0.381873909840226,0.995035197717817,1.0,0.3848602455763511,1.1896176242655145,3.3283436318143345e-07
94,0.3832768911988355,1.0,1.0,0.3848602455763511,1.1852760145443821,1.3305708029154317e-05
94,0.38281226536923313,0.9983656811391446,1.0,0.3848602455763511,1.1867012825649668,8.59983143364218e-07
94,0.3830183128151816,0.999101627834273,1.0,0.3848602455763511,1.186062888108209,4.464473294607529e-06
94,0.3832685836395181,1.0,1.0,0.3848602455763511,1.1852884000634847,1.2385519102542375e-05
94,0.38321531524399227,0.9998103436539021,1.0,0.3848602455763511,1.185453159687201,1.2086974893410485e-05
94,0.3832103415065305,0.9997721770930608,1.0,0.3848602455763511,1.1854742966896843,5.7508499307079575e-06
94,0.37800312313194956,0.9981350882468627,0.9962190290665458,0.2876160575852408,1.2017990817541333,8.064691299214388e-07
94,0.38327755922151746,1.0,1.0,0.3848602455763511,1.1852760145443821,1.5371527831042897e-05
94,0.382175041791498,0.996101233635688,1.0,0.3848602455763511,1.188681750695082,1.8092636036026732e-06
94,0.38276176015795105,0.9981823062011304,1.0,0.3848602455763511,1.1868605360023918,2.6688328831347974e-06
94,0.38116590823312485,0.9925287456336783,1.0,0.3848602455763511,1.1918269616397572,1.0014568980754035e-06
94,0.38116590823312485,0.9925287456336783,1.0,0.3848602455763511,1.1918269616397572,1.0014568980754035e-06
94,0.38327855650840625,1.0,1.0,0.3848602455763511,1.1852760145443821,1.8455563908670314e-05
94,0.38089555749966203,0.9915693133075945,1.0,0.3848602455763511,1.1926742327885185,1.34032586274202e-06
94,0.38287979974241493,0.9985914412443422,1.0,0.3848602455763511,1.1865033814097516,1.141552097583265e-05
94,0.38209767797665406,0.9958325947453138,1.0,0.3848602455763511,1.1889206150077847,3.214913736560021e-06
94,0.38268454647757316,0.997917143481083,1.0,0.3848602455763511,1.1870973376801777,5.1713716755497074e-06
94,0.3823368138959889,0.9966961508883645,1.0,0.3848602455763511,1.1881769941656135,1.6651327602312804e-05
94,0.38324254462969815,0.9998916375076239,1.0,0.3848602455763511,1.1853703148967967,1.3816653725573502e-06
94,0.38298259469870377,0.995035197717817,1.0,0.3848602455763511,1.1896176242655145,0.0034441203411736954
94,0.3822223397421441,0.9962917626762516,1.0,0.3848602455763511,1.1885328487076605,1.8152609002619613e-05
94,0.3880254492603285,1.0,1.0,0.3848602455763511,1.1852760145443821,0.014518253224373279
94,0.37858658632067904,0.9984922701336646,0.9965971261598913,0.2973404763843518,1.199946914910572,9.531090262626662e-05
94,0.384024186355786,1.0,1.0,0.3848602455763511,1.1852760145443821,0.002319777829293823
94,0.38327956563318216,1.0,1.0,0.3848602455763511,1.1852760145443821,2.1576191441941006e-05
94,0.3832103415065305,0.997917143481083,1.0,0.3848602455763511,1.1870921663085021,0.0016236204687485323
94,0.38308261610269595,0.9993251134652286,1.0,0.3848602455763511,1.1858637985659037,1.4418631266721604e-07
94,0.38292772493680366,0.9987858624470346,1.0,0.3848602455763511,1.186343470874562,9.706968023159845e-06
94,0.3822785538996833,0.9964911102721192,1.0,0.3848602455763511,1.1883580746536588,1.809681691744558e-05
94,0.3817562773244421,0.9981823062011304,1.0,0.3848602455763511,1.189983854295357,0.0031233182929650827
94,0.38301921037338155,0.999101627834273,1.0,0.3848602455763511,1.1860601087163685,1.6850814541502501e-06
94,0.38302477768019644,0.9991139260131012,1.0,0.3848602455763511,1.186047703422481,4.834218785498834e-06
94,0.3834789505443027,1.0,1.0,0.3848602455763511,1.1852760145443821,0.0006378338762367264
94,0.3837663177059799,1.0,1.0,0.3848602455763511,1.1852760145443821,0.00152490002821426
94,0.3858524047702477,0.9940021255952566,1.0,0.3848602455763511,1.1905264741414696,0.013175236496291376
94,0.38270126421446277,0.9979772655848851,1.0,0.3848602455763511,1.1870454810944866,5.844653339304173e-06
94,0.383010836011796,0.999101627834273,1.0,0.3848602455763511,1.1860860413930783,2.761775816395584e-05
95,0.38327148760938273,1.0,1.0,0.3848602455763511,1.1852794193751293,3.4048307471223893e-06
95,0.3832768911988355,1.0,1.0,0.3848602455763511,1.1852760145443821,1.3305708029154317e-05
95,0.38324254462969815,0.9998916375076239,1.0,0.3848602455763511,1.1853703148967967,1.3816653725573502e-06
95,0.38308261610269595,0.9993251134652286,1.0,0.3848602455763511,1.1858637985659037,1.4418631266721604e-07
95,0.3832685836395181,1.0,1.0,0.3848602455763511,1.1852884000634847,1.2385519102542375e-05
95,0.38327755922151746,1.0,1.0,0.3848602455763511,1.1852760145443821,1.5371527831042897e-05
95,0.38321531524399227,0.9998103436539021,1.0,0.3848602455763511,1.185453159687201,1.2086974893410485e-05
95,0.3832103415065305,0.9997721770930608,1.0,0.3848602455763511,1.1854742966896843,5.7508499307079575e-06
95,0.3821742995440736,0.996101233635688,1.0,0.3848602455763511,1.1886822500498855,4.993548035070461e-07
95,0.381873909840226,0.995035197717817,1.0,0.3848602455763511,1.1896176242655145,3.3283436318143345e-07
95,0.38281226536923313,0.9983656811391446,1.0,0.3848602455763511,1.1867012825649668,8.59983143364218e-07
95,0.38301921037338155,0.999101627834273,1.0,0.3848602455763511,1.1860601087163685,1.6850814541502501e-06
95,0.38302477768019644,0.9991139260131012,1.0,0.3848602455763511,1.186047703422481,4.834218785498834e-06
95,0.38327855650840625,1.0,1.0,0.3848602455763511,1.1852760145443821,1.8455563908670314e-05
95,0.37800312313194956,0.9981350882468627,0.9962190290665458,0.2876160575852408,1.2017990817541333,8.064691299214388e-07
95,0.38116590823312485,0.9925287456336783,1.0,0.3848602455763511,1.1918269616397572,1.0014568980754035e-06
95,0.38116590823312485,0.9925287456336783,1.0,0.3848602455763511,1.1918269616397572,1.0014568980754035e-06
95,0.3830183128151816,0.999101627834273,1.0,0.3848602455763511,1.186062888108209,4.464473294607529e-06
95,0.382175041791498,0.996101233635688,1.0,0.3848602455763511,1.188681750695082,1.8092636036026732e-06
95,0.38276176015795105,0.9981823062011304,1.0,0.3848602455763511,1.1868605360023918,2.6688328831347974e-06
95,0.38327148760938273,0.9977796542135116,1.0,0.3848602455763511,1.1872123171833813,0.0019328978082520099
95,0.3807007915177152,0.9908928212146957,1.0,0.3848602455763511,1.1932830622117274,9.728165470290762e-06
95,0.37997888840159394,0.9883110687881275,1.0,0.3848602455763511,1.1955672712186307,1.7149480564970787e-05
95,0.38460175010401615,0.9993251134652286,1.0,0.3848602455763511,1.185863654379591,0.004683885494168427
95,0.3832685836395181,0.9954233154536591,1.0,0.3848602455763511,1.1892766634246348,0.003988263361150102
95,0.3847242660521956,1.0,1.0,0.3848602455763511,1.1852760145443821,0.004472393907844818
95,0.3833084043314729,1.0,1.0,0.3848602455763511,1.1852760145443821,0.00011075032555951658
95,0.3830380760878605,0.9991914650508458,1.0,0.3848602455763511,1.1860016918834102,2.1572469248276605e-05
95,0.3831336235472155,0.9994901283618443,1.0,0.3848602455763511,1.1857198986683908,1.3976827571093864e-05
95,0.38160958729528643,0.9940844060194648,1.0,0.3848602455763511,1.1904540183317196,1.2736414952252417e-05
95,0.3792664075751119,1.0,0.9962190290665458,0.2876160575852408,1.200329006046462,0.0025329523735411197
95,0.38403650314283266,1.0,1.0,0.3848602455763511,1.1852760145443821,0.00235771750402769
95,0.38372048557176897,1.0,1.0,0.3848602455763511,1.1852760145443821,0.0013835110697106856
95,0.3840548614826369,1.0,1.0,0.3848602455763511,1.1852760145443821,0.0024142625921885763
95,0.38138186976020344,0.9932758710703105,1.0,0.3848602455763511,1.191166531535773,1.4454546762632248e-05
95,0.38111932570424195,0.9923774989045835,1.0,0.3848602455763511,1.1919726333755467,1.3058795823583935e-05
95,0.3828167417329487,0.9984000310439017,1.0,0.3848602455763511,1.186687406195494,1.6969616265960497e-05
95,0.38301284836426036,0.999101627834273,1.0,0.3848602455763511,1.1860798096878697,2.1386052955429946e-05
95,0.38164866609832315,0.9942266627686628,1.0,0.3848602455763511,1.190328775903315,9.388871538229537e-06
95,0.3832204940651345,0.99979886293214,1.0,0.3848602455763511,1.1854510664096887,1.3926872676650603e-05
96,0.38327148760938273,1.0,1.0,0.3848602455763511,1.1852794193751293,3.4048307471223893e-06
96,0.3832768911988355,1.0,1.0,0.3848602455763511,1.1852760145443821,1.3305708029154317e-05
96,0.38324254462969815,0.9998916375076239,1.0,0.3848602455763511,1.1853703148967967,1.3816653725573502e-06
96,0.38308261610269595,0.9993251134652286,1.0,0.3848602455763511,1.1858637985659037,1.4418631266721604e-07
96,0.3832685836395181,1.0,1.0,0.3848602455763511,1.1852884000634847,1.2385519102542375e-05
96,0.38327755922151746,1.0,1.0,0.3848602455763511,1.1852760145443821,1.5371527831042897e-05
96,0.38321531524399227,0.9998103436539021,1.0,0.3848602455763511,1.185453159687201,1.2086974893410485e-05
96,0.3832103415065305,0.9997721770930608,1.0,0.3848602455763511,1.1854742966896843,5.7508499307079575e-06
96,0.3821742995440736,0.996101233635688,1.0,0.3848602455763511,1.1886822500498855,4.993548035070461e-07
96,0.381873909840226,0.995035197717817,1.0,0.3848602455763511,1.1896176242655145,3.3283436318143345e-07
96,0.38281226536923313,0.9983656811391446,1.0,0.3848602455763511,1.1867012825649668,8.59983143364218e-07
96,0.38301921037338155,0.999101627834273,1.0,0.3848602455763511,1.1860601087163685,1.6850814541502501e-06
96,0.38302477768019644,0.9991139260131012,1.0,0.3848602455763511,1.186047703422481,4.834218785498834e-06
96,0.38327855650840625,1.0,1.0,0.3848602455763511,1.1852760145443821,1.8455563908670314e-05
96,0.37800312313194956,0.9981350882468627,0.9962190290665458,0.2876160575852408,1.2017990817541333,8.064691299214388e-07
96,0.3832204940651345,0.99979886293214,1.0,0.3848602455763511,1.1854510664096887,1.3926872676650603e-05
96,0.3830183128151816,0.999101627834273,1.0,0.3848602455763511,1.186062888108209,4.464473294607529e-06
96,0.38116590823312485,0.9925287456336783,1.0,0.3848602455763511,1.1918269616397572,1.0014568980754035e-06
96,0.382175041791498,0.996101233635688,1.0,0.3848602455763511,1.188681750695082,1.8092636036026732e-06
96,0.38276176015795105,0.9981823062011304,1.0,0.3848602455763511,1.1868605360023918,2.6688328831347974e-06
96,0.3875603325449188,1.0,1.0,0.3848602455763511,1.1852760145443821,0.013113210041793666
96,0.383036701308756,0.9991742160882988,1.0,0.3848602455763511,1.1860059486304375,1.0795709016742094e-05
96,0.3841126133164194,1.0,1.0,0.3848602455763511,1.1852760145443821,0.002592107403164068
96,0.3854486815565262,0.9925712417925192,1.0,0.3848602455763511,1.1917884255509246,0.01320401719625397
96,0.37989814457058163,1.0,0.9962190290665458,0.3848602455763511,1.1958042248394414,0.009332153791119069
96,0.38348353238648497,1.0,1.0,0.3848602455763511,1.1852760145443821,0.0006519878742949903
96,0.38321531524399227,0.9998103436539021,1.0,0.3848602455763511,1.185453159687201,1.2086974893410485e-05
96,0.38224277545243285,0.9963291445342441,1.0,0.3848602455763511,1.1884819274315943,1.2620835024179655e-05
96,0.3821742995440736,0.996101233635688,1.0,0.3848602455763511,1.1886822500498855,4.993548035070461e-07
96,0.38285815955905655,0.9985467045002185,1.0,0.3848602455763511,1.1865590296380701,1.6609521948041106e-05
96,0.38296319079360885,0.9989309371227849,1.0,0.3848602455763511,1.1862336047345217,2.6364277867063635e-05
96,0.38331011948988486,1.0,1.0,0.3848602455763511,1.1852760145443821,0.00011605346279441875
96,0.3826392609487078,0.9991139260131012,1.0,0.3848602455763511,1.1872378311843668,0.001190127761885762
96,0.38347706752147015,1.0,1.0,0.3848602455763511,1.1852760145443821,0.0006320168380729019
96,0.38165448447683653,0.9942377311296081,1.0,0.3848602455763511,1.190319032853262,1.7792414828576852e-05
96,0.38784012731318984,1.0,1.0,0.3848602455763511,1.1852760145443821,0.013958829141828888
96,0.38215817392014234,0.9960376353615591,1.0,0.3848602455763511,1.1887375274662941,5.119538869724494e-06
96,0.38265646548609833,0.9978014315709913,1.0,0.3848602455763511,1.1871932839014732,8.831869027225991e-06
96,0.3842624149074175,1.0,1.0,0.3848602455763511,1.1852760145443821,0.0030531671467231014
96,0.3877851583242916,1.0,1.0,0.3848602455763511,1.1852760145443821,0.013792793594019637
97,0.38327148760938273,1.0,1.0,0.3848602455763511,1.1852794193751293,3.4048307471223893e-06
97,0.3832768911988355,1.0,1.0,0.3848602455763511,1.1852760145443821,1.3305708029154317e-05
97,0.38324254462969815,0.9998916375076239,1.0,0.3848602455763511,1.1853703148967967,1.3816653725573502e-06
97,0.38308261610269595,0.9993251134652286,1.0,0.3848602455763511,1.1858637985659037,1.4418631266721604e-07
97,0.3832685836395181,1.0,1.0,0.3848602455763511,1.1852884000634847,1.2385519102542375e-05
97,0.38327755922151746,1.0,1.0,0.3848602455763511,1.1852760145443821,1.5371527831042897e-05
97,0.38321531524399227,0.9998103436539021,1.0,0.3848602455763511,1.185453159687201,1.2086974893410485e-05
97,0.3832103415065305,0.9997721770930608,1.0,0.3848602455763511,1.1854742966896843,5.7508499307079575e-06
97,0.38321531524399227,0.9998103436539021,1.0,0.3848602455763511,1.185453159687201,1.2086974893410485e-05
97,0.3821742995440736,0.996101233635688,1.0,0.3848602455763511,1.1886822500498855,4.993548035070461e-07
97,0.381873909840226,0.995035197717817,1.0,0.3848602455763511,1.1896176242655145,3.3283436318143345e-07
97,0.38281226536923313,0.9983656811391446,1.0,0.3848602455763511,1.1867012825649668,8.59983143364218e-07
97,0.38301921037338155,0.999101627834273,1.0,0.3848602455763511,1.1860601087163685,1.6850814541502501e-06
97,0.38302477768019644,0.9991139260131012,1.0,0.3848602455763511,1.186047703422481,4.834218785498834e-06
97,0.3821742995440736,0.996101233635688,1.0,0.3848602455763511,1.1886822500498855,4.993548035070461e-07
97,0.38327855650840625,1.0,1.0,0.3848602455763511,1.1852760145443821,1.8455563908670314e-05
97,0.37800312313194956,0.9981350882468627,0.9962190290665458,0.2876160575852408,1.2017990817541333,8.064691299214388e-07
97,0.38116590823312485,0.9925287456336783,1.0,0.3848602455763511,1.1918269616397572,1.0014568980754035e-06
97,0.383036701308756,0.9991742160882988,1.0,0.3848602455763511,1.1860059486304375,1.0795709016742094e-05
97,0.3830183128151816,0.999101627834273,1.0,0.3848602455763511,1.186062888108209,4.464473294607529e-06
97,0.38774025702817017,1.0,1.0,0.3848602455763511,1.1852760145443821,0.013657132893547974
97,0.3823516017300032,0.9967390778733541,1.0,0.3848602455763511,1.1881310402215373,8.296131786655891e-06
97,0.38734248572835894,0.9993008961964371,1.0,0.3848602455763511,1.1858847556863097,0.013062710475046257
97,0.3837963132527532,1.0,1.0,0.3848602455763511,1.1852760145443821,0.0016174159295003765
97,0.3828227853346259,0.9983862445588624,1.0,0.3848602455763511,1.1866824713451,1.3799316574081288e-05
97,0.3771584304922523,0.9934543033831319,0.9965971261598913,0.2973404763843518,1.2044906584338224,0.0006033372428886352
97,0.38160432348553164,0.9940844060194648,1.0,0.3848602455763511,1.1904577027381005,3.684406380877192e-06
97,0.38154808336787094,0.9938973590851798,1.0,0.3848602455763511,1.1906331759851565,1.4427515060644325e-05
97,0.3777778793900467,0.9973265532977085,0.9962190290665458,0.3848602455763511,1.2025156343535344,0.013711064580514298
97,0.38099106064659927,0.991921347752384,1.0,0.3848602455763511,1.1923739247808298,1.1130357232547183e-05
97,0.38298769724074416,0.9990041015911345,1.0,0.3848602455763511,1.1861577005442354,1.4254810114744387e-05
97,0.38229370082250624,0.9964911102721192,1.0,0.3848602455763511,1.1883399778367414,2.8987317498119225e-05
97,0.3842510962999657,1.0,1.0,0.3848602455763511,1.1852760145443821,0.0030183432609247607
97,0.3835056060208073,1.0,1.0,0.3848602455763511,1.1852760145443821,0.0007201719036689092
97,0.37932855733178433,1.0,1.0,0.2973404763843518,1.1975998049812684,0.00032295643011415187
97,0.3811285516011651,0.9923847577299861,1.0,0.3848602455763511,1.1919531610572156,9.381506908878734e-06
97,0.381728620084033,0.9945189351381412,1.0,0.3848602455763511,1.1900715725863678,1.5008377642899973e-06
97,0.3834384815454358,1.0,1.0,0.3848602455763511,1.1852760145443821,0.0005128043777031799
97,0.3838430358490731,1.0,1.0,0.3848602455763511,1.1852760145443821,0.001761494622024351
97,0.3774833266432352,0.9945935037693526,0.9965971261598913,0.2973404763843518,1.2034539652869667,0.00048278998968975806
98,0.38327148760938273,1.0,1.0,0.3848602455763511,1.1852794193751293,3.4048307471223893e-06
98,0.3832768911988355,1.0,1.0,0.3848602455763511,1.1852760145443821,1.3305708029154317e-05
98,0.38324254462969815,0.9998916375076239,1.0,0.3848602455763511,1.1853703148967967,1.3816653725573502e-06
98,0.38308261610269595,0.9993251134652286,1.0,0.3848602455763511,1.1858637985659037,1.4418631266721604e-07
98,0.3832685836395181,1.0,1.0,0.3848602455763511,1.1852884000634847,1.2385519102542375e-05
98,0.38327755922151746,1.0,1.0,0.3848602455763511,1.1852760145443821,1.5371527831042897e-05
98,0.38321531524399227,0.9998103436539021,1.0,0.3848602455763511,1.185453159687201,1.2086974893410485e-05
98,0.3832103415065305,0.9997721770930608,1.0,0.3848602455763511,1.1854742966896843,5.7508499307079575e-06
98,0.38321531524399227,0.9998103436539021,1.0,0.3848602455763511,1.185453159687201,1.2086974893410485e-05
98,0.3821742995440736,0.996101233635688,1.0,0.3848602455763511,1.1886822500498855,4.993548035070461e-07
98,0.381873909840226,0.995035197717817,1.0,0.3848602455763511,1.1896176242655145,3.3283436318143345e-07
98,0.38281226536923313,0.9983656811391446,1.0,0.3848602455763511,1.1867012825649668,8.59983143364218e-07
98,0.38301921037338155,0.999101627834273,1.0,0.3848602455763511,1.1860601087163685,1.6850814541502501e-06
98,0.38302477768019644,0.9991139260131012,1.0,0.3848602455763511,1.186047703422481,4.834218785498834e-06
98,0.3821742995440736,0.996101233635688,1.0,0.3848602455763511,1.1886822500498855,4.993548035070461e-07
98,0.38327855650840625,1.0,1.0,0.3848602455763511,1.1852760145443821,1.8455563908670314e-05
98,0.37800312313194956,0.9981350882468627,0.9962190290665458,0.2876160575852408,1.2017990817541333,8.064691299214388e-07
98,0.383036701308756,0.9991742160882988,1.0,0.3848602455763511,1.1860059486304375,1.0795709016742094e-05
98,0.3830183128151816,0.999101627834273,1.0,0.3848602455763511,1.186062888108209,4.464473294607529e-06
98,0.38116590823312485,0.9925287456336783,1.0,0.3848602455763511,1.1918269616397572,1.0014568980754035e-06
98,0.38385251669038334,1.0,1.0,0.3848602455763511,1.1852760145443821,0.0017907264567385006
98,0.38209157951991124,0.9957784032383481,1.0,0.3848602455763511,1.1889649521670669,2.5361130207235405e-05
98,0.3785172122153338,0.9982932620986842,0.9965971261598913,0.2973404763843518,1.200166839502578,0.0001565907120144594
98,0.38308261610269595,1.0,1.0,0.3848602455763511,1.1858637985659037,0.0005877840215215979
98,0.3821988059912089,0.9961743981040376,1.0,0.3848602455763511,1.1886175930176526,1.1560837076540764e-05
98,0.3841133865825359,1.0,1.0,0.3848602455763511,1.1852760145443821,0.0025944882870945207
98,0.3821014132274149,0.9958326643060259,1.0,0.3848602455763511,1.1889173390591,8.346401995984465e-06
98,0.38186844538930476,0.995035197717817,1.0,0.3848602455763511,1.189634314584977,1.6690319462497882e-05
98,0.3817613903811405,0.9946333057803083,1.0,0.3848602455763511,1.1899709661485485,3.0497009009256004e-06
98,0.38359337961602513,1.0,1.0,0.3848602455763511,1.1852760145443821,0.0009912212238576412
98,0.3832112390647304,0.9997721770930608,1.0,0.3848602455763511,1.1854742966896843,8.52745693702417e-06
98,0.3822734273766037,0.9964339780766681,1.0,0.3848602455763511,1.188390044220363,1.6032950020061776e-05
98,0.3830263737286266,0.9991484319870928,1.0,0.3848602455763511,1.1860379270326484,2.03007499155472e-05
98,0.38320974028611676,0.9997721770930608,1.0,0.3848602455763511,1.1854742966896843,3.890960129204757e-06
98,0.38319651255931114,0.9997394720719391,1.0,0.3848602455763511,1.1855113274971292,8.559080195258417e-06
98,0.38327855650840625,0.9989730790204389,1.0,0.3848602455763511,1.186170494284417,0.0009129353039434296
98,0.3829677576863302,0.9989309371227849,1.0,0.3848602455763511,1.1862194588919739,1.22184353192889e-05
98,0.3787490945460959,0.9991190460103854,0.9965971261598913,0.2973404763843518,1.1994320589121559,7.969373508376343e-05
98,0.3819293281995849,0.9952058884293051,1.0,0.3848602455763511,1.1894676399744013,2.29633007871044e-05
98,0.382451098736758,0.9970985081534135,1.0,0.3848602455763511,1.1878219406210502,1.3886120839190497e-05
99,0.38327148760938273,1.0,1.0,0.3848602455763511,1.1852794193751293,3.4048307471223893e-06
99,0.3832768911988355,1.0,1.0,0.3848602455763511,1.1852760145443821,1.3305708029154317e-05
99,0.38324254462969815,0.9998916375076239,1.0,0.3848602455763511,1.1853703148967967,1.3816653725573502e-06
99,0.38308261610269595,0.9993251134652286,1.0,0.3848602455763511,1.1858637985659037,1.4418631266721604e-07
99,0.3832685836395181,1.0,1.0,0.3848602455763511,1.1852884000634847,1.2385519102542375e-05
99,0.38327755922151746,1.0,1.0,0.3848602455763511,1.1852760145443821,1.5371527831042897e-05
99,0.38321531524399227,0.9998103436539021,1.0,0.3848602455763511,1.185453159687201,1.2086974893410485e-05
99,0.38321531524399227,0.9998103436539021,1.0,0.3848602455763511,1.185453159687201,1.2086974893410485e-05
99,0.38320974028611676,0.9997721770930608,1.0,0.3848602455763511,1.1854742966896843,3.890960129204757e-06
99,0.3821742995440736,0.996101233635688,1.0,0.3848602455763511,1.1886822500498855,4.993548035070461e-07
99,0.381873909840226,0.995035197717817,1.0,0.3848602455763511,1.1896176242655145,3.3283436318143345e-07
99,0.38281226536923313,0.9983656811391446,1.0,0.3848602455763511,1.1867012825649668,8.59983143364218e-07
99,0.38301921037338155,0.999101627834273,1.0,0.3848602455763511,1.1860601087163685,1.6850814541502501e-06
99,0.3821742995440736,0.996101233635688,1.0,0.3848602455763511,1.1886822500498855,4.993548035070461e-07
99,0.38327855650840625,1.0,1.0,0.3848602455763511,1.1852760145443821,1.8455563908670314e-05
99,0.37800312313194956,0.9981350882468627,0.9962190290665458,0.2876160575852408,1.2017990817541333,8.064691299214388e-07
99,0.38116590823312485,0.9925287456336783,1.0,0.3848602455763511,1.1918269616397572,1.0014568980754035e-06
99,0.3832103415065305,0.9997721770930608,1.0,0.3848602455763511,1.1854742966896843,5.7508499307079575e-06
99,0.3817613903811405,0.9946333057803083,1.0,0.3848602455763511,1.1899709661485485,3.0497009009256004e-06
99,0.3830183128151816,0.999101627834273,1.0,0.3848602455763511,1.186062888108209,4.464473294607529e-06
99,0.3823399770689087,0.9966618009836073,1.0,0.3848602455763511,1.188190431453843,2.326730734192317e-05
99,0.3779525680030981,0.9979643975353746,0.9962190290665458,0.2876160575852408,1.2019598350137073,2.680688446177193e-05
99,0.38338679216545396,1.0,1.0,0.3848602455763511,1.1852760145443821,0.00035307097829950784
99,0.3830380130580627,0.999172499416236,1.0,0.3848602455763511,1.1860018870427524,5.237910083666364e-06
99,0.3832790976067786,1.0,1.0,0.3848602455763511,1.1852760145443821,2.012886396141056e-05
99,0.3834695941420992,1.0,1.0,0.3848602455763511,1.1852760145443821,0.0006089294952260627
99,0.3817968350859088,0.9947467580450804,1.0,0.3848602455763511,1.1898711904203072,1.3746500181488486e-05
99,0.38302377726610287,0.999101627834273,1.0,0.3848602455763511,1.1860584236349143,1.2456623538881217e-05
99,0.3842563432952828,1.0,1.0,0.3848602455763511,1.1852760145443821,0.0030344869123100082
99,0.38227730251990555,0.9964683279814253,1.0,0.3848602455763511,1.1883619647283497,2.0228839701097456e-06
99,0.3832296176655442,0.9998293092885119,1.0,0.3848602455763511,1.1854245640776444,1.5646406180458428e-05
99,0.38165436207925607,0.9942716030365505,1.0,0.3848602455763511,1.190301622171242,1.2404099944074432e-05
99,0.3831491544123514,0.9995632928301939,1.0,0.3848602455763511,1.1856578595170408,1.684210467756131e-06
99,0.3832637204090106,1.0,1.0,0.3848602455763511,1.1853034401791684,2.7425634786304443e-05
99,0.38104226155105664,0.9920797437871197,1.0,0.3848602455763511,1.1922227364777571,9.031781154744678e-06
99,0.38116143186940926,0.9924943957289212,1.0,0.3848602455763511,1.1918563020042132,1.5343536586609474e-05
99,0.3819415789987851,0.9952926986865338,1.0,0.3848602455763511,1.1894065251639154,1.5144795053378957e-05
99,0.3824068135073959,0.9969097685848423,1.0,0.3848602455763511,1.1879732720991822,1.377386909884315e-05
99,0.38223809612658954,0.9963276783860338,1.0,0.3848602455763511,1.1884838557353978,6.431351877722591e-07
99,0.38304604254508395,0.9991914650508458,1.0,0.3848602455763511,1.185980119414162,3.0935778354557186e-06
100,0.38327148760938273,1.0,1.0,0.3848602455763511,1.1852794193751293,3.4048307471223893e-06
100,0.3832768911988355,1.0,1.0,0.3848602455763511,1.1852760145443821,1.3305708029154317e-05
100,0.38324254462969815,0.9998916375076239,1.0,0.3848602455763511,1.1853703148967967,1.3816653725573502e-06
100,0.38308261610269595,0.9993251134652286,1.0,0.3848602455763511,1.1858637985659037,1.4418631266721604e-07
100,0.3832685836395181,1.0,1.0,0.3848602455763511,1.1852884000634847,1.2385519102542375e-05
100,0.38327755922151746,1.0,1.0,0.3848602455763511,1.1852760145443821,1.5371527831042897e-05
100,0.38321531524399227,0.9998103436539021,1.0,0.3848602455763511,1.185453159687201,1.2086974893410485e-05
100,0.38321531524399227,0.9998103436539021,1.0,0.3848602455763511,1.185453159687201,1.2086974893410485e-05
100,0.38320974028611676,0.9997721770930608,1.0,0.3848602455763511,1.1854742966896843,3.890960129204757e-06
100,0.3831491544123514,0.9995632928301939,1.0,0.3848602455763511,1.1856578595170408,1.684210467756131e-06
100,0.3821742995440736,0.996101233635688,1.0,0.3848602455763511,1.1886822500498855,4.993548035070461e-07
100,0.381873909840226,0.995035197717817,1.0,0.3848602455763511,1.1896176242655145,3.3283436318143345e-07
100,0.38281226536923313,0.9983656811391446,1.0,0.3848602455763511,1.1867012825649668,8.59983143364218e-07
100,0.3821742995440736,0.996101233635688,1.0,0.3848602455763511,1.1886822500498855,4.993548035070461e-07
100,0.38223809612658954,0.9963276783860338,1.0,0.3848602455763511,1.1884838557353978,6.431351877722591e-07
100,0.38327855650840625,1.0,1.0,0.3848602455763511,1.1852760145443821,1.8455563908670314e-05
100,0.37800312313194956,0.9981350882468627,0.9962190290665458,0.2876160575852408,1.2017990817541333,8.064691299214388e-07
100,0.38116590823312485,0.9925287456336783,1.0,0.3848602455763511,1.1918269616397572,1.0014568980754035e-06
100,0.3832103415065305,0.9997721770930608,1.0,0.3848602455763511,1.1854742966896843,5.7508499307079575e-06
100,0.3832296176655442,0.9998293092885119,1.0,0.3848602455763511,1.1854245640776444,1.5646406180458428e-05
100,0.383294962549387,1.0,1.0,0.3848602455763511,1.1852760145443821,6.918773086761476e-05
100,0.38322252772895044,0.9997949593837547,1.0,0.3848602455763511,1.185454464408731,2.3615683025779433e-05
100,0.38297512979824594,0.998932077012403,1.0,0.3848602455763511,1.1862062464743748,9.621813410465307e-06
100,0.38374416203707196,1.0,1.0,0.3848602455763511,1.1852760145443821,0.0014565555417336284
100,0.38117878041252157,0.9925458147048272,1.0,0.3848602455763511,1.191810883579855,2.4169223546532947e-05
100,0.3841199140111482,1.0,1.0,0.3848602455763511,1.1852760145443821,0.002614585837187766
100,0.3788206080347097,1.0,0.9962190290665458,0.2876160575852408,1.200329006046462,0.0011233750762984496
100,0.3841446558511381,1.0,1.0,0.3848602455763511,1.1852760145443821,0.002690758235552426
100,0.3826799639626697,0.9979119048981896,1.0,0.3848602455763511,1.1871115529298375,1.4809268401361209e-05
100,0.3812997405975824,0.9929971949647061,1.0,0.3848602455763511,1.1914123809014416,3.7385074103113425e-06
100,0.3819519202938757,0.995303855039096,1.0,0.3848602455763511,1.1893815808897266,7.258741881122077e-06
100,0.3821182799643009,0.9959305429241999,1.0,0.3848602455763511,1.1888565141022702,2.504864462582468e-05
100,0.38315663121573706,0.9983656811391446,1.0,0.3848602455763511,1.1867004225818234,0.0010656996359725834
100,0.3821742995440736,0.9994173072010766,1.0,0.3848602455763511,1.1886822500498855,0.0028989177625768914
100,0.38513495249545204,1.0,1.0,0.3848602455763511,1.1852760145443821,0.005731537059465497
100,0.3830301981830071,0.9991200728489833,1.0,0.3848602455763511,1.1860423453795659,1.626061928972078e-05
100,0.38175448061305933,0.9945984905480109,1.0,0.3848602455763511,1.1900015890100617,1.2134105833672137e-05
100,0.3780340350441732,0.9982326144900012,0.9962190290665458,0.2876160575852408,1.2017213032728475,2.049284929173112e-05
100,0.38187480739842594,0.995035197717817,1.0,0.3848602455763511,1.1896176242655145,3.128909755512055e-06
100,0.3834806922399933,1.0,1.0,0.3848602455763511,1.1852760145443821,0.0006432142754344561
101,0.38327148760938273,1.0,1.0,0.3848602455763511,1.1852794193751293,3.4048307471223893e-06
101,0.3832768911988355,1.0,1.0,0.3848602455763511,1.1852760145443821,1.3305708029154317e-05
101,0.38324254462969815,0.9998916375076239,1.0,0.3848602455763511,1.1853703148967967,1.3816653725573502e-06
101,0.38308261610269595,0.9993251134652286,1.0,0.3848602455763511,1.1858637985659037,1.4418631266721604e-07
101,0.3832685836395181,1.0,1.0,0.3848602455763511,1.1852884000634847,1.2385519102542375e-05
101,0.38327755922151746,1.0,1.0,0.3848602455763511,1.1852760145443821,1.5371527831042897e-05
101,0.38321531524399227,0.9998103436539021,1.0,0.3848602455763511,1.185453159687201,1.2086974893410485e-05
101,0.38321531524399227,0.9998103436539021,1.0,0.3848602455763511,1.185453159687201,1.2086974893410485e-05
101,0.38320974028611676,0.9997721770930608,1.0,0.3848602455763511,1.1854742966896843,3.890960129204757e-06
101,0.3831491544123514,0.9995632928301939,1.0,0.3848602455763511,1.1856578595170408,1.684210467756131e-06
101,0.3821742995440736,0.996101233635688,1.0,0.3848602455763511,1.1886822500498855,4.993548035070461e-07
101,0.381873909840226,0.995035197717817,1.0,0.3848602455763511,1.1896176242655145,3.3283436318143345e-07
101,0.38281226536923313,0.9983656811391446,1.0,0.3848602455763511,1.1867012825649668,8.59983143364218e-07
101,0.3821742995440736,0.996101233635688,1.0,0.3848602455763511,1.1886822500498855,4.993548035070461e-07
101,0.38223809612658954,0.9963276783860338,1.0,0.3848602455763511,1.1884838557353978,6.431351877722591e-07
101,0.38327855650840625,1.0,1.0,0.3848602455763511,1.1852760145443821,1.8455563908670314e-05
101,0.37800312313194956,0.9981350882468627,0.9962190290665458,0.2876160575852408,1.2017990817541333,8.064691299214388e-07
101,0.3832103415065305,0.9997721770930608,1.0,0.3848602455763511,1.1854742966896843,5.7508499307079575e-06
101,0.38116590823312485,0.9925287456336783,1.0,0.3848602455763511,1.1918269616397572,1.0014568980754035e-06
101,0.3832296176655442,0.9998293092885119,1.0,0.3848602455763511,1.1854245640776444,1.5646406180458428e-05
101,0.38139961088260216,0.993373397313449,1.0,0.3848602455763511,1.1910966695524663,1.6143541540447615e-05
101,0.38314413695026345,0.9995289429254367,1.0,0.3848602455763511,1.1856860915549614,1.2705261519085909e-05
101,0.3780040206901495,0.9981350882468627,1.0,0.2876160575852408,1.201796228121477,0.0015630822418315482
101,0.38143625896658767,0.9934881779597622,1.0,0.3848602455763511,1.1909822299583268,2.903991911162862e-06
101,0.3821540449309775,0.9960321681763468,1.0,0.3848602455763511,1.1887452516046915,2.9289912364394155e-06
101,0.38250844686005236,0.9972871107121176,1.0,0.3848602455763511,1.1876438547265198,8.354227141182946e-07
101,0.38325786142395446,0.9999639652942414,1.0,0.3848602455763511,1.1853215602905187,1.4189512140605487e-05
101,0.381729974165924,0.9945253260796613,1.0,0.3848602455763511,1.190065950167377,9.9864397418159e-08
101,0.3820626473196502,0.9957202805047395,1.0,0.3848602455763511,1.1890296250626864,1.3665489071001957e-05
101,0.3831491544123514,0.9952142133269143,1.0,0.3848602455763511,1.1894603262825127,0.0038024667654719124
101,0.3830449331532413,0.9991714918248893,1.0,0.3848602455763511,1.1859975273281318,1.7066612184812868e-05
101,0.38118683028529543,0.9925923439078073,1.0,0.3848602455763511,1.1917697883516487,8.242051098505954e-06
101,0.3761081016933175,0.9914109593171732,0.9962190290665458,0.2876160575852408,1.2078543488662845,0.0007125784656640821
101,0.3783658680192328,0.9994352845101444,0.9962190290665458,0.2876160575852408,1.2007733378970984,0.00012643848324334073
101,0.38334204169268016,1.0,1.0,0.3848602455763511,1.1852760145443821,0.0002147457856003232
101,0.3828682849490058,0.9985363718506327,1.0,0.3848602455763511,1.1865514372121848,2.378748546738585e-05
101,0.3819455582847545,0.995303855039096,1.0,0.3848602455763511,1.189394133375132,1.2552485405326053e-05
101,0.3819299294199987,0.9952058884293051,1.0,0.3848602455763511,1.1894676399744013,2.483568198519137e-05
101,0.3821988059912089,0.9961743981040376,1.0,0.3848602455763511,1.1886175930176526,1.1560837076540764e-05
101,0.37946541550365953,1.0,1.0,0.2973404763843518,1.1972768485511542,0.00010897046709290592
102,0.38327148760938273,1.0,1.0,0.3848602455763511,1.1852794193751293,3.4048307471223893e-06
102,0.3832768911988355,1.0,1.0,0.3848602455763511,1.1852760145443821,1.3305708029154317e-05
102,0.38324254462969815,0.9998916375076239,1.0,0.3848602455763511,1.1853703148967967,1.3816653725573502e-06
102,0.38308261610269595,0.9993251134652286,1.0,0.3848602455763511,1.1858637985659037,1.4418631266721604e-07
102,0.381729974165924,0.9945253260796613,1.0,0.3848602455763511,1.190065950167377,9.9864397418159e-08
102,0.3832685836395181,1.0,1.0,0.3848602455763511,1.1852884000634847,1.2385519102542375e-05
102,0.38327755922151746,1.0,1.0,0.3848602455763511,1.1852760145443821,1.5371527831042897e-05
102,0.38321531524399227,0.9998103436539021,1.0,0.3848602455763511,1.185453159687201,1.2086974893410485e-05
102,0.38321531524399227,0.9998103436539021,1.0,0.3848602455763511,1.185453159687201,1.2086974893410485e-05
102,0.38320974028611676,0.9997721770930608,1.0,0.3848602455763511,1.1854742966896843,3.890960129204757e-06
102,0.3831491544123514,0.9995632928301939,1.0,0.3848602455763511,1.1856578595170408,1.684210467756131e-06
102,0.3821742995440736,0.996101233635688,1.0,0.3848602455763511,1.1886822500498855,4.993548035070461e-07
102,0.381873909840226,0.995035197717817,1.0,0.3848602455763511,1.1896176242655145,3.3283436318143345e-07
102,0.38281226536923313,0.9983656811391446,1.0,0.3848602455763511,1.1867012825649668,8.59983143364218e-07
102,0.3821742995440736,0.996101233635688,1.0,0.3848602455763511,1.1886822500498855,4.993548035070461e-07
102,0.38223809612658954,0.9963276783860338,1.0,0.3848602455763511,1.1884838557353978,6.431351877722591e-07
102,0.38250844686005236,0.9972871107121176,1.0,0.3848602455763511,1.1876438547265198,8.354227141182946e-07
102,0.38327855650840625,1.0,1.0,0.3848602455763511,1.1852760145443821,1.8455563908670314e-05
102,0.37800312313194956,0.9981350882468627,0.9962190290665458,0.2876160575852408,1.2017990817541333,8.064691299214388e-07
102,0.3832103415065305,0.9997721770930608,1.0,0.3848602455763511,1.1854742966896843,5.7508499307079575e-06
102,0.3822122402824246,0.9962250938138012,1.0,0.3848602455763511,1.1885731436464844,8.889509236942317e-06
102,0.3831869720387588,0.9996865968913786,1.0,0.3848602455763511,1.1855488034459438,7.95930033525849e-06
102,0.38239783034123215,0.9969088518073156,1.0,0.3848602455763511,1.1879874053903594,1.3330615835860371e-05
102,0.3812373854141468,0.9927630346192954,1.0,0.3848602455763511,1.1916190649676304,1.5555786944121408e-05
102,0.38322033270608025,0.9998446935586592,1.0,0.3848602455763511,1.1854376386781036,2.6465376741224844e-05
102,0.3771257537504995,0.9950192349718074,1.0,0.2876160575852408,1.2045950237010932,0.0018947672034774765
102,0.38339167728716833,1.0,1.0,0.3848602455763511,1.1852760145443821,0.00036816909630577044
102,0.38321531524399227,0.9998916375076239,1.0,0.3848602455763511,1.185453159687201,8.284479040443493e-05
102,0.3830251991784316,0.9998103436539021,1.0,0.3848602455763511,1.1860415640285376,0.0006004913162298564
102,0.38397918193312175,1.0,1.0,0.3848602455763511,1.1852760145443821,0.002181129004469984
102,0.3826668882958508,0.9978635250960539,1.0,0.3848602455763511,1.187152116343023,1.309725461506872e-05
102,0.3822031188970335,0.996101233635688,1.0,0.3848602455763511,1.188681750695082,8.913113625719227e-05
102,0.3820896823929965,0.9958162237373478,1.0,0.3848602455763511,1.1889454942826059,1.3729468996359628e-05
102,0.37743538508726193,0.9944228130578645,0.9965971261598913,0.2973404763843518,1.2036068270952782,0.0004985158790957733
102,0.3833297707336972,1.0,1.0,0.3848602455763511,1.1852760145443821,0.0001768102029935381
102,0.38339076405093164,1.0,1.0,0.3848602455763511,1.1852760145443821,0.000365346647566156
102,0.3821482508623575,0.9960037073925495,1.0,0.3848602455763511,1.1887672857874043,4.010623725125839e-06
102,0.38374917949915993,1.0,1.0,0.3848602455763511,1.1852760145443821,0.0014720338008582523
102,0.38195203080082996,0.9953420215999373,1.0,0.3848602455763511,1.1893739780362218,2.5920099524734397e-05
102,0.3835060890522471,1.0,1.0,0.3848602455763511,1.1852760145443821,0.0007216638688005705
103,0.38327148760938273,1.0,1.0,0.3848602455763511,1.1852794193751293,3.4048307471223893e-06
103,0.3832768911988355,1.0,1.0,0.3848602455763511,1.1852760145443821,1.3305708029154317e-05
103,0.38324254462969815,0.9998916375076239,1.0,0.3848602455763511,1.1853703148967967,1.3816653725573502e-06
103,0.38308261610269595,0.9993251134652286,1.0,0.3848602455763511,1.1858637985659037,1.4418631266721604e-07
103,0.381729974165924,0.9945253260796613,1.0,0.3848602455763511,1.190065950167377,9.9864397418159e-08
103,0.3832685836395181,1.0,1.0,0.3848602455763511,1.1852884000634847,1.2385519102542375e-05
103,0.38327755922151746,1.0,1.0,0.3848602455763511,1.1852760145443821,1.5371527831042897e-05
103,0.38321531524399227,0.9998103436539021,1.0,0.3848602455763511,1.185453159687201,1.2086974893410485e-05
103,0.38321531524399227,0.9998103436539021,1.0,0.3848602455763511,1.185453159687201,1.2086974893410485e-05
103,0.38320974028611676,0.9997721770930608,1.0,0.3848602455763511,1.1854742966896843,3.890960129204757e-06
103,0.3831491544123514,0.9995632928301939,1.0,0.3848602455763511,1.1856578595170408,1.684210467756131e-06
103,0.3821742995440736,0.996101233635688,1.0,0.3848602455763511,1.1886822500498855,4.993548035070461e-07
103,0.381873909840226,0.995035197717817,1.0,0.3848602455763511,1.1896176242655145,3.3283436318143345e-07
103,0.38281226536923313,0.9983656811391446,1.0,0.3848602455763511,1.1867012825649668,8.59983143364218e-07
103,0.3821742995440736,0.996101233635688,1.0,0.3848602455763511,1.1886822500498855,4.993548035070461e-07
103,0.38223809612658954,0.9963276783860338,1.0,0.3848602455763511,1.1884838557353978,6.431351877722591e-07
103,0.38250844686005236,0.9972871107121176,1.0,0.3848602455763511,1.1876438547265198,8.354227141182946e-07
103,0.38327855650840625,1.0,1.0,0.3848602455763511,1.1852760145443821,1.8455563908670314e-05
103,0.37800312313194956,0.9981350882468627,0.9962190290665458,0.2876160575852408,1.2017990817541333,8.064691299214388e-07
103,0.3821482508623575,0.9960037073925495,1.0,0.3848602455763511,1.1887672857874043,4.010623725125839e-06
103,0.38231720127804614,0.9965740273647827,1.0,0.3848602455763511,1.1882673257087468,2.9378854381478803e-05
103,0.38393564331321667,1.0,1.0,0.3848602455763511,1.1852760145443821,0.0020469650650283278
103,0.3823111296659114,0.9965740273647827,1.0,0.3848602455763511,1.1882673257087468,1.0508046397239568e-05
103,0.37894325959582753,0.9997924663969463,0.9965971261598913,0.2973404763843518,1.1988174872609745,8.165886460353988e-07
103,0.3820753118202158,0.9957367185622806,1.0,0.3848602455763511,1.1890015332427721,1.1320478797260947e-05
103,0.3831617688028518,0.9996101233635688,1.0,0.3848602455763511,1.1856188254786308,3.4328205351652485e-06
103,0.3841970138954678,1.0,1.0,0.3848602455763511,1.1852760145443821,0.0028519199543395324
103,0.3829533828235921,0.9988449370123887,1.0,0.3848602455763511,1.186282238984592,1.8253153781344622e-05
103,0.3793878716581842,1.0,0.9962190290665458,0.2876160575852408,1.200329006046462,0.0029164364273346344
103,0.37754287139171194,0.99481584951069,0.9965971261598913,0.2973404763843518,1.203264160714012,0.0004715513183575215
103,0.3829145826596114,0.9987430542851155,1.0,0.3848602455763511,1.1863841881922217,1.3083135687486092e-05
103,0.3807805754358396,0.996101233635688,1.0,0.3848602455763511,1.1930330368584756,0.004351286163393642
103,0.38696937401490394,0.9979798745038448,1.0,0.3848602455763511,1.1870373571205017,0.013084489495062135
103,0.38281226536923313,0.9959132377991078,1.0,0.3848602455763511,1.1888466468447048,0.0021453642797379935
103,0.3822267683268679,0.9962949741609184,1.0,0.3848602455763511,1.188519078038414,7.197200602160336e-06
103,0.3832749456486393,1.0,1.0,0.3848602455763511,1.1852760145443821,7.289170512292387e-06
103,0.38187790012889467,0.9950442750664656,1.0,0.3848602455763511,1.1896096467908395,4.785815558960849e-06
103,0.3870540203248741,0.9982649686328778,1.0,0.3848602455763511,1.1867883522016696,0.013092220775438701
103,0.38292810888530815,0.9987579976868874,1.0,0.3848602455763511,1.1863580697064986,1.5788336675814918e-05
103,0.38250844686005236,0.9960037073925495,1.0,0.3848602455763511,1.1887672857874043,0.0011234310608845277
104,0.38327148760938273,1.0,1.0,0.3848602455763511,1.1852794193751293,3.4048307471223893e-06
104,0.38324254462969815,0.9998916375076239,1.0,0.3848602455763511,1.1853703148967967,1.3816653725573502e-06
104,0.38308261610269595,0.9993251134652286,1.0,0.3848602455763511,1.1858637985659037,1.4418631266721604e-07
104,0.381729974165924,0.9945253260796613,1.0,0.3848602455763511,1.190065950167377,9.9864397418159e-08
104,0.3832749456486393,1.0,1.0,0.3848602455763511,1.1852760145443821,7.289170512292387e-06
104,0.38320974028611676,0.9997721770930608,1.0,0.3848602455763511,1.1854742966896843,3.890960129204757e-06
104,0.3831491544123514,0.9995632928301939,1.0,0.3848602455763511,1.1856578595170408,1.684210467756131e-06
104,0.3831617688028518,0.9996101233635688,1.0,0.3848602455763511,1.1856188254786308,3.4328205351652485e-06
104,0.3821742995440736,0.996101233635688,1.0,0.3848602455763511,1.1886822500498855,4.993548035070461e-07
104,0.381873909840226,0.995035197717817,1.0,0.3848602455763511,1.1896176242655145,3.3283436318143345e-07
104,0.38281226536923313,0.9983656811391446,1.0,0.3848602455763511,1.1867012825649668,8.59983143364218e-07
104,0.3821742995440736,0.996101233635688,1.0,0.3848602455763511,1.1886822500498855,4.993548035070461e-07
104,0.38223809612658954,0.9963276783860338,1.0,0.3848602455763511,1.1884838557353978,6.431351877722591e-07
104,0.38250844686005236,0.9972871107121176,1.0,0.3848602455763511,1.1876438547265198,8.354227141182946e-07
104,0.3832768911988355,1.0,1.0,0.3848602455763511,1.1852760145443821,1.3305708029154317e-05
104,0.3832685836395181,1.0,1.0,0.3848602455763511,1.1852884000634847,1.2385519102542375e-05
104,0.38321531524399227,0.9998103436539021,1.0,0.3848602455763511,1.185453159687201,1.2086974893410485e-05
104,0.38321531524399227,0.9998103436539021,1.0,0.3848602455763511,1.185453159687201,1.2086974893410485e-05
104,0.37800312313194956,0.9981350882468627,0.9962190290665458,0.2876160575852408,1.2017990817541333,8.064691299214388e-07
104,0.38327755922151746,1.0,1.0,0.3848602455763511,1.1852760145443821,1.5371527831042897e-05
104,0.3831591552299737,0.9996101233635688,1.0,0.3848602455763511,1.185626912721636,1.152006354021573e-05
104,0.38321235385899494,0.9998916375076239,1.0,0.3848602455763511,1.1854623206214916,9.20057246949213e-05
104,0.38320971035882506,0.9997808140750569,1.0,0.3848602455763511,1.1854704983105038,3.720332582668462e-06
104,0.38285257035670905,0.9985101473906204,1.0,0.3848602455763511,1.1865763520201307,2.028409771037687e-06
104,0.38268329444657795,0.9978945085934119,1.0,0.3848602455763511,1.1871119444961913,1.0722970863463743e-05
104,0.38322104105220134,0.9998103436539021,1.0,0.3848602455763511,1.1854410727123077,5.625198208791815e-06
104,0.38239802465359174,0.9995632928301939,1.0,0.3848602455763511,1.187986801724492,0.002330626417918813
104,0.3831256890905047,0.9996101233635688,1.0,0.3848602455763511,1.1857304775742301,0.00011508491613443361
104,0.3839616823230366,1.0,1.0,0.3848602455763511,1.1852760145443821,0.0021272077407348267
104,0.3834498869967323,1.0,1.0,0.3848602455763511,1.1852760145443821,0.0005480443386849387
104,0.3821736983236599,0.996101233635688,1.0,0.3848602455763511,1.1886841200373688,2.3693422868120706e-06
104,0.38393474575501674,1.0,1.0,0.3848602455763511,1.1852760145443821,0.00204419892587393
104,0.3816704294174473,0.9943029803383239,1.0,0.3848602455763511,1.1902616009069695,1.0087356120402902e-05
104,0.38250844686005236,1.0,1.0,0.3848602455763511,1.1876438547265198,0.0023678401821376482
104,0.38380330499251175,1.0,1.0,0.3848602455763511,1.1852760145443821,0.0016389786225654568
104,0.38218267776723064,0.9961569876745456,1.0,0.3848602455763511,1.188656191712585,2.3332402069087266e-05
104,0.381873909840226,0.995035197717817,1.0,0.3848602455763511,1.1896176242655145,3.3283436318143345e-07
104,0.3820613187761285,0.9957023686575235,1.0,0.3848602455763511,1.1890337596806748,2.079809955590761e-06
104,0.38310035213615656,0.9994173072010766,1.0,0.2876160575852408,1.1992223617217324,0.013413463966644779
104,0.3859921548975012,0.9944972092359765,1.0,0.3848602455763511,1.1900906864490244,0.013165713904753185
105,0.38327148760938273,1.0,1.0,0.3848602455763511,1.1852794193751293,3.4048307471223893e-06
105,0.38324254462969815,0.9998916375076239,1.0,0.3848602455763511,1.1853703148967967,1.3816653725573502e-06
105,0.38308261610269595,0.9993251134652286,1.0,0.3848602455763511,1.1858637985659037,1.4418631266721604e-07
105,0.381729974165924,0.9945253260796613,1.0,0.3848602455763511,1.190065950167377,9.9864397418159e-08
105,0.3832749456486393,1.0,1.0,0.3848602455763511,1.1852760145443821,7.289170512292387e-06
105,0.3831491544123514,0.9995632928301939,1.0,0.3848602455763511,1.1856578595170408,1.684210467756131e-06
105,0.3831617688028518,0.9996101233635688,1.0,0.3848602455763511,1.1856188254786308,3.4328205351652485e-06
105,0.38320971035882506,0.9997808140750569,1.0,0.3848602455763511,1.1854704983105038,3.720332582668462e-06
105,0.38322104105220134,0.9998103436539021,1.0,0.3848602455763511,1.1854410727123077,5.625198208791815e-06
105,0.3821742995440736,0.996101233635688,1.0,0.3848602455763511,1.1886822500498855,4.993548035070461e-07
105,0.381873909840226,0.995035197717817,1.0,0.3848602455763511,1.1896176242655145,3.3283436318143345e-07
105,0.38281226536923313,0.9983656811391446,1.0,0.3848602455763511,1.1867012825649668,8.59983143364218e-07
105,0.3821742995440736,0.996101233635688,1.0,0.3848602455763511,1.1886822500498855,4.993548035070461e-07
105,0.38223809612658954,0.9963276783860338,1.0,0.3848602455763511,1.1884838557353978,6.431351877722591e-07
105,0.38250844686005236,0.9972871107121176,1.0,0.3848602455763511,1.1876438547265198,8.354227141182946e-07
105,0.381873909840226,0.995035197717817,1.0,0.3848602455763511,1.1896176242655145,3.3283436318143345e-07
105,0.3832768911988355,1.0,1.0,0.3848602455763511,1.1852760145443821,1.3305708029154317e-05
105,0.3832685836395181,1.0,1.0,0.3848602455763511,1.1852884000634847,1.2385519102542375e-05
105,0.37800312313194956,0.9981350882468627,0.9962190290665458,0.2876160575852408,1.2017990817541333,8.064691299214388e-07
105,0.38327755922151746,1.0,1.0,0.3848602455763511,1.1852760145443821,1.5371527831042897e-05
105,0.38091248926316396,0.9916238342330748,1.0,0.3848602455763511,1.1926259846623455,6.107146341527425e-06
105,0.3829877941581651,0.9989936481336259,1.0,0.3848602455763511,1.1861574003797222,4.840473466272144e-06
105,0.3842617468847356,1.0,1.0,0.3848602455763511,1.1852760145443821,0.0030511119026570555
105,0.382921746876187,0.9987579976868874,1.0,0.3848602455763511,1.1863619917165364,3.9220100378489775e-06
105,0.38320971035882506,0.9997808140750569,1.0,0.3848602455763511,1.1854704983105038,3.720332582668462e-06
105,0.3823862233157389,0.9968419992449074,1.0,0.3848602455763511,1.1880326108423058,9.145052216608107e-06
105,0.38238199067798045,0.9968395072960179,1.0,0.3848602455763511,1.1880366161818146,1.8232386118643973e-06
105,0.3821231330187539,0.9959346419332082,1.0,0.3848602455763511,1.188841415342509,1.3545773631884472e-05
105,0.38275927941660937,0.9981684138066959,1.0,0.3848602455763511,1.1868726685130575,7.109074469102694e-06
105,0.3820140486879389,0.9955348377624297,1.0,0.3848602455763511,1.1891808896899674,2.1492736621553377e-06
105,0.3819054229728634,0.9951327239609555,1.0,0.3848602455763511,1.1895319225905068,1.2793073639327801e-05
105,0.38217490076448735,0.996101233635688,1.0,0.3848602455763511,1.188681750695082,1.3706267960600371e-06
105,0.3821742995440736,0.9991365109065246,1.0,0.3848602455763511,1.1886822500498855,0.0026542329895606898
105,0.3839610143003547,1.0,1.0,0.3848602455763511,1.1852760145443821,0.0021251492759231105
105,0.38177205067901726,0.9946843087450289,1.0,0.3848602455763511,1.1899346887338917,8.580019010606676e-06
105,0.3835104429432059,1.0,1.0,0.3848602455763511,1.1852760145443821,0.0007351117958624975
105,0.3831971427282349,0.9997209467961358,1.0,0.3848602455763511,1.1855188966324373,9.51871246335223e-06
105,0.38663105712941254,0.9967512140495187,1.0,0.3848602455763511,1.1881121148823865,0.013131993833980005
105,0.381951890366584,0.9953124920210923,1.0,0.3848602455763511,1.1893744153395618,4.2082192552861386e-07
105,0.38798696695735646,1.0,1.0,0.3848602455763511,1.1852760145443821,0.014402132172382398
106,0.38327148760938273,1.0,1.0,0.3848602455763511,1.1852794193751293,3.4048307471223893e-06
106,0.38324254462969815,0.9998916375076239,1.0,0.3848602455763511,1.1853703148967967,1.3816653725573502e-06
106,0.38308261610269595,0.9993251134652286,1.0,0.3848602455763511,1.1858637985659037,1.4418631266721604e-07
106,0.381729974165924,0.9945253260796613,1.0,0.3848602455763511,1.190065950167377,9.9864397418159e-08
106,0.3832749456486393,1.0,1.0,0.3848602455763511,1.1852760145443821,7.289170512292387e-06
106,0.3831491544123514,0.9995632928301939,1.0,0.3848602455763511,1.1856578595170408,1.684210467756131e-06
106,0.3831617688028518,0.9996101233635688,1.0,0.3848602455763511,1.1856188254786308,3.4328205351652485e-06
106,0.38320971035882506,0.9997808140750569,1.0,0.3848602455763511,1.1854704983105038,3.720332582668462e-06
106,0.38322104105220134,0.9998103436539021,1.0,0.3848602455763511,1.1854410727123077,5.625198208791815e-06
106,0.38320971035882506,0.9997808140750569,1.0,0.3848602455763511,1.1854704983105038,3.720332582668462e-06
106,0.3821742995440736,0.996101233635688,1.0,0.3848602455763511,1.1886822500498855,4.993548035070461e-07
106,0.381873909840226,0.995035197717817,1.0,0.3848602455763511,1.1896176242655145,3.3283436318143345e-07
106,0.38281226536923313,0.9983656811391446,1.0,0.3848602455763511,1.1867012825649668,8.59983143364218e-07
106,0.3821742995440736,0.996101233635688,1.0,0.3848602455763511,1.1886822500498855,4.993548035070461e-07
106,0.38223809612658954,0.9963276783860338,1.0,0.3848602455763511,1.1884838557353978,6.431351877722591e-07
106,0.38250844686005236,0.9972871107121176,1.0,0.3848602455763511,1.1876438547265198,8.354227141182946e-07
106,0.381873909840226,0.995035197717817,1.0,0.3848602455763511,1.1896176242655145,3.3283436318143345e-07
106,0.381951890366584,0.9953124920210923,1.0,0.3848602455763511,1.1893744153395618,4.2082192552861386e-07
106,0.3832768911988355,1.0,1.0,0.3848602455763511,1.1852760145443821,1.3305708029154317e-05
106,0.3832685836395181,1.0,1.0,0.3848602455763511,1.1852884000634847,1.2385519102542375e-05
106,0.3822875116567327,0.9964942700885135,1.0,0.3848602455763511,1.1883372089774888,6.979917965388438e-06
106,0.38126403404361137,0.9928713588324988,1.0,0.3848602455763511,1.1915234393553114,3.2178636439894603e-06
106,0.3823513082392486,0.9967207148388593,1.0,0.3848602455763511,1.1881388274484124,6.875224046520856e-06
106,0.381729974165924,0.9945253260796613,1.0,0.3848602455763511,1.190065950167377,9.9864397418159e-08
106,0.38447370807612186,1.0,1.0,0.3848602455763511,1.1852760145443821,0.003702875060800137
106,0.38175952500970983,0.9946250671689715,1.0,0.3848602455763511,1.1899782124914888,4.481566392877667e-06
106,0.3838402094336633,1.0,1.0,0.3848602455763511,1.1852760145443821,0.0017527797881276008
106,0.3829678510551372,0.9989327106312134,1.0,0.3848602455763511,1.1862191696878146,1.3475727245859659e-05
106,0.38351189929963464,1.0,1.0,0.3848602455763511,1.1852760145443821,0.0007396099972416526
106,0.38320971035882506,0.9997504351270523,1.0,0.3848602455763511,1.185493224197347,2.2725886843266707e-05
106,0.38269139474298614,0.9979366895644035,1.0,0.3848602455763511,1.187076094564367,1.0067485805009824e-06
106,0.382248289781763,0.9963694505903147,1.0,0.3848602455763511,1.1884521616902006,5.563501740635246e-06
106,0.38429860095146606,1.0,1.0,0.3848602455763511,1.1852760145443821,0.0031644867503175522
106,0.3832557492890903,0.9999390376857564,1.0,0.3848602455763511,1.1853290632984472,9.706623842475892e-07
106,0.38292030846782044,0.9987430542851155,1.0,0.3848602455763511,1.1863711050565342,4.656869623920201e-06
106,0.38417357878662983,1.0,1.0,0.3848602455763511,1.1852760145443821,0.0027797904826440956
106,0.38264575404994006,0.9977556669733546,1.0,0.3848602455763511,1.187233282851306,1.5597860443028466e-05
106,0.38457102377622177,1.0,1.0,0.3848602455763511,1.1852760145443821,0.00400187215075265
106,0.38171698977947466,0.9944791165599528,1.0,0.3848602455763511,1.1901066045346593,2.7325945750611425e-07
106,0.3833720867365699,1.0,1.0,0.3848602455763511,1.1852760145443821,0.00030761957315794675
107,0.38327148760938273,1.0,1.0,0.3848602455763511,1.1852794193751293,3.4048307471223893e-06
107,0.38308261610269595,0.9993251134652286,1.0,0.3848602455763511,1.1858637985659037,1.4418631266721604e-07
107,0.381729974165924,0.9945253260796613,1.0,0.3848602455763511,1.190065950167377,9.9864397418159e-08
107,0.3832749456486393,1.0,1.0,0.3848602455763511,1.1852760145443821,7.289170512292387e-06
107,0.381729974165924,0.9945253260796613,1.0,0.3848602455763511,1.190065950167377,9.9864397418159e-08
107,0.3832557492890903,0.9999390376857564,1.0,0.3848602455763511,1.1853290632984472,9.706623842475892e-07
107,0.3821742995440736,0.996101233635688,1.0,0.3848602455763511,1.1886822500498855,4.993548035070461e-07
107,0.381873909840226,0.995035197717817,1.0,0.3848602455763511,1.1896176242655145,3.3283436318143345e-07
107,0.38281226536923313,0.9983656811391446,1.0,0.3848602455763511,1.1867012825649668,8.59983143364218e-07
107,0.3821742995440736,0.996101233635688,1.0,0.3848602455763511,1.1886822500498855,4.993548035070461e-07
107,0.38223809612658954,0.9963276783860338,1.0,0.3848602455763511,1.1884838557353978,6.431351877722591e-07
107,0.38250844686005236,0.9972871107121176,1.0,0.3848602455763511,1.1876438547265198,8.354227141182946e-07
107,0.381873909840226,0.995035197717817,1.0,0.3848602455763511,1.1896176242655145,3.3283436318143345e-07
107,0.381951890366584,0.9953124920210923,1.0,0.3848602455763511,1.1893744153395618,4.2082192552861386e-07
107,0.3832768911988355,1.0,1.0,0.3848602455763511,1.1852760145443821,1.3305708029154317e-05
107,0.3832685836395181,1.0,1.0,0.3848602455763511,1.1852884000634847,1.2385519102542375e-05
107,0.38171698977947466,0.9944791165599528,1.0,0.3848602455763511,1.1901066045346593,2.7325945750611425e-07
107,0.38324254462969815,0.9998916375076239,1.0,0.3848602455763511,1.1853703148967967,1.3816653725573502e-06
107,0.38269139474298614,0.9979366895644035,1.0,0.3848602455763511,1.187076094564367,1.0067485805009824e-06
107,0.3833720867365699,1.0,1.0,0.3848602455763511,1.1852760145443821,0.00030761957315794675
107,0.38338529139596206,1.0,1.0,0.3848602455763511,1.1852760145443821,0.00034843257343819545
107,0.3825229736844277,0.9973392137159628,1.0,0.3848602455763511,1.1875987523540092,1.3143732986442558e-06
107,0.38298224972525124,0.9989730790204389,1.0,0.3848602455763511,1.186174572376908,4.078092491033303e-06
107,0.38404403667975806,1.0,1.0,0.3848602455763511,1.1852760145443821,0.002380922026936849
107,0.38287505280830464,0.998581683199576,1.0,0.3848602455763511,1.1865118962918264,5.2201232128012975e-06
107,0.3815337271199419,0.9938416050463225,1.0,0.3848602455763511,1.1906779768082745,1.011438523712549e-05
107,0.38368191989030803,0.996101233635688,1.0,0.3848602455763511,1.188681750695082,0.004670248595020299
107,0.38069095813901205,0.9908441699671275,1.0,0.3848602455763511,1.1933164511129437,2.565988380887063e-06
107,0.38177784797550895,0.9950118311574516,1.0,0.3848602455763511,1.1899166195760953,0.00027845933374037735
107,0.3812647913560745,0.9928736547409721,1.0,0.3848602455763511,1.1915214128167713,3.5580611148500196e-06
107,0.3834825089430306,1.0,1.0,0.3848602455763511,1.1852760145443821,0.0006488263332218303
107,0.3839972893148738,1.0,1.0,0.3848602455763511,1.1852760145443821,0.002236917811531125
107,0.3805479790891592,0.9903436969250499,1.0,0.3848602455763511,1.1937622356464375,1.995408614785532e-06
107,0.3837517841871311,1.0,1.0,0.3848602455763511,1.1852760145443821,0.0014800687862519535
107,0.38331272710342035,1.0,1.0,0.3848602455763511,1.1852760145443821,0.00012411591136363143
107,0.38283533041728807,0.9984465612025593,1.0,0.3848602455763511,1.1866298210245598,3.4791992398197635e-08
107,0.38160047318196333,0.9940644843334927,1.0,0.3848602455763511,1.1904715601875608,1.8458722981229414e-06
107,0.38187635830989775,0.9998916375076239,1.0,0.3848602455763511,1.1896096639837117,0.004239349086915034
107,0.38288244784295533,0.9986152460120923,1.0,0.3848602455763511,1.1864837598453137,1.1498075553895148e-06
107,0.3832111667152538,1.0,1.0,0.3848602455763511,1.185465993046235,0.00018997850185287213
108,0.38327148760938273,1.0,1.0,0.3848602455763511,1.1852794193751293,3.4048307471223893e-06
108,0.38308261610269595,0.9993251134652286,1.0,0.3848602455763511,1.1858637985659037,1.4418631266721604e-07
108,0.3832749456486393,1.0,1.0,0.3848602455763511,1.1852760145443821,7.289170512292387e-06
108,0.3832557492890903,0.9999390376857564,1.0,0.3848602455763511,1.1853290632984472,9.706623842475892e-07
108,0.38283533041728807,0.9984465612025593,1.0,0.3848602455763511,1.1866298210245598,3.4791992398197635e-08
108,0.3832768911988355,1.0,1.0,0.3848602455763511,1.1852760145443821,1.3305708029154317e-05
108,0.3832685836395181,1.0,1.0,0.3848602455763511,1.1852884000634847,1.2385519102542375e-05
108,0.38324254462969815,0.9998916375076239,1.0,0.3848602455763511,1.1853703148967967,1.3816653725573502e-06
108,0.38288244784295533,0.9986152460120923,1.0,0.3848602455763511,1.1864837598453137,1.1498075553895148e-06
108,0.381729974165924,0.9945253260796613,1.0,0.3848602455763511,1.190065950167377,9.9864397418159e-08
108,0.381729974165924,0.9945253260796613,1.0,0.3848602455763511,1.190065950167377,9.9864397418159e-08
108,0.3821742995440736,0.996101233635688,1.0,0.3848602455763511,1.1886822500498855,4.993548035070461e-07
108,0.381873909840226,0.995035197717817,1.0,0.3848602455763511,1.1896176242655145,3.3283436318143345e-07
108,0.38281226536923313,0.9983656811391446,1.0,0.3848602455763511,1.1867012825649668,8.59983143364218e-07
108,0.3821742995440736,0.996101233635688,1.0,0.3848602455763511,1.1886822500498855,4.993548035070461e-07
108,0.38223809612658954,0.9963276783860338,1.0,0.3848602455763511,1.1884838557353978,6.431351877722591e-07
108,0.38250844686005236,0.9972871107121176,1.0,0.3848602455763511,1.1876438547265198,8.354227141182946e-07
108,0.381873909840226,0.995035197717817,1.0,0.3848602455763511,1.1896176242655145,3.3283436318143345e-07
108,0.381951890366584,0.9953124920210923,1.0,0.3848602455763511,1.1893744153395618,4.2082192552861386e-07
108,0.38331272710342035,1.0,1.0,0.3848602455763511,1.1852760145443821,0.00012411591136363143
108,0.3825689497091166,0.9975021920456691,1.0,0.3848602455763511,1.1874560301873058,1.1399594204153374e-06
108,0.38308261610269595,0.999040567673916,1.0,0.3848602455763511,1.1861116531385867,0.0002478545726829484
108,0.381951890366584,0.9953124920210923,1.0,0.3848602455763511,1.1893744153395618,4.2082192552861386e-07
108,0.38170857470646746,0.9944490029276168,1.0,0.3848602455763511,1.1901331000411517,5.319132789782799e-07
108,0.3829135915755489,0.9985839791080493,1.0,0.3848602455763511,1.1865098928642484,0.00012263398849965412
108,0.3835389343729809,1.0,1.0,0.3848602455763511,1.1852760145443821,0.0008231061579302423
108,0.3812506268678113,0.992818788658153,1.0,0.3848602455763511,1.1915698442416887,7.72138668914124e-06
108,0.38177516401620215,0.9946852127437373,1.0,0.3848602455763511,1.1899253136837258,3.28744772737366e-07
108,0.383712619943755,1.0,1.0,0.3848602455763511,1.1852760145443821,0.0013592427565705112
108,0.3824480790828696,0.997073200470928,1.0,0.3848602455763511,1.1878313191781105,1.1146369305325976e-06
108,0.38241761520419015,0.9969647227291635,1.0,0.3848602455763511,1.1879259433472538,7.830999499969238e-07
108,0.38325151053980133,0.9999024737568615,1.0,0.3848602455763511,1.1853608839417897,1.9681615461841773e-05
108,0.3842620691034918,1.0,1.0,0.3848602455763511,1.1852760145443821,0.003052103244419291
108,0.3817981041079599,0.9947656332633713,1.0,0.3848602455763511,1.189854592795462,1.1037282121595382e-06
108,0.3837694844836396,1.0,1.0,0.3848602455763511,1.1852760145443821,0.0015346680705570215
108,0.38334411569620436,0.9963276783860338,1.0,0.3848602455763511,1.18848321260021,0.0034283553686715873
108,0.38184700996563603,0.9950727934716952,1.0,0.3848602455763511,1.1897010960833565,0.00011651126476586171
108,0.384473127032185,1.0,1.0,0.3848602455763511,1.1852760145443821,0.0037010893809734657
108,0.38202516688660343,0.9955718288606134,1.0,0.3848602455763511,1.1891462805843613,1.563691642836318e-08
108,0.3827027219561919,0.997961997246889,1.0,0.3848602455763511,1.1870529760894761,1.2016535152259422e-05
109,0.38327148760938273,1.0,1.0,0.3848602455763511,1.1852794193751293,3.4048307471223893e-06
109,0.38308261610269595,0.9993251134652286,1.0,0.3848602455763511,1.1858637985659037,1.4418631266721604e-07
109,0.3832749456486393,1.0,1.0,0.3848602455763511,1.1852760145443821,7.289170512292387e-06
109,0.3832557492890903,0.9999390376857564,1.0,0.3848602455763511,1.1853290632984472,9.706623842475892e-07
109,0.38283533041728807,0.9984465612025593,1.0,0.3848602455763511,1.1866298210245598,3.4791992398197635e-08
109,0.38202516688660343,0.9955718288606134,1.0,0.3848602455763511,1.1891462805843613,1.563691642836318e-08
109,0.3832768911988355,1.0,1.0,0.3848602455763511,1.1852760145443821,1.3305708029154317e-05
109,0.381729974165924,0.9945253260796613,1.0,0.3848602455763511,1.190065950167377,9.9864397418159e-08
109,0.38324254462969815,0.9998916375076239,1.0,0.3848602455763511,1.1853703148967967,1.3816653725573502e-06
109,0.3832685836395181,1.0,1.0,0.3848602455763511,1.1852884000634847,1.2385519102542375e-05
109,0.38288244784295533,0.9986152460120923,1.0,0.3848602455763511,1.1864837598453137,1.1498075553895148e-06
109,0.38281226536923313,0.9983656811391446,1.0,0.3848602455763511,1.1867012825649668,8.59983143364218e-07
109,0.38250844686005236,0.9972871107121176,1.0,0.3848602455763511,1.1876438547265198,8.354227141182946e-07
109,0.38241761520419015,0.9969647227291635,1.0,0.3848602455763511,1.1879259433472538,7.830999499969238e-07
109,0.38223809612658954,0.9963276783860338,1.0,0.3848602455763511,1.1884838557353978,6.431351877722591e-07
109,0.381951890366584,0.9953124920210923,1.0,0.3848602455763511,1.1893744153395618,4.2082192552861386e-07
109,0.3821742995440736,0.996101233635688,1.0,0.3848602455763511,1.1886822500498855,4.993548035070461e-07
109,0.38177516401620215,0.9946852127437373,1.0,0.3848602455763511,1.1899253136837258,3.28744772737366e-07
109,0.381873909840226,0.995035197717817,1.0,0.3848602455763511,1.1896176242655145,3.3283436318143345e-07
109,0.381873909840226,0.995035197717817,1.0,0.3848602455763511,1.1896176242655145,3.3283436318143345e-07
109,0.3824878082003816,0.9972002826134423,1.0,0.3848602455763511,1.1877189897992517,1.1050998054873418e-05
109,0.3839424859634876,1.0,1.0,0.3848602455763511,1.1852760145443821,0.002068052657183239
109,0.38318366167710893,0.9996832878319185,1.0,0.3848602455763511,1.1855516845937344,5.984432414063434e-07
109,0.3827715945039828,0.9982217831414761,1.0,0.3848602455763511,1.1868273738646413,1.3120340736083591e-06
109,0.38305188861547435,0.9992020454948116,1.0,0.3848602455763511,1.185970898178356,1.197251425799628e-05
109,0.38075666939540903,0.9910713024345997,1.0,0.3848602455763511,1.193115191688545,7.2495211629330925e-06
109,0.382829604609079,0.9984465612025593,1.0,0.3848602455763511,1.1866475341143183,1.7713089758508715e-05
109,0.3825318819688903,0.9973846369552561,1.0,0.3848602455763511,1.187571095920691,1.3391712328392202e-05
109,0.38364976709796733,1.0,1.0,0.3848602455763511,1.1852760145443821,0.0011652832016058046
109,0.38300927220002784,0.9990581474971432,1.0,0.3848602455763511,1.186096327171781,5.4430361391411e-06
109,0.3831133784787987,0.9994266600911832,1.0,0.3848602455763511,1.1857751845822033,6.605839287354698e-06
109,0.38320130513566053,0.9997504351270523,1.0,0.3848602455763511,1.1854965006855838,3.276488236725328e-06
109,0.38250844686005236,0.9956182656071714,1.0,0.3848602455763511,1.1891055003088327,0.001461645582312876
109,0.38328877539228845,0.9969647227291635,1.0,0.3848602455763511,1.1879251602473038,0.0026992014860689473
109,0.3831984011657959,0.9963276783860338,1.0,0.3848602455763511,1.18848321260021,0.0029777279363709663
109,0.38275819333026007,0.9981657975222001,1.0,0.3848602455763511,1.1868749534053187,6.026204781184319e-06
109,0.383923166053511,1.0,1.0,0.3848602455763511,1.1852760145443821,0.0020085108705212296
109,0.3820752624387923,0.995748869631284,1.0,0.3848602455763511,1.1889908695552793,5.031199343807913e-07
109,0.3832451582025763,0.9998916375076239,1.0,0.3848602455763511,1.1853703148967967,9.4653893809582e-06
109,0.3835953983957838,0.995035197717817,1.0,0.3848602455763511,1.1896176242655145,0.005339063580138914
110,0.38327148760938273,1.0,1.0,0.3848602455763511,1.1852794193751293,3.4048307471223893e-06
110,0.38308261610269595,0.9993251134652286,1.0,0.3848602455763511,1.1858637985659037,1.4418631266721604e-07
110,0.3832749456486393,1.0,1.0,0.3848602455763511,1.1852760145443821,7.289170512292387e-06
110,0.3832557492890903,0.9999390376857564,1.0,0.3848602455763511,1.1853290632984472,9.706623842475892e-07
110,0.38283533041728807,0.9984465612025593,1.0,0.3848602455763511,1.1866298210245598,3.4791992398197635e-08
110,0.38202516688660343,0.9955718288606134,1.0,0.3848602455763511,1.1891462805843613,1.563691642836318e-08
110,0.38318366167710893,0.9996832878319185,1.0,0.3848602455763511,1.1855516845937344,5.984432414063434e-07
110,0.3832768911988355,1.0,1.0,0.3848602455763511,1.1852760145443821,1.3305708029154317e-05
110,0.381729974165924,0.9945253260796613,1.0,0.3848602455763511,1.190065950167377,9.9864397418159e-08
110,0.38324254462969815,0.9998916375076239,1.0,0.3848602455763511,1.1853703148967967,1.3816653725573502e-06
110,0.3832685836395181,1.0,1.0,0.3848602455763511,1.1852884000634847,1.2385519102542375e-05
110,0.38288244784295533,0.9986152460120923,1.0,0.3848602455763511,1.1864837598453137,1.1498075553895148e-06
110,0.38281226536923313,0.9983656811391446,1.0,0.3848602455763511,1.1867012825649668,8.59983143364218e-07
110,0.38250844686005236,0.9972871107121176,1.0,0.3848602455763511,1.1876438547265198,8.354227141182946e-07
110,0.381951890366584,0.9953124920210923,1.0,0.3848602455763511,1.1893744153395618,4.2082192552861386e-07
110,0.3821742995440736,0.996101233635688,1.0,0.3848602455763511,1.1886822500498855,4.993548035070461e-07
110,0.38241761520419015,0.9969647227291635,1.0,0.3848602455763511,1.1879259433472538,7.830999499969238e-07
110,0.38223809612658954,0.9963276783860338,1.0,0.3848602455763511,1.1884838557353978,6.431351877722591e-07
110,0.38177516401620215,0.9946852127437373,1.0,0.3848602455763511,1.1899253136837258,3.28744772737366e-07
110,0.381873909840226,0.995035197717817,1.0,0.3848602455763511,1.1896176242655145,3.3283436318143345e-07
110,0.38381362794754187,1.0,1.0,0.3848602455763511,1.1852760145443821,0.001670813427200546
110,0.3808635780498007,0.9914505979227349,1.0,0.3848602455763511,1.192779307961681,6.271969783977482e-06
110,0.38267613402749345,0.9978827131106279,1.0,0.3848602455763511,1.1871234338909913,1.1822386438709032e-06
110,0.38335364603312705,1.0,1.0,0.3848602455763511,1.1852760145443821,0.00025061828745220893
110,0.3808711603634044,0.9914776495343062,1.0,0.3848602455763511,1.1927553623242806,6.071840404020534e-06
110,0.3829403460169924,0.9988197987384431,1.0,0.3848602455763511,1.1863043709567969,2.0707800851837987e-07
110,0.38139400286440256,0.9933339135733635,1.0,0.3848602455763511,1.1911153435252184,1.1600849285642312e-06
110,0.3819677453931267,0.9953682460599498,1.0,0.3848602455763511,1.1893250458231497,2.0207177930942066e-08
110,0.383263226092476,0.9999390376857564,1.0,0.3848602455763511,1.1853290632984472,2.4094365546289964e-05
110,0.38340280303124125,1.0,1.0,0.3848602455763511,1.1852760145443821,0.00040255325129856523
110,0.3815136115513924,0.9937571595197323,1.0,0.3848602455763511,1.1907422613155316,1.505189102246618e-06
110,0.3825696569686766,0.9975047086997024,1.0,0.3848602455763511,1.1874538349279276,1.1455071002863804e-06
110,0.38281226536923313,1.0,1.0,0.3848602455763511,1.1867012825649668,0.0014252680205846247
110,0.380995522890879,0.9919179525329966,1.0,0.3848602455763511,1.192365797055683,5.83743557425187e-06
110,0.382637231654461,0.9977436992779845,1.0,0.3848602455763511,1.187244127630961,3.842278286647627e-07
110,0.38300927220002784,0.9990581474971432,1.0,0.3848602455763511,1.186096327171781,5.4430361391411e-06
110,0.38401005486433165,1.0,1.0,0.3848602455763511,1.1852760145443821,0.0022762452819171664
110,0.38100667885152883,0.9919534631999845,1.0,0.3848602455763511,1.1923343934838337,9.346429549639268e-06
110,0.381561962466577,0.9939143971033956,1.0,0.3848602455763511,1.1906037407118002,1.387332905800065e-05
110,0.38225820611362754,0.9963862745869614,1.0,0.3848602455763511,1.1884318523897912,1.0520870980412766e-05
111,0.38327148760938273,1.0,1.0,0.3848602455763511,1.1852794193751293,3.4048307471223893e-06
111,0.38308261610269595,0.9993251134652286,1.0,0.3848602455763511,1.1858637985659037,1.4418631266721604e-07
111,0.3832749456486393,1.0,1.0,0.3848602455763511,1.1852760145443821,7.289170512292387e-06
111,0.3832557492890903,0.9999390376857564,1.0,0.3848602455763511,1.1853290632984472,9.706623842475892e-07
111,0.38283533041728807,0.9984465612025593,1.0,0.3848602455763511,1.1866298210245598,3.4791992398197635e-08
111,0.38202516688660343,0.9955718288606134,1.0,0.3848602455763511,1.1891462805843613,1.563691642836318e-08
111,0.38318366167710893,0.9996832878319185,1.0,0.3848602455763511,1.1855516845937344,5.984432414063434e-07
111,0.3829403460169924,0.9988197987384431,1.0,0.3848602455763511,1.1863043709567969,2.0707800851837987e-07
111,0.3832768911988355,1.0,1.0,0.3848602455763511,1.1852760145443821,1.3305708029154317e-05
111,0.3832685836395181,1.0,1.0,0.3848602455763511,1.1852884000634847,1.2385519102542375e-05
111,0.38324254462969815,0.9998916375076239,1.0,0.3848602455763511,1.1853703148967967,1.3816653725573502e-06
111,0.3819677453931267,0.9953682460599498,1.0,0.3848602455763511,1.1893250458231497,2.0207177930942066e-08
111,0.38335364603312705,1.0,1.0,0.3848602455763511,1.1852760145443821,0.00025061828745220893
111,0.381729974165924,0.9945253260796613,1.0,0.3848602455763511,1.190065950167377,9.9864397418159e-08
111,0.383263226092476,0.9999390376857564,1.0,0.3848602455763511,1.1853290632984472,2.4094365546289964e-05
111,0.382637231654461,0.9977436992779845,1.0,0.3848602455763511,1.187244127630961,3.842278286647627e-07
111,0.381873909840226,0.995035197717817,1.0,0.3848602455763511,1.1896176242655145,3.3283436318143345e-07
111,0.38300927220002784,0.9990581474971432,1.0,0.3848602455763511,1.186096327171781,5.4430361391411e-06
111,0.38281226536923313,0.9983656811391446,1.0,0.3848602455763511,1.1867012825649668,8.59983143364218e-07
111,0.38288244784295533,0.9986152460120923,1.0,0.3848602455763511,1.1864837598453137,1.1498075553895148e-06
111,0.38300179539664214,0.9990581474971432,1.0,0.3848602455763511,1.1861140385135631,1.771134178207845e-05
111,0.38308261610269595,0.9991523327474289,1.0,0.3848602455763511,1.1860142263148332,0.00015042774892948252
111,0.382004408343354,0.9954990368035401,1.0,0.3848602455763511,1.1892109001120204,7.26783549120924e-07
111,0.3823753026763881,0.9968181074497303,1.0,0.3848602455763511,1.1880573957423781,3.863352632693662e-06
111,0.3820379278668489,0.9956178109328975,1.0,0.3848602455763511,1.1891065602554385,6.608278513287047e-07
111,0.38338280695017407,1.0,1.0,0.3848602455763511,1.1852760145443821,0.0003407538557727019
111,0.38287501247773925,0.9996832878319185,1.0,0.3848602455763511,1.1865068011506141,0.0009551165568797426
111,0.382297966895027,0.9965456010590417,1.0,0.3848602455763511,1.1882977301273803,5.49859269827202e-06
111,0.3830833578199714,0.9993269187769882,1.0,0.3848602455763511,1.1858620813927483,5.788693258068633e-07
111,0.38267467256838095,0.9978779462355862,1.0,0.3848602455763511,1.1871279675914943,1.5504681933897757e-06
111,0.38230178958095073,0.99655462983688,1.0,0.3848602455763511,1.1882858481819694,1.5274024971478894e-06
111,0.38345704263260205,1.0,1.0,0.3848602455763511,1.1852760145443821,0.0005701523742529524
111,0.3832650070053826,0.9999573398396807,1.0,0.3848602455763511,1.185313136280334,1.3675089787001937e-05
111,0.3826079680871719,0.9976526171821045,1.0,0.3848602455763511,1.1873349333674448,1.1570006701377977e-05
111,0.383263226092476,0.9996539967344831,1.0,0.3848602455763511,1.185577188738891,0.00027221980599012596
111,0.38203645883102805,0.995587729516292,1.0,0.3848602455763511,1.1891323060805727,2.11733816228854e-05
111,0.38206431340456026,0.9957230589615786,1.0,0.3848602455763511,1.1890244400081253,1.0918890961608696e-05
111,0.3819800439888503,0.995423112142769,1.0,0.3848602455763511,1.1892867531737967,9.911210457458353e-06
111,0.38418400152097026,1.0,1.0,0.3848602455763511,1.1852760145443821,0.0028118710584126294
111,0.3827364692737496,0.9980896579827304,1.0,0.3848602455763511,1.1869414539606713,5.1602830730690386e-06
112,0.38327148760938273,1.0,1.0,0.3848602455763511,1.1852794193751293,3.4048307471223893e-06
112,0.38308261610269595,0.9993251134652286,1.0,0.3848602455763511,1.1858637985659037,1.4418631266721604e-07
112,0.3832749456486393,1.0,1.0,0.3848602455763511,1.1852760145443821,7.289170512292387e-06
112,0.3832557492890903,0.9999390376857564,1.0,0.3848602455763511,1.1853290632984472,9.706623842475892e-07
112,0.38283533041728807,0.9984465612025593,1.0,0.3848602455763511,1.1866298210245598,3.4791992398197635e-08
112,0.38202516688660343,0.9955718288606134,1.0,0.3848602455763511,1.1891462805843613,1.563691642836318e-08
112,0.38318366167710893,0.9996832878319185,1.0,0.3848602455763511,1.1855516845937344,5.984432414063434e-07
112,0.3830833578199714,0.9993269187769882,1.0,0.3848602455763511,1.1858620813927483,5.788693258068633e-07
112,0.3829403460169924,0.9988197987384431,1.0,0.3848602455763511,1.1863043709567969,2.0707800851837987e-07
112,0.3832768911988355,1.0,1.0,0.3848602455763511,1.1852760145443821,1.3305708029154317e-05
112,0.3832685836395181,1.0,1.0,0.3848602455763511,1.1852884000634847,1.2385519102542375e-05
112,0.38324254462969815,0.9998916375076239,1.0,0.3848602455763511,1.1853703148967967,1.3816653725573502e-06
112,0.3819677453931267,0.9953682460599498,1.0,0.3848602455763511,1.1893250458231497,2.0207177930942066e-08
112,0.38335364603312705,1.0,1.0,0.3848602455763511,1.1852760145443821,0.00025061828745220893
112,0.381729974165924,0.9945253260796613,1.0,0.3848602455763511,1.190065950167377,9.9864397418159e-08
112,0.3832650070053826,0.9999573398396807,1.0,0.3848602455763511,1.185313136280334,1.3675089787001937e-05
112,0.382637231654461,0.9977436992779845,1.0,0.3848602455763511,1.187244127630961,3.842278286647627e-07
112,0.381873909840226,0.995035197717817,1.0,0.3848602455763511,1.1896176242655145,3.3283436318143345e-07
112,0.38300927220002784,0.9990581474971432,1.0,0.3848602455763511,1.186096327171781,5.4430361391411e-06
112,0.38281226536923313,0.9983656811391446,1.0,0.3848602455763511,1.1867012825649668,8.59983143364218e-07
112,0.38327148760938273,0.9961164624052281,1.0,0.3848602455763511,1.1886683958613469,0.0033889764862176097
112,0.3814859909602596,0.993660212205602,1.0,0.3848602455763511,1.190827690227942,7.213328572230893e-07
112,0.3837551595820864,1.0,1.0,0.3848602455763511,1.1852760145443821,0.00149048109929395
112,0.38214813741256615,0.9959962130544311,1.0,0.3848602455763511,1.1887738593667208,1.023129030452985e-05
112,0.38171580967766083,0.994470459996842,1.0,0.3848602455763511,1.1901142208551612,4.210280855287962e-06
112,0.38214017443892784,0.9959740191606604,1.0,0.3848602455763511,1.1887933270858921,4.927750024474875e-06
112,0.38318366167710893,0.9957044586638351,1.0,0.3848602455763511,1.1890298455516874,0.0034787594011944645
112,0.3826268478831536,0.9977067447720197,1.0,0.3848602455763511,1.1872763471982584,3.0154578167795876e-07
112,0.3837527815609985,1.0,1.0,0.3848602455763511,1.1852760145443821,0.0014831454731043525
112,0.38418804885322244,1.0,1.0,0.3848602455763511,1.1852760145443821,0.0028243280446900165
112,0.3819519560911572,0.9953251820536274,1.0,0.3848602455763511,1.189374210677367,1.1362326976405157e-05
112,0.3824269676332763,0.9970025649208052,1.0,0.3848602455763511,1.1878968920667323,4.859229256748421e-06
112,0.3816966036925108,0.9944119779956183,1.0,0.3848602455763511,1.1901698938295115,4.215169219223824e-06
112,0.38357803086731773,1.0,1.0,0.3848602455763511,1.1852760145443821,0.0009438324576078738
112,0.3833578417180866,1.0,1.0,0.3848602455763511,1.1852760145443821,0.0002635878753352028
112,0.38234959484896686,0.9964371945546654,1.0,0.3848602455763511,1.1883872253870669,0.00024994888941165527
112,0.3844016920846678,1.0,1.0,0.3848602455763511,1.1852760145443821,0.0034815124532825426
112,0.38208311819161694,0.9957784220313932,1.0,0.3848602455763511,1.1889659204078697,9.84732259068366e-07
112,0.3829159128651039,0.9987193403645179,1.0,0.3848602455763511,1.1863917918603466,1.1725029254616715e-05
112,0.38324030834934436,0.999889545078286,1.0,0.3848602455763511,1.1853758500853997,3.7140914994626684e-06
113,0.38327148760938273,1.0,1.0,0.3848602455763511,1.1852794193751293,3.4048307471223893e-06
113,0.38308261610269595,0.9993251134652286,1.0,0.3848602455763511,1.1858637985659037,1.4418631266721604e-07
113,0.3832749456486393,1.0,1.0,0.3848602455763511,1.1852760145443821,7.289170512292387e-06
113,0.3832557492890903,0.9999390376857564,1.0,0.3848602455763511,1.1853290632984472,9.706623842475892e-07
113,0.38283533041728807,0.9984465612025593,1.0,0.3848602455763511,1.1866298210245598,3.4791992398197635e-08
113,0.38202516688660343,0.9955718288606134,1.0,0.3848602455763511,1.1891462805843613,1.563691642836318e-08
113,0.38318366167710893,0.9996832878319185,1.0,0.3848602455763511,1.1855516845937344,5.984432414063434e-07
113,0.3830833578199714,0.9993269187769882,1.0,0.3848602455763511,1.1858620813927483,5.788693258068633e-07
113,0.3829403460169924,0.9988197987384431,1.0,0.3848602455763511,1.1863043709567969,2.0707800851837987e-07
113,0.3832768911988355,1.0,1.0,0.3848602455763511,1.1852760145443821,1.3305708029154317e-05
113,0.3832685836395181,1.0,1.0,0.3848602455763511,1.1852884000634847,1.2385519102542375e-05
113,0.38324254462969815,0.9998916375076239,1.0,0.3848602455763511,1.1853703148967967,1.3816653725573502e-06
113,0.3819677453931267,0.9953682460599498,1.0,0.3848602455763511,1.1893250458231497,2.0207177930942066e-08
113,0.382637231654461,0.9977436992779845,1.0,0.3848602455763511,1.187244127630961,3.842278286647627e-07
113,0.38281226536923313,0.9983656811391446,1.0,0.3848602455763511,1.1867012825649668,8.59983143364218e-07
113,0.3826268478831536,0.9977067447720197,1.0,0.3848602455763511,1.1872763471982584,3.0154578167795876e-07
113,0.38335364603312705,1.0,1.0,0.3848602455763511,1.1852760145443821,0.00025061828745220893
113,0.3832650070053826,0.9999573398396807,1.0,0.3848602455763511,1.185313136280334,1.3675089787001937e-05
113,0.38324030834934436,0.999889545078286,1.0,0.3848602455763511,1.1853758500853997,3.7140914994626684e-06
113,0.381729974165924,0.9945253260796613,1.0,0.3848602455763511,1.190065950167377,9.9864397418159e-08
113,0.3828296219060879,0.9984186581035162,1.0,0.3848602455763511,1.1866541768130165,6.696313809673171e-06
113,0.3821433183548812,0.9959719858142327,1.0,0.3848602455763511,1.1887951107107284,1.649160815175854e-05
113,0.38226577282627805,0.996430427195351,1.0,0.3848602455763511,1.1883978074595332,4.651322821125348e-06
113,0.3832557492890903,0.9997149590487266,1.0,0.3848602455763511,1.1855241097288336,0.0001960170927706173
113,0.3808544124648512,0.9914032503145681,1.0,0.3848602455763511,1.192821222423483,1.948133535933927e-05
113,0.38290917244762696,0.9987203893089005,1.0,0.3848602455763511,1.186400950887916,1.0074093427459019e-05
113,0.3828813323050996,0.9986266392683686,1.0,0.3848602455763511,1.1864872167063154,1.4547753705018707e-05
113,0.3821291096937955,0.995941346971612,1.0,0.3848602455763511,1.1888228213159964,8.33732417993005e-07
113,0.38225052272517596,0.9963839985045752,1.0,0.3848602455763511,1.188445219263019,1.1371974911522642e-05
113,0.38313629638270147,0.9995009318049901,1.0,0.3848602455763511,1.185710488709093,1.2838590074393252e-05
113,0.3818551825305853,0.9949644309793191,1.0,0.3848602455763511,1.1896798214102269,4.187622256957013e-06
113,0.381915644883561,0.9951722029012378,1.0,0.3848602455763511,1.1894972350499309,9.942820815567188e-06
113,0.38277970058899957,0.9953682460599498,1.0,0.3848602455763511,1.1893250256159718,0.002522785068360678
113,0.382637231654461,1.0,1.0,0.3848602455763511,1.187244127630961,0.0019681130865789598
113,0.3820221690554752,0.9955491130707752,1.0,0.3848602455763511,1.1891662074574996,1.0595321161988025e-05
113,0.38249876723539433,0.9972526271727212,1.0,0.3848602455763511,1.1876739095860276,7.203936007726952e-07
113,0.38354886995027065,1.0,1.0,0.3848602455763511,1.1852760145443821,0.0008537886193025201
113,0.38234612237774873,0.9967114748948273,1.0,0.3848602455763511,1.1881480671719775,1.1466467091381105e-06
113,0.382750757609315,0.9981460078090832,1.0,0.3848602455763511,1.186892236838159,2.522668844928688e-07
113,0.383687577642092,1.0,1.0,0.3848602455763511,1.1852760145443821,0.0012819715531400266
114,0.38327148760938273,1.0,1.0,0.3848602455763511,1.1852794193751293,3.4048307471223893e-06
114,0.38308261610269595,0.9993251134652286,1.0,0.3848602455763511,1.1858637985659037,1.4418631266721604e-07
114,0.3832749456486393,1.0,1.0,0.3848602455763511,1.1852760145443821,7.289170512292387e-06
114,0.3832557492890903,0.9999390376857564,1.0,0.3848602455763511,1.1853290632984472,9.706623842475892e-07
114,0.38283533041728807,0.9984465612025593,1.0,0.3848602455763511,1.1866298210245598,3.4791992398197635e-08
114,0.38202516688660343,0.9955718288606134,1.0,0.3848602455763511,1.1891462805843613,1.563691642836318e-08
114,0.38318366167710893,0.9996832878319185,1.0,0.3848602455763511,1.1855516845937344,5.984432414063434e-07
114,0.3830833578199714,0.9993269187769882,1.0,0.3848602455763511,1.1858620813927483,5.788693258068633e-07
114,0.3829403460169924,0.9988197987384431,1.0,0.3848602455763511,1.1863043709567969,2.0707800851837987e-07
114,0.3832768911988355,1.0,1.0,0.3848602455763511,1.1852760145443821,1.3305708029154317e-05
114,0.3832685836395181,1.0,1.0,0.3848602455763511,1.1852884000634847,1.2385519102542375e-05
114,0.38324254462969815,0.9998916375076239,1.0,0.3848602455763511,1.1853703148967967,1.3816653725573502e-06
114,0.3819677453931267,0.9953682460599498,1.0,0.3848602455763511,1.1893250458231497,2.0207177930942066e-08
114,0.38281226536923313,0.9983656811391446,1.0,0.3848602455763511,1.1867012825649668,8.59983143364218e-07
114,0.382750757609315,0.9981460078090832,1.0,0.3848602455763511,1.186892236838159,2.522668844928688e-07
114,0.38335364603312705,1.0,1.0,0.3848602455763511,1.1852760145443821,0.00025061828745220893
114,0.3832650070053826,0.9999573398396807,1.0,0.3848602455763511,1.185313136280334,1.3675089787001937e-05
114,0.38324030834934436,0.999889545078286,1.0,0.3848602455763511,1.1853758500853997,3.7140914994626684e-06
114,0.381729974165924,0.9945253260796613,1.0,0.3848602455763511,1.190065950167377,9.9864397418159e-08
114,0.3826268478831536,0.9977067447720197,1.0,0.3848602455763511,1.1872763471982584,3.0154578167795876e-07
114,0.38327148760938273,0.9952707198168113,1.0,0.3848602455763511,1.1894106867366636,0.004131267361534352
114,0.3844497188345206,1.0,1.0,0.3848602455763511,1.1852760145443821,0.0036291461905468836
114,0.38282887929103787,0.9984289332713134,1.0,0.3848602455763511,1.1866497823691113,4.574603989615511e-06
114,0.38315991397421945,0.9993269187769882,1.0,0.3848602455763511,1.1858620813927483,0.0002375164835075605
114,0.3819986573053504,0.9954657723030883,1.0,0.3848602455763511,1.189239381279799,1.0577447616011426e-05
114,0.3827703616609743,0.9982124008571488,1.0,0.3848602455763511,1.1868342548852404,3.0584366874641944e-06
114,0.38196354102507274,0.9953397594397806,1.0,0.3848602455763511,1.189350044795127,1.1907774315034203e-05
114,0.3828434091018267,0.9984756166156732,1.0,0.3848602455763511,1.1866047462097953,2.853477392150694e-07
114,0.383161616552451,0.9996041644135549,1.0,0.3848602455763511,1.185620581832969,1.28524519515949e-06
114,0.3826970866251523,0.9982140256377324,1.0,0.3848602455763511,1.1870584390935757,0.00022560305465679775
114,0.3836645593096538,1.0,1.0,0.3848602455763511,1.1852760145443821,0.001210936666664164
114,0.3818555598231097,0.9949623385499811,1.0,0.3848602455763511,1.1896816605886777,7.2022601462773395e-06
114,0.3823635611818962,0.9967779682307342,1.0,0.3848602455763511,1.1880938782180843,5.194492341598078e-06
114,0.38253559735477494,0.9973895595040658,1.0,0.3848602455763511,1.1875595616088368,6.16316034141029e-06
114,0.38332857054296454,1.0,1.0,0.3848602455763511,1.1852760145443821,0.00017309969146928061
114,0.3841239552201646,1.0,1.0,0.3848602455763511,1.1852760145443821,0.0026270281281504104
114,0.3816509308268776,0.9999573398396807,1.0,0.3848602455763511,1.1903123236393416,0.0049991873590076175
114,0.38324030834934436,0.9993509280032569,1.0,0.3848602455763511,1.1858411624454934,0.0004653123600937281
114,0.381729974165924,0.996430427195351,1.0,0.3848602455763511,1.1900658503029795,0.0016726941662674744
114,0.38180260976973635,0.994781131824211,1.0,0.3848602455763511,1.1898409648518897,1.5172742318103616e-06
115,0.38327148760938273,1.0,1.0,0.3848602455763511,1.1852794193751293,3.4048307471223893e-06
115,0.38308261610269595,0.9993251134652286,1.0,0.3848602455763511,1.1858637985659037,1.4418631266721604e-07
115,0.3832749456486393,1.0,1.0,0.3848602455763511,1.1852760145443821,7.289170512292387e-06
115,0.3832557492890903,0.9999390376857564,1.0,0.3848602455763511,1.1853290632984472,9.706623842475892e-07
115,0.38283533041728807,0.9984465612025593,1.0,0.3848602455763511,1.1866298210245598,3.4791992398197635e-08
115,0.38202516688660343,0.9955718288606134,1.0,0.3848602455763511,1.1891462805843613,1.563691642836318e-08
115,0.38318366167710893,0.9996832878319185,1.0,0.3848602455763511,1.1855516845937344,5.984432414063434e-07
115,0.3830833578199714,0.9993269187769882,1.0,0.3848602455763511,1.1858620813927483,5.788693258068633e-07
115,0.3829403460169924,0.9988197987384431,1.0,0.3848602455763511,1.1863043709567969,2.0707800851837987e-07
115,0.3832768911988355,1.0,1.0,0.3848602455763511,1.1852760145443821,1.3305708029154317e-05
115,0.3832685836395181,1.0,1.0,0.3848602455763511,1.1852884000634847,1.2385519102542375e-05
115,0.38324254462969815,0.9998916375076239,1.0,0.3848602455763511,1.1853703148967967,1.3816653725573502e-06
115,0.3819677453931267,0.9953682460599498,1.0,0.3848602455763511,1.1893250458231497,2.0207177930942066e-08
115,0.383161616552451,0.9996041644135549,1.0,0.3848602455763511,1.185620581832969,1.28524519515949e-06
115,0.382750757609315,0.9981460078090832,1.0,0.3848602455763511,1.186892236838159,2.522668844928688e-07
115,0.3828434091018267,0.9984756166156732,1.0,0.3848602455763511,1.1866047462097953,2.853477392150694e-07
115,0.38332857054296454,1.0,1.0,0.3848602455763511,1.1852760145443821,0.00017309969146928061
115,0.3832650070053826,0.9999573398396807,1.0,0.3848602455763511,1.185313136280334,1.3675089787001937e-05
115,0.38324030834934436,0.999889545078286,1.0,0.3848602455763511,1.1853758500853997,3.7140914994626684e-06
115,0.381729974165924,0.9945253260796613,1.0,0.3848602455763511,1.190065950167377,9.9864397418159e-08
115,0.3822500058062086,0.9961939190514864,1.0,0.3848602455763511,1.1886004767568044,0.00015365035221681644
115,0.38235612828525806,0.9967401911058439,1.0,0.3848602455763511,1.1881217690783734,4.794646270900316e-06
115,0.3830696787824347,1.0,1.0,0.3848602455763511,1.185903848459064,0.0006278339146819079
115,0.3828896378010158,0.9986395095212922,1.0,0.3848602455763511,1.1864614798784296,4.047850254984553e-08
115,0.382586605796897,0.9975770040720763,1.0,0.3848602455763511,1.1874012299733623,1.1757916371868404e-05
115,0.38337577515007404,1.0,1.0,0.3848602455763511,1.1852760145443821,0.00031902001549632963
115,0.38211574214227206,0.995886287536774,1.0,0.3848602455763511,1.188870290738825,5.88084501851327e-06
115,0.3828082341987745,0.9983314070281749,1.0,0.3848602455763511,1.1867303444763244,1.6565327654483042e-05
115,0.38282818093125476,0.9988197987384431,1.0,0.3848602455763511,1.186651947069945,0.000347783191156692
115,0.38378703471177134,1.0,1.0,0.3848602455763511,1.1852760145443821,0.0015887994735135358
115,0.38278222905852183,1.0,1.0,0.3848602455763511,1.1867944011207554,0.0015183865763732651
115,0.3836571819076774,1.0,1.0,0.3848602455763511,1.1852760145443821,0.0011881681002594568
115,0.381848083019724,0.9953682460599498,1.0,0.3848602455763511,1.1896977528333101,0.00037272721733838665
115,0.3832798195540458,1.0,1.0,0.3848602455763511,1.1852760145443821,2.2361416268434908e-05
115,0.38371249975262695,1.0,1.0,0.3848602455763511,1.1852760145443821,0.0013588719156623075
115,0.38331743642020594,1.0,1.0,0.3848602455763511,1.1852760145443821,0.00013867631270425562
115,0.38332857054296454,0.998410752215567,1.0,0.3848602455763511,1.1866610778758804,0.001558163022967518
115,0.3830292180707636,0.999134634305948,1.0,0.3848602455763511,1.1860296527852396,5.331685377640838e-07
115,0.3819175413177296,0.9951906967407956,1.0,0.3848602455763511,1.1894813857595397,3.9907990156962114e-07
115,0.38213278418710617,0.9959590571356572,1.0,0.3848602455763511,1.1888113898930097,4.9381445159646375e-06
116,0.38327148760938273,1.0,1.0,0.3848602455763511,1.1852794193751293,3.4048307471223893e-06
116,0.38308261610269595,0.9993251134652286,1.0,0.3848602455763511,1.1858637985659037,1.4418631266721604e-07
116,0.3832749456486393,1.0,1.0,0.3848602455763511,1.1852760145443821,7.289170512292387e-06
116,0.3832557492890903,0.9999390376857564,1.0,0.3848602455763511,1.1853290632984472,9.706623842475892e-07
116,0.38283533041728807,0.9984465612025593,1.0,0.3848602455763511,1.1866298210245598,3.4791992398197635e-08
116,0.38202516688660343,0.9955718288606134,1.0,0.3848602455763511,1.1891462805843613,1.563691642836318e-08
116,0.38318366167710893,0.9996832878319185,1.0,0.3848602455763511,1.1855516845937344,5.984432414063434e-07
116,0.3830833578199714,0.9993269187769882,1.0,0.3848602455763511,1.1858620813927483,5.788693258068633e-07
116,0.3828896378010158,0.9986395095212922,1.0,0.3848602455763511,1.1864614798784296,4.047850254984553e-08
116,0.3829403460169924,0.9988197987384431,1.0,0.3848602455763511,1.1863043709567969,2.0707800851837987e-07
116,0.3830292180707636,0.999134634305948,1.0,0.3848602455763511,1.1860296527852396,5.331685377640838e-07
116,0.3832768911988355,1.0,1.0,0.3848602455763511,1.1852760145443821,1.3305708029154317e-05
116,0.3832685836395181,1.0,1.0,0.3848602455763511,1.1852884000634847,1.2385519102542375e-05
116,0.38324254462969815,0.9998916375076239,1.0,0.3848602455763511,1.1853703148967967,1.3816653725573502e-06
116,0.3819677453931267,0.9953682460599498,1.0,0.3848602455763511,1.1893250458231497,2.0207177930942066e-08
116,0.383161616552451,0.9996041644135549,1.0,0.3848602455763511,1.185620581832969,1.28524519515949e-06
116,0.3832798195540458,1.0,1.0,0.3848602455763511,1.1852760145443821,2.2361416268434908e-05
116,0.381729974165924,0.9945253260796613,1.0,0.3848602455763511,1.190065950167377,9.9864397418159e-08
116,0.38324030834934436,0.999889545078286,1.0,0.3848602455763511,1.1853758500853997,3.7140914994626684e-06
116,0.3832650070053826,0.9999573398396807,1.0,0.3848602455763511,1.185313136280334,1.3675089787001937e-05
116,0.3819074572721389,0.9951327239609555,1.0,0.3848602455763511,1.1895319225905068,1.912926281533167e-05
116,0.38436064697416783,1.0,1.0,0.3848602455763511,1.1852760145443821,0.003355310964700875
116,0.3821266885227969,0.9959446776264632,1.0,0.3848602455763511,1.1888303537480833,1.1287947242033525e-05
116,0.3832557492890903,0.9999390376857564,1.0,0.3848602455763511,1.1853290632984472,9.706623842475892e-07
116,0.3820678064498541,0.995711373366211,1.0,0.3848602455763511,1.1890237768353433,1.0207453173372016e-05
116,0.3816501292473126,0.9942413308722513,1.0,0.3848602455763511,1.1903158641857874,1.0405341073216334e-06
116,0.3832508765743612,0.9999081094461557,1.0,0.3848602455763511,1.1853559791951898,1.2816102687551734e-05
116,0.3834543024538268,1.0,1.0,0.3848602455763511,1.1852760145443821,0.0005616864219106787
116,0.38168388244823864,0.9943609310073678,1.0,0.3848602455763511,1.190210599409541,1.0380892043748702e-06
116,0.3831572300375852,0.9996041644135549,1.0,0.3848602455763511,1.1856328699624838,1.2288129514814727e-05
116,0.3833020483444802,1.0,1.0,0.3848602455763511,1.1852760145443821,9.10976912558148e-05
116,0.383539993537073,1.0,1.0,0.3848602455763511,1.1852760145443821,0.0008263770814511684
116,0.3842783292872516,1.0,1.0,0.3848602455763511,1.1852760145443821,0.003102127345514294
116,0.3828922733207051,0.9986395095212922,1.0,0.3848602455763511,1.186461439399927,8.12615948020401e-06
116,0.3831776426225464,0.9996776430699791,1.0,0.3848602455763511,1.1855697090967765,1.3109650573550624e-05
116,0.38163202725692597,0.9941776331614115,1.0,0.3848602455763511,1.190371937379227,6.534047767292606e-07
116,0.38183518563588076,1.0,1.0,0.3848602455763511,1.1897379376803665,0.004461923135984369
116,0.3835835958843502,1.0,1.0,0.3848602455763511,1.1852760145443821,0.0009610147063248142
116,0.38324030834934436,1.0,1.0,0.3848602455763511,1.1853758500853997,9.983554101755665e-05
116,0.3831462350259582,0.9995435919653094,1.0,0.3848602455763511,1.185673333063888,6.439415498160628e-06
117,0.38327148760938273,1.0,1.0,0.3848602455763511,1.1852794193751293,3.4048307471223893e-06
117,0.38308261610269595,0.9993251134652286,1.0,0.3848602455763511,1.1858637985659037,1.4418631266721604e-07
117,0.3832749456486393,1.0,1.0,0.3848602455763511,1.1852760145443821,7.289170512292387e-06
117,0.3832557492890903,0.9999390376857564,1.0,0.3848602455763511,1.1853290632984472,9.706623842475892e-07
117,0.38283533041728807,0.9984465612025593,1.0,0.3848602455763511,1.1866298210245598,3.4791992398197635e-08
117,0.38202516688660343,0.9955718288606134,1.0,0.3848602455763511,1.1891462805843613,1.563691642836318e-08
117,0.38318366167710893,0.9996832878319185,1.0,0.3848602455763511,1.1855516845937344,5.984432414063434e-07
117,0.3830833578199714,0.9993269187769882,1.0,0.3848602455763511,1.1858620813927483,5.788693258068633e-07
117,0.3828896378010158,0.9986395095212922,1.0,0.3848602455763511,1.1864614798784296,4.047850254984553e-08
117,0.3832557492890903,0.9999390376857564,1.0,0.3848602455763511,1.1853290632984472,9.706623842475892e-07
117,0.3829403460169924,0.9988197987384431,1.0,0.3848602455763511,1.1863043709567969,2.0707800851837987e-07
117,0.3830292180707636,0.999134634305948,1.0,0.3848602455763511,1.1860296527852396,5.331685377640838e-07
117,0.3832768911988355,1.0,1.0,0.3848602455763511,1.1852760145443821,1.3305708029154317e-05
117,0.3832685836395181,1.0,1.0,0.3848602455763511,1.1852884000634847,1.2385519102542375e-05
117,0.3819677453931267,0.9953682460599498,1.0,0.3848602455763511,1.1893250458231497,2.0207177930942066e-08
117,0.38324254462969815,0.9998916375076239,1.0,0.3848602455763511,1.1853703148967967,1.3816653725573502e-06
117,0.383161616552451,0.9996041644135549,1.0,0.3848602455763511,1.185620581832969,1.28524519515949e-06
117,0.3832798195540458,1.0,1.0,0.3848602455763511,1.1852760145443821,2.2361416268434908e-05
117,0.381729974165924,0.9945253260796613,1.0,0.3848602455763511,1.190065950167377,9.9864397418159e-08
117,0.38324030834934436,0.999889545078286,1.0,0.3848602455763511,1.1853758500853997,3.7140914994626684e-06
117,0.38332794030596956,1.0,1.0,0.3848602455763511,1.1852760145443821,0.00017115124049738029
117,0.3840995495233596,1.0,1.0,0.3848602455763511,1.1852760145443821,0.0025518825765613595
117,0.38318862900521533,0.9997063205576888,1.0,0.3848602455763511,1.185535717685015,4.086939965786129e-06
117,0.3820880217083237,0.9957954600496091,1.0,0.3848602455763511,1.1889506618446384,6.772809211241793e-07
117,0.38324778515273006,0.999889545078286,1.0,0.3848602455763511,1.1853721359939002,1.9411475012498514e-05
117,0.38316260095109006,0.9996084654759829,1.0,0.3848602455763511,1.185616836374114,5.858091409738364e-07
117,0.38170614301658995,0.9944612071771113,1.0,0.3848602455763511,1.1901401499637017,1.7788035823640413e-05
117,0.3830833578199714,1.0,1.0,0.3848602455763511,1.1858615025234225,0.0005854879790403444
117,0.38305250351527786,0.9992228598158721,1.0,0.3848602455763511,1.1859570218887623,4.263566621309778e-06
117,0.3832557492890903,1.0,1.0,0.3848602455763511,1.185328092636063,5.2078091680840544e-05
117,0.3826097890823341,0.9976677320779124,1.0,0.3848602455763511,1.1873292823589614,1.9132780664898874e-05
117,0.38342245252668233,1.0,1.0,0.3848602455763511,1.1852760145443821,0.00046327521857447707
117,0.3818125930709197,0.9948173390420584,1.0,0.3848602455763511,1.1898091293620827,7.926638181388057e-07
117,0.38395701906778945,1.0,1.0,0.3848602455763511,1.1852760145443821,0.0021128380988397755
117,0.38347408913055203,0.9953682460599498,1.0,0.3848602455763511,1.1893250256159718,0.004671826941422985
117,0.38360444598790633,1.0,1.0,0.3848602455763511,1.1852760145443821,0.0010253859371163188
117,0.38285437048423804,0.9985272364246537,1.0,0.3848602455763511,1.186570772904635,1.1363233983541221e-05
117,0.38317931952292206,0.9996539967344831,1.0,0.3848602455763511,1.185577188738891,1.2668028293250089e-05
117,0.38325669944606516,0.9999573398396807,1.0,0.3848602455763511,1.185325154010976,1.201773064196665e-05
117,0.38333909965866586,1.0,1.0,0.3848602455763511,1.1852760145443821,0.00020565072966749476
118,0.38327148760938273,1.0,1.0,0.3848602455763511,1.1852794193751293,3.4048307471223893e-06
118,0.38308261610269595,0.9993251134652286,1.0,0.3848602455763511,1.1858637985659037,1.4418631266721604e-07
118,0.3832749456486393,1.0,1.0,0.3848602455763511,1.1852760145443821,7.289170512292387e-06
118,0.3832557492890903,0.9999390376857564,1.0,0.3848602455763511,1.1853290632984472,9.706623842475892e-07
118,0.38283533041728807,0.9984465612025593,1.0,0.3848602455763511,1.1866298210245598,3.4791992398197635e-08
118,0.38202516688660343,0.9955718288606134,1.0,0.3848602455763511,1.1891462805843613,1.563691642836318e-08
118,0.38318366167710893,0.9996832878319185,1.0,0.3848602455763511,1.1855516845937344,5.984432414063434e-07
118,0.3830833578199714,0.9993269187769882,1.0,0.3848602455763511,1.1858620813927483,5.788693258068633e-07
118,0.3828896378010158,0.9986395095212922,1.0,0.3848602455763511,1.1864614798784296,4.047850254984553e-08
118,0.3832557492890903,0.9999390376857564,1.0,0.3848602455763511,1.1853290632984472,9.706623842475892e-07
118,0.38316260095109006,0.9996084654759829,1.0,0.3848602455763511,1.185616836374114,5.858091409738364e-07
118,0.3829403460169924,0.9988197987384431,1.0,0.3848602455763511,1.1863043709567969,2.0707800851837987e-07
118,0.3830292180707636,0.999134634305948,1.0,0.3848602455763511,1.1860296527852396,5.331685377640838e-07
118,0.3832768911988355,1.0,1.0,0.3848602455763511,1.1852760145443821,1.3305708029154317e-05
118,0.3832685836395181,1.0,1.0,0.3848602455763511,1.1852884000634847,1.2385519102542375e-05
118,0.38325669944606516,0.9999573398396807,1.0,0.3848602455763511,1.185325154010976,1.201773064196665e-05
118,0.3819677453931267,0.9953682460599498,1.0,0.3848602455763511,1.1893250458231497,2.0207177930942066e-08
118,0.38324254462969815,0.9998916375076239,1.0,0.3848602455763511,1.1853703148967967,1.3816653725573502e-06
118,0.383161616552451,0.9996041644135549,1.0,0.3848602455763511,1.185620581832969,1.28524519515949e-06
118,0.3832798195540458,1.0,1.0,0.3848602455763511,1.1852760145443821,2.2361416268434908e-05
118,0.3820136159712184,0.9955169627777941,1.0,0.3848602455763511,1.1891944342055822,1.2197499613675333e-05
118,0.38310824241104724,0.9993942268992894,1.0,0.3848602455763511,1.1858034391840389,1.896366034936925e-05
118,0.3832749456486393,0.9995117275334906,1.0,0.3848602455763511,1.1857010856725676,0.0004323602986977537
118,0.38363994933309087,1.0,1.0,0.3848602455763511,1.1852760145443821,0.0011349805161375848
118,0.38358241738218357,1.0,1.0,0.3848602455763511,1.1852760145443821,0.0009573760677261678
118,0.38275142384773414,0.9981615202512859,1.0,0.3848602455763511,1.1868899186010697,1.1229680472624182e-05
118,0.38168302730696124,0.994344459068836,1.0,0.3848602455763511,1.190225095505968,1.2867582064535199e-05
118,0.38212919740808143,0.9959536836603085,1.0,0.3848602455763511,1.188822548432518,1.1382984446361988e-05
118,0.3828733982030087,0.9985821025074729,1.0,0.3848602455763511,1.18651180371269,2.733128812160146e-07
118,0.382682575879614,0.9979270185475319,1.0,0.3848602455763511,1.1871034505573566,1.9912723524528886e-05
118,0.38440174813606537,1.0,1.0,0.3848602455763511,1.1852760145443821,0.003481684776206917
118,0.3827463696722617,0.9988197987384431,1.0,0.3848602455763511,1.1869055915123623,0.0006014276335739588
118,0.38334192046861437,1.0,1.0,0.3848602455763511,1.1852760145443821,0.00021437103413912695
118,0.38300494154341874,0.999035160676548,1.0,0.3848602455763511,1.186116367029495,1.2071703145544177e-05
118,0.38293934797394186,0.9988168666076565,1.0,0.3848602455763511,1.186307462785402,7.415128921994807e-07
118,0.38202955340146927,0.9955718288606134,1.0,0.3848602455763511,1.189146264947445,1.3638301050944435e-05
118,0.38327495632353825,1.0,1.0,0.3848602455763511,1.1852760145443821,7.322182384417175e-06
118,0.3841917371234869,0.9998916375076239,1.0,0.3848602455763511,1.1853703148967967,0.0029299800243307583
118,0.383352490209072,1.0,1.0,0.3848602455763511,1.1852760145443821,0.0002470453855141219
118,0.38427943994712827,1.0,1.0,0.3848602455763511,1.1852760145443821,0.003105544111970948
119,0.38327148760938273,1.0,1.0,0.3848602455763511,1.1852794193751293,3.4048307471223893e-06
119,0.38308261610269595,0.9993251134652286,1.0,0.3848602455763511,1.1858637985659037,1.4418631266721604e-07
119,0.3832749456486393,1.0,1.0,0.3848602455763511,1.1852760145443821,7.289170512292387e-06
119,0.3832557492890903,0.9999390376857564,1.0,0.3848602455763511,1.1853290632984472,9.706623842475892e-07
119,0.38283533041728807,0.9984465612025593,1.0,0.3848602455763511,1.1866298210245598,3.4791992398197635e-08
119,0.38202516688660343,0.9955718288606134,1.0,0.3848602455763511,1.1891462805843613,1.563691642836318e-08
119,0.38318366167710893,0.9996832878319185,1.0,0.3848602455763511,1.1855516845937344,5.984432414063434e-07
119,0.3830833578199714,0.9993269187769882,1.0,0.3848602455763511,1.1858620813927483,5.788693258068633e-07
119,0.3828896378010158,0.9986395095212922,1.0,0.3848602455763511,1.1864614798784296,4.047850254984553e-08
119,0.3832557492890903,0.9999390376857564,1.0,0.3848602455763511,1.1853290632984472,9.706623842475892e-07
119,0.38316260095109006,0.9996084654759829,1.0,0.3848602455763511,1.185616836374114,5.858091409738364e-07
119,0.3829403460169924,0.9988197987384431,1.0,0.3848602455763511,1.1863043709567969,2.0707800851837987e-07
119,0.3830292180707636,0.999134634305948,1.0,0.3848602455763511,1.1860296527852396,5.331685377640838e-07
119,0.38327495632353825,1.0,1.0,0.3848602455763511,1.1852760145443821,7.322182384417175e-06
119,0.3819677453931267,0.9953682460599498,1.0,0.3848602455763511,1.1893250458231497,2.0207177930942066e-08
119,0.38324254462969815,0.9998916375076239,1.0,0.3848602455763511,1.1853703148967967,1.3816653725573502e-06
119,0.383161616552451,0.9996041644135549,1.0,0.3848602455763511,1.185620581832969,1.28524519515949e-06
119,0.3828733982030087,0.9985821025074729,1.0,0.3848602455763511,1.18651180371269,2.733128812160146e-07
119,0.3832768911988355,1.0,1.0,0.3848602455763511,1.1852760145443821,1.3305708029154317e-05
119,0.38293934797394186,0.9988168666076565,1.0,0.3848602455763511,1.186307462785402,7.415128921994807e-07
119,0.3832029592850846,0.9997449831903211,1.0,0.3848602455763511,1.185497970519787,6.587196429208575e-06
119,0.38335583941067786,1.0,1.0,0.3848602455763511,1.1852760145443821,0.0002573984322349343
119,0.3832747039425073,1.0,1.0,0.3848602455763511,1.1852760145443821,6.541699533180179e-06
119,0.38291782007479835,0.9987402760729465,1.0,0.3848602455763511,1.1863741577941127,6.292190755097238e-07
119,0.38221973993043534,0.9984465612025593,1.0,0.3848602455763511,1.1885409329620447,0.0019111119374848329
119,0.38305570756843205,0.9955718288606134,1.0,0.3848602455763511,1.189146264947445,0.0031991629456642467
119,0.3833261821483219,0.9996832878319185,1.0,0.3848602455763511,1.1855516845937344,0.00044138570712592973
119,0.38315288806611936,0.999586656614141,1.0,0.3848602455763511,1.1856463058107765,1.0477472054848391e-05
119,0.38444797744675313,0.9986395095212922,1.0,0.3848602455763511,1.186461439399927,0.004809218682397809
119,0.38306874218176495,0.9992752524645508,1.0,0.3848602455763511,1.1859071010323836,3.5304586276652117e-07
119,0.382049900967504,0.9956532870112231,1.0,0.3848602455763511,1.1890747591784678,5.4644542131221385e-06
119,0.3840658998549507,1.0,1.0,0.3848602455763511,1.1852760145443821,0.002448259019324661
119,0.3842598004732505,1.0,1.0,0.3848602455763511,1.1852760145443821,0.003045123516363102
119,0.3829572317072089,0.9988796174962691,1.0,0.3848602455763511,1.1862520633715115,6.991635559394638e-08
119,0.38320275463176,0.9997515229776216,1.0,0.3848602455763511,1.18549227714751,2.607004356836029e-07
119,0.38308351434144144,0.9993277523829365,1.0,0.3848602455763511,1.1858613550651655,3.370647732037213e-07
119,0.38318437039297065,0.9996855413238394,1.0,0.3848602455763511,1.1855497225104892,8.290873680927291e-07
119,0.38313789195312475,0.9995062118266265,1.0,0.3848602455763511,1.1857058898058992,1.3177502054428913e-05
119,0.38281048082979074,0.9983596249670175,1.0,0.3848602455763511,1.1867068145849755,1.1050090766850929e-06
119,0.38217961049294874,0.9988168666076565,1.0,0.3848602455763511,1.188665731558399,0.0023590102858892514
120,0.38327148760938273,1.0,1.0,0.3848602455763511,1.1852794193751293,3.4048307471223893e-06
120,0.38308261610269595,0.9993251134652286,1.0,0.3848602455763511,1.1858637985659037,1.4418631266721604e-07
120,0.3832557492890903,0.9999390376857564,1.0,0.3848602455763511,1.1853290632984472,9.706623842475892e-07
120,0.38283533041728807,0.9984465612025593,1.0,0.3848602455763511,1.1866298210245598,3.4791992398197635e-08
120,0.38202516688660343,0.9955718288606134,1.0,0.3848602455763511,1.1891462805843613,1.563691642836318e-08
120,0.3828896378010158,0.9986395095212922,1.0,0.3848602455763511,1.1864614798784296,4.047850254984553e-08
120,0.3832557492890903,0.9999390376857564,1.0,0.3848602455763511,1.1853290632984472,9.706623842475892e-07
120,0.3832747039425073,1.0,1.0,0.3848602455763511,1.1852760145443821,6.541699533180179e-06
120,0.3829572317072089,0.9988796174962691,1.0,0.3848602455763511,1.1862520633715115,6.991635559394638e-08
120,0.38320275463176,0.9997515229776216,1.0,0.3848602455763511,1.18549227714751,2.607004356836029e-07
120,0.3819677453931267,0.9953682460599498,1.0,0.3848602455763511,1.1893250458231497,2.0207177930942066e-08
120,0.38324254462969815,0.9998916375076239,1.0,0.3848602455763511,1.1853703148967967,1.3816653725573502e-06
120,0.3832749456486393,1.0,1.0,0.3848602455763511,1.1852760145443821,7.289170512292387e-06
120,0.3829403460169924,0.9988197987384431,1.0,0.3848602455763511,1.1863043709567969,2.0707800851837987e-07
120,0.38318366167710893,0.9996832878319185,1.0,0.3848602455763511,1.1855516845937344,5.984432414063434e-07
120,0.38316260095109006,0.9996084654759829,1.0,0.3848602455763511,1.185616836374114,5.858091409738364e-07
120,0.38308351434144144,0.9993277523829365,1.0,0.3848602455763511,1.1858613550651655,3.370647732037213e-07
120,0.38318437039297065,0.9996855413238394,1.0,0.3848602455763511,1.1855497225104892,8.290873680927291e-07
120,0.38327495632353825,1.0,1.0,0.3848602455763511,1.1852760145443821,7.322182384417175e-06
120,0.3828733982030087,0.9985821025074729,1.0,0.3848602455763511,1.18651180371269,2.733128812160146e-07
120,0.3828368750068387,0.9984588464010815,1.0,0.3848602455763511,1.186624998668769,5.900598399888324e-06
120,0.382025804730879,0.9955738570033421,1.0,0.3848602455763511,1.1891444844567904,1.8931460732396488e-07
120,0.384038353833404,1.0,1.0,0.3848602455763511,1.1852760145443821,0.002363418017300445
120,0.3831212272942492,0.999468510169077,1.0,0.3848602455763511,1.1857442864874779,5.557441567383137e-06
120,0.3832221511646622,0.9998206108491395,1.0,0.3848602455763511,1.185432135555534,1.2199392007694598e-07
120,0.383173593714713,0.9996476189283846,1.0,0.3848602455763511,1.1855827421769911,5.0543596041841e-07
120,0.38273695481409914,0.9981033109520995,1.0,0.3848602455763511,1.186934787929449,5.259269256541188e-06
120,0.38371067097876715,1.0,1.0,0.3848602455763511,1.1852760145443821,0.0013532293394173944
120,0.38318547790816593,0.9996966568948024,1.0,0.3848602455763511,1.185545466849082,5.422378120290006e-06
120,0.38168787042216096,0.99437515112522,1.0,0.3848602455763511,1.1901980854096461,9.597076457978915e-07
120,0.3819677453931267,0.9991028115469877,1.0,0.3848602455763511,1.1893250458231497,0.003267654031494871
120,0.3843995144357486,1.0,1.0,0.3848602455763511,1.1852760145443821,0.0034748175085264066
120,0.3835125309193306,1.0,1.0,0.3848602455763511,1.1852760145443821,0.0007415608501117887
120,0.3831821074801492,0.9996710026333963,1.0,0.3848602455763511,1.1855623812962728,6.486518620674175e-06
120,0.3840789203577103,1.0,1.0,0.3848602455763511,1.1852760145443821,0.0024883575803194002
120,0.3821803792869233,0.9961164624052281,1.0,0.3848602455763511,1.1886683958613469,5.0554226893595455e-06
120,0.3829003023324794,0.9986701905226998,1.0,0.3848602455763511,1.186434670780938,6.236203523579675e-06
120,0.38318437039297065,1.0,1.0,0.3848602455763511,1.185548893423121,0.0002728788787389469
120,0.3832676334825432,0.9999816978460757,1.0,0.3848602455763511,1.1852919402036135,6.01697278002078e-07
120,0.38346189132606345,0.9985821025074729,1.0,0.3848602455763511,1.1865115303998088,0.0018206482725016127
121,0.38327148760938273,1.0,1.0,0.3848602455763511,1.1852794193751293,3.4048307471223893e-06
121,0.38283533041728807,0.9984465612025593,1.0,0.3848602455763511,1.1866298210245598,3.4791992398197635e-08
121,0.38202516688660343,0.9955718288606134,1.0,0.3848602455763511,1.1891462805843613,1.563691642836318e-08
121,0.3828896378010158,0.9986395095212922,1.0,0.3848602455763511,1.1864614798784296,4.047850254984553e-08
121,0.3832747039425073,1.0,1.0,0.3848602455763511,1.1852760145443821,6.541699533180179e-06
121,0.3829572317072089,0.9988796174962691,1.0,0.3848602455763511,1.1862520633715115,6.991635559394638e-08
121,0.3832221511646622,0.9998206108491395,1.0,0.3848602455763511,1.185432135555534,1.2199392007694598e-07
121,0.3832676334825432,0.9999816978460757,1.0,0.3848602455763511,1.1852919402036135,6.01697278002078e-07
121,0.3819677453931267,0.9953682460599498,1.0,0.3848602455763511,1.1893250458231497,2.0207177930942066e-08
121,0.3832749456486393,1.0,1.0,0.3848602455763511,1.1852760145443821,7.289170512292387e-06
121,0.38308261610269595,0.9993251134652286,1.0,0.3848602455763511,1.1858637985659037,1.4418631266721604e-07
121,0.38320275463176,0.9997515229776216,1.0,0.3848602455763511,1.18549227714751,2.607004356836029e-07
121,0.3832557492890903,0.9999390376857564,1.0,0.3848602455763511,1.1853290632984472,9.706623842475892e-07
121,0.3832557492890903,0.9999390376857564,1.0,0.3848602455763511,1.1853290632984472,9.706623842475892e-07
121,0.38327495632353825,1.0,1.0,0.3848602455763511,1.1852760145443821,7.322182384417175e-06
121,0.382025804730879,0.9955738570033421,1.0,0.3848602455763511,1.1891444844567904,1.8931460732396488e-07
121,0.38324254462969815,0.9998916375076239,1.0,0.3848602455763511,1.1853703148967967,1.3816653725573502e-06
121,0.3829403460169924,0.9988197987384431,1.0,0.3848602455763511,1.1863043709567969,2.0707800851837987e-07
121,0.38308351434144144,0.9993277523829365,1.0,0.3848602455763511,1.1858613550651655,3.370647732037213e-07
121,0.38318437039297065,0.9996855413238394,1.0,0.3848602455763511,1.1855497225104892,8.290873680927291e-07
121,0.38299048995633095,1.0,1.0,0.3848602455763511,1.1861490512404618,0.0008730366960796321
121,0.3835436114723325,1.0,1.0,0.3848602455763511,1.1852760145443821,0.0008375498971808781
121,0.3832019462168891,0.9997491479516845,1.0,0.3848602455763511,1.1854945173982894,1.7262229579095845e-07
121,0.38299270283004716,0.9990052853038491,1.0,0.3848602455763511,1.1861424136893874,2.1583812270797864e-07
121,0.3821106428498922,0.9958756616232349,1.0,0.3848602455763511,1.1888802753697456,6.619960906117939e-07
121,0.3831283603499517,0.9994925033877813,1.0,0.3848602455763511,1.185722210387409,4.38041929795574e-06
121,0.38309967529077127,0.9993799795480478,1.0,0.3848602455763511,1.1858158515312702,4.858735831669847e-06
121,0.3819369623783801,0.9952586180736922,1.0,0.3848602455763511,1.1894213173426593,4.1536015737975163e-07
121,0.3836023088164326,1.0,1.0,0.3848602455763511,1.1852760145443821,0.00101878809712308
121,0.38194516542556617,0.9952871917553432,1.0,0.3848602455763511,1.1893962176093935,8.608533814680186e-07
121,0.3835606560972037,1.0,1.0,0.3848602455763511,1.1852760145443821,0.0008901838390082961
121,0.3819819098813899,0.995423112142769,1.0,0.3848602455763511,1.1892809437854017,4.101822062452243e-06
121,0.3831310389844299,0.9994892026187109,1.0,0.3848602455763511,1.18572070501386,6.784522238456603e-06
121,0.38443069111574996,1.0,1.0,0.3848602455763511,1.1852760145443821,0.003570659590079295
121,0.38323943239436725,0.9998916375076239,1.0,0.3848602455763511,1.1853785594513604,8.244554563718864e-06
121,0.3817946391943686,0.9947608481786555,1.0,0.3848602455763511,1.189864287384177,5.486959706590966e-06
121,0.3820315303005711,0.9955883007991452,1.0,0.3848602455763511,1.1891318045711055,5.331330985347549e-06
121,0.3829403460169924,0.9968397657073126,1.0,0.3848602455763511,1.1880345666621646,0.0017301957053676986
121,0.38420745358357355,1.0,1.0,0.3848602455763511,1.1852760145443821,0.0028840487915313684
121,0.3819027638705263,0.9951446167398093,1.0,0.3848602455763511,1.189527411868786,5.938968209440176e-06
122,0.38327148760938273,1.0,1.0,0.3848602455763511,1.1852794193751293,3.4048307471223893e-06
122,0.38283533041728807,0.9984465612025593,1.0,0.3848602455763511,1.1866298210245598,3.4791992398197635e-08
122,0.38202516688660343,0.9955718288606134,1.0,0.3848602455763511,1.1891462805843613,1.563691642836318e-08
122,0.3828896378010158,0.9986395095212922,1.0,0.3848602455763511,1.1864614798784296,4.047850254984553e-08
122,0.3832747039425073,1.0,1.0,0.3848602455763511,1.1852760145443821,6.541699533180179e-06
122,0.3829572317072089,0.9988796174962691,1.0,0.3848602455763511,1.1862520633715115,6.991635559394638e-08
122,0.3832221511646622,0.9998206108491395,1.0,0.3848602455763511,1.185432135555534,1.2199392007694598e-07
122,0.3832676334825432,0.9999816978460757,1.0,0.3848602455763511,1.1852919402036135,6.01697278002078e-07
122,0.3819677453931267,0.9953682460599498,1.0,0.3848602455763511,1.1893250458231497,2.0207177930942066e-08
122,0.3832749456486393,1.0,1.0,0.3848602455763511,1.1852760145443821,7.289170512292387e-06
122,0.38308261610269595,0.9993251134652286,1.0,0.3848602455763511,1.1858637985659037,1.4418631266721604e-07
122,0.38320275463176,0.9997515229776216,1.0,0.3848602455763511,1.18549227714751,2.607004356836029e-07
122,0.3832019462168891,0.9997491479516845,1.0,0.3848602455763511,1.1854945173982894,1.7262229579095845e-07
122,0.3832557492890903,0.9999390376857564,1.0,0.3848602455763511,1.1853290632984472,9.706623842475892e-07
122,0.3832557492890903,0.9999390376857564,1.0,0.3848602455763511,1.1853290632984472,9.706623842475892e-07
122,0.38327495632353825,1.0,1.0,0.3848602455763511,1.1852760145443821,7.322182384417175e-06
122,0.382025804730879,0.9955738570033421,1.0,0.3848602455763511,1.1891444844567904,1.8931460732396488e-07
122,0.38324254462969815,0.9998916375076239,1.0,0.3848602455763511,1.1853703148967967,1.3816653725573502e-06
122,0.3829403460169924,0.9988197987384431,1.0,0.3848602455763511,1.1863043709567969,2.0707800851837987e-07
122,0.38318437039297065,0.9996855413238394,1.0,0.3848602455763511,1.1855497225104892,8.290873680927291e-07
122,0.3843665300304764,1.0,1.0,0.3848602455763511,1.1852760145443821,0.0033734012652084644
122,0.3818970628612619,0.9984465612025593,1.0,0.3848602455763511,1.1895451692894028,0.002915348264842965
122,0.3833016631687869,1.0,1.0,0.3848602455763511,1.1852760145443821,8.990671176190013e-05
122,0.38307469549551687,0.9992969086741227,1.0,0.3848602455763511,1.1858883179648676,8.77205057481234e-08
122,0.3832148152029973,0.9997940593885138,1.0,0.3848602455763511,1.1854552478491698,5.41313693647183e-07
122,0.3818761665318795,0.9950438609872001,1.0,0.3848602455763511,1.1896102614050834,2.5071083764593993e-07
122,0.3829768845885205,0.9989480393387885,1.0,0.3848602455763511,1.1861923275846098,1.1380461790722052e-06
122,0.38295763234799557,0.9988746648212623,1.0,0.3848602455763511,1.186256312651511,5.4903075141776725e-06
122,0.3834286283449205,1.0,1.0,0.3848602455763511,1.1852760145443821,0.00048235879127700443
122,0.3832714876093827,0.9999835280614682,1.0,0.3848602455763511,1.1852903476114574,1.0928236327867324e-05
122,0.38355880859352737,0.9993251134652286,1.0,0.3848602455763511,1.185863654379591,0.0014721187937094538
122,0.38320275463176,0.9997515229776216,1.0,0.3848602455763511,1.18549227714751,2.607004356836029e-07
122,0.38405272776547844,1.0,1.0,0.3848602455763511,1.1852760145443821,0.0024076908580823453
122,0.3835280352205009,1.0,1.0,0.3848602455763511,1.1852760145443821,0.0007894462122817192
122,0.3821007415114943,0.9958403978733549,1.0,0.3848602455763511,1.1889110827056426,5.292898961339887e-07
122,0.3832033924760355,0.9997535511203504,1.0,0.3848602455763511,1.1854905115132321,4.683245089509569e-07
122,0.38192334259287825,0.9952067958241754,1.0,0.3848602455763511,1.1894668427927089,3.5248180239033644e-06
122,0.3828171459642923,0.9983822445948497,1.0,0.3848602455763511,1.1866861531266375,1.899931769688834e-07
122,0.38316029148480174,0.999596981528999,1.0,0.3848602455763511,1.185626836917171,3.440150424749433e-06
122,0.38308563370151993,0.9993355817086496,1.0,0.3848602455763511,1.1858545333696937,7.59559497520712e-08
123,0.38327148760938273,1.0,1.0,0.3848602455763511,1.1852794193751293,3.4048307471223893e-06
123,0.38283533041728807,0.9984465612025593,1.0,0.3848602455763511,1.1866298210245598,3.4791992398197635e-08
123,0.38202516688660343,0.9955718288606134,1.0,0.3848602455763511,1.1891462805843613,1.563691642836318e-08
123,0.3828896378010158,0.9986395095212922,1.0,0.3848602455763511,1.1864614798784296,4.047850254984553e-08
123,0.3832747039425073,1.0,1.0,0.3848602455763511,1.1852760145443821,6.541699533180179e-06
123,0.3829572317072089,0.9988796174962691,1.0,0.3848602455763511,1.1862520633715115,6.991635559394638e-08
123,0.3832221511646622,0.9998206108491395,1.0,0.3848602455763511,1.185432135555534,1.2199392007694598e-07
123,0.3832676334825432,0.9999816978460757,1.0,0.3848602455763511,1.1852919402036135,6.01697278002078e-07
123,0.38308563370151993,0.9993355817086496,1.0,0.3848602455763511,1.1858545333696937,7.59559497520712e-08
123,0.3819677453931267,0.9953682460599498,1.0,0.3848602455763511,1.1893250458231497,2.0207177930942066e-08
123,0.3832749456486393,1.0,1.0,0.3848602455763511,1.1852760145443821,7.289170512292387e-06
123,0.38320275463176,0.9997515229776216,1.0,0.3848602455763511,1.18549227714751,2.607004356836029e-07
123,0.3832019462168891,0.9997491479516845,1.0,0.3848602455763511,1.1854945173982894,1.7262229579095845e-07
123,0.3832148152029973,0.9997940593885138,1.0,0.3848602455763511,1.1854552478491698,5.41313693647183e-07
123,0.38320275463176,0.9997515229776216,1.0,0.3848602455763511,1.18549227714751,2.607004356836029e-07
123,0.3832033924760355,0.9997535511203504,1.0,0.3848602455763511,1.1854905115132321,4.683245089509569e-07
123,0.3832557492890903,0.9999390376857564,1.0,0.3848602455763511,1.1853290632984472,9.706623842475892e-07
123,0.3832557492890903,0.9999390376857564,1.0,0.3848602455763511,1.1853290632984472,9.706623842475892e-07
123,0.38308261610269595,0.9993251134652286,1.0,0.3848602455763511,1.1858637985659037,1.4418631266721604e-07
123,0.38307469549551687,0.9992969086741227,1.0,0.3848602455763511,1.1858883179648676,8.77205057481234e-08
123,0.38304612634913415,0.9991966161532094,1.0,0.3848602455763511,1.1859767663645002,1.136344905061648e-06
123,0.38420745358357355,1.0,1.0,0.3848602455763511,1.1852760145443821,0.0028840487915313684
123,0.3828416938312557,0.9984630331410911,1.0,0.3848602455763511,1.1866154437964378,5.381164141837758e-06
123,0.38196796292864554,0.9953682460599498,1.0,0.3848602455763511,1.1893250256159718,6.571282673561996e-07
123,0.38419339684408205,1.0,1.0,0.3848602455763511,1.1852760145443821,0.002840787829909708
123,0.3829572317072089,0.9991920413197672,1.0,0.3848602455763511,1.1862520633715115,0.00027244620137967246
123,0.38336570304597606,1.0,1.0,0.3848602455763511,1.1852760145443821,0.0002878878352450265
123,0.3830944788046971,0.9993672178067105,1.0,0.3848602455763511,1.1858270777317546,1.078218394567898e-07
123,0.38308563370151993,0.9962046110539029,1.0,0.3848602455763511,1.1885911021323101,0.0027366447185661613
123,0.38286121832462167,0.9985387746102625,1.0,0.3848602455763511,1.1865495499474732,2.095920796918449e-07
123,0.38347515757558115,1.0,1.0,0.3848602455763511,1.1852760145443821,0.0006261165707863725
123,0.3827833540754142,0.998262122270166,1.0,0.3848602455763511,1.1867909130805068,7.55315425760017e-08
123,0.3832699137773535,0.9999939037685757,1.0,0.3848602455763511,1.185284286521341,2.967392612074349e-06
123,0.38298120993981605,0.9989649827159485,1.0,0.3848602455763511,1.186177792814383,2.3909324120552355e-07
123,0.3830939530110311,0.999364654296533,1.0,0.3848602455763511,1.185829203344455,4.980736596493784e-07
123,0.3831981778975759,0.999735481256371,1.0,0.3848602455763511,1.1855062427942358,6.740242874947455e-08
123,0.3832855584566209,1.0,1.0,0.3848602455763511,1.1852760145443821,4.010811993171437e-05
123,0.38349567457460326,1.0,1.0,0.3848602455763511,1.1852760145443821,0.0006894952797167342
123,0.38234612237774873,0.9967114748948273,1.0,0.3848602455763511,1.1881480671719775,1.1466467091381105e-06
123,0.384314028591507,1.0,1.0,0.3848602455763511,1.1852760145443821,0.0032119406284869534
124,0.38327148760938273,1.0,1.0,0.3848602455763511,1.1852794193751293,3.4048307471223893e-06
124,0.38283533041728807,0.9984465612025593,1.0,0.3848602455763511,1.1866298210245598,3.4791992398197635e-08
124,0.38202516688660343,0.9955718288606134,1.0,0.3848602455763511,1.1891462805843613,1.563691642836318e-08
124,0.3828896378010158,0.9986395095212922,1.0,0.3848602455763511,1.1864614798784296,4.047850254984553e-08
124,0.3832747039425073,1.0,1.0,0.3848602455763511,1.1852760145443821,6.541699533180179e-06
124,0.3832221511646622,0.9998206108491395,1.0,0.3848602455763511,1.185432135555534,1.2199392007694598e-07
124,0.3832676334825432,0.9999816978460757,1.0,0.3848602455763511,1.1852919402036135,6.01697278002078e-07
124,0.3832699137773535,0.9999939037685757,1.0,0.3848602455763511,1.185284286521341,2.967392612074349e-06
124,0.3831981778975759,0.999735481256371,1.0,0.3848602455763511,1.1855062427942358,6.740242874947455e-08
124,0.3819677453931267,0.9953682460599498,1.0,0.3848602455763511,1.1893250458231497,2.0207177930942066e-08
124,0.3832749456486393,1.0,1.0,0.3848602455763511,1.1852760145443821,7.289170512292387e-06
124,0.3832557492890903,0.9999390376857564,1.0,0.3848602455763511,1.1853290632984472,9.706623842475892e-07
124,0.3829572317072089,0.9988796174962691,1.0,0.3848602455763511,1.1862520633715115,6.991635559394638e-08
124,0.38308563370151993,0.9993355817086496,1.0,0.3848602455763511,1.1858545333696937,7.59559497520712e-08
124,0.3832148152029973,0.9997940593885138,1.0,0.3848602455763511,1.1854552478491698,5.41313693647183e-07
124,0.3832019462168891,0.9997491479516845,1.0,0.3848602455763511,1.1854945173982894,1.7262229579095845e-07
124,0.3830944788046971,0.9993672178067105,1.0,0.3848602455763511,1.1858270777317546,1.078218394567898e-07
124,0.3832557492890903,0.9999390376857564,1.0,0.3848602455763511,1.1853290632984472,9.706623842475892e-07
124,0.3832033924760355,0.9997535511203504,1.0,0.3848602455763511,1.1854905115132321,4.683245089509569e-07
124,0.38320275463176,0.9997515229776216,1.0,0.3848602455763511,1.18549227714751,2.607004356836029e-07
124,0.3829502355412566,0.9988546149407455,1.0,0.3848602455763511,1.1862737984623952,6.33029995089629e-08
124,0.3844463940073148,1.0,1.0,0.3848602455763511,1.1852760145443821,0.0036189268941595465
124,0.3831088323059333,0.9994178869179832,1.0,0.3848602455763511,1.1857828272665278,1.7756395553902848e-07
124,0.3831560949759749,0.999592100884576,1.0,0.3848602455763511,1.1856363822812717,5.295092496915288e-06
124,0.3821591330359674,0.9960510920660145,1.0,0.3848602455763511,1.1887294245313398,3.6994184899885596e-06
124,0.3821555511079253,0.9960349232917152,1.0,0.3848602455763511,1.1887405664426287,6.602864723870283e-07
124,0.38347260086042056,1.0,1.0,0.3848602455763511,1.1852760145443821,0.0006182181907210538
124,0.3808970619083722,0.9915682385848393,1.0,0.3848602455763511,1.1926751839144571,7.002087987650896e-06
124,0.38331722219946374,1.0,1.0,0.3848602455763511,1.1852760145443821,0.00013801398660762132
124,0.3834300536420912,1.0,1.0,0.3848602455763511,1.1852760145443821,0.0004867629401563711
124,0.38219509601884594,0.9961753474159621,1.0,0.3848602455763511,1.1886175699935,8.093623642402292e-07
124,0.3822604050549101,0.9964073409404492,1.0,0.3848602455763511,1.188414495161486,1.1061844640281038e-06
124,0.3833861771286831,1.0,1.0,0.3848602455763511,1.1852760145443821,0.0003511700981360111
124,0.384379655170478,1.0,1.0,0.3848602455763511,1.1852760145443821,0.003413758857028215
124,0.3831556496091151,0.9997940593885138,1.0,0.3848602455763511,1.1856377604239448,0.0001825125747749734
124,0.38231588406576344,0.9966048907418721,1.0,0.3848602455763511,1.1882420407507466,1.7545094082027646e-06
124,0.3830944788046971,1.0,1.0,0.3848602455763511,1.1858270777317546,0.0005510631873724137
124,0.38425858092806475,1.0,1.0,0.3848602455763511,1.1852760145443821,0.003041371397192849
124,0.3832137748442213,0.999779719764798,1.0,0.3848602455763511,1.1854677305955539,9.805756652214725e-06
124,0.3842664303505012,1.0,1.0,0.3848602455763511,1.1852760145443821,0.003065520941300637
125,0.38327148760938273,1.0,1.0,0.3848602455763511,1.1852794193751293,3.4048307471223893e-06
125,0.38283533041728807,0.9984465612025593,1.0,0.3848602455763511,1.1866298210245598,3.4791992398197635e-08
125,0.38202516688660343,0.9955718288606134,1.0,0.3848602455763511,1.1891462805843613,1.563691642836318e-08
125,0.3828896378010158,0.9986395095212922,1.0,0.3848602455763511,1.1864614798784296,4.047850254984553e-08
125,0.3832747039425073,1.0,1.0,0.3848602455763511,1.1852760145443821,6.541699533180179e-06
125,0.3832221511646622,0.9998206108491395,1.0,0.3848602455763511,1.185432135555534,1.2199392007694598e-07
125,0.3832676334825432,0.9999816978460757,1.0,0.3848602455763511,1.1852919402036135,6.01697278002078e-07
125,0.3832699137773535,0.9999939037685757,1.0,0.3848602455763511,1.185284286521341,2.967392612074349e-06
125,0.3831981778975759,0.999735481256371,1.0,0.3848602455763511,1.1855062427942358,6.740242874947455e-08
125,0.3829502355412566,0.9988546149407455,1.0,0.3848602455763511,1.1862737984623952,6.33029995089629e-08
125,0.3819677453931267,0.9953682460599498,1.0,0.3848602455763511,1.1893250458231497,2.0207177930942066e-08
125,0.3832749456486393,1.0,1.0,0.3848602455763511,1.1852760145443821,7.289170512292387e-06
125,0.3832557492890903,0.9999390376857564,1.0,0.3848602455763511,1.1853290632984472,9.706623842475892e-07
125,0.3829572317072089,0.9988796174962691,1.0,0.3848602455763511,1.1862520633715115,6.991635559394638e-08
125,0.38308563370151993,0.9993355817086496,1.0,0.3848602455763511,1.1858545333696937,7.59559497520712e-08
125,0.3832148152029973,0.9997940593885138,1.0,0.3848602455763511,1.1854552478491698,5.41313693647183e-07
125,0.3832019462168891,0.9997491479516845,1.0,0.3848602455763511,1.1854945173982894,1.7262229579095845e-07
125,0.3830944788046971,0.9993672178067105,1.0,0.3848602455763511,1.1858270777317546,1.078218394567898e-07
125,0.3832557492890903,0.9999390376857564,1.0,0.3848602455763511,1.1853290632984472,9.706623842475892e-07
125,0.3832033924760355,0.9997535511203504,1.0,0.3848602455763511,1.1854905115132321,4.683245089509569e-07
125,0.38327148760938273,0.999592100884576,1.0,0.3848602455763511,1.1856310871887747,0.0003516678136454843
125,0.38210729104075913,0.9958635714458851,1.0,0.3848602455763511,1.1888907041154098,4.83194547928889e-07
125,0.381982718968006,0.9954209663788783,1.0,0.3848602455763511,1.1892787262835014,3.015421403684826e-07
125,0.382829033867931,0.998424058902588,1.0,0.3848602455763511,1.186649462509271,1.5927998409104305e-07
125,0.3832780685588692,1.0,1.0,0.3848602455763511,1.1852760145443821,1.6946617994006985e-05
125,0.3831944636690778,0.9997172336940717,1.0,0.3848602455763511,1.1855221293531288,4.463083380423782e-06
125,0.383055489869266,0.9992319993752257,1.0,0.3848602455763511,1.1859477760025487,2.982644635274312e-06
125,0.38293607105299343,0.9987997488579262,1.0,0.3848602455763511,1.1863216516107675,4.037168052972717e-06
125,0.3831981778975759,0.9953133799771305,1.0,0.3848602455763511,1.189373214580797,0.003867039188989896
125,0.3829502355412566,0.9990410677320435,1.0,0.3848602455763511,1.1862737351593957,0.000162517975436538
125,0.3819677453931267,1.0,1.0,0.3848602455763511,1.1893250458231497,0.004049031278767545
125,0.38317430429895233,0.9996502607413812,1.0,0.3848602455763511,1.1855804418248712,4.037073917384504e-07
125,0.3824225659542903,0.9969830674920018,1.0,0.3848602455763511,1.1879105647451753,1.4639895422607907e-06
125,0.3843306555585145,1.0,1.0,0.3848602455763511,1.1852760145443821,0.0032630792509786843
125,0.38321922294048316,0.9998040140345037,1.0,0.3848602455763511,1.1854465824682456,5.510878047010337e-06
125,0.3829436897957666,0.998823709073988,1.0,0.3848602455763511,1.1863007533218275,6.740909826330466e-06
125,0.38327302601268437,0.9999939037685757,1.0,0.3848602455763511,1.185281319128729,6.657296248491207e-06
125,0.3840029776864074,1.0,1.0,0.3848602455763511,1.1852760145443821,0.002254442586844041
125,0.3832557492890903,0.9983047351553205,1.0,0.3848602455763511,1.1867536309063746,0.001425538270311666
125,0.3828050921053028,0.9983399770496041,1.0,0.3848602455763511,1.1867235197861,6.572800475002083e-07
126,0.38327148760938273,1.0,1.0,0.3848602455763511,1.1852794193751293,3.4048307471223893e-06
126,0.38283533041728807,0.9984465612025593,1.0,0.3848602455763511,1.1866298210245598,3.4791992398197635e-08
126,0.38202516688660343,0.9955718288606134,1.0,0.3848602455763511,1.1891462805843613,1.563691642836318e-08
126,0.3828896378010158,0.9986395095212922,1.0,0.3848602455763511,1.1864614798784296,4.047850254984553e-08
126,0.3832747039425073,1.0,1.0,0.3848602455763511,1.1852760145443821,6.541699533180179e-06
126,0.3832221511646622,0.9998206108491395,1.0,0.3848602455763511,1.185432135555534,1.2199392007694598e-07
126,0.3832676334825432,0.9999816978460757,1.0,0.3848602455763511,1.1852919402036135,6.01697278002078e-07
126,0.3832699137773535,0.9999939037685757,1.0,0.3848602455763511,1.185284286521341,2.967392612074349e-06
126,0.3831981778975759,0.999735481256371,1.0,0.3848602455763511,1.1855062427942358,6.740242874947455e-08
126,0.3829502355412566,0.9988546149407455,1.0,0.3848602455763511,1.1862737984623952,6.33029995089629e-08
126,0.3819677453931267,0.9953682460599498,1.0,0.3848602455763511,1.1893250458231497,2.0207177930942066e-08
126,0.3832749456486393,1.0,1.0,0.3848602455763511,1.1852760145443821,7.289170512292387e-06
126,0.38327302601268437,0.9999939037685757,1.0,0.3848602455763511,1.185281319128729,6.657296248491207e-06
126,0.3829572317072089,0.9988796174962691,1.0,0.3848602455763511,1.1862520633715115,6.991635559394638e-08
126,0.3832557492890903,0.9999390376857564,1.0,0.3848602455763511,1.1853290632984472,9.706623842475892e-07
126,0.3832019462168891,0.9997491479516845,1.0,0.3848602455763511,1.1854945173982894,1.7262229579095845e-07
126,0.38308563370151993,0.9993355817086496,1.0,0.3848602455763511,1.1858545333696937,7.59559497520712e-08
126,0.3832148152029973,0.9997940593885138,1.0,0.3848602455763511,1.1854552478491698,5.41313693647183e-07
126,0.3830944788046971,0.9993672178067105,1.0,0.3848602455763511,1.1858270777317546,1.078218394567898e-07
126,0.3832557492890903,0.9999390376857564,1.0,0.3848602455763511,1.1853290632984472,9.706623842475892e-07
126,0.38344239422337434,1.0,1.0,0.3848602455763511,1.1852760145443821,0.0005248937995629976
126,0.38301762759352365,0.9990935376827649,1.0,0.3848602455763511,1.1860654758914997,4.6590712110550214e-07
126,0.38286265365848754,0.9985442201036901,1.0,0.3848602455763511,1.1865451016296968,5.134475917767389e-07
126,0.3831809011739818,0.9996806151735518,1.0,0.3848602455763511,1.1855596270706228,5.615419935489641e-06
126,0.3841011907764829,1.0,1.0,0.3848602455763511,1.1852760145443821,0.002556936322077208
126,0.38305680278093523,0.9992345100605431,1.0,0.3848602455763511,1.1859437112146143,1.1058490110293917e-06
126,0.38410535288567127,1.0,1.0,0.3848602455763511,1.1852760145443821,0.0025697520922634
126,0.38214836003508607,0.9960085260089773,1.0,0.3848602455763511,1.1887630592412837,1.2368531621120837e-07
126,0.3831949147735165,0.9997229405082773,1.0,0.3848602455763511,1.1855171608660642,8.902105566033214e-07
126,0.3829502355412566,0.9995501347060335,1.0,0.3848602455763511,1.1862737351593957,0.0006061003344408622
126,0.38337599371895764,1.0,1.0,0.3848602455763511,1.1852760145443821,0.00031969557873190446
126,0.38404793760032463,1.0,1.0,0.3848602455763511,1.1852760145443821,0.0023929371410169598
126,0.3831877817286259,0.9996942818688652,1.0,0.3848602455763511,1.1855421123264058,3.7732721698269245e-06
126,0.3841221870870607,1.0,1.0,0.3848602455763511,1.1852760145443821,0.0026215843373775805
126,0.38317388111690437,0.9996490810912713,1.0,0.3848602455763511,1.1855814690007787,1.2151381456604327e-07
126,0.3830886691093712,0.9993389663116993,1.0,0.3848602455763511,1.1858515843964288,6.523115255063772e-06
126,0.3840924838995631,1.0,1.0,0.3848602455763511,1.1852760145443821,0.002530125619317758
126,0.38439456082285556,1.0,1.0,0.3848602455763511,1.1852760145443821,0.003459587881918358
126,0.38226328858217007,0.9964173288636049,1.0,0.3848602455763511,1.1884055305925976,8.951666206069575e-07
126,0.3836112239233918,1.0,1.0,0.3848602455763511,1.1852760145443821,0.0010463101797815177
127,0.38327148760938273,1.0,1.0,0.3848602455763511,1.1852794193751293,3.4048307471223893e-06
127,0.38283533041728807,0.9984465612025593,1.0,0.3848602455763511,1.1866298210245598,3.4791992398197635e-08
127,0.38202516688660343,0.9955718288606134,1.0,0.3848602455763511,1.1891462805843613,1.563691642836318e-08
127,0.3828896378010158,0.9986395095212922,1.0,0.3848602455763511,1.1864614798784296,4.047850254984553e-08
127,0.3832747039425073,1.0,1.0,0.3848602455763511,1.1852760145443821,6.541699533180179e-06
127,0.3832221511646622,0.9998206108491395,1.0,0.3848602455763511,1.185432135555534,1.2199392007694598e-07
127,0.3832676334825432,0.9999816978460757,1.0,0.3848602455763511,1.1852919402036135,6.01697278002078e-07
127,0.3832699137773535,0.9999939037685757,1.0,0.3848602455763511,1.185284286521341,2.967392612074349e-06
127,0.3831981778975759,0.999735481256371,1.0,0.3848602455763511,1.1855062427942358,6.740242874947455e-08
127,0.3829502355412566,0.9988546149407455,1.0,0.3848602455763511,1.1862737984623952,6.33029995089629e-08
127,0.3819677453931267,0.9953682460599498,1.0,0.3848602455763511,1.1893250458231497,2.0207177930942066e-08
127,0.3832749456486393,1.0,1.0,0.3848602455763511,1.1852760145443821,7.289170512292387e-06
127,0.38327302601268437,0.9999939037685757,1.0,0.3848602455763511,1.185281319128729,6.657296248491207e-06
127,0.3829572317072089,0.9988796174962691,1.0,0.3848602455763511,1.1862520633715115,6.991635559394638e-08
127,0.3832557492890903,0.9999390376857564,1.0,0.3848602455763511,1.1853290632984472,9.706623842475892e-07
127,0.3832148152029973,0.9997940593885138,1.0,0.3848602455763511,1.1854552478491698,5.41313693647183e-07
127,0.38308563370151993,0.9993355817086496,1.0,0.3848602455763511,1.1858545333696937,7.59559497520712e-08
127,0.38317388111690437,0.9996490810912713,1.0,0.3848602455763511,1.1855814690007787,1.2151381456604327e-07
127,0.3832019462168891,0.9997491479516845,1.0,0.3848602455763511,1.1854945173982894,1.7262229579095845e-07
127,0.3830944788046971,0.9993672178067105,1.0,0.3848602455763511,1.1858270777317546,1.078218394567898e-07
127,0.38166304976347204,0.994285978160109,1.0,0.3848602455763511,1.1902765653919478,2.03770783135937e-06
127,0.38220853208528616,0.9962221106641117,1.0,0.3848602455763511,1.1885757856185841,2.650862596098591e-08
127,0.3843746581275372,1.0,1.0,0.3848602455763511,1.1852760145443821,0.0033983941177002652
127,0.3819757059859862,0.9953967185482046,1.0,0.3848602455763511,1.1893002596069213,2.393274016743163e-07
127,0.3833867179013415,1.0,1.0,0.3848602455763511,1.1852760145443821,0.0003528414522193657
127,0.3831996880344165,0.9997409678646529,1.0,0.3848602455763511,1.1855015034763503,3.727938713282697e-08
127,0.3819948509809246,0.9954637674447817,1.0,0.3848602455763511,1.1892411417114228,4.880058177558766e-07
127,0.3832699137773535,1.0,1.0,0.3848602455763511,1.185284286521341,8.271976958962313e-06
127,0.38318919817745223,0.9996997684771471,1.0,0.3848602455763511,1.18553733533542,3.3785925657170424e-06
127,0.3832674159470244,0.9999816978460757,1.0,0.3848602455763511,1.1852920112558438,7.10522303215555e-08
127,0.3836104689112134,1.0,1.0,0.3848602455763511,1.1852760145443821,0.001043979409588891
127,0.3818428462872524,0.9949241032639663,1.0,0.3848602455763511,1.1897152695441577,1.2007607181896418e-06
127,0.3827698484642317,0.9982207943590753,1.0,0.3848602455763511,1.186832787686486,5.862411593726691e-06
127,0.3831199812513454,0.9994637345409337,1.0,0.3848602455763511,1.1857481429510464,5.254017369615838e-06
127,0.3819613819791591,0.995351774121418,1.0,0.3848602455763511,1.1893448597832668,5.3673964333089685e-06
127,0.382486806960798,0.9972112142177272,1.0,0.3848602455763511,1.1877110478762742,1.6234436832629484e-06
127,0.38323617808854393,0.9998629591941033,1.0,0.3848602455763511,1.1853952750621903,6.649796172153444e-06
127,0.3831995943464022,0.9997409678646529,1.0,0.3848602455763511,1.185501793318206,3.271212427602421e-07
127,0.38321545263861634,0.999796924288018,1.0,0.3848602455763511,1.1854527539763007,1.9310819610041108e-08
127,0.38308568286555944,0.9993365180398066,1.0,0.3848602455763511,1.1858543052248267,5.876737896315376e-07
128,0.38327148760938273,1.0,1.0,0.3848602455763511,1.1852794193751293,3.4048307471223893e-06
128,0.38202516688660343,0.9955718288606134,1.0,0.3848602455763511,1.1891462805843613,1.563691642836318e-08
128,0.3832747039425073,1.0,1.0,0.3848602455763511,1.1852760145443821,6.541699533180179e-06
128,0.3832676334825432,0.9999816978460757,1.0,0.3848602455763511,1.1852919402036135,6.01697278002078e-07
128,0.3832699137773535,0.9999939037685757,1.0,0.3848602455763511,1.185284286521341,2.967392612074349e-06
128,0.3832674159470244,0.9999816978460757,1.0,0.3848602455763511,1.1852920112558438,7.10522303215555e-08
128,0.38321545263861634,0.999796924288018,1.0,0.3848602455763511,1.1854527539763007,1.9310819610041108e-08
128,0.3832749456486393,1.0,1.0,0.3848602455763511,1.1852760145443821,7.289170512292387e-06
128,0.38327302601268437,0.9999939037685757,1.0,0.3848602455763511,1.185281319128729,6.657296248491207e-06
128,0.3832221511646622,0.9998206108491395,1.0,0.3848602455763511,1.185432135555534,1.2199392007694598e-07
128,0.3832557492890903,0.9999390376857564,1.0,0.3848602455763511,1.1853290632984472,9.706623842475892e-07
128,0.38283533041728807,0.9984465612025593,1.0,0.3848602455763511,1.1866298210245598,3.4791992398197635e-08
128,0.3819677453931267,0.9953682460599498,1.0,0.3848602455763511,1.1893250458231497,2.0207177930942066e-08
128,0.38220853208528616,0.9962221106641117,1.0,0.3848602455763511,1.1885757856185841,2.650862596098591e-08
128,0.3831996880344165,0.9997409678646529,1.0,0.3848602455763511,1.1855015034763503,3.727938713282697e-08
128,0.3833867179013415,1.0,1.0,0.3848602455763511,1.1852760145443821,0.0003528414522193657
128,0.3828896378010158,0.9986395095212922,1.0,0.3848602455763511,1.1864614798784296,4.047850254984553e-08
128,0.3832699137773535,1.0,1.0,0.3848602455763511,1.185284286521341,8.271976958962313e-06
128,0.3829502355412566,0.9988546149407455,1.0,0.3848602455763511,1.1862737984623952,6.33029995089629e-08
128,0.3831981778975759,0.999735481256371,1.0,0.3848602455763511,1.1855062427942358,6.740242874947455e-08
128,0.38320121132287355,0.9997454428082485,1.0,0.3848602455763511,1.185497570385691,7.79474692791382e-07
128,0.383263104798386,0.9999816978460757,1.0,0.3848602455763511,1.18530534405507,1.3403851456539329e-05
128,0.3821485510884421,0.9960141895947385,1.0,0.3848602455763511,1.1887623412395765,4.249638872799721e-06
128,0.3832676334825432,0.9969649976280225,1.0,0.3848602455763511,1.1879249195891939,0.0026335810828583828
128,0.38326605682386783,0.999976759898622,1.0,0.3848602455763511,1.1852962370692406,2.257706288588679e-08
128,0.38201676041799015,0.9999816978460757,1.0,0.3848602455763511,1.1891724483390096,0.003880508135396088
128,0.38132429095196924,0.9930843786713957,1.0,0.3848602455763511,1.1913354521960482,3.514866466103328e-06
128,0.38326098761724203,0.9999616058557126,1.0,0.3848602455763511,1.1853118918285164,2.467864308686174e-06
128,0.38327302601268437,0.9998550217027574,1.0,0.3848602455763511,1.1854021837094537,0.00012752187697318007
128,0.3843179079707623,0.9998206108491395,1.0,0.3848602455763511,1.185432135555534,0.003379993622874
128,0.38316793760303697,0.9996354740522436,1.0,0.3848602455763511,1.1855997376456122,6.420191390965613e-06
128,0.3844579750781531,1.0,1.0,0.3848602455763511,1.1852760145443821,0.0036545220834656167
128,0.38361441054540435,1.0,1.0,0.3848602455763511,1.1852760145443821,0.001056147381748529
128,0.38306801242820954,0.9996378427083558,1.0,0.3848602455763511,1.1859090071667067,0.0003177522646047315
128,0.3820107317445489,0.9955242096874423,1.0,0.3848602455763511,1.1891912151739223,3.1436416194630112e-06
128,0.3828221234837341,0.9984063805994798,1.0,0.3848602455763511,1.1866707236281295,5.829714301519573e-06
128,0.38439764046344793,0.9986395095212922,1.0,0.3848602455763511,1.186461439399927,0.004654480979324749
128,0.3832699137773535,0.9997409678646529,1.0,0.3848602455763511,1.1855014661969632,0.00021717967562207008
128,0.3832075995328498,0.9988546149407455,1.0,0.3848602455763511,1.1862737984623952,0.0007967702137658961
128,0.3822416434997581,0.9963463540706354,1.0,0.3848602455763511,1.1884728260744446,5.9835717380885e-06
129,0.38327148760938273,1.0,1.0,0.3848602455763511,1.1852794193751293,3.4048307471223893e-06
129,0.38202516688660343,0.9955718288606134,1.0,0.3848602455763511,1.1891462805843613,1.563691642836318e-08
129,0.3832747039425073,1.0,1.0,0.3848602455763511,1.1852760145443821,6.541699533180179e-06
129,0.3832676334825432,0.9999816978460757,1.0,0.3848602455763511,1.1852919402036135,6.01697278002078e-07
129,0.3832699137773535,0.9999939037685757,1.0,0.3848602455763511,1.185284286521341,2.967392612074349e-06
129,0.3832674159470244,0.9999816978460757,1.0,0.3848602455763511,1.1852920112558438,7.10522303215555e-08
129,0.38321545263861634,0.999796924288018,1.0,0.3848602455763511,1.1854527539763007,1.9310819610041108e-08
129,0.38326605682386783,0.999976759898622,1.0,0.3848602455763511,1.1852962370692406,2.257706288588679e-08
129,0.3832749456486393,1.0,1.0,0.3848602455763511,1.1852760145443821,7.289170512292387e-06
129,0.38327302601268437,0.9999939037685757,1.0,0.3848602455763511,1.185281319128729,6.657296248491207e-06
129,0.3819677453931267,0.9953682460599498,1.0,0.3848602455763511,1.1893250458231497,2.0207177930942066e-08
129,0.3832221511646622,0.9998206108491395,1.0,0.3848602455763511,1.185432135555534,1.2199392007694598e-07
129,0.3832557492890903,0.9999390376857564,1.0,0.3848602455763511,1.1853290632984472,9.706623842475892e-07
129,0.38283533041728807,0.9984465612025593,1.0,0.3848602455763511,1.1866298210245598,3.4791992398197635e-08
129,0.38220853208528616,0.9962221106641117,1.0,0.3848602455763511,1.1885757856185841,2.650862596098591e-08
129,0.3831996880344165,0.9997409678646529,1.0,0.3848602455763511,1.1855015034763503,3.727938713282697e-08
129,0.38326098761724203,0.9999616058557126,1.0,0.3848602455763511,1.1853118918285164,2.467864308686174e-06
129,0.3833867179013415,1.0,1.0,0.3848602455763511,1.1852760145443821,0.0003528414522193657
129,0.3828896378010158,0.9986395095212922,1.0,0.3848602455763511,1.1864614798784296,4.047850254984553e-08
129,0.3832699137773535,1.0,1.0,0.3848602455763511,1.185284286521341,8.271976958962313e-06
129,0.3832781334746839,1.0,1.0,0.3848602455763511,1.1852760145443821,1.71473653134413e-05
129,0.3830083409167195,0.9986567711651225,1.0,0.3848602455763511,1.186446378725417,0.0003526106143580954
129,0.3819712166512638,1.0,1.0,0.3848602455763511,1.1893142375369432,0.004038222992561069
129,0.382382905294422,0.9968330285195128,1.0,0.3848602455763511,1.1880404662021151,6.691668827274455e-06
129,0.38292538510383933,0.9999939037685757,1.0,0.3848602455763511,1.1863507199253192,0.0010694007965901253
129,0.38192948687522554,0.9952307981550871,1.0,0.3848602455763511,1.1894457563390688,1.5738296970102539e-06
129,0.383207986676399,0.9997657447663203,1.0,0.3848602455763511,1.1854798962775628,4.065680858644782e-06
129,0.38320119817125714,0.9997464544729349,1.0,0.3848602455763511,1.185496831597716,1.4194559727620515e-07
129,0.3832749456486393,0.9958679853828497,1.0,0.3848602455763511,1.1888863482394059,0.0036176228655360188
129,0.38331690019240433,1.0,1.0,0.3848602455763511,1.1852760145443821,0.00013701840618485228
129,0.38422515730021406,1.0,1.0,0.3848602455763511,1.1852760145443821,0.0029385291707244576
129,0.3832277973313551,0.9998314790178767,1.0,0.3848602455763511,1.1854226754768695,8.127106405408924e-06
129,0.3820357700327127,0.9956069440484664,1.0,0.3848602455763511,1.1891154386228941,2.1619944825523874e-06
129,0.3821569214942604,0.9960311179130839,1.0,0.3848602455763511,1.188743243782148,6.940074883443614e-06
129,0.38323174780021124,0.9998548362982052,1.0,0.3848602455763511,1.1854023450834954,1.6324975149473175e-08
129,0.3830582376256958,0.9992315218562543,1.0,0.3848602455763511,1.1859452095036387,5.94055118918746e-06
129,0.383552071222745,1.0,1.0,0.3848602455763511,1.1852760145443821,0.000863674260769498
129,0.3832186799065251,1.0,1.0,0.3848602455763511,1.185442751400681,0.0001667368562987548
129,0.3836533226332613,0.9986395095212922,1.0,0.3848602455763511,1.186461439399927,0.002361681890134637
129,0.3843072121966547,1.0,1.0,0.3848602455763511,1.1852760145443821,0.0031909745492881836
130,0.38327148760938273,1.0,1.0,0.3848602455763511,1.1852794193751293,3.4048307471223893e-06
130,0.38202516688660343,0.9955718288606134,1.0,0.3848602455763511,1.1891462805843613,1.563691642836318e-08
130,0.3832747039425073,1.0,1.0,0.3848602455763511,1.1852760145443821,6.541699533180179e-06
130,0.3832676334825432,0.9999816978460757,1.0,0.3848602455763511,1.1852919402036135,6.01697278002078e-07
130,0.3832699137773535,0.9999939037685757,1.0,0.3848602455763511,1.185284286521341,2.967392612074349e-06
130,0.3832674159470244,0.9999816978460757,1.0,0.3848602455763511,1.1852920112558438,7.10522303215555e-08
130,0.38326605682386783,0.999976759898622,1.0,0.3848602455763511,1.1852962370692406,2.257706288588679e-08
130,0.38323174780021124,0.9998548362982052,1.0,0.3848602455763511,1.1854023450834954,1.6324975149473175e-08
130,0.3832749456486393,1.0,1.0,0.3848602455763511,1.1852760145443821,7.289170512292387e-06
130,0.38327302601268437,0.9999939037685757,1.0,0.3848602455763511,1.185281319128729,6.657296248491207e-06
130,0.3832557492890903,0.9999390376857564,1.0,0.3848602455763511,1.1853290632984472,9.706623842475892e-07
130,0.38326098761724203,0.9999616058557126,1.0,0.3848602455763511,1.1853118918285164,2.467864308686174e-06
130,0.38321545263861634,0.999796924288018,1.0,0.3848602455763511,1.1854527539763007,1.9310819610041108e-08
130,0.3832221511646622,0.9998206108491395,1.0,0.3848602455763511,1.185432135555534,1.2199392007694598e-07
130,0.3832781334746839,1.0,1.0,0.3848602455763511,1.1852760145443821,1.71473653134413e-05
130,0.3819677453931267,0.9953682460599498,1.0,0.3848602455763511,1.1893250458231497,2.0207177930942066e-08
130,0.38283533041728807,0.9984465612025593,1.0,0.3848602455763511,1.1866298210245598,3.4791992398197635e-08
130,0.38220853208528616,0.9962221106641117,1.0,0.3848602455763511,1.1885757856185841,2.650862596098591e-08
130,0.3832699137773535,1.0,1.0,0.3848602455763511,1.185284286521341,8.271976958962313e-06
130,0.383207986676399,0.9997657447663203,1.0,0.3848602455763511,1.1854798962775628,4.065680858644782e-06
130,0.3832691436193838,0.9999871844543576,1.0,0.3848602455763511,1.1852871659582431,4.976742362661213e-07
130,0.382149168280302,0.9959928716897293,1.0,0.3848602455763511,1.18877679024127,1.636891804923657e-05
130,0.38343216066155983,1.0,1.0,0.3848602455763511,1.1852760145443821,0.0004932735416889322
130,0.3831936471742704,0.9997194913154184,1.0,0.3848602455763511,1.1855201923268037,2.8518855277326338e-08
130,0.3832636415074186,0.9999845705170417,1.0,0.3848602455763511,1.1853036841948226,1.4243690696469358e-05
130,0.38283382028044743,0.9984410745942773,1.0,0.3848602455763511,1.1866346100148526,1.4296973205318864e-07
130,0.38084316204281327,0.9913828920345018,1.0,0.3848602455763511,1.1928392458181438,2.2683800025014023e-06
130,0.3832490299230947,0.9999109761162285,1.0,0.3848602455763511,1.1853534843502822,4.6097874910611125e-06
130,0.3841646466480859,1.0,1.0,0.3848602455763511,1.1852760145443821,0.00275229648972819
130,0.38322261627729287,0.9998385497642256,1.0,0.3848602455763511,1.1854305748171936,1.405388375919081e-05
130,0.38230125702122963,0.9965511577784554,1.0,0.3848602455763511,1.1882875035078846,1.4062774145173762e-07
130,0.38326098761724203,0.9958280422011019,1.0,0.3848602455763511,1.1889213946706136,0.0036095028420972675
130,0.3843479649551563,1.0,1.0,0.3848602455763511,1.1852760145443821,0.003316312083060602
130,0.38205951626603146,0.9956969895839468,1.0,0.3848602455763511,1.189039369396598,2.96848221648105e-06
130,0.38304503124337963,0.9991921498496233,1.0,0.3848602455763511,1.1859801570101742,6.344285805592875e-07
130,0.3832846926706185,1.0,1.0,0.3848602455763511,1.1852760145443821,3.743083937690628e-05
130,0.38326046378442685,0.9999774318300438,1.0,0.3848602455763511,1.1853135118893423,1.785951877941727e-05
130,0.38326102922824745,0.9999512581807549,1.0,0.3848602455763511,1.1853184286360046,6.665497899405182e-06
130,0.3832862025909021,1.0,1.0,0.3848602455763511,1.1852760145443821,4.2099976334419864e-05
130,0.3832726818863042,0.9999998145954477,1.0,0.3848602455763511,1.1852761758716355,4.498248316053832e-07
131,0.38202516688660343,0.9955718288606134,1.0,0.3848602455763511,1.1891462805843613,1.563691642836318e-08
131,0.3832747039425073,1.0,1.0,0.3848602455763511,1.1852760145443821,6.541699533180179e-06
131,0.3832674159470244,0.9999816978460757,1.0,0.3848602455763511,1.1852920112558438,7.10522303215555e-08
131,0.38326605682386783,0.999976759898622,1.0,0.3848602455763511,1.1852962370692406,2.257706288588679e-08
131,0.38323174780021124,0.9998548362982052,1.0,0.3848602455763511,1.1854023450834954,1.6324975149473175e-08
131,0.3832726818863042,0.9999998145954477,1.0,0.3848602455763511,1.1852761758716355,4.498248316053832e-07
131,0.3832749456486393,1.0,1.0,0.3848602455763511,1.1852760145443821,7.289170512292387e-06
131,0.38321545263861634,0.999796924288018,1.0,0.3848602455763511,1.1854527539763007,1.9310819610041108e-08
131,0.3832221511646622,0.9998206108491395,1.0,0.3848602455763511,1.185432135555534,1.2199392007694598e-07
131,0.38327148760938273,1.0,1.0,0.3848602455763511,1.1852794193751293,3.4048307471223893e-06
131,0.3832699137773535,0.9999939037685757,1.0,0.3848602455763511,1.185284286521341,2.967392612074349e-06
131,0.3832691436193838,0.9999871844543576,1.0,0.3848602455763511,1.1852871659582431,4.976742362661213e-07
131,0.3832781334746839,1.0,1.0,0.3848602455763511,1.1852760145443821,1.71473653134413e-05
131,0.3819677453931267,0.9953682460599498,1.0,0.3848602455763511,1.1893250458231497,2.0207177930942066e-08
131,0.38220853208528616,0.9962221106641117,1.0,0.3848602455763511,1.1885757856185841,2.650862596098591e-08
131,0.3831936471742704,0.9997194913154184,1.0,0.3848602455763511,1.1855201923268037,2.8518855277326338e-08
131,0.38327302601268437,0.9999939037685757,1.0,0.3848602455763511,1.185281319128729,6.657296248491207e-06
131,0.3832676334825432,0.9999816978460757,1.0,0.3848602455763511,1.1852919402036135,6.01697278002078e-07
131,0.3832846926706185,1.0,1.0,0.3848602455763511,1.1852760145443821,3.743083937690628e-05
131,0.38283533041728807,0.9984465612025593,1.0,0.3848602455763511,1.1866298210245598,3.4791992398197635e-08
131,0.3841277098100548,0.9955718288606134,1.0,0.3848602455763511,1.189146264947445,0.006508838129240191
131,0.38332095965604507,1.0,1.0,0.3848602455763511,1.1852760145443821,0.00014956932084331243
131,0.38328006968290196,1.0,1.0,0.3848602455763511,1.1852760145443821,2.313491367478271e-05
131,0.38226410663000376,0.9964259970551219,1.0,0.3848602455763511,1.1884029873965443,5.948748703410445e-06
131,0.38323174780021124,0.9998257342185832,1.0,0.3848602455763511,1.1854276759489877,2.5347190467428504e-05
131,0.3819908175071754,0.9954466681372799,1.0,0.3848602455763511,1.1892561566076276,2.9456081667156297e-06
131,0.3832749456486393,1.0,1.0,0.3848602455763511,1.1852760145443821,7.289170512292387e-06
131,0.38327081792277157,0.999796924288018,1.0,0.3848602455763511,1.1854527539763007,0.0001712635701447418
131,0.3832665586333139,0.9999818647101728,1.0,0.3848602455763511,1.1852946625883607,2.8675845389347643e-06
131,0.3819740176630616,0.9953836755429081,1.0,0.3848602455763511,1.1893114748344318,5.958527330873764e-06
131,0.38208979434598234,0.9999939037685757,1.0,0.3848602455763511,1.1889451459194733,0.0036638267907442845
131,0.3832712700738639,1.0,1.0,0.3848602455763511,1.1852800921111075,4.077566725380066e-06
131,0.38321387223800374,0.9997989297052919,1.0,0.3848602455763511,1.1854576235548426,6.615270270460272e-06
131,0.3832764557854799,1.0,1.0,0.3848602455763511,1.1852760145443821,1.1959214645029803e-05
131,0.38327218075155545,0.9962221106641117,1.0,0.3848602455763511,1.1885757591099582,0.0032984832954396914
131,0.38198423280051047,0.9954268505633708,1.0,0.3848602455763511,1.1892737115407184,1.5248269047418717e-07
131,0.38310260480372876,0.9993964442229272,1.0,0.3848602455763511,1.1858019251237082,4.1764873093264043e-07
131,0.3844077658840913,0.9999816978460757,1.0,0.3848602455763511,1.1852919402036135,0.0035161109474144414
131,0.3843906401741813,1.0,1.0,0.3848602455763511,1.1852760145443821,0.003447533772088285
131,0.38308801759480177,0.9993481134771158,1.0,0.3848602455763511,1.1858470780378902,3.4633819616658457e-06
132,0.38202516688660343,0.9955718288606134,1.0,0.3848602455763511,1.1891462805843613,1.563691642836318e-08
132,0.3832747039425073,1.0,1.0,0.3848602455763511,1.1852760145443821,6.541699533180179e-06
132,0.3832674159470244,0.9999816978460757,1.0,0.3848602455763511,1.1852920112558438,7.10522303215555e-08
132,0.38326605682386783,0.999976759898622,1.0,0.3848602455763511,1.1852962370692406,2.257706288588679e-08
132,0.38323174780021124,0.9998548362982052,1.0,0.3848602455763511,1.1854023450834954,1.6324975149473175e-08
132,0.3832726818863042,0.9999998145954477,1.0,0.3848602455763511,1.1852761758716355,4.498248316053832e-07
132,0.3832749456486393,1.0,1.0,0.3848602455763511,1.1852760145443821,7.289170512292387e-06
132,0.3832749456486393,1.0,1.0,0.3848602455763511,1.1852760145443821,7.289170512292387e-06
132,0.38321545263861634,0.999796924288018,1.0,0.3848602455763511,1.1854527539763007,1.9310819610041108e-08
132,0.3832221511646622,0.9998206108491395,1.0,0.3848602455763511,1.185432135555534,1.2199392007694598e-07
132,0.38327148760938273,1.0,1.0,0.3848602455763511,1.1852794193751293,3.4048307471223893e-06
132,0.3832699137773535,0.9999939037685757,1.0,0.3848602455763511,1.185284286521341,2.967392612074349e-06
132,0.3832691436193838,0.9999871844543576,1.0,0.3848602455763511,1.1852871659582431,4.976742362661213e-07
132,0.3832764557854799,1.0,1.0,0.3848602455763511,1.1852760145443821,1.1959214645029803e-05
132,0.3819677453931267,0.9953682460599498,1.0,0.3848602455763511,1.1893250458231497,2.0207177930942066e-08
132,0.38220853208528616,0.9962221106641117,1.0,0.3848602455763511,1.1885757856185841,2.650862596098591e-08
132,0.3831936471742704,0.9997194913154184,1.0,0.3848602455763511,1.1855201923268037,2.8518855277326338e-08
132,0.3832712700738639,1.0,1.0,0.3848602455763511,1.1852800921111075,4.077566725380066e-06
132,0.3832676334825432,0.9999816978460757,1.0,0.3848602455763511,1.1852919402036135,6.01697278002078e-07
132,0.3832781334746839,1.0,1.0,0.3848602455763511,1.1852760145443821,1.71473653134413e-05
132,0.3832315520182443,0.9998548362982052,1.0,0.3848602455763511,1.1854029343464414,5.892629459935961e-07
132,0.38444689719444336,1.0,1.0,0.3848602455763511,1.1852760145443821,0.0036204735177367553
132,0.38201328915985305,0.9955300981094933,1.0,0.3848602455763511,1.1891832540482454,3.523901539459473e-07
132,0.38201858593711696,0.9955553569220815,1.0,0.3848602455763511,1.1891667657436498,6.0399413579492744e-06
132,0.38444982378011033,1.0,1.0,0.3848602455763511,1.1852760145443821,0.00362946875182657
132,0.3831938429562373,0.9997194913154184,1.0,0.3848602455763511,1.1855201638079484,5.77188879136159e-07
132,0.3832699037703398,0.9999904324952856,1.0,0.3848602455763511,1.185284339656798,2.2188189952032644e-08
132,0.38422448308494717,1.0,1.0,0.3848602455763511,1.1852760145443821,0.0029364544721659502
132,0.3821741827058581,0.9960969499407782,1.0,0.3848602455763511,1.1886855073448745,2.893891287714112e-06
132,0.38328128489199376,1.0,1.0,0.3848602455763511,1.1852760145443821,2.6892806711531492e-05
132,0.38321409351545976,0.999796924288018,1.0,0.3848602455763511,1.1854569390417966,4.1850654959318945e-06
132,0.3832691436193838,0.9999871844543576,1.0,0.3848602455763511,1.1852871659582431,4.976742362661213e-07
132,0.3841615492287251,1.0,1.0,0.3848602455763511,1.1852760145443821,0.002742762032527102
132,0.3832764557854799,0.9999937369044787,1.0,0.3848602455763511,1.185281464325025,1.740899528779316e-05
132,0.38321658760385163,0.9998111356277919,1.0,0.3848602455763511,1.1854492237328076,8.840406620302943e-06
132,0.38317657457503107,0.9996662769564026,1.0,0.3848602455763511,1.1855730136953944,6.51768976833722e-06
132,0.3821546577319253,0.9960309325085316,1.0,0.3848602455763511,1.1887434063976436,6.099558569339081e-08
132,0.38419130247171024,1.0,1.0,0.3848602455763511,1.1852760145443821,0.0028343419274441395
132,0.38108684343478477,0.9922367566386637,1.0,0.3848602455763511,1.192083945711297,9.713509056874514e-06
132,0.3819675278576079,0.9953682460599498,1.0,0.3848602455763511,1.1893257231593664,6.975433946010412e-07
133,0.38202516688660343,0.9955718288606134,1.0,0.3848602455763511,1.1891462805843613,1.563691642836318e-08
133,0.3832747039425073,1.0,1.0,0.3848602455763511,1.1852760145443821,6.541699533180179e-06
133,0.38323174780021124,0.9998548362982052,1.0,0.3848602455763511,1.1854023450834954,1.6324975149473175e-08
133,0.3832726818863042,0.9999998145954477,1.0,0.3848602455763511,1.1852761758716355,4.498248316053832e-07
133,0.3832699037703398,0.9999904324952856,1.0,0.3848602455763511,1.185284339656798,2.2188189952032644e-08
133,0.3832749456486393,1.0,1.0,0.3848602455763511,1.1852760145443821,7.289170512292387e-06
133,0.3832749456486393,1.0,1.0,0.3848602455763511,1.1852760145443821,7.289170512292387e-06
133,0.38321545263861634,0.999796924288018,1.0,0.3848602455763511,1.1854527539763007,1.9310819610041108e-08
133,0.38327148760938273,1.0,1.0,0.3848602455763511,1.1852794193751293,3.4048307471223893e-06
133,0.3832699137773535,0.9999939037685757,1.0,0.3848602455763511,1.185284286521341,2.967392612074349e-06
133,0.3832674159470244,0.9999816978460757,1.0,0.3848602455763511,1.1852920112558438,7.10522303215555e-08
133,0.38326605682386783,0.999976759898622,1.0,0.3848602455763511,1.1852962370692406,2.257706288588679e-08
133,0.3832691436193838,0.9999871844543576,1.0,0.3848602455763511,1.1852871659582431,4.976742362661213e-07
133,0.3832691436193838,0.9999871844543576,1.0,0.3848602455763511,1.1852871659582431,4.976742362661213e-07
133,0.3832764557854799,1.0,1.0,0.3848602455763511,1.1852760145443821,1.1959214645029803e-05
133,0.3819677453931267,0.9953682460599498,1.0,0.3848602455763511,1.1893250458231497,2.0207177930942066e-08
133,0.3832712700738639,1.0,1.0,0.3848602455763511,1.1852800921111075,4.077566725380066e-06
133,0.38220853208528616,0.9962221106641117,1.0,0.3848602455763511,1.1885757856185841,2.650862596098591e-08
133,0.3831936471742704,0.9997194913154184,1.0,0.3848602455763511,1.1855201923268037,2.8518855277326338e-08
133,0.3832676334825432,0.9999816978460757,1.0,0.3848602455763511,1.1852919402036135,6.01697278002078e-07
133,0.38319886900060035,0.9997310253064965,1.0,0.3848602455763511,1.1855101221471256,6.0848276550729e-06
133,0.38221751136048354,0.9962542882450331,1.0,0.3848602455763511,1.1885478629077537,3.1452474957838206e-07
133,0.383196920106459,0.9998548362982052,1.0,0.3848602455763511,1.1855100666525513,0.00010772156905591856
133,0.3832726818863042,1.0,1.0,0.3848602455763511,1.1852760145443821,2.884975782713184e-07
133,0.38326410792972654,0.9999816978460757,1.0,0.3848602455763511,1.1853022417115138,1.0301507900267737e-05
133,0.38320195696973774,0.9997495086702403,1.0,0.3848602455763511,1.185494484132689,4.5338840837239047e-07
133,0.38204091402005874,0.9956207038760733,1.0,0.3848602455763511,1.1891033599721665,6.094151517865853e-06
133,0.38209719207357973,0.9958240925165943,1.0,0.3848602455763511,1.1889248603045859,2.7333773406912343e-06
133,0.3808486866566421,1.0,1.0,0.3848602455763511,1.1928196740736432,0.00754365952926106
133,0.38196592554254394,0.9953680791958528,1.0,0.3848602455763511,1.1893307122811434,5.5401162328827525e-06
133,0.3833093808061256,1.0,1.0,0.3848602455763511,1.1852760145443821,0.00011376951552644066
133,0.38319878253652306,0.9997416128165493,1.0,0.3848602455763511,1.1855043048138287,3.4001033826225324e-06
133,0.3820620075640871,0.9957023093281316,1.0,0.3848602455763511,1.1890317319419819,1.1587181436567562e-07
133,0.3833107114768936,1.0,1.0,0.3848602455763511,1.1852760145443821,0.00011788382985011836
133,0.3832743823091948,1.0,1.0,0.3848602455763511,1.1852760145443821,5.547054017229769e-06
133,0.38202325307757135,0.9955602948695352,1.0,0.3848602455763511,1.1891563906860265,4.152875585639038e-06
133,0.3832742525064666,0.9999939526172038,1.0,0.3848602455763511,1.1852812766232503,1.0407719696292617e-05
133,0.3832674159470244,0.9999816978460757,1.0,0.3848602455763511,1.1852920112558438,7.10522303215555e-08
133,0.3832625844234492,0.9999707125158258,1.0,0.3848602455763511,1.1853069534039002,5.454011199779174e-06
133,0.3832765223073147,0.9999816978460757,1.0,0.3848602455763511,1.1852919402036135,2.809058942343512e-05
134,0.38202516688660343,0.9955718288606134,1.0,0.3848602455763511,1.1891462805843613,1.563691642836318e-08
134,0.38323174780021124,0.9998548362982052,1.0,0.3848602455763511,1.1854023450834954,1.6324975149473175e-08
134,0.3832699037703398,0.9999904324952856,1.0,0.3848602455763511,1.185284339656798,2.2188189952032644e-08
134,0.3832726818863042,1.0,1.0,0.3848602455763511,1.1852760145443821,2.884975782713184e-07
134,0.38321545263861634,0.999796924288018,1.0,0.3848602455763511,1.1854527539763007,1.9310819610041108e-08
134,0.3832674159470244,0.9999816978460757,1.0,0.3848602455763511,1.1852920112558438,7.10522303215555e-08
134,0.38326605682386783,0.999976759898622,1.0,0.3848602455763511,1.1852962370692406,2.257706288588679e-08
134,0.3832674159470244,0.9999816978460757,1.0,0.3848602455763511,1.1852920112558438,7.10522303215555e-08
134,0.3832726818863042,0.9999998145954477,1.0,0.3848602455763511,1.1852761758716355,4.498248316053832e-07
134,0.3832743823091948,1.0,1.0,0.3848602455763511,1.1852760145443821,5.547054017229769e-06
134,0.3819677453931267,0.9953682460599498,1.0,0.3848602455763511,1.1893250458231497,2.0207177930942066e-08
134,0.38220853208528616,0.9962221106641117,1.0,0.3848602455763511,1.1885757856185841,2.650862596098591e-08
134,0.3831936471742704,0.9997194913154184,1.0,0.3848602455763511,1.1855201923268037,2.8518855277326338e-08
134,0.38327148760938273,1.0,1.0,0.3848602455763511,1.1852794193751293,3.4048307471223893e-06
134,0.3832699137773535,0.9999939037685757,1.0,0.3848602455763511,1.185284286521341,2.967392612074349e-06
134,0.3832691436193838,0.9999871844543576,1.0,0.3848602455763511,1.1852871659582431,4.976742362661213e-07
134,0.3832691436193838,0.9999871844543576,1.0,0.3848602455763511,1.1852871659582431,4.976742362661213e-07
134,0.38320195696973774,0.9997495086702403,1.0,0.3848602455763511,1.185494484132689,4.5338840837239047e-07
134,0.3832747039425073,1.0,1.0,0.3848602455763511,1.1852760145443821,6.541699533180179e-06
134,0.3820620075640871,0.9957023093281316,1.0,0.3848602455763511,1.1890317319419819,1.1587181436567562e-07
134,0.3822037927399343,0.9962058055896769,1.0,0.3848602455763511,1.1885905240152645,4.692256572180753e-07
134,0.38323395910989116,0.999865401265895,1.0,0.3848602455763511,1.1853954888332603,2.3392836183688814e-06
134,0.38332621026542635,1.0,1.0,0.3848602455763511,1.1852760145443821,0.00016580258600606967
134,0.3832726818863042,1.0,1.0,0.3848602455763511,1.1852760145443821,2.884975782713184e-07
134,0.3821548032496925,0.9960261799656301,1.0,0.3848602455763511,1.1887475748009604,4.682051271132082e-06
134,0.38196652218228583,0.9953638019072415,1.0,0.3848602455763511,1.1893289287243936,7.420283432146846e-08
134,0.38205979625440717,0.9956917443604418,1.0,0.3848602455763511,1.1890410045311675,2.506509166222415e-06
134,0.3843187579132757,1.0,1.0,0.3848602455763511,1.1852760145443821,0.0032264867864018054
134,0.38319472202349975,0.9997194913154184,1.0,0.3848602455763511,1.1855201638079484,3.2968282555057016e-06
134,0.3822117165255145,0.9962334777910928,1.0,0.3848602455763511,1.1885658828647632,8.974991572152646e-08
134,0.38231375278846647,0.9966000664617976,1.0,0.3848602455763511,1.188248664821316,4.152128828538437e-06
134,0.38214956455988147,0.9960133644199878,1.0,0.3848602455763511,1.188759188608278,3.732343611950739e-07
134,0.38330566959859413,1.0,1.0,0.3848602455763511,1.1852760145443821,0.00010229464471933625
134,0.3832186370788447,0.9998084582790961,1.0,0.3848602455763511,1.185442883883181,1.7001234509095298e-07
134,0.3843575494309478,1.0,1.0,0.3848602455763511,1.1852760145443821,0.003345785848158034
134,0.3844436786414669,1.0,1.0,0.3848602455763511,1.1852760145443821,0.0036105807267763357
134,0.3831834259175205,0.9996836021484995,1.0,0.3848602455763511,1.185551815579316,4.0465707251691185e-07
134,0.3819661904880033,0.9953633081124961,1.0,0.3848602455763511,1.1893298873186757,5.249134171769754e-07
134,0.38438227802833264,1.0,1.0,0.3848602455763511,1.1852760145443821,0.003421823372146582
134,0.38220853208528616,0.9962221106641117,1.0,0.3848602455763511,1.1885757856185841,2.650862596098591e-08
135,0.38202516688660343,0.9955718288606134,1.0,0.3848602455763511,1.1891462805843613,1.563691642836318e-08
135,0.38323174780021124,0.9998548362982052,1.0,0.3848602455763511,1.1854023450834954,1.6324975149473175e-08
135,0.3832699037703398,0.9999904324952856,1.0,0.3848602455763511,1.185284339656798,2.2188189952032644e-08
135,0.3832726818863042,1.0,1.0,0.3848602455763511,1.1852760145443821,2.884975782713184e-07
135,0.3832726818863042,1.0,1.0,0.3848602455763511,1.1852760145443821,2.884975782713184e-07
135,0.38321545263861634,0.999796924288018,1.0,0.3848602455763511,1.1854527539763007,1.9310819610041108e-08
135,0.3832674159470244,0.9999816978460757,1.0,0.3848602455763511,1.1852920112558438,7.10522303215555e-08
135,0.38326605682386783,0.999976759898622,1.0,0.3848602455763511,1.1852962370692406,2.257706288588679e-08
135,0.3832674159470244,0.9999816978460757,1.0,0.3848602455763511,1.1852920112558438,7.10522303215555e-08
135,0.3832726818863042,0.9999998145954477,1.0,0.3848602455763511,1.1852761758716355,4.498248316053832e-07
135,0.3832743823091948,1.0,1.0,0.3848602455763511,1.1852760145443821,5.547054017229769e-06
135,0.3819677453931267,0.9953682460599498,1.0,0.3848602455763511,1.1893250458231497,2.0207177930942066e-08
135,0.3832747039425073,1.0,1.0,0.3848602455763511,1.1852760145443821,6.541699533180179e-06
135,0.3831936471742704,0.9997194913154184,1.0,0.3848602455763511,1.1855201923268037,2.8518855277326338e-08
135,0.38220853208528616,0.9962221106641117,1.0,0.3848602455763511,1.1885757856185841,2.650862596098591e-08
135,0.38327148760938273,1.0,1.0,0.3848602455763511,1.1852794193751293,3.4048307471223893e-06
135,0.3832699137773535,0.9999939037685757,1.0,0.3848602455763511,1.185284286521341,2.967392612074349e-06
135,0.3832691436193838,0.9999871844543576,1.0,0.3848602455763511,1.1852871659582431,4.976742362661213e-07
135,0.38220853208528616,0.9962221106641117,1.0,0.3848602455763511,1.1885757856185841,2.650862596098591e-08
135,0.3832186370788447,0.9998084582790961,1.0,0.3848602455763511,1.185442883883181,1.7001234509095298e-07
135,0.3842293418579911,1.0,1.0,0.3848602455763511,1.1852760145443821,0.0029514057498081225
135,0.3832658855664229,0.9999815309819786,1.0,0.3848602455763511,1.1852967441265865,4.658723132378029e-06
135,0.3832699037703398,1.0,1.0,0.3848602455763511,1.185284317468608,8.302924225933594e-06
135,0.38423104228088173,1.0,1.0,0.3848602455763511,1.1852760145443821,0.0029566381532384334
135,0.3831987850105619,0.9997378507841952,1.0,0.3848602455763511,1.1855042971598804,1.1726404181011674e-07
135,0.3819356440609949,0.9952540706668662,1.0,0.3848602455763511,1.1894253120150367,3.045391783196294e-07
135,0.3841565173574393,1.0,1.0,0.3848602455763511,1.1852760145443821,0.002727272629553301
135,0.3832742122669057,0.999976759898622,1.0,0.3848602455763511,1.1852962370692406,2.524372533141417e-05
135,0.38322511640881995,0.9998274270466343,1.0,0.3848602455763511,1.1854262024468958,3.3612886369827066e-06
135,0.38434680505932134,1.0,1.0,0.3848602455763511,1.1852760145443821,0.003312745121883065
135,0.3832743823091948,0.9999873513184547,1.0,0.3848602455763511,1.1852870207600446,1.6553269679642213e-05
135,0.3832449250329075,0.9999016275787658,1.0,0.3848602455763511,1.1853616203762922,4.9684647063230614e-08
135,0.3810100105722105,0.9919681456576503,1.0,0.3848602455763511,1.1923214098278556,6.7889930879250215e-06
135,0.38327060038725275,0.9999932318371538,1.0,0.3848602455763511,1.1852821631444852,2.5933634062447197e-07
135,0.3833205223315404,0.9962221106641117,1.0,0.3848602455763511,1.1885757591099582,0.003447961793838772
135,0.3832762021597776,1.0,1.0,0.3848602455763511,1.1852760145443821,1.1174888808973549e-05
135,0.3832699137773535,0.9964169686310396,1.0,0.3848602455763511,1.1884049511356227,0.003120664614281621
135,0.383189336025632,0.9997140047071364,1.0,0.3848602455763511,1.1855335302599588,8.589649507895203e-06
135,0.38220853208528616,0.999871308236737,1.0,0.3848602455763511,1.1885757856185841,0.0031877772920021474
135,0.3841935760297368,1.0,1.0,0.3848602455763511,1.1852760145443821,0.0028413393108375207
136,0.38202516688660343,0.9955718288606134,1.0,0.3848602455763511,1.1891462805843613,1.563691642836318e-08
136,0.38323174780021124,0.9998548362982052,1.0,0.3848602455763511,1.1854023450834954,1.6324975149473175e-08
136,0.3832699037703398,0.9999904324952856,1.0,0.3848602455763511,1.185284339656798,2.2188189952032644e-08
136,0.3832726818863042,1.0,1.0,0.3848602455763511,1.1852760145443821,2.884975782713184e-07
136,0.3832726818863042,1.0,1.0,0.3848602455763511,1.1852760145443821,2.884975782713184e-07
136,0.38327060038725275,0.9999932318371538,1.0,0.3848602455763511,1.1852821631444852,2.5933634062447197e-07
136,0.38321545263861634,0.999796924288018,1.0,0.3848602455763511,1.1854527539763007,1.9310819610041108e-08
136,0.3832674159470244,0.9999816978460757,1.0,0.3848602455763511,1.1852920112558438,7.10522303215555e-08
136,0.38326605682386783,0.999976759898622,1.0,0.3848602455763511,1.1852962370692406,2.257706288588679e-08
136,0.3832674159470244,0.9999816978460757,1.0,0.3848602455763511,1.1852920112558438,7.10522303215555e-08
136,0.3832726818863042,0.9999998145954477,1.0,0.3848602455763511,1.1852761758716355,4.498248316053832e-07
136,0.3832743823091948,1.0,1.0,0.3848602455763511,1.1852760145443821,5.547054017229769e-06
136,0.3819677453931267,0.9953682460599498,1.0,0.3848602455763511,1.1893250458231497,2.0207177930942066e-08
136,0.3832747039425073,1.0,1.0,0.3848602455763511,1.1852760145443821,6.541699533180179e-06
136,0.3831936471742704,0.9997194913154184,1.0,0.3848602455763511,1.1855201923268037,2.8518855277326338e-08
136,0.38220853208528616,0.9962221106641117,1.0,0.3848602455763511,1.1885757856185841,2.650862596098591e-08
136,0.38327148760938273,1.0,1.0,0.3848602455763511,1.1852794193751293,3.4048307471223893e-06
136,0.3832691436193838,0.9999871844543576,1.0,0.3848602455763511,1.1852871659582431,4.976742362661213e-07
136,0.3832699137773535,0.9999939037685757,1.0,0.3848602455763511,1.185284286521341,2.967392612074349e-06
136,0.38220853208528616,0.9962221106641117,1.0,0.3848602455763511,1.1885757856185841,2.650862596098591e-08
136,0.3821570257623671,0.996039509387425,1.0,0.3848602455763511,1.1887359793712584,9.55594645635216e-08
136,0.3832674159470244,0.9999816978460757,1.0,0.3848602455763511,1.1852920112558438,7.10522303215555e-08
136,0.3821961587702128,0.9961791119614115,1.0,0.3848602455763511,1.1886142648714706,8.050964230843505e-07
136,0.3832718910111392,0.9999945133917181,1.0,0.3848602455763511,1.185280788667384,2.6168238624890705e-06
136,0.38324755397074817,1.0,1.0,0.3848602455763511,1.185353439545477,7.742500109486627e-05
136,0.38327579875802115,1.0,1.0,0.3848602455763511,1.1852760145443821,9.927385266061961e-06
136,0.3842268784403,1.0,1.0,0.3848602455763511,1.1852760145443821,0.0029438254385030227
136,0.38198832620911977,0.9954413483930951,1.0,0.3848602455763511,1.189260967216081,1.3923765718182324e-07
136,0.3830857695475056,0.9993371281468659,1.0,0.3848602455763511,1.1858540368980788,8.50928147055896e-07
136,0.38326729854050895,0.9999904324952856,1.0,0.3848602455763511,1.1852923743470989,8.034690300862124e-06
136,0.3832726818863042,1.0,1.0,0.3848602455763511,1.1852760145443821,2.884975782713184e-07
136,0.38292074086869116,0.9987518745237174,1.0,0.3848602455763511,1.1863651085209452,1.6975359629078923e-06
136,0.3832714876093827,1.0,1.0,0.3848602455763511,1.1852794193751295,3.404830747344434e-06
136,0.3843545112999419,1.0,1.0,0.3848602455763511,1.1852760145443821,0.0033364432783176134
136,0.38197205654176514,0.9997194913154184,1.0,0.3848602455763511,1.1893116224405993,0.003791458632650846
136,0.38220853208528616,0.9962221106641117,1.0,0.3848602455763511,1.1885757856185841,2.650862596098591e-08
136,0.3843693684268971,1.0,1.0,0.3848602455763511,1.1852760145443821,0.0033821290890518885
136,0.38327060038725275,0.9999932318371538,1.0,0.3848602455763511,1.1852821631444852,2.5933634062447197e-07
136,0.3832129523342484,0.9997883135337751,1.0,0.3848602455763511,1.1854604692491497,2.196347752558836e-07
136,0.3820620075640871,0.9957023093281316,1.0,0.3848602455763511,1.1890317319419819,1.1587181436567562e-07
137,0.38202516688660343,0.9955718288606134,1.0,0.3848602455763511,1.1891462805843613,1.563691642836318e-08
137,0.38323174780021124,0.9998548362982052,1.0,0.3848602455763511,1.1854023450834954,1.6324975149473175e-08
137,0.3832699037703398,0.9999904324952856,1.0,0.3848602455763511,1.185284339656798,2.2188189952032644e-08
137,0.3832726818863042,1.0,1.0,0.3848602455763511,1.1852760145443821,2.884975782713184e-07
137,0.3832726818863042,1.0,1.0,0.3848602455763511,1.1852760145443821,2.884975782713184e-07
137,0.38327060038725275,0.9999932318371538,1.0,0.3848602455763511,1.1852821631444852,2.5933634062447197e-07
137,0.3832726818863042,1.0,1.0,0.3848602455763511,1.1852760145443821,2.884975782713184e-07
137,0.38327060038725275,0.9999932318371538,1.0,0.3848602455763511,1.1852821631444852,2.5933634062447197e-07
137,0.38321545263861634,0.999796924288018,1.0,0.3848602455763511,1.1854527539763007,1.9310819610041108e-08
137,0.3832674159470244,0.9999816978460757,1.0,0.3848602455763511,1.1852920112558438,7.10522303215555e-08
137,0.38326605682386783,0.999976759898622,1.0,0.3848602455763511,1.1852962370692406,2.257706288588679e-08
137,0.3832674159470244,0.9999816978460757,1.0,0.3848602455763511,1.1852920112558438,7.10522303215555e-08
137,0.3832674159470244,0.9999816978460757,1.0,0.3848602455763511,1.1852920112558438,7.10522303215555e-08
137,0.3832726818863042,0.9999998145954477,1.0,0.3848602455763511,1.1852761758716355,4.498248316053832e-07
137,0.3832743823091948,1.0,1.0,0.3848602455763511,1.1852760145443821,5.547054017229769e-06
137,0.3819677453931267,0.9953682460599498,1.0,0.3848602455763511,1.1893250458231497,2.0207177930942066e-08
137,0.3832747039425073,1.0,1.0,0.3848602455763511,1.1852760145443821,6.541699533180179e-06
137,0.3831936471742704,0.9997194913154184,1.0,0.3848602455763511,1.1855201923268037,2.8518855277326338e-08
137,0.38220853208528616,0.9962221106641117,1.0,0.3848602455763511,1.1885757856185841,2.650862596098591e-08
137,0.38327148760938273,1.0,1.0,0.3848602455763511,1.1852794193751293,3.4048307471223893e-06
137,0.38326239232774534,0.9999602879600902,1.0,0.3848602455763511,1.1853105708025484,3.023308600580421e-06
137,0.38326634109779506,0.9999816978460757,1.0,0.3848602455763511,1.1852953353416424,3.39513802893876e-06
137,0.38327148760938273,0.999999833135903,1.0,0.3848602455763511,1.1852794193751293,3.259636221830675e-06
137,0.38327301798998425,1.0,1.0,0.3848602455763511,1.1852760145443821,1.327901641756668e-06
137,0.3832715163129893,0.9999896194080297,1.0,0.3848602455763511,1.185285047167615,5.7165593065899856e-06
137,0.38327557658611633,1.0,1.0,0.3848602455763511,1.1852760145443821,9.240326555026712e-06
137,0.3832733074599655,1.0,1.0,0.3848602455763511,1.1852760145443821,2.223089054398386e-06
137,0.38323541229633373,0.9999932318371538,1.0,0.3848602455763511,1.1853909939442346,0.00010909013609006202
137,0.382094047952394,0.9958131193000305,1.0,0.3848602455763511,1.1889344888513533,2.5786907453806407e-06
137,0.38209268913888567,0.9958115702625701,1.0,0.3848602455763511,1.1889361382884462,2.902032620877293e-07
137,0.38326605682386783,0.9958808035580963,1.0,0.3848602455763511,1.1888751020773016,0.0035788875851239244
137,0.38332418820922326,1.0,1.0,0.3848602455763511,1.1852760145443821,0.00015955106438836353
137,0.38213299822087665,0.995955300622724,1.0,0.3848602455763511,1.1888107240363979,9.770192874736239e-07
137,0.383214377789387,0.999796924288018,1.0,0.3848602455763511,1.1854560596528219,3.305676521181411e-06
137,0.383263326739978,0.9999668731013971,1.0,0.3848602455763511,1.1853048404149351,1.827510118790343e-07
137,0.383200206370205,0.9997359632539502,1.0,0.3848602455763511,1.1855058231688993,5.923261244378253e-06
137,0.38326849079625375,0.9999816978460757,1.0,0.3848602455763511,1.1852919402036135,3.2530149238763073e-06
137,0.38327742123165603,0.9997194913154184,1.0,0.3848602455763511,1.1855201638079484,0.00025909406667423696
137,0.3821088112792706,0.9958690258929437,1.0,0.3848602455763511,1.188885974055866,5.387298314118993e-07
137,0.3843954453860349,1.0,1.0,0.3848602455763511,1.1852760145443821,0.0034623074544459786
138,0.38202516688660343,0.9955718288606134,1.0,0.3848602455763511,1.1891462805843613,1.563691642836318e-08
138,0.38323174780021124,0.9998548362982052,1.0,0.3848602455763511,1.1854023450834954,1.6324975149473175e-08
138,0.3832699037703398,0.9999904324952856,1.0,0.3848602455763511,1.185284339656798,2.2188189952032644e-08
138,0.3832726818863042,1.0,1.0,0.3848602455763511,1.1852760145443821,2.884975782713184e-07
138,0.3832726818863042,1.0,1.0,0.3848602455763511,1.1852760145443821,2.884975782713184e-07
138,0.38327060038725275,0.9999932318371538,1.0,0.3848602455763511,1.1852821631444852,2.5933634062447197e-07
138,0.3832726818863042,1.0,1.0,0.3848602455763511,1.1852760145443821,2.884975782713184e-07
138,0.38327060038725275,0.9999932318371538,1.0,0.3848602455763511,1.1852821631444852,2.5933634062447197e-07
138,0.38321545263861634,0.999796924288018,1.0,0.3848602455763511,1.1854527539763007,1.9310819610041108e-08
138,0.3832674159470244,0.9999816978460757,1.0,0.3848602455763511,1.1852920112558438,7.10522303215555e-08
138,0.38326605682386783,0.999976759898622,1.0,0.3848602455763511,1.1852962370692406,2.257706288588679e-08
138,0.3832674159470244,0.9999816978460757,1.0,0.3848602455763511,1.1852920112558438,7.10522303215555e-08
138,0.3832674159470244,0.9999816978460757,1.0,0.3848602455763511,1.1852920112558438,7.10522303215555e-08
138,0.3832726818863042,0.9999998145954477,1.0,0.3848602455763511,1.1852761758716355,4.498248316053832e-07
138,0.38327301798998425,1.0,1.0,0.3848602455763511,1.1852760145443821,1.327901641756668e-06
138,0.3819677453931267,0.9953682460599498,1.0,0.3848602455763511,1.1893250458231497,2.0207177930942066e-08
138,0.3831936471742704,0.9997194913154184,1.0,0.3848602455763511,1.1855201923268037,2.8518855277326338e-08
138,0.38220853208528616,0.9962221106641117,1.0,0.3848602455763511,1.1885757856185841,2.650862596098591e-08
138,0.383263326739978,0.9999668731013971,1.0,0.3848602455763511,1.1853048404149351,1.827510118790343e-07
138,0.3832733074599655,1.0,1.0,0.3848602455763511,1.1852760145443821,2.223089054398386e-06
138,0.38327742123165603,0.9955718288606134,1.0,0.3848602455763511,1.189146264947445,0.0038851952061706996
138,0.38326737952465717,0.9999833426569159,1.0,0.3848602455763511,1.1852921238955911,1.6149515653651747e-06
138,0.3832690015999624,0.9999866577297892,1.0,0.3848602455763511,1.1852876242923778,5.168032024549518e-07
138,0.3820201250479396,0.9955553569220815,1.0,0.3848602455763511,1.1891619747409923,1.248938700459945e-06
138,0.3832215943687016,0.999819074450613,1.0,0.3848602455763511,1.185433735916942,2.6300351452235304e-07
138,0.3833461342516622,1.0,1.0,0.3848602455763511,1.1852760145443821,0.00022739736257926246
138,0.38203112944279616,0.9955927449518536,1.0,0.3848602455763511,1.189127903222734,1.8225552000927792e-07
138,0.3832690015999624,0.9999866577297892,1.0,0.3848602455763511,1.1852876242923778,5.168032024549518e-07
138,0.38310487509152535,0.9994051788721371,1.0,0.3848602455763511,1.1857948980358066,1.0000120802544643e-06
138,0.38327301798998425,0.999999833135903,1.0,0.3848602455763511,1.1852761597389074,1.4730961670483822e-06
138,0.3833438131271346,1.0,1.0,0.3848602455763511,1.1852760145443821,0.00022022196203708155
138,0.3832611816453342,0.999960618286543,1.0,0.3848602455763511,1.1853112917578195,1.0084070303228998e-06
138,0.3832674159470244,0.9964744016161381,1.0,0.3848602455763511,1.1883546194593486,0.003062608203504791
138,0.3832726818863042,1.0,1.0,0.3848602455763511,1.1852760145443821,2.884975782713184e-07
138,0.3843854401014033,1.0,1.0,0.3848602455763511,1.1852760145443821,0.003431545668861613
138,0.3832714586754633,0.9999955558472917,1.0,0.3848602455763511,1.1852798815799823,3.7272576891567155e-07
138,0.38344845582315473,1.0,1.0,0.3848602455763511,1.1852760145443821,0.0005436224891834929
138,0.3843545112999419,1.0,1.0,0.3848602455763511,1.1852760145443821,0.0033364432783176134
138,0.3821001123915908,0.9958375128005164,1.0,0.3848602455763511,1.1889130848451868,4.4622130879190536e-08
138,0.38221077112627,1.0,1.0,0.3848602455763511,1.1885688227852722,0.003292808240890066
139,0.38202516688660343,0.9955718288606134,1.0,0.3848602455763511,1.1891462805843613,1.563691642836318e-08
139,0.38323174780021124,0.9998548362982052,1.0,0.3848602455763511,1.1854023450834954,1.6324975149473175e-08
139,0.3832699037703398,0.9999904324952856,1.0,0.3848602455763511,1.185284339656798,2.2188189952032644e-08
139,0.3832726818863042,1.0,1.0,0.3848602455763511,1.1852760145443821,2.884975782713184e-07
139,0.3832726818863042,1.0,1.0,0.3848602455763511,1.1852760145443821,2.884975782713184e-07
139,0.38327060038725275,0.9999932318371538,1.0,0.3848602455763511,1.1852821631444852,2.5933634062447197e-07
139,0.3832726818863042,1.0,1.0,0.3848602455763511,1.1852760145443821,2.884975782713184e-07
139,0.38327060038725275,0.9999932318371538,1.0,0.3848602455763511,1.1852821631444852,2.5933634062447197e-07
139,0.3832726818863042,1.0,1.0,0.3848602455763511,1.1852760145443821,2.884975782713184e-07
139,0.38321545263861634,0.999796924288018,1.0,0.3848602455763511,1.1854527539763007,1.9310819610041108e-08
139,0.3832674159470244,0.9999816978460757,1.0,0.3848602455763511,1.1852920112558438,7.10522303215555e-08
139,0.38326605682386783,0.999976759898622,1.0,0.3848602455763511,1.1852962370692406,2.257706288588679e-08
139,0.3832674159470244,0.9999816978460757,1.0,0.3848602455763511,1.1852920112558438,7.10522303215555e-08
139,0.3832674159470244,0.9999816978460757,1.0,0.3848602455763511,1.1852920112558438,7.10522303215555e-08
139,0.3832726818863042,0.9999998145954477,1.0,0.3848602455763511,1.1852761758716355,4.498248316053832e-07
139,0.38327301798998425,1.0,1.0,0.3848602455763511,1.1852760145443821,1.327901641756668e-06
139,0.3832714586754633,0.9999955558472917,1.0,0.3848602455763511,1.1852798815799823,3.7272576891567155e-07
139,0.3819677453931267,0.9953682460599498,1.0,0.3848602455763511,1.1893250458231497,2.0207177930942066e-08
139,0.3832733074599655,1.0,1.0,0.3848602455763511,1.1852760145443821,2.223089054398386e-06
139,0.38220853208528616,0.9962221106641117,1.0,0.3848602455763511,1.1885757856185841,2.650862596098591e-08
139,0.38327215529237624,0.9999981697846075,1.0,0.3848602455763511,1.1852776070840725,2.5253650215439905e-07
139,0.38327003737095755,0.9999932318371538,1.0,0.3848602455763511,1.1852839043011252,2.000492980602786e-06
139,0.3832190910942114,0.9998093964891124,1.0,0.3848602455763511,1.1854418971882201,4.1774781545100836e-07
139,0.38196961874227303,0.9953743374065114,1.0,0.3848602455763511,1.1893196759045692,4.63061175404178e-07
139,0.3843894828298422,1.0,1.0,0.3848602455763511,1.1852760145443821,0.0034439754476294215
139,0.3843907060406831,1.0,1.0,0.3848602455763511,1.1852760145443821,0.003447736281946945
139,0.3821472738712269,0.9960078778117059,1.0,0.3848602455763511,1.1887663143353613,2.686544114505196e-06
139,0.38327804680531735,1.0,1.0,0.3848602455763511,1.1852760145443821,1.687934674099445e-05
139,0.38323284868996804,0.9998588360356426,1.0,0.3848602455763511,1.185398923525168,5.975497074928171e-08
139,0.3819677453931267,0.9953682460599498,1.0,0.3848602455763511,1.1893250458231497,2.0207177930942066e-08
139,0.38209893565935743,0.9958340353912707,1.0,0.3848602455763511,1.1889167016629683,5.656392239039576e-07
139,0.3832645499508189,0.9999713172541054,1.0,0.3848602455763511,1.1853009731574904,9.846150250680807e-08
139,0.3832715809965474,0.9999958148580103,1.0,0.3848602455763511,1.1852796562034196,5.256310335877146e-07
139,0.3832766564455793,1.0,1.0,0.3848602455763511,1.1852760145443821,1.257974605106682e-05
139,0.3832685926792578,0.9999851752553214,1.0,0.3848602455763511,1.1852889142835012,5.421761255508528e-07
139,0.38231494706538793,0.9966000664617976,1.0,0.3848602455763511,1.1882449529655161,4.402730287011991e-07
139,0.38327060038725275,0.9999932318371538,1.0,0.3848602455763511,1.1852821631444852,2.5933634062447197e-07
139,0.38214991838657353,0.996014645974552,1.0,0.3848602455763511,1.1887580879545554,3.966509509734095e-07
139,0.38422567736186863,1.0,1.0,0.3848602455763511,1.1852760145443821,0.002940129502049471
139,0.38220853208528616,1.0,1.0,0.3848602455763511,1.1885757856185841,0.003299771074201985
140,0.38202516688660343,0.9955718288606134,1.0,0.3848602455763511,1.1891462805843613,1.563691642836318e-08
140,0.38323174780021124,0.9998548362982052,1.0,0.3848602455763511,1.1854023450834954,1.6324975149473175e-08
140,0.3832699037703398,0.9999904324952856,1.0,0.3848602455763511,1.185284339656798,2.2188189952032644e-08
140,0.3832726818863042,1.0,1.0,0.3848602455763511,1.1852760145443821,2.884975782713184e-07
140,0.3832726818863042,1.0,1.0,0.3848602455763511,1.1852760145443821,2.884975782713184e-07
140,0.3832726818863042,1.0,1.0,0.3848602455763511,1.1852760145443821,2.884975782713184e-07
140,0.3832726818863042,1.0,1.0,0.3848602455763511,1.1852760145443821,2.884975782713184e-07
140,0.38327215529237624,0.9999981697846075,1.0,0.3848602455763511,1.1852776070840725,2.5253650215439905e-07
140,0.38321545263861634,0.999796924288018,1.0,0.3848602455763511,1.1854527539763007,1.9310819610041108e-08
140,0.3832674159470244,0.9999816978460757,1.0,0.3848602455763511,1.1852920112558438,7.10522303215555e-08
140,0.38326605682386783,0.999976759898622,1.0,0.3848602455763511,1.1852962370692406,2.257706288588679e-08
140,0.3832674159470244,0.9999816978460757,1.0,0.3848602455763511,1.1852920112558438,7.10522303215555e-08
140,0.3832674159470244,0.9999816978460757,1.0,0.3848602455763511,1.1852920112558438,7.10522303215555e-08
140,0.3832726818863042,0.9999998145954477,1.0,0.3848602455763511,1.1852761758716355,4.498248316053832e-07
140,0.38327301798998425,1.0,1.0,0.3848602455763511,1.1852760145443821,1.327901641756668e-06
140,0.38327060038725275,0.9999932318371538,1.0,0.3848602455763511,1.1852821631444852,2.5933634062447197e-07
140,0.38327060038725275,0.9999932318371538,1.0,0.3848602455763511,1.1852821631444852,2.5933634062447197e-07
140,0.3832714586754633,0.9999955558472917,1.0,0.3848602455763511,1.1852798815799823,3.7272576891567155e-07
140,0.38327060038725275,0.9999932318371538,1.0,0.3848602455763511,1.1852821631444852,2.5933634062447197e-07
140,0.3819677453931267,0.9953682460599498,1.0,0.3848602455763511,1.1893250458231497,2.0207177930942066e-08
140,0.38202516688660343,1.0,1.0,0.3848602455763511,1.1891462805843613,0.0038702660399791977
140,0.3844406355800432,1.0,1.0,0.3848602455763511,1.1852760145443821,0.0036012271877505775
140,0.38327742123165603,1.0,1.0,0.3848602455763511,1.1852760145443821,1.4944803107930227e-05
140,0.38084498189339605,0.9913828920345018,1.0,0.3848602455763511,1.1928392458181438,7.96829772764518e-06
140,0.38321667584945723,0.9998013684407263,1.0,0.3848602455763511,1.1854489507522956,6.534828700388573e-08
140,0.3820256408211386,0.9955733091903696,1.0,0.3848602455763511,1.1891449653768036,1.6002715974572368e-07
140,0.3820045860706104,0.9954988933915652,1.0,0.3848602455763511,1.189210346832825,4.7585414275630455e-08
140,0.38327301798998425,1.0,1.0,0.3848602455763511,1.1852760145443821,1.327901641756668e-06
140,0.38327028194322993,0.999992078438046,1.0,0.3848602455763511,1.1852831479482568,2.405109837955166e-07
140,0.38327330884152583,1.0,1.0,0.3848602455763511,1.1852760145443821,2.227361533657657e-06
140,0.3832201919839682,0.9998133962265499,1.0,0.3848602455763511,1.1854384155584747,3.415763571990027e-07
140,0.3832674159470244,0.9998709998622378,1.0,0.3848602455763511,1.1853882767235744,9.626546773056077e-05
140,0.3832731558208394,1.0,1.0,0.3848602455763511,1.1852760145443821,1.7541444421453889e-06
140,0.3833056435580667,1.0,1.0,0.3848602455763511,1.1852760145443821,0.00010221412790656359
140,0.38327301798998425,1.0,1.0,0.3848602455763511,1.1852760145443821,1.327901641756668e-06
140,0.38332418820922326,0.9999932318371538,1.0,0.3848602455763511,1.1852819038081446,0.000165440328150801
140,0.38327060038725275,1.0,1.0,0.3848602455763511,1.1852821631444852,6.148600103061952e-06
140,0.38197248473847856,0.9953847179984816,1.0,0.3848602455763511,1.189310559323911,2.7011894254691526e-07
140,0.3832663349764361,0.9999932318371538,1.0,0.3848602455763511,1.1852953542726508,1.3450464506181703e-05
140,0.38327215529237624,0.9999981697846075,1.0,0.3848602455763511,1.1852776070840725,2.5253650215439905e-07
141,0.38202516688660343,0.9955718288606134,1.0,0.3848602455763511,1.1891462805843613,1.563691642836318e-08
141,0.38323174780021124,0.9998548362982052,1.0,0.3848602455763511,1.1854023450834954,1.6324975149473175e-08
141,0.3832699037703398,0.9999904324952856,1.0,0.3848602455763511,1.185284339656798,2.2188189952032644e-08
141,0.3832726818863042,1.0,1.0,0.3848602455763511,1.1852760145443821,2.884975782713184e-07
141,0.3832726818863042,1.0,1.0,0.3848602455763511,1.1852760145443821,2.884975782713184e-07
141,0.3832726818863042,1.0,1.0,0.3848602455763511,1.1852760145443821,2.884975782713184e-07
141,0.3832726818863042,1.0,1.0,0.3848602455763511,1.1852760145443821,2.884975782713184e-07
141,0.38327215529237624,0.9999981697846075,1.0,0.3848602455763511,1.1852776070840725,2.5253650215439905e-07
141,0.38327028194322993,0.999992078438046,1.0,0.3848602455763511,1.1852831479482568,2.405109837955166e-07
141,0.38327215529237624,0.9999981697846075,1.0,0.3848602455763511,1.1852776070840725,2.5253650215439905e-07
141,0.38321545263861634,0.999796924288018,1.0,0.3848602455763511,1.1854527539763007,1.9310819610041108e-08
141,0.38327301798998425,1.0,1.0,0.3848602455763511,1.1852760145443821,1.327901641756668e-06
141,0.38327301798998425,1.0,1.0,0.3848602455763511,1.1852760145443821,1.327901641756668e-06
141,0.38326605682386783,0.999976759898622,1.0,0.3848602455763511,1.1852962370692406,2.257706288588679e-08
141,0.3832726818863042,0.9999998145954477,1.0,0.3848602455763511,1.1852761758716355,4.498248316053832e-07
141,0.3832714586754633,0.9999955558472917,1.0,0.3848602455763511,1.1852798815799823,3.7272576891567155e-07
141,0.3832674159470244,0.9999816978460757,1.0,0.3848602455763511,1.1852920112558438,7.10522303215555e-08
141,0.38327060038725275,0.9999932318371538,1.0,0.3848602455763511,1.1852821631444852,2.5933634062447197e-07
141,0.38327060038725275,0.9999932318371538,1.0,0.3848602455763511,1.1852821631444852,2.5933634062447197e-07
141,0.3832674159470244,0.9999816978460757,1.0,0.3848602455763511,1.1852920112558438,7.10522303215555e-08
141,0.3832355504076371,0.9998686229836868,1.0,0.3848602455763511,1.1853905667503206,2.21279915058048e-07
141,0.3843946805999581,1.0,1.0,0.3848602455763511,1.1852760145443821,0.003459956135055453
141,0.38327624449942266,0.9999904324952856,1.0,0.3848602455763511,1.185284339656798,1.963093470491728e-05
141,0.3821502544902536,0.996014645974552,1.0,0.3848602455763511,1.1887576913036044,6.488696584483478e-07
141,0.3832725440554491,0.9999983528061468,1.0,0.3848602455763511,1.1852774478298413,1.2955391830438145e-06
141,0.38322894500253124,0.9998462255439622,1.0,0.3848602455763511,1.185410998361721,1.1585084314091887e-06
141,0.3832216494979203,0.9998188790530694,1.0,0.3848602455763511,1.1854336429974879,7.761380138582297e-08
141,0.3832701024897192,0.9999906574672267,1.0,0.3848602455763511,1.185284143896853,4.409790848036721e-07
141,0.38326895837109537,0.9999869450930488,1.0,0.3848602455763511,1.1852873742405854,1.3306299750937e-07
141,0.38327402864152255,1.0,1.0,0.3848602455763511,1.1852760145443821,4.453340864740696e-06
141,0.38330425662450807,1.0,1.0,0.3848602455763511,1.1852760145443821,9.792574006883825e-05
141,0.3843439390631158,1.0,1.0,0.3848602455763511,1.1852760145443821,0.0033039313957068384
141,0.38327325618213304,1.0,1.0,0.3848602455763511,1.1852760145443821,2.0645121912021835e-06
141,0.38214434995398167,0.9959963438206277,1.0,0.3848602455763511,1.188775409993372,1.6653276837530484e-06
141,0.38202486439329136,0.9955718288606134,1.0,0.3848602455763511,1.1891472221691364,9.572216914666143e-07
141,0.3832270084548594,0.9998383643596733,1.0,0.3848602455763511,1.1854169885577468,3.062449533963729e-07
141,0.3832705060438458,0.9999939086534384,1.0,0.3848602455763511,1.1852824549059313,1.140027750201611e-06
141,0.3832736449452059,1.0,1.0,0.3848602455763511,1.1852760145443821,3.2667621967519267e-06
141,0.38438948282984214,1.0,1.0,0.3848602455763511,1.1852760145443821,0.0034439754476294215
141,0.3832674159470244,0.9999884264415332,1.0,0.3848602455763511,1.1852920112558438,5.926022033975187e-06
142,0.38202516688660343,0.9955718288606134,1.0,0.3848602455763511,1.1891462805843613,1.563691642836318e-08
142,0.38323174780021124,0.9998548362982052,1.0,0.3848602455763511,1.1854023450834954,1.6324975149473175e-08
142,0.3832699037703398,0.9999904324952856,1.0,0.3848602455763511,1.185284339656798,2.2188189952032644e-08
142,0.3832726818863042,1.0,1.0,0.3848602455763511,1.1852760145443821,2.884975782713184e-07
142,0.3832726818863042,1.0,1.0,0.3848602455763511,1.1852760145443821,2.884975782713184e-07
142,0.3832726818863042,1.0,1.0,0.3848602455763511,1.1852760145443821,2.884975782713184e-07
142,0.3832726818863042,1.0,1.0,0.3848602455763511,1.1852760145443821,2.884975782713184e-07
142,0.38327215529237624,0.9999981697846075,1.0,0.3848602455763511,1.1852776070840725,2.5253650215439905e-07
142,0.38327028194322993,0.999992078438046,1.0,0.3848602455763511,1.1852831479482568,2.405109837955166e-07
142,0.38327215529237624,0.9999981697846075,1.0,0.3848602455763511,1.1852776070840725,2.5253650215439905e-07
142,0.38321545263861634,0.999796924288018,1.0,0.3848602455763511,1.1854527539763007,1.9310819610041108e-08
142,0.38327301798998425,1.0,1.0,0.3848602455763511,1.1852760145443821,1.327901641756668e-06
142,0.38327301798998425,1.0,1.0,0.3848602455763511,1.1852760145443821,1.327901641756668e-06
142,0.38326605682386783,0.999976759898622,1.0,0.3848602455763511,1.1852962370692406,2.257706288588679e-08
142,0.3832726818863042,0.9999998145954477,1.0,0.3848602455763511,1.1852761758716355,4.498248316053832e-07
142,0.38326895837109537,0.9999869450930488,1.0,0.3848602455763511,1.1852873742405854,1.3306299750937e-07
142,0.3832714586754633,0.9999955558472917,1.0,0.3848602455763511,1.1852798815799823,3.7272576891567155e-07
142,0.38327060038725275,0.9999932318371538,1.0,0.3848602455763511,1.1852821631444852,2.5933634062447197e-07
142,0.38327060038725275,0.9999932318371538,1.0,0.3848602455763511,1.1852821631444852,2.5933634062447197e-07
142,0.3832674159470244,0.9999816978460757,1.0,0.3848602455763511,1.1852920112558438,7.10522303215555e-08
142,0.38327128247169306,0.9955718288606134,1.0,0.3848602455763511,1.189146264947445,0.003866211177065537
142,0.38202704023574974,0.995577920207175,1.0,0.3848602455763511,1.1891409174237189,4.6806576081692697e-07
142,0.38327415970084583,1.0,1.0,0.3848602455763511,1.1852760145443821,4.858640529237235e-06
142,0.3832776439140338,1.0,1.0,0.3848602455763511,1.1852760145443821,1.5633433809059127e-05
142,0.3832726267570855,1.0,1.0,0.3848602455763511,1.1852760145443821,1.1800973243047963e-07
142,0.38327215529237624,0.9999981697846076,1.0,0.3848602455763511,1.1852776070840725,2.5253650215439905e-07
142,0.38326841647548754,0.9999851752553214,1.0,0.3848602455763511,1.185288917031691,2.7481896758274615e-09
142,0.3833061714000999,1.0,1.0,0.3848602455763511,1.1852760145443821,0.00010384620323855565
142,0.38327028194322993,1.0,1.0,0.3848602455763511,1.1852831479482568,7.1334038747039585e-06
142,0.3832206489694572,0.9998154016438238,1.0,0.3848602455763511,1.1854366699242662,9.561164082683149e-09
142,0.3832681563235483,0.9999830836461973,1.0,0.3848602455763511,1.1852907343262107,1.0127528315972967e-06
142,0.38327402864152255,1.0,1.0,0.3848602455763511,1.1852760145443821,4.453340864740696e-06
142,0.38438862454163164,1.0,1.0,0.3848602455763511,1.1852760145443821,0.0034413365753043212
142,0.38326605682386783,0.9999894645007301,1.0,0.3848602455763511,1.1852962144921777,1.1032531284982383e-05
142,0.3832270084548594,0.9998383643596733,1.0,0.3848602455763511,1.1854169885577468,3.062449533963729e-07
142,0.3832339077489781,0.9998619657039637,1.0,0.3848602455763511,1.1853961397718282,4.920721594636746e-07
142,0.3832250566205264,0.9998313797876103,1.0,0.3848602455763511,1.1854230261002592,2.6425041932398585e-07
142,0.3832684844365602,0.9999932318371538,1.0,0.3848602455763511,1.1852887068565545,6.8030484099423916e-06
142,0.3832720549310826,0.9999974805923186,1.0,0.3848602455763511,1.1852782067778813,5.418607789131613e-07
142,0.38332418820922326,1.0,1.0,0.3848602455763511,1.1852760145443821,0.00015955106438836353
143,0.3832699037703398,0.9999904324952856,1.0,0.3848602455763511,1.185284339656798,2.2188189952032644e-08
143,0.3832726267570855,1.0,1.0,0.3848602455763511,1.1852760145443821,1.1800973243047963e-07
143,0.38326841647548754,0.9999851752553214,1.0,0.3848602455763511,1.185288917031691,2.7481896758274615e-09
143,0.3832726818863042,1.0,1.0,0.3848602455763511,1.1852760145443821,2.884975782713184e-07
143,0.3832726818863042,1.0,1.0,0.3848602455763511,1.1852760145443821,2.884975782713184e-07
143,0.3832726818863042,1.0,1.0,0.3848602455763511,1.1852760145443821,2.884975782713184e-07
143,0.3832726818863042,1.0,1.0,0.3848602455763511,1.1852760145443821,2.884975782713184e-07
143,0.38327215529237624,0.9999981697846075,1.0,0.3848602455763511,1.1852776070840725,2.5253650215439905e-07
143,0.38327028194322993,0.999992078438046,1.0,0.3848602455763511,1.1852831479482568,2.405109837955166e-07
143,0.38327215529237624,0.9999981697846075,1.0,0.3848602455763511,1.1852776070840725,2.5253650215439905e-07
143,0.38326895837109537,0.9999869450930488,1.0,0.3848602455763511,1.1852873742405854,1.3306299750937e-07
143,0.38327215529237624,0.9999981697846076,1.0,0.3848602455763511,1.1852776070840725,2.5253650215439905e-07
143,0.38323174780021124,0.9998548362982052,1.0,0.3848602455763511,1.1854023450834954,1.6324975149473175e-08
143,0.38326605682386783,0.999976759898622,1.0,0.3848602455763511,1.1852962370692406,2.257706288588679e-08
143,0.3832674159470244,0.9999816978460757,1.0,0.3848602455763511,1.1852920112558438,7.10522303215555e-08
143,0.3832206489694572,0.9998154016438238,1.0,0.3848602455763511,1.1854366699242662,9.561164082683149e-09
143,0.38327301798998425,1.0,1.0,0.3848602455763511,1.1852760145443821,1.327901641756668e-06
143,0.38327301798998425,1.0,1.0,0.3848602455763511,1.1852760145443821,1.327901641756668e-06
143,0.38202516688660343,0.9955718288606134,1.0,0.3848602455763511,1.1891462805843613,1.563691642836318e-08
143,0.38321545263861634,0.999796924288018,1.0,0.3848602455763511,1.1854527539763007,1.9310819610041108e-08
143,0.38326575433055576,0.999976759898622,1.0,0.3848602455763511,1.1852971499897345,9.129204938673752e-07
143,0.383230971372364,0.999853189104352,1.0,0.3848602455763511,1.1854047303895068,9.516043393276163e-07
143,0.38327586632653254,1.0,1.0,0.3848602455763511,1.1852760145443821,1.0136338325583694e-05
143,0.3832666666707187,0.9999789008872205,1.0,0.3848602455763511,1.1852943740348252,4.5564116923912934e-08
143,0.3832257996017491,0.999833678457902,1.0,0.3848602455763511,1.185420761023366,3.3168809254746634e-08
143,0.3832832045068335,1.0,1.0,0.3848602455763511,1.1852760145443821,3.2828944194651655e-05
143,0.38322442519159705,0.9998289015957279,1.0,0.3848602455763511,1.1854249792909775,6.034377864061469e-08
143,0.38214944140894236,0.9960128157591597,1.0,0.3848602455763511,1.1887595716961337,2.750828698161456e-07
143,0.38327028194322993,1.0,1.0,0.3848602455763511,1.1852831479482568,7.1334038747039585e-06
143,0.38327680724342245,1.0,1.0,0.3848602455763511,1.1852760145443821,1.304608047481004e-05
143,0.3821546026027066,0.9960311179130839,1.0,0.3848602455763511,1.1887435168889149,2.731067669792253e-07
143,0.3832689731000855,0.9999882505837439,1.0,0.3848602455763511,1.1852871956271123,9.573694943476596e-07
143,0.3833237142746881,0.9998548362982052,1.0,0.3848602455763511,1.1854023450834954,0.00028441634685871797
143,0.3832747040042159,1.0,1.0,0.3848602455763511,1.1852760145443821,6.541890365863168e-06
143,0.38326589024287144,0.9999772536933674,1.0,0.3848602455763511,1.1852967296640962,9.222833279309839e-07
143,0.38327215529237624,0.9999981697846075,1.0,0.3848602455763511,1.1852776070840725,2.5253650215439905e-07
143,0.3832522933161,0.9999275716196334,1.0,0.3848602455763511,1.1853390416693133,2.603513205023944e-07
143,0.38327437903168027,1.0,1.0,0.3848602455763511,1.1852760145443821,5.536918350923514e-06
143,0.38327220795176903,0.9999983528061468,1.0,0.3848602455763511,1.1852774478298413,2.561325489480737e-07
143,0.38321545263861634,0.999854527923706,1.0,0.3848602455763511,1.185452734665481,5.012117614988654e-05
144,0.3832699037703398,0.9999904324952856,1.0,0.3848602455763511,1.185284339656798,2.2188189952032644e-08
144,0.3832726267570855,1.0,1.0,0.3848602455763511,1.1852760145443821,1.1800973243047963e-07
144,0.38326841647548754,0.9999851752553214,1.0,0.3848602455763511,1.185288917031691,2.7481896758274615e-09
144,0.3832726818863042,1.0,1.0,0.3848602455763511,1.1852760145443821,2.884975782713184e-07
144,0.3832726818863042,1.0,1.0,0.3848602455763511,1.1852760145443821,2.884975782713184e-07
144,0.3832726818863042,1.0,1.0,0.3848602455763511,1.1852760145443821,2.884975782713184e-07
144,0.3832726818863042,1.0,1.0,0.3848602455763511,1.1852760145443821,2.884975782713184e-07
144,0.38327215529237624,0.9999981697846075,1.0,0.3848602455763511,1.1852776070840725,2.5253650215439905e-07
144,0.38327028194322993,0.999992078438046,1.0,0.3848602455763511,1.1852831479482568,2.405109837955166e-07
144,0.38327215529237624,0.9999981697846075,1.0,0.3848602455763511,1.1852776070840725,2.5253650215439905e-07
144,0.38326895837109537,0.9999869450930488,1.0,0.3848602455763511,1.1852873742405854,1.3306299750937e-07
144,0.38327215529237624,0.9999981697846076,1.0,0.3848602455763511,1.1852776070840725,2.5253650215439905e-07
144,0.38327215529237624,0.9999981697846075,1.0,0.3848602455763511,1.1852776070840725,2.5253650215439905e-07
144,0.38327220795176903,0.9999983528061468,1.0,0.3848602455763511,1.1852774478298413,2.561325489480737e-07
144,0.38323174780021124,0.9998548362982052,1.0,0.3848602455763511,1.1854023450834954,1.6324975149473175e-08
144,0.38326605682386783,0.999976759898622,1.0,0.3848602455763511,1.1852962370692406,2.257706288588679e-08
144,0.3832674159470244,0.9999816978460757,1.0,0.3848602455763511,1.1852920112558438,7.10522303215555e-08
144,0.3832206489694572,0.9998154016438238,1.0,0.3848602455763511,1.1854366699242662,9.561164082683149e-09
144,0.3832666666707187,0.9999789008872205,1.0,0.3848602455763511,1.1852943740348252,4.5564116923912934e-08
144,0.38327301798998425,1.0,1.0,0.3848602455763511,1.1852760145443821,1.327901641756668e-06
144,0.38326692824097736,0.9999801049921211,1.0,0.3848602455763511,1.1852935195364631,1.9327992473172628e-07
144,0.38327345831415144,1.0,1.0,0.3848602455763511,1.1852760145443821,2.6896058678005375e-06
144,0.3832313708754264,0.9998533538237373,1.0,0.3848602455763511,1.1854036354147874,1.4076132615059578e-07
144,0.3832764207031929,1.0,1.0,0.3848602455763511,1.1852760145443821,1.1850724345618957e-05
144,0.38327215282255034,0.9999983528061468,1.0,0.3848602455763511,1.1852774478298413,8.564428144453018e-08
144,0.3832702969364624,0.9999916766090166,1.0,0.3848602455763511,1.1852832570889618,1.5550804910446914e-07
144,0.3832743127713172,1.0,1.0,0.3848602455763511,1.1852760145443821,5.33200910091125e-06
144,0.38327018158193626,0.999991389245757,1.0,0.3848602455763511,1.185283507138388,4.8817565101444416e-08
144,0.38327028194322993,1.0,1.0,0.3848602455763511,1.1852831479482568,7.1334038747039585e-06
144,0.383309657426146,1.0,1.0,0.3848602455763511,1.1852760145443821,0.00011462480210000514
144,0.383272579363632,0.9999998352806148,1.0,0.3848602455763511,1.1852761578727153,1.1477313766050656e-07
144,0.38323536727428537,0.9999981697846076,1.0,0.3848602455763511,1.1853911332025995,0.00011352611852699646
144,0.38327215529237624,0.9998477068924466,1.0,0.3848602455763511,1.1854085504836562,0.00013119593608590385
144,0.38327220795176903,0.9999866577297892,1.0,0.3848602455763511,1.1852876242923778,1.043259508537453e-05
144,0.38323174780021124,0.9999883049236424,1.0,0.3848602455763511,1.1854023287585203,0.00011613778512709061
144,0.38321848902069033,0.9998082722380652,1.0,0.3848602455763511,1.1854433418842694,4.6607032477830046e-07
144,0.38327220021600383,0.9999985175255321,1.0,0.3848602455763511,1.1852773045010827,8.888077673852024e-08
144,0.3832729317202235,0.9999998169784609,1.0,0.3848602455763511,1.1852761737980888,1.22036540606274e-06
144,0.3832722575680659,0.9999983528061468,1.0,0.3848602455763511,1.1852774478298413,4.095719479124682e-07
144,0.3832689015471161,1.0,1.0,0.3848602455763511,1.1852874169099188,1.1402365536650194e-05
145,0.3832699037703398,0.9999904324952856,1.0,0.3848602455763511,1.185284339656798,2.2188189952032644e-08
145,0.3832726267570855,1.0,1.0,0.3848602455763511,1.1852760145443821,1.1800973243047963e-07
145,0.38326841647548754,0.9999851752553214,1.0,0.3848602455763511,1.185288917031691,2.7481896758274615e-09
145,0.38327215282255034,0.9999983528061468,1.0,0.3848602455763511,1.1852774478298413,8.564428144453018e-08
145,0.38327018158193626,0.999991389245757,1.0,0.3848602455763511,1.185283507138388,4.8817565101444416e-08
145,0.383272579363632,0.9999998352806148,1.0,0.3848602455763511,1.1852761578727153,1.1477313766050656e-07
145,0.38327220021600383,0.9999985175255321,1.0,0.3848602455763511,1.1852773045010827,8.888077673852024e-08
145,0.3832726818863042,1.0,1.0,0.3848602455763511,1.1852760145443821,2.884975782713184e-07
145,0.3832206489694572,0.9998154016438238,1.0,0.3848602455763511,1.1854366699242662,9.561164082683149e-09
145,0.38323174780021124,0.9998548362982052,1.0,0.3848602455763511,1.1854023450834954,1.6324975149473175e-08
145,0.38326605682386783,0.999976759898622,1.0,0.3848602455763511,1.1852962370692406,2.257706288588679e-08
145,0.3832702969364624,0.9999916766090166,1.0,0.3848602455763511,1.1852832570889618,1.5550804910446914e-07
145,0.38327028194322993,0.999992078438046,1.0,0.3848602455763511,1.1852831479482568,2.405109837955166e-07
145,0.38326895837109537,0.9999869450930488,1.0,0.3848602455763511,1.1852873742405854,1.3306299750937e-07
145,0.3832674159470244,0.9999816978460757,1.0,0.3848602455763511,1.1852920112558438,7.10522303215555e-08
145,0.3832666666707187,0.9999789008872205,1.0,0.3848602455763511,1.1852943740348252,4.5564116923912934e-08
145,0.38327220795176903,0.9999983528061468,1.0,0.3848602455763511,1.1852774478298413,2.561325489480737e-07
145,0.3832726818863042,1.0,1.0,0.3848602455763511,1.1852760145443821,2.884975782713184e-07
145,0.38327215529237624,0.9999981697846075,1.0,0.3848602455763511,1.1852776070840725,2.5253650215439905e-07
145,0.38327215529237624,0.9999981697846075,1.0,0.3848602455763511,1.1852776070840725,2.5253650215439905e-07
145,0.3832699037703398,0.9999981880867616,1.0,0.3848602455763511,1.185284317468608,6.726309961457844e-06
145,0.3832669894059427,0.9999802153716079,1.0,0.3848602455763511,1.185293330377368,1.0016983442717731e-07
145,0.3832739765553998,1.0,1.0,0.3848602455763511,1.1852760145443821,4.292264967009629e-06
145,0.383276051867724,1.0,1.0,0.3848602455763511,1.1852760145443821,1.0710117046119905e-05
145,0.383236260014137,0.9998709998622378,1.0,0.3848602455763511,1.1853883718618494,9.513827503582206e-08
145,0.3832726322700074,1.0,1.0,0.3848602455763511,1.1852760145443821,1.3505851925721402e-07
145,0.3832685202945611,0.9999854338822549,1.0,0.3848602455763511,1.1852886892362142,9.327340944054185e-08
145,0.38330856246658956,1.0,1.0,0.3848602455763511,1.1852760145443821,0.00011123926910316939
145,0.3832206489694572,0.9999775666601993,1.0,0.3848602455763511,1.1854366603631021,0.00014112531842624954
145,0.3832731558208394,1.0,1.0,0.3848602455763511,1.1852760145443821,1.7541444421453889e-06
145,0.3832359889635677,0.9998700397159619,1.0,0.3848602455763511,1.1853892102491654,9.785110899329652e-08
145,0.38323511273541105,0.9998665313745627,1.0,0.3848602455763511,1.1853921659374562,2.4541627907659347e-07
145,0.38326670352390024,0.9999790184304573,1.0,0.3848602455763511,1.1852942717518886,5.7253687124614316e-08
145,0.38318922198600047,0.9997037435137099,1.0,0.3848602455763511,1.1855338830825302,8.63462679134841e-09
145,0.3832253244191086,0.9998320436535457,1.0,0.3848602455763511,1.1854221977244066,1.3722862401976954e-08
145,0.38321965373978717,0.9998121038525313,1.0,0.3848602455763511,1.185439738967557,1.9844632870302803e-07
145,0.383266530758403,0.9999784070924752,1.0,0.3848602455763511,1.1852948037218818,5.492723809119582e-08
145,0.3832374745636594,0.9998746518587507,1.0,0.3848602455763511,1.1853850981805834,4.830308841796693e-07
145,0.3832676454196717,0.9999823524900141,1.0,0.3848602455763511,1.1852913705537071,6.896406690160006e-08
145,0.38327321459688,0.9999981697846075,1.0,0.3848602455763511,1.1852776070840725,3.5284493205001155e-06
146,0.3832699037703398,0.9999904324952856,1.0,0.3848602455763511,1.185284339656798,2.2188189952032644e-08
146,0.3832726267570855,1.0,1.0,0.3848602455763511,1.1852760145443821,1.1800973243047963e-07
146,0.38326841647548754,0.9999851752553214,1.0,0.3848602455763511,1.185288917031691,2.7481896758274615e-09
146,0.38327215282255034,0.9999983528061468,1.0,0.3848602455763511,1.1852774478298413,8.564428144453018e-08
146,0.38327018158193626,0.999991389245757,1.0,0.3848602455763511,1.185283507138388,4.8817565101444416e-08
146,0.383272579363632,0.9999998352806148,1.0,0.3848602455763511,1.1852761578727153,1.1477313766050656e-07
146,0.38327220021600383,0.9999985175255321,1.0,0.3848602455763511,1.1852773045010827,8.888077673852024e-08
146,0.3832726322700074,1.0,1.0,0.3848602455763511,1.1852760145443821,1.3505851925721402e-07
146,0.3832206489694572,0.9998154016438238,1.0,0.3848602455763511,1.1854366699242662,9.561164082683149e-09
146,0.38323174780021124,0.9998548362982052,1.0,0.3848602455763511,1.1854023450834954,1.6324975149473175e-08
146,0.38326605682386783,0.999976759898622,1.0,0.3848602455763511,1.1852962370692406,2.257706288588679e-08
146,0.3832666666707187,0.9999789008872205,1.0,0.3848602455763511,1.1852943740348252,4.5564116923912934e-08
146,0.38318922198600047,0.9997037435137099,1.0,0.3848602455763511,1.1855338830825302,8.63462679134841e-09
146,0.3832253244191086,0.9998320436535457,1.0,0.3848602455763511,1.1854221977244066,1.3722862401976954e-08
146,0.38326670352390024,0.9999790184304573,1.0,0.3848602455763511,1.1852942717518886,5.7253687124614316e-08
146,0.3832676454196717,0.9999823524900141,1.0,0.3848602455763511,1.1852913705537071,6.896406690160006e-08
146,0.38326895837109537,0.9999869450930488,1.0,0.3848602455763511,1.1852873742405854,1.3306299750937e-07
146,0.3832685202945611,0.9999854338822549,1.0,0.3848602455763511,1.1852886892362142,9.327340944054185e-08
146,0.3832726818863042,1.0,1.0,0.3848602455763511,1.1852760145443821,2.884975782713184e-07
146,0.3832726818863042,1.0,1.0,0.3848602455763511,1.1852760145443821,2.884975782713184e-07
146,0.3832699037703398,1.0,1.0,0.3848602455763511,1.185284317468608,8.302924225933594e-06
146,0.38319330256521417,1.0,1.0,0.3848602455763511,1.185521258475379,0.00024524393099678576
146,0.38334320070156414,1.0,1.0,0.3848602455763511,1.1852760145443821,0.00021832872781102353
146,0.3833099230806167,1.0,1.0,0.3848602455763511,1.1852760145443821,0.00011544618292491649
146,0.383228398878453,0.999842883924689,1.0,0.3848602455763511,1.185412748421561,6.077614123078945e-08
146,0.3832639412141471,0.9999695164040454,1.0,0.3848602455763511,1.1853027573048902,2.1706974773216814e-07
146,0.38326902872414037,0.9999870387414761,1.0,0.3848602455763511,1.185287292751573,2.6914587358817244e-07
146,0.3833188901773077,1.0,1.0,0.3848602455763511,1.1852760145443821,0.0001431710085348925
146,0.3833082023869654,1.0,1.0,0.3848602455763511,1.1852760145443821,0.0001101259256288678
146,0.3832300050366095,0.9998488392881911,1.0,0.3848602455763511,1.1854077194534018,1.5460741575878956e-07
146,0.38322099020232253,0.9998165876233981,1.0,0.3848602455763511,1.1854356375805568,3.277014526403832e-08
146,0.383227214980242,0.9998389535392178,1.0,0.3848602455763511,1.1854163497234291,1.8024258929827397e-07
146,0.38326906915672687,0.9999873607719936,1.0,0.3848602455763511,1.1852870125339696,1.139689371765229e-07
146,0.3832253244191086,0.9998320436535457,1.0,0.3848602455763511,1.1854221977244066,1.3722862401976954e-08
146,0.3832520759529139,0.9999270597739376,1.0,0.3848602455763511,1.1853394871095633,3.3521204256814485e-08
146,0.3832240792909078,0.9998275449018181,1.0,0.3848602455763511,1.1854260998614352,5.059772245630256e-08
146,0.3832290202353806,0.9998451531595163,1.0,0.3848602455763511,1.185410773261928,7.611828722886571e-09
146,0.38318542777093256,0.9996904012434992,1.0,0.3848602455763511,1.185545621969724,1.3089179451419852e-07
146,0.38319637037913334,0.9997290639225638,1.0,0.3848602455763511,1.185511829740228,6.237408145537415e-08
146,0.3832701237139312,0.9999912245263718,1.0,0.3848602455763511,1.1852836504691897,1.3188451220003117e-08
147,0.3832726267570855,1.0,1.0,0.3848602455763511,1.1852760145443821,1.1800973243047963e-07
147,0.38326841647548754,0.9999851752553214,1.0,0.3848602455763511,1.185288917031691,2.7481896758274615e-09
147,0.38327215282255034,0.9999983528061468,1.0,0.3848602455763511,1.1852774478298413,8.564428144453018e-08
147,0.38327018158193626,0.999991389245757,1.0,0.3848602455763511,1.185283507138388,4.8817565101444416e-08
147,0.383272579363632,0.9999998352806148,1.0,0.3848602455763511,1.1852761578727153,1.1477313766050656e-07
147,0.38327220021600383,0.9999985175255321,1.0,0.3848602455763511,1.1852773045010827,8.888077673852024e-08
147,0.3832701237139312,0.9999912245263718,1.0,0.3848602455763511,1.1852836504691897,1.3188451220003117e-08
147,0.3832726322700074,1.0,1.0,0.3848602455763511,1.1852760145443821,1.3505851925721402e-07
147,0.3832290202353806,0.9998451531595163,1.0,0.3848602455763511,1.185410773261928,7.611828722886571e-09
147,0.3832699037703398,0.9999904324952856,1.0,0.3848602455763511,1.185284339656798,2.2188189952032644e-08
147,0.38323174780021124,0.9998548362982052,1.0,0.3848602455763511,1.1854023450834954,1.6324975149473175e-08
147,0.3832726818863042,1.0,1.0,0.3848602455763511,1.1852760145443821,2.884975782713184e-07
147,0.3832726818863042,1.0,1.0,0.3848602455763511,1.1852760145443821,2.884975782713184e-07
147,0.38318922198600047,0.9997037435137099,1.0,0.3848602455763511,1.1855338830825302,8.63462679134841e-09
147,0.38326906915672687,0.9999873607719936,1.0,0.3848602455763511,1.1852870125339696,1.139689371765229e-07
147,0.38326605682386783,0.999976759898622,1.0,0.3848602455763511,1.1852962370692406,2.257706288588679e-08
147,0.3832253244191086,0.9998320436535457,1.0,0.3848602455763511,1.1854221977244066,1.3722862401976954e-08
147,0.3832206489694572,0.9998154016438238,1.0,0.3848602455763511,1.1854366699242662,9.561164082683149e-09
147,0.3832685202945611,0.9999854338822549,1.0,0.3848602455763511,1.1852886892362142,9.327340944054185e-08
147,0.3832676454196717,0.9999823524900141,1.0,0.3848602455763511,1.1852913705537071,6.896406690160006e-08
147,0.38323082822809995,0.9998518623699364,1.0,0.3848602455763511,1.185405173161525,2.3959606010315326e-07
147,0.38334529549220964,1.0,1.0,0.3848602455763511,1.1852760145443821,0.0002248044763786261
147,0.38330952256378786,1.0,1.0,0.3848602455763511,1.1852760145443821,0.00011420781882676145
147,0.38327276497299884,1.0,1.0,0.3848602455763511,1.1852760145443821,5.454441998065107e-07
147,0.38326496984002795,0.9999728122400273,1.0,0.3848602455763511,1.1852996722433504,9.611384954588686e-08
147,0.38334149219163577,1.0,1.0,0.3848602455763511,1.1852760145443821,0.00021304705896518783
147,0.38322408715469314,0.9998276474890057,1.0,0.3848602455763511,1.1854260249386865,1.4372870227319368e-08
147,0.3832703962922519,0.9999920151672781,1.0,0.3848602455763511,1.1852829624923382,1.6817423320603098e-07
147,0.38322959343254537,0.9998471545467001,1.0,0.3848602455763511,1.1854090312464063,3.861723185671906e-08
147,0.3833132657745298,1.0,1.0,0.3848602455763511,1.1852760145443821,0.0001257814083432951
147,0.38327310192403424,1.0,1.0,0.3848602455763511,1.1852760145443821,1.5874682643968185e-06
147,0.3832726818863042,0.9998036263648743,1.0,0.3848602455763511,1.1854469199260387,0.00017119387923481
147,0.383341304176631,1.0,1.0,0.3848602455763511,1.1852760145443821,0.0002124658285669323
147,0.38322498318624326,0.9998308576739714,1.0,0.3848602455763511,1.185423253253221,3.6939884484610275e-08
147,0.3833109055027971,1.0,1.0,0.3848602455763511,1.1852760145443821,0.00011848373810541268
147,0.38330855999676366,1.0,1.0,0.3848602455763511,1.1852760145443821,0.00011123163256443469
147,0.3832230996575283,0.9998240123980667,1.0,0.3848602455763511,1.1854291746923453,9.512350551688087e-08
147,0.38326265000877335,0.9999646660384615,1.0,0.3848602455763511,1.1853067609919048,1.0422119833819465e-08
147,0.3832717687132925,0.9999970350510643,1.0,0.3848602455763511,1.1852785944616082,4.4408733579359705e-08
147,0.38318986780301234,0.9997060237673211,1.0,0.3848602455763511,1.1855318891449376,4.1265844075155655e-09
148,0.3832726267570855,1.0,1.0,0.3848602455763511,1.1852760145443821,1.1800973243047963e-07
148,0.38326841647548754,0.9999851752553214,1.0,0.3848602455763511,1.185288917031691,2.7481896758274615e-09
148,0.38327215282255034,0.9999983528061468,1.0,0.3848602455763511,1.1852774478298413,8.564428144453018e-08
148,0.383272579363632,0.9999998352806148,1.0,0.3848602455763511,1.1852761578727153,1.1477313766050656e-07
148,0.38327220021600383,0.9999985175255321,1.0,0.3848602455763511,1.1852773045010827,8.888077673852024e-08
148,0.3832701237139312,0.9999912245263718,1.0,0.3848602455763511,1.1852836504691897,1.3188451220003117e-08
148,0.3832717687132925,0.9999970350510643,1.0,0.3848602455763511,1.1852785944616082,4.4408733579359705e-08
148,0.3832726322700074,1.0,1.0,0.3848602455763511,1.1852760145443821,1.3505851925721402e-07
148,0.3832290202353806,0.9998451531595163,1.0,0.3848602455763511,1.185410773261928,7.611828722886571e-09
148,0.38326265000877335,0.9999646660384615,1.0,0.3848602455763511,1.1853067609919048,1.0422119833819465e-08
148,0.38318986780301234,0.9997060237673211,1.0,0.3848602455763511,1.1855318891449376,4.1265844075155655e-09
148,0.3832699037703398,0.9999904324952856,1.0,0.3848602455763511,1.185284339656798,2.2188189952032644e-08
148,0.38327018158193626,0.999991389245757,1.0,0.3848602455763511,1.185283507138388,4.8817565101444416e-08
148,0.3832726818863042,1.0,1.0,0.3848602455763511,1.1852760145443821,2.884975782713184e-07
148,0.3832726818863042,1.0,1.0,0.3848602455763511,1.1852760145443821,2.884975782713184e-07
148,0.38318922198600047,0.9997037435137099,1.0,0.3848602455763511,1.1855338830825302,8.63462679134841e-09
148,0.3832703962922519,0.9999920151672781,1.0,0.3848602455763511,1.1852829624923382,1.6817423320603098e-07
148,0.38326605682386783,0.999976759898622,1.0,0.3848602455763511,1.1852962370692406,2.257706288588679e-08
148,0.38323174780021124,0.9998548362982052,1.0,0.3848602455763511,1.1854023450834954,1.6324975149473175e-08
148,0.3832206489694572,0.9998154016438238,1.0,0.3848602455763511,1.1854366699242662,9.561164082683149e-09
148,0.38334064679531454,1.0,1.0,0.3848602455763511,1.1852760145443821,0.0002104335926425005
148,0.3831984420032982,0.9997364426507779,1.0,0.3848602455763511,1.1855054058081687,4.74837857922239e-08
148,0.38327345412571795,1.0,1.0,0.3848602455763511,1.1852760145443821,2.676653135580409e-06
148,0.3832282479959669,0.9998424847054741,1.0,0.3848602455763511,1.1854131543594835,5.8453487161713724e-08
148,0.38324439760119317,0.9998995076828976,1.0,0.3848602455763511,1.185363465341434,2.633218747494226e-07
148,0.3832701237139312,0.9999703444468244,1.0,0.3848602455763511,1.1853018196817633,1.8182401024802175e-05
148,0.38327512706145345,1.0,1.0,0.3848602455763511,1.1852760145443821,7.850185092417306e-06
148,0.383226261401397,0.9998354026814329,1.0,0.3848602455763511,1.1854192993854553,3.916810720205888e-08
148,0.38327441030073456,1.0,1.0,0.3848602455763511,1.1852760145443821,5.633617441436201e-06
148,0.38327864444249693,1.0,1.0,0.3848602455763511,1.1852760145443821,1.8727492822279146e-05
148,0.38323690196259114,0.999873127433881,1.0,0.3848602455763511,1.1853864249725607,3.8718639405743716e-08
148,0.38326426864204033,0.9999704731545168,1.0,0.3848602455763511,1.1853017446845773,3.700267225958953e-08
148,0.38331936411184286,1.0,1.0,0.3848602455763511,1.1852760145443821,0.00014463630205896472
148,0.38322790893047626,0.9998414940279944,1.0,0.3848602455763511,1.1854142031679924,2.449651168578981e-07
148,0.38315895518994697,0.9995961819226593,1.0,0.3848602455763511,1.1856275332453503,1.5303815992240288e-09
148,0.3831530767418255,0.9995753764357057,1.0,0.3848602455763511,1.1856457219640921,7.010303670895723e-08
148,0.3832703962922519,0.999705077740731,1.0,0.3848602455763511,1.185532712801955,0.00024991848385003124
148,0.3832708651156434,0.9999935845482024,1.0,0.3848602455763511,1.185281596897426,2.524372375578565e-07
148,0.3832725344866805,0.9999998517525532,1.0,0.3848602455763511,1.1852761818822206,3.834234063582187e-08
148,0.3832731084273859,1.0,1.0,0.3848602455763511,1.1852760145443821,1.6075799189607665e-06
149,0.3832726267570855,1.0,1.0,0.3848602455763511,1.1852760145443821,1.1800973243047963e-07
149,0.38326841647548754,0.9999851752553214,1.0,0.3848602455763511,1.185288917031691,2.7481896758274615e-09
149,0.383272579363632,0.9999998352806148,1.0,0.3848602455763511,1.1852761578727153,1.1477313766050656e-07
149,0.3832701237139312,0.9999912245263718,1.0,0.3848602455763511,1.1852836504691897,1.3188451220003117e-08
149,0.38315895518994697,0.9995961819226593,1.0,0.3848602455763511,1.1856275332453503,1.5303815992240288e-09
149,0.3832725344866805,0.9999998517525532,1.0,0.3848602455763511,1.1852761818822206,3.834234063582187e-08
149,0.3832726322700074,1.0,1.0,0.3848602455763511,1.1852760145443821,1.3505851925721402e-07
149,0.3832290202353806,0.9998451531595163,1.0,0.3848602455763511,1.185410773261928,7.611828722886571e-09
149,0.38326265000877335,0.9999646660384615,1.0,0.3848602455763511,1.1853067609919048,1.0422119833819465e-08
149,0.38318986780301234,0.9997060237673211,1.0,0.3848602455763511,1.1855318891449376,4.1265844075155655e-09
149,0.3832699037703398,0.9999904324952856,1.0,0.3848602455763511,1.185284339656798,2.2188189952032644e-08
149,0.38327215282255034,0.9999983528061468,1.0,0.3848602455763511,1.1852774478298413,8.564428144453018e-08
149,0.38327220021600383,0.9999985175255321,1.0,0.3848602455763511,1.1852773045010827,8.888077673852024e-08
149,0.3832717687132925,0.9999970350510643,1.0,0.3848602455763511,1.1852785944616082,4.4408733579359705e-08
149,0.3832726818863042,1.0,1.0,0.3848602455763511,1.1852760145443821,2.884975782713184e-07
149,0.3832726818863042,1.0,1.0,0.3848602455763511,1.1852760145443821,2.884975782713184e-07
149,0.38318922198600047,0.9997037435137099,1.0,0.3848602455763511,1.1855338830825302,8.63462679134841e-09
149,0.3832703962922519,0.9999920151672781,1.0,0.3848602455763511,1.1852829624923382,1.6817423320603098e-07
149,0.38323174780021124,0.9998548362982052,1.0,0.3848602455763511,1.1854023450834954,1.6324975149473175e-08
149,0.38326605682386783,0.999976759898622,1.0,0.3848602455763511,1.1852962370692406,2.257706288588679e-08
149,0.3832711453717049,0.9999945556560547,1.0,0.3848602455763511,1.1852807518912503,2.7413413761223637e-07
149,0.383272398143039,0.9999990643829625,1.0,0.3848602455763511,1.185276828659453,2.2513228414844377e-07
149,0.38326141482983683,0.9999601481430539,1.0,0.3848602455763511,1.1853106924721017,1.2188320930306418e-07
149,0.3832666380591785,0.999978812126872,1.0,0.3848602455763511,1.1852944512716888,3.4316638641840314e-08
149,0.38327219525437417,0.9999985175255321,1.0,0.3848602455763511,1.1852773045010827,7.353683417754553e-08
149,0.38327121814796244,0.9999946836213203,1.0,0.3848602455763511,1.1852806405428344,3.87849000693663e-07
149,0.3832726322700074,1.0,1.0,0.3848602455763511,1.1852760145443821,1.3505851925721402e-07
149,0.38334173071771266,1.0,1.0,0.3848602455763511,1.1852760145443821,0.0002137844386895793
149,0.3833682701978411,1.0,1.0,0.3848602455763511,1.1852760145443821,0.00029582288023455305
149,0.38318986780301234,1.0,1.0,0.3848602455763511,1.1855318850183532,0.0002558704739710205
149,0.38309286996945136,0.999361351650383,1.0,0.3848602455763511,1.185832080761267,2.303499258005104e-08
149,0.38330668970827725,1.0,1.0,0.3848602455763511,1.1852760145443821,0.0001054487957350414
149,0.3833376312593854,1.0,1.0,0.3848602455763511,1.1852760145443821,0.00020111124195998364
149,0.3833720539383574,1.0,1.0,0.3848602455763511,1.1852760145443821,0.00030751819684526893
149,0.3832626996250702,0.9999646660384615,1.0,0.3848602455763511,1.1853067609919048,1.6386917200961193e-07
149,0.38327059296638905,0.9999929675266257,1.0,0.3848602455763511,1.1852821860938518,5.2296358798997744e-08
149,0.38323351906013425,0.9998607712662667,1.0,0.3848602455763511,1.185397179383604,3.294141972531861e-07
149,0.383272918373654,1.0,1.0,0.3848602455763511,1.1852760145443821,1.0198373132652705e-06
149,0.3831627494050148,0.9996095241928701,1.0,0.3848602455763511,1.185615914425329,1.23219689562859e-07
149,0.38327315804368267,1.0,1.0,0.3848602455763511,1.1852760145443821,1.7610185967242842e-06
