gen,sA,sB,sRail,pRail,Tmax,DeltaT
0,0.59559413962574,0.15657435587987445,0.9424794493214704,0.20431443617977302,4.173443310149932,3.692060248523763
0,0.9382081502009875,0.4759299126793364,0.7283322996330884,0.049661201334987144,1.792748058433561,1.487156031190978
0,0.5657381398026562,0.5917930855843857,0.8604234302693022,0.3440904438476541,1.6041188355608562,1.0973314895738069
0,0.4844402165943256,0.10041739995724973,0.8299574723791138,0.20172413658112537,6.263349770614941,5.671514244809941
0,0.7888677148009765,0.7520485672876698,0.9410308818062288,0.24669310163211003,1.2944975897442483,0.9310539791638407
0,0.9143272591106176,0.09031582774723126,0.21713428346586633,0.18815673028769836,8.51217816697881,8.198604522826125
0,0.6412249826281146,0.6007815480919592,0.6977351858239101,0.264524061053192,1.6698211282101685,1.2226942410467923
0,0.36276767607788485,0.3343304550626421,0.7716426594287783,0.3099779936520156,2.5145849766394224,1.7242473886534055
0,0.3947164118714799,0.8911247397227691,0.12258081640181448,0.32690445349438013,3.815699864719424,3.089332980668979
0,0.7084256854736285,0.2716090085070358,0.4820807712962105,0.09299535846728509,2.9804582690474812,2.5757454863585965
0,0.2017964376914978,0.1569125243339403,0.08365450270994096,0.03670593710784311,10.584423580233025,9.163640672664767
0,0.9889086464908277,0.6435245267421508,0.7909374418238976,0.39964811496515706,1.5579074846405299,1.2679828979474146
0,0.15824652514491067,0.05385906317729741,0.12816602067386057,0.10920228257753575,13.56620038791327,11.754413817391788
0,0.1727323599401918,0.45018021134422626,0.4048266290299422,0.10151824279117919,2.5342395507657915,0.8743946361218116
0,0.5027376718751425,0.3598033863022352,0.6177092223086006,0.3136510554577344,2.502152327608167,1.9318570297416962
0,0.8229792605013264,0.07871345131445012,0.14889135372549184,0.09878337192010064,10.044880840878545,9.696501550763756
0,0.46053997136492825,0.6658239460229591,0.9487022894844319,0.07201267230889577,1.3354232624956213,0.712873759509505
0,0.8968442374469461,0.5366538159785832,0.8489539009299341,0.06888512096477849,1.5737059772493769,1.2540195494282917
0,0.29594109118771506,0.4614687721530228,0.7567021100467163,0.4173486070569997,2.053670052947277,1.084865995418265
0,0.4439166117945722,0.9761775504685208,0.83208191897355,0.2529829230131307,1.169527714480953,0.5236655803830255
0,1.0,0.2372660946248501,0.8119238714952469,0.20088379372160226,3.0081214324793,2.7214125018649833
0,0.39608892693670666,0.9167393205605814,0.7944936041701445,0.42744756054649047,1.1994888198519744,0.4756389197940747
0,0.5657381398026562,1.0,1.0,0.21805174118456072,1.06603364548963,0.5592462995025805
0,0.6979254037628768,0.10041739995724973,0.9161779729885416,0.2919195106041197,6.962307091007237,6.551505407984341
0,1.0,0.3104298187840194,0.2287940474819634,0.12948457709617525,4.107833207238256,3.8211242766239395
0,0.8435297986070323,0.5425576870740525,0.8077832729267052,0.0,1.574936488823496,1.2350446070730323
0,0.5061704180257844,0.8166590986794922,0.6977351858239101,0.3870008945760487,1.3619949713604953,0.7955673016976801
0,0.23924067005295274,0.25267804279908734,0.5382593228820848,0.389953157506072,3.5394495041950025,2.341037337738712
0,0.9360391587388746,0.8911247397227691,0.8088935347624064,0.32690445349438013,1.2332717908458124,0.9269716452610822
0,0.159431316139664,1.0,0.6573443327335879,0.42744756054649047,1.7983225381614634,0.5985664313011101
0,1.0,0.05,0.05,0.0,21.686603353566184,21.399894422951867
0,0.05,1.0,0.6865445390711317,0.42744756054649047,5.7341785033369455,4.552057351341156
0,0.5440462619250539,1.0,0.884312099230313,0.42744756054649047,1.093337941821095,0.5663442825695068
0,0.36272495931965265,0.05,0.16393644122442852,0.10151824279117919,13.157364968067114,12.366934304987401
0,0.8419294327160044,0.05,0.05,0.04982876143935591,21.571580904943147,21.23104294603656
0,0.5970497464129794,0.05,1.0,0.09878337192010064,10.057733453228627,9.577524003106024
0,1.0,0.6658239460229591,0.2344995876214737,0.2688598394695257,2.7883083018905004,2.5015993712761837
0,0.05,0.16283074592456975,0.061180540621349255,0.0,13.801851080490831,8.067672577153886
0,0.5955945359672584,0.4499463954354262,0.6413905578521819,0.0,1.9455475441103904,1.4641648028231127
0,0.5243566496339518,0.05,0.05,0.0,21.686603353566184,21.13982106224902
1,0.4439166117945722,0.9761775504685208,0.83208191897355,0.2529829230131307,1.169527714480953,0.5236655803830255
1,0.39608892693670666,0.9167393205605814,0.7944936041701445,0.42744756054649047,1.1994888198519744,0.4756389197940747
1,0.5657381398026562,1.0,1.0,0.21805174118456072,1.06603364548963,0.5592462995025805
1,0.5440462619250539,1.0,0.884312099230313,0.42744756054649047,1.093337941821095,0.5663442825695068
1,0.46053997136492825,0.6658239460229591,0.9487022894844319,0.07201267230889577,1.3354232624956213,0.712873759509505
1,0.9360391587388746,0.8911247397227691,0.8088935347624064,0.32690445349438013,1.2332717908458124,0.9269716452610822
1,0.159431316139664,1.0,0.6573443327335879,0.42744756054649047,1.7983225381614634,0.5985664313011101
1,0.5061704180257844,0.8166590986794922,0.6977351858239101,0.3870008945760487,1.3619949713604953,0.7955673016976801
1,0.7888677148009765,0.7520485672876698,0.9410308818062288,0.24669310163211003,1.2944975897442483,0.9310539791638407
1,0.1727323599401918,0.45018021134422626,0.4048266290299422,0.10151824279117919,2.5342395507657915,0.8743946361218116
1,0.5657381398026562,0.5917930855843857,0.8604234302693022,0.3440904438476541,1.6041188355608562,1.0973314895738069
1,0.9889086464908277,0.6435245267421508,0.7909374418238976,0.39964811496515706,1.5579074846405299,1.2679828979474146
1,0.8968442374469461,0.5366538159785832,0.8489539009299341,0.06888512096477849,1.5737059772493769,1.2540195494282917
1,0.29594109118771506,0.4614687721530228,0.7567021100467163,0.4173486070569997,2.053670052947277,1.084865995418265
1,0.8435297986070323,0.5425576870740525,0.8077832729267052,0.0,1.574936488823496,1.2350446070730323
1,0.6412249826281146,0.6007815480919592,0.6977351858239101,0.264524061053192,1.6698211282101685,1.2226942410467923
1,0.9382081502009875,0.4759299126793364,0.7283322996330884,0.049661201334987144,1.792748058433561,1.487156031190978
1,0.5955945359672584,0.4499463954354262,0.6413905578521819,0.0,1.9455475441103904,1.4641648028231127
1,0.36276767607788485,0.3343304550626421,0.7716426594287783,0.3099779936520156,2.5145849766394224,1.7242473886534055
1,0.5027376718751425,0.3598033863022352,0.6177092223086006,0.3136510554577344,2.502152327608167,1.9318570297416962
1,1.0,0.8623033637131414,0.8636310804074715,0.11093410617079125,1.243351826837183,0.9566428962228661
1,0.4034971428086064,0.9167393205605814,1.0,0.42744756054649047,1.1289894865833079,0.4184294856009405
1,1.0,0.8795001541038133,1.0,0.21805174118456072,1.1460588720164198,0.8593499414021029
1,0.3544033091824376,1.0,0.8571488514062402,0.2353106032819125,1.1425738815874737,0.3335833257333666
1,0.8945963912537876,0.6341005963447224,0.8810961860573606,0.0,1.4005677726213337,1.0800780709149473
1,0.5785562820697734,0.866187789734358,0.7502010810752487,0.2773458320468048,1.302802081590927,0.8072428088097705
1,0.7890327934662611,1.0,1.0,0.2271407993251024,1.065551070822865,0.7021834986359965
1,0.5562223947909742,0.8261265123467512,0.5572760291696477,0.044561839973264156,1.6890079286322193,1.1735505628903882
1,0.36449121379755733,1.0,1.0,0.42744756054649047,1.057681956190806,0.27108156841392295
1,0.3121156077190186,1.0,0.4048266290299422,0.2389913231207537,1.7427149506281778,0.8241164477281359
1,0.256157925101846,1.0,0.8604234302693022,0.42744756054649047,1.1192662872630885,0.017371292293814067
1,0.874713859964587,0.4238230476720116,0.9643284006175113,0.11563488660468027,1.758152104647769,1.430377567515296
1,1.0,0.5366538159785832,0.6674014532892031,0.0,1.7650043410295408,1.478295410415224
1,0.09486383006823523,0.6658239460229591,0.640312188944661,0.26046890973463255,3.0223208115514226,1.3981517102153513
1,0.8435297986070323,0.392751960570433,0.7731116597404664,0.10006195208814139,1.9828676776772833,1.6429757959268196
1,0.7192205461892387,0.6007815480919592,0.8947178387989785,0.264524061053192,1.5324120505038463,1.1337736467186608
1,0.9949301845043326,0.7282331349081027,1.0,0.42744756054649047,1.3506817896339907,1.0625118908026547
1,1.0,0.34084160221128657,0.9058373394761161,0.0,1.9003574486978936,1.6136485180835767
1,0.10869360243607407,1.0,1.0,0.40453440887774694,2.6377718820376383,1.5793949412329276
1,0.508122510341686,0.44298375434040266,0.932541805839774,0.13748196763259501,1.75117053725163,1.1869189551991495
2,0.36449121379755733,1.0,1.0,0.42744756054649047,1.057681956190806,0.27108156841392295
2,0.256157925101846,1.0,0.8604234302693022,0.42744756054649047,1.1192662872630885,0.017371292293814067
2,0.5657381398026562,1.0,1.0,0.21805174118456072,1.06603364548963,0.5592462995025805
2,0.7890327934662611,1.0,1.0,0.2271407993251024,1.065551070822865,0.7021834986359965
2,0.4034971428086064,0.9167393205605814,1.0,0.42744756054649047,1.1289894865833079,0.4184294856009405
2,0.3544033091824376,1.0,0.8571488514062402,0.2353106032819125,1.1425738815874737,0.3335833257333666
2,0.5440462619250539,1.0,0.884312099230313,0.42744756054649047,1.093337941821095,0.5663442825695068
2,0.4439166117945722,0.9761775504685208,0.83208191897355,0.2529829230131307,1.169527714480953,0.5236655803830255
2,0.39608892693670666,0.9167393205605814,0.7944936041701445,0.42744756054649047,1.1994888198519744,0.4756389197940747
2,1.0,0.8795001541038133,1.0,0.21805174118456072,1.1460588720164198,0.8593499414021029
2,0.46053997136492825,0.6658239460229591,0.9487022894844319,0.07201267230889577,1.3354232624956213,0.712873759509505
2,0.159431316139664,1.0,0.6573443327335879,0.42744756054649047,1.7983225381614634,0.5985664313011101
2,0.5785562820697734,0.866187789734358,0.7502010810752487,0.2773458320468048,1.302802081590927,0.8072428088097705
2,0.9360391587388746,0.8911247397227691,0.8088935347624064,0.32690445349438013,1.2332717908458124,0.9269716452610822
2,0.5061704180257844,0.8166590986794922,0.6977351858239101,0.3870008945760487,1.3619949713604953,0.7955673016976801
2,0.7888677148009765,0.7520485672876698,0.9410308818062288,0.24669310163211003,1.2944975897442483,0.9310539791638407
2,1.0,0.8623033637131414,0.8636310804074715,0.11093410617079125,1.243351826837183,0.9566428962228661
2,0.3121156077190186,1.0,0.4048266290299422,0.2389913231207537,1.7427149506281778,0.8241164477281359
2,0.9949301845043326,0.7282331349081027,1.0,0.42744756054649047,1.3506817896339907,1.0625118908026547
2,0.1727323599401918,0.45018021134422626,0.4048266290299422,0.10151824279117919,2.5342395507657915,0.8743946361218116
2,1.0,0.7418723744740636,0.7673780871095792,0.1487658120591943,1.4179416186386735,1.1312326880243566
2,0.9469980768110878,1.0,0.8280041812861658,0.1275629448376614,1.190680153184608,0.8879245957881969
2,0.05,0.7683107141028006,0.9203080441939026,0.19985660746700126,5.7341785033369455,4.452871780125437
2,0.7890327934662611,1.0,0.6466882815055859,0.42744756054649047,1.206588273611265,0.8432207014243964
2,0.6735318210822667,0.5908893345274824,1.0,0.07201267230889577,1.3868755275615705,0.9611956687916511
2,0.05,1.0,0.5275586566632179,0.3353971946331462,5.7341785033369455,4.346920913448811
2,0.4995249506151149,0.9493130204413782,0.7125048074836665,0.14237216981650422,1.323095416697898,0.7491322343303122
2,0.846597550601274,0.9895378729429398,0.83208191897355,0.1291733582462649,1.19214255623877,0.8534823151847556
2,0.50707342387246,0.8876279943126892,0.9013273539990537,0.42744756054649047,1.1869154786866565,0.621496514020663
2,0.528194367714318,0.866187789734358,1.0,0.42744756054649047,1.1789719548951443,0.6361624364996601
2,0.634323858703307,0.8795001541038133,0.6916098994602291,0.4065079786102975,1.293972138006498,0.8419807356412636
2,0.8865327532924013,1.0,1.0,0.2271407993251024,1.065551070822865,0.7421462902179267
2,0.846597550601274,0.9895378729429398,1.0,0.1291733582462649,1.0769470305515216,0.7382867894975073
2,1.0,0.5074583887049622,0.8088935347624064,0.4196163631702302,1.8788331627010892,1.5921242320867723
2,0.33852416980169375,0.9426785589692462,0.7452298130895859,0.42744756054649047,1.1986002578850459,0.351662415242847
2,0.11533474384817499,0.9405860713376649,0.8204672134571858,0.42744756054649047,2.4858851621724685,1.3189696792768364
2,0.05,1.0,0.121688298860536,0.42744756054649047,5.7341785033369455,2.709290194677651
2,0.46757178513402003,1.0,0.4048266290299422,0.27042938676646666,1.6949894160167425,1.0818024372394421
2,0.884073515301217,0.891550138693432,0.4048266290299422,0.05053508569501691,2.085534959916564,1.7612305603225604
2,0.8545022546308179,0.7982839151372341,0.9823661657797239,0.42178672130357187,1.259848102328017,0.924320689718241
3,0.36449121379755733,1.0,1.0,0.42744756054649047,1.057681956190806,0.27108156841392295
3,0.256157925101846,1.0,0.8604234302693022,0.42744756054649047,1.1192662872630885,0.017371292293814067
3,0.5657381398026562,1.0,1.0,0.21805174118456072,1.06603364548963,0.5592462995025805
3,0.7890327934662611,1.0,1.0,0.2271407993251024,1.065551070822865,0.7021834986359965
3,0.4034971428086064,0.9167393205605814,1.0,0.42744756054649047,1.1289894865833079,0.4184294856009405
3,0.3544033091824376,1.0,0.8571488514062402,0.2353106032819125,1.1425738815874737,0.3335833257333666
3,0.5440462619250539,1.0,0.884312099230313,0.42744756054649047,1.093337941821095,0.5663442825695068
3,0.8865327532924013,1.0,1.0,0.2271407993251024,1.065551070822865,0.7421462902179267
3,0.846597550601274,0.9895378729429398,1.0,0.1291733582462649,1.0769470305515216,0.7382867894975073
3,0.4439166117945722,0.9761775504685208,0.83208191897355,0.2529829230131307,1.169527714480953,0.5236655803830255
3,0.33852416980169375,0.9426785589692462,0.7452298130895859,0.42744756054649047,1.1986002578850459,0.351662415242847
3,1.0,0.8795001541038133,1.0,0.21805174118456072,1.1460588720164198,0.8593499414021029
3,0.50707342387246,0.8876279943126892,0.9013273539990537,0.42744756054649047,1.1869154786866565,0.621496514020663
3,0.528194367714318,0.866187789734358,1.0,0.42744756054649047,1.1789719548951443,0.6361624364996601
3,0.39608892693670666,0.9167393205605814,0.7944936041701445,0.42744756054649047,1.1994888198519744,0.4756389197940747
3,0.9469980768110878,1.0,0.8280041812861658,0.1275629448376614,1.190680153184608,0.8879245957881969
3,0.159431316139664,1.0,0.6573443327335879,0.42744756054649047,1.7983225381614634,0.5985664313011101
3,0.46053997136492825,0.6658239460229591,0.9487022894844319,0.07201267230889577,1.3354232624956213,0.712873759509505
3,0.4995249506151149,0.9493130204413782,0.7125048074836665,0.14237216981650422,1.323095416697898,0.7491322343303122
3,0.5785562820697734,0.866187789734358,0.7502010810752487,0.2773458320468048,1.302802081590927,0.8072428088097705
3,0.8446526460356227,0.8003763565392429,1.0,0.0,1.1801868335869794,0.840746790502696
3,0.14480086397959224,0.5654293411550211,0.9538320605359887,0.2878322462319045,1.9800222252914967,0.3974556203339408
3,0.5996772259116314,0.8447475851560267,0.848873727076195,0.27042938676646666,1.2564103204688535,0.7783049030302231
3,0.12865322494773956,0.7862549352620369,0.640312188944661,0.07201267230889577,2.228540549908094,0.677466177017064
3,0.4034971428086064,0.9746376510409259,1.0,0.42744756054649047,1.0781128606882622,0.3675528597058948
3,0.4374141507352438,1.0,1.0,0.21805174118456072,1.06603364548963,0.4105703282566664
3,0.5440462619250539,1.0,0.6196109003319579,0.42744756054649047,1.2250062830054311,0.698012623753843
3,0.8593303383783291,0.7313426431670818,1.0,0.0,1.2255131666644195,0.8918708899254864
3,0.5324625855553217,0.8988651948814204,1.0,0.1291733582462649,1.128001728559481,0.5895433689668538
3,0.4439166117945722,0.8288820312023004,0.7125048074836665,0.3226482549157535,1.354680673255316,0.7088185391573885
3,1.0,1.0,0.8741721207501771,0.42744756054649047,1.0969130121273014,0.8102040815129845
3,0.8979360963019636,0.7637140358590798,0.9538320605359887,0.0,1.2371201570924009,0.9178224567744132
3,0.8993153776955495,0.8876279943126892,1.0,0.15755140640854431,1.1364025520249181,0.8175945590860061
3,0.46451012889944054,0.9895378729429398,1.0,0.30944944334551416,1.068857024943599,0.4516284384258109
3,0.33639476640410537,0.8876279943126892,0.8768804309573882,0.25452429900837026,1.2050550767126318,0.3527560557929421
3,0.5083164293518472,0.8712429428169803,0.7944936041701445,0.42744756054649047,1.2442120324745343,0.6801757082845583
3,0.10347363352249139,0.9250653885045232,0.6754676740224322,0.42744756054649047,2.7708404389594117,1.5186099440706782
3,0.09963978237080601,0.866187789734358,0.6216350473408649,0.2846986556079339,2.877454378177925,1.4618468851114106
3,0.9634262723082065,0.9167393205605814,0.7125048074836665,0.2471714754472412,1.3028098008396076,1.005216784285755
3,0.9316984929295737,0.8996091222451991,0.9013273539990537,0.2389913231207537,1.182807346042352,0.8750801866994307
4,0.36449121379755733,1.0,1.0,0.42744756054649047,1.057681956190806,0.27108156841392295
4,0.256157925101846,1.0,0.8604234302693022,0.42744756054649047,1.1192662872630885,0.017371292293814067
4,0.7890327934662611,1.0,1.0,0.2271407993251024,1.065551070822865,0.7021834986359965
4,0.4034971428086064,0.9746376510409259,1.0,0.42744756054649047,1.0781128606882622,0.3675528597058948
4,0.4374141507352438,1.0,1.0,0.21805174118456072,1.06603364548963,0.4105703282566664
4,0.3544033091824376,1.0,0.8571488514062402,0.2353106032819125,1.1425738815874737,0.3335833257333666
4,0.8865327532924013,1.0,1.0,0.2271407993251024,1.065551070822865,0.7421462902179267
4,0.5657381398026562,1.0,1.0,0.21805174118456072,1.06603364548963,0.5592462995025805
4,0.4034971428086064,0.9167393205605814,1.0,0.42744756054649047,1.1289894865833079,0.4184294856009405
4,0.46451012889944054,0.9895378729429398,1.0,0.30944944334551416,1.068857024943599,0.4516284384258109
4,0.33852416980169375,0.9426785589692462,0.7452298130895859,0.42744756054649047,1.1986002578850459,0.351662415242847
4,0.5440462619250539,1.0,0.884312099230313,0.42744756054649047,1.093337941821095,0.5663442825695068
4,0.846597550601274,0.9895378729429398,1.0,0.1291733582462649,1.0769470305515216,0.7382867894975073
4,0.4439166117945722,0.9761775504685208,0.83208191897355,0.2529829230131307,1.169527714480953,0.5236655803830255
4,0.39608892693670666,0.9167393205605814,0.7944936041701445,0.42744756054649047,1.1994888198519744,0.4756389197940747
4,0.33639476640410537,0.8876279943126892,0.8768804309573882,0.25452429900837026,1.2050550767126318,0.3527560557929421
4,0.5324625855553217,0.8988651948814204,1.0,0.1291733582462649,1.128001728559481,0.5895433689668538
4,1.0,1.0,0.8741721207501771,0.42744756054649047,1.0969130121273014,0.8102040815129845
4,0.14480086397959224,0.5654293411550211,0.9538320605359887,0.2878322462319045,1.9800222252914967,0.3974556203339408
4,0.159431316139664,1.0,0.6573443327335879,0.42744756054649047,1.7983225381614634,0.5985664313011101
4,0.7691732841052994,0.9746376510409259,1.0,0.2389913231207537,1.0806589005882856,0.7079094350867953
4,0.05,0.6403639526504978,0.8303977162430878,0.42744756054649047,5.7341785033369455,4.179891711082795
4,0.05,0.9250653885045232,0.6754676740224322,0.42744756054649047,5.7341785033369455,4.481948008448212
4,0.6016798222246709,1.0,1.0,0.3062224381555145,1.0618919248609564,0.5853778058326258
4,0.2423135745127796,1.0,0.9209030676796018,0.42744756054649047,1.1832144785709902,0.10212282534598294
4,0.6597112046324203,0.8884030678243602,0.9933114985543677,0.0,1.137321380236204,0.7027237434927485
4,0.09043206514335456,0.9771738859368333,1.0,0.39832782628381,3.17043437276474,2.094181375562931
4,0.792720456333182,0.9089786753932784,1.0,0.15900077847628746,1.1224906151485923,0.7608133955830053
4,0.4034971428086064,0.9895378729429398,1.0,0.1291733582462649,1.0769470305515216,0.36638702956915425
4,0.6742523122757857,0.8516572343625246,1.0,0.15900077847628746,1.1616283377869514,0.7364033511523786
4,0.19052728185792817,1.0,0.7452298130895859,0.42744756054649047,1.504818242302957,0.3539593431608665
4,0.5612797897508607,1.0,0.9596813392145456,0.3080622049497985,1.0782831498525858,0.5674702974648729
4,0.05478384038789735,0.5748452555063752,0.9538320605359887,0.3940305517127832,5.233457962010756,3.603213324150487
4,0.2847994253223526,0.9164783653461434,0.83208191897355,0.2718166251621823,1.2076709873531084,0.20096625271466184
4,0.44768159307215827,0.8939132064974147,1.0,0.42744756054649047,1.1508586452085139,0.510428181465094
4,0.24102420997555352,0.9426785589692462,0.6196109003319579,0.42744756054649047,1.2727476417483867,0.08320353022298499
4,0.3399141909091036,1.0,0.8743810872423721,0.21805174118456072,1.1352732676994184,0.29179883289943054
4,0.2627943783899832,0.9761775504685208,0.83208191897355,0.42744756054649047,1.1318444821015186,0.040843481370244517
4,0.12077567426724933,0.8351339103052139,1.0,0.42744756054649047,2.3738963186635353,1.1612197782256728
4,0.25748024551396154,0.8997030395454492,1.0,0.42744756054649047,1.1452065065930113,0.03168834439302537
5,0.36449121379755733,1.0,1.0,0.42744756054649047,1.057681956190806,0.27108156841392295
5,0.256157925101846,1.0,0.8604234302693022,0.42744756054649047,1.1192662872630885,0.017371292293814067
5,0.4374141507352438,1.0,1.0,0.21805174118456072,1.06603364548963,0.4105703282566664
5,0.6016798222246709,1.0,1.0,0.3062224381555145,1.0618919248609564,0.5853778058326258
5,0.4034971428086064,0.9895378729429398,1.0,0.1291733582462649,1.0769470305515216,0.36638702956915425
5,0.2627943783899832,0.9761775504685208,0.83208191897355,0.42744756054649047,1.1318444821015186,0.040843481370244517
5,0.25748024551396154,0.8997030395454492,1.0,0.42744756054649047,1.1452065065930113,0.03168834439302537
5,0.5657381398026562,1.0,1.0,0.21805174118456072,1.06603364548963,0.5592462995025805
5,0.46451012889944054,0.9895378729429398,1.0,0.30944944334551416,1.068857024943599,0.4516284384258109
5,0.7890327934662611,1.0,1.0,0.2271407993251024,1.065551070822865,0.7021834986359965
5,0.4034971428086064,0.9746376510409259,1.0,0.42744756054649047,1.0781128606882622,0.3675528597058948
5,0.3399141909091036,1.0,0.8743810872423721,0.21805174118456072,1.1352732676994184,0.29179883289943054
5,0.2423135745127796,1.0,0.9209030676796018,0.42744756054649047,1.1832144785709902,0.10212282534598294
5,0.24102420997555352,0.9426785589692462,0.6196109003319579,0.42744756054649047,1.2727476417483867,0.08320353022298499
5,0.8865327532924013,1.0,1.0,0.2271407993251024,1.065551070822865,0.7421462902179267
5,0.2847994253223526,0.9164783653461434,0.83208191897355,0.2718166251621823,1.2076709873531084,0.20096625271466184
5,0.3544033091824376,1.0,0.8571488514062402,0.2353106032819125,1.1425738815874737,0.3335833257333666
5,0.4034971428086064,0.9167393205605814,1.0,0.42744756054649047,1.1289894865833079,0.4184294856009405
5,0.5440462619250539,1.0,0.884312099230313,0.42744756054649047,1.093337941821095,0.5663442825695068
5,0.5612797897508607,1.0,0.9596813392145456,0.3080622049497985,1.0782831498525858,0.5674702974648729
5,1.0,1.0,1.0,0.038684561899365616,1.079753268594296,0.7930443379799792
5,0.8292386191371404,1.0,1.0,0.42744756054649047,1.057681956190806,0.711932344512554
5,0.051998964866920516,1.0,0.8131248601419546,0.42744756054649047,5.513742939326752,4.393422048299958
5,0.29237683936880293,0.9379485760152615,0.657649810298762,0.1291733582462649,1.401937790393085,0.4213234211449177
5,0.3461749486935409,0.9905840856486459,0.8604234302693022,0.3212492550656118,1.1292184704871437,0.30099871872624584
5,0.2627943783899832,1.0,1.0,0.22423649465410267,1.091001000731274,0.02529730236858141
5,0.5134570181649063,0.9746376510409259,1.0,0.42744756054649047,1.0781128606882622,0.5197235112402144
5,0.5408503956802084,1.0,1.0,0.21805174118456072,1.06603364548963,0.5359259989743039
5,0.46451012889944054,1.0,1.0,0.30944944334551416,1.0617604964917429,0.44453190997395486
5,0.05,1.0,0.7702619765496537,0.39832782628381,5.7341785033369455,4.585629556877138
5,0.34898103875433123,1.0,0.9321676840141906,0.42744756054649047,1.077515150877172,0.25595495636672694
5,0.978059905159218,1.0,1.0,0.2271407993251024,1.065551070822865,0.7724106107186222
5,0.5361024387446908,0.9652217366895718,1.0,0.15900077847628746,1.0886073582260707,0.5538048472776672
5,0.5669282281735601,0.9097327355909043,1.0,0.21805174118456072,1.12398889757552,0.6182653929989779
5,0.4325149220709763,1.0,1.0,0.4119145846588739,1.058148644024648,0.39526069355738414
5,0.36250208646654225,0.987975709773023,0.733185826306508,0.42744756054649047,1.1664222309254946,0.3755055967489036
5,0.9960118391862762,1.0,0.9596813392145456,0.12778611985054925,1.095795136135914,0.8079381857131109
5,0.9654865320523025,0.9167393205605814,1.0,0.316242357276286,1.1230410857359392,0.8260831053955815
5,0.5497227823583539,0.9589127031369056,1.0,0.15900077847628746,1.0922102702499457,0.5706584270655135
5,0.05,0.9245882535408425,0.48973172927231207,0.42744756054649047,5.7341785033369455,4.3284776809647045
6,0.36449121379755733,1.0,1.0,0.42744756054649047,1.057681956190806,0.27108156841392295
6,0.256157925101846,1.0,0.8604234302693022,0.42744756054649047,1.1192662872630885,0.017371292293814067
6,0.2627943783899832,1.0,1.0,0.22423649465410267,1.091001000731274,0.02529730236858141
6,0.34898103875433123,1.0,0.9321676840141906,0.42744756054649047,1.077515150877172,0.25595495636672694
6,0.4034971428086064,0.9895378729429398,1.0,0.1291733582462649,1.0769470305515216,0.36638702956915425
6,0.8292386191371404,1.0,1.0,0.42744756054649047,1.057681956190806,0.711932344512554
6,0.4325149220709763,1.0,1.0,0.4119145846588739,1.058148644024648,0.39526069355738414
6,0.2627943783899832,0.9761775504685208,0.83208191897355,0.42744756054649047,1.1318444821015186,0.040843481370244517
6,0.25748024551396154,0.8997030395454492,1.0,0.42744756054649047,1.1452065065930113,0.03168834439302537
6,0.3461749486935409,0.9905840856486459,0.8604234302693022,0.3212492550656118,1.1292184704871437,0.30099871872624584
6,0.4034971428086064,0.9746376510409259,1.0,0.42744756054649047,1.0781128606882622,0.3675528597058948
6,0.4374141507352438,1.0,1.0,0.21805174118456072,1.06603364548963,0.4105703282566664
6,0.46451012889944054,1.0,1.0,0.30944944334551416,1.0617604964917429,0.44453190997395486
6,0.3399141909091036,1.0,0.8743810872423721,0.21805174118456072,1.1352732676994184,0.29179883289943054
6,0.2423135745127796,1.0,0.9209030676796018,0.42744756054649047,1.1832144785709902,0.10212282534598294
6,0.24102420997555352,0.9426785589692462,0.6196109003319579,0.42744756054649047,1.2727476417483867,0.08320353022298499
6,0.6016798222246709,1.0,1.0,0.3062224381555145,1.0618919248609564,0.5853778058326258
6,0.2847994253223526,0.9164783653461434,0.83208191897355,0.2718166251621823,1.2076709873531084,0.20096625271466184
6,0.3544033091824376,1.0,0.8571488514062402,0.2353106032819125,1.1425738815874737,0.3335833257333666
6,0.4034971428086064,0.9167393205605814,1.0,0.42744756054649047,1.1289894865833079,0.4184294856009405
6,0.7375118215221952,1.0,1.0,0.3028119745069955,1.0620321835360917,0.6732805430260884
6,0.8918821146112169,1.0,1.0,0.39459214085424765,1.0586914558808471,0.7372264036249883
6,0.48002910725197145,0.8997030395454492,1.0,0.42744756054649047,1.1452065065930113,0.5479324538900869
6,0.40198961493700264,0.9250653885045232,1.0,0.42744756054649047,1.1212811092866497,0.4080563902034656
6,0.23743725178724895,1.0,0.9288127609116417,0.3242500466654394,1.2075145224070032,0.11754258641175008
6,0.4756135267310921,1.0,1.0,0.42744756054649047,1.057681956190806,0.45486283061049104
6,0.4325149220709763,0.9895378729429398,1.0,0.0,1.0883936115965156,0.4255056611292518
6,0.376522629782046,1.0,0.9702058728881053,0.42376684070764925,1.0662737568822638,0.30480842263256713
6,0.1817790571574578,0.9846518733847396,0.83208191897355,0.42744756054649047,1.5772385103496207,0.45231607911051586
6,0.3016646957775134,0.8768769254822825,1.0,0.42744756054649047,1.1679226947818635,0.21750014297600195
6,0.2904341073283462,0.9746376510409259,0.8195200276977872,0.3646943876551283,1.152381734149962,0.16520797363251272
6,0.8870020712259211,1.0,1.0,0.42744756054649047,1.057681956190806,0.7344482909282963
6,0.31859220430346674,1.0,0.7096880888685344,0.42744756054649047,1.1691749072939077,0.26925040779798126
6,0.259707211678218,1.0,1.0,0.20034683319363578,1.1039698433645868,0.03695295690332001
6,0.193688551359356,1.0,0.5320308975411341,0.21805174118456072,1.4899505542676266,0.009693061459861818
6,0.4059932838859966,0.933539711420742,0.9827677641638681,0.3308890782147033,1.116640862125128,0.4104495491788216
6,0.5980755373351012,1.0,0.6196109003319579,0.42744756054649047,1.2250062830054311,0.745620465456105
6,0.6016798222246709,1.0,1.0,0.03777565608531147,1.0798516532930262,0.6033375342646956
6,0.3544033091824376,1.0,0.9288127609116417,0.22423649465410267,1.102167764921166,0.2931772090670589
6,0.09595899850930942,0.9655046730324129,0.5484236612435995,0.42744756054649047,2.9878274301224956,1.677672735664001
7,0.36449121379755733,1.0,1.0,0.42744756054649047,1.057681956190806,0.27108156841392295
7,0.256157925101846,1.0,0.8604234302693022,0.42744756054649047,1.1192662872630885,0.017371292293814067
7,0.2627943783899832,1.0,1.0,0.22423649465410267,1.091001000731274,0.02529730236858141
7,0.34898103875433123,1.0,0.9321676840141906,0.42744756054649047,1.077515150877172,0.25595495636672694
7,0.193688551359356,1.0,0.5320308975411341,0.21805174118456072,1.4899505542676266,0.009693061459861818
7,0.4325149220709763,1.0,1.0,0.4119145846588739,1.058148644024648,0.39526069355738414
7,0.4756135267310921,1.0,1.0,0.42744756054649047,1.057681956190806,0.45486283061049104
7,0.376522629782046,1.0,0.9702058728881053,0.42376684070764925,1.0662737568822638,0.30480842263256713
7,0.25748024551396154,0.8997030395454492,1.0,0.42744756054649047,1.1452065065930113,0.03168834439302537
7,0.259707211678218,1.0,1.0,0.20034683319363578,1.1039698433645868,0.03695295690332001
7,0.3544033091824376,1.0,0.9288127609116417,0.22423649465410267,1.102167764921166,0.2931772090670589
7,0.4374141507352438,1.0,1.0,0.21805174118456072,1.06603364548963,0.4105703282566664
7,0.46451012889944054,1.0,1.0,0.30944944334551416,1.0617604964917429,0.44453190997395486
7,0.8292386191371404,1.0,1.0,0.42744756054649047,1.057681956190806,0.711932344512554
7,0.4034971428086064,0.9895378729429398,1.0,0.1291733582462649,1.0769470305515216,0.36638702956915425
7,0.2627943783899832,0.9761775504685208,0.83208191897355,0.42744756054649047,1.1318444821015186,0.040843481370244517
7,0.3461749486935409,0.9905840856486459,0.8604234302693022,0.3212492550656118,1.1292184704871437,0.30099871872624584
7,0.8870020712259211,1.0,1.0,0.42744756054649047,1.057681956190806,0.7344482909282963
7,0.24102420997555352,0.9426785589692462,0.6196109003319579,0.42744756054649047,1.2727476417483867,0.08320353022298499
7,0.4034971428086064,0.9746376510409259,1.0,0.42744756054649047,1.0781128606882622,0.3675528597058948
7,0.33343796960464545,1.0,0.9389509156127716,0.3242500466654394,1.0856038942016943,0.22574702072949437
7,0.9078453490756203,1.0,1.0,0.42744756054649047,1.057681956190806,0.7418694327503941
7,0.47358040959134634,1.0,1.0,0.42744756054649047,1.057681956190806,0.45227488172372543
7,0.4974196676012134,1.0,1.0,0.42744756054649047,1.057681956190806,0.481289527424819
7,0.5071517984953314,1.0,1.0,0.21025681635524773,1.0664593041908828,0.5011277186846677
7,0.05,0.9230483541132475,0.657649810298762,0.42744756054649047,5.7341785033369455,4.469161205053755
7,0.4756135267310921,0.9698509076506528,1.0,0.42376684070764925,1.0820866425385418,0.4792675169582269
7,0.43402244994258005,0.9840535653922801,1.0,0.42744756054649047,1.0704048575949328,0.4098193734146304
7,0.3505408897203558,1.0,0.9389509156127716,0.30944944334551416,1.0871534679932222,0.2692490851069814
7,0.49520667830407883,1.0,1.0,0.15900077847628746,1.0695624982571328,0.4905942757284262
7,0.8808285938406993,0.9990584085648646,1.0,0.2545792534090783,1.0647611424080663,0.7392620242137051
7,0.31827065505480867,0.9895378729429398,1.0,0.10767266293184471,1.078398538166729,0.17756484380424187
7,0.48594518052181535,0.9746376510409259,0.9359314848204775,0.42744756054649047,1.0967702414382785,0.506767620148464
7,0.5349123503737867,1.0,1.0,0.1291733582462649,1.0716519347370734,0.5356595797939008
7,0.44219687032366334,1.0,0.848873727076195,0.1291733582462649,1.1732770644994166,0.5249031172962242
7,0.1586734960592208,0.8524112945601505,0.6806599847191863,0.42744756054649047,1.8069112751326017,0.48541862178557893
7,0.9076739224207713,1.0,1.0,0.21805174118456072,1.06603364548963,0.750161476527786
7,0.22841493999371976,0.9761775504685208,0.83208191897355,0.2389913231207537,1.2552109317091862,0.08249577710152778
7,0.30588243409421545,1.0,1.0,0.42744756054649047,1.057681956190806,0.12036454921803885
7,0.8790737500584183,1.0,1.0,0.42744756054649047,1.057681956190806,0.7315330630452379
8,0.256157925101846,1.0,0.8604234302693022,0.42744756054649047,1.1192662872630885,0.017371292293814067
8,0.2627943783899832,1.0,1.0,0.22423649465410267,1.091001000731274,0.02529730236858141
8,0.193688551359356,1.0,0.5320308975411341,0.21805174118456072,1.4899505542676266,0.009693061459861818
8,0.30588243409421545,1.0,1.0,0.42744756054649047,1.057681956190806,0.12036454921803885
8,0.25748024551396154,0.8997030395454492,1.0,0.42744756054649047,1.1452065065930113,0.03168834439302537
8,0.259707211678218,1.0,1.0,0.20034683319363578,1.1039698433645868,0.03695295690332001
8,0.36449121379755733,1.0,1.0,0.42744756054649047,1.057681956190806,0.27108156841392295
8,0.34898103875433123,1.0,0.9321676840141906,0.42744756054649047,1.077515150877172,0.25595495636672694
8,0.31827065505480867,0.9895378729429398,1.0,0.10767266293184471,1.078398538166729,0.17756484380424187
8,0.2627943783899832,0.9761775504685208,0.83208191897355,0.42744756054649047,1.1318444821015186,0.040843481370244517
8,0.4325149220709763,1.0,1.0,0.4119145846588739,1.058148644024648,0.39526069355738414
8,0.376522629782046,1.0,0.9702058728881053,0.42376684070764925,1.0662737568822638,0.30480842263256713
8,0.47358040959134634,1.0,1.0,0.42744756054649047,1.057681956190806,0.45227488172372543
8,0.33343796960464545,1.0,0.9389509156127716,0.3242500466654394,1.0856038942016943,0.22574702072949437
8,0.22841493999371976,0.9761775504685208,0.83208191897355,0.2389913231207537,1.2552109317091862,0.08249577710152778
8,0.4756135267310921,1.0,1.0,0.42744756054649047,1.057681956190806,0.45486283061049104
8,0.3505408897203558,1.0,0.9389509156127716,0.30944944334551416,1.0871534679932222,0.2692490851069814
8,0.4034971428086064,0.9895378729429398,1.0,0.1291733582462649,1.0769470305515216,0.36638702956915425
8,0.43402244994258005,0.9840535653922801,1.0,0.42744756054649047,1.0704048575949328,0.4098193734146304
8,0.46451012889944054,1.0,1.0,0.30944944334551416,1.0617604964917429,0.44453190997395486
8,0.5017723016993096,0.9311729401692355,1.0,0.42744756054649047,1.1157143085638064,0.5443218077050294
8,0.19778290634716683,1.0,0.9389509156127716,0.30944944334551416,1.449614300581434,0.3624608325882117
8,0.17590676070333214,0.9097327355909043,0.9389509156127716,0.3382297249642943,1.6298914727596554,0.4763841154680153
8,0.3786265715252998,1.0,1.0,0.42744756054649047,1.057681956190806,0.3004479116049156
8,0.25748024551396154,0.8997030395454492,1.0,0.42744756054649047,1.1452065065930113,0.03168834439302537
8,0.3641914728152089,1.0,0.8840067396642659,0.42744756054649047,1.0934444052523373,0.3061966207352782
8,0.25981178153463347,1.0,0.8772235080656849,0.3485494763523994,1.1094503387992354,0.0059248246597569665
8,0.34898103875433123,0.9950641232044062,0.9702058728881053,0.42744756054649047,1.0699463155537974,0.24838612104335223
8,0.29023328945115767,1.0,1.0,0.11803818917322399,1.0724948227449638,0.08463801811946203
8,0.5239269231864163,1.0,1.0,0.2935150261536817,1.0624217845784591,0.5151910207725261
8,0.375434474146735,1.0,1.0,0.3345697980535445,1.0607782636854681,0.29710590570883766
8,0.23535546732880877,0.985648208853052,1.0,0.33043480013498133,1.2181953235965288,0.14719331411321468
8,0.5614667087694799,1.0,1.0,0.42744756054649047,1.057681956190806,0.5470391595435404
8,0.224005634195879,0.9761775504685208,0.83208191897355,0.41346788224763553,1.2799183853134617,0.14516447923852538
8,0.3365043694703479,1.0,0.7993743458820738,0.42744756054649047,1.1260867174961904,0.2740652994674163
8,0.11637914601896207,0.9905840856486459,0.8604234302693022,0.13965015269330933,2.4635764932553705,1.2969333076965157
8,0.5857043029172537,0.9905840856486459,1.0,0.3281063901190461,1.0675747556502642,0.578063360593944
8,0.1876609741899814,1.0,0.9450558240514944,0.11803818917322399,1.5278026271086553,0.42147338818445723
8,0.3753408716797428,0.9840535653922801,0.8840067396642659,0.21657168085256817,1.1389880656104845,0.3751252631022739
8,0.301099714505796,0.9191486499422584,1.0,0.42744756054649047,1.1267445407415793,0.1745386231125844
9,0.2627943783899832,1.0,1.0,0.22423649465410267,1.091001000731274,0.02529730236858141
9,0.30588243409421545,1.0,1.0,0.42744756054649047,1.057681956190806,0.12036454921803885
9,0.25981178153463347,1.0,0.8772235080656849,0.3485494763523994,1.1094503387992354,0.0059248246597569665
9,0.29023328945115767,1.0,1.0,0.11803818917322399,1.0724948227449638,0.08463801811946203
9,0.259707211678218,1.0,1.0,0.20034683319363578,1.1039698433645868,0.03695295690332001
9,0.36449121379755733,1.0,1.0,0.42744756054649047,1.057681956190806,0.27108156841392295
9,0.34898103875433123,0.9950641232044062,0.9702058728881053,0.42744756054649047,1.0699463155537974,0.24838612104335223
9,0.256157925101846,1.0,0.8604234302693022,0.42744756054649047,1.1192662872630885,0.017371292293814067
9,0.193688551359356,1.0,0.5320308975411341,0.21805174118456072,1.4899505542676266,0.009693061459861818
9,0.31827065505480867,0.9895378729429398,1.0,0.10767266293184471,1.078398538166729,0.17756484380424187
9,0.3786265715252998,1.0,1.0,0.42744756054649047,1.057681956190806,0.3004479116049156
9,0.375434474146735,1.0,1.0,0.3345697980535445,1.0607782636854681,0.29710590570883766
9,0.34898103875433123,1.0,0.9321676840141906,0.42744756054649047,1.077515150877172,0.25595495636672694
9,0.25748024551396154,0.8997030395454492,1.0,0.42744756054649047,1.1452065065930113,0.03168834439302537
9,0.2627943783899832,0.9761775504685208,0.83208191897355,0.42744756054649047,1.1318444821015186,0.040843481370244517
9,0.25748024551396154,0.8997030395454492,1.0,0.42744756054649047,1.1452065065930113,0.03168834439302537
9,0.301099714505796,0.9191486499422584,1.0,0.42744756054649047,1.1267445407415793,0.1745386231125844
9,0.33343796960464545,1.0,0.9389509156127716,0.3242500466654394,1.0856038942016943,0.22574702072949437
9,0.47358040959134634,1.0,1.0,0.42744756054649047,1.057681956190806,0.45227488172372543
9,0.22841493999371976,0.9761775504685208,0.83208191897355,0.2389913231207537,1.2552109317091862,0.08249577710152778
9,0.2627943783899832,0.9905840856486459,1.0,0.3281063901190461,1.091001000731274,0.023426245081009878
9,0.30588243409421545,0.8503215901114939,1.0,0.42744756054649047,1.1958848889294107,0.2585674819566436
9,0.30310398405362676,1.0,1.0,0.40594686523207024,1.0583329122938547,0.11242343884928852
9,0.2484964837372552,0.9167716578909724,1.0,0.10767266293184471,1.1537745944542197,0.03679549890464684
9,0.13420345095708827,0.9761775504685208,0.7215830762326665,0.16798304734607172,2.1363752326780783,0.849019803428622
9,0.4557809185152369,0.9955577108839656,0.9731852855992948,0.42744756054649047,1.068695079969018,0.4396452039760389
9,0.3541502923457575,0.8269368244934817,1.0,0.42744756054649047,1.2219956053217873,0.4124270795063608
9,0.2820198932595062,1.0,0.5320308975411341,0.3016417274282121,1.412472622297738,0.39584600574704587
9,0.48903425608545775,1.0,1.0,0.13965015269330933,1.0708911845344113,0.4846154242027093
9,0.5306327589539316,1.0,1.0,0.42744756054649047,1.057681956190806,0.5173667843082459
9,0.3444929795900979,1.0,0.848873727076195,0.34784914367353037,1.1229805826488781,0.29071709092283826
9,0.3549538467136547,0.9785597954216687,1.0,0.42744756054649047,1.0748841113649024,0.2671483092379816
9,0.11770146643107762,0.890287125194095,1.0,0.13965015269330933,2.4358993745673883,1.3020925797450547
9,0.37221721973845445,1.0,0.9389509156127716,0.42744756054649047,1.075402879153987,0.3051297296951464
9,0.2627943783899832,0.9905840856486459,1.0,0.3225401119964583,1.091001000731274,0.02326157944690821
9,0.14764843621729568,0.9830020845377032,0.7361118717462024,0.25783694686332737,1.9418351884014418,0.7085486276892887
9,0.3447666462323545,1.0,0.8743810872423721,0.42744756054649047,1.09683849964736,0.2652356366598647
9,0.22316629090283252,1.0,0.5320308975411341,0.3242500466654394,1.3916791667049853,0.10694692306552023
9,0.45313557497599655,1.0,0.9321676840141906,0.42744756054649047,1.077515150877172,0.44479296771269405
9,0.3322594172895259,0.9895378729429398,0.9938950915612771,0.20055042542479068,1.0760736824325274,0.2131668237586467
10,0.30588243409421545,1.0,1.0,0.42744756054649047,1.057681956190806,0.12036454921803885
10,0.25981178153463347,1.0,0.8772235080656849,0.3485494763523994,1.1094503387992354,0.0059248246597569665
10,0.29023328945115767,1.0,1.0,0.11803818917322399,1.0724948227449638,0.08463801811946203
10,0.30310398405362676,1.0,1.0,0.40594686523207024,1.0583329122938547,0.11242343884928852
10,0.2627943783899832,0.9905840856486459,1.0,0.3225401119964583,1.091001000731274,0.02326157944690821
10,0.36449121379755733,1.0,1.0,0.42744756054649047,1.057681956190806,0.27108156841392295
10,0.256157925101846,1.0,0.8604234302693022,0.42744756054649047,1.1192662872630885,0.017371292293814067
10,0.193688551359356,1.0,0.5320308975411341,0.21805174118456072,1.4899505542676266,0.009693061459861818
10,0.34898103875433123,0.9950641232044062,0.9702058728881053,0.42744756054649047,1.0699463155537974,0.24838612104335223
10,0.31827065505480867,0.9895378729429398,1.0,0.10767266293184471,1.078398538166729,0.17756484380424187
10,0.3322594172895259,0.9895378729429398,0.9938950915612771,0.20055042542479068,1.0760736824325274,0.2131668237586467
10,0.2627943783899832,0.9905840856486459,1.0,0.3281063901190461,1.091001000731274,0.023426245081009878
10,0.3786265715252998,1.0,1.0,0.42744756054649047,1.057681956190806,0.3004479116049156
10,0.375434474146735,1.0,1.0,0.3345697980535445,1.0607782636854681,0.29710590570883766
10,0.3549538467136547,0.9785597954216687,1.0,0.42744756054649047,1.0748841113649024,0.2671483092379816
10,0.34898103875433123,1.0,0.9321676840141906,0.42744756054649047,1.077515150877172,0.25595495636672694
10,0.33343796960464545,1.0,0.9389509156127716,0.3242500466654394,1.0856038942016943,0.22574702072949437
10,0.2627943783899832,1.0,1.0,0.22423649465410267,1.091001000731274,0.02529730236858141
10,0.47358040959134634,1.0,1.0,0.42744756054649047,1.057681956190806,0.45227488172372543
10,0.25748024551396154,0.8997030395454492,1.0,0.42744756054649047,1.1452065065930113,0.03168834439302537
10,0.34813388715081817,1.0,1.0,0.4080969347635123,1.0582661979065537,0.2347068126828491
10,0.2927586023860902,0.9785597954216687,0.5788278077870206,0.4218812824239027,1.277298290308188,0.2979626616198865
10,0.22831443976630222,1.0,1.0,0.24455760124334144,1.2557634547281873,0.19109794605887442
10,0.35700586742661466,0.9905840856486459,1.0,0.399114665893728,1.0657492758625369,0.2626562282199293
10,0.42083250785833864,1.0,1.0,0.42744756054649047,1.057681956190806,0.37639207276704645
10,0.13002972911381516,1.0,0.8054792543207966,0.3345697980535445,2.204949057804466,1.055920532134371
10,0.2569388938939251,1.0,0.8772235080656849,0.26495949010874803,1.1245774037408311,0.0087131395180442
10,0.2835510664104129,0.9905840856486459,0.8717290904708344,0.1443420547428696,1.1572170245052393,0.14608018231503817
10,0.13135204952593071,0.8997030395454492,0.9450558240514944,0.3345697980535445,2.1827518470632894,1.0232120942416099
10,0.31827065505480867,0.9810635500267211,0.9938950915612771,0.28902368103291076,1.0777161663201138,0.17688247195762674
10,0.21157683218681006,0.9915256770837813,1.0,0.31153016153704133,1.3551055027271273,0.2876753656755733
10,0.3694616661874115,1.0,0.9450558240514944,0.42744756054649047,1.073527759979949,0.2975096872969417
10,0.3525473104882406,0.9807038158795018,1.0,0.42744756054649047,1.0731300491398736,0.2598805318177452
10,0.3710481614836301,0.9850955838269054,0.9670803771605719,0.20055042542479068,1.0925936824316431,0.31989363998452613
10,0.30554883309984043,0.9785597954216687,1.0,0.10767266293184471,1.08385157982298,0.1455108011854761
10,0.351691734550593,0.8997030395454492,1.0,0.42744756054649047,1.1452065065930113,0.32997856143766957
10,0.23886333286982211,1.0,0.6056425221877259,0.2389913231207537,1.3651238522421187,0.16481853013153058
10,0.23772536041207373,0.9807038158795018,0.8604234302693022,0.42744756054649047,1.20605108852498,0.08870800060663786
10,0.38942323638145215,1.0,1.0,0.42744756054649047,1.057681956190806,0.32144204192964065
10,0.6187191754102151,0.9807038158795018,1.0,0.42744756054649047,1.0731300491398736,0.6097389957632837
11,0.30588243409421545,1.0,1.0,0.42744756054649047,1.057681956190806,0.12036454921803885
11,0.25981178153463347,1.0,0.8772235080656849,0.3485494763523994,1.1094503387992354,0.0059248246597569665
11,0.29023328945115767,1.0,1.0,0.11803818917322399,1.0724948227449638,0.08463801811946203
11,0.30310398405362676,1.0,1.0,0.40594686523207024,1.0583329122938547,0.11242343884928852
11,0.2627943783899832,0.9905840856486459,1.0,0.3225401119964583,1.091001000731274,0.02326157944690821
11,0.36449121379755733,1.0,1.0,0.42744756054649047,1.057681956190806,0.27108156841392295
11,0.34813388715081817,1.0,1.0,0.4080969347635123,1.0582661979065537,0.2347068126828491
11,0.256157925101846,1.0,0.8604234302693022,0.42744756054649047,1.1192662872630885,0.017371292293814067
11,0.2569388938939251,1.0,0.8772235080656849,0.26495949010874803,1.1245774037408311,0.0087131395180442
11,0.3322594172895259,0.9895378729429398,0.9938950915612771,0.20055042542479068,1.0760736824325274,0.2131668237586467
11,0.31827065505480867,0.9810635500267211,0.9938950915612771,0.28902368103291076,1.0777161663201138,0.17688247195762674
11,0.30554883309984043,0.9785597954216687,1.0,0.10767266293184471,1.08385157982298,0.1455108011854761
11,0.2627943783899832,0.9905840856486459,1.0,0.3281063901190461,1.091001000731274,0.023426245081009878
11,0.3786265715252998,1.0,1.0,0.42744756054649047,1.057681956190806,0.3004479116049156
11,0.34898103875433123,0.9950641232044062,0.9702058728881053,0.42744756054649047,1.0699463155537974,0.24838612104335223
11,0.375434474146735,1.0,1.0,0.3345697980535445,1.0607782636854681,0.29710590570883766
11,0.35700586742661466,0.9905840856486459,1.0,0.399114665893728,1.0657492758625369,0.2626562282199293
11,0.193688551359356,1.0,0.5320308975411341,0.21805174118456072,1.4899505542676266,0.009693061459861818
11,0.31827065505480867,0.9895378729429398,1.0,0.10767266293184471,1.078398538166729,0.17756484380424187
11,0.2627943783899832,1.0,1.0,0.22423649465410267,1.091001000731274,0.02529730236858141
11,0.17858993077393276,0.9959679661998158,0.8872381446700074,0.33303085685146155,1.605403664434762,0.49511895946130746
11,0.3684555071860861,1.0,1.0,0.399114665893728,1.0585473825008893,0.2804102003143626
11,0.4611049320802386,0.985648208853052,1.0,0.3281063901190461,1.0710585507731532,0.4492718156242267
11,0.3382322252488494,0.9895378729429398,1.0,0.017660466121641655,1.086364303380264,0.2386954278246748
11,0.48268699487619116,1.0,1.0,0.414865850077521,1.058058551633922,0.4640733534609711
11,0.40319709982162494,1.0,1.0,0.36127313750751944,1.0598077121464635,0.3487189411290691
11,0.1554454842495831,0.9905840856486459,1.0,0.4061300982401097,1.8444339534254484,0.7788402559001073
11,0.3389962290233743,0.9980121958591586,0.9938950915612771,0.42744756054649047,1.060919876489831,0.21516141221057716
11,0.2569388938939251,1.0,1.0,0.3222456107827538,1.115864264222787,0.05461295690246071
11,0.2650776763026843,1.0,0.9938950915612771,0.4233624284367506,1.0816034523104763,0.02210130948624256
11,0.36013043761886515,0.985648208853052,0.9702058728881053,0.13965015269330933,1.0955328832779974,0.2994076459873588
11,0.32342798648050464,1.0,1.0,0.42744756054649047,1.057681956190806,0.1712128131383427
11,0.30538250840311737,0.9724950679669888,0.9884006739664265,0.09338449706724931,1.0948503397422462,0.15599849959786427
11,0.12379357617766726,0.9905840856486459,0.5788278077870206,0.15706571589798968,2.3160242836310005,0.8462711114067338
11,0.1825391524948221,1.0,0.5320308975411341,0.42744756054649047,1.57067086930015,0.27325449037895866
11,0.40327995799166155,0.9955577108839656,0.9731852855992948,0.42744756054649047,1.068695079969018,0.3577524097260022
11,0.382593879108193,1.0,1.0,0.42744756054649047,1.057681956190806,0.3083000507093385
11,0.34441598141536917,0.9905840856486459,1.0,0.31552467965007663,1.0679519541364153,0.23550240028484093
11,0.290173735514855,0.9905840856486459,1.0,0.11507995353520045,1.0773617631962829,0.08930221533865601
11,0.31490491631967765,0.9905840856486459,1.0,0.42744756054649047,1.0651449392797994,0.15468303432970476
12,0.30588243409421545,1.0,1.0,0.42744756054649047,1.057681956190806,0.12036454921803885
12,0.25981178153463347,1.0,0.8772235080656849,0.3485494763523994,1.1094503387992354,0.0059248246597569665
12,0.29023328945115767,1.0,1.0,0.11803818917322399,1.0724948227449638,0.08463801811946203
12,0.30310398405362676,1.0,1.0,0.40594686523207024,1.0583329122938547,0.11242343884928852
12,0.2650776763026843,1.0,0.9938950915612771,0.4233624284367506,1.0816034523104763,0.02210130948624256
12,0.32342798648050464,1.0,1.0,0.42744756054649047,1.057681956190806,0.1712128131383427
12,0.256157925101846,1.0,0.8604234302693022,0.42744756054649047,1.1192662872630885,0.017371292293814067
12,0.2569388938939251,1.0,0.8772235080656849,0.26495949010874803,1.1245774037408311,0.0087131395180442
12,0.290173735514855,0.9905840856486459,1.0,0.11507995353520045,1.0773617631962829,0.08930221533865601
12,0.31490491631967765,0.9905840856486459,1.0,0.42744756054649047,1.0651449392797994,0.15468303432970476
12,0.2627943783899832,0.9905840856486459,1.0,0.3225401119964583,1.091001000731274,0.02326157944690821
12,0.36449121379755733,1.0,1.0,0.42744756054649047,1.057681956190806,0.27108156841392295
12,0.34813388715081817,1.0,1.0,0.4080969347635123,1.0582661979065537,0.2347068126828491
12,0.3389962290233743,0.9980121958591586,0.9938950915612771,0.42744756054649047,1.060919876489831,0.21516141221057716
12,0.193688551359356,1.0,0.5320308975411341,0.21805174118456072,1.4899505542676266,0.009693061459861818
12,0.30554883309984043,0.9785597954216687,1.0,0.10767266293184471,1.08385157982298,0.1455108011854761
12,0.3322594172895259,0.9895378729429398,0.9938950915612771,0.20055042542479068,1.0760736824325274,0.2131668237586467
12,0.31827065505480867,0.9810635500267211,0.9938950915612771,0.28902368103291076,1.0777161663201138,0.17688247195762674
12,0.2627943783899832,0.9905840856486459,1.0,0.3281063901190461,1.091001000731274,0.023426245081009878
12,0.3786265715252998,1.0,1.0,0.42744756054649047,1.057681956190806,0.3004479116049156
12,0.35226656213536894,1.0,1.0,0.3262167308952242,1.0610970655163683,0.24719940702401433
12,0.29820523815247524,1.0,1.0,0.42744756054649047,1.057681956190806,0.09623362042086103
12,0.22611469403559034,1.0,0.8833962488203936,0.37170477844504685,1.267980087963314,0.16519933725839286
12,0.3269575714635357,1.0,1.0,0.12171480807198988,1.0722124738413306,0.19531297663515623
12,0.27081500031234695,1.0,0.8949955748539671,0.42744756054649047,1.0896588876645044,0.030969636656775323
12,0.27329610376875635,1.0,0.5320308975411341,0.42744756054649047,1.2974163789211914,0.24833837927820945
12,0.21402168123302373,0.9725892271105023,0.9938950915612771,0.1996166276482108,1.3396256300278082,0.25352256985591803
12,0.2569388938939251,0.9923731093754031,1.0,0.32442977122028016,1.115864264222787,0.04942885527690777
12,0.2962518997479686,0.9753303043994521,1.0,0.3028660689842687,1.0788476169601993,0.11105996673027341
12,0.31490491631967765,1.0,0.5375253151359847,0.3426332327467825,1.3679478878613969,0.45748598291130227
12,0.5034920160098733,1.0,1.0,0.3225401119964583,1.0612398083234462,0.4917989409116327
12,0.1860177882146117,0.9915256770837813,0.5320308975411341,0.21805174118456072,1.5412984538282255,0.04635586729072205
12,0.4666852194979113,1.0,1.0,0.42744756054649047,1.057681956190806,0.443330101218555
12,0.3419022895129218,1.0,0.9945055824051494,0.42377094164772455,1.0593168723750537,0.22074708546047916
12,0.2538950904175758,0.9821097627324271,1.0,0.21805174118456072,1.1292417246045996,0.05256830487931441
12,0.30033869432210575,1.0,0.8772235080656849,0.10767266293184471,1.1562155290643155,0.20159684233952435
12,0.19618915639588583,0.9895378729429398,0.5320308975411341,0.2374023669675389,1.478288859299853,0.016898562778613346
12,0.2853808316809368,0.9821097627324271,1.0,0.045085884585063185,1.0867981600757073,0.08214438495138499
12,0.34018559942269905,1.0,1.0,0.42744756054649047,1.057681956190806,0.21488046622540358
12,0.40030330733399544,0.9915256770837813,1.0,0.42744756054649047,1.064392262545206,0.34816303103006585
13,0.25981178153463347,1.0,0.8772235080656849,0.3485494763523994,1.1094503387992354,0.0059248246597569665
13,0.29023328945115767,1.0,1.0,0.11803818917322399,1.0724948227449638,0.08463801811946203
13,0.2650776763026843,1.0,0.9938950915612771,0.4233624284367506,1.0816034523104763,0.02210130948624256
13,0.29820523815247524,1.0,1.0,0.42744756054649047,1.057681956190806,0.09623362042086103
13,0.256157925101846,1.0,0.8604234302693022,0.42744756054649047,1.1192662872630885,0.017371292293814067
13,0.2569388938939251,1.0,0.8772235080656849,0.26495949010874803,1.1245774037408311,0.0087131395180442
13,0.290173735514855,0.9905840856486459,1.0,0.11507995353520045,1.0773617631962829,0.08930221533865601
13,0.2627943783899832,0.9905840856486459,1.0,0.3225401119964583,1.091001000731274,0.02326157944690821
13,0.27081500031234695,1.0,0.8949955748539671,0.42744756054649047,1.0896588876645044,0.030969636656775323
13,0.2853808316809368,0.9821097627324271,1.0,0.045085884585063185,1.0867981600757073,0.08214438495138499
13,0.30588243409421545,1.0,1.0,0.42744756054649047,1.057681956190806,0.12036454921803885
13,0.30310398405362676,1.0,1.0,0.40594686523207024,1.0583329122938547,0.11242343884928852
13,0.193688551359356,1.0,0.5320308975411341,0.21805174118456072,1.4899505542676266,0.009693061459861818
13,0.19618915639588583,0.9895378729429398,0.5320308975411341,0.2374023669675389,1.478288859299853,0.016898562778613346
13,0.2962518997479686,0.9753303043994521,1.0,0.3028660689842687,1.0788476169601993,0.11105996673027341
13,0.2627943783899832,0.9905840856486459,1.0,0.3281063901190461,1.091001000731274,0.023426245081009878
13,0.32342798648050464,1.0,1.0,0.42744756054649047,1.057681956190806,0.1712128131383427
13,0.31490491631967765,0.9905840856486459,1.0,0.42744756054649047,1.0651449392797994,0.15468303432970476
13,0.1860177882146117,0.9915256770837813,0.5320308975411341,0.21805174118456072,1.5412984538282255,0.04635586729072205
13,0.34018559942269905,1.0,1.0,0.42744756054649047,1.057681956190806,0.21488046622540358
13,0.3833726862751923,1.0,1.0,0.42744756054649047,1.057681956190806,0.30982239181025695
13,0.2765994964491716,1.0,0.8772235080656849,0.42744756054649047,1.095828485558697,0.05927949127242971
13,0.3207436493106899,1.0,0.8895011572591165,0.42744756054649047,1.0915399549534424,0.19765185888886316
13,0.1758613484340276,0.9971647635675367,0.5320308975411341,0.42744756054649047,1.630312355862943,0.3306636198730637
13,0.256157925101846,0.9915256770837813,1.0,0.3573911329447687,1.1192662872630885,0.053191000074034545
13,0.2264383277024684,1.0,0.8772235080656849,0.26495949010874803,1.266167845982253,0.1415904422414218
13,0.24301284232694204,1.0,0.5320308975411341,0.42744756054649047,1.2974163789211914,0.11760659201500578
13,0.1913158135671295,0.9821097627324271,0.5788278077870206,0.0,1.600671849499803,0.10205590104968443
13,0.3249896227175477,0.9821097627324271,1.0,0.4221459238497539,1.0720474943591685,0.18983800218717273
13,0.3055301423203585,1.0,1.0,0.42744756054649047,1.057681956190806,0.1192837746392007
13,0.30588243409421545,1.0,1.0,0.33340802681578263,1.0608221531236637,0.12350474615089657
13,0.26984592755299674,0.9982109762732427,1.0,0.3647887582054561,1.0624912239308335,0.001507632551368543
13,0.17348868290065936,0.9895378729429398,0.5320308975411341,0.2374023669675389,1.6526088298946173,0.17431997059476423
13,0.19618915639588583,0.9895378729429398,0.8895011572591165,0.35643928477180853,1.4613902965212398,0.35115861823360617
13,0.3025939633047067,1.0,0.9848799299832556,0.42744756054649047,1.0618662347348273,0.11436243518013767
13,0.16905402581976425,0.9914315179402677,0.5788278077870206,0.41521472088088257,1.6959603760678146,0.4240113079435177
13,0.32659099282336934,1.0,0.8772235080656849,0.35937619380377694,1.107548143543243,0.22966437968144182
13,0.1707953418672965,1.0,0.43752691490970447,0.3301750835905603,1.6786694888032814,0.14228726313652862
13,0.32922558559232534,1.0,1.0,0.42744756054649047,1.057681956190806,0.18682336385407872
13,0.2666445477487936,1.0,0.9054960173685703,0.42744756054649047,1.0861274605950304,0.010879786317110396
14,0.29820523815247524,1.0,1.0,0.42744756054649047,1.057681956190806,0.09623362042086103
14,0.26984592755299674,0.9982109762732427,1.0,0.3647887582054561,1.0624912239308335,0.001507632551368543
14,0.30310398405362676,1.0,1.0,0.40594686523207024,1.0583329122938547,0.11242343884928852
14,0.3055301423203585,1.0,1.0,0.42744756054649047,1.057681956190806,0.1192837746392007
14,0.25981178153463347,1.0,0.8772235080656849,0.3485494763523994,1.1094503387992354,0.0059248246597569665
14,0.29023328945115767,1.0,1.0,0.11803818917322399,1.0724948227449638,0.08463801811946203
14,0.2650776763026843,1.0,0.9938950915612771,0.4233624284367506,1.0816034523104763,0.02210130948624256
14,0.2666445477487936,1.0,0.9054960173685703,0.42744756054649047,1.0861274605950304,0.010879786317110396
14,0.3025939633047067,1.0,0.9848799299832556,0.42744756054649047,1.0618662347348273,0.11436243518013767
14,0.30588243409421545,1.0,1.0,0.42744756054649047,1.057681956190806,0.12036454921803885
14,0.2569388938939251,1.0,0.8772235080656849,0.26495949010874803,1.1245774037408311,0.0087131395180442
14,0.290173735514855,0.9905840856486459,1.0,0.11507995353520045,1.0773617631962829,0.08930221533865601
14,0.256157925101846,1.0,0.8604234302693022,0.42744756054649047,1.1192662872630885,0.017371292293814067
14,0.2627943783899832,0.9905840856486459,1.0,0.3225401119964583,1.091001000731274,0.02326157944690821
14,0.27081500031234695,1.0,0.8949955748539671,0.42744756054649047,1.0896588876645044,0.030969636656775323
14,0.2853808316809368,0.9821097627324271,1.0,0.045085884585063185,1.0867981600757073,0.08214438495138499
14,0.32342798648050464,1.0,1.0,0.42744756054649047,1.057681956190806,0.1712128131383427
14,0.193688551359356,1.0,0.5320308975411341,0.21805174118456072,1.4899505542676266,0.009693061459861818
14,0.2627943783899832,0.9905840856486459,1.0,0.3281063901190461,1.091001000731274,0.023426245081009878
14,0.19618915639588583,0.9895378729429398,0.5320308975411341,0.2374023669675389,1.478288859299853,0.016898562778613346
14,0.3200547410148561,1.0,1.0,0.4225725104428328,1.0578264566358409,0.16201429307877824
14,0.3142285905218209,1.0,1.0,0.42744756054649047,1.057681956190806,0.14526043047131743
14,0.3113144863842061,0.9838987864591844,1.0,0.08332205218120592,1.0828819558577882,0.16191957691399572
14,0.2717222933429042,0.9744828721078302,1.0,0.42744756054649047,1.0782408093531652,0.023086569638079757
14,0.21050742902121503,0.9915256770837813,0.9938950915612771,0.33395537505205064,1.3619896023248734,0.2930018361825184
14,0.18646019898549776,0.9915256770837813,0.5320308975411341,0.0,1.7033280204603432,0.16568657781829388
14,0.2180078420976345,0.9990584085648646,0.5637077377702762,0.42744756054649047,1.315131266963747,0.045762229447762204
14,0.2666445477487936,1.0,1.0,0.04407167776051851,1.0791783440180431,0.003930669740123127
14,0.2466015815471278,0.9736354398162084,1.0,0.0,1.1626402715653015,0.0679030089599264
14,0.23951603221166787,1.0,0.7827195254342553,0.42744756054649047,1.1970343991445953,0.06369274451867724
14,0.29294516366997536,0.9838987864591844,1.0,0.08332205218120592,1.0828819558577882,0.10417001424228212
14,0.18057930312762513,1.0,0.43752691490970447,0.42744756054649047,1.587717553160982,0.17964935616885258
14,0.3143820288161028,1.0,0.8772235080656849,0.42744756054649047,1.095828485558697,0.18385227919367153
14,0.17137203812815305,0.9982109762732427,0.5788278077870206,0.1956831465626975,1.6730204784843759,0.23776979702600642
14,0.24161810940052797,0.9990584085648646,0.9149464156317133,0.42744756054649047,1.1866202017131546,0.10286175350650018
14,0.2953239963286924,1.0,0.9149464156317133,0.42744756054649047,1.083018480231198,0.112190056214162
14,0.30588243409421545,1.0,1.0,0.4224379102361615,1.0578304715309599,0.12051306455819277
14,0.3490257304888152,0.9838987864591844,1.0,0.21805174118456072,1.0755920306249112,0.25413703451894765
14,0.25756810940334435,1.0,0.7808642634958661,0.42744756054649047,1.1341689747566726,0.021030665623419598
14,0.19618915639588583,0.9982109762732427,0.9149464156317133,0.42744756054649047,1.4613902965212398,0.37696468356310553
15,0.29820523815247524,1.0,1.0,0.42744756054649047,1.057681956190806,0.09623362042086103
15,0.26984592755299674,0.9982109762732427,1.0,0.3647887582054561,1.0624912239308335,0.001507632551368543
15,0.30310398405362676,1.0,1.0,0.40594686523207024,1.0583329122938547,0.11242343884928852
15,0.3055301423203585,1.0,1.0,0.42744756054649047,1.057681956190806,0.1192837746392007
15,0.29023328945115767,1.0,1.0,0.11803818917322399,1.0724948227449638,0.08463801811946203
15,0.2717222933429042,0.9744828721078302,1.0,0.42744756054649047,1.0782408093531652,0.023086569638079757
15,0.2666445477487936,1.0,1.0,0.04407167776051851,1.0791783440180431,0.003930669740123127
15,0.3025939633047067,1.0,0.9848799299832556,0.42744756054649047,1.0618662347348273,0.11436243518013767
15,0.30588243409421545,1.0,1.0,0.42744756054649047,1.057681956190806,0.12036454921803885
15,0.290173735514855,0.9905840856486459,1.0,0.11507995353520045,1.0773617631962829,0.08930221533865601
15,0.25981178153463347,1.0,0.8772235080656849,0.3485494763523994,1.1094503387992354,0.0059248246597569665
15,0.2650776763026843,1.0,0.9938950915612771,0.4233624284367506,1.0816034523104763,0.02210130948624256
15,0.2666445477487936,1.0,0.9054960173685703,0.42744756054649047,1.0861274605950304,0.010879786317110396
15,0.3142285905218209,1.0,1.0,0.42744756054649047,1.057681956190806,0.14526043047131743
15,0.2569388938939251,1.0,0.8772235080656849,0.26495949010874803,1.1245774037408311,0.0087131395180442
15,0.29294516366997536,0.9838987864591844,1.0,0.08332205218120592,1.0828819558577882,0.10417001424228212
15,0.30588243409421545,1.0,1.0,0.4224379102361615,1.0578304715309599,0.12051306455819277
15,0.2853808316809368,0.9821097627324271,1.0,0.045085884585063185,1.0867981600757073,0.08214438495138499
15,0.256157925101846,1.0,0.8604234302693022,0.42744756054649047,1.1192662872630885,0.017371292293814067
15,0.2627943783899832,0.9905840856486459,1.0,0.3225401119964583,1.091001000731274,0.02326157944690821
15,0.3311278863286691,1.0,1.0,0.2295613155751741,1.065424975912042,0.19956938998114215
15,0.2618332479139541,1.0,0.8895011572591165,0.2857169824318183,1.1142215755553175,0.019215757576690695
15,0.30501313694260995,1.0,1.0,0.42744756054649047,1.057681956190806,0.11769316477365799
15,0.30406960452884496,0.9982109762732427,1.0,0.34911475132124375,1.0615120490923644,0.11860645876749487
15,0.31819432435528666,0.9821097627324271,1.0,0.025735258802084982,1.088606879045683,0.18755708634150847
15,0.26852251903614727,1.0,0.8772235080656849,0.42744756054649047,1.095828485558697,0.028100792319298407
15,0.2146943377982222,1.0,0.7499245875284187,0.36094797005110457,1.3354284631160471,0.16254655401257345
15,0.3025939633047067,0.9905840856486459,0.8798755048372227,0.42744756054649047,1.1023550035954812,0.15485120404079156
15,0.32274508963314436,0.9838987864591844,1.0,0.07831240187087696,1.0832578946300293,0.19491307011674164
15,0.2835291184746351,0.9905840856486459,0.9938950915612771,0.42744756054649047,1.0668190673627367,0.055603953259879546
15,0.27074951005330494,1.0,1.0,0.060908570724695466,1.0774677166580382,0.018522384547803084
15,0.32587213390363695,1.0,1.0,0.42744756054649047,1.057681956190806,0.17786162118177573
15,0.27182510980651015,0.9889739642945643,1.0,0.42744756054649047,1.0664353373633464,0.011680204364945102
15,0.2993887630978892,0.9591443476294743,1.0,0.045085884585063185,1.0971390398308656,0.13949144151524406
15,0.33446373709094956,1.0,0.9848799299832556,0.42744756054649047,1.0618662347348273,0.20464645797367065
15,0.2928188883277952,1.0,1.0,0.19326917679251024,1.0674268345117721,0.08829283274295063
15,0.2673474196616648,1.0,0.8895011572591165,0.28120829715252227,1.1149791121870836,0.04255832656123881
15,0.2894701496830936,1.0,0.8895011572591165,0.42744756054649047,1.0915399549534424,0.10107883063907663
15,0.2982088589724839,0.9760929934619118,1.0,0.20949665723022937,1.0806090756337732,0.11917241366645015
15,0.311972405734756,1.0,1.0,0.42744756054649047,1.057681956190806,0.13866179699836056
16,0.29820523815247524,1.0,1.0,0.42744756054649047,1.057681956190806,0.09623362042086103
16,0.26984592755299674,0.9982109762732427,1.0,0.3647887582054561,1.0624912239308335,0.001507632551368543
16,0.30310398405362676,1.0,1.0,0.40594686523207024,1.0583329122938547,0.11242343884928852
16,0.30501313694260995,1.0,1.0,0.42744756054649047,1.057681956190806,0.11769316477365799
16,0.2666445477487936,1.0,1.0,0.04407167776051851,1.0791783440180431,0.003930669740123127
16,0.27182510980651015,0.9889739642945643,1.0,0.42744756054649047,1.0664353373633464,0.011680204364945102
16,0.3025939633047067,1.0,0.9848799299832556,0.42744756054649047,1.0618662347348273,0.11436243518013767
16,0.3055301423203585,1.0,1.0,0.42744756054649047,1.057681956190806,0.1192837746392007
16,0.30406960452884496,0.9982109762732427,1.0,0.34911475132124375,1.0615120490923644,0.11860645876749487
16,0.25981178153463347,1.0,0.8772235080656849,0.3485494763523994,1.1094503387992354,0.0059248246597569665
16,0.2666445477487936,1.0,0.9054960173685703,0.42744756054649047,1.0861274605950304,0.010879786317110396
16,0.2835291184746351,0.9905840856486459,0.9938950915612771,0.42744756054649047,1.0668190673627367,0.055603953259879546
16,0.27074951005330494,1.0,1.0,0.060908570724695466,1.0774677166580382,0.018522384547803084
16,0.30588243409421545,1.0,1.0,0.42744756054649047,1.057681956190806,0.12036454921803885
16,0.2569388938939251,1.0,0.8772235080656849,0.26495949010874803,1.1245774037408311,0.0087131395180442
16,0.29023328945115767,1.0,1.0,0.11803818917322399,1.0724948227449638,0.08463801811946203
16,0.2717222933429042,0.9744828721078302,1.0,0.42744756054649047,1.0782408093531652,0.023086569638079757
16,0.2618332479139541,1.0,0.8895011572591165,0.2857169824318183,1.1142215755553175,0.019215757576690695
16,0.2650776763026843,1.0,0.9938950915612771,0.4233624284367506,1.0816034523104763,0.02210130948624256
16,0.2928188883277952,1.0,1.0,0.19326917679251024,1.0674268345117721,0.08829283274295063
16,0.28649768609887105,1.0,1.0,0.4022702463333043,1.0584478541432836,0.05771052252886877
16,0.30700283461574307,1.0,0.9848799299832556,0.4080969347635123,1.0627475510555189,0.12885086464223106
16,0.29348229766599776,1.0,1.0,0.40594686523207024,1.0583329122938547,0.08141221825458844
16,0.30501313694260995,0.9900765678651079,1.0,0.42744756054649047,1.0655512258252533,0.12556243440810533
16,0.2362177797788702,1.0,0.9149464156317133,0.060908570724695466,1.2137483044488582,0.07687053299802771
16,0.30597175271455757,1.0,1.0,0.42744756054649047,1.057681956190806,0.1206381689120043
16,0.3230467821255075,1.0,0.9848799299832556,0.09868756339024579,1.0832819477018263,0.19576674594965182
16,0.33377600064269053,0.9982109762732427,1.0,0.2093624817173435,1.0675409519733787,0.2085548969844715
16,0.30406960452884496,1.0,0.8772235080656849,0.3679001021353776,1.1060584966967766,0.16315290637190705
16,0.25981178153463347,1.0,1.0,0.3485494763523994,1.1035255141394784,0.043264306608212344
16,0.34439204244614874,1.0,1.0,0.42744756054649047,1.057681956190806,0.22517453809809573
16,0.27120478521380553,1.0,0.9938950915612771,0.4233624284367506,1.0595021428242337,0.0023344766349009394
16,0.2601925171990735,1.0,0.9005510415332049,0.3703895685460076,1.101910742420597,0.006019122613306838
16,0.30588243409421545,1.0,0.8180556359058998,0.2857169824318183,1.1548980010071728,0.21758059403440566
16,0.27951702558548813,1.0,1.0,0.0,1.0843301882805823,0.05860043434254081
16,0.2667204594309516,0.9889739642945643,1.0,0.42744756054649047,1.0749416465380195,0.008506309174673099
16,0.2805040164983207,1.0,1.0,0.1368762546855793,1.0710896617719206,0.048969075200492096
16,0.2618332479139541,1.0,1.0,0.4080969347635123,1.0950058179786268,0.0367396200720731
16,0.25213766846061636,1.0,0.8895011572591165,0.12226090101782829,1.1439408847168933,0.006828244965896513
16,0.2244976838237538,1.0,0.8772235080656849,0.0035111818450246357,1.2771130852690624,0.09575299916160018
17,0.29820523815247524,1.0,1.0,0.42744756054649047,1.057681956190806,0.09623362042086103
17,0.26984592755299674,0.9982109762732427,1.0,0.3647887582054561,1.0624912239308335,0.001507632551368543
17,0.28649768609887105,1.0,1.0,0.4022702463333043,1.0584478541432836,0.05771052252886877
17,0.29348229766599776,1.0,1.0,0.40594686523207024,1.0583329122938547,0.08141221825458844
17,0.27120478521380553,1.0,0.9938950915612771,0.4233624284367506,1.0595021428242337,0.0023344766349009394
17,0.30501313694260995,1.0,1.0,0.42744756054649047,1.057681956190806,0.11769316477365799
17,0.30310398405362676,1.0,1.0,0.40594686523207024,1.0583329122938547,0.11242343884928852
17,0.2666445477487936,1.0,1.0,0.04407167776051851,1.0791783440180431,0.003930669740123127
17,0.27182510980651015,0.9889739642945643,1.0,0.42744756054649047,1.0664353373633464,0.011680204364945102
17,0.2667204594309516,0.9889739642945643,1.0,0.42744756054649047,1.0749416465380195,0.008506309174673099
17,0.3055301423203585,1.0,1.0,0.42744756054649047,1.057681956190806,0.1192837746392007
17,0.3025939633047067,1.0,0.9848799299832556,0.42744756054649047,1.0618662347348273,0.11436243518013767
17,0.30406960452884496,0.9982109762732427,1.0,0.34911475132124375,1.0615120490923644,0.11860645876749487
17,0.25981178153463347,1.0,0.8772235080656849,0.3485494763523994,1.1094503387992354,0.0059248246597569665
17,0.2601925171990735,1.0,0.9005510415332049,0.3703895685460076,1.101910742420597,0.006019122613306838
17,0.2835291184746351,0.9905840856486459,0.9938950915612771,0.42744756054649047,1.0668190673627367,0.055603953259879546
17,0.2805040164983207,1.0,1.0,0.1368762546855793,1.0710896617719206,0.048969075200492096
17,0.2666445477487936,1.0,0.9054960173685703,0.42744756054649047,1.0861274605950304,0.010879786317110396
17,0.27074951005330494,1.0,1.0,0.060908570724695466,1.0774677166580382,0.018522384547803084
17,0.30588243409421545,1.0,1.0,0.42744756054649047,1.057681956190806,0.12036454921803885
17,0.31109967668709027,1.0,1.0,0.38659623944909205,1.0589503890168603,0.1373520992577728
17,0.2772194124470055,0.9889739642945643,1.0,0.42744756054649047,1.0664353373633464,0.032204266256075975
17,0.22752562804825383,0.9900765678651079,1.0,0.3485494763523994,1.2601170782400972,0.1927515366172199
17,0.29348229766599776,1.0,1.0,0.40594686523207024,1.0583329122938547,0.08141221825458844
17,0.3083819137923595,0.9983898786459184,0.9938950915612771,0.3354473369293482,1.0641072004524137,0.13438688564707457
17,0.2528809369522346,1.0,0.9000015997737197,0.42744756054649047,1.1337704345085144,0.04580541229600854
17,0.3146054169934015,1.0,1.0,0.22232630737860135,1.0658048830309972,0.15447623290889678
17,0.31669026510575443,1.0,1.0,0.42744756054649047,1.057681956190806,0.15235280153569197
17,0.28444162735591627,1.0,1.0,0.42744756054649047,1.057681956190806,0.04971089176463672
17,0.25824742581705995,1.0,1.0,0.3985936274345384,1.110210213649593,0.05164631883173376
17,0.31522972731424087,0.9982109762732427,1.0,0.36846537710422195,1.0608630406135107,0.15133927064973296
17,0.24815045779669234,0.9889739642945643,0.9104959373798844,0.39875495053792337,1.1553834407210348,0.05876824361756028
17,0.30588749902663,0.9982109762732427,1.0,0.14443268995725017,1.0714768014756864,0.13417491474914334
17,0.28956103526725685,0.9889739642945643,1.0,0.3485494763523994,1.0681637127407364,0.07801346809110299
17,0.2880838691245486,1.0,1.0,0.40478797775462294,1.0583690248438378,0.06314172948338737
17,0.2835291184746351,0.9882875441383506,1.0,0.42744756054649047,1.0669867327802638,0.055771618677406654
17,0.2879761909143116,0.9985508907813266,1.0,0.40594686523207024,1.0594420444180161,0.06384262005193142
17,0.27709821477990254,0.9889739642945643,1.0,0.42744756054649047,1.0664353373633464,0.03175191259255339
17,0.2794052842886436,1.0,0.9802870285462071,0.42744756054649047,1.0631628187252444,0.037022849308284256
17,0.31861347938949663,1.0,1.0,0.42744756054649047,1.057681956190806,0.1578175482237243
18,0.26984592755299674,0.9982109762732427,1.0,0.3647887582054561,1.0624912239308335,0.001507632551368543
18,0.27120478521380553,1.0,0.9938950915612771,0.4233624284367506,1.0595021428242337,0.0023344766349009394
18,0.28444162735591627,1.0,1.0,0.42744756054649047,1.057681956190806,0.04971089176463672
18,0.2666445477487936,1.0,1.0,0.04407167776051851,1.0791783440180431,0.003930669740123127
18,0.27182510980651015,0.9889739642945643,1.0,0.42744756054649047,1.0664353373633464,0.011680204364945102
18,0.2667204594309516,0.9889739642945643,1.0,0.42744756054649047,1.0749416465380195,0.008506309174673099
18,0.2794052842886436,1.0,0.9802870285462071,0.42744756054649047,1.0631628187252444,0.037022849308284256
18,0.29820523815247524,1.0,1.0,0.42744756054649047,1.057681956190806,0.09623362042086103
18,0.28649768609887105,1.0,1.0,0.4022702463333043,1.0584478541432836,0.05771052252886877
18,0.29348229766599776,1.0,1.0,0.40594686523207024,1.0583329122938547,0.08141221825458844
18,0.29348229766599776,1.0,1.0,0.40594686523207024,1.0583329122938547,0.08141221825458844
18,0.2880838691245486,1.0,1.0,0.40478797775462294,1.0583690248438378,0.06314172948338737
18,0.25981178153463347,1.0,0.8772235080656849,0.3485494763523994,1.1094503387992354,0.0059248246597569665
18,0.2601925171990735,1.0,0.9005510415332049,0.3703895685460076,1.101910742420597,0.006019122613306838
18,0.27709821477990254,0.9889739642945643,1.0,0.42744756054649047,1.0664353373633464,0.03175191259255339
18,0.2666445477487936,1.0,0.9054960173685703,0.42744756054649047,1.0861274605950304,0.010879786317110396
18,0.27074951005330494,1.0,1.0,0.060908570724695466,1.0774677166580382,0.018522384547803084
18,0.30501313694260995,1.0,1.0,0.42744756054649047,1.057681956190806,0.11769316477365799
18,0.30310398405362676,1.0,1.0,0.40594686523207024,1.0583329122938547,0.11242343884928852
18,0.2879761909143116,0.9985508907813266,1.0,0.40594686523207024,1.0594420444180161,0.06384262005193142
18,0.2942011414979209,1.0,0.8895011572591165,0.35643928477180853,1.1026571828735878,0.12812347281822367
18,0.2901554616098541,0.9900765678651079,1.0,0.42744756054649047,1.0655512258252533,0.07742945027027293
18,0.28491399826756103,1.0,0.9667275706858005,0.42744756054649047,1.0670625531993791,0.060762646427233724
18,0.3115616245403951,0.9988973964294564,1.0,0.42744756054649047,1.0585485983614853,0.1383167488718796
18,0.27182510980651015,0.9983898786459184,1.0,0.004515648617764524,1.0843778570034555,0.02962272400505417
18,0.2713065105792023,1.0,0.9945055824051494,0.4189872519472192,1.0594863983319345,0.002715113219129428
18,0.31727734249463624,1.0,1.0,0.42744756054649047,1.057681956190806,0.1540279866287696
18,0.2667136168487364,0.9900765678651079,1.0,0.06458518962346135,1.0815377100945296,0.0065684857498264915
18,0.26178596206148935,1.0,0.9054960173685703,0.4264045618167879,1.095203606595524,0.008936524777642951
18,0.2811805207458149,1.0,0.9054960173685703,0.4080969347635123,1.0887312707726782,0.06906984785161074
18,0.29096511094833144,0.9983898786459184,1.0,0.348395055647692,1.0614096813770715,0.07603748681671985
18,0.2358072835484191,1.0,1.0,0.0,1.2158612124730814,0.13153102419249918
18,0.316925202654795,1.0,1.0,0.3485494763523994,1.060261207531266,0.15560317593678863
18,0.2995410860631768,1.0,0.9938950915612771,0.4233624284367506,1.0595021428242337,0.10234152852575051
18,0.2926780544625513,1.0,1.0,0.40478797775462294,1.0583690248438378,0.07876387321090061
18,0.2863656315244637,1.0,1.0,0.38543735197164475,1.0589883715849342,0.05778956021383608
18,0.2907302021603352,1.0,0.9054960173685703,0.4080969347635123,1.0887312707726782,0.10256289960104492
18,0.30501313694260995,0.9790505321596722,1.0,0.42744756054649047,1.0744819527282754,0.13449316131112743
18,0.2938906966192967,1.0,1.0,0.40594686523207024,1.0583329122938547,0.08276977530601481
18,0.2990858109026762,1.0,1.0,0.060908570724695466,1.0774677166580382,0.11885009091014065
19,0.26984592755299674,0.9982109762732427,1.0,0.3647887582054561,1.0624912239308335,0.001507632551368543
19,0.27120478521380553,1.0,0.9938950915612771,0.4233624284367506,1.0595021428242337,0.0023344766349009394
19,0.28444162735591627,1.0,1.0,0.42744756054649047,1.057681956190806,0.04971089176463672
19,0.2713065105792023,1.0,0.9945055824051494,0.4189872519472192,1.0594863983319345,0.002715113219129428
19,0.29820523815247524,1.0,1.0,0.42744756054649047,1.057681956190806,0.09623362042086103
19,0.28649768609887105,1.0,1.0,0.4022702463333043,1.0584478541432836,0.05771052252886877
19,0.29348229766599776,1.0,1.0,0.40594686523207024,1.0583329122938547,0.08141221825458844
19,0.29348229766599776,1.0,1.0,0.40594686523207024,1.0583329122938547,0.08141221825458844
19,0.2880838691245486,1.0,1.0,0.40478797775462294,1.0583690248438378,0.06314172948338737
19,0.2666445477487936,1.0,1.0,0.04407167776051851,1.0791783440180431,0.003930669740123127
19,0.27182510980651015,0.9889739642945643,1.0,0.42744756054649047,1.0664353373633464,0.011680204364945102
19,0.2667204594309516,0.9889739642945643,1.0,0.42744756054649047,1.0749416465380195,0.008506309174673099
19,0.2794052842886436,1.0,0.9802870285462071,0.42744756054649047,1.0631628187252444,0.037022849308284256
19,0.30501313694260995,1.0,1.0,0.42744756054649047,1.057681956190806,0.11769316477365799
19,0.25981178153463347,1.0,0.8772235080656849,0.3485494763523994,1.1094503387992354,0.0059248246597569665
19,0.27709821477990254,0.9889739642945643,1.0,0.42744756054649047,1.0664353373633464,0.03175191259255339
19,0.2667136168487364,0.9900765678651079,1.0,0.06458518962346135,1.0815377100945296,0.0065684857498264915
19,0.2863656315244637,1.0,1.0,0.38543735197164475,1.0589883715849342,0.05778956021383608
19,0.2601925171990735,1.0,0.9005510415332049,0.3703895685460076,1.101910742420597,0.006019122613306838
19,0.27074951005330494,1.0,1.0,0.060908570724695466,1.0774677166580382,0.018522384547803084
19,0.26718719873552865,0.9790505321596722,1.0,0.42744756054649047,1.0744819527282754,0.0014180814619109139
19,0.30369861221902494,0.9983898786459184,1.0,0.3786689161789037,1.0604025461997233,0.11634512077363601
19,0.29023929809055743,1.0,0.8827179256605355,0.3522260952511653,1.1063354153516465,0.118499061696555
19,0.2704803144524606,1.0,1.0,0.05723195182592955,1.077830535669061,0.017831287955164088
19,0.2719439589234768,0.9889739642945643,1.0,0.42744756054649047,1.0664353373633464,0.012141169617521985
19,0.28649768609887105,1.0,0.9802870285462071,0.4089889986121075,1.0640906790609885,0.06335334744657373
19,0.3074341785069694,0.9889739642945643,1.0,0.42744756054649047,1.0664353373633464,0.13384894973130312
19,0.2886078646828418,0.9889739642945643,1.0,0.42744756054649047,1.0664353373633464,0.0730149736366793
19,0.25567256911198727,0.9982109762732427,1.0,0.05756325015770808,1.121391046272364,0.0428131760556425
19,0.27041658039199545,0.9900765678651079,1.0,0.38543735197164475,1.066449671430431,0.006200594154311956
19,0.3012521897053863,0.9889739642945643,1.0,0.42744756054649047,1.0664353373633464,0.11471136739090337
19,0.28458144136380614,0.9889739642945643,1.0,0.42744756054649047,1.0664353373633464,0.05895948609367774
19,0.2822714067694786,0.9801531357302158,1.0,0.13559346539814332,1.0814437229323124,0.06572295558073171
19,0.2539282046868354,1.0,0.8828093672247912,0.4081987562633687,1.1290944624506116,0.032095563575767816
19,0.2890726097288753,1.0,0.8772235080656849,0.42744756054649047,1.095828485558697,0.10400525409408223
19,0.29365827114814447,0.9900765678651079,1.0,0.42744756054649047,1.0655512258252533,0.08921594739527228
19,0.24459665371188732,1.0,0.7877194454455694,0.2971972835519648,1.1721702867880304,0.001353796223649173
19,0.2946416253248988,1.0,1.0,0.42744756054649047,1.057681956190806,0.08460515615687503
19,0.3010854737803718,1.0,1.0,0.06852284846403961,1.0767344327610324,0.12448347774512902
19,0.2827797825150613,1.0,0.9945055824051494,0.401111358855857,1.0601356032772409,0.04624087807049637
20,0.26984592755299674,0.9982109762732427,1.0,0.3647887582054561,1.0624912239308335,0.001507632551368543
20,0.27120478521380553,1.0,0.9938950915612771,0.4233624284367506,1.0595021428242337,0.0023344766349009394
20,0.28444162735591627,1.0,1.0,0.42744756054649047,1.057681956190806,0.04971089176463672
20,0.2713065105792023,1.0,0.9945055824051494,0.4189872519472192,1.0594863983319345,0.002715113219129428
20,0.26718719873552865,0.9790505321596722,1.0,0.42744756054649047,1.0744819527282754,0.0014180814619109139
20,0.24459665371188732,1.0,0.7877194454455694,0.2971972835519648,1.1721702867880304,0.001353796223649173
20,0.28649768609887105,1.0,1.0,0.4022702463333043,1.0584478541432836,0.05771052252886877
20,0.29348229766599776,1.0,1.0,0.40594686523207024,1.0583329122938547,0.08141221825458844
20,0.29348229766599776,1.0,1.0,0.40594686523207024,1.0583329122938547,0.08141221825458844
20,0.2880838691245486,1.0,1.0,0.40478797775462294,1.0583690248438378,0.06314172948338737
20,0.2946416253248988,1.0,1.0,0.42744756054649047,1.057681956190806,0.08460515615687503
20,0.27182510980651015,0.9889739642945643,1.0,0.42744756054649047,1.0664353373633464,0.011680204364945102
20,0.2794052842886436,1.0,0.9802870285462071,0.42744756054649047,1.0631628187252444,0.037022849308284256
20,0.27041658039199545,0.9900765678651079,1.0,0.38543735197164475,1.066449671430431,0.006200594154311956
20,0.2827797825150613,1.0,0.9945055824051494,0.401111358855857,1.0601356032772409,0.04624087807049637
20,0.2666445477487936,1.0,1.0,0.04407167776051851,1.0791783440180431,0.003930669740123127
20,0.29820523815247524,1.0,1.0,0.42744756054649047,1.057681956190806,0.09623362042086103
20,0.25981178153463347,1.0,0.8772235080656849,0.3485494763523994,1.1094503387992354,0.0059248246597569665
20,0.2863656315244637,1.0,1.0,0.38543735197164475,1.0589883715849342,0.05778956021383608
20,0.2719439589234768,0.9889739642945643,1.0,0.42744756054649047,1.0664353373633464,0.012141169617521985
20,0.27939634408618563,1.0,1.0,0.42744756054649047,1.057681956190806,0.03150915205987004
20,0.25707622534915653,0.9873638429404827,1.0,0.4088638261569207,1.1152681637376403,0.04720834336556923
20,0.2716299525245508,0.9983898786459184,1.0,0.38368651194373454,1.0602437946083196,0.004730854371733928
20,0.2962443665682795,0.9889739642945643,1.0,0.42744756054649047,1.0664353373633464,0.09862307732115672
20,0.27541455708492985,1.0,0.9822583256915863,0.42413860353760113,1.062762486310636,0.021753859553102606
20,0.2830876139326946,1.0,0.7877194454455694,0.40583097648432553,1.1376113971626085,0.1248191880467413
20,0.28649768609887105,1.0,1.0,0.42744756054649047,1.057681956190806,0.056944624576391156
20,0.29348229766599776,1.0,1.0,0.3115071800284467,1.0616773342087242,0.08475664016945794
20,0.2808780145283398,1.0,0.9945055824051494,0.40594686523207024,1.0599574891115557,0.03919788867889884
20,0.3176362725914815,1.0,1.0,0.42744756054649047,1.057681956190806,0.15504911876566996
20,0.26663393856855355,1.0,0.8594818337572713,0.3485494763523994,1.117720459212332,0.04243000157233312
20,0.27278497916624134,1.0,1.0,0.4022702463333043,1.0584478541432836,0.007404168650413601
20,0.27919628640290234,1.0,0.8772235080656849,0.3291988505694212,1.1128798328502927,0.08597172612721837
20,0.27418775240298515,0.9983898786459184,0.9945055824051494,0.42744756054649047,1.060453939071098,0.014787503051843398
20,0.2974906632537565,1.0,1.0,0.42744756054649047,1.057681956190806,0.09392421401014395
20,0.2718524060946197,0.9889739642945643,0.9994505582405149,0.42744756054649047,1.066585171379998,0.011935944745653293
20,0.29434818163678667,1.0,1.0,0.3669787900372618,1.0596094180448743,0.0855625313521422
20,0.29546026111260876,0.9988973964294564,1.0,0.42744756054649047,1.0585485983614853,0.0881679155211228
20,0.2863656315244637,1.0,1.0,0.386596239449092,1.0589503890168603,0.05775157764576222
20,0.2976780642133656,0.9889739642945643,0.9950550241646344,0.42744756054649047,1.0677898003744717,0.10463878454291409
21,0.26984592755299674,0.9982109762732427,1.0,0.3647887582054561,1.0624912239308335,0.001507632551368543
21,0.27120478521380553,1.0,0.9938950915612771,0.4233624284367506,1.0595021428242337,0.0023344766349009394
21,0.2713065105792023,1.0,0.9945055824051494,0.4189872519472192,1.0594863983319345,0.002715113219129428
21,0.26718719873552865,0.9790505321596722,1.0,0.42744756054649047,1.0744819527282754,0.0014180814619109139
21,0.24459665371188732,1.0,0.7877194454455694,0.2971972835519648,1.1721702867880304,0.001353796223649173
21,0.27939634408618563,1.0,1.0,0.42744756054649047,1.057681956190806,0.03150915205987004
21,0.27278497916624134,1.0,1.0,0.4022702463333043,1.0584478541432836,0.007404168650413601
21,0.2716299525245508,0.9983898786459184,1.0,0.38368651194373454,1.0602437946083196,0.004730854371733928
21,0.2666445477487936,1.0,1.0,0.04407167776051851,1.0791783440180431,0.003930669740123127
21,0.28444162735591627,1.0,1.0,0.42744756054649047,1.057681956190806,0.04971089176463672
21,0.2808780145283398,1.0,0.9945055824051494,0.40594686523207024,1.0599574891115557,0.03919788867889884
21,0.27182510980651015,0.9889739642945643,1.0,0.42744756054649047,1.0664353373633464,0.011680204364945102
21,0.27041658039199545,0.9900765678651079,1.0,0.38543735197164475,1.066449671430431,0.006200594154311956
21,0.27418775240298515,0.9983898786459184,0.9945055824051494,0.42744756054649047,1.060453939071098,0.014787503051843398
21,0.25981178153463347,1.0,0.8772235080656849,0.3485494763523994,1.1094503387992354,0.0059248246597569665
21,0.28649768609887105,1.0,1.0,0.42744756054649047,1.057681956190806,0.056944624576391156
21,0.2827797825150613,1.0,0.9945055824051494,0.401111358855857,1.0601356032772409,0.04624087807049637
21,0.2718524060946197,0.9889739642945643,0.9994505582405149,0.42744756054649047,1.066585171379998,0.011935944745653293
21,0.2946416253248988,1.0,1.0,0.42744756054649047,1.057681956190806,0.08460515615687503
21,0.27541455708492985,1.0,0.9822583256915863,0.42413860353760113,1.062762486310636,0.021753859553102606
21,0.26914975001534375,0.9795353575896234,0.9945055824051494,0.42744756054649047,1.0755908244667651,0.010351381296405338
21,0.2642986458328149,1.0,0.8772235080656849,0.42744756054649047,1.095828485558697,0.01103696529644349
21,0.26169831330335,0.9882875441383506,0.9945055824051494,0.3841393839884343,1.095570415362647,0.025986797844530063
21,0.2672106445007163,0.9801531357302158,1.0,0.3884154132796451,1.0740230111705378,0.0010532933519518117
21,0.2671979999975138,0.9969407694272451,0.9945055824051494,0.3880626168040101,1.0730204935316618,0.010102464975183967
21,0.26671933853684066,0.9900765678651079,1.0,0.380801135540301,1.074946164004819,0.008388303466889901
21,0.26434252785820267,1.0,1.0,0.4022702463333043,1.0846114400865885,0.026163585943304923
21,0.2579386413657127,1.0,0.9994505582405149,0.05974568464473083,1.1115392725628201,0.033605450283536564
21,0.268422700979732,0.9983898786459184,0.9950550241646344,0.36433588616075635,1.0681247479681302,0.005588093502042035
21,0.2532110072661111,1.0,1.0,0.28546093550833074,1.132292521025429,0.06952437398137046
21,0.279025925725081,0.9982109762732427,1.0,0.3647887582054561,1.060983591379465,0.033448500765772105
21,0.2711039046466142,1.0,0.8840067396642659,0.3527626658730426,1.1056713659230062,0.048110316711296175
21,0.2696709869723295,1.0,0.8722785322303194,0.3248468948308293,1.1160810424508525,0.052900560720854584
21,0.2747092715749421,1.0,1.0,0.08240926603911569,1.0754568962566622,0.031775595608865226
21,0.29561395021049014,0.9900765678651079,1.0,0.42744756054649047,1.0655512258252533,0.09567504194759735
21,0.26948578596780004,0.9889739642945643,1.0,0.4077660390626233,1.0668170217262385,0.002905881450466996
21,0.25669621536482123,0.9790505321596722,1.0,0.40478797775462294,1.1169191932831215,0.04222033402548164
21,0.2667204594309516,0.9889739642945643,0.9950550241646344,0.4198332828071463,1.0749416465380195,0.0069698964677460395
21,0.3048253328800662,1.0,1.0,0.42744756054649047,1.057681956190806,0.11711403405795706
21,0.26411957899375116,0.9875248550758909,0.9994505582405149,0.42744756054649047,1.0855269832997956,0.017776855899475752
22,0.26984592755299674,0.9982109762732427,1.0,0.3647887582054561,1.0624912239308335,0.001507632551368543
22,0.27120478521380553,1.0,0.9938950915612771,0.4233624284367506,1.0595021428242337,0.0023344766349009394
22,0.2713065105792023,1.0,0.9945055824051494,0.4189872519472192,1.0594863983319345,0.002715113219129428
22,0.27939634408618563,1.0,1.0,0.42744756054649047,1.057681956190806,0.03150915205987004
22,0.27278497916624134,1.0,1.0,0.4022702463333043,1.0584478541432836,0.007404168650413601
22,0.2672106445007163,0.9801531357302158,1.0,0.3884154132796451,1.0740230111705378,0.0010532933519518117
22,0.2716299525245508,0.9983898786459184,1.0,0.38368651194373454,1.0602437946083196,0.004730854371733928
22,0.26948578596780004,0.9889739642945643,1.0,0.4077660390626233,1.0668170217262385,0.002905881450466996
22,0.28444162735591627,1.0,1.0,0.42744756054649047,1.057681956190806,0.04971089176463672
22,0.2808780145283398,1.0,0.9945055824051494,0.40594686523207024,1.0599574891115557,0.03919788867889884
22,0.26718719873552865,0.9790505321596722,1.0,0.42744756054649047,1.0744819527282754,0.0014180814619109139
22,0.24459665371188732,1.0,0.7877194454455694,0.2971972835519648,1.1721702867880304,0.001353796223649173
22,0.27182510980651015,0.9889739642945643,1.0,0.42744756054649047,1.0664353373633464,0.011680204364945102
22,0.27041658039199545,0.9900765678651079,1.0,0.38543735197164475,1.066449671430431,0.006200594154311956
22,0.27418775240298515,0.9983898786459184,0.9945055824051494,0.42744756054649047,1.060453939071098,0.014787503051843398
22,0.268422700979732,0.9983898786459184,0.9950550241646344,0.36433588616075635,1.0681247479681302,0.005588093502042035
22,0.28649768609887105,1.0,1.0,0.42744756054649047,1.057681956190806,0.056944624576391156
22,0.2827797825150613,1.0,0.9945055824051494,0.401111358855857,1.0601356032772409,0.04624087807049637
22,0.2666445477487936,1.0,1.0,0.04407167776051851,1.0791783440180431,0.003930669740123127
22,0.2946416253248988,1.0,1.0,0.42744756054649047,1.057681956190806,0.08460515615687503
22,0.2777960061783411,0.9982109762732427,1.0,0.1392097729862764,1.0718368299878613,0.03975241015326425
22,0.27120478521380553,1.0,0.9945055824051494,0.3952846704256491,1.0603527668109356,0.003185100621602821
22,0.2597253625433939,1.0,1.0,0.40478797775462294,1.1038926926099906,0.0455236677661528
22,0.26913004798950707,0.9983898786459184,0.9895606065697838,0.4080969347635123,1.065317425451084,0.002735861502511039
22,0.2500768114330597,1.0,0.813892476736378,0.3339248927729874,1.1464834668658923,0.0019728332080402033
22,0.2939180553758266,1.0,0.9950550241646344,0.42744756054649047,1.0590364192019313,0.08356409049811964
22,0.29550932562323984,0.9983898786459184,1.0,0.42744756054649047,1.0589481487142174,0.08872858178134069
22,0.3061721326731277,1.0,1.0,0.42744756054649047,1.057681956190806,0.12125143437486907
22,0.2720789036092046,0.9875248550758909,1.0,0.41538031680196746,1.0678133707126043,0.014042107876793164
22,0.28868594920621043,1.0,0.9945055824051494,0.4189872519472192,1.0594863983319345,0.06633473751772612
22,0.2826814019174584,1.0,0.9938950915612771,0.42744756054649047,1.0593560842737433,0.04510849691213892
22,0.2834734431678631,1.0,0.9940110848216129,0.42744756054649047,1.0593240841944067,0.0479103634395035
22,0.28989251547775274,0.9910689110785971,1.0,0.42744756054649047,1.0647572074127685,0.07573915898367534
22,0.28527471420414313,0.9983898786459184,1.0,0.3747312573383254,1.060528700488828,0.055501210772971765
22,0.27989854069127845,1.0,0.9945055824051494,0.11246598645541322,1.0761765772495593,0.05184494204847634
22,0.26477246168027524,0.9894587897245155,0.999450558240515,0.4089889986121075,1.0828502631984045,0.016277987473322098
22,0.2639341075940602,1.0,0.9890111648102988,0.4153106330484533,1.0862898032705353,0.025081606662846312
22,0.27140369131280145,1.0,0.8089475009010124,0.3480314989687785,1.143405874229165,0.08701298414797742
22,0.2895598540429714,0.9915256770837813,1.0,0.42744756054649047,1.064392262545206,0.07423797869782178
22,0.2714424592268394,0.9904230735132377,0.9945055824051494,0.42744756054649047,1.0667795806441265,0.010537566548658672
23,0.26984592755299674,0.9982109762732427,1.0,0.3647887582054561,1.0624912239308335,0.001507632551368543
23,0.27120478521380553,1.0,0.9938950915612771,0.4233624284367506,1.0595021428242337,0.0023344766349009394
23,0.2713065105792023,1.0,0.9945055824051494,0.4189872519472192,1.0594863983319345,0.002715113219129428
23,0.27939634408618563,1.0,1.0,0.42744756054649047,1.057681956190806,0.03150915205987004
23,0.27278497916624134,1.0,1.0,0.4022702463333043,1.0584478541432836,0.007404168650413601
23,0.2672106445007163,0.9801531357302158,1.0,0.3884154132796451,1.0740230111705378,0.0010532933519518117
23,0.2716299525245508,0.9983898786459184,1.0,0.38368651194373454,1.0602437946083196,0.004730854371733928
23,0.27120478521380553,1.0,0.9945055824051494,0.3952846704256491,1.0603527668109356,0.003185100621602821
23,0.26913004798950707,0.9983898786459184,0.9895606065697838,0.4080969347635123,1.065317425451084,0.002735861502511039
23,0.28444162735591627,1.0,1.0,0.42744756054649047,1.057681956190806,0.04971089176463672
23,0.2808780145283398,1.0,0.9945055824051494,0.40594686523207024,1.0599574891115557,0.03919788867889884
23,0.2826814019174584,1.0,0.9938950915612771,0.42744756054649047,1.0593560842737433,0.04510849691213892
23,0.2834734431678631,1.0,0.9940110848216129,0.42744756054649047,1.0593240841944067,0.0479103634395035
23,0.26718719873552865,0.9790505321596722,1.0,0.42744756054649047,1.0744819527282754,0.0014180814619109139
23,0.24459665371188732,1.0,0.7877194454455694,0.2971972835519648,1.1721702867880304,0.001353796223649173
23,0.28649768609887105,1.0,1.0,0.42744756054649047,1.057681956190806,0.056944624576391156
23,0.2500768114330597,1.0,0.813892476736378,0.3339248927729874,1.1464834668658923,0.0019728332080402033
23,0.26948578596780004,0.9889739642945643,1.0,0.4077660390626233,1.0668170217262385,0.002905881450466996
23,0.2827797825150613,1.0,0.9945055824051494,0.401111358855857,1.0601356032772409,0.04624087807049637
23,0.27418775240298515,0.9983898786459184,0.9945055824051494,0.42744756054649047,1.060453939071098,0.014787503051843398
23,0.29627736310056185,0.981145478943705,1.0,0.42744756054649047,1.072769668780819,0.10506519438934447
23,0.27120478521380553,0.9790505321596722,1.0,0.3880626168040101,1.0748858591557153,0.01771819296638255
23,0.24903728745553821,0.9985508907813266,0.813892476736378,0.3171995318223746,1.1512690837549544,0.0013018599286780397
23,0.25494588044733657,0.9785430143761342,1.0,0.42744756054649047,1.124587419390222,0.04968954883015608
23,0.2712091229108362,0.9975585475678375,1.0,0.34903046953716477,1.0619796708208091,0.004828912886554182
23,0.3049168857089233,1.0,1.0,0.42744756054649047,1.057681956190806,0.11739644430729723
23,0.27247616121493584,0.9983898786459184,0.9945055824051494,0.42744756054649047,1.060453939071098,0.008219025857432172
23,0.2830379848707271,1.0,0.9950550241646344,0.40063298988580653,1.059987111621861,0.04701731529220776
23,0.27912380242861595,0.9801531357302158,1.0,0.39209203217841104,1.0739758803679684,0.046801102082354884
23,0.27121796804135967,1.0,0.9939561406456643,0.42744756054649047,1.0593392411957192,0.002222959725062701
23,0.2862761285592387,1.0,0.9884006739664265,0.42744756054649047,1.060880481529139,0.05936864977965506
23,0.28444264040182987,1.0,0.9945055824051494,0.42744756054649047,1.0591877465476864,0.05122027202267554
23,0.2534125807058622,1.0,0.8270088114678896,0.3675071915364273,1.131391855017723,0.002250811785900586
23,0.2811775048084565,0.9998389878645918,0.9945055824051494,0.42744756054649047,1.059314182285354,0.03964182237638836
23,0.26752696963707434,0.9875248550758909,0.995549521748171,0.2971972835519648,1.0723976977011973,0.0006966642753991614
23,0.28649768609887105,1.0,0.9940605345799666,0.40872563659520117,1.0599871102929883,0.059249778678573506
23,0.27874966559096664,0.9983898786459184,0.9841705829092355,0.3339248927729874,1.0678109672212033,0.03925751850358239
23,0.26948578596780004,1.0,0.8089475009010124,0.34535124379157817,1.144136597555188,0.08022545727941655
23,0.2913095020140853,1.0,1.0,0.42744756054649047,1.057681956190806,0.07347468545455771
23,0.2900606326713463,1.0,0.999450558240515,0.40872563659520117,1.0584068858125886,0.06996206559654439
24,0.26984592755299674,0.9982109762732427,1.0,0.3647887582054561,1.0624912239308335,0.001507632551368543
24,0.27939634408618563,1.0,1.0,0.42744756054649047,1.057681956190806,0.03150915205987004
24,0.27278497916624134,1.0,1.0,0.4022702463333043,1.0584478541432836,0.007404168650413601
24,0.27121796804135967,1.0,0.9939561406456643,0.42744756054649047,1.0593392411957192,0.002222959725062701
24,0.26752696963707434,0.9875248550758909,0.995549521748171,0.2971972835519648,1.0723976977011973,0.0006966642753991614
24,0.28444162735591627,1.0,1.0,0.42744756054649047,1.057681956190806,0.04971089176463672
24,0.2811775048084565,0.9998389878645918,0.9945055824051494,0.42744756054649047,1.059314182285354,0.03964182237638836
24,0.27120478521380553,1.0,0.9938950915612771,0.4233624284367506,1.0595021428242337,0.0023344766349009394
24,0.2713065105792023,1.0,0.9945055824051494,0.4189872519472192,1.0594863983319345,0.002715113219129428
24,0.2672106445007163,0.9801531357302158,1.0,0.3884154132796451,1.0740230111705378,0.0010532933519518117
24,0.28649768609887105,1.0,1.0,0.42744756054649047,1.057681956190806,0.056944624576391156
24,0.28444264040182987,1.0,0.9945055824051494,0.42744756054649047,1.0591877465476864,0.05122027202267554
24,0.2826814019174584,1.0,0.9938950915612771,0.42744756054649047,1.0593560842737433,0.04510849691213892
24,0.2834734431678631,1.0,0.9940110848216129,0.42744756054649047,1.0593240841944067,0.0479103634395035
24,0.2716299525245508,0.9983898786459184,1.0,0.38368651194373454,1.0602437946083196,0.004730854371733928
24,0.27120478521380553,1.0,0.9945055824051494,0.3952846704256491,1.0603527668109356,0.003185100621602821
24,0.26913004798950707,0.9983898786459184,0.9895606065697838,0.4080969347635123,1.065317425451084,0.002735861502511039
24,0.2808780145283398,1.0,0.9945055824051494,0.40594686523207024,1.0599574891115557,0.03919788867889884
24,0.26718719873552865,0.9790505321596722,1.0,0.42744756054649047,1.0744819527282754,0.0014180814619109139
24,0.24903728745553821,0.9985508907813266,0.813892476736378,0.3171995318223746,1.1512690837549544,0.0013018599286780397
24,0.26393224299529405,0.9696626772330852,1.0,0.2910149521205612,1.0862974775682877,0.003322007529744875
24,0.2801197001612367,0.9816022449488891,1.0,0.4058309764843255,1.0726589863334712,0.04913607911747264
24,0.27278497916624134,1.0,1.0,0.4022702463333043,1.0584478541432836,0.007404168650413601
24,0.28280210595720895,0.9983898786459184,0.9939561406456643,0.42744756054649047,1.0606054337191309,0.04679074193393862
24,0.26752696963707434,1.0,1.0,0.42744756054649047,1.0717010334257981,0.014019077234992183
24,0.2794519627889084,0.9806606535137538,0.9946099763394516,0.42744756054649047,1.0746423107056235,0.048673743465211805
24,0.28232078504552927,1.0,0.989115558744601,0.42744756054649047,1.0606811820993003,0.0451380656431537
24,0.28123346406977523,1.0,1.0,0.4080969347635123,1.0582661979065537,0.038796730324194506
24,0.23712321778631631,0.9985508907813266,0.8133430349768929,0.3135229129236087,1.209113693583055,0.05784361002337568
24,0.2850576460624752,1.0,0.9995055024164635,0.42744756054649047,1.0578167993928707,0.05202399272528235
24,0.2663158329662808,0.9790505321596722,0.9946099763394516,0.42744756054649047,1.0765748571199374,0.0006158790959223115
24,0.25243887430345335,1.0,0.8129529313276586,0.42681050337810356,1.135755855972567,0.015198717645042104
24,0.2710369693270973,1.0,0.9945055824051494,0.399636626164241,1.0601903028220645,0.0023680782192181393
24,0.278051432590413,1.0,0.9945055824051494,0.42744756054649047,1.0591877465476864,0.02805143051140302
24,0.25463286844720856,0.9986958017031939,0.8374482048981057,0.3282243346947862,1.134082868566229,0.008113030016114742
24,0.27120478521380553,0.9998550890781326,1.0,0.42744756054649047,1.0577957465222494,0.000628080332916614
24,0.2700835386844744,0.9983898786459184,0.999450558240515,0.3915409309490455,1.0615564770662218,0.001387208674759055
24,0.26919025252446105,0.9821378221571943,1.0,0.37081793269190944,1.0727596206084609,0.007680453932863429
24,0.26519108386150336,0.9875248550758909,0.9959945695733539,0.2778466577689866,1.0811409103392753,0.00824282040993407
24,0.2778559246703619,0.9875248550758909,0.9950000799886859,0.326143884660722,1.0716602948387342,0.039798439780920125
25,0.27939634408618563,1.0,1.0,0.42744756054649047,1.057681956190806,0.03150915205987004
25,0.2663158329662808,0.9790505321596722,0.9946099763394516,0.42744756054649047,1.0765748571199374,0.0006158790959223115
25,0.27120478521380553,0.9998550890781326,1.0,0.42744756054649047,1.0577957465222494,0.000628080332916614
25,0.28444162735591627,1.0,1.0,0.42744756054649047,1.057681956190806,0.04971089176463672
25,0.27278497916624134,1.0,1.0,0.4022702463333043,1.0584478541432836,0.007404168650413601
25,0.27121796804135967,1.0,0.9939561406456643,0.42744756054649047,1.0593392411957192,0.002222959725062701
25,0.26752696963707434,0.9875248550758909,0.995549521748171,0.2971972835519648,1.0723976977011973,0.0006966642753991614
25,0.27278497916624134,1.0,1.0,0.4022702463333043,1.0584478541432836,0.007404168650413601
25,0.28123346406977523,1.0,1.0,0.4080969347635123,1.0582661979065537,0.038796730324194506
25,0.2700835386844744,0.9983898786459184,0.999450558240515,0.3915409309490455,1.0615564770662218,0.001387208674759055
25,0.28649768609887105,1.0,1.0,0.42744756054649047,1.057681956190806,0.056944624576391156
25,0.2850576460624752,1.0,0.9995055024164635,0.42744756054649047,1.0578167993928707,0.05202399272528235
25,0.27120478521380553,1.0,0.9938950915612771,0.4233624284367506,1.0595021428242337,0.0023344766349009394
25,0.2713065105792023,1.0,0.9945055824051494,0.4189872519472192,1.0594863983319345,0.002715113219129428
25,0.2672106445007163,0.9801531357302158,1.0,0.3884154132796451,1.0740230111705378,0.0010532933519518117
25,0.278051432590413,1.0,0.9945055824051494,0.42744756054649047,1.0591877465476864,0.02805143051140302
25,0.26984592755299674,0.9982109762732427,1.0,0.3647887582054561,1.0624912239308335,0.001507632551368543
25,0.24903728745553821,0.9985508907813266,0.813892476736378,0.3171995318223746,1.1512690837549544,0.0013018599286780397
25,0.28444264040182987,1.0,0.9945055824051494,0.42744756054649047,1.0591877465476864,0.05122027202267554
25,0.26718719873552865,0.9790505321596722,1.0,0.42744756054649047,1.0744819527282754,0.0014180814619109139
25,0.30363629078760296,1.0,1.0,0.42744756054649047,1.057681956190806,0.11343076272154207
25,0.2698902604902205,0.998244967724051,1.0,0.3786689161789037,1.0623166961191546,0.0018068620989650785
25,0.2981806506179433,0.9803547304564783,1.0,0.42744756054649047,1.0734151193952295,0.11188750402069536
25,0.28444162735591627,0.9825945881623783,1.0,0.42744756054649047,1.0715895257420271,0.06361846131585791
25,0.26616678282616413,0.9810005680218375,1.0,0.42744756054649047,1.077177725858828,0.0042898510136117896
25,0.2698323451874488,0.9806606535137538,0.9939561406456643,0.42744756054649047,1.0748225704147971,0.012277864592712184
25,0.27911273156519645,0.9983898786459184,1.0,0.37105463843955955,1.060647759489922,0.03343223884342139
25,0.26506663748550185,0.9805277008031127,0.999450558240515,0.37907158120075224,1.0816484961637587,0.007611649036733503
25,0.28123346406977523,0.9793564552169477,1.0,0.368465377104222,1.0749040345006418,0.055434566918282524
25,0.29494703504585396,0.9983898786459184,1.0,0.42744756054649047,1.0589481487142174,0.08687894352833259
25,0.26863281905790853,1.0,1.0,0.3694324493865435,1.0672892866896182,0.007764205157233972
25,0.2675262533124762,0.9790505321596722,0.9995549521748172,0.42744756054649047,1.0746033056062942,0.0028994026086326397
25,0.2799018854590723,1.0,0.9945055824051494,0.42744756054649047,1.0591877465476864,0.03486835189098492
25,0.23669585121617148,0.9985508907813266,0.813892476736378,0.29453994903050706,1.2112968107239073,0.05525125407137055
25,0.2526531152859874,1.0,0.813892476736378,0.3171995318223746,1.1489823595680326,0.014189584732477778
25,0.2683102725241553,0.9985508907813266,1.0,0.3757809681258118,1.068572317918397,0.00819610578971397
25,0.28412797675942547,1.0,0.995549521748171,0.42744756054649047,1.058900367405257,0.04981659761266877
25,0.2888350922273875,1.0,1.0,0.4080969347635123,1.0582661979065537,0.06562736133930847
25,0.27078192537730894,0.9967822901727973,1.0,0.42744756054649047,1.0602164303532002,0.0013978646653114435
25,0.2646624249810502,0.9790505321596722,0.9946099763394516,0.42744756054649047,1.0833004716791725,0.0073414936551574606
26,0.27939634408618563,1.0,1.0,0.42744756054649047,1.057681956190806,0.03150915205987004
26,0.2663158329662808,0.9790505321596722,0.9946099763394516,0.42744756054649047,1.0765748571199374,0.0006158790959223115
26,0.27120478521380553,0.9998550890781326,1.0,0.42744756054649047,1.0577957465222494,0.000628080332916614
26,0.28444162735591627,1.0,1.0,0.42744756054649047,1.057681956190806,0.04971089176463672
26,0.27278497916624134,1.0,1.0,0.4022702463333043,1.0584478541432836,0.007404168650413601
26,0.27121796804135967,1.0,0.9939561406456643,0.42744756054649047,1.0593392411957192,0.002222959725062701
26,0.26752696963707434,0.9875248550758909,0.995549521748171,0.2971972835519648,1.0723976977011973,0.0006966642753991614
26,0.27278497916624134,1.0,1.0,0.4022702463333043,1.0584478541432836,0.007404168650413601
26,0.28123346406977523,1.0,1.0,0.4080969347635123,1.0582661979065537,0.038796730324194506
26,0.2700835386844744,0.9983898786459184,0.999450558240515,0.3915409309490455,1.0615564770662218,0.001387208674759055
26,0.27078192537730894,0.9967822901727973,1.0,0.42744756054649047,1.0602164303532002,0.0013978646653114435
26,0.28649768609887105,1.0,1.0,0.42744756054649047,1.057681956190806,0.056944624576391156
26,0.2850576460624752,1.0,0.9995055024164635,0.42744756054649047,1.0578167993928707,0.05202399272528235
26,0.27120478521380553,1.0,0.9938950915612771,0.4233624284367506,1.0595021428242337,0.0023344766349009394
26,0.2713065105792023,1.0,0.9945055824051494,0.4189872519472192,1.0594863983319345,0.002715113219129428
26,0.2672106445007163,0.9801531357302158,1.0,0.3884154132796451,1.0740230111705378,0.0010532933519518117
26,0.278051432590413,1.0,0.9945055824051494,0.42744756054649047,1.0591877465476864,0.02805143051140302
26,0.28412797675942547,1.0,0.995549521748171,0.42744756054649047,1.058900367405257,0.04981659761266877
26,0.26984592755299674,0.9982109762732427,1.0,0.3647887582054561,1.0624912239308335,0.001507632551368543
26,0.2698902604902205,0.998244967724051,1.0,0.3786689161789037,1.0623166961191546,0.0018068620989650785
26,0.28726708661938855,1.0,0.9934500437360942,0.42744756054649047,1.059478932863881,0.06142192160995796
26,0.27858973974748014,1.0,0.9950550241646344,0.42744756054649047,1.0590364192019313,0.02989252419789734
26,0.28468627254934226,1.0,1.0,0.4022702463333043,1.0584478541432836,0.05134298980800711
26,0.27874996406291713,0.9801531357302158,1.0,0.39602969101898927,1.0739266957371243,0.04537434834467824
26,0.27214890862108326,0.9987141825095991,0.9945055824051494,0.4022702463333043,1.0610721474188045,0.007571946737439994
26,0.27121796804135967,1.0,1.0,0.42744756054649047,1.057681956190806,0.0005656747201494561
26,0.27363183591216295,1.0,0.9950550241646344,0.4080969347635123,1.059716824822569,0.011925989748576393
26,0.29256811590896065,1.0,1.0,0.42744756054649047,1.057681956190806,0.07770869755223087
26,0.2710666180000312,1.0,0.9959945695733539,0.4080969347635123,1.059440097295671,0.0017335749702762637
26,0.2683796197839894,0.9983898786459184,1.0,0.35170401265658136,1.0682962069306636,0.0070009020859282955
26,0.2767511976342655,0.9967822901727973,1.0,0.3937142212314271,1.0611485505234048,0.02516774062664373
26,0.28303621247981436,1.0,1.0,0.38543735197164475,1.0589883715849342,0.046012231973480144
26,0.27367826532625467,1.0,0.9939561406456644,0.4229932445904404,1.0594982856065338,0.011885207850344415
26,0.2538279590846375,0.9803827898812453,1.0,0.3435399836387429,1.1295403816247205,0.05500966505535776
26,0.2777367689480086,1.0,0.995549521748171,0.42744756054649047,1.058900367405257,0.026595818912463987
26,0.2672106445007163,0.9985508907813266,0.9950550241646345,0.39513159390879,1.072969717818586,0.01168654561819027
26,0.2801573821513834,1.0,1.0,0.40594686523207024,1.0583329122938547,0.0349476719123718
26,0.2567226777606583,0.9821378221571943,1.0,0.3671413137931435,1.1168040637668926,0.043982908032419
26,0.2701799177455561,1.0,1.0,0.384854683128624,1.0611777967519338,0.0021702842022395252
26,0.2729988291845712,1.0,0.9995055024164635,0.3786689161789037,1.0593715275140507,0.009151163173348964
27,0.27121796804135967,1.0,1.0,0.42744756054649047,1.057681956190806,0.0005656747201494561
27,0.27939634408618563,1.0,1.0,0.42744756054649047,1.057681956190806,0.03150915205987004
27,0.2663158329662808,0.9790505321596722,0.9946099763394516,0.42744756054649047,1.0765748571199374,0.0006158790959223115
27,0.27120478521380553,0.9998550890781326,1.0,0.42744756054649047,1.0577957465222494,0.000628080332916614
27,0.28444162735591627,1.0,1.0,0.42744756054649047,1.057681956190806,0.04971089176463672
27,0.27278497916624134,1.0,1.0,0.4022702463333043,1.0584478541432836,0.007404168650413601
27,0.27121796804135967,1.0,0.9939561406456643,0.42744756054649047,1.0593392411957192,0.002222959725062701
27,0.26752696963707434,0.9875248550758909,0.995549521748171,0.2971972835519648,1.0723976977011973,0.0006966642753991614
27,0.27278497916624134,1.0,1.0,0.4022702463333043,1.0584478541432836,0.007404168650413601
27,0.28123346406977523,1.0,1.0,0.4080969347635123,1.0582661979065537,0.038796730324194506
27,0.2700835386844744,0.9983898786459184,0.999450558240515,0.3915409309490455,1.0615564770662218,0.001387208674759055
27,0.27078192537730894,0.9967822901727973,1.0,0.42744756054649047,1.0602164303532002,0.0013978646653114435
27,0.2710666180000312,1.0,0.9959945695733539,0.4080969347635123,1.059440097295671,0.0017335749702762637
27,0.2801573821513834,1.0,1.0,0.40594686523207024,1.0583329122938547,0.0349476719123718
27,0.28649768609887105,1.0,1.0,0.42744756054649047,1.057681956190806,0.056944624576391156
27,0.2672106445007163,0.9801531357302158,1.0,0.3884154132796451,1.0740230111705378,0.0010532933519518117
27,0.2777367689480086,1.0,0.995549521748171,0.42744756054649047,1.058900367405257,0.026595818912463987
27,0.26984592755299674,0.9982109762732427,1.0,0.3647887582054561,1.0624912239308335,0.001507632551368543
27,0.28468627254934226,1.0,1.0,0.4022702463333043,1.0584478541432836,0.05134298980800711
27,0.2729988291845712,1.0,0.9995055024164635,0.3786689161789037,1.0593715275140507,0.009151163173348964
27,0.2832393196439013,1.0,1.0,0.4080969347635123,1.0582661979065537,0.0460164500635043
27,0.28290295945709076,0.9822682419868749,1.0,0.39231862800632966,1.0723229674607526,0.058869695576338144
27,0.26571702687635695,0.9801531357302158,0.9959945695733539,0.3884154132796451,1.0790009702894792,0.0037249097351910176
27,0.26477527037122867,1.0,0.9935110928204814,0.4028974063986406,1.082838776507361,0.022470143896365036
27,0.27897999899660336,1.0,1.0,0.38291962055032613,1.0590712924853256,0.03136704521126843
27,0.2752939693995226,1.0,0.9939561406456643,0.42413860353760113,1.0594572483133995,0.017992626022772962
27,0.2910930794447195,1.0,0.995549521748171,0.42744756054649047,1.058900367405257,0.07396135592822661
27,0.27290932965863823,0.9998695801703193,1.0,0.4196858095379847,1.0580142897277918,0.007449509809554389
27,0.28981958466272784,1.0,1.0,0.42744756054649047,1.057681956190806,0.06841502916304476
27,0.272277223986587,0.9996600854919161,1.0,0.37444514205128904,1.0596040235434283,0.006600303106841343
27,0.2696563079876377,1.0,0.9905550961544517,0.42744756054649047,1.063238356919622,0.00295762395372412
27,0.26316880735669085,0.9790505321596722,0.9906045459128054,0.42744756054649047,1.0894487560715378,0.012381761777828348
27,0.27812901138349577,0.9983898786459184,0.999450558240515,0.3721903051660673,1.060791063028085,0.029942362836752112
27,0.2691309059170295,0.9903824909223834,0.9899507102190181,0.3666152333583483,1.070058671110369,0.004744641646575731
27,0.2773257341089989,1.0,0.9945605265810978,0.4022702463333043,1.0600762045900942,0.026241638936319145
27,0.26766318467426997,0.9875248550758909,0.9937149357132504,0.31461284675664514,1.0725320868255193,0.0013764470285195785
27,0.26853701363488525,0.9983898786459184,0.995549521748171,0.3967849505362327,1.0676700613911563,0.006474931563949404
27,0.2797319823745446,1.0,1.0,0.3835467806156624,1.0590505853936925,0.03410904155478356
27,0.2792502579128269,0.9998550890781326,1.0,0.4080969347635123,1.0583772683898516,0.031667635184006615
27,0.28711224943055796,1.0,0.9959945695733539,0.3786689161789037,1.060504796752841,0.06190954186186148
28,0.27121796804135967,1.0,1.0,0.42744756054649047,1.057681956190806,0.0005656747201494561
28,0.27939634408618563,1.0,1.0,0.42744756054649047,1.057681956190806,0.03150915205987004
28,0.2663158329662808,0.9790505321596722,0.9946099763394516,0.42744756054649047,1.0765748571199374,0.0006158790959223115
28,0.27120478521380553,0.9998550890781326,1.0,0.42744756054649047,1.0577957465222494,0.000628080332916614
28,0.28444162735591627,1.0,1.0,0.42744756054649047,1.057681956190806,0.04971089176463672
28,0.27278497916624134,1.0,1.0,0.4022702463333043,1.0584478541432836,0.007404168650413601
28,0.27121796804135967,1.0,0.9939561406456643,0.42744756054649047,1.0593392411957192,0.002222959725062701
28,0.26752696963707434,0.9875248550758909,0.995549521748171,0.2971972835519648,1.0723976977011973,0.0006966642753991614
28,0.27278497916624134,1.0,1.0,0.4022702463333043,1.0584478541432836,0.007404168650413601
28,0.2700835386844744,0.9983898786459184,0.999450558240515,0.3915409309490455,1.0615564770662218,0.001387208674759055
28,0.27078192537730894,0.9967822901727973,1.0,0.42744756054649047,1.0602164303532002,0.0013978646653114435
28,0.2710666180000312,1.0,0.9959945695733539,0.4080969347635123,1.059440097295671,0.0017335749702762637
28,0.27290932965863823,0.9998695801703193,1.0,0.4196858095379847,1.0580142897277918,0.007449509809554389
28,0.28649768609887105,1.0,1.0,0.42744756054649047,1.057681956190806,0.056944624576391156
28,0.2672106445007163,0.9801531357302158,1.0,0.3884154132796451,1.0740230111705378,0.0010532933519518117
28,0.26984592755299674,0.9982109762732427,1.0,0.3647887582054561,1.0624912239308335,0.001507632551368543
28,0.26766318467426997,0.9875248550758909,0.9937149357132504,0.31461284675664514,1.0725320868255193,0.0013764470285195785
28,0.2777367689480086,1.0,0.995549521748171,0.42744756054649047,1.058900367405257,0.026595818912463987
28,0.28123346406977523,1.0,1.0,0.4080969347635123,1.0582661979065537,0.038796730324194506
28,0.2729988291845712,1.0,0.9995055024164635,0.3786689161789037,1.0593715275140507,0.009151163173348964
28,0.2788267919517228,1.0,0.9963951126160185,0.31022231125141736,1.0631393911860878,0.034870450938771835
28,0.2711471675733708,1.0,0.995549521748171,0.3711817307403394,1.0609352361215127,0.0035429262200947775
28,0.2867972909475941,0.9998695801703193,1.0,0.42744756054649047,1.0577843660048598,0.058092461823925245
28,0.2878959123499251,1.0,1.0,0.42744756054649047,1.057681956190806,0.06180491311328451
28,0.2755544761105584,1.0,1.0,0.42744756054649047,1.057681956190806,0.0172019251369393
28,0.2877516613749743,1.0,1.0,0.42744756054649047,1.057681956190806,0.06130567626019612
28,0.30139267863805724,1.0,1.0,0.42744756054649047,1.057681956190806,0.10640161572157236
28,0.28367417040462006,0.9875248550758909,0.9946099763394516,0.42744756054649047,1.0690773186794083,0.05837927210936278
28,0.2741030218543997,1.0,1.0,0.3915409309490455,1.0587896233179608,0.012799951568437162
28,0.2923764714596538,1.0,0.9959945695733539,0.3915409309490455,1.0600301033123496,0.07941450011743145
28,0.28988732745689305,1.0,1.0,0.42744756054649047,1.057681956190806,0.06864620762182339
28,0.2710666180000312,0.9971040611555175,1.0,0.4022702463333043,1.0606572455010632,0.002950723175668468
28,0.2868901244965167,1.0,0.9945605265810978,0.42744756054649047,1.0591726062890836,0.059804188136584724
28,0.26108567125667154,0.9998695801703193,0.9995055024164635,0.3786689161789037,1.0981411902954374,0.03867341585359951
28,0.2975466790204471,1.0,1.0,0.4080969347635123,1.0582661979065537,0.09468989155582119
28,0.2521716483168749,0.9761545933151897,0.9946099763394516,0.42744756054649047,1.1369594150560196,0.05862136834519682
28,0.26766318467426997,1.0,0.9907963010868656,0.31461284675664514,1.0711556397969997,0.00602294431806194
28,0.2984108440267707,1.0,1.0,0.42744756054649047,1.057681956190806,0.09689606090839809
28,0.2690734946866635,0.9875248550758909,0.9991544091321526,0.2919532639647776,1.07110101827632,0.005559686643646922
28,0.2681367789253888,0.9951721688187157,1.0,0.3937142212314271,1.069263720481781,0.006893852978703929
29,0.27121796804135967,1.0,1.0,0.42744756054649047,1.057681956190806,0.0005656747201494561
29,0.2663158329662808,0.9790505321596722,0.9946099763394516,0.42744756054649047,1.0765748571199374,0.0006158790959223115
29,0.27120478521380553,0.9998550890781326,1.0,0.42744756054649047,1.0577957465222494,0.000628080332916614
29,0.2755544761105584,1.0,1.0,0.42744756054649047,1.057681956190806,0.0172019251369393
29,0.27278497916624134,1.0,1.0,0.4022702463333043,1.0584478541432836,0.007404168650413601
29,0.27121796804135967,1.0,0.9939561406456643,0.42744756054649047,1.0593392411957192,0.002222959725062701
29,0.26752696963707434,0.9875248550758909,0.995549521748171,0.2971972835519648,1.0723976977011973,0.0006966642753991614
29,0.27278497916624134,1.0,1.0,0.4022702463333043,1.0584478541432836,0.007404168650413601
29,0.2700835386844744,0.9983898786459184,0.999450558240515,0.3915409309490455,1.0615564770662218,0.001387208674759055
29,0.27078192537730894,0.9967822901727973,1.0,0.42744756054649047,1.0602164303532002,0.0013978646653114435
29,0.2710666180000312,1.0,0.9959945695733539,0.4080969347635123,1.059440097295671,0.0017335749702762637
29,0.27290932965863823,0.9998695801703193,1.0,0.4196858095379847,1.0580142897277918,0.007449509809554389
29,0.27939634408618563,1.0,1.0,0.42744756054649047,1.057681956190806,0.03150915205987004
29,0.2672106445007163,0.9801531357302158,1.0,0.3884154132796451,1.0740230111705378,0.0010532933519518117
29,0.28444162735591627,1.0,1.0,0.42744756054649047,1.057681956190806,0.04971089176463672
29,0.28123346406977523,1.0,1.0,0.4080969347635123,1.0582661979065537,0.038796730324194506
29,0.26984592755299674,0.9982109762732427,1.0,0.3647887582054561,1.0624912239308335,0.001507632551368543
29,0.26766318467426997,0.9875248550758909,0.9937149357132504,0.31461284675664514,1.0725320868255193,0.0013764470285195785
29,0.2741030218543997,1.0,1.0,0.3915409309490455,1.0587896233179608,0.012799951568437162
29,0.2710666180000312,0.9971040611555175,1.0,0.4022702463333043,1.0606572455010632,0.002950723175668468
29,0.2620851025636523,1.0,0.999450558240515,0.3915409309490455,1.0939535555533513,0.03499435877135859
29,0.2663158329662808,0.9790505321596722,1.0,0.3813329627581452,1.0765748571199374,0.001606922215301898
29,0.2769288128285636,1.0,1.0,0.4196858095379847,1.0579128622133676,0.02259650442000094
29,0.2590678097944,1.0,0.9937149357132504,0.2582199246497142,1.106694536931731,0.03989569894254763
29,0.2847263199786385,1.0,0.9959945695733539,0.34535124379157817,1.0618039581101033,0.054840745451811834
29,0.2697233340195207,0.9982109762732427,1.0,0.34911475132124375,1.0629741430428175,0.0014620939504530472
29,0.26752696963707434,0.9801531357302158,0.9945605265810978,0.3884154132796451,1.0757271367903554,0.004026103364557221
29,0.2692782083034824,0.9973975354324291,0.9945995369460214,0.4266698634892063,1.0647312741815604,0.0034956269975610077
29,0.2700835386844744,0.9888897474150145,0.9919891391467077,0.29785726137609436,1.0729022317280212,0.011345754661799434
29,0.2697029648316275,0.9812758987733856,0.9951489787055064,0.3915409309490455,1.0746106036496657,0.01155617999154801
29,0.26348023421487643,1.0,1.0,0.36995427969560385,1.0881610556754118,0.028653838447782798
29,0.2707424806990678,1.0,1.0,0.38543735197164475,1.0589883715849342,1.5545814264106284e-05
29,0.27181930665492404,0.9922426895457225,0.9991544091321525,0.42744756054649047,1.0640507277088764,0.009273076428106597
29,0.27272701066935623,0.99973771123142,1.0,0.4204619846388353,1.0580937738903924,0.006826687634115425
29,0.2690485964352125,0.9790505321596722,0.9982148637234332,0.4125471571134704,1.0751340698642866,0.009494131079376578
29,0.2676089368219667,1.0,0.9959945695733539,0.4080969347635123,1.0713727771370842,0.011932679841413218
29,0.2741030218543997,1.0,1.0,0.3915409309490455,1.0587896233179608,0.012799951568437162
29,0.27283491438237845,1.0,1.0,0.3324727915677556,1.060857589319234,0.01000626957812667
29,0.265293258196218,0.9998826221532874,1.0,0.4127002336303295,1.080724522627121,0.022509439844307755
29,0.26628094153032994,0.9984059798594592,0.9995055024164635,0.39513159390879,1.076715923327367,0.01668741081299885
30,0.27121796804135967,1.0,1.0,0.42744756054649047,1.057681956190806,0.0005656747201494561
30,0.2707424806990678,1.0,1.0,0.38543735197164475,1.0589883715849342,1.5545814264106284e-05
30,0.27120478521380553,0.9998550890781326,1.0,0.42744756054649047,1.0577957465222494,0.000628080332916614
30,0.2755544761105584,1.0,1.0,0.42744756054649047,1.057681956190806,0.0172019251369393
30,0.2663158329662808,0.9790505321596722,0.9946099763394516,0.42744756054649047,1.0765748571199374,0.0006158790959223115
30,0.27121796804135967,1.0,0.9939561406456643,0.42744756054649047,1.0593392411957192,0.002222959725062701
30,0.26752696963707434,0.9875248550758909,0.995549521748171,0.2971972835519648,1.0723976977011973,0.0006966642753991614
30,0.2700835386844744,0.9983898786459184,0.999450558240515,0.3915409309490455,1.0615564770662218,0.001387208674759055
30,0.27078192537730894,0.9967822901727973,1.0,0.42744756054649047,1.0602164303532002,0.0013978646653114435
30,0.2710666180000312,1.0,0.9959945695733539,0.4080969347635123,1.059440097295671,0.0017335749702762637
30,0.27290932965863823,0.9998695801703193,1.0,0.4196858095379847,1.0580142897277918,0.007449509809554389
30,0.27272701066935623,0.99973771123142,1.0,0.4204619846388353,1.0580937738903924,0.006826687634115425
30,0.27939634408618563,1.0,1.0,0.42744756054649047,1.057681956190806,0.03150915205987004
30,0.2769288128285636,1.0,1.0,0.4196858095379847,1.0579128622133676,0.02259650442000094
30,0.2672106445007163,0.9801531357302158,1.0,0.3884154132796451,1.0740230111705378,0.0010532933519518117
30,0.28444162735591627,1.0,1.0,0.42744756054649047,1.057681956190806,0.04971089176463672
30,0.28123346406977523,1.0,1.0,0.4080969347635123,1.0582661979065537,0.038796730324194506
30,0.27278497916624134,1.0,1.0,0.4022702463333043,1.0584478541432836,0.007404168650413601
30,0.26766318467426997,0.9875248550758909,0.9937149357132504,0.31461284675664514,1.0725320868255193,0.0013764470285195785
30,0.2697233340195207,0.9982109762732427,1.0,0.34911475132124375,1.0629741430428175,0.0014620939504530472
30,0.2755866047184753,1.0,1.0,0.42744756054649047,1.057681956190806,0.01732322702269662
30,0.2778960683295365,1.0,1.0,0.384854683128624,1.0590075125496943,0.027294715773721334
30,0.2841402478456574,1.0,0.9944506382292008,0.42744756054649047,1.0592028884793117,0.05016269770801518
30,0.2876290678414983,1.0,1.0,0.42744756054649047,1.057681956190806,0.060880999820779214
30,0.28507871094698795,1.0,0.9946099763394516,0.4022702463333043,1.060061321182294,0.054342834021663844
30,0.26690773926021844,0.9967822901727973,1.0,0.42744756054649047,1.074187397568547,0.013970967215346741
30,0.2623661746407342,0.9996335202785973,1.0,0.413398791221095,1.0927816064736364,0.03439551170674915
30,0.2742659230304119,1.0,1.0,0.42744756054649047,1.057681956190806,0.012313553555288959
30,0.2713767420047513,0.9982109762732427,1.0,0.3316991881165634,1.0621282459565506,0.005630449842880081
30,0.25529748657281665,0.9800227159005351,1.0,0.3884154132796451,1.1230385916714118,0.048914116435006205
30,0.26848968350631686,0.9971040611555175,1.0,0.4022702463333043,1.067858273319548,0.007201027818484862
30,0.27272701066935623,0.9789331543129596,0.9946099763394516,0.4204619846388353,1.0761547369764912,0.02488765072021426
30,0.26490973235805626,0.970374614517191,1.0,0.3035061306222725,1.0823214273295925,3.2274467453685673e-05
30,0.2746954066318978,0.9996335202785973,1.0,0.42744756054649047,1.057969795724529,0.014235816431993786
30,0.2775802921620134,0.9983898786459184,1.0,0.40895649415372587,1.0594769007088913,0.026590424385140476
30,0.26521422646076276,0.9967822901727973,1.0,0.3966239487367845,1.081046569959913,0.019982029432799697
30,0.27340543724833116,1.0,0.998016515248259,0.4080969347635123,1.0588463338751253,0.01018785532426647
30,0.275493674571735,1.0,0.9952022745561764,0.4100319973418101,1.0596043628558536,0.01889469753952433
30,0.28158385314135576,0.9999724669248452,1.0,0.42744756054649047,1.0577035738159821,0.03950268379940747
30,0.27550008087373,1.0,1.0,0.42744756054649047,1.057681956190806,0.01699649086875543
31,0.27121796804135967,1.0,1.0,0.42744756054649047,1.057681956190806,0.0005656747201494561
31,0.2707424806990678,1.0,1.0,0.38543735197164475,1.0589883715849342,1.5545814264106284e-05
31,0.27120478521380553,0.9998550890781326,1.0,0.42744756054649047,1.0577957465222494,0.000628080332916614
31,0.2742659230304119,1.0,1.0,0.42744756054649047,1.057681956190806,0.012313553555288959
31,0.2663158329662808,0.9790505321596722,0.9946099763394516,0.42744756054649047,1.0765748571199374,0.0006158790959223115
31,0.26490973235805626,0.970374614517191,1.0,0.3035061306222725,1.0823214273295925,3.2274467453685673e-05
31,0.27121796804135967,1.0,0.9939561406456643,0.42744756054649047,1.0593392411957192,0.002222959725062701
31,0.26752696963707434,0.9875248550758909,0.995549521748171,0.2971972835519648,1.0723976977011973,0.0006966642753991614
31,0.2700835386844744,0.9983898786459184,0.999450558240515,0.3915409309490455,1.0615564770662218,0.001387208674759055
31,0.27078192537730894,0.9967822901727973,1.0,0.42744756054649047,1.0602164303532002,0.0013978646653114435
31,0.2710666180000312,1.0,0.9959945695733539,0.4080969347635123,1.059440097295671,0.0017335749702762637
31,0.27290932965863823,0.9998695801703193,1.0,0.4196858095379847,1.0580142897277918,0.007449509809554389
31,0.27272701066935623,0.99973771123142,1.0,0.4204619846388353,1.0580937738903924,0.006826687634115425
31,0.2746954066318978,0.9996335202785973,1.0,0.42744756054649047,1.057969795724529,0.014235816431993786
31,0.27550008087373,1.0,1.0,0.42744756054649047,1.057681956190806,0.01699649086875543
31,0.2672106445007163,0.9801531357302158,1.0,0.3884154132796451,1.0740230111705378,0.0010532933519518117
31,0.2755544761105584,1.0,1.0,0.42744756054649047,1.057681956190806,0.0172019251369393
31,0.27278497916624134,1.0,1.0,0.4022702463333043,1.0584478541432836,0.007404168650413601
31,0.2697233340195207,0.9982109762732427,1.0,0.34911475132124375,1.0629741430428175,0.0014620939504530472
31,0.26766318467426997,0.9875248550758909,0.9937149357132504,0.31461284675664514,1.0725320868255193,0.0013764470285195785
31,0.27676622756029184,1.0,1.0,0.42744756054649047,1.057681956190806,0.021757405740937985
31,0.2686003754602376,0.9734675728951525,1.0,0.3159002736146943,1.079964425753671,0.012546223741326079
31,0.2726044171358802,0.99973771123142,1.0,0.40478797775462294,1.058569244869624,0.006829390975857885
31,0.2710666648975261,1.0,0.9995055024164635,0.42744756054649047,1.0578167993928707,0.00011046006226100857
31,0.28248959903589016,1.0,1.0,0.42744756054649047,1.057681956190806,0.042745721849437146
31,0.2688862919477771,0.9998826221532874,0.9939561406456643,0.4204619846388353,1.0662831777620965,0.006602476783111655
31,0.26818924401917127,0.9981979342902747,1.0,0.35610032722889895,1.0690545434830194,0.007771600225333852
31,0.2692678039777463,1.0,0.9939561406456643,0.3966239487367845,1.0647724146773538,0.004301184489016396
31,0.2794871896051513,1.0,0.9959945695733539,0.42744756054649047,1.0587780362950614,0.03293878305330167
31,0.2807982374186116,1.0,1.0,0.42744756054649047,1.057681956190806,0.03663234948493144
31,0.2707056222155907,1.0,0.995549521748171,0.29451702837476446,1.06419193556437,0.0050749231604940714
31,0.27100077069606676,1.0,0.999450558240515,0.42423127153440643,1.057963522047,3.482950569488885e-05
31,0.2698910192104472,0.9887723695683018,0.9959945695733539,0.32285418475559235,1.070512093525692,0.008198383801430786
31,0.26575424860092023,0.9810150591140243,0.9951489787055064,0.4196858095379847,1.0788498446650352,0.004522186749878143
31,0.2730430338342617,0.9998550890781326,1.0,0.42744756054649047,1.0577957465222494,0.007745408944294763
31,0.2683130240071272,0.9982109762732427,1.0,0.3717743341131113,1.0685613599765047,0.007805740769126768
31,0.2661850373034902,0.9890084294600239,0.9943434421419254,0.29017312787767363,1.0771038550038086,0.004953623527695461
31,0.265401764107346,1.0,0.9937149357132504,0.3499834425192064,1.0802826830675438,0.017859592418572268
31,0.26402496097405515,0.9689255052985176,1.0,0.34911475132124375,1.0859160011135602,0.0029254787924826164
31,0.2686747561646122,0.9986682686280391,0.9934616430621278,0.40211716981644524,1.0671226948401569,0.005695323374116157
32,0.27121796804135967,1.0,1.0,0.42744756054649047,1.057681956190806,0.0005656747201494561
32,0.2707424806990678,1.0,1.0,0.38543735197164475,1.0589883715849342,1.5545814264106284e-05
32,0.2710666648975261,1.0,0.9995055024164635,0.42744756054649047,1.0578167993928707,0.00011046006226100857
32,0.27100077069606676,1.0,0.999450558240515,0.42423127153440643,1.057963522047,3.482950569488885e-05
32,0.27120478521380553,0.9998550890781326,1.0,0.42744756054649047,1.0577957465222494,0.000628080332916614
32,0.2742659230304119,1.0,1.0,0.42744756054649047,1.057681956190806,0.012313553555288959
32,0.26490973235805626,0.970374614517191,1.0,0.3035061306222725,1.0823214273295925,3.2274467453685673e-05
32,0.2663158329662808,0.9790505321596722,0.9946099763394516,0.42744756054649047,1.0765748571199374,0.0006158790959223115
32,0.27121796804135967,1.0,0.9939561406456643,0.42744756054649047,1.0593392411957192,0.002222959725062701
32,0.26752696963707434,0.9875248550758909,0.995549521748171,0.2971972835519648,1.0723976977011973,0.0006966642753991614
32,0.2700835386844744,0.9983898786459184,0.999450558240515,0.3915409309490455,1.0615564770662218,0.001387208674759055
32,0.27078192537730894,0.9967822901727973,1.0,0.42744756054649047,1.0602164303532002,0.0013978646653114435
32,0.2710666180000312,1.0,0.9959945695733539,0.4080969347635123,1.059440097295671,0.0017335749702762637
32,0.27290932965863823,0.9998695801703193,1.0,0.4196858095379847,1.0580142897277918,0.007449509809554389
32,0.27272701066935623,0.99973771123142,1.0,0.4204619846388353,1.0580937738903924,0.006826687634115425
32,0.2730430338342617,0.9998550890781326,1.0,0.42744756054649047,1.0577957465222494,0.007745408944294763
32,0.27550008087373,1.0,1.0,0.42744756054649047,1.057681956190806,0.01699649086875543
32,0.2672106445007163,0.9801531357302158,1.0,0.3884154132796451,1.0740230111705378,0.0010532933519518117
32,0.2755544761105584,1.0,1.0,0.42744756054649047,1.057681956190806,0.0172019251369393
32,0.2697233340195207,0.9982109762732427,1.0,0.34911475132124375,1.0629741430428175,0.0014620939504530472
32,0.27310233861557515,0.9998550890781326,1.0,0.42744756054649047,1.0577957465222494,0.007973429713819424
32,0.2754212291706129,1.0,1.0,0.42455290043561483,1.0577675422898274,0.016784133990399797
32,0.267420582135211,0.9887723695683018,0.9959945695733539,0.42744756054649047,1.0721273865297882,0.004434109153568677
32,0.26625351026389105,0.9889027893979825,0.999450558240515,0.31022231125141736,1.0768268540010382,0.007342907583788305
32,0.27905725952891763,1.0,1.0,0.38543735197164475,1.0589883715849342,0.03156865723095059
32,0.27711908916464434,1.0,0.999450558240515,0.42744756054649047,1.0578317902074574,0.02322630441907747
32,0.27213396285622216,0.9982886020127466,0.9995055024164635,0.425955205718496,1.0592050739152732,0.005647014354196012
32,0.27394646489776947,1.0,0.9995055024164635,0.42744756054649047,1.0578167993928707,0.011229357713594013
32,0.2691339642854115,0.9910544199864103,1.0,0.3510292061548551,1.0665911048269654,0.0012891813147235531
32,0.2649308118413307,0.9788144722679502,0.9946099763394516,0.4211605422296008,1.082203039450674,0.00596194086630808
32,0.2742304228199949,1.0,1.0,0.38963837282912933,1.0588512334597524,0.01334750375971816
32,0.27563629591092564,1.0,1.0,0.42744756054649047,1.057681956190806,0.017510780934891335
32,0.26092574939854796,0.9515200934608959,0.9951489787055064,0.34131531833963363,1.0988142429909489,0.0007807294587651725
32,0.2682753250475944,0.9915233974909169,0.9959945695733539,0.31022231125141736,1.0690412691359648,0.0003297512897015853
32,0.2737205624782196,0.9967822901727973,1.0,0.42744756054649047,1.0602164303532002,0.012765236852205986
32,0.2740052551009418,1.0,0.9964890671568903,0.4109915948743879,1.0591952237661741,0.012832336495851138
32,0.2707821971516162,0.9998943599379586,0.9959945695733539,0.4018099164466226,1.0597418290517584,0.0009243260618023719
32,0.2753130048443051,1.0,0.9995055024164635,0.42744756054649047,1.0578167993928707,0.01642418511454169
32,0.2715778498791215,0.9981538187541964,0.9998956060656978,0.38525391263215586,1.0604038141357115,0.004688372051890433
32,0.27244998602112763,0.9984059798594592,0.9995055024164635,0.42744756054649047,1.0590703097754601,0.006734304786800038
33,0.27121796804135967,1.0,1.0,0.42744756054649047,1.057681956190806,0.0005656747201494561
33,0.2707424806990678,1.0,1.0,0.38543735197164475,1.0589883715849342,1.5545814264106284e-05
33,0.2710666648975261,1.0,0.9995055024164635,0.42744756054649047,1.0578167993928707,0.00011046006226100857
33,0.27100077069606676,1.0,0.999450558240515,0.42423127153440643,1.057963522047,3.482950569488885e-05
33,0.27120478521380553,0.9998550890781326,1.0,0.42744756054649047,1.0577957465222494,0.000628080332916614
33,0.2742659230304119,1.0,1.0,0.42744756054649047,1.057681956190806,0.012313553555288959
33,0.26490973235805626,0.970374614517191,1.0,0.3035061306222725,1.0823214273295925,3.2274467453685673e-05
33,0.2682753250475944,0.9915233974909169,0.9959945695733539,0.31022231125141736,1.0690412691359648,0.0003297512897015853
33,0.27121796804135967,1.0,0.9939561406456643,0.42744756054649047,1.0593392411957192,0.002222959725062701
33,0.2710666180000312,1.0,0.9959945695733539,0.4080969347635123,1.059440097295671,0.0017335749702762637
33,0.27290932965863823,0.9998695801703193,1.0,0.4196858095379847,1.0580142897277918,0.007449509809554389
33,0.27272701066935623,0.99973771123142,1.0,0.4204619846388353,1.0580937738903924,0.006826687634115425
33,0.2730430338342617,0.9998550890781326,1.0,0.42744756054649047,1.0577957465222494,0.007745408944294763
33,0.27213396285622216,0.9982886020127466,0.9995055024164635,0.425955205718496,1.0592050739152732,0.005647014354196012
33,0.2707821971516162,0.9998943599379586,0.9959945695733539,0.4018099164466226,1.0597418290517584,0.0009243260618023719
33,0.27244998602112763,0.9984059798594592,0.9995055024164635,0.42744756054649047,1.0590703097754601,0.006734304786800038
33,0.27550008087373,1.0,1.0,0.42744756054649047,1.057681956190806,0.01699649086875543
33,0.2754212291706129,1.0,1.0,0.42455290043561483,1.0577675422898274,0.016784133990399797
33,0.2663158329662808,0.9790505321596722,0.9946099763394516,0.42744756054649047,1.0765748571199374,0.0006158790959223115
33,0.26752696963707434,0.9875248550758909,0.995549521748171,0.2971972835519648,1.0723976977011973,0.0006966642753991614
33,0.268805908439254,1.0,0.9959945695733539,0.4037165529556451,1.0666020382480377,0.007008014866719092
33,0.2753757725890785,1.0,0.9995549521748172,0.38543735197164475,1.059128429339442,0.017973184764954464
33,0.2710666648975261,0.9999776982091246,1.0,0.42744756054649047,1.0577063393306096,6.872955014225468e-06
33,0.2756855503523079,1.0,0.999450558240515,0.4191999098842422,1.0580818365900022,0.018096500054789022
33,0.27856377158362383,1.0,1.0,0.42744756054649047,1.057681956190806,0.028442122734153585
33,0.2742659230304119,1.0,1.0,0.4204619846388353,1.0578895674593478,0.01252116482383081
33,0.27296830020732565,0.9998590161641152,0.9975610280296459,0.3035061306222725,1.0630667626681325,0.012728940903019348
33,0.2669087467356048,0.9717431329249311,0.9999505502416464,0.3159002736146943,1.0812182908032206,0.007034947868972852
33,0.2619857303515515,0.9608620081413628,0.9959945695733539,0.18564999662016862,1.094368496413642,0.001874034541794689
33,0.2725222618339145,0.9985653818735133,1.0,0.42744756054649047,1.0588099354459057,0.006753021197556164
33,0.2732884658630342,0.9998695801703193,0.9939561406456643,0.42744756054649047,1.0594416510097733,0.010334331582650957
33,0.27086459786661654,1.0,1.0,0.42423127153440643,1.0584953962264059,0.0007183058367294937
33,0.274300548444023,1.0,1.0,0.42455290043561483,1.0577675422898274,0.012531098242765992
33,0.26815386979065625,0.9789201123299915,0.9951044739229881,0.42744756054649047,1.0759296441538853,0.006734073507600691
33,0.2795153965373223,1.0,1.0,0.42744756054649047,1.057681956190806,0.03194622418075488
33,0.2624619314171475,0.9790505321596722,0.9891705029205494,0.42744756054649047,1.0923829153453801,0.014917042420931503
33,0.2698134718715376,0.9909074574309651,1.0,0.3219448361809247,1.067532160235979,0.004913129949332351
33,0.272501780678627,0.9986604579293505,1.0,0.42455290043561483,1.058816899092491,0.006680912550011131
33,0.2772830260953635,1.0,0.9979615710723104,0.42744756054649047,1.0582386697876884,0.02424486964636019
33,0.26752696963707434,1.0,1.0,0.42744756054649047,1.0717010334257981,0.014019077234992183
34,0.27121796804135967,1.0,1.0,0.42744756054649047,1.057681956190806,0.0005656747201494561
34,0.2710666648975261,0.9999776982091246,1.0,0.42744756054649047,1.0577063393306096,6.872955014225468e-06
34,0.2742659230304119,1.0,1.0,0.42744756054649047,1.057681956190806,0.012313553555288959
34,0.2707424806990678,1.0,1.0,0.38543735197164475,1.0589883715849342,1.5545814264106284e-05
34,0.2710666648975261,1.0,0.9995055024164635,0.42744756054649047,1.0578167993928707,0.00011046006226100857
34,0.27100077069606676,1.0,0.999450558240515,0.42423127153440643,1.057963522047,3.482950569488885e-05
34,0.27120478521380553,0.9998550890781326,1.0,0.42744756054649047,1.0577957465222494,0.000628080332916614
34,0.27550008087373,1.0,1.0,0.42744756054649047,1.057681956190806,0.01699649086875543
34,0.274300548444023,1.0,1.0,0.42455290043561483,1.0577675422898274,0.012531098242765992
34,0.26490973235805626,0.970374614517191,1.0,0.3035061306222725,1.0823214273295925,3.2274467453685673e-05
34,0.2682753250475944,0.9915233974909169,0.9959945695733539,0.31022231125141736,1.0690412691359648,0.0003297512897015853
34,0.27290932965863823,0.9998695801703193,1.0,0.4196858095379847,1.0580142897277918,0.007449509809554389
34,0.27272701066935623,0.99973771123142,1.0,0.4204619846388353,1.0580937738903924,0.006826687634115425
34,0.2730430338342617,0.9998550890781326,1.0,0.42744756054649047,1.0577957465222494,0.007745408944294763
34,0.27086459786661654,1.0,1.0,0.42423127153440643,1.0584953962264059,0.0007183058367294937
34,0.27856377158362383,1.0,1.0,0.42744756054649047,1.057681956190806,0.028442122734153585
34,0.2663158329662808,0.9790505321596722,0.9946099763394516,0.42744756054649047,1.0765748571199374,0.0006158790959223115
34,0.26752696963707434,0.9875248550758909,0.995549521748171,0.2971972835519648,1.0723976977011973,0.0006966642753991614
34,0.2707821971516162,0.9998943599379586,0.9959945695733539,0.4018099164466226,1.0597418290517584,0.0009243260618023719
34,0.2754212291706129,1.0,1.0,0.42455290043561483,1.0577675422898274,0.016784133990399797
34,0.2691522456412063,1.0,0.995900615032482,0.4113592567642646,1.0652295660872688,0.005875773582356247
34,0.2710666648975261,0.9998943599379586,0.9959945695733539,0.398915256335747,1.0598445507648675,0.002138211434257853
34,0.27677509575257025,1.0,1.0,0.4196858095379847,1.0579128622133676,0.022021503976986656
34,0.2745736972050403,0.9999799283882121,1.0,0.42744756054649047,1.05769771532197,0.013501083323651963
34,0.2692773018030403,0.9873838712400062,0.9991544091321526,0.3139841449249562,1.0705364536247215,0.0058015951107248664
34,0.27010722598237336,1.0,1.0,0.42744756054649047,1.0614633829095428,0.0037814267187368245
34,0.27120478521380553,0.9875248550758909,0.9951044739229882,0.2971972835519648,1.072578651425544,0.015410985236211205
34,0.2784823669872193,1.0,1.0,0.42455290043561483,1.0577675422898274,0.028226846506229197
34,0.2784250945772009,1.0,1.0,0.42744756054649047,1.057681956190806,0.02792948252584515
34,0.2717073711508166,0.986679474417847,0.9982148637234332,0.42744756054649047,1.0687688986406423,0.01355670976458101
34,0.2725418968510157,1.0,0.9995549521748172,0.42455290043561483,1.0578901840036241,0.0059090641768502206
34,0.27290932965863823,0.9998896517821072,0.9995055024164635,0.42744756054649047,1.057903446597166,0.007338666678928574
34,0.27287816678638827,0.9998695801703193,1.0,0.4222910036377727,1.0579366122151521,0.007251857084927371
34,0.2804611178273677,1.0,0.999450558240515,0.42744756054649047,1.0578317902074574,0.03555486248292761
34,0.2696966619875305,1.0,1.0,0.42744756054649047,1.0630792673704006,0.005397311179594633
34,0.27856377158362383,0.9812758987733856,0.9951489787055064,0.42744756054649047,1.073991915938277,0.044752082481624544
34,0.2690319118831452,1.0,0.995900615032482,0.4043736808566094,1.0657060265767007,0.006107190928178019
34,0.2718827974281514,1.0,0.9959945695733539,0.4018099164466226,1.0596615053599183,0.005130168480243169
34,0.27717379440978446,1.0,1.0,0.4018099164466226,1.0584623224851493,0.024061034740237464
34,0.26998708571078983,1.0,0.9995055024164635,0.42484236644670237,1.0619357184595586,0.0040406307475109315
35,0.27121796804135967,1.0,1.0,0.42744756054649047,1.057681956190806,0.0005656747201494561
35,0.2710666648975261,0.9999776982091246,1.0,0.42744756054649047,1.0577063393306096,6.872955014225468e-06
35,0.2742659230304119,1.0,1.0,0.42744756054649047,1.057681956190806,0.012313553555288959
35,0.2707424806990678,1.0,1.0,0.38543735197164475,1.0589883715849342,1.5545814264106284e-05
35,0.2710666648975261,1.0,0.9995055024164635,0.42744756054649047,1.0578167993928707,0.00011046006226100857
35,0.27100077069606676,1.0,0.999450558240515,0.42423127153440643,1.057963522047,3.482950569488885e-05
35,0.27120478521380553,0.9998550890781326,1.0,0.42744756054649047,1.0577957465222494,0.000628080332916614
35,0.27550008087373,1.0,1.0,0.42744756054649047,1.057681956190806,0.01699649086875543
35,0.274300548444023,1.0,1.0,0.42455290043561483,1.0577675422898274,0.012531098242765992
35,0.2745736972050403,0.9999799283882121,1.0,0.42744756054649047,1.05769771532197,0.013501083323651963
35,0.26490973235805626,0.970374614517191,1.0,0.3035061306222725,1.0823214273295925,3.2274467453685673e-05
35,0.2682753250475944,0.9915233974909169,0.9959945695733539,0.31022231125141736,1.0690412691359648,0.0003297512897015853
35,0.2730430338342617,0.9998550890781326,1.0,0.42744756054649047,1.0577957465222494,0.007745408944294763
35,0.27086459786661654,1.0,1.0,0.42423127153440643,1.0584953962264059,0.0007183058367294937
35,0.2725418968510157,1.0,0.9995549521748172,0.42455290043561483,1.0578901840036241,0.0059090641768502206
35,0.2784250945772009,1.0,1.0,0.42744756054649047,1.057681956190806,0.02792948252584515
35,0.2663158329662808,0.9790505321596722,0.9946099763394516,0.42744756054649047,1.0765748571199374,0.0006158790959223115
35,0.26752696963707434,0.9875248550758909,0.995549521748171,0.2971972835519648,1.0723976977011973,0.0006966642753991614
35,0.2707821971516162,0.9998943599379586,0.9959945695733539,0.4018099164466226,1.0597418290517584,0.0009243260618023719
35,0.2754212291706129,1.0,1.0,0.42455290043561483,1.0577675422898274,0.016784133990399797
35,0.2780537415037367,1.0,1.0,0.42455290043561483,1.0577675422898274,0.026639788642804474
35,0.266764190868059,0.9875067906252819,0.995549521748171,0.29980247765175283,1.0747654281982169,0.002444642149228793
35,0.26903653872303357,0.9875248550758909,0.9951489787055064,0.2974867495630523,1.0725504813651152,0.006862782600532968
35,0.2672008988035941,0.999847278379444,1.0,0.42744756054649047,1.0730088525591457,0.015206971801201119
35,0.2580311246750301,0.9702795384613537,0.9963951126160184,0.28043225093239144,1.1111408755473675,0.026925689092512917
35,0.2729542226682872,0.9999799283882121,1.0,0.3922435669289174,1.0587820219494062,0.008390029299919943
35,0.27120478521380553,0.9887500677774265,0.9959945695733539,0.31022231125141736,1.070942128332229,0.013774462142896127
35,0.27885303318526355,1.0,1.0,0.42744756054649047,1.057681956190806,0.029509780339411318
35,0.26882658987745434,0.9810005680218375,0.9956434762890429,0.42744756054649047,1.074080451496252,0.0075604693575686
35,0.2798618681796006,1.0,0.9995549521748172,0.42744756054649047,1.0578033090688248,0.03333744760117674
35,0.2667757269895255,0.9924791757806305,0.9963951126160184,0.3219448361809247,1.0747189523639231,0.006910890608001985
35,0.27763873784860443,0.999981935549391,0.9959945695733539,0.42744756054649047,1.0587922194846406,0.02612317592812441
35,0.27232887365094705,0.9887723695683018,0.9959945695733539,0.3128275053512054,1.0708397464048656,0.01803573776454015
35,0.2684562087689969,0.9791809519893528,1.0,0.42484236644670237,1.0743983872222294,0.006406958945211372
35,0.2754112905030093,1.0,1.0,0.42455290043561483,1.0577675422898274,0.01674656839888211
35,0.26382497058307663,0.9887723695683018,1.0,0.3070060222393333,1.0867391709762513,0.017284220065058697
35,0.2664204471225544,0.9998550890781326,0.9995549521748172,0.42744756054649047,1.076152123162628,0.01823502376235986
35,0.28110499548354895,1.0,1.0,0.42744756054649047,1.057681956190806,0.03774657799554593
35,0.2698966233774686,0.981145478943705,0.995549521748171,0.42744756054649047,1.0739880799952701,0.011696428284784233
35,0.2731756210702905,0.9733371530654719,1.0,0.35370946133205544,1.0796282530097718,0.03008756292852799
36,0.27121796804135967,1.0,1.0,0.42744756054649047,1.057681956190806,0.0005656747201494561
36,0.2710666648975261,0.9999776982091246,1.0,0.42744756054649047,1.0577063393306096,6.872955014225468e-06
36,0.2742659230304119,1.0,1.0,0.42744756054649047,1.057681956190806,0.012313553555288959
36,0.2707424806990678,1.0,1.0,0.38543735197164475,1.0589883715849342,1.5545814264106284e-05
36,0.2710666648975261,1.0,0.9995055024164635,0.42744756054649047,1.0578167993928707,0.00011046006226100857
36,0.27100077069606676,1.0,0.999450558240515,0.42423127153440643,1.057963522047,3.482950569488885e-05
36,0.27120478521380553,0.9998550890781326,1.0,0.42744756054649047,1.0577957465222494,0.000628080332916614
36,0.27550008087373,1.0,1.0,0.42744756054649047,1.057681956190806,0.01699649086875543
36,0.274300548444023,1.0,1.0,0.42455290043561483,1.0577675422898274,0.012531098242765992
36,0.2745736972050403,0.9999799283882121,1.0,0.42744756054649047,1.05769771532197,0.013501083323651963
36,0.26490973235805626,0.970374614517191,1.0,0.3035061306222725,1.0823214273295925,3.2274467453685673e-05
36,0.2682753250475944,0.9915233974909169,0.9959945695733539,0.31022231125141736,1.0690412691359648,0.0003297512897015853
36,0.2730430338342617,0.9998550890781326,1.0,0.42744756054649047,1.0577957465222494,0.007745408944294763
36,0.27086459786661654,1.0,1.0,0.42423127153440643,1.0584953962264059,0.0007183058367294937
36,0.2725418968510157,1.0,0.9995549521748172,0.42455290043561483,1.0578901840036241,0.0059090641768502206
36,0.2784250945772009,1.0,1.0,0.42744756054649047,1.057681956190806,0.02792948252584515
36,0.2663158329662808,0.9790505321596722,0.9946099763394516,0.42744756054649047,1.0765748571199374,0.0006158790959223115
36,0.2707821971516162,0.9998943599379586,0.9959945695733539,0.4018099164466226,1.0597418290517584,0.0009243260618023719
36,0.26752696963707434,0.9875248550758909,0.995549521748171,0.2971972835519648,1.0723976977011973,0.0006966642753991614
36,0.2754112905030093,1.0,1.0,0.42455290043561483,1.0577675422898274,0.01674656839888211
36,0.27845625744945085,1.0,1.0,0.42744756054649047,1.057681956190806,0.028044725203329124
36,0.2745766893864766,1.0,1.0,0.42683646563419453,1.0576999725533633,0.013514719619210247
36,0.2696730619379261,1.0,1.0,0.42683646563419453,1.0631723012209824,0.005472328667619042
36,0.27310233861557515,0.9998550890781326,1.0,0.42744756054649047,1.0577957465222494,0.007973429713819424
36,0.2728863485947786,1.0,0.995549521748171,0.4058499103728853,1.0596508901878696,0.00899763718795632
36,0.27151704401565785,0.9875248550758909,0.9959945695733539,0.2971972835519648,1.072216905690707,0.016265037606359556
36,0.2690319118831452,1.0,0.995900615032482,0.4043736808566094,1.0657060265767007,0.006107190928178019
36,0.2646859762253624,0.9886667295062604,1.0,0.28718986125133755,1.0832040817066493,0.013061265370175157
36,0.2712621425082897,0.9999776982091246,1.0,0.42744756054649047,1.0576994663755954,0.0007553340578325685
36,0.27241205389253464,0.9902781625913704,0.9986154067660977,0.42744756054649047,1.06576768951599,0.013285151567619335
36,0.2749065795206053,1.0,1.0,0.42744756054649047,1.057681956190806,0.014749734058946862
36,0.267871701959769,0.9998742883261708,0.9959945695733539,0.40441511054641066,1.0703218284466793,0.01065655119531761
36,0.2701085426891942,0.9923710577418252,0.9963951126160184,0.3219448361809247,1.0678830607682432,0.006424852208453569
36,0.2737169910787441,1.0,1.0,0.42744756054649047,1.057681956190806,0.010217095775621798
36,0.26486297499951267,0.9914463858856887,0.9923896821893723,0.2871484315615363,1.0824802138504752,0.011012841919534111
36,0.26649769329409945,0.9790505321596722,0.9941649285142687,0.42744756054649047,1.0760816500410828,0.00024145689996779574
36,0.2727373744617793,1.0,1.0,0.42744756054649047,1.057681956190806,0.0064548172055796105
36,0.2627662335639896,0.9733371530654719,1.0,0.4018099164466226,1.0911178575769618,0.011829224025302176
36,0.271156363645229,1.0,0.9995549521748172,0.42744756054649047,1.0578033090688248,0.00044685986231196573
36,0.2647278720302376,0.9703946861289788,1.0,0.30061147051139686,1.0830326539445185,0.0006901554774356722
37,0.27121796804135967,1.0,1.0,0.42744756054649047,1.057681956190806,0.0005656747201494561
37,0.2710666648975261,0.9999776982091246,1.0,0.42744756054649047,1.0577063393306096,6.872955014225468e-06
37,0.2712621425082897,0.9999776982091246,1.0,0.42744756054649047,1.0576994663755954,0.0007553340578325685
37,0.2727373744617793,1.0,1.0,0.42744756054649047,1.057681956190806,0.0064548172055796105
37,0.2707424806990678,1.0,1.0,0.38543735197164475,1.0589883715849342,1.5545814264106284e-05
37,0.2710666648975261,1.0,0.9995055024164635,0.42744756054649047,1.0578167993928707,0.00011046006226100857
37,0.27100077069606676,1.0,0.999450558240515,0.42423127153440643,1.057963522047,3.482950569488885e-05
37,0.27120478521380553,0.9998550890781326,1.0,0.42744756054649047,1.0577957465222494,0.000628080332916614
37,0.271156363645229,1.0,0.9995549521748172,0.42744756054649047,1.0578033090688248,0.00044685986231196573
37,0.2737169910787441,1.0,1.0,0.42744756054649047,1.057681956190806,0.010217095775621798
37,0.26490973235805626,0.970374614517191,1.0,0.3035061306222725,1.0823214273295925,3.2274467453685673e-05
37,0.2682753250475944,0.9915233974909169,0.9959945695733539,0.31022231125141736,1.0690412691359648,0.0003297512897015853
37,0.26649769329409945,0.9790505321596722,0.9941649285142687,0.42744756054649047,1.0760816500410828,0.00024145689996779574
37,0.2730430338342617,0.9998550890781326,1.0,0.42744756054649047,1.0577957465222494,0.007745408944294763
37,0.27086459786661654,1.0,1.0,0.42423127153440643,1.0584953962264059,0.0007183058367294937
37,0.2725418968510157,1.0,0.9995549521748172,0.42455290043561483,1.0578901840036241,0.0059090641768502206
37,0.2742659230304119,1.0,1.0,0.42744756054649047,1.057681956190806,0.012313553555288959
37,0.2663158329662808,0.9790505321596722,0.9946099763394516,0.42744756054649047,1.0765748571199374,0.0006158790959223115
37,0.2707821971516162,0.9998943599379586,0.9959945695733539,0.4018099164466226,1.0597418290517584,0.0009243260618023719
37,0.27310233861557515,0.9998550890781326,1.0,0.42744756054649047,1.0577957465222494,0.007973429713819424
37,0.27096405747943486,0.9998943599379586,0.995549521748171,0.42744756054649047,1.0589833172988936,0.0008764506172156405
37,0.2704097025000712,0.9998943599379586,0.9963951126160184,0.3640007287292615,1.061004617114446,0.0007285723202536953
37,0.2640953928799547,0.9714215899014974,0.99100508895547,0.3597540238982858,1.0856263969198572,0.0015066352760011448
37,0.271250277963491,0.999847278379444,1.0,0.42744756054649047,1.0578018807579446,0.0008115174794043334
37,0.26604452884483554,0.981145478943705,0.994303387837659,0.42455290043561483,1.0776727154218968,0.0032933369358680853
37,0.2712476294478213,1.0,1.0,0.38963837282912933,1.0588512334597524,0.0018505495176353026
37,0.276883515611534,1.0,1.0,0.42744756054649047,1.057681956190806,0.022196224104858997
37,0.26961809946321424,0.9887744212018797,0.9983533230468233,0.42744756054649047,1.0670450957648396,0.0036560636173361694
37,0.2719932450812539,1.0,0.9946099763394516,0.42744756054649047,1.0591589814865459,0.005055855648723462
37,0.27171316579321114,0.999847278379444,1.0,0.42744756054649047,1.0578018807579446,0.0026121956764437737
37,0.26839690358852003,0.9998943599379586,0.995549521748171,0.4018099164466226,1.0682274124605868,0.00835174522325377
37,0.2682753250475944,0.9999776982091246,1.0,0.42744756054649047,1.0687115178462632,0.01101205147066775
37,0.2731673421189132,0.9997447408602398,1.0,0.42744756054649047,1.0578824188456426,0.008309920070715071
37,0.2735112632419357,0.9999776982091246,1.0,0.42744756054649047,1.0576994663755954,0.00944673098764448
37,0.27101757413430194,0.9998695801703193,1.0,0.38543735197164475,1.0590854721247902,0.001187545176886573
37,0.2675867916997649,0.970374614517191,1.0,0.34131531833963363,1.0819533614400103,0.010491918936321065
37,0.27368890641069255,1.0,1.0,0.42744756054649047,1.057681956190806,0.01010960985966447
37,0.2764900035280095,1.0,0.9963951126160184,0.42744756054649047,1.0586680317305697,0.02170855324793597
37,0.2735900787769017,0.9998550890781326,1.0,0.42744756054649047,1.0577957465222494,0.009844990651196817
37,0.2754304061053124,1.0,1.0,0.31022231125141736,1.0617292029463816,0.02078047867789179
38,0.27121796804135967,1.0,1.0,0.42744756054649047,1.057681956190806,0.0005656747201494561
38,0.2710666648975261,0.9999776982091246,1.0,0.42744756054649047,1.0577063393306096,6.872955014225468e-06
38,0.2712621425082897,0.9999776982091246,1.0,0.42744756054649047,1.0576994663755954,0.0007553340578325685
38,0.2727373744617793,1.0,1.0,0.42744756054649047,1.057681956190806,0.0064548172055796105
38,0.2707424806990678,1.0,1.0,0.38543735197164475,1.0589883715849342,1.5545814264106284e-05
38,0.2710666648975261,1.0,0.9995055024164635,0.42744756054649047,1.0578167993928707,0.00011046006226100857
38,0.27100077069606676,1.0,0.999450558240515,0.42423127153440643,1.057963522047,3.482950569488885e-05
38,0.27120478521380553,0.9998550890781326,1.0,0.42744756054649047,1.0577957465222494,0.000628080332916614
38,0.271156363645229,1.0,0.9995549521748172,0.42744756054649047,1.0578033090688248,0.00044685986231196573
38,0.2735112632419357,0.9999776982091246,1.0,0.42744756054649047,1.0576994663755954,0.00944673098764448
38,0.27368890641069255,1.0,1.0,0.42744756054649047,1.057681956190806,0.01010960985966447
38,0.26490973235805626,0.970374614517191,1.0,0.3035061306222725,1.0823214273295925,3.2274467453685673e-05
38,0.2682753250475944,0.9915233974909169,0.9959945695733539,0.31022231125141736,1.0690412691359648,0.0003297512897015853
38,0.26649769329409945,0.9790505321596722,0.9941649285142687,0.42744756054649047,1.0760816500410828,0.00024145689996779574
38,0.2730430338342617,0.9998550890781326,1.0,0.42744756054649047,1.0577957465222494,0.007745408944294763
38,0.271250277963491,0.999847278379444,1.0,0.42744756054649047,1.0578018807579446,0.0008115174794043334
38,0.27086459786661654,1.0,1.0,0.42423127153440643,1.0584953962264059,0.0007183058367294937
38,0.2737169910787441,1.0,1.0,0.42744756054649047,1.057681956190806,0.010217095775621798
38,0.2663158329662808,0.9790505321596722,0.9946099763394516,0.42744756054649047,1.0765748571199374,0.0006158790959223115
38,0.2704097025000712,0.9998943599379586,0.9963951126160184,0.3640007287292615,1.061004617114446,0.0007285723202536953
38,0.27587299392285514,1.0,1.0,0.42744756054649047,1.057681956190806,0.01840324396599846
38,0.2623425784671415,0.970374614517191,1.0,0.30061147051139686,1.092879895758348,0.010523270801636508
38,0.26867585032813057,0.9790505321596722,0.9950550241646344,0.42744756054649047,1.0758364157394007,0.008718066681406622
38,0.27293238849361473,1.0,0.9967556013544165,0.37034541191098436,1.060566855872063,0.01009083346603279
38,0.26713357689045586,1.0,1.0,0.38543735197164475,1.0732792678672436,0.014290896282309395
38,0.2713951927221342,0.986679474417847,0.9977698158982503,0.42744756054649047,1.0688906860414005,0.012464715600043252
38,0.2664810847256492,0.9789331543129596,0.9946099763394516,0.42744756054649047,1.0760551324539724,0.00014788702867507553
38,0.2704598637430882,1.0,0.9995549521748172,0.42744756054649047,1.0600793991129613,0.002276090044136536
38,0.2638459101536372,0.9790505321596722,0.9941649285142687,0.38963837282912933,1.086652924229231,0.00996409396363096
38,0.2645205975452584,0.981145478943705,0.9947039308803236,0.42744756054649047,1.0838813025442742,0.009660491860446818
38,0.27368890641069255,1.0,1.0,0.42744756054649047,1.057681956190806,0.01010960985966447
38,0.2701512145413584,0.970374614517191,0.9972006491795994,0.32833520333613864,1.0831046049521527,0.021814059483063364
38,0.27087865352851803,1.0,1.0,0.38543735197164475,1.0589883715849342,0.0005478997800909546
38,0.26649769329409945,1.0,1.0,0.42744756054649047,1.075840193141115,0.018158236950309048
38,0.27056509748751956,0.9999049239441627,1.0,0.4049383106162615,1.0596670912240769,0.0012301783498473995
38,0.27053470352113007,0.9998826221532874,0.9967556013544165,0.37034541191098436,1.0606525328888692,0.0008663904472721029
38,0.2698709476403146,0.9997168585497633,1.0,0.42744756054649047,1.0623927189849283,0.004488397123336263
38,0.2737169910787441,1.0,0.9995549521748172,0.3883320120825204,1.0590324847143766,0.011567624299192447
38,0.2663158329662808,0.9923710577418252,0.9946099763394516,0.2828292877169546,1.0765748571199374,0.00646698641337351
38,0.27542314250857947,1.0,1.0,0.3640007287292615,1.059712534212151,0.01873635752388103
39,0.27121796804135967,1.0,1.0,0.42744756054649047,1.057681956190806,0.0005656747201494561
39,0.2710666648975261,0.9999776982091246,1.0,0.42744756054649047,1.0577063393306096,6.872955014225468e-06
39,0.2712621425082897,0.9999776982091246,1.0,0.42744756054649047,1.0576994663755954,0.0007553340578325685
39,0.2727373744617793,1.0,1.0,0.42744756054649047,1.057681956190806,0.0064548172055796105
39,0.2707424806990678,1.0,1.0,0.38543735197164475,1.0589883715849342,1.5545814264106284e-05
39,0.2710666648975261,1.0,0.9995055024164635,0.42744756054649047,1.0578167993928707,0.00011046006226100857
39,0.27100077069606676,1.0,0.999450558240515,0.42423127153440643,1.057963522047,3.482950569488885e-05
39,0.27120478521380553,0.9998550890781326,1.0,0.42744756054649047,1.0577957465222494,0.000628080332916614
39,0.271156363645229,1.0,0.9995549521748172,0.42744756054649047,1.0578033090688248,0.00044685986231196573
39,0.2735112632419357,0.9999776982091246,1.0,0.42744756054649047,1.0576994663755954,0.00944673098764448
39,0.27368890641069255,1.0,1.0,0.42744756054649047,1.057681956190806,0.01010960985966447
39,0.27368890641069255,1.0,1.0,0.42744756054649047,1.057681956190806,0.01010960985966447
39,0.26490973235805626,0.970374614517191,1.0,0.3035061306222725,1.0823214273295925,3.2274467453685673e-05
39,0.2682753250475944,0.9915233974909169,0.9959945695733539,0.31022231125141736,1.0690412691359648,0.0003297512897015853
39,0.2664810847256492,0.9789331543129596,0.9946099763394516,0.42744756054649047,1.0760551324539724,0.00014788702867507553
39,0.2730430338342617,0.9998550890781326,1.0,0.42744756054649047,1.0577957465222494,0.007745408944294763
39,0.271250277963491,0.999847278379444,1.0,0.42744756054649047,1.0578018807579446,0.0008115174794043334
39,0.27086459786661654,1.0,1.0,0.42423127153440643,1.0584953962264059,0.0007183058367294937
39,0.27087865352851803,1.0,1.0,0.38543735197164475,1.0589883715849342,0.0005478997800909546
39,0.2737169910787441,1.0,1.0,0.42744756054649047,1.057681956190806,0.010217095775621798
39,0.2728075874071803,0.9997447408602398,1.0,0.42744756054649047,1.0578824188456426,0.006925835947747094
39,0.26732110726915226,0.9810398388816636,1.0,0.42744756054649047,1.0728558375523052,0.00032949364551249083
39,0.2703458228692689,0.9913929776612362,0.9959945695733539,0.3480314989687785,1.0678448438772257,0.007318267962113545
39,0.26549256881320094,0.9733371530654719,1.0,0.3504931723199714,1.0799132009711327,0.00025437148942564214
39,0.2715114865581184,0.9998695801703193,1.0,0.42744756054649047,1.0577843660048598,0.0018108840738080278
39,0.2775774386281489,1.0,1.0,0.42744756054649047,1.057681956190806,0.024784861653477153
39,0.2740105095955028,1.0,1.0,0.42744756054649047,1.057681956190806,0.011339134238736781
39,0.2687973768798658,0.9922183361212692,0.996889610199555,0.3248394962918003,1.067700904304433,0.001065012383027586
39,0.26784571567176135,0.9734452711042771,1.0,0.3159002736146943,1.0799803681280973,0.009554697470907536
39,0.2708460684450258,1.0,1.0,0.42744756054649047,1.0585678111870096,0.0008858549962036388
39,0.2648990542677374,0.9702572366704784,1.0,0.3035061306222725,1.0824043960093297,7.16160330298532e-05
39,0.27040576375426784,0.9999776982091246,1.0,0.42744756054649047,1.060291488835578,0.00259202245998269
39,0.2676940397288066,0.9913929776612362,0.9959945695733539,0.31022231125141736,1.0710321758394412,0.0019017543607051657
39,0.27219825386085933,1.0,0.9946099763394516,0.42744756054649047,1.0591589814865459,0.005849763734272262
39,0.2716130761853754,0.9998896517821072,1.0,0.42744756054649047,1.057768603395101,0.0021900801808174553
39,0.2730430338342617,1.0,1.0,0.42423127153440643,1.0577770903896764,0.007726752811721749
39,0.271250277963491,1.0,1.0,0.42744756054649047,1.057681956190806,0.0006915929122657261
39,0.26483611781440664,0.9733371530654719,1.0,0.3159002736146943,1.0825899887996293,0.002532322430162104
39,0.2608036726106761,0.9522703073784314,0.9946099763394516,0.3159002736146943,1.0993285751374064,0.0017928735149235209
39,0.271136943525517,1.0,0.999450558240515,0.42423127153440643,1.0579286925413052,0.0004965104284642141
40,0.27121796804135967,1.0,1.0,0.42744756054649047,1.057681956190806,0.0005656747201494561
40,0.2710666648975261,0.9999776982091246,1.0,0.42744756054649047,1.0577063393306096,6.872955014225468e-06
40,0.271250277963491,1.0,1.0,0.42744756054649047,1.057681956190806,0.0006915929122657261
40,0.2707424806990678,1.0,1.0,0.38543735197164475,1.0589883715849342,1.5545814264106284e-05
40,0.2710666648975261,1.0,0.9995055024164635,0.42744756054649047,1.0578167993928707,0.00011046006226100857
40,0.27100077069606676,1.0,0.999450558240515,0.42423127153440643,1.057963522047,3.482950569488885e-05
40,0.27120478521380553,0.9998550890781326,1.0,0.42744756054649047,1.0577957465222494,0.000628080332916614
40,0.271156363645229,1.0,0.9995549521748172,0.42744756054649047,1.0578033090688248,0.00044685986231196573
40,0.2712621425082897,0.9999776982091246,1.0,0.42744756054649047,1.0576994663755954,0.0007553340578325685
40,0.2727373744617793,1.0,1.0,0.42744756054649047,1.057681956190806,0.0064548172055796105
40,0.26490973235805626,0.970374614517191,1.0,0.3035061306222725,1.0823214273295925,3.2274467453685673e-05
40,0.2682753250475944,0.9915233974909169,0.9959945695733539,0.31022231125141736,1.0690412691359648,0.0003297512897015853
40,0.2664810847256492,0.9789331543129596,0.9946099763394516,0.42744756054649047,1.0760551324539724,0.00014788702867507553
40,0.26732110726915226,0.9810398388816636,1.0,0.42744756054649047,1.0728558375523052,0.00032949364551249083
40,0.271136943525517,1.0,0.999450558240515,0.42423127153440643,1.0579286925413052,0.0004965104284642141
40,0.27368890641069255,1.0,1.0,0.42744756054649047,1.057681956190806,0.01010960985966447
40,0.27368890641069255,1.0,1.0,0.42744756054649047,1.057681956190806,0.01010960985966447
40,0.2648990542677374,0.9702572366704784,1.0,0.3035061306222725,1.0824043960093297,7.16160330298532e-05
40,0.26549256881320094,0.9733371530654719,1.0,0.3504931723199714,1.0799132009711327,0.00025437148942564214
40,0.27087865352851803,1.0,1.0,0.38543735197164475,1.0589883715849342,0.0005478997800909546
40,0.26411148575187826,0.9733371530654719,0.9995549521748172,0.3159002736146943,1.0855602474055845,0.005331562177006921
40,0.27688185640323343,1.0,0.9995994569573354,0.42744756054649047,1.05779116891837,0.02229923170747239
40,0.271250277963491,1.0,1.0,0.42744756054649047,1.057681956190806,0.0006915929122657261
40,0.2707424806990678,1.0,1.0,0.3219448361809247,1.0612630612985199,0.0022902355278497932
40,0.2710666648975261,1.0,1.0,0.42744756054649047,1.0577063393306096,2.438313980368534e-05
40,0.27096773329340973,1.0,0.9998956060656978,0.3864220838170453,1.0589888286051317,0.0008963156767431979
40,0.2712319166568945,1.0,0.9995055024164635,0.42744756054649047,1.0578167993928707,0.0007548821309446563
40,0.2713018995285268,1.0,1.0,0.42744756054649047,1.057681956190806,0.0008927101793172465
40,0.27224851856805643,1.0,0.9995055024164635,0.42455290043561483,1.0579038176024944,0.004789070253594652
40,0.26902493751253215,0.9901507470880659,1.0,0.3159002736146943,1.0682397141144717,0.00250605950880467
40,0.2613655466585117,0.9543970635589233,0.9951489787055064,0.3504931723199714,1.096965278972524,0.001112792098016735
40,0.27103599921582655,0.9998695801703193,1.0,0.31022231125141736,1.0618168501793175,0.003990839344156116
40,0.27145042903865874,1.0,0.9995055024164635,0.42744756054649047,1.0578167993928707,0.0016057966687490488
40,0.2713864507929412,0.9998673499912318,1.0,0.42744756054649047,1.0577861174450087,0.0013261172981513525
40,0.2733266010652154,1.0,0.9995549521748172,0.42744756054649047,1.0578033090688248,0.008842363684455012
40,0.27293520760115386,1.0,0.9995055024164635,0.42744756054649047,1.0578167993928707,0.007351627198836308
40,0.2629803629482624,0.9657082108072971,0.9968401604412013,0.2449904479544056,1.0902294247240134,0.0024951793577894232
40,0.27175679098521954,1.0,1.0,0.42423127153440643,1.0577770903896764,0.0027567951963940462
40,0.26851863616666827,1.0,0.9995549521748172,0.38543735197164475,1.0677431329396583,0.008614703600216211
40,0.26743378635364773,0.9810197672698757,1.0,0.42744756054649047,1.0728722117168674,0.0007977601746280705
41,0.27121796804135967,1.0,1.0,0.42744756054649047,1.057681956190806,0.0005656747201494561
41,0.2710666648975261,0.9999776982091246,1.0,0.42744756054649047,1.0577063393306096,6.872955014225468e-06
41,0.271250277963491,1.0,1.0,0.42744756054649047,1.057681956190806,0.0006915929122657261
41,0.271250277963491,1.0,1.0,0.42744756054649047,1.057681956190806,0.0006915929122657261
41,0.2707424806990678,1.0,1.0,0.38543735197164475,1.0589883715849342,1.5545814264106284e-05
41,0.2710666648975261,1.0,1.0,0.42744756054649047,1.0577063393306096,2.438313980368534e-05
41,0.2712621425082897,0.9999776982091246,1.0,0.42744756054649047,1.0576994663755954,0.0007553340578325685
41,0.2713018995285268,1.0,1.0,0.42744756054649047,1.057681956190806,0.0008927101793172465
41,0.2710666648975261,1.0,0.9995055024164635,0.42744756054649047,1.0578167993928707,0.00011046006226100857
41,0.27100077069606676,1.0,0.999450558240515,0.42423127153440643,1.057963522047,3.482950569488885e-05
41,0.27120478521380553,0.9998550890781326,1.0,0.42744756054649047,1.0577957465222494,0.000628080332916614
41,0.271156363645229,1.0,0.9995549521748172,0.42744756054649047,1.0578033090688248,0.00044685986231196573
41,0.26490973235805626,0.970374614517191,1.0,0.3035061306222725,1.0823214273295925,3.2274467453685673e-05
41,0.2727373744617793,1.0,1.0,0.42744756054649047,1.057681956190806,0.0064548172055796105
41,0.2648990542677374,0.9702572366704784,1.0,0.3035061306222725,1.0824043960093297,7.16160330298532e-05
41,0.27175679098521954,1.0,1.0,0.42423127153440643,1.0577770903896764,0.0027567951963940462
41,0.2682753250475944,0.9915233974909169,0.9959945695733539,0.31022231125141736,1.0690412691359648,0.0003297512897015853
41,0.271136943525517,1.0,0.999450558240515,0.42423127153440643,1.0579286925413052,0.0004965104284642141
41,0.2664810847256492,0.9789331543129596,0.9946099763394516,0.42744756054649047,1.0760551324539724,0.00014788702867507553
41,0.2713864507929412,0.9998673499912318,1.0,0.42744756054649047,1.0577861174450087,0.0013261172981513525
41,0.2646219250521827,0.9704739279132945,1.0,0.3035061306222725,1.0834662689458605,0.001215025741705844
41,0.2713199690355363,1.0,1.0,0.42744756054649047,1.057681956190806,0.0009630907734394789
41,0.26463871640884223,0.970374614517191,1.0,0.30061147051139686,1.0833975228881083,0.0010408979313967226
41,0.264826132203479,0.9702572366704784,0.9995055024164635,0.30061147051139686,1.0826368420823638,6.032830872193529e-06
41,0.27112596967883956,1.0,1.0,0.42744756054649047,1.057681956190806,0.0002069744206349977
41,0.26499425524449205,0.9702371650586905,1.0,0.3035061306222725,1.0824185856634692,0.0004746410501976772
41,0.27116866589170274,0.9999776982091246,1.0,0.42744756054649047,1.0576994663755954,0.00039098679550675364
41,0.2703677528345872,1.0,1.0,0.42455290043561483,1.0604405548911584,0.002673012601331015
41,0.27050724606806714,1.0,0.9995055024164635,0.3825426918607691,1.0598937145254441,0.0006529007884445992
41,0.274074586507567,1.0,1.0,0.42423127153440643,1.0577770903896764,0.011678896798087202
41,0.26496230503292917,0.9702773082822662,0.9995055024164635,0.30061147051139686,1.0826227121746308,0.000548302445595894
41,0.27696744709870114,1.0,1.0,0.42744756054649047,1.057681956190806,0.02251001497823024
41,0.276059742989596,1.0,1.0,0.42423127153440643,1.0577770903896764,0.01920143007235353
41,0.2710385667955904,0.9999799283882121,1.0,0.42744756054649047,1.0578159899267674,0.00011827460479740814
41,0.2664502067850102,0.9702572366704784,0.9951489787055064,0.38543735197164475,1.0833417683884838,0.0073098400052202805
41,0.26719613517625646,0.9733371530654719,1.0,0.42423127153440643,1.0791988240364052,0.006170841656085058
41,0.27099341150067785,1.0,0.9995055024164635,0.42455290043561483,1.057992252488088,8.843488559362456e-05
41,0.2652652534236949,0.9788137693050682,0.9946099763394516,0.42744756054649047,1.0808386176467724,0.004685662865810514
41,0.2669369381991349,0.9915233974909169,0.9959945695733539,0.31022231125141736,1.0740698974117664,0.005028628275801639
41,0.27280062522697107,1.0,0.9995055024164635,0.42455290043561483,1.0579038176024944,0.006920413105164114
42,0.2710666648975261,0.9999776982091246,1.0,0.42744756054649047,1.0577063393306096,6.872955014225468e-06
42,0.264826132203479,0.9702572366704784,0.9995055024164635,0.30061147051139686,1.0826368420823638,6.032830872193529e-06
42,0.27112596967883956,1.0,1.0,0.42744756054649047,1.057681956190806,0.0002069744206349977
42,0.2707424806990678,1.0,1.0,0.38543735197164475,1.0589883715849342,1.5545814264106284e-05
42,0.2710666648975261,1.0,1.0,0.42744756054649047,1.0577063393306096,2.438313980368534e-05
42,0.27121796804135967,1.0,1.0,0.42744756054649047,1.057681956190806,0.0005656747201494561
42,0.27116866589170274,0.9999776982091246,1.0,0.42744756054649047,1.0576994663755954,0.00039098679550675364
42,0.2710666648975261,1.0,0.9995055024164635,0.42744756054649047,1.0578167993928707,0.00011046006226100857
42,0.27100077069606676,1.0,0.999450558240515,0.42423127153440643,1.057963522047,3.482950569488885e-05
42,0.26490973235805626,0.970374614517191,1.0,0.3035061306222725,1.0823214273295925,3.2274467453685673e-05
42,0.2710385667955904,0.9999799283882121,1.0,0.42744756054649047,1.0578159899267674,0.00011827460479740814
42,0.271250277963491,1.0,1.0,0.42744756054649047,1.057681956190806,0.0006915929122657261
42,0.271250277963491,1.0,1.0,0.42744756054649047,1.057681956190806,0.0006915929122657261
42,0.27120478521380553,0.9998550890781326,1.0,0.42744756054649047,1.0577957465222494,0.000628080332916614
42,0.271156363645229,1.0,0.9995549521748172,0.42744756054649047,1.0578033090688248,0.00044685986231196573
42,0.27099341150067785,1.0,0.9995055024164635,0.42455290043561483,1.057992252488088,8.843488559362456e-05
42,0.2648990542677374,0.9702572366704784,1.0,0.3035061306222725,1.0824043960093297,7.16160330298532e-05
42,0.2712621425082897,0.9999776982091246,1.0,0.42744756054649047,1.0576994663755954,0.0007553340578325685
42,0.2713018995285268,1.0,1.0,0.42744756054649047,1.057681956190806,0.0008927101793172465
42,0.271136943525517,1.0,0.999450558240515,0.42423127153440643,1.0579286925413052,0.0004965104284642141
42,0.2649396940331587,0.9702391722198693,1.0,0.3061113247220606,1.082386744871866,0.00021998663979916344
42,0.26490973235805626,0.970374614517191,1.0,0.3035061306222725,1.0823214273295925,3.2274467453685673e-05
42,0.2715264560692086,1.0,1.0,0.42744756054649047,1.057681956190806,0.0017666910792837331
42,0.2709897968493894,1.0,1.0,0.42744756054649047,1.0580063647280653,0.0003244085372593464
42,0.27112626543519813,1.0,0.999450558240515,0.42423127153440643,1.0579286925413052,0.00045486431097385704
42,0.2711027842196289,0.9998550890781326,0.9995055024164635,0.42455290043561483,1.058017200809437,0.00045178085717134664
42,0.2713162060206544,1.0,1.0,0.42744756054649047,1.057681956190806,0.0009484346315888903
42,0.2654499211292569,0.9732515846152183,0.999450558240515,0.31268398460261027,1.080375469166148,0.0002887673082470066
42,0.2711141051340408,1.0,1.0,0.42744756054649047,1.057681956190806,0.00016069700824328237
42,0.270594020296359,1.0,0.9995055024164635,0.3825426918607691,1.0595538272703278,0.00031301353332824355
42,0.2650263793728896,0.9999799283882121,1.0,0.2738900650398486,1.0818128010412738,0.01851926794376224
42,0.27063872628946345,1.0,0.9995055024164635,0.38963837282912933,1.059378802777085,0.0003740203133697495
42,0.2650282330900926,0.9702572366704784,0.9999505502416464,0.3032166646111849,1.0824274555931614,0.0006222211985380532
42,0.2711926797496175,0.999981935549391,1.0,0.42744756054649047,1.0576961393803852,0.0004812834760188345
42,0.26520124141354495,0.9733371530654719,1.0,0.2738900650398486,1.0810995012381672,0.0003645919587702551
42,0.26553310882828085,0.9733572246772597,1.0,0.3159002736146943,1.0800433150118862,0.00029498876195366286
42,0.2709539858130306,0.9999776982091246,0.9995055024164635,0.42455290043561483,1.058146197711668,0.0002249325731622509
42,0.27097926201427697,0.9999799283882121,0.9995055024164635,0.42455290043561483,1.0580474967411806,0.00012797639129669136
42,0.26544623948900536,0.9732315130034306,1.0,0.31618973962578184,1.080129343692406,2.7661435199277662e-05
42,0.27112507898071825,0.9998896517821072,0.999450558240515,0.42423127153440643,1.05801499529372,0.0005365395145060514
43,0.2710666648975261,0.9999776982091246,1.0,0.42744756054649047,1.0577063393306096,6.872955014225468e-06
43,0.264826132203479,0.9702572366704784,0.9995055024164635,0.30061147051139686,1.0826368420823638,6.032830872193529e-06
43,0.2711141051340408,1.0,1.0,0.42744756054649047,1.057681956190806,0.00016069700824328237
43,0.2707424806990678,1.0,1.0,0.38543735197164475,1.0589883715849342,1.5545814264106284e-05
43,0.2710666648975261,1.0,1.0,0.42744756054649047,1.0577063393306096,2.438313980368534e-05
43,0.27112596967883956,1.0,1.0,0.42744756054649047,1.057681956190806,0.0002069744206349977
43,0.2710666648975261,1.0,0.9995055024164635,0.42744756054649047,1.0578167993928707,0.00011046006226100857
43,0.27100077069606676,1.0,0.999450558240515,0.42423127153440643,1.057963522047,3.482950569488885e-05
43,0.2710385667955904,0.9999799283882121,1.0,0.42744756054649047,1.0578159899267674,0.00011827460479740814
43,0.26544623948900536,0.9732315130034306,1.0,0.31618973962578184,1.080129343692406,2.7661435199277662e-05
43,0.27121796804135967,1.0,1.0,0.42744756054649047,1.057681956190806,0.0005656747201494561
43,0.27116866589170274,0.9999776982091246,1.0,0.42744756054649047,1.0576994663755954,0.00039098679550675364
43,0.2711926797496175,0.999981935549391,1.0,0.42744756054649047,1.0576961393803852,0.0004812834760188345
43,0.27099341150067785,1.0,0.9995055024164635,0.42455290043561483,1.057992252488088,8.843488559362456e-05
43,0.26490973235805626,0.970374614517191,1.0,0.3035061306222725,1.0823214273295925,3.2274467453685673e-05
43,0.26490973235805626,0.970374614517191,1.0,0.3035061306222725,1.0823214273295925,3.2274467453685673e-05
43,0.271250277963491,1.0,1.0,0.42744756054649047,1.057681956190806,0.0006915929122657261
43,0.271250277963491,1.0,1.0,0.42744756054649047,1.057681956190806,0.0006915929122657261
43,0.271156363645229,1.0,0.9995549521748172,0.42744756054649047,1.0578033090688248,0.00044685986231196573
43,0.27120478521380553,0.9998550890781326,1.0,0.42744756054649047,1.0577957465222494,0.000628080332916614
43,0.25912800117404544,0.9436061275206216,0.9995549521748172,0.18935364959068823,1.106437469110171,0.005262773729626913
43,0.27643296911581117,1.0,1.0,0.42744756054649047,1.057681956190806,0.0205085293708811
43,0.2716876416316597,1.0,1.0,0.42744756054649047,1.057681956190806,0.002393139504611952
43,0.2710756785424639,1.0,1.0,0.42744756054649047,1.057681956190806,1.0787073205564823e-05
43,0.2710666648975261,0.9758860599122121,1.0,0.36512470943521386,1.0775831305962433,0.019876791265633686
43,0.27114011576213554,0.9999977698209125,1.0,0.42744756054649047,1.0576837071741392,0.0002638966171186752
43,0.2657771360690297,0.9759083617030875,0.999450558240515,0.3240992327057687,1.0787569392267158,0.00045416056863079035
43,0.2761396458761223,1.0,1.0,0.42744756054649047,1.057681956190806,0.01940681481045603
43,0.27108149956899935,1.0,0.9990500151978504,0.42423127153440643,1.0580393156000671,0.00039085822018525285
43,0.27118888911144146,1.0,1.0,0.42744756054649047,1.057681956190806,0.00045232269362793787
43,0.2649615707505424,0.9703908725227391,1.0,0.3035061306222725,1.0823099369203635,0.00023252846145616068
43,0.2767087187227457,1.0,1.0,0.42744756054649047,1.057681956190806,0.021542107803303123
43,0.2713043414758557,0.9998695801703193,1.0,0.42744756054649047,1.0577843660048598,0.001004631907750797
43,0.26503228790456146,0.970374614517191,1.0,0.3035061306222725,1.0823214273295925,0.0005327438221649494
43,0.27115866326004623,1.0,0.9995055024164635,0.42455290043561483,1.0579038176024944,0.0005563355170001838
43,0.271250277963491,1.0,1.0,0.42744756054649047,1.057681956190806,0.0006915929122657261
43,0.2711200392007082,1.0,0.9995055024164635,0.42744756054649047,1.0578167993928707,0.0003186864212982865
43,0.2711794969220634,0.9998370246275236,1.0,0.42744756054649047,1.0578099338233573,0.000543683616545998
43,0.27075434524386655,1.0,1.0,0.38543735197164475,1.0589883715849342,6.19503529402099e-05
43,0.27102396868466294,1.0,0.9995055024164635,0.42455290043561483,1.0579038176024944,3.08507405142322e-05
44,0.2710666648975261,0.9999776982091246,1.0,0.42744756054649047,1.0577063393306096,6.872955014225468e-06
44,0.264826132203479,0.9702572366704784,0.9995055024164635,0.30061147051139686,1.0826368420823638,6.032830872193529e-06
44,0.2710756785424639,1.0,1.0,0.42744756054649047,1.057681956190806,1.0787073205564823e-05
44,0.2711141051340408,1.0,1.0,0.42744756054649047,1.057681956190806,0.00016069700824328237
44,0.2707424806990678,1.0,1.0,0.38543735197164475,1.0589883715849342,1.5545814264106284e-05
44,0.2710666648975261,1.0,1.0,0.42744756054649047,1.0577063393306096,2.438313980368534e-05
44,0.27112596967883956,1.0,1.0,0.42744756054649047,1.057681956190806,0.0002069744206349977
44,0.2710666648975261,1.0,0.9995055024164635,0.42744756054649047,1.0578167993928707,0.00011046006226100857
44,0.2710385667955904,0.9999799283882121,1.0,0.42744756054649047,1.0578159899267674,0.00011827460479740814
44,0.26544623948900536,0.9732315130034306,1.0,0.31618973962578184,1.080129343692406,2.7661435199277662e-05
44,0.27102396868466294,1.0,0.9995055024164635,0.42455290043561483,1.0579038176024944,3.08507405142322e-05
44,0.27114011576213554,0.9999977698209125,1.0,0.42744756054649047,1.0576837071741392,0.0002638966171186752
44,0.27118888911144146,1.0,1.0,0.42744756054649047,1.057681956190806,0.00045232269362793787
44,0.27100077069606676,1.0,0.999450558240515,0.42423127153440643,1.057963522047,3.482950569488885e-05
44,0.26490973235805626,0.970374614517191,1.0,0.3035061306222725,1.0823214273295925,3.2274467453685673e-05
44,0.26490973235805626,0.970374614517191,1.0,0.3035061306222725,1.0823214273295925,3.2274467453685673e-05
44,0.27121796804135967,1.0,1.0,0.42744756054649047,1.057681956190806,0.0005656747201494561
44,0.27075434524386655,1.0,1.0,0.38543735197164475,1.0589883715849342,6.19503529402099e-05
44,0.27099341150067785,1.0,0.9995055024164635,0.42455290043561483,1.057992252488088,8.843488559362456e-05
44,0.2711200392007082,1.0,0.9995055024164635,0.42744756054649047,1.0578167993928707,0.0003186864212982865
44,0.2766917018053875,1.0,0.9995549521748172,0.42744756054649047,1.0578033090688248,0.021599736666496838
44,0.26545435176944937,0.9732315130034306,1.0,0.30061147051139686,1.0803517879871323,0.00028311361871358187
44,0.2711766666900499,1.0,0.9995055024164635,0.42744756054649047,1.0578167993928707,0.0005395146497417791
44,0.27093950571301373,1.0,1.0,0.42744756054649047,1.0582027493122863,0.0005207931214803452
44,0.27116866589170274,1.0,1.0,0.42744756054649047,1.057681956190806,0.00037347661071729377
44,0.27140253826720306,1.0,0.999450558240515,0.42744756054649047,1.0578317902074574,0.0014344120725640064
44,0.27084248120045284,1.0,1.0,0.38543735197164475,1.0589883715849342,0.0004065399178103668
44,0.2710666648975261,0.9999977698209125,0.9995055024164635,0.42455290043561483,1.0579055623210756,0.0001992229904659304
44,0.271283411707878,1.0,1.0,0.42744756054649047,1.057681956190806,0.0008206905528727049
44,0.27656947759147216,0.9732315130034306,0.9995549521748172,0.42744756054649047,1.0793980981444968,0.04273659680605424
44,0.27120695801672606,0.9999979928388212,1.0,0.42744756054649047,1.0576835320754545,0.0005243354954596047
44,0.2767040225119051,1.0,1.0,0.42744756054649047,1.057681956190806,0.021524522474667185
44,0.2649849724971758,0.9704802545792324,1.0,0.3061113247220606,1.0822157112643556,0.00023386483304643768
44,0.26490162007761225,0.970374614517191,0.9995549521748172,0.3035061306222725,1.0824979646310464,0.00017566801880986027
44,0.27077162859369763,1.0,1.0,0.38963837282912933,1.058858829971377,7.596511624630153e-06
44,0.2709646639033495,1.0,0.999011004832927,0.4216582403247392,1.0581293058008523,2.4807181845609705e-05
44,0.2655508396037488,0.9733349228863843,1.0,0.3159002736146943,1.0800592610012905,0.0003830293268867191
44,0.2708498223532451,1.0,1.0,0.38543735197164475,1.0589883715849342,0.0004352318729063942
44,0.27102396868466294,0.9999799283882121,0.9995055024164635,0.42455290043561483,1.057919520349884,4.655348790372216e-05
44,0.27081620047022337,1.0,1.0,0.42744756054649047,1.0586845592860508,0.0010026030952448028
45,0.2710666648975261,0.9999776982091246,1.0,0.42744756054649047,1.0577063393306096,6.872955014225468e-06
45,0.264826132203479,0.9702572366704784,0.9995055024164635,0.30061147051139686,1.0826368420823638,6.032830872193529e-06
45,0.2710756785424639,1.0,1.0,0.42744756054649047,1.057681956190806,1.0787073205564823e-05
45,0.27077162859369763,1.0,1.0,0.38963837282912933,1.058858829971377,7.596511624630153e-06
45,0.2711141051340408,1.0,1.0,0.42744756054649047,1.057681956190806,0.00016069700824328237
45,0.2710666648975261,1.0,1.0,0.42744756054649047,1.0577063393306096,2.438313980368534e-05
45,0.2707424806990678,1.0,1.0,0.38543735197164475,1.0589883715849342,1.5545814264106284e-05
45,0.27112596967883956,1.0,1.0,0.42744756054649047,1.057681956190806,0.0002069744206349977
45,0.2710666648975261,1.0,0.9995055024164635,0.42744756054649047,1.0578167993928707,0.00011046006226100857
45,0.2710385667955904,0.9999799283882121,1.0,0.42744756054649047,1.0578159899267674,0.00011827460479740814
45,0.27102396868466294,1.0,0.9995055024164635,0.42455290043561483,1.0579038176024944,3.08507405142322e-05
45,0.2709646639033495,1.0,0.999011004832927,0.4216582403247392,1.0581293058008523,2.4807181845609705e-05
45,0.27114011576213554,0.9999977698209125,1.0,0.42744756054649047,1.0576837071741392,0.0002638966171186752
45,0.27116866589170274,1.0,1.0,0.42744756054649047,1.057681956190806,0.00037347661071729377
45,0.27100077069606676,1.0,0.999450558240515,0.42423127153440643,1.057963522047,3.482950569488885e-05
45,0.2710666648975261,0.9999977698209125,0.9995055024164635,0.42455290043561483,1.0579055623210756,0.0001992229904659304
45,0.27102396868466294,0.9999799283882121,0.9995055024164635,0.42455290043561483,1.057919520349884,4.655348790372216e-05
45,0.26544623948900536,0.9732315130034306,1.0,0.31618973962578184,1.080129343692406,2.7661435199277662e-05
45,0.27118888911144146,1.0,1.0,0.42744756054649047,1.057681956190806,0.00045232269362793787
45,0.26490973235805626,0.970374614517191,1.0,0.3035061306222725,1.0823214273295925,3.2274467453685673e-05
45,0.27102140287478804,1.0,1.0,0.42744756054649047,1.0578829819414755,0.00020102575066949235
45,0.26548466608058224,0.9732475702928609,0.9995055024164635,0.30061147051139686,1.0805381473720639,0.0005928004191215752
45,0.2709262373117726,1.0,0.999011004832927,0.4216582403247392,1.0582545739667006,0.00012526816584834677
45,0.27100055911937765,1.0,0.9995549521748172,0.42744756054649047,1.0579643480246994,0.00016103895587460393
45,0.2710970882166825,1.0,0.9995549521748172,0.4222371723469143,1.0579601345186156,0.00037249412951112504
45,0.27102396868466294,0.999981935549391,0.9999505502416464,0.4271580945354029,1.0578729668619802,0.0001548093023664432
45,0.2711766666900499,0.9999776982091246,1.0,0.42744756054649047,1.0576994663755954,0.00042218163246654505
45,0.2706985846846925,0.9999979928388212,1.0,0.38543735197164475,1.0591445469721885,0.00015468120184314316
45,0.2656373030681895,0.9733529873369935,1.0,0.31850546771448235,1.0800115861622954,0.0006867830938712682
45,0.2708342815938268,1.0,1.0,0.42744756054649047,1.0586138806179364,0.000931924427130415
45,0.27105039025072175,0.999981935549391,1.0,0.42744756054649047,1.0577698470681043,7.370768771908232e-05
45,0.2710561116363363,1.0,1.0,0.42744756054649047,1.0577475199228956,6.556373208965738e-05
45,0.2649279332558211,0.970374614517191,1.0,0.3035061306222725,1.0823214273295925,0.0001066291566962363
45,0.26549762570939833,0.9732315130034306,1.0,0.3159002736146943,1.0801332095870273,0.00024057757173490124
45,0.2710756785424639,0.9999979928388212,0.9995549521748172,0.42484236644670237,1.0578830392508038,0.00021187013320345116
45,0.2655638522035801,0.9733371530654719,0.9999505502416464,0.31850546771448235,1.0800418153993279,0.00041848774247266185
45,0.2711584657922851,0.9999776982091246,1.0,0.42744756054649047,1.0576994663755954,0.00035121429002527016
45,0.2712568736160468,0.9732315130034306,1.0,0.42744756054649047,1.079276745266478,0.022312082870913796
45,0.27628937754937943,1.0,0.9994560526581099,0.42744756054649047,1.0578302910518291,0.020117830274825055
45,0.27116439627041644,0.9999979928388212,1.0,0.42744756054649047,1.0576835320754545,0.00035840463585312676
46,0.2710666648975261,0.9999776982091246,1.0,0.42744756054649047,1.0577063393306096,6.872955014225468e-06
46,0.264826132203479,0.9702572366704784,0.9995055024164635,0.30061147051139686,1.0826368420823638,6.032830872193529e-06
46,0.2710756785424639,1.0,1.0,0.42744756054649047,1.057681956190806,1.0787073205564823e-05
46,0.27077162859369763,1.0,1.0,0.38963837282912933,1.058858829971377,7.596511624630153e-06
46,0.2711141051340408,1.0,1.0,0.42744756054649047,1.057681956190806,0.00016069700824328237
46,0.2710666648975261,1.0,1.0,0.42744756054649047,1.0577063393306096,2.438313980368534e-05
46,0.2707424806990678,1.0,1.0,0.38543735197164475,1.0589883715849342,1.5545814264106284e-05
46,0.27112596967883956,1.0,1.0,0.42744756054649047,1.057681956190806,0.0002069744206349977
46,0.27102396868466294,1.0,0.9995055024164635,0.42455290043561483,1.0579038176024944,3.08507405142322e-05
46,0.2709646639033495,1.0,0.999011004832927,0.4216582403247392,1.0581293058008523,2.4807181845609705e-05
46,0.2710561116363363,1.0,1.0,0.42744756054649047,1.0577475199228956,6.556373208965738e-05
46,0.27114011576213554,0.9999977698209125,1.0,0.42744756054649047,1.0576837071741392,0.0002638966171186752
46,0.27116866589170274,1.0,1.0,0.42744756054649047,1.057681956190806,0.00037347661071729377
46,0.27116439627041644,0.9999979928388212,1.0,0.42744756054649047,1.0576835320754545,0.00035840463585312676
46,0.27100077069606676,1.0,0.999450558240515,0.42423127153440643,1.057963522047,3.482950569488885e-05
46,0.27102396868466294,0.9999799283882121,0.9995055024164635,0.42455290043561483,1.057919520349884,4.655348790372216e-05
46,0.26544623948900536,0.9732315130034306,1.0,0.31618973962578184,1.080129343692406,2.7661435199277662e-05
46,0.27105039025072175,0.999981935549391,1.0,0.42744756054649047,1.0577698470681043,7.370768771908232e-05
46,0.27118888911144146,1.0,1.0,0.42744756054649047,1.057681956190806,0.00045232269362793787
46,0.26490973235805626,0.970374614517191,1.0,0.3035061306222725,1.0823214273295925,3.2274467453685673e-05
46,0.2709194018806114,1.0,1.0,0.4216582403247392,1.0582812742554746,0.0004275196279637239
46,0.27119700139188546,1.0,1.0,0.42744756054649047,1.057681956190806,0.00048394746530666666
46,0.2712028228619933,1.0,1.0,0.42744756054649047,1.057681956190806,0.0005066406162048676
46,0.2711477877019662,1.0,0.9999505502416464,0.4271580945354029,1.05770397944507,0.00031408785291064945
46,0.2712237010517299,0.9999779212270333,1.0,0.42744756054649047,1.0576992912698815,0.0006053546701132451
46,0.2767851453163451,1.0,1.0,0.42744756054649047,1.057681956190806,0.02182820928005791
46,0.2652978111049047,0.9732134485528215,0.9995549521748172,0.3135845455259938,1.0807059757720678,0.00035655413394941604
46,0.2655638522035801,1.0,1.0,0.31850546771448235,1.0796233276568552,0.018225134266092624
46,0.2654945425425919,0.9732295058422518,0.9995549521748172,0.3132950795149062,1.0803420591103623,0.00043688638868433216
46,0.27068317591775437,1.0,0.9995055024164635,0.3825426918607691,1.0592408137369995,3.597446418157624e-05
46,0.2711477877019662,1.0,1.0,0.42744756054649047,1.057681956190806,0.00029206459864661305
46,0.2711856803349877,1.0,1.0,0.42744756054649047,1.057681956190806,0.00043981313361896035
46,0.2764016762909168,1.0,1.0,0.42744756054649047,1.057681956190806,0.020391105747592286
46,0.2656462043728589,0.9732315130034306,0.9991099043496343,0.34878853914356683,1.0800674256257108,0.0007787887012593586
46,0.2649361339960028,0.9702773082822662,0.9995055024164635,0.30061147051139686,1.0826227121746308,0.00044141249895068846
46,0.2709667016364068,0.999981935549391,1.0,0.42744756054649047,1.058096541425396,0.0004004020450107948
46,0.27087670566774824,1.0,0.999011004832927,0.4216582403247392,1.0584480829970255,0.00031877719617323663
46,0.2763486823306929,1.0,0.9999505502416464,0.42744756054649047,1.0576954345095482,0.02020566815544078
46,0.2766343257491078,1.0,1.0,0.42744756054649047,1.057681956190806,0.021263467313049622
46,0.27122410692656457,1.0,1.0,0.42744756054649047,1.057681956190806,0.0005896014851771714
47,0.2710666648975261,0.9999776982091246,1.0,0.42744756054649047,1.0577063393306096,6.872955014225468e-06
47,0.264826132203479,0.9702572366704784,0.9995055024164635,0.30061147051139686,1.0826368420823638,6.032830872193529e-06
47,0.2710756785424639,1.0,1.0,0.42744756054649047,1.057681956190806,1.0787073205564823e-05
47,0.27077162859369763,1.0,1.0,0.38963837282912933,1.058858829971377,7.596511624630153e-06
47,0.2711141051340408,1.0,1.0,0.42744756054649047,1.057681956190806,0.00016069700824328237
47,0.2710666648975261,1.0,1.0,0.42744756054649047,1.0577063393306096,2.438313980368534e-05
47,0.2707424806990678,1.0,1.0,0.38543735197164475,1.0589883715849342,1.5545814264106284e-05
47,0.27112596967883956,1.0,1.0,0.42744756054649047,1.057681956190806,0.0002069744206349977
47,0.27102396868466294,1.0,0.9995055024164635,0.42455290043561483,1.0579038176024944,3.08507405142322e-05
47,0.2709646639033495,1.0,0.999011004832927,0.4216582403247392,1.0581293058008523,2.4807181845609705e-05
47,0.2710561116363363,1.0,1.0,0.42744756054649047,1.0577475199228956,6.556373208965738e-05
47,0.27114011576213554,0.9999977698209125,1.0,0.42744756054649047,1.0576837071741392,0.0002638966171186752
47,0.2711477877019662,1.0,1.0,0.42744756054649047,1.057681956190806,0.00029206459864661305
47,0.27100077069606676,1.0,0.999450558240515,0.42423127153440643,1.057963522047,3.482950569488885e-05
47,0.27102396868466294,0.9999799283882121,0.9995055024164635,0.42455290043561483,1.057919520349884,4.655348790372216e-05
47,0.26544623948900536,0.9732315130034306,1.0,0.31618973962578184,1.080129343692406,2.7661435199277662e-05
47,0.27105039025072175,0.999981935549391,1.0,0.42744756054649047,1.0577698470681043,7.370768771908232e-05
47,0.27116866589170274,1.0,1.0,0.42744756054649047,1.057681956190806,0.00037347661071729377
47,0.26490973235805626,0.970374614517191,1.0,0.3035061306222725,1.0823214273295925,3.2274467453685673e-05
47,0.27068317591775437,1.0,0.9995055024164635,0.3825426918607691,1.0592408137369995,3.597446418157624e-05
47,0.27099359255985556,1.0,0.9994560526581099,0.4242634344245273,1.0579915456108342,6.534257872448102e-05
47,0.264826132203479,0.9999776982091246,0.9995055024164635,0.3960244857006535,1.0826308092514916,0.023817946830631875
47,0.2706298016145723,1.0,0.9990604545912807,0.42744756054649047,1.0594137383655162,0.0014754659613773757
47,0.2659062810356808,0.9759284333148753,0.999011004832927,0.32152620149610145,1.0784957226490746,0.00026271248441234185
47,0.2708972468415921,1.0,0.9985165072493906,0.41876358021386356,1.0583678246472241,9.39261028021221e-06
47,0.2707178069857029,1.0,1.0,0.38963837282912933,1.0590693424799278,0.00021810902017538325
47,0.2707424806990678,1.0,1.0,0.42744756054649047,1.05897282577067,0.001290869579864129
47,0.27135843067613863,0.9999799283882121,0.9995055024164635,0.42744756054649047,1.057832558524035,0.0012634696990829752
47,0.2712541098831024,1.0,0.9990055104153321,0.42744756054649047,1.057953276577875,0.0009778450623554313
47,0.27077974087414164,1.0,1.0,0.38963837282912933,1.0588512334597524,2.412580157318267e-05
47,0.2762168486599538,1.0,1.0,0.42744756054649047,1.057681956190806,0.01969701336784424
47,0.270936310978543,0.9999837419944518,0.9995055024164635,0.42744756054649047,1.0582152270668388,0.0003856628264062856
47,0.2764266252936607,1.0,1.0,0.42744756054649047,1.057681956190806,0.020484726874547166
47,0.27663416446940187,1.0,1.0,0.42744756054649047,1.057681956190806,0.021262863073624683
47,0.27067637492091934,1.0,1.0,0.38543735197164475,1.0592314527840083,0.0002430811990741244
47,0.26495635968981485,0.9702753011210874,0.9999505502416464,0.3032166646111849,1.082414690731614,0.00031600038661516727
47,0.270664931284112,0.9974287913623844,1.0,0.41603231244333205,1.0600185185203381,0.0007422817300004603
47,0.27136910876645753,0.9999799283882121,0.9999505502416464,0.42744756054649047,1.0577111936407124,0.0011836797030730928
47,0.271184773361325,0.9999815118153643,1.0,0.42744756054649047,1.0576964720786373,0.0004507930899768642
47,0.27068317591775437,0.9999837419944518,1.0,0.4194656209172698,1.059204839272818,0.0012727214260686015
48,0.2710666648975261,0.9999776982091246,1.0,0.42744756054649047,1.0577063393306096,6.872955014225468e-06
48,0.264826132203479,0.9702572366704784,0.9995055024164635,0.30061147051139686,1.0826368420823638,6.032830872193529e-06
48,0.2710756785424639,1.0,1.0,0.42744756054649047,1.057681956190806,1.0787073205564823e-05
48,0.27077162859369763,1.0,1.0,0.38963837282912933,1.058858829971377,7.596511624630153e-06
48,0.2708972468415921,1.0,0.9985165072493906,0.41876358021386356,1.0583678246472241,9.39261028021221e-06
48,0.2711141051340408,1.0,1.0,0.42744756054649047,1.057681956190806,0.00016069700824328237
48,0.2710666648975261,1.0,1.0,0.42744756054649047,1.0577063393306096,2.438313980368534e-05
48,0.2707424806990678,1.0,1.0,0.38543735197164475,1.0589883715849342,1.5545814264106284e-05
48,0.27077974087414164,1.0,1.0,0.38963837282912933,1.0588512334597524,2.412580157318267e-05
48,0.27112596967883956,1.0,1.0,0.42744756054649047,1.057681956190806,0.0002069744206349977
48,0.27102396868466294,1.0,0.9995055024164635,0.42455290043561483,1.0579038176024944,3.08507405142322e-05
48,0.2709646639033495,1.0,0.999011004832927,0.4216582403247392,1.0581293058008523,2.4807181845609705e-05
48,0.2710561116363363,1.0,1.0,0.42744756054649047,1.0577475199228956,6.556373208965738e-05
48,0.27114011576213554,0.9999977698209125,1.0,0.42744756054649047,1.0576837071741392,0.0002638966171186752
48,0.2711477877019662,1.0,1.0,0.42744756054649047,1.057681956190806,0.00029206459864661305
48,0.27100077069606676,1.0,0.999450558240515,0.42423127153440643,1.057963522047,3.482950569488885e-05
48,0.27102396868466294,0.9999799283882121,0.9995055024164635,0.42455290043561483,1.057919520349884,4.655348790372216e-05
48,0.26544623948900536,0.9732315130034306,1.0,0.31618973962578184,1.080129343692406,2.7661435199277662e-05
48,0.27105039025072175,0.999981935549391,1.0,0.42744756054649047,1.0577698470681043,7.370768771908232e-05
48,0.27116866589170274,1.0,1.0,0.42744756054649047,1.057681956190806,0.00037347661071729377
48,0.2713957719735715,0.999981935549391,1.0,0.42744756054649047,1.0576961393803852,0.0012724237135040006
48,0.27106681809826233,0.9999979928388212,1.0,0.4194656209172698,1.0579210392503318,0.00021529771103567796
48,0.2708100551852745,1.0,1.0,0.3922435669289174,1.0587669476553523,5.8364452393044886e-05
48,0.2709030692298524,1.0,1.0,0.39325293427100894,1.0587344460372987,0.0003893683762645761
48,0.26534159505856114,0.9732315130034306,0.9990055104153321,0.41876358021386356,1.0805276487360422,0.0009440313042636816
48,0.2707123238123842,1.0,0.9995055024164635,0.3867437127182537,1.0591005450199453,9.751500559262993e-06
48,0.27082504184493034,1.0,1.0,0.3934192916008654,1.0587290975715344,7.910018118884032e-05
48,0.2709623441044899,1.0,0.9990055104153321,0.42162607743461833,1.0581318316402388,1.8274236299298252e-05
48,0.2708744873790242,0.9999837419944518,0.9985165072493906,0.41876358021386356,1.058456751009512,8.569110640088695e-05
48,0.2710414644542124,1.0,1.0,0.42744756054649047,1.0578046809943185,0.00012272480351249726
48,0.2714118049793207,0.9999776982091246,1.0,0.42744756054649047,1.0576994663755954,0.0013381564225916076
48,0.2766020215177285,1.0,0.9995055024164635,0.42744756054649047,1.0578167993928707,0.021277267645052556
48,0.2706905057892576,1.0,0.9995549521748172,0.3870331787293413,1.0591761576782561,0.00010071200519834456
48,0.27568564749146973,1.0,0.9986648565244515,0.42744756054649047,1.0580463393050965,0.01806136921370949
48,0.2758009219426894,1.0,0.999450558240515,0.42744756054649047,1.0578317902074574,0.01828149486416364
48,0.2709089114253549,1.0,0.9991099043496343,0.4142552327176936,1.0583317028999615,9.448625568397873e-06
48,0.27089976565979745,1.0,0.999011004832927,0.4216582403247392,1.058357983973762,0.00022867817290972425
48,0.2712778892925553,0.9999837419944518,1.0,0.42744756054649047,1.0576947210383678,0.0008119408315876431
48,0.27092588415000046,0.999981935549391,0.9995549521748172,0.42484236644670237,1.0582559534401332,0.00036034748116708926
48,0.27090674477666293,1.0,0.9985165072493906,0.41876358021386356,1.058358432036944,2.7713549076491262e-05
49,0.2710666648975261,0.9999776982091246,1.0,0.42744756054649047,1.0577063393306096,6.872955014225468e-06
49,0.264826132203479,0.9702572366704784,0.9995055024164635,0.30061147051139686,1.0826368420823638,6.032830872193529e-06
49,0.2710756785424639,1.0,1.0,0.42744756054649047,1.057681956190806,1.0787073205564823e-05
49,0.27077162859369763,1.0,1.0,0.38963837282912933,1.058858829971377,7.596511624630153e-06
49,0.2708972468415921,1.0,0.9985165072493906,0.41876358021386356,1.0583678246472241,9.39261028021221e-06
49,0.2709089114253549,1.0,0.9991099043496343,0.4142552327176936,1.0583317028999615,9.448625568397873e-06
49,0.2711141051340408,1.0,1.0,0.42744756054649047,1.057681956190806,0.00016069700824328237
49,0.2710666648975261,1.0,1.0,0.42744756054649047,1.0577063393306096,2.438313980368534e-05
49,0.2709623441044899,1.0,0.9990055104153321,0.42162607743461833,1.0581318316402388,1.8274236299298252e-05
49,0.2707424806990678,1.0,1.0,0.38543735197164475,1.0589883715849342,1.5545814264106284e-05
49,0.2707123238123842,1.0,0.9995055024164635,0.3867437127182537,1.0591005450199453,9.751500559262993e-06
49,0.27112596967883956,1.0,1.0,0.42744756054649047,1.057681956190806,0.0002069744206349977
49,0.27102396868466294,1.0,0.9995055024164635,0.42455290043561483,1.0579038176024944,3.08507405142322e-05
49,0.2709646639033495,1.0,0.999011004832927,0.4216582403247392,1.0581293058008523,2.4807181845609705e-05
49,0.2710561116363363,1.0,1.0,0.42744756054649047,1.0577475199228956,6.556373208965738e-05
49,0.27077974087414164,1.0,1.0,0.38963837282912933,1.0588512334597524,2.412580157318267e-05
49,0.2711477877019662,1.0,1.0,0.42744756054649047,1.057681956190806,0.00029206459864661305
49,0.26544623948900536,0.9732315130034306,1.0,0.31618973962578184,1.080129343692406,2.7661435199277662e-05
49,0.27090674477666293,1.0,0.9985165072493906,0.41876358021386356,1.058358432036944,2.7713549076491262e-05
49,0.27105039025072175,0.999981935549391,1.0,0.42744756054649047,1.0577698470681043,7.370768771908232e-05
49,0.2710555175974328,1.0,0.9995598971506525,0.42487131304781117,1.0578792355187736,0.0001293974612752713
49,0.2712535430726716,1.0,0.9986648565244515,0.42744756054649047,1.0580463393050965,0.001068699137513951
49,0.2708200931289571,1.0,0.9976264115990249,0.4135531920142874,1.0587800634370164,0.00011072125555022794
49,0.27080544594683315,1.0,0.9976264115990249,0.4135531920142874,1.0587800634370164,5.346050677723646e-05
49,0.27119587711318766,1.0,0.9999060454591281,0.41876358021386356,1.0579670259184968,0.0007646344375926706
49,0.2660015053181239,0.9758902972524784,1.0,0.4142552327176936,1.0778470200019727,0.0006891492005964839
49,0.27108234474150317,1.0,1.0,0.42744756054649047,1.057681956190806,3.6796315940224034e-05
49,0.2710666648975261,0.9759083617030875,1.0,0.3273155217178527,1.0780480600065965,0.02034172067598683
49,0.27128655820962416,1.0,1.0,0.42744756054649047,1.057681956190806,0.0008329484982254609
49,0.2759637419897048,1.0,0.9985165072493906,0.42744756054649047,1.0580868864692194,0.019149931219551775
49,0.2600595151144228,0.9461655983735658,0.9995055024164635,0.3867437127182537,1.1024742919804462,0.0009459351168616958
49,0.27112596967883956,1.0,0.9985165072493906,0.42744756054649047,1.0580868864692194,0.0006119046990484822
49,0.2708783761305049,1.0,0.9995055024164635,0.4196319782471263,1.0584415557203886,0.0003883663099466528
49,0.27120067720396734,1.0,0.9991099043496343,0.42744756054649047,1.0579247700587424,0.0007410904316773603
49,0.27096115826008454,1.0,0.9991099043496343,0.4222371723469143,1.0581181881711155,3.427069140560235e-05
49,0.2707352380226211,1.0,0.999450558240515,0.38963837282912933,1.059021852843335,2.0697559408588972e-05
49,0.2708047437824863,1.0,0.9976214666231895,0.4135242454131786,1.0587824389856837,5.30909038622962e-05
49,0.2713747033648148,1.0,1.0,0.42744756054649047,1.057681956190806,0.0011762233808796374
49,0.27067982769893867,1.0,0.9991099043496343,0.3844279846295532,1.059302688047293,8.474676539838022e-05
49,0.26586002649275703,0.9759083617030875,0.9991099043496343,0.31412319388905585,1.0785965711898782,0.00017596917276319068
50,0.2710666648975261,0.9999776982091246,1.0,0.42744756054649047,1.0577063393306096,6.872955014225468e-06
50,0.264826132203479,0.9702572366704784,0.9995055024164635,0.30061147051139686,1.0826368420823638,6.032830872193529e-06
50,0.2710756785424639,1.0,1.0,0.42744756054649047,1.057681956190806,1.0787073205564823e-05
50,0.27077162859369763,1.0,1.0,0.38963837282912933,1.058858829971377,7.596511624630153e-06
50,0.2708972468415921,1.0,0.9985165072493906,0.41876358021386356,1.0583678246472241,9.39261028021221e-06
50,0.2709089114253549,1.0,0.9991099043496343,0.4142552327176936,1.0583317028999615,9.448625568397873e-06
50,0.2710666648975261,1.0,1.0,0.42744756054649047,1.0577063393306096,2.438313980368534e-05
50,0.2709623441044899,1.0,0.9990055104153321,0.42162607743461833,1.0581318316402388,1.8274236299298252e-05
50,0.27108234474150317,1.0,1.0,0.42744756054649047,1.057681956190806,3.6796315940224034e-05
50,0.2707424806990678,1.0,1.0,0.38543735197164475,1.0589883715849342,1.5545814264106284e-05
50,0.2707123238123842,1.0,0.9995055024164635,0.3867437127182537,1.0591005450199453,9.751500559262993e-06
50,0.27102396868466294,1.0,0.9995055024164635,0.42455290043561483,1.0579038176024944,3.08507405142322e-05
50,0.2709646639033495,1.0,0.999011004832927,0.4216582403247392,1.0581293058008523,2.4807181845609705e-05
50,0.27077974087414164,1.0,1.0,0.38963837282912933,1.0588512334597524,2.412580157318267e-05
50,0.2711141051340408,1.0,1.0,0.42744756054649047,1.057681956190806,0.00016069700824328237
50,0.2710561116363363,1.0,1.0,0.42744756054649047,1.0577475199228956,6.556373208965738e-05
50,0.2707352380226211,1.0,0.999450558240515,0.38963837282912933,1.059021852843335,2.0697559408588972e-05
50,0.27112596967883956,1.0,1.0,0.42744756054649047,1.057681956190806,0.0002069744206349977
50,0.27105039025072175,0.999981935549391,1.0,0.42744756054649047,1.0577698470681043,7.370768771908232e-05
50,0.27090674477666293,1.0,0.9985165072493906,0.41876358021386356,1.058358432036944,2.7713549076491262e-05
50,0.2709518459791034,0.9999776982091246,0.9984714530251128,0.4256835901811713,1.05817145658086,1.6902191948275913e-05
50,0.27086266290917294,1.0,0.9985165072493906,0.41876358021386356,1.0585029577836778,0.00014452574673384788
50,0.2652783201411332,0.9732315130034306,0.9986648565244515,0.30010275168610934,1.0808941919166541,0.00010881274316676404
50,0.2709623441044899,0.9999799283882121,0.9990055104153321,0.42162607743461833,1.0581474773901478,3.391998620827508e-05
50,0.26529026535202055,0.9732515846152183,0.9980714594242077,0.3046110991822793,1.0810417048098528,0.0003049901028600033
50,0.2708865687512732,1.0,0.9985165072493906,0.41876358021386356,1.0584095444978339,5.1112460889957134e-05
50,0.2711814339131693,1.0,1.0,0.42744756054649047,1.057681956190806,0.0004232578111462715
50,0.27079540800315055,1.0,1.0,0.3922435669289174,1.0587669476553523,1.0994585313284233e-06
50,0.2711279196626623,1.0,1.0,0.4233900477999375,1.0578021001663767,0.0003347238803712571
50,0.270992500569372,1.0,1.0,0.40123487390022966,1.0584804205338112,0.0004846116437617898
50,0.27643489542035543,1.0,0.9981154147649665,0.42744756054649047,1.0581965743347,0.021030374937619056
50,0.27109394483000243,1.0,1.0,0.42744756054649047,1.057681956190806,8.205286867446482e-05
50,0.27091800183418974,1.0,1.0,0.39865862640155036,1.0585618337038003,0.00027509047654961094
50,0.27657882352913227,1.0,1.0,0.42744756054649047,1.057681956190806,0.021055484915791567
50,0.2706005025741137,1.0,0.9991989139146709,0.3735642569257276,1.0596460310347569,0.00011758554352314654
50,0.27087387827926485,1.0,0.9987044163311344,0.4126798053896977,1.0584979493781086,3.881827290763695e-05
50,0.2707352380226211,0.9999776982091246,1.0,0.3934192916008654,1.0590011552839265,0.00025528308221511864
50,0.27046883574517816,1.0,1.0,0.3514090830260197,1.0601578980282325,0.0001136639076555479
50,0.2651260012744254,0.9732315130034306,0.9995549521748172,0.2712848709400605,1.081406306591763,0.0003599360072632507
50,0.27090732050836236,0.9999837419944518,0.999011004832927,0.41876358021386356,1.058328469325535,9.682465005256269e-05
51,0.2710666648975261,0.9999776982091246,1.0,0.42744756054649047,1.0577063393306096,6.872955014225468e-06
51,0.2710756785424639,1.0,1.0,0.42744756054649047,1.057681956190806,1.0787073205564823e-05
51,0.27079540800315055,1.0,1.0,0.3922435669289174,1.0587669476553523,1.0994585313284233e-06
51,0.2708972468415921,1.0,0.9985165072493906,0.41876358021386356,1.0583678246472241,9.39261028021221e-06
51,0.2709089114253549,1.0,0.9991099043496343,0.4142552327176936,1.0583317028999615,9.448625568397873e-06
51,0.2710666648975261,1.0,1.0,0.42744756054649047,1.0577063393306096,2.438313980368534e-05
51,0.2709623441044899,1.0,0.9990055104153321,0.42162607743461833,1.0581318316402388,1.8274236299298252e-05
51,0.27108234474150317,1.0,1.0,0.42744756054649047,1.057681956190806,3.6796315940224034e-05
51,0.2709518459791034,0.9999776982091246,0.9984714530251128,0.4256835901811713,1.05817145658086,1.6902191948275913e-05
51,0.264826132203479,0.9702572366704784,0.9995055024164635,0.30061147051139686,1.0826368420823638,6.032830872193529e-06
51,0.27077162859369763,1.0,1.0,0.38963837282912933,1.058858829971377,7.596511624630153e-06
51,0.27102396868466294,1.0,0.9995055024164635,0.42455290043561483,1.0579038176024944,3.08507405142322e-05
51,0.2709646639033495,1.0,0.999011004832927,0.4216582403247392,1.0581293058008523,2.4807181845609705e-05
51,0.2710561116363363,1.0,1.0,0.42744756054649047,1.0577475199228956,6.556373208965738e-05
51,0.27109394483000243,1.0,1.0,0.42744756054649047,1.057681956190806,8.205286867446482e-05
51,0.27077974087414164,1.0,1.0,0.38963837282912933,1.0588512334597524,2.412580157318267e-05
51,0.2707424806990678,1.0,1.0,0.38543735197164475,1.0589883715849342,1.5545814264106284e-05
51,0.2707123238123842,1.0,0.9995055024164635,0.3867437127182537,1.0591005450199453,9.751500559262993e-06
51,0.2711141051340408,1.0,1.0,0.42744756054649047,1.057681956190806,0.00016069700824328237
51,0.2707352380226211,1.0,0.999450558240515,0.38963837282912933,1.059021852843335,2.0697559408588972e-05
51,0.2655921084620345,0.9732315130034306,1.0,0.32111066181427045,1.0800651281851816,0.0005566613042788937
51,0.2707050617080352,1.0,0.9995549521748172,0.3908140975010774,1.0591192053554288,0.0001684176795657688
51,0.26529026535202055,0.9732315130034306,1.0,0.3046110991822793,1.0807367147069928,0.0004448819080280497
51,0.27068609070721733,1.0,0.9995055024164635,0.38296279394651755,1.059226717610552,3.3284018333246124e-05
51,0.27083389385661816,1.0,1.0,0.3919830475189386,1.0587753503385202,0.00015995416437442067
51,0.2711472551765068,1.0,1.0,0.42642993977548965,1.05771197311478,0.0003200048391027721
51,0.2711036368894594,1.0,1.0,0.4262718358745424,1.0577166436217798,0.00015454990347518738
51,0.2707993697287628,0.9999977698209125,0.9971363095495642,0.4178680078818071,1.0587795874612842,2.9228738337883087e-05
51,0.27092603867904275,1.0,1.0,0.40529238664678263,1.058353293498095,9.794365914816971e-05
51,0.264826132203479,0.9999776982091246,1.0,0.42744756054649047,1.0826308092514916,0.024931342875896156
51,0.27094742407178724,1.0,0.998427497684354,0.4254262870602046,1.0581741011247483,2.277476442547055e-06
51,0.2713310784274784,1.0,1.0,0.42744756054649047,1.057681956190806,0.0010063571182803432
51,0.270389487685741,1.0,0.999011004832927,0.35271544377262865,1.0604547765146235,9.946353774981098e-05
51,0.2765411661972144,1.0,0.9996439617398537,0.42744756054649047,1.0577790298488898,0.021011398443905538
51,0.27078785315458564,1.0,1.0,0.38963837282912933,1.0588512334597524,5.5846214092714064e-05
51,0.27107266447666145,0.9999776982091246,1.0,0.42744756054649047,1.0576994663755954,1.653697779335772e-05
51,0.26561133897734024,0.9732315130034306,0.9991099043496343,0.33673621473152243,1.08020315051538,0.0007728410809808572
51,0.2646698261410186,0.9702572366704784,0.9998120909182562,0.278456296611689,1.0832701785393335,0.000448785229367088
51,0.27121239743669495,0.9999799283882121,0.998129810139065,0.42744756054649047,1.0582083951981152,0.0010704009410129611
51,0.27106589563786715,0.9999776982091246,0.9993615486754784,0.42744756054649047,1.0578735890100446,0.00016424800778258586
52,0.2710666648975261,0.9999776982091246,1.0,0.42744756054649047,1.0577063393306096,6.872955014225468e-06
52,0.2710756785424639,1.0,1.0,0.42744756054649047,1.057681956190806,1.0787073205564823e-05
52,0.27079540800315055,1.0,1.0,0.3922435669289174,1.0587669476553523,1.0994585313284233e-06
52,0.27094742407178724,1.0,0.998427497684354,0.4254262870602046,1.0581741011247483,2.277476442547055e-06
52,0.27108234474150317,1.0,1.0,0.42744756054649047,1.057681956190806,3.6796315940224034e-05
52,0.27107266447666145,0.9999776982091246,1.0,0.42744756054649047,1.0576994663755954,1.653697779335772e-05
52,0.2708972468415921,1.0,0.9985165072493906,0.41876358021386356,1.0583678246472241,9.39261028021221e-06
52,0.2709089114253549,1.0,0.9991099043496343,0.4142552327176936,1.0583317028999615,9.448625568397873e-06
52,0.264826132203479,0.9702572366704784,0.9995055024164635,0.30061147051139686,1.0826368420823638,6.032830872193529e-06
52,0.27077162859369763,1.0,1.0,0.38963837282912933,1.058858829971377,7.596511624630153e-06
52,0.27109394483000243,1.0,1.0,0.42744756054649047,1.057681956190806,8.205286867446482e-05
52,0.2710666648975261,1.0,1.0,0.42744756054649047,1.0577063393306096,2.438313980368534e-05
52,0.2709623441044899,1.0,0.9990055104153321,0.42162607743461833,1.0581318316402388,1.8274236299298252e-05
52,0.2709518459791034,0.9999776982091246,0.9984714530251128,0.4256835901811713,1.05817145658086,1.6902191948275913e-05
52,0.2707424806990678,1.0,1.0,0.38543735197164475,1.0589883715849342,1.5545814264106284e-05
52,0.2707123238123842,1.0,0.9995055024164635,0.3867437127182537,1.0591005450199453,9.751500559262993e-06
52,0.2711141051340408,1.0,1.0,0.42744756054649047,1.057681956190806,0.00016069700824328237
52,0.2707352380226211,1.0,0.999450558240515,0.38963837282912933,1.059021852843335,2.0697559408588972e-05
52,0.2710561116363363,1.0,1.0,0.42744756054649047,1.0577475199228956,6.556373208965738e-05
52,0.2709646639033495,1.0,0.999011004832927,0.4216582403247392,1.0581293058008523,2.4807181845609705e-05
52,0.2706647802204169,1.0,0.9991099043496343,0.3825716384618778,1.0593655900654815,8.87620708438508e-05
52,0.27067874092762056,1.0,0.998427497684354,0.3937426928043888,1.0592221940269386,2.1138477866333716e-05
52,0.2709495118907609,1.0,0.9984324426601894,0.4254552336613134,1.0581718365808537,8.166743888038397e-06
52,0.27094742407178724,0.9999799283882121,1.0,0.42744756054649047,1.0581718236483058,0.00047410832633576483
52,0.2707810224595457,0.9999799283882121,0.9977342120722358,0.41266765938890637,1.058822096312298,2.8521757555521887e-05
52,0.26569431667782173,0.9732315130034306,0.9995549521748172,0.344978673770722,1.079950461934644,0.0008572641317232677
52,0.2708223393554283,1.0,1.0,0.38963837282912933,1.0588512334597524,0.0001906719833697501
52,0.27131697801137034,1.0,1.0,0.42744756054649047,1.057681956190806,0.0009514414042235408
52,0.2709583643879054,0.9999776982091246,0.9989659506086492,0.42190267140943516,1.0581517045327735,2.2606025068094837e-05
52,0.2705744494338792,1.0,0.9991099043496343,0.37644604500033246,1.0596304656307132,5.5154238825183555e-05
52,0.27109394483000243,1.0,0.999450558240515,0.3872936981393201,1.0590994940777476,0.0014995907556161203
52,0.2710831045563108,0.9999776982091246,1.0,0.42744756054649047,1.0576994663755954,5.727095862906317e-05
52,0.26498832785034415,0.9702371650586905,0.9990055104153321,0.33305216612823463,1.0824865019891106,0.0005183559016328498
52,0.2709518459791034,0.9999776982091246,1.0,0.42744756054649047,1.0581545543889117,0.0004550880133162849
52,0.2647241312093024,0.9702572366704784,0.9986104617902625,0.2953721357107119,1.0830680666166526,2.0108320424316872e-05
52,0.27095866432421417,0.9999776982091246,0.999104959373799,0.4222082257458055,1.0581279272171114,2.4346975344702315e-05
52,0.27138207351821836,0.9999776982091246,1.0,0.42744756054649047,1.0576994663755954,0.0012224259888380384
52,0.2712717306696368,1.0,0.9988725455095369,0.42744756054649047,1.0579895935090153,0.0010828191231428974
52,0.2708927231902732,1.0,0.999104959373799,0.4118816114267756,1.058407763110117,2.2264724994780494e-05
52,0.2709188397185034,1.0,0.998427497684354,0.4254262870602046,1.058283470210656,0.00010936908590775118
53,0.2710666648975261,0.9999776982091246,1.0,0.42744756054649047,1.0577063393306096,6.872955014225468e-06
53,0.2710756785424639,1.0,1.0,0.42744756054649047,1.057681956190806,1.0787073205564823e-05
53,0.27079540800315055,1.0,1.0,0.3922435669289174,1.0587669476553523,1.0994585313284233e-06
53,0.27094742407178724,1.0,0.998427497684354,0.4254262870602046,1.0581741011247483,2.277476442547055e-06
53,0.2709495118907609,1.0,0.9984324426601894,0.4254552336613134,1.0581718365808537,8.166743888038397e-06
53,0.27108234474150317,1.0,1.0,0.42744756054649047,1.057681956190806,3.6796315940224034e-05
53,0.27107266447666145,0.9999776982091246,1.0,0.42744756054649047,1.0576994663755954,1.653697779335772e-05
53,0.264826132203479,0.9702572366704784,0.9995055024164635,0.30061147051139686,1.0826368420823638,6.032830872193529e-06
53,0.27077162859369763,1.0,1.0,0.38963837282912933,1.058858829971377,7.596511624630153e-06
53,0.2708972468415921,1.0,0.9985165072493906,0.41876358021386356,1.0583678246472241,9.39261028021221e-06
53,0.2709089114253549,1.0,0.9991099043496343,0.4142552327176936,1.0583317028999615,9.448625568397873e-06
53,0.27109394483000243,1.0,1.0,0.42744756054649047,1.057681956190806,8.205286867446482e-05
53,0.2710666648975261,1.0,1.0,0.42744756054649047,1.0577063393306096,2.438313980368534e-05
53,0.2709623441044899,1.0,0.9990055104153321,0.42162607743461833,1.0581318316402388,1.8274236299298252e-05
53,0.2709518459791034,0.9999776982091246,0.9984714530251128,0.4256835901811713,1.05817145658086,1.6902191948275913e-05
53,0.2710831045563108,0.9999776982091246,1.0,0.42744756054649047,1.0576994663755954,5.727095862906317e-05
53,0.27095866432421417,0.9999776982091246,0.999104959373799,0.4222082257458055,1.0581279272171114,2.4346975344702315e-05
53,0.2707123238123842,1.0,0.9995055024164635,0.3867437127182537,1.0591005450199453,9.751500559262993e-06
53,0.2711141051340408,1.0,1.0,0.42744756054649047,1.057681956190806,0.00016069700824328237
53,0.2710561116363363,1.0,1.0,0.42744756054649047,1.0577475199228956,6.556373208965738e-05
53,0.27111395413597,0.9999776982091246,0.9992285837696832,0.42744756054649047,1.0579098800671185,0.0003880318935911564
53,0.2711282169936201,1.0,1.0,0.42744756054649047,1.057681956190806,0.00021573956936871141
53,0.27079540800315055,1.0,1.0,0.42744756054649047,1.058765848196821,0.001083892006014997
53,0.27140636714619537,0.9999576265973368,1.0,0.42744756054649047,1.0577152262097038,0.001332751253966924
53,0.271062248146936,1.0,1.0,0.42431973255466127,1.0577744635028312,5.088966201927114e-05
53,0.27116926503472866,1.0,1.0,0.42744756054649047,1.057681956190806,0.00037581271248510184
53,0.27097785648582984,1.0,0.9995055024164635,0.42077198166387875,1.0580529847019642,3.456227177123239e-05
53,0.2706270758456857,1.0,1.0,0.3629306993039088,1.0597497882091789,0.0003253793777222569
53,0.27077162859369763,0.9702572366704784,1.0,0.3058508053120818,1.0823769353015602,0.02351810533018317
53,0.270916574492128,0.9999776982091246,0.9991989139146709,0.4155744655005733,1.0582923188815982,1.0012844725348913e-05
53,0.26542483336087747,0.9732315130034306,0.9988774904853722,0.4142552327176936,1.0801887908921513,0.0005477363290939952
53,0.2709136067186517,1.0,1.0,0.4015114678750465,1.0584717120545588,0.00016779991302562358
53,0.27136917215930434,1.0,1.0,0.42744756054649047,1.057681956190806,0.0011546890619180683
53,0.271087744362725,1.0,0.9990055104153321,0.42744756054649047,1.057953276577875,0.0003291832519332072
53,0.2709600100161474,1.0,0.9989665000504088,0.4256835901811713,1.058122672145669,0.0001048356957511487
53,0.2710162863259466,1.0,0.9985847479159187,0.42562841440883314,1.0581245252174902,0.0002215713769120331
53,0.2708796366260773,1.0,0.9985165072493906,0.41876358021386356,1.0584366304299302,7.819839298628395e-05
53,0.27078565175682806,0.9999799283882121,1.0,0.3922435669289174,1.0588039949018169,2.1972952410687085e-05
53,0.26483558051632683,0.9702773082822662,0.999986154067661,0.2969597090394992,1.0825921851567761,0.00011592883651267982
53,0.27089740899732717,1.0,1.0,0.3974829017296023,1.0585991697767088,0.00023197865496782377
54,0.2710666648975261,0.9999776982091246,1.0,0.42744756054649047,1.0577063393306096,6.872955014225468e-06
54,0.2710756785424639,1.0,1.0,0.42744756054649047,1.057681956190806,1.0787073205564823e-05
54,0.27079540800315055,1.0,1.0,0.3922435669289174,1.0587669476553523,1.0994585313284233e-06
54,0.27094742407178724,1.0,0.998427497684354,0.4254262870602046,1.0581741011247483,2.277476442547055e-06
54,0.2709495118907609,1.0,0.9984324426601894,0.4254552336613134,1.0581718365808537,8.166743888038397e-06
54,0.27108234474150317,1.0,1.0,0.42744756054649047,1.057681956190806,3.6796315940224034e-05
54,0.27107266447666145,0.9999776982091246,1.0,0.42744756054649047,1.0576994663755954,1.653697779335772e-05
54,0.264826132203479,0.9702572366704784,0.9995055024164635,0.30061147051139686,1.0826368420823638,6.032830872193529e-06
54,0.27077162859369763,1.0,1.0,0.38963837282912933,1.058858829971377,7.596511624630153e-06
54,0.2708972468415921,1.0,0.9985165072493906,0.41876358021386356,1.0583678246472241,9.39261028021221e-06
54,0.2709089114253549,1.0,0.9991099043496343,0.4142552327176936,1.0583317028999615,9.448625568397873e-06
54,0.270916574492128,0.9999776982091246,0.9991989139146709,0.4155744655005733,1.0582923188815982,1.0012844725348913e-05
54,0.27109394483000243,1.0,1.0,0.42744756054649047,1.057681956190806,8.205286867446482e-05
54,0.2710666648975261,1.0,1.0,0.42744756054649047,1.0577063393306096,2.438313980368534e-05
54,0.2709623441044899,1.0,0.9990055104153321,0.42162607743461833,1.0581318316402388,1.8274236299298252e-05
54,0.2709518459791034,0.9999776982091246,0.9984714530251128,0.4256835901811713,1.05817145658086,1.6902191948275913e-05
54,0.2710831045563108,0.9999776982091246,1.0,0.42744756054649047,1.0576994663755954,5.727095862906317e-05
54,0.27095866432421417,0.9999776982091246,0.999104959373799,0.4222082257458055,1.0581279272171114,2.4346975344702315e-05
54,0.2707123238123842,1.0,0.9995055024164635,0.3867437127182537,1.0591005450199453,9.751500559262993e-06
54,0.2711141051340408,1.0,1.0,0.42744756054649047,1.057681956190806,0.00016069700824328237
54,0.2712210382403525,1.0,0.9985891983941705,0.42744756054649047,1.0580670168534914,0.0009627018488278516
54,0.2709449492190076,0.9999977698209125,0.9983913444165798,0.4244962806765796,1.0582148718637667,3.338271153863204e-05
54,0.27118021488405886,1.0,1.0,0.42744756054649047,1.057681956190806,0.0004185051446348176
54,0.27079746211833045,0.9999799283882121,0.9977342120722358,0.41266765938890637,1.0587935745547425,3.575755206819409e-05
54,0.27092648531802627,0.9999799283882121,0.9992790225232038,0.4254552336613134,1.0582536052398852,0.00029900527383586173
54,0.27066433100674603,0.9999776982091246,0.9991989139146709,0.3838908712447575,1.0593092417671608,3.065572177152198e-05
54,0.270590211376313,0.9999776982091246,0.9980902503323821,0.3849245665805964,1.0596246731503223,5.5931239228090845e-05
54,0.27126053293992236,1.0,1.0,0.42744756054649047,1.057681956190806,0.0007315523236335331
54,0.2714012517181309,1.0,1.0,0.42744756054649047,1.057681956190806,0.0012795703153327675
54,0.2711321444421753,0.9999576265973368,0.9982682694624552,0.42744756054649047,1.0581880323640989,0.0007371335285990543
54,0.2710867763362408,0.9999977698209125,1.0,0.42744756054649047,1.0576837071741392,5.583716774593128e-05
54,0.270916574492128,0.9999799283882121,1.0,0.42744756054649047,1.0582923188815982,0.0005946035596282595
54,0.27119477691273264,1.0,1.0,0.42744756054649047,1.057681956190806,0.000475275783097695
54,0.265105776736504,1.0,0.9995055024164635,0.33463973945702186,1.0814888055212202,0.020532420342678215
54,0.27058790870127,1.0,0.9979873948350065,0.3888217706159003,1.059577758731177,7.244489684454791e-05
54,0.2708084218330088,0.9999776982091246,1.0,0.3957639662906747,1.0587149686914348,4.4181386785524523e-05
54,0.2710591627222684,0.9999776982091246,0.9998867051091942,0.42744756054649047,1.0577356137451688,5.265071961746415e-06
54,0.2762141469401427,1.0,0.999104959373799,0.42744756054649047,1.0579261202331363,0.019931024619288973
54,0.2710588293996809,1.0,0.9994703930880324,0.4243473795677427,1.057919707523096,0.0001827930744189299
54,0.26515915103968607,0.9702572366704784,0.9999505502416464,0.33724493355680996,1.0820901665223481,0.0008190555854932224
55,0.2710666648975261,0.9999776982091246,1.0,0.42744756054649047,1.0577063393306096,6.872955014225468e-06
55,0.2710756785424639,1.0,1.0,0.42744756054649047,1.057681956190806,1.0787073205564823e-05
55,0.27079540800315055,1.0,1.0,0.3922435669289174,1.0587669476553523,1.0994585313284233e-06
55,0.27094742407178724,1.0,0.998427497684354,0.4254262870602046,1.0581741011247483,2.277476442547055e-06
55,0.2710591627222684,0.9999776982091246,0.9998867051091942,0.42744756054649047,1.0577356137451688,5.265071961746415e-06
55,0.27108234474150317,1.0,1.0,0.42744756054649047,1.057681956190806,3.6796315940224034e-05
55,0.27107266447666145,0.9999776982091246,1.0,0.42744756054649047,1.0576994663755954,1.653697779335772e-05
55,0.2709495118907609,1.0,0.9984324426601894,0.4254552336613134,1.0581718365808537,8.166743888038397e-06
55,0.264826132203479,0.9702572366704784,0.9995055024164635,0.30061147051139686,1.0826368420823638,6.032830872193529e-06
55,0.27077162859369763,1.0,1.0,0.38963837282912933,1.058858829971377,7.596511624630153e-06
55,0.27109394483000243,1.0,1.0,0.42744756054649047,1.057681956190806,8.205286867446482e-05
55,0.2710867763362408,0.9999977698209125,1.0,0.42744756054649047,1.0576837071741392,5.583716774593128e-05
55,0.2710666648975261,1.0,1.0,0.42744756054649047,1.0577063393306096,2.438313980368534e-05
55,0.2709623441044899,1.0,0.9990055104153321,0.42162607743461833,1.0581318316402388,1.8274236299298252e-05
55,0.2709518459791034,0.9999776982091246,0.9984714530251128,0.4256835901811713,1.05817145658086,1.6902191948275913e-05
55,0.27095866432421417,0.9999776982091246,0.999104959373799,0.4222082257458055,1.0581279272171114,2.4346975344702315e-05
55,0.2708972468415921,1.0,0.9985165072493906,0.41876358021386356,1.0583678246472241,9.39261028021221e-06
55,0.2709089114253549,1.0,0.9991099043496343,0.4142552327176936,1.0583317028999615,9.448625568397873e-06
55,0.270916574492128,0.9999776982091246,0.9991989139146709,0.4155744655005733,1.0582923188815982,1.0012844725348913e-05
55,0.2711141051340408,1.0,1.0,0.42744756054649047,1.057681956190806,0.00016069700824328237
55,0.27107726301711155,0.9999756910479458,0.9998867051091942,0.42744756054649047,1.0577319246281478,6.693770793364529e-05
55,0.270860191024506,0.9999776982091246,0.9998065965006613,0.40181557822471975,1.058536781427721,2.416368917246281e-05
55,0.27082124366279514,1.0,1.0,0.3934192916008654,1.0587290975715344,6.425295045353607e-05
55,0.2706462147787129,0.9999799283882121,0.9992790225232038,0.38155778138759194,1.0593609975405496,1.150663377069705e-05
55,0.2709422131680741,0.9999977698209125,1.0,0.4041050771421909,1.0583920560852031,0.00019988111769864148
55,0.271080564190776,0.9999776982091246,0.9998867051091942,0.42744756054649047,1.057730348673207,7.82418198399526e-05
55,0.2708167646142451,0.9999576265973368,0.9977504755483165,0.42744756054649047,1.0586823539182861,0.0003526320097935187
55,0.27080265275466575,0.9999576265973368,0.9984324426601894,0.41499780463984587,1.0587375231587293,0.00020276689572318318
55,0.27077561702896147,0.9999979928388212,1.0,0.38963837282912933,1.0588527358020476,9.502470898592463e-06
55,0.27083324728620595,0.9999797053703035,0.9976897072897175,0.4203890796081482,1.0586179234465445,6.289571382556147e-05
55,0.2711624997488489,0.9999977698209125,1.0,0.42744756054649047,1.0576837071741392,0.00035118475955941975
55,0.2709650567637121,1.0,0.9990055104153321,0.42162607743461833,1.0581318316402388,2.8867120574815885e-05
55,0.27672337610537423,1.0,1.0,0.42744756054649047,1.057681956190806,0.02159698967983026
55,0.2712218577010991,1.0,1.0,0.42744756054649047,1.057681956190806,0.0005808350861302713
55,0.27072353918247616,1.0,1.0,0.4256835901811713,1.059046918150431,0.0013128810022298154
55,0.27085562317702827,1.0,0.9975374020339883,0.42021589886062843,1.0585876447542615,5.717571871377558e-05
55,0.2709265602544759,0.9999799283882121,0.9983255322826288,0.4254262870602046,1.0582533125341143,3.540350469433129e-05
55,0.2709516949713825,0.9999977698209125,0.9992790225232038,0.41676177500516504,1.0582071154525874,5.1971329379840725e-05
55,0.2764390131172305,1.0,1.0,0.42744756054649047,1.057681956190806,0.02053120590112356
55,0.2709337004175098,1.0,0.9991989139146709,0.4155744655005733,1.0582650527305197,3.962931150303106e-05
56,0.2710666648975261,0.9999776982091246,1.0,0.42744756054649047,1.0577063393306096,6.872955014225468e-06
56,0.2710756785424639,1.0,1.0,0.42744756054649047,1.057681956190806,1.0787073205564823e-05
56,0.27079540800315055,1.0,1.0,0.3922435669289174,1.0587669476553523,1.0994585313284233e-06
56,0.27094742407178724,1.0,0.998427497684354,0.4254262870602046,1.0581741011247483,2.277476442547055e-06
56,0.2710591627222684,0.9999776982091246,0.9998867051091942,0.42744756054649047,1.0577356137451688,5.265071961746415e-06
56,0.27108234474150317,1.0,1.0,0.42744756054649047,1.057681956190806,3.6796315940224034e-05
56,0.27107266447666145,0.9999776982091246,1.0,0.42744756054649047,1.0576994663755954,1.653697779335772e-05
56,0.2709495118907609,1.0,0.9984324426601894,0.4254552336613134,1.0581718365808537,8.166743888038397e-06
56,0.264826132203479,0.9702572366704784,0.9995055024164635,0.30061147051139686,1.0826368420823638,6.032830872193529e-06
56,0.27077162859369763,1.0,1.0,0.38963837282912933,1.058858829971377,7.596511624630153e-06
56,0.27109394483000243,1.0,1.0,0.42744756054649047,1.057681956190806,8.205286867446482e-05
56,0.2710867763362408,0.9999977698209125,1.0,0.42744756054649047,1.0576837071741392,5.583716774593128e-05
56,0.2710666648975261,1.0,1.0,0.42744756054649047,1.0577063393306096,2.438313980368534e-05
56,0.2709623441044899,1.0,0.9990055104153321,0.42162607743461833,1.0581318316402388,1.8274236299298252e-05
56,0.2709518459791034,0.9999776982091246,0.9984714530251128,0.4256835901811713,1.05817145658086,1.6902191948275913e-05
56,0.27095866432421417,0.9999776982091246,0.999104959373799,0.4222082257458055,1.0581279272171114,2.4346975344702315e-05
56,0.2708972468415921,1.0,0.9985165072493906,0.41876358021386356,1.0583678246472241,9.39261028021221e-06
56,0.2709089114253549,1.0,0.9991099043496343,0.4142552327176936,1.0583317028999615,9.448625568397873e-06
56,0.270916574492128,0.9999776982091246,0.9991989139146709,0.4155744655005733,1.0582923188815982,1.0012844725348913e-05
56,0.2711141051340408,1.0,1.0,0.42744756054649047,1.057681956190806,0.00016069700824328237
56,0.2709478783890887,0.9999977698209125,0.9993008793163961,0.4155744655005733,1.0582377329052761,6.768356783970475e-05
56,0.27097051139667755,0.9999776982091246,1.0,0.4076370613365919,1.058297518005638,0.0002158530851816831
56,0.2708218631184098,1.0,0.9982845329385359,0.4109402918932929,1.058675259973072,1.2836854716313795e-05
56,0.2709613521011014,0.9999576265973368,0.999194463436419,0.42273215922587404,1.0581174312118549,3.9129290450690135e-05
56,0.2710591627222684,0.9999756910479458,1.0,0.41739361163823063,1.0580007733850632,0.0002651596398943745
56,0.2711583198521235,1.0,0.9986648565244515,0.42744756054649047,1.0580463393050965,0.0006975181439610179
56,0.27107266447666145,0.9999776982091246,0.9984714530251129,0.42562841440883314,1.0581731726380939,0.0004902432402917878
56,0.27081234270692894,0.9999799283882121,0.9984324426601894,0.41474050151887915,1.0586996404096705,0.00017390169623565654
56,0.2709148505089718,1.0,0.9990466086589417,0.30061147051139686,1.062504568802037,0.004205515412817551
56,0.27099179175001853,1.0,1.0,0.4076370613365919,1.0582804362928355,0.0002818600573337715
56,0.27118809350027046,1.0,1.0,0.42744756054649047,1.057681956190806,0.00044922099512501035
56,0.2706531156366541,1.0,0.9985165072493906,0.38707998595804777,1.0593994728038745,7.699219144452485e-05
56,0.2708069953982972,1.0,1.0,0.3957639662906747,1.0587205453116888,6.658325313324553e-05
56,0.2709089579896833,1.0,1.0,0.3940366611255768,1.0587092691867293,0.0003871968187048047
56,0.2709622883099632,1.0,0.9985294630860793,0.4254262870602046,1.058146018714925,3.224343216090553e-05
56,0.27068397921731524,1.0,0.9984324426601894,0.3914269647156884,1.0592777705591194,7.607465216152853e-05
56,0.2711753552078417,1.0,0.9990969485129456,0.42744756054649047,1.0579283075440182,0.0006459095031048356
56,0.2711180848506253,0.9999799283882121,1.0,0.42744756054649047,1.05769771532197,0.0001919793933444769
56,0.27084928768138483,1.0,1.0,0.3954133907883575,1.0586651670801448,0.00010993772417067227
56,0.27089260851913133,1.0,1.0,0.3969589682495338,1.0586158445340426,0.00022989812535167964
57,0.2710666648975261,0.9999776982091246,1.0,0.42744756054649047,1.0577063393306096,6.872955014225468e-06
57,0.2710756785424639,1.0,1.0,0.42744756054649047,1.057681956190806,1.0787073205564823e-05
57,0.27079540800315055,1.0,1.0,0.3922435669289174,1.0587669476553523,1.0994585313284233e-06
57,0.27094742407178724,1.0,0.998427497684354,0.4254262870602046,1.0581741011247483,2.277476442547055e-06
57,0.2710591627222684,0.9999776982091246,0.9998867051091942,0.42744756054649047,1.0577356137451688,5.265071961746415e-06
57,0.27108234474150317,1.0,1.0,0.42744756054649047,1.057681956190806,3.6796315940224034e-05
57,0.27107266447666145,0.9999776982091246,1.0,0.42744756054649047,1.0576994663755954,1.653697779335772e-05
57,0.2709495118907609,1.0,0.9984324426601894,0.4254552336613134,1.0581718365808537,8.166743888038397e-06
57,0.264826132203479,0.9702572366704784,0.9995055024164635,0.30061147051139686,1.0826368420823638,6.032830872193529e-06
57,0.27077162859369763,1.0,1.0,0.38963837282912933,1.058858829971377,7.596511624630153e-06
57,0.27109394483000243,1.0,1.0,0.42744756054649047,1.057681956190806,8.205286867446482e-05
57,0.2710867763362408,0.9999977698209125,1.0,0.42744756054649047,1.0576837071741392,5.583716774593128e-05
57,0.2710666648975261,1.0,1.0,0.42744756054649047,1.0577063393306096,2.438313980368534e-05
57,0.2709623441044899,1.0,0.9990055104153321,0.42162607743461833,1.0581318316402388,1.8274236299298252e-05
57,0.2709518459791034,0.9999776982091246,0.9984714530251128,0.4256835901811713,1.05817145658086,1.6902191948275913e-05
57,0.27095866432421417,0.9999776982091246,0.999104959373799,0.4222082257458055,1.0581279272171114,2.4346975344702315e-05
57,0.2708972468415921,1.0,0.9985165072493906,0.41876358021386356,1.0583678246472241,9.39261028021221e-06
57,0.2709089114253549,1.0,0.9991099043496343,0.4142552327176936,1.0583317028999615,9.448625568397873e-06
57,0.270916574492128,0.9999776982091246,0.9991989139146709,0.4155744655005733,1.0582923188815982,1.0012844725348913e-05
57,0.2711141051340408,1.0,1.0,0.42744756054649047,1.057681956190806,0.00016069700824328237
57,0.27086237513476025,1.0,1.0,0.42021589886062843,1.0585040823771754,0.0006071342881253106
57,0.2713673916085772,0.9999776982091246,0.9998867051091942,0.42744756054649047,1.057730348673207,0.0011961492435159649
57,0.2709043323191966,0.9999977698209125,1.0,0.3981346929214819,1.0585801451347008,0.0002400019993482605
57,0.271060824266321,1.0,0.9992379792237703,0.42744756054649047,1.0578898051971273,0.00016067514179640696
57,0.26466393655661385,0.9702773082822662,1.0,0.2681707748945591,1.0832942846234814,0.00040204629693385563
57,0.2709159690769661,0.9999576265973368,0.999165727632398,0.42744756054649047,1.0582946838444887,0.00035188480856063187
57,0.27098177995607015,1.0,0.9986867133176438,0.42562841440883314,1.058096472317314,5.8806871808814165e-05
57,0.27107665291192534,0.9999979928388212,1.0,0.42744756054649047,1.0576835320754545,1.6164696117426658e-05
57,0.270899463112507,0.9999799283882121,0.9986292526984368,0.41790699418959126,1.0583692039473647,1.003797296128539e-05
57,0.2711718790866552,0.9999576265973368,1.0,0.42744756054649047,1.0577152262097038,0.00041927498715965683
57,0.2708054826645127,0.9999596337585156,0.9983839818970027,0.4115224402044801,1.0587264593807673,6.778326503931176e-05
57,0.27077459636717394,0.9999776982091246,0.9983978278293417,0.40370137045465615,1.0588954631497676,4.8238599213989986e-05
57,0.2765801031749826,1.0,0.9988774904853722,0.42744756054649047,1.057988242706243,0.02136656756349664
57,0.2652870323794907,0.9732515846152183,0.9986648565244515,0.30010275168610934,1.0808801585716032,0.00013027325439951554
57,0.27063526647146524,1.0,0.9991099043496343,0.38022696377206855,1.0594454713146078,5.312537338530987e-05
57,0.27094823224491055,0.9999799283882121,0.9990055104153321,0.42162607743461833,1.058168667377392,2.1189987244207842e-05
57,0.2706899811800475,0.9999776982091246,0.999104959373799,0.3905246314899897,1.0591782104087006,6.176144645930748e-05
57,0.2764662930497068,1.0,1.0,0.42744756054649047,1.057681956190806,0.020633545329272973
57,0.2713877500879304,1.0,1.0,0.42744756054649047,1.057681956190806,0.0012270139479217956
57,0.2712169073887315,1.0,0.999104959373799,0.42744756054649047,1.0579261202331363,0.0008057046796570155
58,0.2710666648975261,0.9999776982091246,1.0,0.42744756054649047,1.0577063393306096,6.872955014225468e-06
58,0.2710756785424639,1.0,1.0,0.42744756054649047,1.057681956190806,1.0787073205564823e-05
58,0.27079540800315055,1.0,1.0,0.3922435669289174,1.0587669476553523,1.0994585313284233e-06
58,0.27094742407178724,1.0,0.998427497684354,0.4254262870602046,1.0581741011247483,2.277476442547055e-06
58,0.2710591627222684,0.9999776982091246,0.9998867051091942,0.42744756054649047,1.0577356137451688,5.265071961746415e-06
58,0.27108234474150317,1.0,1.0,0.42744756054649047,1.057681956190806,3.6796315940224034e-05
58,0.27107665291192534,0.9999979928388212,1.0,0.42744756054649047,1.0576835320754545,1.6164696117426658e-05
58,0.2709495118907609,1.0,0.9984324426601894,0.4254552336613134,1.0581718365808537,8.166743888038397e-06
58,0.264826132203479,0.9702572366704784,0.9995055024164635,0.30061147051139686,1.0826368420823638,6.032830872193529e-06
58,0.27077162859369763,1.0,1.0,0.38963837282912933,1.058858829971377,7.596511624630153e-06
58,0.27109394483000243,1.0,1.0,0.42744756054649047,1.057681956190806,8.205286867446482e-05
58,0.27107266447666145,0.9999776982091246,1.0,0.42744756054649047,1.0576994663755954,1.653697779335772e-05
58,0.2710867763362408,0.9999977698209125,1.0,0.42744756054649047,1.0576837071741392,5.583716774593128e-05
58,0.2708972468415921,1.0,0.9985165072493906,0.41876358021386356,1.0583678246472241,9.39261028021221e-06
58,0.2709089114253549,1.0,0.9991099043496343,0.4142552327176936,1.0583317028999615,9.448625568397873e-06
58,0.270916574492128,0.9999776982091246,0.9991989139146709,0.4155744655005733,1.0582923188815982,1.0012844725348913e-05
58,0.2711141051340408,1.0,1.0,0.42744756054649047,1.057681956190806,0.00016069700824328237
58,0.270899463112507,0.9999799283882121,0.9986292526984368,0.41790699418959126,1.0583692039473647,1.003797296128539e-05
58,0.2710666648975261,1.0,1.0,0.42744756054649047,1.0577063393306096,2.438313980368534e-05
58,0.27095866432421417,0.9999776982091246,0.999104959373799,0.4222082257458055,1.0581279272171114,2.4346975344702315e-05
58,0.27093749577863874,1.0,0.9991099043496343,0.4142552327176936,1.0583317028999615,0.0001211033709025422
58,0.2764105048310607,1.0,0.9976634989177902,0.42744756054649047,1.0583202666724039,0.02106254725612633
58,0.2708820682270247,1.0,0.9980150866996845,0.4207771974315525,1.058435455623851,8.32635994751918e-06
58,0.27110320531639154,1.0,0.9993902844794995,0.4254262870602046,1.0579091672908403,0.00034539002432754096
58,0.2710825054366455,1.0,0.9991484751611502,0.42744756054649047,1.0579142391571408,0.0002697062443086651
58,0.2656066666585363,0.9732272756631642,1.0,0.3218815892361155,1.0800583794939027,0.0006090816712345237
58,0.27107665291192534,0.9999576265973368,0.999194463436419,0.42273215922587404,1.0580783019214042,0.00041093454206708735
58,0.27091549946086196,1.0,0.9992865388864735,0.4154408621622535,1.0582965183361497,5.227428932319533e-05
58,0.2707583585618474,0.9999776982091246,1.0,0.3833653426926056,1.0590731301427496,0.00016240485622387446
58,0.27111204512484566,1.0,1.0,0.38963837282912933,1.0588512334597524,0.0013219388411067623
58,0.2710825054366455,1.0,0.9991484751611502,0.42744756054649047,1.0579142391571408,0.0002697062443086651
58,0.2710740933478232,0.9999776982091246,1.0,0.42402737188346284,1.0578005836689262,0.0001232294723976235
58,0.271046109820144,0.9999799283882121,0.9997363338884584,0.427219381256864,1.0577865516442515,1.0174822146380436e-05
58,0.27063481413192464,1.0,1.0,0.35977392471097086,1.0598603283380472,0.00046621172645910924
58,0.2711036368894594,1.0,1.0,0.4262718358745424,1.0577166436217798,0.00015454990347518738
58,0.27098396449065265,1.0,0.9978177821638535,0.42744756054649047,1.058278025737873,0.00024888965264024954
58,0.2711141051340408,1.0,0.9985847479159187,0.42562841440883314,1.0581245252174902,0.000603266034927552
58,0.2709499618744678,0.9999977698209125,1.0,0.397583112428332,1.0585976694704824,0.0004357569927193605
58,0.26499266226766177,0.9702572366704784,1.0,0.312484565557314,1.0823029073281805,0.0003524587173486804
58,0.2709249159727409,0.9999776982091246,0.9984324426601894,0.4254552336613134,1.0582597352235157,7.043157905317621e-05
59,0.2710666648975261,0.9999776982091246,1.0,0.42744756054649047,1.0577063393306096,6.872955014225468e-06
59,0.2710756785424639,1.0,1.0,0.42744756054649047,1.057681956190806,1.0787073205564823e-05
59,0.27079540800315055,1.0,1.0,0.3922435669289174,1.0587669476553523,1.0994585313284233e-06
59,0.27094742407178724,1.0,0.998427497684354,0.4254262870602046,1.0581741011247483,2.277476442547055e-06
59,0.2710591627222684,0.9999776982091246,0.9998867051091942,0.42744756054649047,1.0577356137451688,5.265071961746415e-06
59,0.27108234474150317,1.0,1.0,0.42744756054649047,1.057681956190806,3.6796315940224034e-05
59,0.27107665291192534,0.9999979928388212,1.0,0.42744756054649047,1.0576835320754545,1.6164696117426658e-05
59,0.2709495118907609,1.0,0.9984324426601894,0.4254552336613134,1.0581718365808537,8.166743888038397e-06
59,0.264826132203479,0.9702572366704784,0.9995055024164635,0.30061147051139686,1.0826368420823638,6.032830872193529e-06
59,0.27077162859369763,1.0,1.0,0.38963837282912933,1.058858829971377,7.596511624630153e-06
59,0.271046109820144,0.9999799283882121,0.9997363338884584,0.427219381256864,1.0577865516442515,1.0174822146380436e-05
59,0.27109394483000243,1.0,1.0,0.42744756054649047,1.057681956190806,8.205286867446482e-05
59,0.27107266447666145,0.9999776982091246,1.0,0.42744756054649047,1.0576994663755954,1.653697779335772e-05
59,0.2710867763362408,0.9999977698209125,1.0,0.42744756054649047,1.0576837071741392,5.583716774593128e-05
59,0.2708972468415921,1.0,0.9985165072493906,0.41876358021386356,1.0583678246472241,9.39261028021221e-06
59,0.2709089114253549,1.0,0.9991099043496343,0.4142552327176936,1.0583317028999615,9.448625568397873e-06
59,0.270916574492128,0.9999776982091246,0.9991989139146709,0.4155744655005733,1.0582923188815982,1.0012844725348913e-05
59,0.2708820682270247,1.0,0.9980150866996845,0.4207771974315525,1.058435455623851,8.32635994751918e-06
59,0.2711141051340408,1.0,1.0,0.42744756054649047,1.057681956190806,0.00016069700824328237
59,0.270899463112507,0.9999799283882121,0.9986292526984368,0.41790699418959126,1.0583692039473647,1.003797296128539e-05
59,0.26471108113655056,0.9702753011210874,1.0,0.27516971128698114,1.0831013518093953,0.0003208178422478003
59,0.2710756785424639,0.9999957626597337,1.0,0.42744756054649047,1.0576852830658166,1.4113948216154526e-05
59,0.27105286177787596,0.9999799283882121,0.9998382992901835,0.427219381256864,1.0577602020605836,1.1651258875255976e-05
59,0.2709380636022634,1.0,0.9987663274285932,0.4188610508252812,1.0582849271360564,7.654537207657519e-05
59,0.26480197332498184,0.9702572366704784,0.9985201665315087,0.3064812387538699,1.0829528734250902,0.0002232916993953893
59,0.2706710638082646,1.0,0.9986867133176438,0.387819226691472,1.0593209533221741,6.871627895010946e-05
59,0.27103739758178647,0.9999598567764243,0.9997363338884584,0.42744756054649047,1.0578205531828493,3.5196302516027345e-05
59,0.27095035894140185,0.9999795046541856,0.9985847479159187,0.42562841440883314,1.0581603617837303,1.978091937715476e-05
59,0.2710701931625494,1.0,0.9995055024164635,0.42744756054649047,1.0578167993928707,0.0001242272279704526
59,0.27112728946848236,1.0,0.9991534201369856,0.42744756054649047,1.057912889100352,0.0004430548921474653
59,0.2705093970939164,1.0,1.0,0.35795477857331354,1.0599244628109388,3.917630608651912e-05
59,0.2712297392674522,0.9999756910479458,1.0,0.42744756054649047,1.0577010423305364,0.0006306391427814972
59,0.2654681138309768,0.9732515846152183,0.9987083723118028,0.32198853817105455,1.0805283716642289,0.0005156888470365661
59,0.2707779752660878,1.0,0.9966460206899055,0.42744756054649047,1.0588340117413497,0.0002348440009720676
59,0.27121033088473234,0.9999977698209125,0.9991989139146709,0.42744756054649047,1.057902220188206,0.0007561708154244506
59,0.2708635686573808,1.0,0.9977777871992971,0.42057183607088866,1.058508606063063,9.187836802704297e-06
59,0.2712102507861267,0.999998193554939,1.0,0.42744756054649047,1.057683374486705,0.0005370128988650968
59,0.264582000998541,0.9702773082822662,0.9995055024164635,0.26892787625558107,1.0836297583937957,0.00053682287117085
59,0.2709615450066018,0.9999799283882121,1.0,0.39824689373236155,1.0585900865513185,0.0004734086444089236
59,0.2709951213816434,0.9999977698209125,1.0,0.4035795485900389,1.0584084957185098,0.00042291877793099175
60,0.2710666648975261,0.9999776982091246,1.0,0.42744756054649047,1.0577063393306096,6.872955014225468e-06
60,0.2710756785424639,1.0,1.0,0.42744756054649047,1.057681956190806,1.0787073205564823e-05
60,0.27079540800315055,1.0,1.0,0.3922435669289174,1.0587669476553523,1.0994585313284233e-06
60,0.27094742407178724,1.0,0.998427497684354,0.4254262870602046,1.0581741011247483,2.277476442547055e-06
60,0.2710591627222684,0.9999776982091246,0.9998867051091942,0.42744756054649047,1.0577356137451688,5.265071961746415e-06
60,0.27108234474150317,1.0,1.0,0.42744756054649047,1.057681956190806,3.6796315940224034e-05
60,0.27107665291192534,0.9999979928388212,1.0,0.42744756054649047,1.0576835320754545,1.6164696117426658e-05
60,0.2710756785424639,0.9999957626597337,1.0,0.42744756054649047,1.0576852830658166,1.4113948216154526e-05
60,0.2709495118907609,1.0,0.9984324426601894,0.4254552336613134,1.0581718365808537,8.166743888038397e-06
60,0.264826132203479,0.9702572366704784,0.9995055024164635,0.30061147051139686,1.0826368420823638,6.032830872193529e-06
60,0.27077162859369763,1.0,1.0,0.38963837282912933,1.058858829971377,7.596511624630153e-06
60,0.271046109820144,0.9999799283882121,0.9997363338884584,0.427219381256864,1.0577865516442515,1.0174822146380436e-05
60,0.27105286177787596,0.9999799283882121,0.9998382992901835,0.427219381256864,1.0577602020605836,1.1651258875255976e-05
60,0.27109394483000243,1.0,1.0,0.42744756054649047,1.057681956190806,8.205286867446482e-05
60,0.2710867763362408,0.9999977698209125,1.0,0.42744756054649047,1.0576837071741392,5.583716774593128e-05
60,0.27107266447666145,0.9999776982091246,1.0,0.42744756054649047,1.0576994663755954,1.653697779335772e-05
60,0.2708972468415921,1.0,0.9985165072493906,0.41876358021386356,1.0583678246472241,9.39261028021221e-06
60,0.2709089114253549,1.0,0.9991099043496343,0.4142552327176936,1.0583317028999615,9.448625568397873e-06
60,0.270916574492128,0.9999776982091246,0.9991989139146709,0.4155744655005733,1.0582923188815982,1.0012844725348913e-05
60,0.2708820682270247,1.0,0.9980150866996845,0.4207771974315525,1.058435455623851,8.32635994751918e-06
60,0.27101990539876525,1.0,0.999091954087352,0.42744756054649047,1.0579296712555908,4.084415528016194e-05
60,0.2708554563769368,0.9999857491556307,0.9977777871992971,0.42057183607088866,1.0585311209071429,1.142100061191087e-05
60,0.27110801260257184,0.9999961863937603,0.9997626411599025,0.42744756054649047,1.0577496584668489,0.00020463391687775
60,0.2708069953982972,0.9999957626597337,1.0,0.3957639662906747,1.0587205453116888,6.338651412418628e-05
60,0.2710591627222684,0.9999799283882121,1.0,0.3973549331387055,1.0586184140216066,0.000882800276437834
60,0.2710785319490016,0.9999979928388212,1.0,0.42744756054649047,1.0576835320754545,2.3496136848155658e-05
60,0.2706785795960934,1.0,0.9984324426601894,0.3914269647156884,1.0592777705591194,5.4945207996315304e-05
60,0.2710107968281248,1.0,0.9999273088552201,0.4205566744105229,1.0579243823445614,1.7339074011912814e-05
60,0.27103566974049464,0.9999799283882121,0.9997363338884584,0.427219381256864,1.057827296745518,5.0919923412884316e-05
60,0.2708154825306699,1.0,0.9999402646919088,0.3955357870010482,1.0586873658889446,7.923625827466196e-06
60,0.27075317626377454,0.9999817348332731,0.9977955297725943,0.40807779467253813,1.0589309931595252,5.249720197886276e-06
60,0.2652819947726424,0.9732112183737339,0.998753866089488,0.30142198446898905,1.0808509943424518,8.058598519911087e-05
60,0.270916574492128,1.0,0.9991989139146709,0.4155744655005733,1.0582923188815982,2.7266151078508827e-05
60,0.2709715829502844,1.0,0.9994128335693089,0.41955651881773154,1.0580815107101502,4.029959885576417e-06
60,0.2709739787283047,0.9999977698209125,0.9986911637958956,0.42565446634983106,1.0580961900167845,2.8064108540837296e-05
60,0.2707889233599763,1.0,0.9970972991846409,0.41763965136194914,1.0587964857263144,5.28302599267505e-06
60,0.27079669172356646,0.9999977698209125,1.0,0.3934192916008654,1.0587608290833255,3.0054082442720897e-05
60,0.2709089114253549,1.0,1.0,0.3934192916008654,1.0587290975715344,0.00040684329714135714
60,0.27107096207271913,0.9999979928388212,0.9998382992901835,0.427219381256864,1.0577343715557497,4.479960365721958e-05
60,0.2711253962503758,1.0,1.0,0.42744756054649047,1.057681956190806,0.00020473786787977843
61,0.2710666648975261,0.9999776982091246,1.0,0.42744756054649047,1.0577063393306096,6.872955014225468e-06
61,0.2710756785424639,1.0,1.0,0.42744756054649047,1.057681956190806,1.0787073205564823e-05
61,0.27079540800315055,1.0,1.0,0.3922435669289174,1.0587669476553523,1.0994585313284233e-06
61,0.27094742407178724,1.0,0.998427497684354,0.4254262870602046,1.0581741011247483,2.277476442547055e-06
61,0.2710591627222684,0.9999776982091246,0.9998867051091942,0.42744756054649047,1.0577356137451688,5.265071961746415e-06
61,0.2709715829502844,1.0,0.9994128335693089,0.41955651881773154,1.0580815107101502,4.029959885576417e-06
61,0.27108234474150317,1.0,1.0,0.42744756054649047,1.057681956190806,3.6796315940224034e-05
61,0.27107665291192534,0.9999979928388212,1.0,0.42744756054649047,1.0576835320754545,1.6164696117426658e-05
61,0.2710756785424639,0.9999957626597337,1.0,0.42744756054649047,1.0576852830658166,1.4113948216154526e-05
61,0.271046109820144,0.9999799283882121,0.9997363338884584,0.427219381256864,1.0577865516442515,1.0174822146380436e-05
61,0.27105286177787596,0.9999799283882121,0.9998382992901835,0.427219381256864,1.0577602020605836,1.1651258875255976e-05
61,0.2709495118907609,1.0,0.9984324426601894,0.4254552336613134,1.0581718365808537,8.166743888038397e-06
61,0.2708154825306699,1.0,0.9999402646919088,0.3955357870010482,1.0586873658889446,7.923625827466196e-06
61,0.27075317626377454,0.9999817348332731,0.9977955297725943,0.40807779467253813,1.0589309931595252,5.249720197886276e-06
61,0.2707889233599763,1.0,0.9970972991846409,0.41763965136194914,1.0587964857263144,5.28302599267505e-06
61,0.27109394483000243,1.0,1.0,0.42744756054649047,1.057681956190806,8.205286867446482e-05
61,0.264826132203479,0.9702572366704784,0.9995055024164635,0.30061147051139686,1.0826368420823638,6.032830872193529e-06
61,0.27077162859369763,1.0,1.0,0.38963837282912933,1.058858829971377,7.596511624630153e-06
61,0.2710785319490016,0.9999979928388212,1.0,0.42744756054649047,1.0576835320754545,2.3496136848155658e-05
61,0.27107266447666145,0.9999776982091246,1.0,0.42744756054649047,1.0576994663755954,1.653697779335772e-05
61,0.27073019971832224,1.0,0.9984806462846325,0.3967346374704153,1.05908445955522,6.359620008811184e-05
61,0.27119089512272304,0.9999799283882121,0.9993646299448657,0.42744756054649047,1.0578709970781452,0.0006491839562170476
61,0.2707707220074995,0.9999835613499458,0.9978542760855185,0.40978659197030687,1.0588623752099107,1.1665523049542159e-05
61,0.2710295844137651,1.0,0.998427497684354,0.42096416311981544,1.0583139958995036,0.00046294815014480406
61,0.2709846400151669,0.9999616632214853,0.9978492915498764,0.42744756054649047,1.0582995009359144,0.0002730023603780829
61,0.27082571115866905,1.0,0.9973875692661768,0.4186204422804033,1.058681920947845,3.453988584611878e-05
61,0.27069915390430505,1.0,0.999471550212378,0.3851416293730343,1.0591645573489639,2.223752022145753e-05
61,0.27107665291192534,0.999998193554939,0.998955947471976,0.42744756054649047,1.0579682309546816,0.00030086357534453434
61,0.2709679933585469,0.9999817348332731,0.9994128335693089,0.41955651881773154,1.0580957116483491,4.214238325417341e-06
61,0.27065692216492904,0.9999835412783341,0.9972670799849723,0.40097585711665507,1.05932052983152,1.2947566886190032e-05
61,0.27105123246676405,0.9999817348332731,0.9997363338884584,0.427219381256864,1.0577749588744563,8.398530868536369e-06
61,0.27645651389454096,1.0,1.0,0.42744756054649047,1.057681956190806,0.020596861595022053
61,0.27097364999912255,0.9999957626597337,0.9987347290330053,0.4258598277104949,1.058079444750173,1.0035256354123945e-05
61,0.2709889804340359,0.9999817348332731,0.9983786808829073,0.42744756054649047,1.0581389090693218,0.00012935685874104763
61,0.2707641041061899,0.9999799283882121,0.9998980345982748,0.3922435669289174,1.058888255474567,7.48498168394729e-05
61,0.2707522993312592,0.9999835412783341,0.9977955297725943,0.40807779467253813,1.0589344229033104,1.006387144419918e-05
61,0.27073761353750514,0.9999799283882121,0.9977955297725943,0.40807779467253813,1.0589918633611515,6.473550936125783e-05
61,0.27105393555181645,0.9999957626597337,0.9991131977035406,0.42744756054649047,1.0579271977250213,0.0001711859571693619
61,0.2766736583974624,1.0,1.0,0.42744756054649047,1.057681956190806,0.02141080726604705
61,0.2707000535070609,1.0,0.9985250126078273,0.39371664086339087,1.0591719748737405,3.3174835016192006e-05
62,0.2710666648975261,0.9999776982091246,1.0,0.42744756054649047,1.0577063393306096,6.872955014225468e-06
62,0.2710756785424639,1.0,1.0,0.42744756054649047,1.057681956190806,1.0787073205564823e-05
62,0.27079540800315055,1.0,1.0,0.3922435669289174,1.0587669476553523,1.0994585313284233e-06
62,0.27094742407178724,1.0,0.998427497684354,0.4254262870602046,1.0581741011247483,2.277476442547055e-06
62,0.2710591627222684,0.9999776982091246,0.9998867051091942,0.42744756054649047,1.0577356137451688,5.265071961746415e-06
62,0.2709715829502844,1.0,0.9994128335693089,0.41955651881773154,1.0580815107101502,4.029959885576417e-06
62,0.27108234474150317,1.0,1.0,0.42744756054649047,1.057681956190806,3.6796315940224034e-05
62,0.27107665291192534,0.9999979928388212,1.0,0.42744756054649047,1.0576835320754545,1.6164696117426658e-05
62,0.2710756785424639,0.9999957626597337,1.0,0.42744756054649047,1.0576852830658166,1.4113948216154526e-05
62,0.27105286177787596,0.9999799283882121,0.9998382992901835,0.427219381256864,1.0577602020605836,1.1651258875255976e-05
62,0.27105123246676405,0.9999817348332731,0.9997363338884584,0.427219381256864,1.0577749588744563,8.398530868536369e-06
62,0.2709679933585469,0.9999817348332731,0.9994128335693089,0.41955651881773154,1.0580957116483491,4.214238325417341e-06
62,0.27109394483000243,1.0,1.0,0.42744756054649047,1.057681956190806,8.205286867446482e-05
62,0.27075317626377454,0.9999817348332731,0.9977955297725943,0.40807779467253813,1.0589309931595252,5.249720197886276e-06
62,0.2710785319490016,0.9999979928388212,1.0,0.42744756054649047,1.0576835320754545,2.3496136848155658e-05
62,0.2708154825306699,1.0,0.9999402646919088,0.3955357870010482,1.0586873658889446,7.923625827466196e-06
62,0.2709495118907609,1.0,0.9984324426601894,0.4254552336613134,1.0581718365808537,8.166743888038397e-06
62,0.271046109820144,0.9999799283882121,0.9997363338884584,0.427219381256864,1.0577865516442515,1.0174822146380436e-05
62,0.27097364999912255,0.9999957626597337,0.9987347290330053,0.4258598277104949,1.058079444750173,1.0035256354123945e-05
62,0.27107266447666145,0.9999776982091246,1.0,0.42744756054649047,1.0576994663755954,1.653697779335772e-05
62,0.27107725376498504,0.9999873749561855,1.0,0.42744756054649047,1.0576918686104932,2.6845591159396776e-05
62,0.2710756785424639,0.9999598567764243,0.9997900956657404,0.42744756054649047,1.0577706970351568,9.952791755640789e-05
62,0.2710230066661309,0.999963670382664,0.9995908032496236,0.42701401989620014,1.0578767218693776,4.172693008008821e-05
62,0.27094742407178724,0.9999939562146727,1.0,0.42744756054649047,1.0581718236483058,0.00048512227457053747
62,0.2710591627222684,1.0,0.9988015208216136,0.39410682744865216,1.059074064137745,0.0013384503925761848
62,0.2709715829502844,0.9999983741994452,1.0,0.42744756054649047,1.0580774807502646,0.00039424809338028943
62,0.2707696159225592,0.9999855484395128,0.9977955297725943,0.40807779467253813,1.0589228208072203,5.612017948619652e-05
62,0.27098424752487293,0.9999776982091246,0.9995955548219596,0.42744756054649047,1.0580280310082655,0.00021828751194075124
62,0.2706336266981065,0.9999817348332731,0.9963847281667648,0.4062847004758787,1.0594020845854584,3.3197695377129577e-06
62,0.2709333934557572,1.0,0.9983210818043771,0.42540023511920666,1.0582266223658328,2.239177935048353e-05
62,0.2708899709686274,0.999998193554939,1.0,0.39934550448480044,1.058541443180164,0.00014519167835347346
62,0.2708568092692384,0.9999979928388212,0.9972936987898942,0.41955651881773154,1.0586793315775629,0.00015349788694996036
62,0.2707353538348676,0.999983741994452,0.9976499991337595,0.4078724333118743,1.0590007022758483,2.6982251768670196e-05
62,0.27075317626377454,0.999992129698,0.9992631788206273,0.42744756054649047,1.0589309931595252,0.0010418872248949551
62,0.2712330822730362,0.9999979928388212,0.9988612561297048,0.42744756054649047,1.0579942533265152,0.0009368787568695414
62,0.2710866442294456,1.0,1.0,0.42744756054649047,1.057681956190806,5.3570777878153564e-05
62,0.2710791100557153,0.9999975691047946,1.0,0.42744756054649047,1.0576838647630222,2.6084403479620377e-05
62,0.27078228031904583,0.999981554188767,0.9997363338884584,0.41001477125993335,1.0588171777872517,0.0005195279226419824
62,0.2708060883494785,1.0,1.0,0.3922435669289174,1.0587669476553523,4.285622244348808e-05
62,0.2708415021318493,1.0,0.9999462382227179,0.3987269643555924,1.0585856583488682,9.79341810891654e-06
63,0.2710666648975261,0.9999776982091246,1.0,0.42744756054649047,1.0577063393306096,6.872955014225468e-06
63,0.2710756785424639,1.0,1.0,0.42744756054649047,1.057681956190806,1.0787073205564823e-05
63,0.27079540800315055,1.0,1.0,0.3922435669289174,1.0587669476553523,1.0994585313284233e-06
63,0.27094742407178724,1.0,0.998427497684354,0.4254262870602046,1.0581741011247483,2.277476442547055e-06
63,0.2710591627222684,0.9999776982091246,0.9998867051091942,0.42744756054649047,1.0577356137451688,5.265071961746415e-06
63,0.2709715829502844,1.0,0.9994128335693089,0.41955651881773154,1.0580815107101502,4.029959885576417e-06
63,0.27108234474150317,1.0,1.0,0.42744756054649047,1.057681956190806,3.6796315940224034e-05
63,0.27107665291192534,0.9999979928388212,1.0,0.42744756054649047,1.0576835320754545,1.6164696117426658e-05
63,0.2710756785424639,0.9999957626597337,1.0,0.42744756054649047,1.0576852830658166,1.4113948216154526e-05
63,0.2706336266981065,0.9999817348332731,0.9963847281667648,0.4062847004758787,1.0594020845854584,3.3197695377129577e-06
63,0.27105286177787596,0.9999799283882121,0.9998382992901835,0.427219381256864,1.0577602020605836,1.1651258875255976e-05
63,0.27105123246676405,0.9999817348332731,0.9997363338884584,0.427219381256864,1.0577749588744563,8.398530868536369e-06
63,0.2709679933585469,0.9999817348332731,0.9994128335693089,0.41955651881773154,1.0580957116483491,4.214238325417341e-06
63,0.2710866442294456,1.0,1.0,0.42744756054649047,1.057681956190806,5.3570777878153564e-05
63,0.27075317626377454,0.9999817348332731,0.9977955297725943,0.40807779467253813,1.0589309931595252,5.249720197886276e-06
63,0.2710785319490016,0.9999979928388212,1.0,0.42744756054649047,1.0576835320754545,2.3496136848155658e-05
63,0.2708154825306699,1.0,0.9999402646919088,0.3955357870010482,1.0586873658889446,7.923625827466196e-06
63,0.2709495118907609,1.0,0.9984324426601894,0.4254552336613134,1.0581718365808537,8.166743888038397e-06
63,0.271046109820144,0.9999799283882121,0.9997363338884584,0.427219381256864,1.0577865516442515,1.0174822146380436e-05
63,0.27107266447666145,0.9999776982091246,1.0,0.42744756054649047,1.0576994663755954,1.653697779335772e-05
63,0.2709260120511428,0.9999837419944518,0.9982819670455192,0.42522092569954073,1.0582554538493267,2.209666524821685e-05
63,0.27125372272066084,0.9999963670382663,1.0,0.42744756054649047,1.057684808546657,0.0007078684023043014
63,0.27079540800315055,0.999998193554939,1.0,0.42744756054649047,1.058765848196821,0.0010824737101160498
63,0.27090849742907347,0.999981935549391,1.0,0.39712351983704375,1.0586242572169837,0.0003003856382963743
63,0.27133677501351894,0.9999979928388212,1.0,0.42744756054649047,1.0576835320754545,0.0010301174025355575
63,0.2707601034834283,0.9999671026282799,0.9977523106837933,0.40978659197030687,1.058903901104727,1.0828320706979255e-05
63,0.27106989553008987,0.9999941368591788,1.0,0.42744756054649047,1.0576937335024212,7.173959708506317e-06
63,0.27107665291192534,1.0,0.9972747051377103,0.41550292403882294,1.0588166499251312,0.0011492825457941613
63,0.2709595604900472,0.9999957626597337,0.9985891983941705,0.42565446634983106,1.0581258124021784,1.3848146431794106e-06
63,0.27108979040204323,1.0,1.0,0.42744756054649047,1.057681956190806,6.584524025243788e-05
63,0.27061276288079517,0.9999616632214853,0.9962827627650396,0.4062847004758787,1.0594804427899083,3.284082680421463e-05
63,0.2708144214121441,0.9999815118153643,1.0,0.427219381256864,1.0586915140903843,0.0009883221345043935
63,0.27117057247794374,0.999981935549391,1.0,0.42744756054649047,1.0576961393803852,0.0003950936813914563
63,0.27106552724670757,0.9999813311708583,0.9998646659013378,0.4272421991858266,1.0577395800207978,2.8801540398415426e-05
63,0.2710002923141538,1.0,0.9995735156141032,0.4203456229906074,1.0580123759294742,4.698631765576167e-05
63,0.2708174094712804,1.0,1.0,0.3924489282895812,1.058760328058208,8.049502202811532e-05
63,0.27079024684034875,0.9999612595590704,0.9999402646919088,0.4102201326205972,1.0587860278855472,0.0005382686437844786
63,0.27104681515333245,1.0,0.9998393179552056,0.42665845637361455,1.05778379901291,3.4645033855529306e-05
63,0.27118992596561337,0.9999817348332731,0.9983255322826289,0.42744756054649047,1.0581534427102781,0.0009278513726611592
63,0.2710657804121343,0.9999799283882121,0.9998980345982748,0.42744756054649047,1.0577255090748958,1.571845729197996e-05
64,0.2710666648975261,0.9999776982091246,1.0,0.42744756054649047,1.0577063393306096,6.872955014225468e-06
64,0.2710756785424639,1.0,1.0,0.42744756054649047,1.057681956190806,1.0787073205564823e-05
64,0.27079540800315055,1.0,1.0,0.3922435669289174,1.0587669476553523,1.0994585313284233e-06
64,0.2710591627222684,0.9999776982091246,0.9998867051091942,0.42744756054649047,1.0577356137451688,5.265071961746415e-06
64,0.2709715829502844,1.0,0.9994128335693089,0.41955651881773154,1.0580815107101502,4.029959885576417e-06
64,0.27106989553008987,0.9999941368591788,1.0,0.42744756054649047,1.0576937335024212,7.173959708506317e-06
64,0.2709595604900472,0.9999957626597337,0.9985891983941705,0.42565446634983106,1.0581258124021784,1.3848146431794106e-06
64,0.27108234474150317,1.0,1.0,0.42744756054649047,1.057681956190806,3.6796315940224034e-05
64,0.27107665291192534,0.9999979928388212,1.0,0.42744756054649047,1.0576835320754545,1.6164696117426658e-05
64,0.2710756785424639,0.9999957626597337,1.0,0.42744756054649047,1.0576852830658166,1.4113948216154526e-05
64,0.2709679933585469,0.9999817348332731,0.9994128335693089,0.41955651881773154,1.0580957116483491,4.214238325417341e-06
64,0.27105286177787596,0.9999799283882121,0.9998382992901835,0.427219381256864,1.0577602020605836,1.1651258875255976e-05
64,0.27105123246676405,0.9999817348332731,0.9997363338884584,0.427219381256864,1.0577749588744563,8.398530868536369e-06
64,0.27094742407178724,1.0,0.998427497684354,0.4254262870602046,1.0581741011247483,2.277476442547055e-06
64,0.2710866442294456,1.0,1.0,0.42744756054649047,1.057681956190806,5.3570777878153564e-05
64,0.2706336266981065,0.9999817348332731,0.9963847281667648,0.4062847004758787,1.0594020845854584,3.3197695377129577e-06
64,0.2710785319490016,0.9999979928388212,1.0,0.42744756054649047,1.0576835320754545,2.3496136848155658e-05
64,0.2709495118907609,1.0,0.9984324426601894,0.4254552336613134,1.0581718365808537,8.166743888038397e-06
64,0.27075317626377454,0.9999817348332731,0.9977955297725943,0.40807779467253813,1.0589309931595252,5.249720197886276e-06
64,0.2708154825306699,1.0,0.9999402646919088,0.3955357870010482,1.0586873658889446,7.923625827466196e-06
64,0.2710916385207373,0.9999941368591788,1.0,0.4221647691282647,1.0578431963573944,0.00023429551523546088
64,0.27079407051002546,0.9999837419944518,0.999794734053074,0.39533042564038434,1.0587710776024544,2.8447471961845494e-05
64,0.2710627953583779,0.9999776982091246,1.0,0.42744756054649047,1.0577214385479952,2.1972172399742362e-05
64,0.27081409415881263,1.0,0.9982532762957224,0.4102201326205972,1.058707729044176,1.493562479382149e-05
64,0.2710689265847319,1.0,0.9998980345982748,0.42744756054649047,1.0577097499437316,1.2235678084060453e-05
64,0.2711384355303935,0.9999598567764243,1.0,0.42744756054649047,1.0577134750857817,0.00028711174947604334
64,0.2706239671710671,0.9999669400482244,0.9962827627650396,0.4062847004758787,1.0594435669758067,6.988469238633499e-06
64,0.27085116997294173,1.0,0.997899047896732,0.4183243495043215,1.0585478728820716,1.0063903801427188e-06
64,0.27132877750119166,0.9999776982091246,1.0,0.42744756054649047,1.0576994663755954,0.001014906467157406
64,0.2713107104264243,0.9999776982091246,1.0,0.42744756054649047,1.0576994663755954,0.0009445399163898749
64,0.27103542947381604,0.9999616632214853,0.9997363338884583,0.427219381256864,1.0578282344850995,3.752034898818479e-05
64,0.2710055875309667,1.0,1.0,0.41416742675697243,1.0580798109441532,0.00013509306884373906
64,0.2710642246801367,0.9999961440203575,0.9999564347628904,0.4272421991858266,1.0577158611824722,1.2943628023842635e-05
64,0.27094782075739227,1.0,0.9984324426601894,0.4254552336613134,1.0581718365808537,1.56216637225981e-06
64,0.271142503786875,0.999963670382664,1.0,0.42744756054649047,1.0577104806819735,0.00029998310474410594
64,0.2709307947107946,1.0,1.0,0.39737775106766815,1.0586025144874438,0.00036574170258285577
64,0.27078448522671655,1.0,0.9998544693611652,0.39203820556825353,1.058818395215221,9.839022764968064e-06
64,0.2711473631072956,1.0,1.0,0.42744756054649047,1.057681956190806,0.0002904088122657189
64,0.2710759594792616,0.9999817348332731,1.0,0.42744756054649047,1.057696296974259,2.6224002369179544e-05
64,0.2712894047395205,0.9999612595590704,0.9996494056088068,0.42744756054649047,1.0578079625021453,0.0009700438983117898
65,0.2710666648975261,0.9999776982091246,1.0,0.42744756054649047,1.0577063393306096,6.872955014225468e-06
65,0.2710756785424639,1.0,1.0,0.42744756054649047,1.057681956190806,1.0787073205564823e-05
65,0.2710591627222684,0.9999776982091246,0.9998867051091942,0.42744756054649047,1.0577356137451688,5.265071961746415e-06
65,0.2709715829502844,1.0,0.9994128335693089,0.41955651881773154,1.0580815107101502,4.029959885576417e-06
65,0.27106989553008987,0.9999941368591788,1.0,0.42744756054649047,1.0576937335024212,7.173959708506317e-06
65,0.2709595604900472,0.9999957626597337,0.9985891983941705,0.42565446634983106,1.0581258124021784,1.3848146431794106e-06
65,0.27085116997294173,1.0,0.997899047896732,0.4183243495043215,1.0585478728820716,1.0063903801427188e-06
65,0.27108234474150317,1.0,1.0,0.42744756054649047,1.057681956190806,3.6796315940224034e-05
65,0.27107665291192534,0.9999979928388212,1.0,0.42744756054649047,1.0576835320754545,1.6164696117426658e-05
65,0.2710756785424639,0.9999957626597337,1.0,0.42744756054649047,1.0576852830658166,1.4113948216154526e-05
65,0.2709679933585469,0.9999817348332731,0.9994128335693089,0.41955651881773154,1.0580957116483491,4.214238325417341e-06
65,0.27105286177787596,0.9999799283882121,0.9998382992901835,0.427219381256864,1.0577602020605836,1.1651258875255976e-05
65,0.27105123246676405,0.9999817348332731,0.9997363338884584,0.427219381256864,1.0577749588744563,8.398530868536369e-06
65,0.2710689265847319,1.0,0.9998980345982748,0.42744756054649047,1.0577097499437316,1.2235678084060453e-05
65,0.27094782075739227,1.0,0.9984324426601894,0.4254552336613134,1.0581718365808537,1.56216637225981e-06
65,0.27079540800315055,1.0,1.0,0.3922435669289174,1.0587669476553523,1.0994585313284233e-06
65,0.2710866442294456,1.0,1.0,0.42744756054649047,1.057681956190806,5.3570777878153564e-05
65,0.27094742407178724,1.0,0.998427497684354,0.4254262870602046,1.0581741011247483,2.277476442547055e-06
65,0.2710642246801367,0.9999961440203575,0.9999564347628904,0.4272421991858266,1.0577158611824722,1.2943628023842635e-05
65,0.2709495118907609,1.0,0.9984324426601894,0.4254552336613134,1.0581718365808537,8.166743888038397e-06
65,0.27119256905397554,0.9999947231732609,1.0,0.42744756054649047,1.057686099205093,0.00047081176575791694
65,0.2709498689078054,1.0,0.9984368931384412,0.4254812856023113,1.0581697988017855,7.52325397823661e-06
65,0.2710306973786349,0.9999636703826641,0.9995908032496236,0.42701401989620014,1.057846703772604,1.1708833306478539e-05
65,0.27102947649913656,0.9999963670382663,0.9988539820702508,0.42744756054649047,1.0579975168978197,0.0001460479485091426
65,0.2709413996103169,0.9999799283882121,0.9984324426601894,0.4254552336613134,1.0581953524090126,7.795505970964456e-06
65,0.27109621363059305,1.0,1.0,0.42744756054649047,1.057681956190806,9.090390810539972e-05
65,0.2706739794004062,1.0,0.9985847479159187,0.4183243495043215,1.0592408272006757,0.0008877866628596021
65,0.27108234474150317,0.9999963670382663,0.9986647971847414,0.4256316484208684,1.0581052473601478,0.0004600874852820347
65,0.2708044517425082,0.9999961863937603,1.0,0.3924228763485833,1.0587640323476755,3.354251470311098e-05
65,0.27106573013549135,1.0,0.9998544693611652,0.4272421991858266,1.0577277079864855,1.772118732357164e-05
65,0.27088837290564904,1.0,0.9982546737458936,0.41944203196920227,1.0584107092860489,8.213943494705944e-06
65,0.2710920042685425,1.0,1.0,0.42744756054649047,1.057681956190806,7.44822374034726e-05
65,0.2710794371721958,0.9999852052149513,1.0,0.42744756054649047,1.0576935721850902,3.706812039694363e-05
65,0.2710713138524531,0.99998721237613,0.9998544693611652,0.4272421991858266,1.0577377455070835,4.954615967434073e-05
65,0.2712085890289392,0.9999941368591788,0.9984324426601894,0.42744756054649047,1.0581144718959563,0.0009616329300790039
65,0.2708598748779503,0.9999957626597337,0.9980607486065485,0.418552528793948,1.0585138532302105,1.6748138171873705e-05
65,0.27097193996732893,1.0,0.9994172840475607,0.41958257075872946,1.0580794630749506,3.376386719544655e-06
65,0.2708743073255853,0.9999817348332731,0.9988843837816869,0.41245458126184853,1.0584673326786973,9.87810014230206e-06
65,0.2710642246801367,1.0,0.9989675780551409,0.42603913713016084,1.058006656614597,0.00029079543212473524
65,0.27079030423819267,1.0,0.9984324426601894,0.3920587417043199,1.0592563817899672,0.0004705783291278909
66,0.2710666648975261,0.9999776982091246,1.0,0.42744756054649047,1.0577063393306096,6.872955014225468e-06
66,0.2710756785424639,1.0,1.0,0.42744756054649047,1.057681956190806,1.0787073205564823e-05
66,0.2710591627222684,0.9999776982091246,0.9998867051091942,0.42744756054649047,1.0577356137451688,5.265071961746415e-06
66,0.27106989553008987,0.9999941368591788,1.0,0.42744756054649047,1.0576937335024212,7.173959708506317e-06
66,0.2709595604900472,0.9999957626597337,0.9985891983941705,0.42565446634983106,1.0581258124021784,1.3848146431794106e-06
66,0.27085116997294173,1.0,0.997899047896732,0.4183243495043215,1.0585478728820716,1.0063903801427188e-06
66,0.27097193996732893,1.0,0.9994172840475607,0.41958257075872946,1.0580794630749506,3.376386719544655e-06
66,0.27108234474150317,1.0,1.0,0.42744756054649047,1.057681956190806,3.6796315940224034e-05
66,0.27107665291192534,0.9999979928388212,1.0,0.42744756054649047,1.0576835320754545,1.6164696117426658e-05
66,0.2710756785424639,0.9999957626597337,1.0,0.42744756054649047,1.0576852830658166,1.4113948216154526e-05
66,0.27105286177787596,0.9999799283882121,0.9998382992901835,0.427219381256864,1.0577602020605836,1.1651258875255976e-05
66,0.27105123246676405,0.9999817348332731,0.9997363338884584,0.427219381256864,1.0577749588744563,8.398530868536369e-06
66,0.2710689265847319,1.0,0.9998980345982748,0.42744756054649047,1.0577097499437316,1.2235678084060453e-05
66,0.27094782075739227,1.0,0.9984324426601894,0.4254552336613134,1.0581718365808537,1.56216637225981e-06
66,0.27079540800315055,1.0,1.0,0.3922435669289174,1.0587669476553523,1.0994585313284233e-06
66,0.2709715829502844,1.0,0.9994128335693089,0.41955651881773154,1.0580815107101502,4.029959885576417e-06
66,0.2710866442294456,1.0,1.0,0.42744756054649047,1.057681956190806,5.3570777878153564e-05
66,0.27094742407178724,1.0,0.998427497684354,0.4254262870602046,1.0581741011247483,2.277476442547055e-06
66,0.2710306973786349,0.9999636703826641,0.9995908032496236,0.42701401989620014,1.057846703772604,1.1708833306478539e-05
66,0.2710794371721958,0.9999852052149513,1.0,0.42744756054649047,1.0576935721850902,3.706812039694363e-05
66,0.27116116653628874,0.9999799283882121,1.0,0.42744756054649047,1.05769771532197,0.00035999434222722115
66,0.27105276168462245,0.9999636703826641,1.0,0.42175467522487253,1.0578791961291443,0.00011860346320746729
66,0.2709983507965887,1.0,0.9995801666066018,0.42053107703314035,1.0580048757256266,3.190651646534093e-05
66,0.27104612980939696,0.9999634473647553,0.9998544693611652,0.4272421991858266,1.0577864736340512,3.0073331263702485e-05
66,0.2710785319490016,0.9999799283882121,1.0,0.42744756054649047,1.05769771532197,3.76793833636313e-05
66,0.27098979516319677,1.0,0.9988322439564786,0.425833775769497,1.0580501275135048,4.375620215646414e-05
66,0.27117132092798313,0.9999630660041313,0.9982209213188317,0.42744756054649047,1.05819671166464,0.0008985841835598141
66,0.27116829080148497,0.9999799283882121,1.0,0.42744756054649047,1.05769771532197,0.00038777323287919607
66,0.27106833043466455,0.9999866846934562,0.9999372779265042,0.42663500962671647,1.057733508935621,3.366851685537853e-05
66,0.27109334482532205,1.0,1.0,0.42744756054649047,1.057681956190806,7.971210708146437e-05
66,0.2709249423567471,0.9999853677950068,0.998195143159802,0.42524987230064953,1.0582596321649673,4.515748839972744e-06
66,0.27097173861228013,1.0,0.9985779732990242,0.42566059502197723,1.058125391108982,4.8518180228773744e-05
66,0.2709762094971283,0.9999941368591788,0.999471550212378,0.4203456229906074,1.0580594155296308,1.3934329990750172e-05
66,0.27079202523639184,1.0,1.0,0.3922435669289174,1.0587790744279117,1.212677255946204e-05
66,0.2708951302874845,1.0,0.9982546737458936,0.41944203196920227,1.0584107092860489,3.4615413918581694e-05
66,0.2709050902324023,1.0,0.9984774201823976,0.4196268571937997,1.058342174830897,4.992621701171984e-06
66,0.2711679184940207,0.9999799283882121,1.0,0.42744756054649047,1.05769771532197,0.00038632157007123524
66,0.2710775249627475,0.9999927160120821,1.0,0.42744756054649047,1.0576876751063728,2.3710221189521263e-05
66,0.2710306973786349,0.9999957626597337,0.9985847479159187,0.42562841440883314,1.0581278446117315,0.00028114083912744725
66,0.2711531055747252,0.999981935549391,1.0,0.42744756054649047,1.0576961393803852,0.000326985389100809
67,0.2710666648975261,0.9999776982091246,1.0,0.42744756054649047,1.0577063393306096,6.872955014225468e-06
67,0.2710756785424639,1.0,1.0,0.42744756054649047,1.057681956190806,1.0787073205564823e-05
67,0.2710591627222684,0.9999776982091246,0.9998867051091942,0.42744756054649047,1.0577356137451688,5.265071961746415e-06
67,0.27106989553008987,0.9999941368591788,1.0,0.42744756054649047,1.0576937335024212,7.173959708506317e-06
67,0.2709595604900472,0.9999957626597337,0.9985891983941705,0.42565446634983106,1.0581258124021784,1.3848146431794106e-06
67,0.27085116997294173,1.0,0.997899047896732,0.4183243495043215,1.0585478728820716,1.0063903801427188e-06
67,0.27097193996732893,1.0,0.9994172840475607,0.41958257075872946,1.0580794630749506,3.376386719544655e-06
67,0.27108234474150317,1.0,1.0,0.42744756054649047,1.057681956190806,3.6796315940224034e-05
67,0.27107665291192534,0.9999979928388212,1.0,0.42744756054649047,1.0576835320754545,1.6164696117426658e-05
67,0.2710756785424639,0.9999957626597337,1.0,0.42744756054649047,1.0576852830658166,1.4113948216154526e-05
67,0.27105286177787596,0.9999799283882121,0.9998382992901835,0.427219381256864,1.0577602020605836,1.1651258875255976e-05
67,0.27105123246676405,0.9999817348332731,0.9997363338884584,0.427219381256864,1.0577749588744563,8.398530868536369e-06
67,0.2710689265847319,1.0,0.9998980345982748,0.42744756054649047,1.0577097499437316,1.2235678084060453e-05
67,0.27094782075739227,1.0,0.9984324426601894,0.4254552336613134,1.0581718365808537,1.56216637225981e-06
67,0.27079540800315055,1.0,1.0,0.3922435669289174,1.0587669476553523,1.0994585313284233e-06
67,0.2709715829502844,1.0,0.9994128335693089,0.41955651881773154,1.0580815107101502,4.029959885576417e-06
67,0.2710866442294456,1.0,1.0,0.42744756054649047,1.057681956190806,5.3570777878153564e-05
67,0.2710775249627475,0.9999927160120821,1.0,0.42744756054649047,1.0576876751063728,2.3710221189521263e-05
67,0.2710306973786349,0.9999636703826641,0.9995908032496236,0.42701401989620014,1.057846703772604,1.1708833306478539e-05
67,0.27094742407178724,1.0,0.998427497684354,0.4254262870602046,1.0581741011247483,2.277476442547055e-06
67,0.2710666648975261,1.0,1.0,0.42744756054649047,1.0577063393306096,2.438313980368534e-05
67,0.2711678688574524,0.9999636703826641,0.9981800016437941,0.42744756054649047,1.058207430119926,0.0008958428299459253
67,0.2709394814331078,0.9999979928388212,1.0,0.42744756054649047,1.058202844141814,0.0005193120663595785
67,0.2710626607245715,0.9999764580065339,0.9998980345982748,0.42744756054649047,1.0577282338928218,6.269986363438562e-06
67,0.2710746047685234,0.9999799283882121,1.0,0.42193658983863824,1.0578610888744964,0.00018573013634570756
67,0.27085116997294173,0.9999961863937603,0.9981475626023142,0.4183243495043215,1.0585478728820716,6.832406418788572e-05
67,0.27106157908250517,0.9999927160120821,0.9994172840475607,0.42744756054649047,1.0578465883616899,0.00012040372955612888
67,0.2707114368441047,1.0,0.9988758091935883,0.39083514351258775,1.0591603942408587,6.613067991678712e-05
67,0.27107665291192534,0.9999927160120821,1.0,0.42744756054649047,1.0576876751063728,2.0307727035762113e-05
67,0.27105591112637484,0.9999857491556307,1.0,0.4209909941750591,1.057884816542003,0.00013651416462123755
67,0.27107800781053387,1.0,1.0,0.42744756054649047,1.057681956190806,1.987523086754983e-05
67,0.2709620959391385,0.9999965296183218,0.9985847479159187,0.42562841440883314,1.058127243799289,1.2717303636167188e-05
67,0.27104957068850877,0.9999844768161595,0.9997363338884584,0.427219381256864,1.0577730454062948,2.3880903032846845e-07
67,0.27076012966684104,0.9999725801711368,0.9984324426601894,0.3918533803436561,1.059283913370426,0.0003801146652575582
67,0.27079540800315055,0.9999598567764243,1.0,0.42744756054649047,1.058765848196821,0.0010523731110392287
67,0.27094595769178653,1.0,0.9983357288228014,0.4254262870602046,1.0581993801982243,2.1829644055282316e-05
67,0.27085288715335193,1.0,0.9971622267173593,0.423838554224209,1.0585746731825703,3.351138887941474e-05
67,0.2710775249627475,0.9999779212270334,0.9985685778449369,0.4256055964798705,1.0581469781052422,0.0004830132200588366
67,0.2709226907153277,0.9999799283882121,0.9995908032496236,0.4254262870602046,1.0582684273722094,0.00039865364800428793
67,0.2711707050383406,0.9999934444108739,1.0,0.42744756054649047,1.0576871032110668,0.0003865743682198719
68,0.2710666648975261,0.9999776982091246,1.0,0.42744756054649047,1.0577063393306096,6.872955014225468e-06
68,0.2710756785424639,1.0,1.0,0.42744756054649047,1.057681956190806,1.0787073205564823e-05
68,0.2710591627222684,0.9999776982091246,0.9998867051091942,0.42744756054649047,1.0577356137451688,5.265071961746415e-06
68,0.27106989553008987,0.9999941368591788,1.0,0.42744756054649047,1.0576937335024212,7.173959708506317e-06
68,0.2710626607245715,0.9999764580065339,0.9998980345982748,0.42744756054649047,1.0577282338928218,6.269986363438562e-06
68,0.27104957068850877,0.9999844768161595,0.9997363338884584,0.427219381256864,1.0577730454062948,2.3880903032846845e-07
68,0.27107665291192534,0.9999979928388212,1.0,0.42744756054649047,1.0576835320754545,1.6164696117426658e-05
68,0.2710756785424639,0.9999957626597337,1.0,0.42744756054649047,1.0576852830658166,1.4113948216154526e-05
68,0.27107800781053387,1.0,1.0,0.42744756054649047,1.057681956190806,1.987523086754983e-05
68,0.2710689265847319,1.0,0.9998980345982748,0.42744756054649047,1.0577097499437316,1.2235678084060453e-05
68,0.27105286177787596,0.9999799283882121,0.9998382992901835,0.427219381256864,1.0577602020605836,1.1651258875255976e-05
68,0.2709595604900472,0.9999957626597337,0.9985891983941705,0.42565446634983106,1.0581258124021784,1.3848146431794106e-06
68,0.27085116997294173,1.0,0.997899047896732,0.4183243495043215,1.0585478728820716,1.0063903801427188e-06
68,0.27097193996732893,1.0,0.9994172840475607,0.41958257075872946,1.0580794630749506,3.376386719544655e-06
68,0.27105123246676405,0.9999817348332731,0.9997363338884584,0.427219381256864,1.0577749588744563,8.398530868536369e-06
68,0.27108234474150317,1.0,1.0,0.42744756054649047,1.057681956190806,3.6796315940224034e-05
68,0.27079540800315055,1.0,1.0,0.3922435669289174,1.0587669476553523,1.0994585313284233e-06
68,0.27107665291192534,0.9999927160120821,1.0,0.42744756054649047,1.0576876751063728,2.0307727035762113e-05
68,0.2710306973786349,0.9999636703826641,0.9995908032496236,0.42701401989620014,1.057846703772604,1.1708833306478539e-05
68,0.27094782075739227,1.0,0.9984324426601894,0.4254552336613134,1.0581718365808537,1.56216637225981e-06
68,0.2707739959825061,0.9999837419944518,0.9998544693611652,0.39203820556825353,1.0588495723226672,1.8970206967283687e-05
68,0.27105687174090837,0.9999897536428985,0.9997363338884584,0.427219381256864,1.0577686646666862,2.4110906271079813e-05
68,0.270971269732235,0.9999907088509032,0.9987302785547534,0.425833775769497,1.0580854315200454,6.72772881515904e-06
68,0.2712852793865884,0.999998193554939,1.0,0.42744756054649047,1.057683374486705,0.0008293848693610162
68,0.2710626607245715,0.9999855484395128,0.9997363338884584,0.427219381256864,1.0577719654462432,5.000153978484967e-05
68,0.27107888474304914,1.0,1.0,0.42744756054649047,1.057681956190806,2.3296737734268547e-05
68,0.2711234875897068,0.9999462961947843,1.0,0.42744756054649047,1.057724122897927,0.00023946012529463268
68,0.2710359020897715,0.9999689472094031,0.9995908032496236,0.42701401989620014,1.0578308538881305,4.463979694335762e-06
68,0.2709590592893041,1.0,0.9984872329924452,0.42565446634983106,1.058150548616239,2.4163785610209487e-05
68,0.2709676727704912,1.0,0.9985891983941705,0.42565446634983106,1.0581224929008126,2.9743638524815097e-05
68,0.2708025319142634,0.9999799283882121,0.9997363338884584,0.3955357870010482,1.0587566902340213,1.8694634111859898e-05
68,0.27106185099083524,0.9999957626597337,0.9998382992901835,0.427219381256864,1.057736122052224,1.0998449366139695e-05
68,0.27085116997294173,0.9999837419944518,0.9998980345982748,0.42744756054649047,1.0585478728820716,0.0008253580907782165
68,0.27107635884643555,0.9999900856474289,1.0,0.42742474261752783,1.05769041232313,2.1897578996510347e-05
68,0.27105123246676405,1.0,1.0,0.42744756054649047,1.0577665603435877,8.460415278177535e-05
68,0.2707925004338432,0.9999852052149513,1.0,0.3922435669289174,1.0587780588588664,8.424185837796472e-07
68,0.27106901859757454,0.9999968788420652,1.0,0.42744756054649047,1.05769715523622,1.2748524546024598e-05
68,0.27114831357904445,0.9999565104150051,1.0,0.42744756054649047,1.0577161026326485,0.0003282617893851647
68,0.27104114574177285,0.9999587405940926,0.9997465304286308,0.427219381256864,1.0578059248479346,1.5699392880152985e-05
68,0.2712592682611987,0.9999788122058805,1.0,0.42744756054649047,1.0576985917058228,0.0007432600708681125
69,0.2710666648975261,0.9999776982091246,1.0,0.42744756054649047,1.0577063393306096,6.872955014225468e-06
69,0.2710756785424639,1.0,1.0,0.42744756054649047,1.057681956190806,1.0787073205564823e-05
69,0.2710591627222684,0.9999776982091246,0.9998867051091942,0.42744756054649047,1.0577356137451688,5.265071961746415e-06
69,0.27106989553008987,0.9999941368591788,1.0,0.42744756054649047,1.0576937335024212,7.173959708506317e-06
69,0.2710626607245715,0.9999764580065339,0.9998980345982748,0.42744756054649047,1.0577282338928218,6.269986363438562e-06
69,0.27104957068850877,0.9999844768161595,0.9997363338884584,0.427219381256864,1.0577730454062948,2.3880903032846845e-07
69,0.27107665291192534,0.9999979928388212,1.0,0.42744756054649047,1.0576835320754545,1.6164696117426658e-05
69,0.2710756785424639,0.9999957626597337,1.0,0.42744756054649047,1.0576852830658166,1.4113948216154526e-05
69,0.27107800781053387,1.0,1.0,0.42744756054649047,1.057681956190806,1.987523086754983e-05
69,0.2710689265847319,1.0,0.9998980345982748,0.42744756054649047,1.0577097499437316,1.2235678084060453e-05
69,0.27106901859757454,0.9999968788420652,1.0,0.42744756054649047,1.05769715523622,1.2748524546024598e-05
69,0.27106185099083524,0.9999957626597337,0.9998382992901835,0.427219381256864,1.057736122052224,1.0998449366139695e-05
69,0.2709595604900472,0.9999957626597337,0.9985891983941705,0.42565446634983106,1.0581258124021784,1.3848146431794106e-06
69,0.27085116997294173,1.0,0.997899047896732,0.4183243495043215,1.0585478728820716,1.0063903801427188e-06
69,0.27097193996732893,1.0,0.9994172840475607,0.41958257075872946,1.0580794630749506,3.376386719544655e-06
69,0.27105123246676405,0.9999817348332731,0.9997363338884584,0.427219381256864,1.0577749588744563,8.398530868536369e-06
69,0.2710359020897715,0.9999689472094031,0.9995908032496236,0.42701401989620014,1.0578308538881305,4.463979694335762e-06
69,0.2707925004338432,0.9999852052149513,1.0,0.3922435669289174,1.0587780588588664,8.424185837796472e-07
69,0.27107888474304914,1.0,1.0,0.42744756054649047,1.057681956190806,2.3296737734268547e-05
69,0.27079540800315055,1.0,1.0,0.3922435669289174,1.0587669476553523,1.0994585313284233e-06
69,0.2709710630348136,1.0,0.9994172840475607,0.41958257075872946,1.0580795108963745,4.782142393189304e-08
69,0.2710570732412867,0.9999921241002506,0.9997336883263864,0.42705737396122917,1.0577723443587124,2.8576912133093657e-05
69,0.27106819782436925,1.0,0.9998442728209926,0.4272421991858266,1.0577304900103965,3.0132150305117733e-05
69,0.27103229833411235,0.9999678310270714,0.9994990343880709,0.42744756054649047,1.057843821648639,3.366450389119535e-06
69,0.2710714644611319,0.9999916748552055,1.0,0.42744756054649047,1.0576884925621273,8.808716371877523e-07
69,0.27105001305801635,0.9999799283882121,0.9997363338884584,0.427219381256864,1.0577763768221051,5.057763410309946e-06
69,0.27114554619152575,0.9999817917942773,1.0,0.42744756054649047,1.057696252250862,0.0002976194106674157
69,0.2711753578924746,0.9999776982091246,1.0,0.42744756054649047,1.0576994663755954,0.000417078801765447
69,0.2713114340988674,1.0,0.9998544693611652,0.42744756054649047,1.05772162669463,0.0009695189312863839
69,0.27080699069307657,0.9999824473531898,0.9998980345982748,0.42744756054649047,1.0587205637067594,0.0009970324200299086
69,0.2709864218056868,1.0,0.9988656126534157,0.42603913713016084,1.0580346517713592,1.510993397002558e-05
69,0.271089723846637,1.0,1.0,0.42744756054649047,1.057681956190806,6.558558426594807e-05
69,0.2713067919295095,0.999956386394746,0.9998980345982748,0.42744756054649047,1.0577439937660222,0.0009738045451501698
69,0.27106643994658336,1.0,0.9998544693611652,0.4272421991858266,1.0577277079864855,2.049089307587515e-05
69,0.27107047383132726,1.0,1.0,0.42744756054649047,1.0576914770206143,9.520829808318254e-06
69,0.27078729572270654,0.999983741994452,1.0,0.3922435669289174,1.05879756683942,1.8409052449763763e-05
69,0.27086871529244555,0.9999965296183218,0.9980071777053335,0.4192366706085384,1.0584896885290664,1.0382297636724047e-05
69,0.27106417230513863,1.0,1.0,0.427219381256864,1.0577160655542468,2.7385391815792914e-05
69,0.2708519592122055,0.9999975322154022,0.997899047896732,0.4183243495043215,1.0585487821837614,3.9938189413391e-06
69,0.2710777968725075,1.0,1.0,0.42744756054649047,1.057681956190806,1.905221565312587e-05
70,0.2710756785424639,1.0,1.0,0.42744756054649047,1.057681956190806,1.0787073205564823e-05
70,0.27104957068850877,0.9999844768161595,0.9997363338884584,0.427219381256864,1.0577730454062948,2.3880903032846845e-07
70,0.2709710630348136,1.0,0.9994172840475607,0.41958257075872946,1.0580795108963745,4.782142393189304e-08
70,0.2710714644611319,0.9999916748552055,1.0,0.42744756054649047,1.0576884925621273,8.808716371877523e-07
70,0.27107665291192534,0.9999979928388212,1.0,0.42744756054649047,1.0576835320754545,1.6164696117426658e-05
70,0.2710756785424639,0.9999957626597337,1.0,0.42744756054649047,1.0576852830658166,1.4113948216154526e-05
70,0.2710777968725075,1.0,1.0,0.42744756054649047,1.057681956190806,1.905221565312587e-05
70,0.2707925004338432,0.9999852052149513,1.0,0.3922435669289174,1.0587780588588664,8.424185837796472e-07
70,0.2710666648975261,0.9999776982091246,1.0,0.42744756054649047,1.0577063393306096,6.872955014225468e-06
70,0.2710591627222684,0.9999776982091246,0.9998867051091942,0.42744756054649047,1.0577356137451688,5.265071961746415e-06
70,0.27106989553008987,0.9999941368591788,1.0,0.42744756054649047,1.0576937335024212,7.173959708506317e-06
70,0.2710626607245715,0.9999764580065339,0.9998980345982748,0.42744756054649047,1.0577282338928218,6.269986363438562e-06
70,0.2709595604900472,0.9999957626597337,0.9985891983941705,0.42565446634983106,1.0581258124021784,1.3848146431794106e-06
70,0.27085116997294173,1.0,0.997899047896732,0.4183243495043215,1.0585478728820716,1.0063903801427188e-06
70,0.2710359020897715,0.9999689472094031,0.9995908032496236,0.42701401989620014,1.0578308538881305,4.463979694335762e-06
70,0.27103229833411235,0.9999678310270714,0.9994990343880709,0.42744756054649047,1.057843821648639,3.366450389119535e-06
70,0.27105001305801635,0.9999799283882121,0.9997363338884584,0.427219381256864,1.0577763768221051,5.057763410309946e-06
70,0.27107047383132726,1.0,1.0,0.42744756054649047,1.0576914770206143,9.520829808318254e-06
70,0.27107800781053387,1.0,1.0,0.42744756054649047,1.057681956190806,1.987523086754983e-05
70,0.27079540800315055,1.0,1.0,0.3922435669289174,1.0587669476553523,1.0994585313284233e-06
70,0.271006971102712,1.0,0.9990985556300922,0.4262239623547583,1.0579650747462308,2.5757995506303644e-05
70,0.27106526912019063,0.9999947231732609,1.0,0.42744756054649047,1.0577117857034901,2.5686498397181623e-05
70,0.2709642300957613,1.0,0.9985891983941705,0.42565446634983106,1.0581224929008126,1.6300280502923314e-05
70,0.2708141582998159,0.9999826279976959,1.0,0.3957639662906747,1.0586925426731948,2.5474636980549192e-05
70,0.27104571758074947,0.999985256395331,0.999651096350989,0.42744756054649047,1.0577886597315709,5.773287494736934e-07
70,0.27086841611875734,1.0,0.9981091431070588,0.4192366706085384,1.0584804753199537,2.2223505508289776e-05
70,0.2708067909030502,0.9999968766564896,1.0,0.3924489282895812,1.0587626743500906,4.1329563182257445e-05
70,0.2709607798987949,0.9999975691047946,0.9985891983941705,0.42565446634983106,1.058124397242893,4.731548126635232e-06
70,0.2710509046248405,0.9999724357578971,0.9997363338884584,0.427219381256864,1.0577822581281948,1.4418393110560146e-05
70,0.2710591627222684,0.999991964932369,0.9998673114634097,0.42744756054649047,1.0577356137451688,1.1179551385076536e-05
70,0.27082070898423,0.9999904982996959,1.0,0.38951276127990714,1.058862422794345,0.00019548806206071134
70,0.2709644722977514,1.0,0.9998980345982748,0.41958257075872946,1.0581052468305445,0.00016068694654558513
70,0.27103351774286005,0.9999696374721324,0.9994990343880709,0.42744756054649047,1.0578424032666098,6.707405547201617e-06
70,0.27105654590989176,0.9999643829025808,0.9998867051091942,0.42744756054649047,1.0577458252515013,5.021732584431504e-06
70,0.2708330945841212,1.0,1.0,0.3957639662906747,1.0586539620585556,3.544173826663943e-05
70,0.27078310626428703,0.9999860233539192,0.9998690224250486,0.3920587417043199,1.058823741276433,9.793103532551584e-06
70,0.27107368820328864,0.9999978158832542,1.0,0.42744756054649047,1.0576836710090753,4.736016562478795e-06
70,0.27125700657399293,0.9999565104150051,1.0,0.42744756054649047,1.0577161026326485,0.0007519583134723007
70,0.27107800781053387,1.0,0.9974765689412619,0.4112458586953366,1.0588996471194418,0.0012375661595034337
70,0.27096850676768625,0.9999802716127736,0.9993735902410794,0.42036906973750554,1.0580894926241189,6.511510011186772e-06
71,0.2710756785424639,1.0,1.0,0.42744756054649047,1.057681956190806,1.0787073205564823e-05
71,0.27104957068850877,0.9999844768161595,0.9997363338884584,0.427219381256864,1.0577730454062948,2.3880903032846845e-07
71,0.2709710630348136,1.0,0.9994172840475607,0.41958257075872946,1.0580795108963745,4.782142393189304e-08
71,0.2710714644611319,0.9999916748552055,1.0,0.42744756054649047,1.0576884925621273,8.808716371877523e-07
71,0.27107368820328864,0.9999978158832542,1.0,0.42744756054649047,1.0576836710090753,4.736016562478795e-06
71,0.27107665291192534,0.9999979928388212,1.0,0.42744756054649047,1.0576835320754545,1.6164696117426658e-05
71,0.2710777968725075,1.0,1.0,0.42744756054649047,1.057681956190806,1.905221565312587e-05
71,0.27104571758074947,0.999985256395331,0.999651096350989,0.42744756054649047,1.0577886597315709,5.773287494736934e-07
71,0.2710756785424639,0.9999957626597337,1.0,0.42744756054649047,1.0576852830658166,1.4113948216154526e-05
71,0.2710666648975261,0.9999776982091246,1.0,0.42744756054649047,1.0577063393306096,6.872955014225468e-06
71,0.2710591627222684,0.9999776982091246,0.9998867051091942,0.42744756054649047,1.0577356137451688,5.265071961746415e-06
71,0.27106989553008987,0.9999941368591788,1.0,0.42744756054649047,1.0576937335024212,7.173959708506317e-06
71,0.2710626607245715,0.9999764580065339,0.9998980345982748,0.42744756054649047,1.0577282338928218,6.269986363438562e-06
71,0.27107047383132726,1.0,1.0,0.42744756054649047,1.0576914770206143,9.520829808318254e-06
71,0.27105654590989176,0.9999643829025808,0.9998867051091942,0.42744756054649047,1.0577458252515013,5.021732584431504e-06
71,0.27107800781053387,1.0,1.0,0.42744756054649047,1.057681956190806,1.987523086754983e-05
71,0.2707925004338432,0.9999852052149513,1.0,0.3922435669289174,1.0587780588588664,8.424185837796472e-07
71,0.2710591627222684,0.999991964932369,0.9998673114634097,0.42744756054649047,1.0577356137451688,1.1179551385076536e-05
71,0.2709595604900472,0.9999957626597337,0.9985891983941705,0.42565446634983106,1.0581258124021784,1.3848146431794106e-06
71,0.27085116997294173,1.0,0.997899047896732,0.4183243495043215,1.0585478728820716,1.0063903801427188e-06
71,0.2710451971096358,1.0,0.999651096350989,0.42744756054649047,1.0577901136070083,1.3029685307808236e-05
71,0.27086152226323146,1.0,0.9986443249847832,0.41285964347233006,1.0585095180188608,2.1026913863408936e-06
71,0.2709710630348136,0.9999869052983109,1.0,0.42744756054649047,1.0580795108963745,0.00038727353413725574
71,0.2709874022881055,0.9999916748552055,0.9989032116782803,0.42565446634983106,1.0580426502098688,2.6936482372619253e-05
71,0.27128335850919316,0.9999665163141975,0.9995491309492638,0.42744756054649047,1.0578311869907733,0.0009697141022755318
71,0.27107665291192534,0.9999903232529391,1.0,0.42744756054649047,1.0576895537640643,2.2186384727174158e-05
71,0.270930459691651,0.9999927684391321,0.9983040725709961,0.42540284031330644,1.0582380813478642,2.3582392907783856e-05
71,0.271051477185548,0.9999844768161595,0.9997363338884584,0.427219381256864,1.0577728065972645,7.201258047428993e-06
71,0.2710693427204214,0.9999849297699925,1.0,0.42744756054649047,1.0576958905273144,2.1020757983158944e-06
71,0.2709698436260659,0.999998193554939,0.9994172840475607,0.41958257075872946,1.058084272427729,3.4048418537935277e-06
71,0.2710468863828524,0.9999624281684519,0.9997672854262629,0.42744756054649047,1.0577835210335798,8.623292035769836e-06
71,0.2710839005274434,1.0,1.0,0.42744756054649047,1.057681956190806,4.286627974181556e-05
71,0.2712212390925493,1.0,0.9994172840475607,0.42744756054649047,1.057840869446123,0.0007373372773609166
71,0.2709827790709167,1.0,0.9995090529091134,0.41958257075872946,1.05805370183524,1.9937379825307744e-05
71,0.27105395801113175,0.9999762349886253,0.9998867051091942,0.42744756054649047,1.0577559241230308,2.4426579296799034e-05
71,0.2710722761653508,1.0,1.0,0.42744756054649047,1.057684444529666,2.4883388600738243e-06
71,0.2710454743449146,0.9999852052149513,0.999784739707469,0.42744756054649047,1.0577890316603842,3.6777125584697146e-05
71,0.2710546502393478,0.9999509196481864,0.9998980345982748,0.42744756054649047,1.0577532227914246,4.936523440912666e-06
71,0.2713146087227874,0.9999838023676298,0.9999082311384473,0.42744756054649047,1.057719687758615,0.0009799449413472328
71,0.27085116997294173,0.9999980342949288,1.0,0.42744756054649047,1.0585478728820716,0.0008643733551603194
72,0.2710756785424639,1.0,1.0,0.42744756054649047,1.057681956190806,1.0787073205564823e-05
72,0.27104957068850877,0.9999844768161595,0.9997363338884584,0.427219381256864,1.0577730454062948,2.3880903032846845e-07
72,0.2709710630348136,1.0,0.9994172840475607,0.41958257075872946,1.0580795108963745,4.782142393189304e-08
72,0.2710714644611319,0.9999916748552055,1.0,0.42744756054649047,1.0576884925621273,8.808716371877523e-07
72,0.27107368820328864,0.9999978158832542,1.0,0.42744756054649047,1.0576836710090753,4.736016562478795e-06
72,0.2710722761653508,1.0,1.0,0.42744756054649047,1.057684444529666,2.4883388600738243e-06
72,0.27107665291192534,0.9999979928388212,1.0,0.42744756054649047,1.0576835320754545,1.6164696117426658e-05
72,0.2710777968725075,1.0,1.0,0.42744756054649047,1.057681956190806,1.905221565312587e-05
72,0.27104571758074947,0.999985256395331,0.999651096350989,0.42744756054649047,1.0577886597315709,5.773287494736934e-07
72,0.2710693427204214,0.9999849297699925,1.0,0.42744756054649047,1.0576958905273144,2.1020757983158944e-06
72,0.2710756785424639,0.9999957626597337,1.0,0.42744756054649047,1.0576852830658166,1.4113948216154526e-05
72,0.27106989553008987,0.9999941368591788,1.0,0.42744756054649047,1.0576937335024212,7.173959708506317e-06
72,0.27107047383132726,1.0,1.0,0.42744756054649047,1.0576914770206143,9.520829808318254e-06
72,0.27107800781053387,1.0,1.0,0.42744756054649047,1.057681956190806,1.987523086754983e-05
72,0.2707925004338432,0.9999852052149513,1.0,0.3922435669289174,1.0587780588588664,8.424185837796472e-07
72,0.2710666648975261,0.9999776982091246,1.0,0.42744756054649047,1.0577063393306096,6.872955014225468e-06
72,0.27085116997294173,1.0,0.997899047896732,0.4183243495043215,1.0585478728820716,1.0063903801427188e-06
72,0.2709595604900472,0.9999957626597337,0.9985891983941705,0.42565446634983106,1.0581258124021784,1.3848146431794106e-06
72,0.2709698436260659,0.999998193554939,0.9994172840475607,0.41958257075872946,1.058084272427729,3.4048418537935277e-06
72,0.2710546502393478,0.9999509196481864,0.9998980345982748,0.42744756054649047,1.0577532227914246,4.936523440912666e-06
72,0.271095448357695,1.0,1.0,0.42744756054649047,1.057681956190806,8.791844386601966e-05
72,0.27107797840518905,1.0,1.0,0.42744756054649047,1.057681956190806,1.976050034513399e-05
72,0.27105242366474464,0.9999335258924924,0.9999082311384473,0.42744756054649047,1.0577619117617048,2.7471949137769514e-06
72,0.27099293244969525,0.9999916748552055,0.9990442918388633,0.425833775769497,1.057998390831127,4.26806464570717e-06
72,0.27087434216528594,1.0,0.9982130611808419,0.4183243495043215,1.0584580717047163,7.532643440111286e-07
72,0.2709397580847275,0.9999533967881623,0.9984974295326178,0.42565446634983106,1.0582017636302947,1.7510681439514286e-05
72,0.27105068621719053,0.999985256395331,0.999651096350989,0.42744756054649047,1.0577886597315709,1.9967666649467475e-05
72,0.27116977536736564,0.9999985367795007,1.0,0.42744756054649047,1.0576831050100899,0.00037895134729915014
72,0.2710614601863895,0.9999724213823855,1.0,0.42744756054649047,1.057726648584236,2.3039009553693646e-05
72,0.2710693427204214,0.9999862609594296,1.0,0.39737775106766815,1.0586129010736782,0.0009170105463638389
72,0.27107308656175305,0.9999916748552055,1.0,0.42744756054649047,1.0576884925621273,7.210071438557009e-06
72,0.2708656798551233,0.9999941368591788,0.9981475626023142,0.417968785981736,1.0584925212261251,1.353220324906701e-06
72,0.27096526272988547,1.0,1.0,0.42565446634983106,1.0581021602342155,0.00036726127020259014
72,0.27107800781053387,1.0,1.0,0.42744756054649047,1.057681956190806,1.987523086754983e-05
72,0.2711679160362469,0.9999947231732609,1.0,0.42744756054649047,1.057686099205093,0.0003746958700829861
72,0.27082472788000655,0.9999886503985274,1.0,0.3957639662906747,1.0586625244985612,1.1299823812427334e-05
72,0.27132923280437243,1.0,1.0,0.42744756054649047,1.057681956190806,0.000999169448622439
72,0.2711772464761061,0.9999849297699925,1.0,0.42565446634983106,1.057746704999846,0.0004716807510354304
72,0.27105483561818966,0.999994223386113,0.9996859867158902,0.42744756054649047,1.0577721035768015,1.9604200128808813e-05
72,0.27087248971898803,0.9999902065967317,0.9981091431070588,0.4192366706085384,1.0584658629599712,1.3059279801996837e-06
73,0.2710756785424639,1.0,1.0,0.42744756054649047,1.057681956190806,1.0787073205564823e-05
73,0.27104957068850877,0.9999844768161595,0.9997363338884584,0.427219381256864,1.0577730454062948,2.3880903032846845e-07
73,0.2709710630348136,1.0,0.9994172840475607,0.41958257075872946,1.0580795108963745,4.782142393189304e-08
73,0.2710714644611319,0.9999916748552055,1.0,0.42744756054649047,1.0576884925621273,8.808716371877523e-07
73,0.27107368820328864,0.9999978158832542,1.0,0.42744756054649047,1.0576836710090753,4.736016562478795e-06
73,0.2710722761653508,1.0,1.0,0.42744756054649047,1.057684444529666,2.4883388600738243e-06
73,0.27107665291192534,0.9999979928388212,1.0,0.42744756054649047,1.0576835320754545,1.6164696117426658e-05
73,0.2710777968725075,1.0,1.0,0.42744756054649047,1.057681956190806,1.905221565312587e-05
73,0.27104571758074947,0.999985256395331,0.999651096350989,0.42744756054649047,1.0577886597315709,5.773287494736934e-07
73,0.2710693427204214,0.9999849297699925,1.0,0.42744756054649047,1.0576958905273144,2.1020757983158944e-06
73,0.2710756785424639,0.9999957626597337,1.0,0.42744756054649047,1.0576852830658166,1.4113948216154526e-05
73,0.27106989553008987,0.9999941368591788,1.0,0.42744756054649047,1.0576937335024212,7.173959708506317e-06
73,0.27107308656175305,0.9999916748552055,1.0,0.42744756054649047,1.0576884925621273,7.210071438557009e-06
73,0.27107797840518905,1.0,1.0,0.42744756054649047,1.057681956190806,1.976050034513399e-05
73,0.2709595604900472,0.9999957626597337,0.9985891983941705,0.42565446634983106,1.0581258124021784,1.3848146431794106e-06
73,0.27087434216528594,1.0,0.9982130611808419,0.4183243495043215,1.0584580717047163,7.532643440111286e-07
73,0.2710666648975261,0.9999776982091246,1.0,0.42744756054649047,1.0577063393306096,6.872955014225468e-06
73,0.2710546502393478,0.9999509196481864,0.9998980345982748,0.42744756054649047,1.0577532227914246,4.936523440912666e-06
73,0.27105242366474464,0.9999335258924924,0.9999082311384473,0.42744756054649047,1.0577619117617048,2.7471949137769514e-06
73,0.27107047383132726,1.0,1.0,0.42744756054649047,1.0576914770206143,9.520829808318254e-06
73,0.27107651851463,1.0,1.0,0.42744756054649047,1.057681956190806,1.406442952012199e-05
73,0.2710454022718214,0.9999779921719292,0.9996859867158902,0.42744756054649047,1.057789312934763,4.4653985395992635e-06
73,0.2710755977699281,1.0,1.0,0.42744756054649047,1.057681956190806,1.0471918382659595e-05
73,0.27098960412935047,0.9999979928388212,0.998916199419953,0.42744756054649047,1.0580071171518628,2.78720911215391e-05
73,0.27107368820328864,1.0,1.0,0.42744756054649047,1.057681956190806,3.0211982930961057e-06
73,0.27108507146009675,1.0,1.0,0.42744756054649047,1.057681956190806,4.74346764247624e-05
73,0.2710622733693926,0.9999675741503611,0.9999082311384473,0.42744756054649047,1.057732429630536,8.954211339284868e-06
73,0.27096470840213405,0.9999954136545477,0.99861867440613,0.42603913713016084,1.0581060683235441,1.7434702068719332e-06
73,0.27125688128192404,0.9999957626597337,1.0,0.42744756054649047,1.0576852830658166,0.0007206505406884833
73,0.2710608503803551,1.0,0.9997428652125417,0.42744756054649047,1.0577520569295944,2.3028776011457808e-05
73,0.27106012154103754,0.9999961863937603,0.9992547229119488,0.42744756054649047,1.0578882289639309,0.00015635673835467934
73,0.27097702610782853,0.9999916748552055,0.9994755556428047,0.42036906973750554,1.05805622698391,1.0666344891330226e-05
73,0.2708957576659136,1.0,0.9983917550627577,0.4192366706085384,1.0583786263655806,4.983629394494926e-06
73,0.27087234079734485,0.9999944730747561,0.9982130611808419,0.4183243495043215,1.05846513896029,2.77680037719108e-06
73,0.27089983780513066,1.0,0.9983917550627577,0.4192366706085384,1.0583786263655806,2.0924250935916433e-05
73,0.2710758671202243,0.9999991674855205,1.0,0.42744756054649047,1.0576826098230407,1.2176489343707075e-05
73,0.27108815554895804,0.9999989006354489,1.0,0.42744756054649047,1.0576828193353132,6.033021249307602e-05
73,0.2709627938823329,0.9999864367929933,0.9987375055380372,0.42540284031330644,1.058111801015083,1.1715718449600843e-05
73,0.27103760530030546,0.9999651847835431,0.999651096350989,0.42744756054649047,1.0578197424875304,1.5323160087898913e-05
73,0.2710635745549036,0.9999760309524622,1.0,0.42744756054649047,1.0577183980329854,1.762258440196618e-05
74,0.27104957068850877,0.9999844768161595,0.9997363338884584,0.427219381256864,1.0577730454062948,2.3880903032846845e-07
74,0.2709710630348136,1.0,0.9994172840475607,0.41958257075872946,1.0580795108963745,4.782142393189304e-08
74,0.2710714644611319,0.9999916748552055,1.0,0.42744756054649047,1.0576884925621273,8.808716371877523e-07
74,0.2710722761653508,1.0,1.0,0.42744756054649047,1.057684444529666,2.4883388600738243e-06
74,0.27107368820328864,1.0,1.0,0.42744756054649047,1.057681956190806,3.0211982930961057e-06
74,0.27104571758074947,0.999985256395331,0.999651096350989,0.42744756054649047,1.0577886597315709,5.773287494736934e-07
74,0.2710693427204214,0.9999849297699925,1.0,0.42744756054649047,1.0576958905273144,2.1020757983158944e-06
74,0.27107368820328864,0.9999978158832542,1.0,0.42744756054649047,1.0576836710090753,4.736016562478795e-06
74,0.2710755977699281,1.0,1.0,0.42744756054649047,1.057681956190806,1.0471918382659595e-05
74,0.2709595604900472,0.9999957626597337,0.9985891983941705,0.42565446634983106,1.0581258124021784,1.3848146431794106e-06
74,0.27087434216528594,1.0,0.9982130611808419,0.4183243495043215,1.0584580717047163,7.532643440111286e-07
74,0.27096470840213405,0.9999954136545477,0.99861867440613,0.42603913713016084,1.0581060683235441,1.7434702068719332e-06
74,0.27105242366474464,0.9999335258924924,0.9999082311384473,0.42744756054649047,1.0577619117617048,2.7471949137769514e-06
74,0.27106989553008987,0.9999941368591788,1.0,0.42744756054649047,1.0576937335024212,7.173959708506317e-06
74,0.27107308656175305,0.9999916748552055,1.0,0.42744756054649047,1.0576884925621273,7.210071438557009e-06
74,0.2710666648975261,0.9999776982091246,1.0,0.42744756054649047,1.0577063393306096,6.872955014225468e-06
74,0.2710546502393478,0.9999509196481864,0.9998980345982748,0.42744756054649047,1.0577532227914246,4.936523440912666e-06
74,0.2710756785424639,1.0,1.0,0.42744756054649047,1.057681956190806,1.0787073205564823e-05
74,0.27087234079734485,0.9999944730747561,0.9982130611808419,0.4183243495043215,1.05846513896029,2.77680037719108e-06
74,0.27107651851463,1.0,1.0,0.42744756054649047,1.057681956190806,1.406442952012199e-05
74,0.2711271021398778,0.9999917049885174,1.0,0.42744756054649047,1.0576884689031814,0.00021790406219923675
74,0.2711503846955738,0.9999961863937603,1.0,0.42744756054649047,1.0576849503770467,0.00030518613463148547
74,0.27117759280892806,0.9999954884614451,1.0,0.42744756054649047,1.0576854983488697,0.00041182439245468494
74,0.2710486895532617,0.9999456428214473,0.9998980345982748,0.42744756054649047,1.0577764840545754,2.405436559271834e-05
74,0.2710622733693926,0.9999675741503611,0.9999082311384473,0.42744756054649047,1.057732429630536,8.954211339284868e-06
74,0.27095013364486625,0.9999401733032431,0.9993346920721633,0.41958257075872946,1.058161241649924,1.2071461906959513e-05
74,0.27096089028778275,0.9999954136545477,0.99861867440613,0.42603913713016084,1.0581192346186863,1.3166295142141848e-05
74,0.27089367512755064,0.9999916748552055,0.9983917550627577,0.4192366706085384,1.058385096414223,3.3172617688315142e-06
74,0.2709596759043082,1.0,0.9991266519937937,0.42036906973750554,1.058136782218439,1.2805335046328636e-05
74,0.2712566921738958,0.9999957626597337,1.0,0.42744756054649047,1.0576852830658166,0.0007199136722439992
74,0.27098039347467273,0.9999902065967317,0.9994755556428047,0.42036906973750554,1.0580467033486518,3.6244135701579694e-06
74,0.2709738035727127,0.9999981520988315,0.9987302785547534,0.425833775769497,1.0580795991986545,1.0789362496765875e-05
74,0.27104392627549173,0.9999335258924924,0.999651096350989,0.42744756054649047,1.0578292781751357,3.4204944766136336e-05
74,0.2709442734729762,0.9999814427890913,0.9983813749057425,0.425833775769497,1.0581886267596243,4.498459759139095e-06
74,0.2710734551981933,0.9999947231732609,1.0,0.42744756054649047,1.057686099205093,6.2550694108765015e-06
74,0.2708725508600282,0.9999980342949288,1.0,0.4183243495043215,1.0584643181165911,0.000508958670996762
74,0.2710456021664885,0.9999756910479458,0.9991136427513658,0.42744756054649047,1.0579428354755023,0.00015430265463911574
74,0.2710614422595602,1.0,0.9997336883263864,0.42744756054649047,1.057754559422047,2.7840884353702577e-05
74,0.27087234079734485,0.999985256395331,1.0,0.42744756054649047,1.05846513896029,0.0007716069596135355
74,0.2708544735467993,0.9999346463779992,0.9981304692054445,0.42744756054649047,1.0585349619228352,0.00029119174848091234
75,0.27104957068850877,0.9999844768161595,0.9997363338884584,0.427219381256864,1.0577730454062948,2.3880903032846845e-07
75,0.2709710630348136,1.0,0.9994172840475607,0.41958257075872946,1.0580795108963745,4.782142393189304e-08
75,0.2710714644611319,0.9999916748552055,1.0,0.42744756054649047,1.0576884925621273,8.808716371877523e-07
75,0.2710722761653508,1.0,1.0,0.42744756054649047,1.057684444529666,2.4883388600738243e-06
75,0.27107368820328864,1.0,1.0,0.42744756054649047,1.057681956190806,3.0211982930961057e-06
75,0.27104571758074947,0.999985256395331,0.999651096350989,0.42744756054649047,1.0577886597315709,5.773287494736934e-07
75,0.2710693427204214,0.9999849297699925,1.0,0.42744756054649047,1.0576958905273144,2.1020757983158944e-06
75,0.27107368820328864,0.9999978158832542,1.0,0.42744756054649047,1.0576836710090753,4.736016562478795e-06
75,0.2710755977699281,1.0,1.0,0.42744756054649047,1.057681956190806,1.0471918382659595e-05
75,0.2709595604900472,0.9999957626597337,0.9985891983941705,0.42565446634983106,1.0581258124021784,1.3848146431794106e-06
75,0.27087434216528594,1.0,0.9982130611808419,0.4183243495043215,1.0584580717047163,7.532643440111286e-07
75,0.27096470840213405,0.9999954136545477,0.99861867440613,0.42603913713016084,1.0581060683235441,1.7434702068719332e-06
75,0.27105242366474464,0.9999335258924924,0.9999082311384473,0.42744756054649047,1.0577619117617048,2.7471949137769514e-06
75,0.2710546502393478,0.9999509196481864,0.9998980345982748,0.42744756054649047,1.0577532227914246,4.936523440912666e-06
75,0.2710734551981933,0.9999947231732609,1.0,0.42744756054649047,1.057686099205093,6.2550694108765015e-06
75,0.2710756785424639,1.0,1.0,0.42744756054649047,1.057681956190806,1.0787073205564823e-05
75,0.27087234079734485,0.9999944730747561,0.9982130611808419,0.4183243495043215,1.05846513896029,2.77680037719108e-06
75,0.27107651851463,1.0,1.0,0.42744756054649047,1.057681956190806,1.406442952012199e-05
75,0.27098039347467273,0.9999902065967317,0.9994755556428047,0.42036906973750554,1.0580467033486518,3.6244135701579694e-06
75,0.2710666648975261,0.9999776982091246,1.0,0.42744756054649047,1.0577063393306096,6.872955014225468e-06
75,0.27097237759955056,1.0,0.9986717903695679,0.42565446634983106,1.0580997719709857,2.5394121828448135e-05
75,0.2709710630348136,1.0,0.9994172840475607,0.42744756054649047,1.0580795108963745,0.00023864145025154215
75,0.27106672951453464,0.9999799283882121,1.0,0.42744756054649047,1.057706087194099,8.371872129098179e-06
75,0.2711189421476874,0.9999254296985741,1.0,0.42744756054649047,1.057740507901708,0.00023811588018851637
75,0.2708677076764667,1.0,0.9981865327700783,0.4179781458020247,1.058483243727957,6.602554597057164e-06
75,0.27104571758074947,1.0,0.9970104294688876,0.42744756054649047,1.0584992141807499,0.0007111317779284754
75,0.27097736623351604,1.0,0.9994755556428047,0.42036906973750554,1.0580548989316623,1.5817485617297677e-05
75,0.27121415714139535,0.9999419230154495,1.0,0.42744756054649047,1.0577275567939355,0.0005964215102371995
75,0.27117489930596655,0.9999985367795006,1.0,0.42744756054649047,1.0576831050100899,0.0003989294557440459
75,0.2710742800824937,1.0,0.9999908231138447,0.42744756054649047,1.0576844573964626,7.831801081437106e-06
75,0.27107493225811524,0.9999909732339511,1.0,0.4272421991858266,1.0576950930372369,2.101209215754629e-05
75,0.27116691063958,0.999982860792264,1.0,0.42744756054649047,1.057695412919322,0.00038008942549039304
75,0.2712307734279689,0.9999844768161595,1.0,0.42744756054649047,1.05769414408982,0.0006277713461644296
75,0.27098388014431696,1.0,0.9994998760229581,0.41958257075872946,1.0580562777463374,2.681233937407157e-05
75,0.27098192735743576,1.0,0.9987568069655169,0.4261799794717938,1.058060192845879,2.3102922873219356e-05
75,0.2709850265955509,0.9999898924920643,0.9995020840535682,0.42071527343980236,1.0580289749460414,3.985724337907115e-06
75,0.27097285434007135,1.0,0.9994172840475607,0.41958257075872946,1.0580794630749506,6.946766239135371e-06
75,0.2707916516006112,1.0,1.0,0.4113716808207774,1.058780535321341,0.0006152441314490886
75,0.27106842346603105,1.0,0.9998281027500111,0.427219381256864,1.0577355784622382,3.6101048723757856e-05
75,0.2710759961432674,1.0,1.0,0.42744756054649047,1.057681956190806,1.2026272606213695e-05
76,0.27104957068850877,0.9999844768161595,0.9997363338884584,0.427219381256864,1.0577730454062948,2.3880903032846845e-07
76,0.2709710630348136,1.0,0.9994172840475607,0.41958257075872946,1.0580795108963745,4.782142393189304e-08
76,0.2710714644611319,0.9999916748552055,1.0,0.42744756054649047,1.0576884925621273,8.808716371877523e-07
76,0.2710722761653508,1.0,1.0,0.42744756054649047,1.057684444529666,2.4883388600738243e-06
76,0.27107368820328864,1.0,1.0,0.42744756054649047,1.057681956190806,3.0211982930961057e-06
76,0.27104571758074947,0.999985256395331,0.999651096350989,0.42744756054649047,1.0577886597315709,5.773287494736934e-07
76,0.2710693427204214,0.9999849297699925,1.0,0.42744756054649047,1.0576958905273144,2.1020757983158944e-06
76,0.27107368820328864,0.9999978158832542,1.0,0.42744756054649047,1.0576836710090753,4.736016562478795e-06
76,0.2710755977699281,1.0,1.0,0.42744756054649047,1.057681956190806,1.0471918382659595e-05
76,0.2709595604900472,0.9999957626597337,0.9985891983941705,0.42565446634983106,1.0581258124021784,1.3848146431794106e-06
76,0.27087434216528594,1.0,0.9982130611808419,0.4183243495043215,1.0584580717047163,7.532643440111286e-07
76,0.27096470840213405,0.9999954136545477,0.99861867440613,0.42603913713016084,1.0581060683235441,1.7434702068719332e-06
76,0.27105242366474464,0.9999335258924924,0.9999082311384473,0.42744756054649047,1.0577619117617048,2.7471949137769514e-06
76,0.2710546502393478,0.9999509196481864,0.9998980345982748,0.42744756054649047,1.0577532227914246,4.936523440912666e-06
76,0.2710734551981933,0.9999947231732609,1.0,0.42744756054649047,1.057686099205093,6.2550694108765015e-06
76,0.2710742800824937,1.0,0.9999908231138447,0.42744756054649047,1.0576844573964626,7.831801081437106e-06
76,0.2710756785424639,1.0,1.0,0.42744756054649047,1.057681956190806,1.0787073205564823e-05
76,0.27087234079734485,0.9999944730747561,0.9982130611808419,0.4183243495043215,1.05846513896029,2.77680037719108e-06
76,0.2710759961432674,1.0,1.0,0.42744756054649047,1.057681956190806,1.2026272606213695e-05
76,0.2710666648975261,0.9999776982091246,1.0,0.42744756054649047,1.0577063393306096,6.872955014225468e-06
76,0.27089147888203446,0.9999844768161595,0.9997363338884584,0.4183243495043215,1.0583903599547662,0.00035018803959241396
76,0.2710721299729448,1.0,0.9999232862162776,0.41958257075872946,1.0579374776248116,0.000252462673415943
76,0.2710706260638869,1.0,1.0,0.42744756054649047,1.0576908830238299,8.9268330238923e-06
76,0.27107412942804654,0.9999455310528776,1.0,0.42744756054649047,1.0577247236984106,4.751027973926014e-05
76,0.2712301507389697,0.9999373564411796,1.0,0.42744756054649047,1.0577311425790477,0.0006623430270247255
76,0.27115902754915366,0.9999776982091246,1.0,0.42744756054649047,1.0576994663755954,0.0003534047855668909
76,0.2708956536444412,1.0,1.0,0.4192366706085384,1.058374049142058,0.0004476863291995592
76,0.27094128402885664,0.9999814427890913,0.9983813749057424,0.425833775769497,1.0581958038269796,7.177067355312872e-06
76,0.27087498258171555,1.0,0.9981740910130776,0.4183149896840328,1.0584693877002862,1.4571718604639017e-05
76,0.27104768155184916,0.9999777039897491,0.9997627004996126,0.4272421991858266,1.0577804178280725,1.0168381343822475e-05
76,0.27114596465523977,0.9999682188106114,1.0,0.42744756054649047,1.0577069093336964,0.0003099083929771762
76,0.27109282628797826,1.0,1.0,0.42744756054649047,1.057681956190806,7.768916068373599e-05
76,0.2707834957367846,0.9999924051268994,0.9970104294688876,0.4178282471922088,1.0588207922060735,8.366943238913294e-06
76,0.271073096662188,0.9999947231732609,1.0,0.42744756054649047,1.057686099205093,4.856124589336375e-06
76,0.27114619698231734,0.9999954136545477,1.0,0.42744756054649047,1.0576855570825072,0.0002894621546951637
76,0.2708928647311484,1.0,0.9983917550627577,0.4192366706085384,1.0583849453812277,6.319015647182624e-06
76,0.27106796903387703,0.9999958722890929,0.9992812513227123,0.42744756054649047,1.0578812345985782,0.0001799840037772782
76,0.2709937566367722,0.9999868397424196,0.9982130611808419,0.4261799794717938,1.0582198499706261,0.0002289449353984896
76,0.2710673413524803,0.9999774371396775,1.0,0.42744756054649047,1.0577036997994618,4.028441341175082e-06
76,0.2708696288573034,0.99997950258344,0.9981280889512161,0.41900849131891194,1.05847613069752,3.9441041144172573e-07
77,0.27104957068850877,0.9999844768161595,0.9997363338884584,0.427219381256864,1.0577730454062948,2.3880903032846845e-07
77,0.2709710630348136,1.0,0.9994172840475607,0.41958257075872946,1.0580795108963745,4.782142393189304e-08
77,0.2710714644611319,0.9999916748552055,1.0,0.42744756054649047,1.0576884925621273,8.808716371877523e-07
77,0.2710722761653508,1.0,1.0,0.42744756054649047,1.057684444529666,2.4883388600738243e-06
77,0.27107368820328864,1.0,1.0,0.42744756054649047,1.057681956190806,3.0211982930961057e-06
77,0.27104571758074947,0.999985256395331,0.999651096350989,0.42744756054649047,1.0577886597315709,5.773287494736934e-07
77,0.2708696288573034,0.99997950258344,0.9981280889512161,0.41900849131891194,1.05847613069752,3.9441041144172573e-07
77,0.2710693427204214,0.9999849297699925,1.0,0.42744756054649047,1.0576958905273144,2.1020757983158944e-06
77,0.27107368820328864,0.9999978158832542,1.0,0.42744756054649047,1.0576836710090753,4.736016562478795e-06
77,0.2710755977699281,1.0,1.0,0.42744756054649047,1.057681956190806,1.0471918382659595e-05
77,0.2709595604900472,0.9999957626597337,0.9985891983941705,0.42565446634983106,1.0581258124021784,1.3848146431794106e-06
77,0.27087434216528594,1.0,0.9982130611808419,0.4183243495043215,1.0584580717047163,7.532643440111286e-07
77,0.27096470840213405,0.9999954136545477,0.99861867440613,0.42603913713016084,1.0581060683235441,1.7434702068719332e-06
77,0.27105242366474464,0.9999335258924924,0.9999082311384473,0.42744756054649047,1.0577619117617048,2.7471949137769514e-06
77,0.2710673413524803,0.9999774371396775,1.0,0.42744756054649047,1.0577036997994618,4.028441341175082e-06
77,0.2710742800824937,1.0,0.9999908231138447,0.42744756054649047,1.0576844573964626,7.831801081437106e-06
77,0.271073096662188,0.9999947231732609,1.0,0.42744756054649047,1.057686099205093,4.856124589336375e-06
77,0.2710756785424639,1.0,1.0,0.42744756054649047,1.057681956190806,1.0787073205564823e-05
77,0.27087234079734485,0.9999944730747561,0.9982130611808419,0.4183243495043215,1.05846513896029,2.77680037719108e-06
77,0.2710759961432674,1.0,1.0,0.42744756054649047,1.057681956190806,1.2026272606213695e-05
77,0.2710304904306404,0.9999389929055809,0.9995685043755916,0.42744756054649047,1.057847513536498,2.034650670168503e-09
77,0.27077545797084485,0.9999889380795397,0.996884895916733,0.41958257075872946,1.0588438553136992,4.3031383714753346e-05
77,0.2712566626597363,1.0,1.0,0.42744756054649047,1.057681956190806,0.0007164717938115128
77,0.27116542317351944,0.9999795991455134,1.0,0.42744756054649047,1.0576979738305932,0.0003768504798522532
77,0.270871813059222,0.9999954136545477,1.0,0.4189606463211759,1.0584672011623226,0.0005289706222235679
77,0.2710451293569253,0.9999641702418692,0.9997363338884584,0.427219381256864,1.057790378021083,1.631811431535013e-06
77,0.27105193014535883,0.9999795837963504,0.9981280889512161,0.4269220474245277,1.0582256033449278,0.0004617656570478079
77,0.2709395348418488,0.9999821444103456,0.9983046611220201,0.42603913713016084,1.058202761136563,1.2559214468410573e-07
77,0.27105710992409576,0.9999951412265755,0.9998323914286535,0.42744756054649047,1.057743624299578,1.2163540906717785e-05
77,0.2711446890280698,0.9999318481584486,1.0,0.42744756054649047,1.0577354678601119,0.00033349229000334546
77,0.27087434216528594,1.0,0.9982130611808419,0.4183243495043215,1.0584580717047163,7.532643440111286e-07
77,0.27087434216528594,0.9999849297699925,0.9999917408024602,0.42744756054649047,1.0584573184403723,0.0007612789058311087
77,0.2708107896853008,1.0,0.9978916310857158,0.4113716808207774,1.058775111891624,6.94001454493165e-05
77,0.27089486864829126,1.0,0.9999082311384473,0.4192366706085384,1.0583771160866435,0.00042498557806069925
77,0.27087690984389823,0.9999541441686995,1.0,0.41852971086498536,1.0584472851813171,0.000464033160278321
77,0.2710742800824937,0.9999864367929933,1.0,0.42744756054649047,1.0576926052093965,1.5979614015337873e-05
77,0.27122504702338085,0.9999634662742211,1.0,0.42744756054649047,1.0577106409452137,0.0006219502417277312
77,0.2710756785424639,0.9999401733032431,0.9993346920721633,0.41958257075872946,1.058149170188017,0.00047800107041662265
77,0.2708483662315987,0.9999797965462447,0.9978140756671062,0.41900849131891194,1.058564496500711,5.665847451430395e-06
77,0.27107130535693025,0.9999947231732609,1.0,0.42744756054649047,1.0576882324959354,2.1332908424209762e-06
78,0.27104957068850877,0.9999844768161595,0.9997363338884584,0.427219381256864,1.0577730454062948,2.3880903032846845e-07
78,0.2710714644611319,0.9999916748552055,1.0,0.42744756054649047,1.0576884925621273,8.808716371877523e-07
78,0.2710722761653508,1.0,1.0,0.42744756054649047,1.057684444529666,2.4883388600738243e-06
78,0.27107368820328864,1.0,1.0,0.42744756054649047,1.057681956190806,3.0211982930961057e-06
78,0.2710304904306404,0.9999389929055809,0.9995685043755916,0.42744756054649047,1.057847513536498,2.034650670168503e-09
78,0.27107130535693025,0.9999947231732609,1.0,0.42744756054649047,1.0576882324959354,2.1332908424209762e-06
78,0.27104571758074947,0.999985256395331,0.999651096350989,0.42744756054649047,1.0577886597315709,5.773287494736934e-07
78,0.2710693427204214,0.9999849297699925,1.0,0.42744756054649047,1.0576958905273144,2.1020757983158944e-06
78,0.27107368820328864,0.9999978158832542,1.0,0.42744756054649047,1.0576836710090753,4.736016562478795e-06
78,0.2710755977699281,1.0,1.0,0.42744756054649047,1.057681956190806,1.0471918382659595e-05
78,0.2709710630348136,1.0,0.9994172840475607,0.41958257075872946,1.0580795108963745,4.782142393189304e-08
78,0.2710451293569253,0.9999641702418692,0.9997363338884584,0.427219381256864,1.057790378021083,1.631811431535013e-06
78,0.27105242366474464,0.9999335258924924,0.9999082311384473,0.42744756054649047,1.0577619117617048,2.7471949137769514e-06
78,0.2710673413524803,0.9999774371396775,1.0,0.42744756054649047,1.0577036997994618,4.028441341175082e-06
78,0.2710742800824937,1.0,0.9999908231138447,0.42744756054649047,1.0576844573964626,7.831801081437106e-06
78,0.271073096662188,0.9999947231732609,1.0,0.42744756054649047,1.057686099205093,4.856124589336375e-06
78,0.2710756785424639,1.0,1.0,0.42744756054649047,1.057681956190806,1.0787073205564823e-05
78,0.2709595604900472,0.9999957626597337,0.9985891983941705,0.42565446634983106,1.0581258124021784,1.3848146431794106e-06
78,0.2709395348418488,0.9999821444103456,0.9983046611220201,0.42603913713016084,1.058202761136563,1.2559214468410573e-07
78,0.2710759961432674,1.0,1.0,0.42744756054649047,1.057681956190806,1.2026272606213695e-05
78,0.27103084896664575,0.9999389929055809,0.9995685043755916,0.42744756054649047,1.057847513536498,1.4014193370215366e-06
78,0.27107095210046545,0.9999899740291956,1.0,0.42744756054649047,1.0576898279553355,2.170925865740969e-07
78,0.27103189749347634,0.9999821444103456,1.0,0.42744756054649047,1.0578420196836231,0.00014604429202869085
78,0.27107368820328864,1.0,1.0,0.4197879321193933,1.0579097946692688,0.00023085967675595676
78,0.27105256013262835,0.9999844768161595,0.9997363338884584,0.427219381256864,1.0577728065972645,1.1427391049867452e-05
78,0.27107585512271176,1.0,1.0,0.42119635553572293,1.0578675694360082,0.00019708929100725747
78,0.2709410038227993,0.9999848878965955,0.9983046611220201,0.42603913713016084,1.0582006108235982,3.7126149310395817e-06
78,0.27095509473971535,0.9999864949966305,0.998474195009818,0.42744756054649047,1.0581418670806022,3.281020470602414e-05
78,0.2709831882650102,1.0,0.9994663787566493,0.42036906973750554,1.0580416503045544,9.483517129149632e-06
78,0.27104951025394824,1.0,0.999651096350989,0.42744756054649047,1.0577770839217004,3.8026690141190755e-06
78,0.27097673272212874,1.0,0.9987402449557505,0.4254491049891672,1.0580872808241288,2.990828590387906e-05
78,0.27083896446165406,0.9999830799481711,0.9970349396767735,0.42442535235316736,1.058604088272299,8.511331142102563e-06
78,0.2709731401807945,1.0,0.9994172840475607,0.41958257075872946,1.0580794630749506,8.062892405291677e-06
78,0.2710859806004489,1.0,1.0,0.42744756054649047,1.057681956190806,5.098166257178072e-05
78,0.27106905435996415,1.0,1.0,0.42744756054649047,1.0576970156932621,1.5059502456171714e-05
78,0.2710777556884448,1.0,1.0,0.42744756054649047,1.057681956190806,1.8891527974851385e-05
78,0.27114686346235306,0.9999335258924924,1.0,0.42744756054649047,1.0577341504442415,0.00034065460009768955
78,0.27109454489795376,1.0,1.0,0.42744756054649047,1.057681956190806,8.439386673919635e-05
78,0.27103548950094863,0.9999398167882837,0.9983046611220201,0.42744756054649047,1.0581920640900304,0.00036406388567233883
78,0.2710776240702689,1.0,1.0,0.42744756054649047,1.057681956190806,1.837799358339609e-05
79,0.2710714644611319,0.9999916748552055,1.0,0.42744756054649047,1.0576884925621273,8.808716371877523e-07
79,0.2710722761653508,1.0,1.0,0.42744756054649047,1.057684444529666,2.4883388600738243e-06
79,0.27107368820328864,1.0,1.0,0.42744756054649047,1.057681956190806,3.0211982930961057e-06
79,0.2710304904306404,0.9999389929055809,0.9995685043755916,0.42744756054649047,1.057847513536498,2.034650670168503e-09
79,0.27107130535693025,0.9999947231732609,1.0,0.42744756054649047,1.0576882324959354,2.1332908424209762e-06
79,0.27107095210046545,0.9999899740291956,1.0,0.42744756054649047,1.0576898279553355,2.170925865740969e-07
79,0.27107368820328864,0.9999978158832542,1.0,0.42744756054649047,1.0576836710090753,4.736016562478795e-06
79,0.2710755977699281,1.0,1.0,0.42744756054649047,1.057681956190806,1.0471918382659595e-05
79,0.2709710630348136,1.0,0.9994172840475607,0.41958257075872946,1.0580795108963745,4.782142393189304e-08
79,0.27104957068850877,0.9999844768161595,0.9997363338884584,0.427219381256864,1.0577730454062948,2.3880903032846845e-07
79,0.2710693427204214,0.9999849297699925,1.0,0.42744756054649047,1.0576958905273144,2.1020757983158944e-06
79,0.2710742800824937,1.0,0.9999908231138447,0.42744756054649047,1.0576844573964626,7.831801081437106e-06
79,0.271073096662188,0.9999947231732609,1.0,0.42744756054649047,1.057686099205093,4.856124589336375e-06
79,0.2710756785424639,1.0,1.0,0.42744756054649047,1.057681956190806,1.0787073205564823e-05
79,0.2709395348418488,0.9999821444103456,0.9983046611220201,0.42603913713016084,1.058202761136563,1.2559214468410573e-07
79,0.27104571758074947,0.999985256395331,0.999651096350989,0.42744756054649047,1.0577886597315709,5.773287494736934e-07
79,0.27105242366474464,0.9999335258924924,0.9999082311384473,0.42744756054649047,1.0577619117617048,2.7471949137769514e-06
79,0.2710673413524803,0.9999774371396775,1.0,0.42744756054649047,1.0577036997994618,4.028441341175082e-06
79,0.2710759961432674,1.0,1.0,0.42744756054649047,1.057681956190806,1.2026272606213695e-05
79,0.2709595604900472,0.9999957626597337,0.9985891983941705,0.42565446634983106,1.0581258124021784,1.3848146431794106e-06
79,0.2710068395853661,0.9999303500103538,0.9992627502890215,0.42744756054649047,1.0579398301597984,2.0984388104938745e-06
79,0.2710589221777794,0.9999491966769671,0.9999174080246026,0.42744756054649047,1.0577443579094272,7.805503137392478e-06
79,0.27107368820328864,0.9999681735448892,0.998591805978828,0.42744756054649047,1.058091292826825,0.0004123578343120382
79,0.27106566588648495,0.9999744165989706,1.0,0.42744756054649047,1.057710237501571,8.194513602788334e-06
79,0.27095241748670823,0.9999817458525653,0.9984824542073578,0.4261799794717938,1.0581523224716685,2.488845400216988e-06
79,0.27104071148166103,0.9999586568220294,0.9996116539380324,0.42744756054649047,1.0578203030688278,1.2683409383207334e-05
79,0.2710666654674143,0.9999801806259273,1.0,0.42744756054649047,1.057706337106897,8.819832102435754e-06
79,0.27113947084759543,0.9999754534424357,1.0,0.42744756054649047,1.05770122889075,0.0002789032244163714
79,0.2710283875790571,0.9999300233850154,0.9994172840475607,0.42744756054649047,1.0578958139968266,4.009488128198235e-05
79,0.2709533549291219,0.999985256395331,0.9991266519937937,0.42036906973750554,1.0581486614841016,4.0471773821160184e-07
79,0.27114146917383597,0.9999867307557979,1.0,0.42744756054649047,1.057692374404329,0.00027784199359492945
79,0.27083935485174193,0.99998444177311,0.9970633934039885,0.4243868852751344,1.0585963900503172,2.3389775813953406e-06
79,0.27107495341835786,1.0,0.9999917408024602,0.42744756054649047,1.057684207273831,1.0208891304319678e-05
79,0.2710543825392576,0.9999401733032431,0.9999174080246026,0.42744756054649047,1.0577542674549694,2.824244670129872e-06
79,0.2709386601660035,0.9999437420496461,0.9990440600183963,0.42036906973750554,1.0582060517578178,2.346106744877119e-06
79,0.27104571758074947,1.0,1.0,0.42744756054649047,1.0577880824028214,0.00010612621201544492
79,0.2710743106680154,1.0,1.0,0.42119635553572293,1.0578675694360082,0.00019106317908912374
79,0.27116621423317233,0.9999952508559348,1.0,0.42744756054649047,1.0576856849016967,0.00036764602104755184
79,0.2711666427341212,1.0,1.0,0.42744756054649047,1.057681956190806,0.0003655880974511305
79,0.271024502350079,0.9999254296985741,0.9995685043755916,0.42744756054649047,1.0578708838391906,1.2719984642917126e-05
80,0.2710714644611319,0.9999916748552055,1.0,0.42744756054649047,1.0576884925621273,8.808716371877523e-07
80,0.2710722761653508,1.0,1.0,0.42744756054649047,1.057684444529666,2.4883388600738243e-06
80,0.27107368820328864,1.0,1.0,0.42744756054649047,1.057681956190806,3.0211982930961057e-06
80,0.2710304904306404,0.9999389929055809,0.9995685043755916,0.42744756054649047,1.057847513536498,2.034650670168503e-09
80,0.27107130535693025,0.9999947231732609,1.0,0.42744756054649047,1.0576882324959354,2.1332908424209762e-06
80,0.27107095210046545,0.9999899740291956,1.0,0.42744756054649047,1.0576898279553355,2.170925865740969e-07
80,0.27107368820328864,0.9999978158832542,1.0,0.42744756054649047,1.0576836710090753,4.736016562478795e-06
80,0.2710755977699281,1.0,1.0,0.42744756054649047,1.057681956190806,1.0471918382659595e-05
80,0.2709710630348136,1.0,0.9994172840475607,0.41958257075872946,1.0580795108963745,4.782142393189304e-08
80,0.27104957068850877,0.9999844768161595,0.9997363338884584,0.427219381256864,1.0577730454062948,2.3880903032846845e-07
80,0.2710693427204214,0.9999849297699925,1.0,0.42744756054649047,1.0576958905273144,2.1020757983158944e-06
80,0.2710756785424639,1.0,1.0,0.42744756054649047,1.057681956190806,1.0787073205564823e-05
80,0.2709395348418488,0.9999821444103456,0.9983046611220201,0.42603913713016084,1.058202761136563,1.2559214468410573e-07
80,0.27104571758074947,0.999985256395331,0.999651096350989,0.42744756054649047,1.0577886597315709,5.773287494736934e-07
80,0.2709533549291219,0.999985256395331,0.9991266519937937,0.42036906973750554,1.0581486614841016,4.0471773821160184e-07
80,0.2710742800824937,1.0,0.9999908231138447,0.42744756054649047,1.0576844573964626,7.831801081437106e-06
80,0.271073096662188,0.9999947231732609,1.0,0.42744756054649047,1.057686099205093,4.856124589336375e-06
80,0.2710673413524803,0.9999774371396775,1.0,0.42744756054649047,1.0577036997994618,4.028441341175082e-06
80,0.27107495341835786,1.0,0.9999917408024602,0.42744756054649047,1.057684207273831,1.0208891304319678e-05
80,0.27105242366474464,0.9999335258924924,0.9999082311384473,0.42744756054649047,1.0577619117617048,2.7471949137769514e-06
80,0.2711295226926344,0.9999410920708134,1.0,0.42744756054649047,1.0577282092694231,0.00026708516826134954
80,0.27104936628861637,0.9999867307557979,0.9996934199936759,0.42744756054649047,1.0577759591581875,2.1160791334740026e-06
80,0.2710692700251392,0.9999849297699925,1.0,0.42744756054649047,1.057696174179906,2.3857283899531012e-06
80,0.2710304904306404,1.0,0.9996859867158902,0.42744756054649047,1.0578475115018473,7.99433413118944e-05
80,0.271044979133596,0.9999900055393962,0.999651096350989,0.42744756054649047,1.0577909642883228,6.03334217674778e-06
80,0.2710859806004489,1.0,1.0,0.42744756054649047,1.057681956190806,5.098166257178072e-05
80,0.2709434457764293,0.9999957076173523,0.9983046611220201,0.42603913713016084,1.0581921305659474,4.769652932168356e-06
80,0.271076011895537,1.0,1.0,0.42744756054649047,1.057681956190806,1.2087733971544168e-05
80,0.27097302570509607,1.0,0.9992009847716513,0.42036906973750554,1.058115961669668,4.411449258601152e-05
80,0.2710695867469547,0.9999927574681897,1.0,0.42744756054649047,1.0576949383516623,7.29579417613202e-06
80,0.2711666427341212,1.0,1.0,0.42744756054649047,1.057681956190806,0.0003655880974511305
80,0.2710715224549967,1.0,1.0,0.42744756054649047,1.0576873854055908,5.429214784857805e-06
80,0.2709366793369732,0.999934453072298,0.9990440600183963,0.42036906973750554,1.0582137883450704,2.8525606308171803e-06
80,0.27107632830372513,1.0,1.0,0.42744756054649047,1.057681956190806,1.332227705241884e-05
80,0.2711108751477998,0.999985256395331,1.0,0.42744756054649047,1.0576935320006764,0.00015967362192781387
80,0.2709497537430188,0.9999762330216071,0.9999908231138447,0.42036906973750554,1.0581627253102839,0.00024930815118828775
80,0.271070725440517,0.9999947231732609,0.9999925667222143,0.42744756054649047,1.057690495266151,2.3700880087407228e-06
80,0.27114452992386817,0.999934896476504,1.0,0.42744756054649047,1.0577330742166766,0.0003304781763835418
80,0.2709719367623921,1.0,0.9994172840475607,0.41958257075872946,1.0580794630749506,3.3638722614082184e-06
80,0.27107552583853745,1.0,0.9999082311384473,0.42744756054649047,1.0577069703133555,3.5205381952563286e-05
81,0.2710714644611319,0.9999916748552055,1.0,0.42744756054649047,1.0576884925621273,8.808716371877523e-07
81,0.2710722761653508,1.0,1.0,0.42744756054649047,1.057684444529666,2.4883388600738243e-06
81,0.27107368820328864,1.0,1.0,0.42744756054649047,1.057681956190806,3.0211982930961057e-06
81,0.2710304904306404,0.9999389929055809,0.9995685043755916,0.42744756054649047,1.057847513536498,2.034650670168503e-09
81,0.27107130535693025,0.9999947231732609,1.0,0.42744756054649047,1.0576882324959354,2.1332908424209762e-06
81,0.27107095210046545,0.9999899740291956,1.0,0.42744756054649047,1.0576898279553355,2.170925865740969e-07
81,0.27107368820328864,0.9999978158832542,1.0,0.42744756054649047,1.0576836710090753,4.736016562478795e-06
81,0.2710755977699281,1.0,1.0,0.42744756054649047,1.057681956190806,1.0471918382659595e-05
81,0.2709710630348136,1.0,0.9994172840475607,0.41958257075872946,1.0580795108963745,4.782142393189304e-08
81,0.27104957068850877,0.9999844768161595,0.9997363338884584,0.427219381256864,1.0577730454062948,2.3880903032846845e-07
81,0.2710693427204214,0.9999849297699925,1.0,0.42744756054649047,1.0576958905273144,2.1020757983158944e-06
81,0.271070725440517,0.9999947231732609,0.9999925667222143,0.42744756054649047,1.057690495266151,2.3700880087407228e-06
81,0.2710756785424639,1.0,1.0,0.42744756054649047,1.057681956190806,1.0787073205564823e-05
81,0.2709395348418488,0.9999821444103456,0.9983046611220201,0.42603913713016084,1.058202761136563,1.2559214468410573e-07
81,0.27104571758074947,0.999985256395331,0.999651096350989,0.42744756054649047,1.0577886597315709,5.773287494736934e-07
81,0.2709533549291219,0.999985256395331,0.9991266519937937,0.42036906973750554,1.0581486614841016,4.0471773821160184e-07
81,0.271073096662188,0.9999947231732609,1.0,0.42744756054649047,1.057686099205093,4.856124589336375e-06
81,0.2710742800824937,1.0,0.9999908231138447,0.42744756054649047,1.0576844573964626,7.831801081437106e-06
81,0.2710692700251392,0.9999849297699925,1.0,0.42744756054649047,1.057696174179906,2.3857283899531012e-06
81,0.27104936628861637,0.9999867307557979,0.9996934199936759,0.42744756054649047,1.0577759591581875,2.1160791334740026e-06
81,0.2710976795219827,0.9999257236613788,0.9997789354486771,0.42744756054649047,1.0578005420735515,0.00021520844404743222
81,0.2710754068132642,1.0,1.0,0.42744756054649047,1.057681956190806,9.726851097457967e-06
81,0.2709852364862417,1.0,0.9994755556428047,0.42036906973750554,1.058039081446045,1.4911713985599206e-05
81,0.2710304904306404,1.0,1.0,0.42744756054649047,1.0578475115018473,0.00016555531104134324
81,0.2711677694648917,0.9999947231732609,1.0,0.42744756054649047,1.057686099205093,0.00037412437309058966
81,0.2709878698589487,0.9999986730755798,0.9994807319139507,0.42107691881840403,1.0580170890800467,3.200885545062704e-06
81,0.271087824699775,1.0,1.0,0.4208501518334261,1.0578779348492064,0.0002541549508392471
81,0.2709410663418663,0.9999734615115958,0.9989074067880902,0.42107691881840403,1.0581968998202038,2.4578818891285437e-07
81,0.2710768422180142,1.0,0.9999933100499928,0.42744756054649047,1.057683779565195,1.7150806207233416e-05
81,0.27107354954869667,0.9999925073696849,0.9999908231138447,0.42744756054649047,1.0576903401257542,1.086412862894015e-05
81,0.2710528489346866,0.999997081053942,0.9997240779943083,0.42744756054649047,1.0577602521800145,7.802602635109679e-07
81,0.2710676241104458,0.9999849297699925,1.0,0.42744756054649047,1.0577025964801474,8.808028631346332e-06
81,0.2710352149590344,0.9999464200410427,1.0,0.4216366508122022,1.0578961673391805,6.709562046935957e-05
81,0.27104963890919903,0.999991479899863,0.9996768098297348,0.42744756054649047,1.0577767603768566,3.981202264968786e-06
81,0.27119562599274155,1.0,1.0,0.42744756054649047,1.057681956190806,0.0004785857666236293
81,0.27109123244362643,0.9999949063847032,1.0,0.42744756054649047,1.05768595535889,7.547028709198322e-05
81,0.2710243971282235,0.9999731732770286,0.9994223206043485,0.427219381256864,1.0578712945444189,3.886480134385195e-06
81,0.2710476964419543,0.9999862030731239,0.9996785534381044,0.42744756054649047,1.0577804279305332,6.821201781193054e-08
81,0.2709352810440502,0.9999731210366217,0.9983046611220201,0.42603913713016084,1.058219249770545,9.416134228779072e-06
81,0.27104936628861637,0.999948214626972,0.9998058038759791,0.42744756054649047,1.0577755554290484,1.7123499944649012e-06
82,0.2710714644611319,0.9999916748552055,1.0,0.42744756054649047,1.0576884925621273,8.808716371877523e-07
82,0.2710722761653508,1.0,1.0,0.42744756054649047,1.057684444529666,2.4883388600738243e-06
82,0.27107368820328864,1.0,1.0,0.42744756054649047,1.057681956190806,3.0211982930961057e-06
82,0.2710304904306404,0.9999389929055809,0.9995685043755916,0.42744756054649047,1.057847513536498,2.034650670168503e-09
82,0.27107130535693025,0.9999947231732609,1.0,0.42744756054649047,1.0576882324959354,2.1332908424209762e-06
82,0.27107095210046545,0.9999899740291956,1.0,0.42744756054649047,1.0576898279553355,2.170925865740969e-07
82,0.2710476964419543,0.9999862030731239,0.9996785534381044,0.42744756054649047,1.0577804279305332,6.821201781193054e-08
82,0.27107368820328864,0.9999978158832542,1.0,0.42744756054649047,1.0576836710090753,4.736016562478795e-06
82,0.2710754068132642,1.0,1.0,0.42744756054649047,1.057681956190806,9.726851097457967e-06
82,0.2709710630348136,1.0,0.9994172840475607,0.41958257075872946,1.0580795108963745,4.782142393189304e-08
82,0.27104957068850877,0.9999844768161595,0.9997363338884584,0.427219381256864,1.0577730454062948,2.3880903032846845e-07
82,0.2710693427204214,0.9999849297699925,1.0,0.42744756054649047,1.0576958905273144,2.1020757983158944e-06
82,0.271070725440517,0.9999947231732609,0.9999925667222143,0.42744756054649047,1.057690495266151,2.3700880087407228e-06
82,0.2710528489346866,0.999997081053942,0.9997240779943083,0.42744756054649047,1.0577602521800145,7.802602635109679e-07
82,0.2710755977699281,1.0,1.0,0.42744756054649047,1.057681956190806,1.0471918382659595e-05
82,0.2709395348418488,0.9999821444103456,0.9983046611220201,0.42603913713016084,1.058202761136563,1.2559214468410573e-07
82,0.27104571758074947,0.999985256395331,0.999651096350989,0.42744756054649047,1.0577886597315709,5.773287494736934e-07
82,0.2709533549291219,0.999985256395331,0.9991266519937937,0.42036906973750554,1.0581486614841016,4.0471773821160184e-07
82,0.2710742800824937,1.0,0.9999908231138447,0.42744756054649047,1.0576844573964626,7.831801081437106e-06
82,0.271073096662188,0.9999947231732609,1.0,0.42744756054649047,1.057686099205093,4.856124589336375e-06
82,0.2709845839173606,1.0,0.9994730687066564,0.42036906973750554,1.0580397776020414,1.3059999412812218e-05
82,0.27096989107032415,1.0,0.999204809908259,0.42107691881840403,1.0580931177526307,9.03058542300883e-06
82,0.27104474415186863,0.9999784056110034,0.9996859867158902,0.42744756054649047,1.0577918813381915,7.35841934207393e-06
82,0.2710897776495792,0.9999389929055809,1.0,0.42744756054649047,1.0577298575836585,0.00011369688127937927
82,0.2709252398066829,0.999970133042435,0.9981527484479225,0.4261799794717938,1.0582584702973659,8.948376396977764e-06
82,0.2711634239820244,0.9999849297699925,1.0,0.42744756054649047,1.057693788451516,0.0003648698481615309
82,0.2710499244698438,0.9999889465593739,0.9996859867158902,0.42744756054649047,1.057776246638954,4.581865247432759e-06
82,0.2709330528384021,0.9999826293438788,0.9988783221886711,0.42036906973750554,1.0582279527695915,8.071965871492282e-06
82,0.27107826425642256,1.0,1.0,0.42744756054649047,1.057681956190806,2.087580202014827e-05
82,0.27105766930247444,1.0,0.9997424933087221,0.42744756054649047,1.0577521583450733,1.0716897996809749e-05
82,0.2709408056759929,0.9999821444103456,0.9983046611220201,0.42603913713016084,1.058202761136563,5.089038061623086e-06
82,0.2708527875020586,0.999992953343035,1.0,0.4183149896840328,1.058541551248776,0.0005819654384682238
82,0.2710672576435336,0.9999954247945151,0.9999158529384918,0.42744756054649047,1.057708484752983,4.458321440914403e-06
82,0.2710528489346866,0.9999709589045361,0.9997627004996126,0.4272421991858266,1.057775544139667,1.5291959652552478e-05
82,0.27083461827176714,0.9999766789949571,0.9976008470036117,0.4191014886628089,1.0586240900499888,1.1525408355472777e-05
82,0.270970530647823,0.9999952508559348,0.9994172840475607,0.41958257075872946,1.058083155545037,1.5657961642823182e-06
82,0.27104571758074947,1.0,1.0,0.42744756054649047,1.0577880824028214,0.00010612621201544492
82,0.2709402653756458,0.9999896370406607,0.9983046611220201,0.42603913713016084,1.0581997823221945,2.893795196134974e-06
82,0.2710339920068562,0.9999445659323488,0.9996042206602468,0.42744756054649047,1.057833844826147,4.49965649851336e-07
82,0.2711407273082969,0.9999530860324858,1.0,0.42744756054649047,1.0577187914595132,0.00030136586704654356
83,0.2710714644611319,0.9999916748552055,1.0,0.42744756054649047,1.0576884925621273,8.808716371877523e-07
83,0.2710722761653508,1.0,1.0,0.42744756054649047,1.057684444529666,2.4883388600738243e-06
83,0.27107368820328864,1.0,1.0,0.42744756054649047,1.057681956190806,3.0211982930961057e-06
83,0.2710304904306404,0.9999389929055809,0.9995685043755916,0.42744756054649047,1.057847513536498,2.034650670168503e-09
83,0.27107130535693025,0.9999947231732609,1.0,0.42744756054649047,1.0576882324959354,2.1332908424209762e-06
83,0.27107095210046545,0.9999899740291956,1.0,0.42744756054649047,1.0576898279553355,2.170925865740969e-07
83,0.2710476964419543,0.9999862030731239,0.9996785534381044,0.42744756054649047,1.0577804279305332,6.821201781193054e-08
83,0.27107368820328864,0.9999978158832542,1.0,0.42744756054649047,1.0576836710090753,4.736016562478795e-06
83,0.2710754068132642,1.0,1.0,0.42744756054649047,1.057681956190806,9.726851097457967e-06
83,0.2709710630348136,1.0,0.9994172840475607,0.41958257075872946,1.0580795108963745,4.782142393189304e-08
83,0.27104957068850877,0.9999844768161595,0.9997363338884584,0.427219381256864,1.0577730454062948,2.3880903032846845e-07
83,0.2710693427204214,0.9999849297699925,1.0,0.42744756054649047,1.0576958905273144,2.1020757983158944e-06
83,0.271070725440517,0.9999947231732609,0.9999925667222143,0.42744756054649047,1.057690495266151,2.3700880087407228e-06
83,0.2710528489346866,0.999997081053942,0.9997240779943083,0.42744756054649047,1.0577602521800145,7.802602635109679e-07
83,0.2710755977699281,1.0,1.0,0.42744756054649047,1.057681956190806,1.0471918382659595e-05
83,0.2709395348418488,0.9999821444103456,0.9983046611220201,0.42603913713016084,1.058202761136563,1.2559214468410573e-07
83,0.2709533549291219,0.999985256395331,0.9991266519937937,0.42036906973750554,1.0581486614841016,4.0471773821160184e-07
83,0.2710339920068562,0.9999445659323488,0.9996042206602468,0.42744756054649047,1.057833844826147,4.49965649851336e-07
83,0.27104571758074947,0.999985256395331,0.999651096350989,0.42744756054649047,1.0577886597315709,5.773287494736934e-07
83,0.2710672576435336,0.9999954247945151,0.9999158529384918,0.42744756054649047,1.057708484752983,4.458321440914403e-06
83,0.27104740440264846,0.999983702764063,0.9997030987563076,0.42744756054649047,1.0577814994211499,5.8023900320058885e-06
83,0.27097450190265165,1.0,0.9986930071839877,0.42603913713016084,1.0580820545725826,1.5971491597266407e-05
83,0.2711936693087295,1.0,1.0,0.42744756054649047,1.057681956190806,0.0004709579597870217
83,0.2710927501170681,1.0,1.0,0.42744756054649047,1.057681956190806,7.739199788892037e-05
83,0.27107130535693025,0.9999925073696849,1.0,0.42744756054649047,1.0576882324959354,3.93575837698279e-07
83,0.27104292850918627,0.9999417936920677,1.0,0.4223444998931007,1.0578786725148954,7.970531730783215e-05
83,0.2710559889070522,0.9999951190089095,0.9998020173674458,0.427219381256864,1.0577479988519756,1.4710223592562244e-06
83,0.27094934568760304,0.9999762330216071,0.9991266519937937,0.42036906973750554,1.0581643189256074,9.039345120420705e-06
83,0.2710532236945045,0.9999893740802674,0.9997268287063463,0.42744756054649047,1.0577647728491173,5.983134786058386e-06
83,0.271078060262469,1.0,0.9994172840475607,0.42744756054649047,1.057840869446123,0.00017899313728264588
83,0.271047862142472,0.9999900055393962,0.999651096350989,0.42744756054649047,1.057784930946146,5.217883727315353e-06
83,0.27108601298527546,0.9999960861408961,1.0,0.42744756054649047,1.0576850290891378,5.418090897713057e-05
83,0.27107022156666843,0.9999947231732609,1.0,0.42744756054649047,1.0576924613344834,6.362129390424798e-06
83,0.2710528489346866,1.0,1.0,0.42744756054649047,1.0577602521800145,7.82959892084989e-05
83,0.27117103364338363,1.0,1.0,0.42744756054649047,1.057681956190806,0.00038270858467437385
83,0.2709587676730836,0.999997081053942,0.999199633637113,0.42036906973750554,1.0581275236268328,8.91182341189456e-06
83,0.2709528709975586,0.999985256395331,0.998474195009818,0.4261799794717938,1.0581505513756249,1.2013202950189594e-06
83,0.2710727330755498,0.9999908260392093,1.0,0.42744756054649047,1.0576891590042818,6.497268490779362e-06
83,0.2710087846673385,0.9999250220401245,0.9993312048752042,0.4272421991858266,1.0579322371229656,2.8314828310893603e-06
83,0.2710687862298091,1.0,0.9999856468426986,0.426739711465592,1.0577067498098796,8.687885999281164e-06
84,0.2710722761653508,1.0,1.0,0.42744756054649047,1.057684444529666,2.4883388600738243e-06
84,0.27107368820328864,1.0,1.0,0.42744756054649047,1.057681956190806,3.0211982930961057e-06
84,0.2710304904306404,0.9999389929055809,0.9995685043755916,0.42744756054649047,1.057847513536498,2.034650670168503e-09
84,0.27107095210046545,0.9999899740291956,1.0,0.42744756054649047,1.0576898279553355,2.170925865740969e-07
84,0.2710476964419543,0.9999862030731239,0.9996785534381044,0.42744756054649047,1.0577804279305332,6.821201781193054e-08
84,0.27107130535693025,0.9999925073696849,1.0,0.42744756054649047,1.0576882324959354,3.93575837698279e-07
84,0.27107368820328864,0.9999978158832542,1.0,0.42744756054649047,1.0576836710090753,4.736016562478795e-06
84,0.2710754068132642,1.0,1.0,0.42744756054649047,1.057681956190806,9.726851097457967e-06
84,0.2709710630348136,1.0,0.9994172840475607,0.41958257075872946,1.0580795108963745,4.782142393189304e-08
84,0.27104957068850877,0.9999844768161595,0.9997363338884584,0.427219381256864,1.0577730454062948,2.3880903032846845e-07
84,0.2710714644611319,0.9999916748552055,1.0,0.42744756054649047,1.0576884925621273,8.808716371877523e-07
84,0.27107130535693025,0.9999947231732609,1.0,0.42744756054649047,1.0576882324959354,2.1332908424209762e-06
84,0.2710528489346866,0.999997081053942,0.9997240779943083,0.42744756054649047,1.0577602521800145,7.802602635109679e-07
84,0.2710755977699281,1.0,1.0,0.42744756054649047,1.057681956190806,1.0471918382659595e-05
84,0.2709395348418488,0.9999821444103456,0.9983046611220201,0.42603913713016084,1.058202761136563,1.2559214468410573e-07
84,0.2710727330755498,0.9999908260392093,1.0,0.42744756054649047,1.0576891590042818,6.497268490779362e-06
84,0.2709533549291219,0.999985256395331,0.9991266519937937,0.42036906973750554,1.0581486614841016,4.0471773821160184e-07
84,0.2710339920068562,0.9999445659323488,0.9996042206602468,0.42744756054649047,1.057833844826147,4.49965649851336e-07
84,0.271070725440517,0.9999947231732609,0.9999925667222143,0.42744756054649047,1.057690495266151,2.3700880087407228e-06
84,0.2710559889070522,0.9999951190089095,0.9998020173674458,0.427219381256864,1.0577479988519756,1.4710223592562244e-06
84,0.2709204955650414,0.9999729226889544,0.9980740515716399,0.425833775769497,1.0582798602360004,2.8581775977087887e-06
84,0.27107368820328864,0.9999900055393962,0.9991266519937937,0.42036906973750554,1.05814456059931,0.0004656256067971931
84,0.2710524251843245,0.9999824531338143,0.9997693904496198,0.4272421991858266,1.0577646959614113,2.7901297536825354e-06
84,0.27098037042392226,0.9999908260392093,0.9994755556428047,0.42036906973750554,1.0580462212513237,3.052314568208203e-06
84,0.2710369547696278,0.9999862030731239,0.9996116539380324,0.42744756054649047,1.0578222814187692,2.3606917326057797e-05
84,0.2709379880928708,0.9999801787052744,0.9983046611220201,0.42603913713016084,1.0582086766826526,4.374841810372843e-06
84,0.27105485368111265,0.9999937969478185,0.9997516701948774,0.42744756054649047,1.0577545261262693,2.0972375500694085e-06
84,0.2710480034716949,1.0,0.9997898383073313,0.42744756054649047,1.05777916151737,3.991320405249965e-05
84,0.27106813451734335,0.9999899740291956,1.0,0.42744756054649047,1.0577006048823532,1.0776927017674964e-05
84,0.27104957068850877,0.9999830460345533,0.9986449461013311,0.42638534083245766,1.0580978499142752,0.00032480450798044735
84,0.27104752772718804,0.9999760031637392,0.9997627004996126,0.4272421991858266,1.0577810181387084,9.433600464570091e-06
84,0.2710745100226877,0.999996894050348,1.0,0.427219381256864,1.0576911180549218,1.5389638576612796e-05
84,0.27107442072707333,1.0,1.0,0.42744756054649047,1.057681956190806,5.87936163998215e-06
84,0.2709951140114728,0.9998916252524428,0.9992158745982793,0.42744756054649047,1.0579856057142865,4.669086203223927e-06
84,0.2709526243953249,0.9999777637650159,0.9991266519937937,0.42036906973750554,1.0581540882071372,2.573776479497525e-06
84,0.2710541331248487,0.9999515718501641,0.99984895343842,0.42744756054649047,1.0577611547300885,5.9139671257923965e-06
84,0.2710923106094688,0.9999973891559503,1.0,0.42744756054649047,1.0576840060468835,7.772721573018337e-05
84,0.2710923988189924,1.0,1.0,0.42744756054649047,1.057681956190806,7.602148935181852e-05
84,0.2710524401798103,0.9999921420163493,0.999710698094294,0.42744756054649047,1.057766998532209,5.151219314658562e-06
84,0.2709161422566479,0.9999716928812283,0.9980153592163141,0.42603913713016084,1.0582940073431388,3.5044363622116492e-06
85,0.2710722761653508,1.0,1.0,0.42744756054649047,1.057684444529666,2.4883388600738243e-06
85,0.27107368820328864,1.0,1.0,0.42744756054649047,1.057681956190806,3.0211982930961057e-06
85,0.2710304904306404,0.9999389929055809,0.9995685043755916,0.42744756054649047,1.057847513536498,2.034650670168503e-09
85,0.27107095210046545,0.9999899740291956,1.0,0.42744756054649047,1.0576898279553355,2.170925865740969e-07
85,0.2710476964419543,0.9999862030731239,0.9996785534381044,0.42744756054649047,1.0577804279305332,6.821201781193054e-08
85,0.27107130535693025,0.9999925073696849,1.0,0.42744756054649047,1.0576882324959354,3.93575837698279e-07
85,0.27107368820328864,0.9999978158832542,1.0,0.42744756054649047,1.0576836710090753,4.736016562478795e-06
85,0.27107442072707333,1.0,1.0,0.42744756054649047,1.057681956190806,5.87936163998215e-06
85,0.2709710630348136,1.0,0.9994172840475607,0.41958257075872946,1.0580795108963745,4.782142393189304e-08
85,0.27104957068850877,0.9999844768161595,0.9997363338884584,0.427219381256864,1.0577730454062948,2.3880903032846845e-07
85,0.2710714644611319,0.9999916748552055,1.0,0.42744756054649047,1.0576884925621273,8.808716371877523e-07
85,0.27107130535693025,0.9999947231732609,1.0,0.42744756054649047,1.0576882324959354,2.1332908424209762e-06
85,0.2710528489346866,0.999997081053942,0.9997240779943083,0.42744756054649047,1.0577602521800145,7.802602635109679e-07
85,0.2710754068132642,1.0,1.0,0.42744756054649047,1.057681956190806,9.726851097457967e-06
85,0.2709395348418488,0.9999821444103456,0.9983046611220201,0.42603913713016084,1.058202761136563,1.2559214468410573e-07
85,0.2709533549291219,0.999985256395331,0.9991266519937937,0.42036906973750554,1.0581486614841016,4.0471773821160184e-07
85,0.2710339920068562,0.9999445659323488,0.9996042206602468,0.42744756054649047,1.057833844826147,4.49965649851336e-07
85,0.2710559889070522,0.9999951190089095,0.9998020173674458,0.427219381256864,1.0577479988519756,1.4710223592562244e-06
85,0.2710727330755498,0.9999908260392093,1.0,0.42744756054649047,1.0576891590042818,6.497268490779362e-06
85,0.271070725440517,0.9999947231732609,0.9999925667222143,0.42744756054649047,1.057690495266151,2.3700880087407228e-06
85,0.27103326345892725,0.999942909498277,0.9996116539380324,0.42744756054649047,1.057836688324558,4.02034995650169e-06
85,0.2709631527695535,1.0,0.99920632358712,0.42036906973750554,1.0581144663911657,4.0668315872682825e-06
85,0.2710104231161871,0.9999363124122378,0.9993223520323266,0.42744756054649047,1.0579258411776382,9.05894798353124e-06
85,0.2710728762693313,0.9999880825529595,1.0,0.42744756054649047,1.0576913130417454,9.210025002426292e-06
85,0.27102978821413665,0.9999808635033495,0.9994729119816903,0.4272421991858266,1.057850252300131,3.380420033005649e-06
85,0.27109695369730924,1.0,1.0,0.42744756054649047,1.057681956190806,9.379102256223959e-05
85,0.27100744888300904,0.9999978158832542,0.9997734854533386,0.41958257075872946,1.0579811952616154,4.3743635119941615e-05
85,0.2710379616264994,0.9999479252223682,0.9996437985942221,0.42744756054649047,1.0578199619204978,1.6101196411710816e-06
85,0.27115473003215207,0.9999606359630377,1.0,0.42744756054649047,1.0577128632747304,0.0003500438628523117
85,0.27107003452278616,0.9999844768161595,1.0,0.42744756054649047,1.05769414408982,9.529258524487716e-07
85,0.27105567097623384,0.9999908447792507,0.9998020173674458,0.427219381256864,1.05774988275402,6.432318733207154e-07
85,0.2710508475667455,0.9999915541286981,0.9997240779943083,0.42744756054649047,1.0577680624025956,4.251081385353572e-06
85,0.2710691607952077,0.9999879798059773,1.0,0.42744756054649047,1.057696600388774,5.20667540904185e-06
85,0.27097538846507935,0.9999979008347675,0.9987114945102056,0.42638534083245766,1.0580679452124695,5.32385410445535e-06
85,0.2709176283523327,0.999935365734445,0.9987704505880158,0.42603913713016084,1.058288202161094,0.00017675677109729726
85,0.2710479200055279,0.9999414661940152,0.9997824050295456,0.42744756054649047,1.057787234447151,7.747198553342827e-06
85,0.2710339920068562,1.0,1.0,0.42744756054649047,1.057833844826147,0.00015188863534110197
85,0.2710764220950144,1.0,0.9998020173674458,0.42744756054649047,1.0577359275255571,6.765956065191148e-05
85,0.2711074808173681,1.0,1.0,0.42744756054649047,1.057681956190806,0.0001348572355377442
85,0.2711662899055276,0.9999947231732609,1.0,0.42744756054649047,1.057686099205093,0.00036835538230683973
86,0.2710722761653508,1.0,1.0,0.42744756054649047,1.057684444529666,2.4883388600738243e-06
86,0.27107368820328864,1.0,1.0,0.42744756054649047,1.057681956190806,3.0211982930961057e-06
86,0.2710304904306404,0.9999389929055809,0.9995685043755916,0.42744756054649047,1.057847513536498,2.034650670168503e-09
86,0.27107095210046545,0.9999899740291956,1.0,0.42744756054649047,1.0576898279553355,2.170925865740969e-07
86,0.2710476964419543,0.9999862030731239,0.9996785534381044,0.42744756054649047,1.0577804279305332,6.821201781193054e-08
86,0.27107130535693025,0.9999925073696849,1.0,0.42744756054649047,1.0576882324959354,3.93575837698279e-07
86,0.27107368820328864,0.9999978158832542,1.0,0.42744756054649047,1.0576836710090753,4.736016562478795e-06
86,0.27107442072707333,1.0,1.0,0.42744756054649047,1.057681956190806,5.87936163998215e-06
86,0.2709710630348136,1.0,0.9994172840475607,0.41958257075872946,1.0580795108963745,4.782142393189304e-08
86,0.27104957068850877,0.9999844768161595,0.9997363338884584,0.427219381256864,1.0577730454062948,2.3880903032846845e-07
86,0.2710714644611319,0.9999916748552055,1.0,0.42744756054649047,1.0576884925621273,8.808716371877523e-07
86,0.27107130535693025,0.9999947231732609,1.0,0.42744756054649047,1.0576882324959354,2.1332908424209762e-06
86,0.27105567097623384,0.9999908447792507,0.9998020173674458,0.427219381256864,1.05774988275402,6.432318733207154e-07
86,0.2710754068132642,1.0,1.0,0.42744756054649047,1.057681956190806,9.726851097457967e-06
86,0.2709395348418488,0.9999821444103456,0.9983046611220201,0.42603913713016084,1.058202761136563,1.2559214468410573e-07
86,0.2710339920068562,0.9999445659323488,0.9996042206602468,0.42744756054649047,1.057833844826147,4.49965649851336e-07
86,0.2710727330755498,0.9999908260392093,1.0,0.42744756054649047,1.0576891590042818,6.497268490779362e-06
86,0.2709533549291219,0.999985256395331,0.9991266519937937,0.42036906973750554,1.0581486614841016,4.0471773821160184e-07
86,0.271070725440517,0.9999947231732609,0.9999925667222143,0.42744756054649047,1.057690495266151,2.3700880087407228e-06
86,0.2710528489346866,0.999997081053942,0.9997240779943083,0.42744756054649047,1.0577602521800145,7.802602635109679e-07
86,0.27104783478859884,0.9999934479494765,0.9990906743276058,0.42744756054649047,1.0579351649339612,0.00015534512148485113
86,0.2710695343555816,0.9999916748552055,1.0,0.42744756054649047,1.057695142779246,6.6502171187643455e-06
86,0.27107626642822913,1.0,0.9995685043755916,0.42744756054649047,1.0577996121436455,0.00013073680790420816
86,0.27109100975229106,1.0,1.0,0.42744756054649047,1.057681956190806,7.060233073441502e-05
86,0.2710332877331073,0.9999898535557692,0.9994867784939209,0.4272421991858266,1.0578365935829919,5.646103393708302e-07
86,0.2710569418103779,0.9999908447792507,0.9998020173674458,0.427219381256864,1.05774988275402,5.602425449113824e-06
86,0.2710676140462297,0.9999877582256197,1.0,0.42744756054649047,1.0577026357505985,1.1068063733743472e-05
86,0.27096288637982174,0.9999775567950072,0.9992139867944143,0.42107691881840403,1.0581114398118,3.403273238111737e-06
86,0.27105546669028296,0.9999474848784069,0.9999009558437385,0.41958257075872946,1.0579845731255697,0.00023453641120618762
86,0.27095611836460837,0.9999917603013256,0.9992390996782619,0.4193772093980656,1.058142230058662,4.360453215612736e-06
86,0.27105156645223183,0.9999853986490658,0.999710698094294,0.42744756054649047,1.057772293067813,7.036087503298205e-06
86,0.2710925476036762,1.0,1.0,0.427219381256864,1.057688680162431,8.332591058857197e-05
86,0.2710349195087348,0.9999426167087988,0.9996437985942221,0.42744756054649047,1.0578302248391855,6.0945917526034066e-06
86,0.27105433412188285,0.999947459563827,0.9998921283993446,0.42744756054649047,1.0577544563974732,1.8431522836870329e-06
86,0.27107096190576857,0.9999894014200329,1.0,0.427219381256864,1.057696999161451,7.426557935730216e-06
86,0.2710339920068562,0.9999445659323488,0.9982049629541335,0.4261799794717938,1.058255216076414,0.0004213712502669775
86,0.2709879378105691,1.0,0.9995954684168595,0.4197879321193933,1.0580231951745627,9.572282489322959e-06
86,0.27119169012576133,1.0,1.0,0.42744756054649047,1.057681956190806,0.0004632423325390267
86,0.27104957068850877,0.9999825111110883,0.9997363338884584,0.42744756054649047,1.0577730454062948,5.476137901805345e-06
86,0.2711662899055276,0.9999975239597476,1.0,0.42744756054649047,1.057683900207905,0.0003661563851189431
87,0.2710722761653508,1.0,1.0,0.42744756054649047,1.057684444529666,2.4883388600738243e-06
87,0.27107368820328864,1.0,1.0,0.42744756054649047,1.057681956190806,3.0211982930961057e-06
87,0.2710304904306404,0.9999389929055809,0.9995685043755916,0.42744756054649047,1.057847513536498,2.034650670168503e-09
87,0.27107095210046545,0.9999899740291956,1.0,0.42744756054649047,1.0576898279553355,2.170925865740969e-07
87,0.2710476964419543,0.9999862030731239,0.9996785534381044,0.42744756054649047,1.0577804279305332,6.821201781193054e-08
87,0.27107130535693025,0.9999925073696849,1.0,0.42744756054649047,1.0576882324959354,3.93575837698279e-07
87,0.27107368820328864,0.9999978158832542,1.0,0.42744756054649047,1.0576836710090753,4.736016562478795e-06
87,0.27107442072707333,1.0,1.0,0.42744756054649047,1.057681956190806,5.87936163998215e-06
87,0.2709710630348136,1.0,0.9994172840475607,0.41958257075872946,1.0580795108963745,4.782142393189304e-08
87,0.27104957068850877,0.9999844768161595,0.9997363338884584,0.427219381256864,1.0577730454062948,2.3880903032846845e-07
87,0.2710714644611319,0.9999916748552055,1.0,0.42744756054649047,1.0576884925621273,8.808716371877523e-07
87,0.27107130535693025,0.9999947231732609,1.0,0.42744756054649047,1.0576882324959354,2.1332908424209762e-06
87,0.27105567097623384,0.9999908447792507,0.9998020173674458,0.427219381256864,1.05774988275402,6.432318733207154e-07
87,0.2710754068132642,1.0,1.0,0.42744756054649047,1.057681956190806,9.726851097457967e-06
87,0.2709395348418488,0.9999821444103456,0.9983046611220201,0.42603913713016084,1.058202761136563,1.2559214468410573e-07
87,0.2710339920068562,0.9999445659323488,0.9996042206602468,0.42744756054649047,1.057833844826147,4.49965649851336e-07
87,0.2710727330755498,0.9999908260392093,1.0,0.42744756054649047,1.0576891590042818,6.497268490779362e-06
87,0.2709533549291219,0.999985256395331,0.9991266519937937,0.42036906973750554,1.0581486614841016,4.0471773821160184e-07
87,0.271070725440517,0.9999947231732609,0.9999925667222143,0.42744756054649047,1.057690495266151,2.3700880087407228e-06
87,0.27105433412188285,0.999947459563827,0.9998921283993446,0.42744756054649047,1.0577544563974732,1.8431522836870329e-06
87,0.2710301724998221,0.9999347186759222,1.0,0.42744756054649047,1.0578487524054732,0.00011553857410873114
87,0.2710884403900594,1.0,1.0,0.42744756054649047,1.057681956190806,6.057834500339254e-05
87,0.2710312627849848,0.9999818725478291,0.9994772169232704,0.427219381256864,1.057845588485069,1.0915178172421491e-06
87,0.27116618556595634,1.0,1.0,0.42744756054649047,1.057681956190806,0.00036380553233916757
87,0.27106725122565944,0.9999862030731239,0.9999933100499928,0.42744756054649047,1.0577040514740779,9.439384903719983e-06
87,0.2710808652841402,1.0,1.0,0.4272421991858266,1.0576880075919415,3.707548777520664e-05
87,0.2710368115758463,0.9999525862453379,0.9996116539380324,0.42744756054649047,1.0578250696808293,2.2293949040186334e-06
87,0.2710884775890118,1.0,1.0,0.42744756054649047,1.057681956190806,6.072347255514643e-05
87,0.27103853018582186,0.9999525862453379,0.9996116539380324,0.42744756054649047,1.0578250696808293,8.936872537335105e-06
87,0.2710578155379564,0.9999975881465343,0.9997363338884584,0.427219381256864,1.0577625152237884,2.164442739971406e-05
87,0.2709667828359837,0.9999868928412463,0.9986523793791169,0.42744756054649047,1.0580962243496634,3.6184274476713796e-05
87,0.27116377920201334,0.9999917434352884,1.0,0.42744756054649047,1.0576884387169871,0.00036090519672327126
87,0.27107182728170215,0.9999927289500425,1.0,0.42744756054649047,1.0576876649482503,1.4689372311860183e-06
87,0.27104502995545987,0.9999814539290587,0.9996718634880972,0.42744756054649047,1.057790765948924,4.784657415157767e-06
87,0.2710760588334505,0.9999955751832745,1.0,0.42744756054649047,1.0576854302603933,1.574494336420429e-05
87,0.27105841409174597,0.9999445659323488,0.9999029155594101,0.42744756054649047,1.0577519446965349,1.3409613672799026e-05
87,0.2709419973343897,0.9999892020789983,0.9983046611220201,0.42603913713016084,1.058197229440921,4.211512497187542e-06
87,0.2710476964419543,0.9999842088499056,0.9996785534381044,0.42744756054649047,1.0577819937003716,1.6339818562638442e-06
87,0.27093693431887905,0.9999822673788769,0.9999925667222143,0.42595180018216733,1.0582127924477476,0.0004707550489730927
87,0.27096199288230916,0.9999767047849936,0.9992139867944143,0.42107691881840403,1.0581149289355916,6.228695123899897e-06
88,0.2710722761653508,1.0,1.0,0.42744756054649047,1.057684444529666,2.4883388600738243e-06
88,0.27107368820328864,1.0,1.0,0.42744756054649047,1.057681956190806,3.0211982930961057e-06
88,0.2710304904306404,0.9999389929055809,0.9995685043755916,0.42744756054649047,1.057847513536498,2.034650670168503e-09
88,0.27107095210046545,0.9999899740291956,1.0,0.42744756054649047,1.0576898279553355,2.170925865740969e-07
88,0.2710476964419543,0.9999862030731239,0.9996785534381044,0.42744756054649047,1.0577804279305332,6.821201781193054e-08
88,0.27107130535693025,0.9999925073696849,1.0,0.42744756054649047,1.0576882324959354,3.93575837698279e-07
88,0.27107182728170215,0.9999927289500425,1.0,0.42744756054649047,1.0576876649482503,1.4689372311860183e-06
88,0.27107368820328864,0.9999978158832542,1.0,0.42744756054649047,1.0576836710090753,4.736016562478795e-06
88,0.27107442072707333,1.0,1.0,0.42744756054649047,1.057681956190806,5.87936163998215e-06
88,0.2709710630348136,1.0,0.9994172840475607,0.41958257075872946,1.0580795108963745,4.782142393189304e-08
88,0.27104957068850877,0.9999844768161595,0.9997363338884584,0.427219381256864,1.0577730454062948,2.3880903032846845e-07
88,0.2710714644611319,0.9999916748552055,1.0,0.42744756054649047,1.0576884925621273,8.808716371877523e-07
88,0.27105567097623384,0.9999908447792507,0.9998020173674458,0.427219381256864,1.05774988275402,6.432318733207154e-07
88,0.27107130535693025,0.9999947231732609,1.0,0.42744756054649047,1.0576882324959354,2.1332908424209762e-06
88,0.2710754068132642,1.0,1.0,0.42744756054649047,1.057681956190806,9.726851097457967e-06
88,0.2709395348418488,0.9999821444103456,0.9983046611220201,0.42603913713016084,1.058202761136563,1.2559214468410573e-07
88,0.2710339920068562,0.9999445659323488,0.9996042206602468,0.42744756054649047,1.057833844826147,4.49965649851336e-07
88,0.2710727330755498,0.9999908260392093,1.0,0.42744756054649047,1.0576891590042818,6.497268490779362e-06
88,0.2709533549291219,0.999985256395331,0.9991266519937937,0.42036906973750554,1.0581486614841016,4.0471773821160184e-07
88,0.271070725440517,0.9999947231732609,0.9999925667222143,0.42744756054649047,1.057690495266151,2.3700880087407228e-06
88,0.2710727494078895,0.9999901616577774,1.0,0.42744756054649047,1.0576896806396714,7.082630066435058e-06
88,0.2710343185453694,0.9999455146177022,0.9996042206602468,0.42744756054649047,1.0578326499377455,7.9575627642825e-08
88,0.2710317591468318,0.9999729338289218,0.9994169845897141,0.42744756054649047,1.0578622021843058,1.9642531146280007e-05
88,0.2711662899055276,0.9999975239597476,1.0,0.42744756054649047,1.057683900207905,0.0003661563851189431
88,0.2709592094048223,0.9999919694464746,0.999211889531263,0.42744756054649047,1.0581257986125396,0.0002225664953341422
88,0.2710699968925881,0.9999952508559348,1.0,0.42744756054649047,1.0576933379939546,7.65309225791988e-06
88,0.2710389913104217,0.9999541169887467,0.9996116539380324,0.42744756054649047,1.0578238677368625,9.534614426653931e-06
88,0.27094363072316974,0.9999520585626639,0.9990797763030514,0.42036906973750554,1.058187226413101,5.87821189501625e-07
88,0.27107281447571013,0.9999952508559348,1.0,0.42744756054649047,1.0576856849016967,3.340776279614488e-06
88,0.2709006568464654,0.9999272380253684,0.9979163150600525,0.42603913713016084,1.0583545022748515,1.908839233788484e-06
88,0.2710602065906651,0.9999992529316407,0.9998218156307012,0.4272421991858266,1.0577372038270263,5.663482335771519e-06
88,0.27118103302229984,1.0,1.0,0.42744756054649047,1.057681956190806,0.0004216948502249185
88,0.27099778049796724,0.9998944086914368,0.9992225645482864,0.42744756054649047,1.0579769245874848,1.728937492506688e-06
88,0.27103008643535664,0.9999324489606192,0.9995685043755916,0.42744756054649047,1.0578526520414155,3.563720515797897e-06
88,0.2711057610995754,1.0,1.0,0.42744756054649047,1.057681956190806,0.00012814884782730296
88,0.27103030069615563,0.9999821444103456,0.9996042206602468,0.42744756054649047,1.0578482520469132,4.4363321131335454e-05
88,0.27106999490672,0.9999872305429458,0.9999925667222143,0.42744756054649047,1.057694007969519,6.622268666767184e-07
88,0.2711490838942137,0.9999503137922046,1.0,0.42744756054649047,1.0577209682374562,0.0003361313574699043
88,0.2710530044897394,0.999985256395331,0.9997953274174386,0.427219381256864,1.057759645140253,3.5502900943562565e-06
88,0.271070725440517,1.0,1.0,0.42744756054649047,1.057690495266151,8.539075345037617e-06
89,0.2710722761653508,1.0,1.0,0.42744756054649047,1.057684444529666,2.4883388600738243e-06
89,0.27107368820328864,1.0,1.0,0.42744756054649047,1.057681956190806,3.0211982930961057e-06
89,0.2710304904306404,0.9999389929055809,0.9995685043755916,0.42744756054649047,1.057847513536498,2.034650670168503e-09
89,0.27107095210046545,0.9999899740291956,1.0,0.42744756054649047,1.0576898279553355,2.170925865740969e-07
89,0.2710476964419543,0.9999862030731239,0.9996785534381044,0.42744756054649047,1.0577804279305332,6.821201781193054e-08
89,0.27107130535693025,0.9999925073696849,1.0,0.42744756054649047,1.0576882324959354,3.93575837698279e-07
89,0.27107182728170215,0.9999927289500425,1.0,0.42744756054649047,1.0576876649482503,1.4689372311860183e-06
89,0.27107368820328864,0.9999978158832542,1.0,0.42744756054649047,1.0576836710090753,4.736016562478795e-06
89,0.27107442072707333,1.0,1.0,0.42744756054649047,1.057681956190806,5.87936163998215e-06
89,0.27107281447571013,0.9999952508559348,1.0,0.42744756054649047,1.0576856849016967,3.340776279614488e-06
89,0.2709710630348136,1.0,0.9994172840475607,0.41958257075872946,1.0580795108963745,4.782142393189304e-08
89,0.27104957068850877,0.9999844768161595,0.9997363338884584,0.427219381256864,1.0577730454062948,2.3880903032846845e-07
89,0.2710343185453694,0.9999455146177022,0.9996042206602468,0.42744756054649047,1.0578326499377455,7.9575627642825e-08
89,0.2710714644611319,0.9999916748552055,1.0,0.42744756054649047,1.0576884925621273,8.808716371877523e-07
89,0.27105567097623384,0.9999908447792507,0.9998020173674458,0.427219381256864,1.05774988275402,6.432318733207154e-07
89,0.27106999490672,0.9999872305429458,0.9999925667222143,0.42744756054649047,1.057694007969519,6.622268666767184e-07
89,0.27107130535693025,0.9999947231732609,1.0,0.42744756054649047,1.0576882324959354,2.1332908424209762e-06
89,0.2710754068132642,1.0,1.0,0.42744756054649047,1.057681956190806,9.726851097457967e-06
89,0.2709395348418488,0.9999821444103456,0.9983046611220201,0.42603913713016084,1.058202761136563,1.2559214468410573e-07
89,0.2710339920068562,0.9999445659323488,0.9996042206602468,0.42744756054649047,1.057833844826147,4.49965649851336e-07
89,0.2710728226680338,0.9999921497696119,1.0,0.42744756054649047,1.0576881196867778,5.807526483270209e-06
89,0.2709509944165245,0.9999990752771603,0.9991346720918618,0.41958257075872946,1.0581595462470246,1.6662205013506792e-06
89,0.27107441873708565,1.0,1.0,0.42744756054649047,1.057681956190806,5.8715971213985085e-06
89,0.27107095210046545,1.0,1.0,0.42744756054649047,1.057689610862749,7.654671942969316e-06
89,0.27097626827550964,1.0,0.9986930071839877,0.42603913713016084,1.0580820545725826,2.286855020727785e-05
89,0.27094265660579586,0.9999911677840695,0.9983046611220201,0.42603913713016084,1.0581956887644466,5.245684904675585e-06
89,0.27109507942054845,1.0,1.0,0.42744756054649047,1.057681956190806,8.647914911419363e-05
89,0.271072192834502,0.9999925073696849,1.0,0.42744756054649047,1.0576878389200977,3.0692455272873786e-06
89,0.2711660508549162,0.9999980342949288,1.0,0.42744756054649047,1.0576834995269113,0.0003648236093758417
89,0.2710734499186528,0.9999952908086789,1.0,0.42744756054649047,1.0576856535333212,5.7887978217596725e-06
89,0.271109396997493,1.0,1.0,0.42744756054649047,1.057681956190806,0.00014233189612533614
89,0.27107596747605134,1.0,1.0,0.42744756054649047,1.057681956190806,1.1914420373182466e-05
89,0.2710343185453694,0.9999851309102438,1.0,0.42744756054649047,1.0578325703621179,0.0001389398364781691
89,0.2710185628573275,0.9999406004633331,0.999426036290948,0.4272421991858266,1.0578940675516166,2.7897133652032835e-06
89,0.270973696699832,1.0,0.998660862527798,0.42603913713016084,1.058090884299465,2.1657157632581914e-05
89,0.2710365495885616,0.9999501093391139,0.9996437985942221,0.42744756054649047,1.0578238627905765,5.615859467900108e-06
89,0.2710711991486675,0.9999934560550383,1.0,0.42744756054649047,1.0576886469081992,1.5528394292640968e-06
89,0.2710083686795836,0.9999265756713924,0.9992792024698856,0.42744756054649047,1.0579362048627547,2.343853203301549e-06
89,0.27103385729989254,0.9999367684702283,0.9996116539380324,0.42744756054649047,1.0578374900571679,3.1194753600249925e-06
89,0.27090656464226237,0.9999421309400015,0.9979484597162422,0.42603913713016084,1.0583320764929807,6.54287323431646e-07
90,0.2710722761653508,1.0,1.0,0.42744756054649047,1.057684444529666,2.4883388600738243e-06
90,0.27107368820328864,1.0,1.0,0.42744756054649047,1.057681956190806,3.0211982930961057e-06
90,0.2710304904306404,0.9999389929055809,0.9995685043755916,0.42744756054649047,1.057847513536498,2.034650670168503e-09
90,0.27107095210046545,0.9999899740291956,1.0,0.42744756054649047,1.0576898279553355,2.170925865740969e-07
90,0.2710476964419543,0.9999862030731239,0.9996785534381044,0.42744756054649047,1.0577804279305332,6.821201781193054e-08
90,0.27107130535693025,0.9999925073696849,1.0,0.42744756054649047,1.0576882324959354,3.93575837698279e-07
90,0.27107182728170215,0.9999927289500425,1.0,0.42744756054649047,1.0576876649482503,1.4689372311860183e-06
90,0.27107368820328864,0.9999978158832542,1.0,0.42744756054649047,1.0576836710090753,4.736016562478795e-06
90,0.27107281447571013,0.9999952508559348,1.0,0.42744756054649047,1.0576856849016967,3.340776279614488e-06
90,0.27107441873708565,1.0,1.0,0.42744756054649047,1.057681956190806,5.8715971213985085e-06
90,0.2709710630348136,1.0,0.9994172840475607,0.41958257075872946,1.0580795108963745,4.782142393189304e-08
90,0.27104957068850877,0.9999844768161595,0.9997363338884584,0.427219381256864,1.0577730454062948,2.3880903032846845e-07
90,0.2710343185453694,0.9999455146177022,0.9996042206602468,0.42744756054649047,1.0578326499377455,7.9575627642825e-08
90,0.2710714644611319,0.9999916748552055,1.0,0.42744756054649047,1.0576884925621273,8.808716371877523e-07
90,0.27105567097623384,0.9999908447792507,0.9998020173674458,0.427219381256864,1.05774988275402,6.432318733207154e-07
90,0.27106999490672,0.9999872305429458,0.9999925667222143,0.42744756054649047,1.057694007969519,6.622268666767184e-07
90,0.27107130535693025,0.9999947231732609,1.0,0.42744756054649047,1.0576882324959354,2.1332908424209762e-06
90,0.271072192834502,0.9999925073696849,1.0,0.42744756054649047,1.0576878389200977,3.0692455272873786e-06
90,0.27107442072707333,1.0,1.0,0.42744756054649047,1.057681956190806,5.87936163998215e-06
90,0.2709395348418488,0.9999821444103456,0.9983046611220201,0.42603913713016084,1.058202761136563,1.2559214468410573e-07
90,0.2710736132055247,0.9999952508559348,1.0,0.42744756054649047,1.0576856849016967,6.457281827465522e-06
90,0.2710917629397674,1.0,1.0,0.427219381256864,1.057688680162431,8.026471559263726e-05
90,0.2710559889070522,0.9999951190089094,0.9998020173674458,0.427219381256864,1.0577479988519756,1.4710223592562244e-06
90,0.27107119517281175,0.9999929283723643,0.9999925667222143,0.42744756054649047,1.0576895343467028,8.71925171619381e-07
90,0.27103646310709195,0.9999502922799146,0.9996042206602468,0.42744756054649047,1.0578288984632562,4.69814554060477e-06
90,0.27105135675686953,0.9999903033642022,0.9997627004996126,0.4272421991858266,1.0577660753066618,5.715805925010642e-06
90,0.2710940624991885,1.0,1.0,0.42744756054649047,1.057681956190806,8.251192306385491e-05
90,0.27100594317170107,0.9999294445870133,1.0,0.42744756054649047,1.0579433295358855,0.00020597429911162202
90,0.27107281447571013,0.9999831807062796,0.998474195009818,0.4261799794717938,1.0581509772379591,0.00046863311254208284
90,0.27109317440710406,1.0,1.0,0.42744756054649047,1.057681956190806,7.904726301277698e-05
90,0.2709710630348136,1.0,1.0,0.42744756054649047,1.0580795108963745,0.0003975547055685702
90,0.27107188112499453,0.9999844768161595,0.9999933100499928,0.42744756054649047,1.057695967464209,9.981542508752383e-06
90,0.27109398192865264,1.0,1.0,0.42744756054649047,1.057681956190806,8.219759903105306e-05
90,0.2710101304992465,0.999931765407408,0.9993312048752042,0.4272421991858266,1.057926983448672,2.8716393261074558e-06
90,0.2710764902454285,1.0,1.0,0.42744756054649047,1.057681956190806,1.3954130664739495e-05
90,0.27104113259666857,0.9999577065232156,0.9996437985942221,0.42744756054649047,1.0578122816077347,6.3054577374987986e-06
90,0.27110755463367653,1.0,1.0,0.42744756054649047,1.057681956190806,0.00013514518111956697
90,0.2710162762942322,0.9999382458372216,0.9993903200062928,0.4272421991858266,1.0579029929990391,1.1328327276238781e-07
90,0.2710920699996788,1.0,1.0,0.42744756054649047,1.057681956190806,7.473867330998196e-05
90,0.271012263749827,0.9999391319341271,0.9993223520323266,0.42744756054649047,1.0579186560641025,4.087800058005797e-06
91,0.2710722761653508,1.0,1.0,0.42744756054649047,1.057684444529666,2.4883388600738243e-06
91,0.27107368820328864,1.0,1.0,0.42744756054649047,1.057681956190806,3.0211982930961057e-06
91,0.2710304904306404,0.9999389929055809,0.9995685043755916,0.42744756054649047,1.057847513536498,2.034650670168503e-09
91,0.27107095210046545,0.9999899740291956,1.0,0.42744756054649047,1.0576898279553355,2.170925865740969e-07
91,0.2710476964419543,0.9999862030731239,0.9996785534381044,0.42744756054649047,1.0577804279305332,6.821201781193054e-08
91,0.27107130535693025,0.9999925073696849,1.0,0.42744756054649047,1.0576882324959354,3.93575837698279e-07
91,0.27107182728170215,0.9999927289500425,1.0,0.42744756054649047,1.0576876649482503,1.4689372311860183e-06
91,0.27107368820328864,0.9999978158832542,1.0,0.42744756054649047,1.0576836710090753,4.736016562478795e-06
91,0.27107281447571013,0.9999952508559348,1.0,0.42744756054649047,1.0576856849016967,3.340776279614488e-06
91,0.27107441873708565,1.0,1.0,0.42744756054649047,1.057681956190806,5.8715971213985085e-06
91,0.2709710630348136,1.0,0.9994172840475607,0.41958257075872946,1.0580795108963745,4.782142393189304e-08
91,0.27104957068850877,0.9999844768161595,0.9997363338884584,0.427219381256864,1.0577730454062948,2.3880903032846845e-07
91,0.2710343185453694,0.9999455146177022,0.9996042206602468,0.42744756054649047,1.0578326499377455,7.9575627642825e-08
91,0.2710714644611319,0.9999916748552055,1.0,0.42744756054649047,1.0576884925621273,8.808716371877523e-07
91,0.27105567097623384,0.9999908447792507,0.9998020173674458,0.427219381256864,1.05774988275402,6.432318733207154e-07
91,0.27106999490672,0.9999872305429458,0.9999925667222143,0.42744756054649047,1.057694007969519,6.622268666767184e-07
91,0.27107119517281175,0.9999929283723643,0.9999925667222143,0.42744756054649047,1.0576895343467028,8.71925171619381e-07
91,0.27107130535693025,0.9999947231732609,1.0,0.42744756054649047,1.0576882324959354,2.1332908424209762e-06
91,0.271072192834502,0.9999925073696849,1.0,0.42744756054649047,1.0576878389200977,3.0692455272873786e-06
91,0.27107442072707333,1.0,1.0,0.42744756054649047,1.057681956190806,5.87936163998215e-06
91,0.27107771772952677,1.0,1.0,0.427219381256864,1.057688680162431,2.5467395411427063e-05
91,0.2710314148336758,0.9999350676442185,0.9996116539380324,0.42744756054649047,1.0578439035162284,5.0779191955729885e-06
91,0.2710527697683873,0.9999844803143786,0.9997953274174386,0.427219381256864,1.0577605611197256,3.8570989362440855e-06
91,0.2710742459672697,1.0,1.0,0.42744756054649047,1.057681956190806,5.1974847536939706e-06
91,0.271071438741958,0.9999915047726045,0.9999925667222143,0.42744756054649047,1.057690652074293,2.9400307313132146e-06
91,0.27105398380792783,0.9999935217648587,0.9997627004996126,0.4272421991858266,1.057757833239984,2.0097858806078506e-06
91,0.2710928005334758,1.0,1.0,0.42744756054649047,1.057681956190806,7.758868560081567e-05
91,0.271047255291312,0.9999823059390724,0.999710698094294,0.42744756054649047,1.0577820813389127,7.3600147778574154e-06
91,0.27097116220052025,1.0,0.9994239739975679,0.41958257075872946,1.0580791236773024,1.5387565963642658e-06
91,0.27107454967765954,1.0,1.0,0.42744756054649047,1.057681956190806,6.382499798007757e-06
91,0.2710524545443162,0.9999880233577619,0.9997627004996126,0.4272421991858266,1.0577621491854505,3.579289615807113e-07
91,0.27107409172955343,1.0,1.0,0.42744756054649047,1.057681956190806,4.595680109797939e-06
91,0.2710948536662435,1.0,1.0,0.42744756054649047,1.057681956190806,8.559843622801822e-05
91,0.27103627325323054,0.999949315076414,1.0,0.42744756054649047,1.0578249412960576,0.00010318885864690763
91,0.2710745766778958,1.0,1.0,0.42744756054649047,1.057681956190806,6.487848999814361e-06
91,0.2711646388169783,0.9999952508559348,0.9999925667222143,0.42744756054649047,1.0576877108747458,0.0003635291726660217
91,0.27100435116521837,1.0,0.9997734854533386,0.41958257075872946,1.0579794971103376,2.9952719873049816e-05
91,0.27105475347452723,0.9999594854831586,0.9998415201606342,0.42744756054649047,1.0577569675358087,4.147605215498729e-06
91,0.27107737673953575,1.0,1.0,0.42742474261752783,1.05768262841468,1.8085206247686614e-05
91,0.2710728894734741,1.0,1.0,0.42744756054649047,1.0576820514963363,9.530553035652645e-08
92,0.27107368820328864,1.0,1.0,0.42744756054649047,1.057681956190806,3.0211982930961057e-06
92,0.2710304904306404,0.9999389929055809,0.9995685043755916,0.42744756054649047,1.057847513536498,2.034650670168503e-09
92,0.2710476964419543,0.9999862030731239,0.9996785534381044,0.42744756054649047,1.0577804279305332,6.821201781193054e-08
92,0.2710728894734741,1.0,1.0,0.42744756054649047,1.0576820514963363,9.530553035652645e-08
92,0.27107409172955343,1.0,1.0,0.42744756054649047,1.057681956190806,4.595680109797939e-06
92,0.2709710630348136,1.0,0.9994172840475607,0.41958257075872946,1.0580795108963745,4.782142393189304e-08
92,0.2710343185453694,0.9999455146177022,0.9996042206602468,0.42744756054649047,1.0578326499377455,7.9575627642825e-08
92,0.2710722761653508,1.0,1.0,0.42744756054649047,1.057684444529666,2.4883388600738243e-06
92,0.27107095210046545,0.9999899740291956,1.0,0.42744756054649047,1.0576898279553355,2.170925865740969e-07
92,0.27107130535693025,0.9999925073696849,1.0,0.42744756054649047,1.0576882324959354,3.93575837698279e-07
92,0.27107182728170215,0.9999927289500425,1.0,0.42744756054649047,1.0576876649482503,1.4689372311860183e-06
92,0.2710742459672697,1.0,1.0,0.42744756054649047,1.057681956190806,5.1974847536939706e-06
92,0.27104957068850877,0.9999844768161595,0.9997363338884584,0.427219381256864,1.0577730454062948,2.3880903032846845e-07
92,0.27105567097623384,0.9999908447792507,0.9998020173674458,0.427219381256864,1.05774988275402,6.432318733207154e-07
92,0.27106999490672,0.9999872305429458,0.9999925667222143,0.42744756054649047,1.057694007969519,6.622268666767184e-07
92,0.27107130535693025,0.9999947231732609,1.0,0.42744756054649047,1.0576882324959354,2.1332908424209762e-06
92,0.27107368820328864,0.9999978158832542,1.0,0.42744756054649047,1.0576836710090753,4.736016562478795e-06
92,0.27107281447571013,0.9999952508559348,1.0,0.42744756054649047,1.0576856849016967,3.340776279614488e-06
92,0.2710524545443162,0.9999880233577619,0.9997627004996126,0.4272421991858266,1.0577621491854505,3.579289615807113e-07
92,0.271072192834502,0.9999925073696849,1.0,0.42744756054649047,1.0576878389200977,3.0692455272873786e-06
92,0.27107368820328864,0.9999860291345436,0.9991799845471733,0.4193772093980656,1.0581633002998556,0.00048436530734274896
92,0.271038988034946,0.9999577065232156,0.9996437985942221,0.42744756054649047,1.057814345906003,2.064298268322773e-06
92,0.2711416089887911,0.9999760031637392,0.9996785534381044,0.42744756054649047,1.0577884364831245,0.00037444933125119206
92,0.2709690848998098,0.9999952508559348,0.9994105940975535,0.41958257075872946,1.0580872351137345,2.201389308398305e-06
92,0.27105077971488833,0.9999814794128002,0.9997627004996126,0.4272421991858266,1.0577683271925633,1.0413103903594845e-06
92,0.2710733053747328,0.9999957257703413,1.0,0.42744756054649047,1.0576853120290137,4.883308827530186e-06
92,0.27095145075415544,0.9999892210219857,0.999203714497212,0.419397745534132,1.0581560978723512,2.582185914423718e-06
92,0.27105462970141336,0.9999517161631419,0.9998573681445708,0.42744756054649047,1.0577587472923826,5.444354508332694e-06
92,0.271075709264436,0.9999977901352747,1.0,0.4274270244104241,1.0576842961803723,1.3246932398569555e-05
92,0.27107062310294555,0.9999901734515175,1.0,0.42744756054649047,1.0576908945771313,1.2231972552623205e-06
92,0.27103376656805844,0.9999455146177022,0.9996042206602468,0.42744756054649047,1.0578347247046669,2.0747669213783126e-06
92,0.2711619931791299,0.9999881792282992,1.0,0.42744756054649047,1.0576912371372809,0.0003567394730341622
92,0.27098347011338364,1.0,0.9994755556428047,0.42036906973750554,1.058039081446045,8.015111883530324e-06
92,0.27104937257967454,0.9999909522171891,0.9998020173674458,0.42744756054649047,1.0577738185281145,3.0787256942943486e-05
92,0.27105005163221974,0.999948214626972,0.9998058038759791,0.42744756054649047,1.0577755554290484,4.386905967157517e-06
92,0.2710324472987358,0.9999378225650654,0.9996116539380324,0.42744756054649047,1.0578398737888797,3.2114364796331785e-06
92,0.2710857060131477,0.9999919980432603,1.0,0.42744756054649047,1.0576882388135032,5.619299295256397e-05
92,0.2710652042659346,0.9999880297496488,0.9999247057813695,0.42744756054649047,1.0577120387684709,1.6110009792846824e-07
92,0.2710953397530318,1.0,1.0,0.42744756054649047,1.057681956190806,8.749475659808326e-05
92,0.27110697633369335,1.0,1.0,0.42744756054649047,1.057681956190806,0.00013288932142518917
93,0.27107368820328864,1.0,1.0,0.42744756054649047,1.057681956190806,3.0211982930961057e-06
93,0.2710304904306404,0.9999389929055809,0.9995685043755916,0.42744756054649047,1.057847513536498,2.034650670168503e-09
93,0.2710476964419543,0.9999862030731239,0.9996785534381044,0.42744756054649047,1.0577804279305332,6.821201781193054e-08
93,0.2710728894734741,1.0,1.0,0.42744756054649047,1.0576820514963363,9.530553035652645e-08
93,0.27107409172955343,1.0,1.0,0.42744756054649047,1.057681956190806,4.595680109797939e-06
93,0.2709710630348136,1.0,0.9994172840475607,0.41958257075872946,1.0580795108963745,4.782142393189304e-08
93,0.2710343185453694,0.9999455146177022,0.9996042206602468,0.42744756054649047,1.0578326499377455,7.9575627642825e-08
93,0.2710722761653508,1.0,1.0,0.42744756054649047,1.057684444529666,2.4883388600738243e-06
93,0.27107095210046545,0.9999899740291956,1.0,0.42744756054649047,1.0576898279553355,2.170925865740969e-07
93,0.27107130535693025,0.9999925073696849,1.0,0.42744756054649047,1.0576882324959354,3.93575837698279e-07
93,0.27107182728170215,0.9999927289500425,1.0,0.42744756054649047,1.0576876649482503,1.4689372311860183e-06
93,0.2710652042659346,0.9999880297496488,0.9999247057813695,0.42744756054649047,1.0577120387684709,1.6110009792846824e-07
93,0.2710742459672697,1.0,1.0,0.42744756054649047,1.057681956190806,5.1974847536939706e-06
93,0.27104957068850877,0.9999844768161595,0.9997363338884584,0.427219381256864,1.0577730454062948,2.3880903032846845e-07
93,0.27105567097623384,0.9999908447792507,0.9998020173674458,0.427219381256864,1.05774988275402,6.432318733207154e-07
93,0.27106999490672,0.9999872305429458,0.9999925667222143,0.42744756054649047,1.057694007969519,6.622268666767184e-07
93,0.27107368820328864,0.9999978158832542,1.0,0.42744756054649047,1.0576836710090753,4.736016562478795e-06
93,0.27107130535693025,0.9999947231732609,1.0,0.42744756054649047,1.0576882324959354,2.1332908424209762e-06
93,0.27107281447571013,0.9999952508559348,1.0,0.42744756054649047,1.0576856849016967,3.340776279614488e-06
93,0.27107062310294555,0.9999901734515175,1.0,0.42744756054649047,1.0576908945771313,1.2231972552623205e-06
93,0.2710727458976455,0.9999982051991035,1.0,0.42744756054649047,1.0576833653444948,7.536384780681971e-07
93,0.2710563107954864,0.9999917603013256,0.9998218156307012,0.4272421991858266,1.0577467427408564,3.6576691180290055e-06
93,0.271065067336025,0.9999927165148339,0.9999145182577572,0.42742474261752783,1.0577125730771326,9.241031564410918e-07
93,0.27107266356383214,0.9999929822840914,1.0,0.42744756054649047,1.057687466045369,4.533085850466634e-06
93,0.2710525402039678,0.9999879948396148,0.9997627004996126,0.4272421991858266,1.0577621715707424,7.145944860287301e-07
93,0.27103420760010305,0.9999442904402642,0.9996116539380324,0.42744756054649047,1.057833003375784,1.4197418070072132e-06
93,0.2710731862157057,0.9999978158832542,1.0,0.42744756054649047,1.0576836710090753,2.7773510908879473e-06
93,0.2710591475283672,0.9999961201295415,0.9998218156307012,0.4272421991858266,1.057739662869402,3.989834109541235e-06
93,0.2711054275988473,1.0,1.0,0.42744756054649047,1.057681956190806,0.0001268478965090747
93,0.271081268810405,1.0,1.0,0.4272421991858266,1.0576880075919415,3.864988622170884e-05
93,0.27107182728170215,0.9999565861263715,0.9990356279356003,0.42744756054649047,1.0579791388645452,0.0002929428535261014
93,0.271037892337523,0.9999487790391862,0.9996437985942221,0.42744756054649047,1.0578192914944622,6.692696072896354e-07
93,0.2710358063015341,0.9999543585113364,0.9996042206602468,0.42744756054649047,1.0578267637606085,1.0581200871051522e-06
93,0.27103615603981324,0.9999518369823064,0.9996116539380324,0.42744756054649047,1.0578256580055798,2.592381735944116e-07
93,0.2710732282130242,1.0,1.0,0.42744756054649047,1.057681956190806,1.2263991002736674e-06
93,0.2710464256078102,0.9999862030731239,0.9996785534381044,0.42744756054649047,1.0577853192504114,4.891319878241873e-06
93,0.2711043848905663,1.0,1.0,0.42744756054649047,1.057681956190806,0.00012278038035495875
93,0.27105101447492086,0.9999853986490658,0.999710698094294,0.42744756054649047,1.057772293067813,4.882019121854597e-06
93,0.2710641386341492,0.9999892267746839,0.9999322352032325,0.42744756054649047,1.0577161969414033,7.311569996559797e-06
93,0.2709318218657919,0.9999450936150228,0.9990289379855932,0.41958257075872946,1.0582327608043636,1.5373409929519966e-06
94,0.2710304904306404,0.9999389929055809,0.9995685043755916,0.42744756054649047,1.057847513536498,2.034650670168503e-09
94,0.2710476964419543,0.9999862030731239,0.9996785534381044,0.42744756054649047,1.0577804279305332,6.821201781193054e-08
94,0.2710728894734741,1.0,1.0,0.42744756054649047,1.0576820514963363,9.530553035652645e-08
94,0.2710732282130242,1.0,1.0,0.42744756054649047,1.057681956190806,1.2263991002736674e-06
94,0.2709710630348136,1.0,0.9994172840475607,0.41958257075872946,1.0580795108963745,4.782142393189304e-08
94,0.2710343185453694,0.9999455146177022,0.9996042206602468,0.42744756054649047,1.0578326499377455,7.9575627642825e-08
94,0.27107095210046545,0.9999899740291956,1.0,0.42744756054649047,1.0576898279553355,2.170925865740969e-07
94,0.27107130535693025,0.9999925073696849,1.0,0.42744756054649047,1.0576882324959354,3.93575837698279e-07
94,0.2710652042659346,0.9999880297496488,0.9999247057813695,0.42744756054649047,1.0577120387684709,1.6110009792846824e-07
94,0.2710727458976455,0.9999982051991035,1.0,0.42744756054649047,1.0576833653444948,7.536384780681971e-07
94,0.27107368820328864,1.0,1.0,0.42744756054649047,1.057681956190806,3.0211982930961057e-06
94,0.27106999490672,0.9999872305429458,0.9999925667222143,0.42744756054649047,1.057694007969519,6.622268666767184e-07
94,0.27104957068850877,0.9999844768161595,0.9997363338884584,0.427219381256864,1.0577730454062948,2.3880903032846845e-07
94,0.27105567097623384,0.9999908447792507,0.9998020173674458,0.427219381256864,1.05774988275402,6.432318733207154e-07
94,0.2710722761653508,1.0,1.0,0.42744756054649047,1.057684444529666,2.4883388600738243e-06
94,0.27107182728170215,0.9999927289500425,1.0,0.42744756054649047,1.0576876649482503,1.4689372311860183e-06
94,0.27107062310294555,0.9999901734515175,1.0,0.42744756054649047,1.0576908945771313,1.2231972552623205e-06
94,0.2710731862157057,0.9999978158832542,1.0,0.42744756054649047,1.0576836710090753,2.7773510908879473e-06
94,0.27107409172955343,1.0,1.0,0.42744756054649047,1.057681956190806,4.595680109797939e-06
94,0.27103615603981324,0.9999518369823064,0.9996116539380324,0.42744756054649047,1.0578256580055798,2.592381735944116e-07
94,0.27110533693823974,1.0,1.0,0.42744756054649047,1.057681956190806,0.0001264942384460177
94,0.2710332347844885,0.9999432146690297,0.9996042206602468,0.42744756054649047,1.0578368002402545,2.3443439758352724e-06
94,0.2710582902164421,0.9999917603013256,0.9998218156307012,0.4272421991858266,1.0577430850717384,4.066595869378631e-06
94,0.27096944861735156,0.9999925919470829,0.9994172840475607,0.41958257075872946,1.0580858148617884,5.919938832477101e-07
94,0.2710718707335332,0.9999951559873995,1.0,0.41958257075872946,1.0579197303233923,0.00023370385560750329
94,0.27104708480951495,0.9999674265093917,0.9997182533409966,0.42744756054649047,1.0577843438135013,1.5971562745686896e-06
94,0.27113896497314666,0.9999748133087574,1.0,0.42744756054649047,1.0577017315035913,0.00027743296355353664
94,0.2710890048993357,0.9999926518056251,1.0,0.42744756054649047,1.0576877255174948,6.855003720884767e-05
94,0.27108458938939806,1.0,1.0,0.427219381256864,1.057688680162431,5.227785278960617e-05
94,0.27102562750501413,0.9999722322076675,0.999441253937717,0.4272421991858266,1.0578664921192922,4.20059447581167e-06
94,0.2711104313789798,1.0,1.0,0.42744756054649047,1.057681956190806,0.000146366781095697
94,0.2710997888829831,1.0,1.0,0.42744756054649047,1.057681956190806,0.0001048513734980272
94,0.271160344041646,0.9999810148583361,1.0,0.42744756054649047,1.05769686226889,0.0003559341291514695
94,0.2711032830371248,1.0,1.0,0.42744756054649047,1.057681956190806,0.0001184821099684541
94,0.2710722761653508,0.99993786611685,0.999374354437645,0.42744756054649047,1.057901370344248,0.00021692581458188087
94,0.2710412558085317,0.99996549717771,1.0,0.42744756054649047,1.0578054952850295,9.64489753649822e-05
94,0.27102677805937586,0.9999350890697428,0.999536359719402,0.42744756054649047,1.0578620012977178,2.653406407704395e-06
94,0.2710920638436602,1.0,1.0,0.42744756054649047,1.057681956190806,7.47146569313184e-05
94,0.27107181476134234,0.9999991968252414,1.0,0.42744756054649047,1.057686244863799,3.6580762767801644e-06
94,0.2710894519188133,1.0,1.0,0.42744756054649047,1.057681956190806,6.452469711293318e-05
95,0.2710304904306404,0.9999389929055809,0.9995685043755916,0.42744756054649047,1.057847513536498,2.034650670168503e-09
95,0.2710476964419543,0.9999862030731239,0.9996785534381044,0.42744756054649047,1.0577804279305332,6.821201781193054e-08
95,0.2710728894734741,1.0,1.0,0.42744756054649047,1.0576820514963363,9.530553035652645e-08
95,0.2710732282130242,1.0,1.0,0.42744756054649047,1.057681956190806,1.2263991002736674e-06
95,0.2709710630348136,1.0,0.9994172840475607,0.41958257075872946,1.0580795108963745,4.782142393189304e-08
95,0.2710343185453694,0.9999455146177022,0.9996042206602468,0.42744756054649047,1.0578326499377455,7.9575627642825e-08
95,0.27107095210046545,0.9999899740291956,1.0,0.42744756054649047,1.0576898279553355,2.170925865740969e-07
95,0.27107130535693025,0.9999925073696849,1.0,0.42744756054649047,1.0576882324959354,3.93575837698279e-07
95,0.2710652042659346,0.9999880297496488,0.9999247057813695,0.42744756054649047,1.0577120387684709,1.6110009792846824e-07
95,0.2710727458976455,0.9999982051991035,1.0,0.42744756054649047,1.0576833653444948,7.536384780681971e-07
95,0.27107368820328864,1.0,1.0,0.42744756054649047,1.057681956190806,3.0211982930961057e-06
95,0.27106999490672,0.9999872305429458,0.9999925667222143,0.42744756054649047,1.057694007969519,6.622268666767184e-07
95,0.27104957068850877,0.9999844768161595,0.9997363338884584,0.427219381256864,1.0577730454062948,2.3880903032846845e-07
95,0.27105567097623384,0.9999908447792507,0.9998020173674458,0.427219381256864,1.05774988275402,6.432318733207154e-07
95,0.2710722761653508,1.0,1.0,0.42744756054649047,1.057684444529666,2.4883388600738243e-06
95,0.27107182728170215,0.9999927289500425,1.0,0.42744756054649047,1.0576876649482503,1.4689372311860183e-06
95,0.27107062310294555,0.9999901734515175,1.0,0.42744756054649047,1.0576908945771313,1.2231972552623205e-06
95,0.2710731862157057,0.9999978158832542,1.0,0.42744756054649047,1.0576836710090753,2.7773510908879473e-06
95,0.27107409172955343,1.0,1.0,0.42744756054649047,1.057681956190806,4.595680109797939e-06
95,0.27103615603981324,0.9999518369823064,0.9996116539380324,0.42744756054649047,1.0578256580055798,2.592381735944116e-07
95,0.2709820444084942,1.0,0.9994755556428047,0.42036906973750554,1.058039081446045,2.4485435812238165e-06
95,0.2709938477594418,0.9999862030731239,0.9996463067343176,0.4205744310981694,1.0579958029061869,5.25362425807252e-06
95,0.27101624353020554,0.9999430958053065,0.9993868224326876,0.427219381256864,1.057903120892339,2.4080463520981255e-06
95,0.27109171266249305,0.9999931038321725,1.0,0.42744756054649047,1.057687370613055,7.87590197990351e-05
95,0.2710638356344057,0.9999810155470084,0.9999322352032325,0.42744756054649047,1.0577173792744665,2.04683399873673e-06
95,0.2710343185453694,0.9999901734515175,0.9994755556428047,0.42036906973750554,1.0580467291447995,0.00021415878268160604
95,0.2711068880184117,1.0,1.0,0.42744756054649047,1.057681956190806,0.00013254481618596436
95,0.2710227401041848,0.9999491133841333,0.999452505911675,0.427219381256864,1.057878051096592,2.887622092551112e-07
95,0.271037899675521,0.9999608603560303,0.9996116539380324,0.42744756054649047,1.057818593585794,2.071579863205386e-08
95,0.2710648218556423,0.9999854806913537,0.9999248019254467,0.42744756054649047,1.057713852854048,3.2189649235014883e-07
95,0.2710730533302271,1.0,1.0,0.42744756054649047,1.057681956190806,5.440363144426641e-07
95,0.271037452526457,0.9999569650287832,0.9996116539380324,0.42744756054649047,1.0578216314577256,1.292716094836166e-06
95,0.27106002078692665,0.9999985036686092,0.9998218156307012,0.4272421991858266,1.0577377919475317,5.52655872310126e-06
95,0.27107721645910066,0.9999980037682619,1.0,0.42744756054649047,1.0576835234943935,1.8354918271734633e-05
95,0.2709493452790406,0.9999941267107733,1.0,0.42744756054649047,1.0581643205212055,0.00047775301058661235
95,0.271039086092258,0.9999566532840758,0.9996504885442292,0.42744756054649047,1.0578139632068415,2.679248789716482e-06
95,0.27109030723390276,1.0,1.0,0.42744756054649047,1.057681956190806,6.786157829430373e-05
95,0.271031480937605,0.9999779633744496,1.0,0.4272421991858266,1.0578436455106346,0.00013834032447390676
95,0.27107409172955343,0.9999460622637397,0.9997898383073313,0.42744756054649047,1.0577815987063781,0.00010423819568194936
95,0.27103615603981324,0.9999970531233727,0.9999247057813695,0.42744756054649047,1.0578253987674062,0.00012060572176175732
96,0.2710304904306404,0.9999389929055809,0.9995685043755916,0.42744756054649047,1.057847513536498,2.034650670168503e-09
96,0.2710476964419543,0.9999862030731239,0.9996785534381044,0.42744756054649047,1.0577804279305332,6.821201781193054e-08
96,0.2710728894734741,1.0,1.0,0.42744756054649047,1.0576820514963363,9.530553035652645e-08
96,0.271037899675521,0.9999608603560303,0.9996116539380324,0.42744756054649047,1.057818593585794,2.071579863205386e-08
96,0.2710730533302271,1.0,1.0,0.42744756054649047,1.057681956190806,5.440363144426641e-07
96,0.27107095210046545,0.9999899740291956,1.0,0.42744756054649047,1.0576898279553355,2.170925865740969e-07
96,0.27107130535693025,0.9999925073696849,1.0,0.42744756054649047,1.0576882324959354,3.93575837698279e-07
96,0.2710652042659346,0.9999880297496488,0.9999247057813695,0.42744756054649047,1.0577120387684709,1.6110009792846824e-07
96,0.2709710630348136,1.0,0.9994172840475607,0.41958257075872946,1.0580795108963745,4.782142393189304e-08
96,0.2710343185453694,0.9999455146177022,0.9996042206602468,0.42744756054649047,1.0578326499377455,7.9575627642825e-08
96,0.2710732282130242,1.0,1.0,0.42744756054649047,1.057681956190806,1.2263991002736674e-06
96,0.2710727458976455,0.9999982051991035,1.0,0.42744756054649047,1.0576833653444948,7.536384780681971e-07
96,0.27106999490672,0.9999872305429458,0.9999925667222143,0.42744756054649047,1.057694007969519,6.622268666767184e-07
96,0.27104957068850877,0.9999844768161595,0.9997363338884584,0.427219381256864,1.0577730454062948,2.3880903032846845e-07
96,0.2710648218556423,0.9999854806913537,0.9999248019254467,0.42744756054649047,1.057713852854048,3.2189649235014883e-07
96,0.27107368820328864,1.0,1.0,0.42744756054649047,1.057681956190806,3.0211982930961057e-06
96,0.2710722761653508,1.0,1.0,0.42744756054649047,1.057684444529666,2.4883388600738243e-06
96,0.27107182728170215,0.9999927289500425,1.0,0.42744756054649047,1.0576876649482503,1.4689372311860183e-06
96,0.27107062310294555,0.9999901734515175,1.0,0.42744756054649047,1.0576908945771313,1.2231972552623205e-06
96,0.2710731862157057,0.9999978158832542,1.0,0.42744756054649047,1.0576836710090753,2.7773510908879473e-06
96,0.27106450481754596,0.9999880297496488,0.9999247057813695,0.42744756054649047,1.0577147680634,2.890395027099757e-06
96,0.2710476964419543,0.9999973513822854,0.9999933100499928,0.42744756054649047,1.0577803597185154,9.450063986760071e-05
96,0.2710496981259882,0.9999779688688104,0.9997627004996126,0.4272421991858266,1.0577725480807816,2.506554845682629e-06
96,0.27102908486085997,0.9999419672583059,0.999536359719402,0.42744756054649047,1.057853946958461,9.494089083794677e-07
96,0.2710082662007692,1.0,0.9998056301095282,0.41958257075872946,1.0579704793934834,3.621833780442785e-05
96,0.27103501400341734,0.999940159403949,0.9996363653164364,0.42744756054649047,1.0578298560332169,1.7688399007731448e-06
96,0.27103593296283146,0.9999529226706193,0.9996042206602468,0.42744756054649047,1.0578268330659801,5.636520372664933e-07
96,0.2711115348226522,1.0,1.0,0.42744756054649047,1.057681956190806,0.00015067102787358344
96,0.2710296636762914,0.999934064281426,0.9995685043755916,0.41958257075872946,1.0580882835239316,0.0002375451427247821
96,0.2711640674312229,1.0,1.0,0.42744756054649047,1.057681956190806,0.0003555465387632406
96,0.2710123675225532,0.999936114376144,0.9993479878264908,0.427219381256864,1.0579182509788896,1.4509477268553894e-06
96,0.2709920499412824,1.0,0.9996545835479481,0.4197879321193933,1.0580066179717462,9.049758393553375e-06
96,0.27104850135188874,0.9999777562173291,0.999710698094294,0.42744756054649047,1.0577782935876332,1.0750704622086715e-06
96,0.2711081540452703,1.0,1.0,0.427219381256864,1.057688680162431,0.00014420735544207197
96,0.2710731029196998,1.0,1.0,0.42744756054649047,1.057681956190806,7.375260515640747e-07
96,0.27103279174076444,0.9999388681029303,0.9996042206602467,0.42744756054649047,1.0578385294330606,6.605170010942629e-07
96,0.271078614750242,1.0,1.0,0.42744756054649047,1.057681956190806,2.2243315539016706e-05
96,0.2710434390332557,0.9999716135774054,1.0,0.42744756054649047,1.0577969747795704,9.273093785866493e-05
96,0.27107082166106905,0.9999921591671007,0.9999925667222143,0.42744756054649047,1.0576901382814654,1.8458021111555922e-08
96,0.2710030374513948,0.9999030234392945,0.9992799812369116,0.42744756054649047,1.057954672904702,1.858989753245055e-07
97,0.2710304904306404,0.9999389929055809,0.9995685043755916,0.42744756054649047,1.057847513536498,2.034650670168503e-09
97,0.2710728894734741,1.0,1.0,0.42744756054649047,1.0576820514963363,9.530553035652645e-08
97,0.2710730533302271,1.0,1.0,0.42744756054649047,1.057681956190806,5.440363144426641e-07
97,0.27107082166106905,0.9999921591671007,0.9999925667222143,0.42744756054649047,1.0576901382814654,1.8458021111555922e-08
97,0.27107095210046545,0.9999899740291956,1.0,0.42744756054649047,1.0576898279553355,2.170925865740969e-07
97,0.27107130535693025,0.9999925073696849,1.0,0.42744756054649047,1.0576882324959354,3.93575837698279e-07
97,0.2710731029196998,1.0,1.0,0.42744756054649047,1.057681956190806,7.375260515640747e-07
97,0.2710476964419543,0.9999862030731239,0.9996785534381044,0.42744756054649047,1.0577804279305332,6.821201781193054e-08
97,0.271037899675521,0.9999608603560303,0.9996116539380324,0.42744756054649047,1.057818593585794,2.071579863205386e-08
97,0.2710652042659346,0.9999880297496488,0.9999247057813695,0.42744756054649047,1.0577120387684709,1.6110009792846824e-07
97,0.27106999490672,0.9999872305429458,0.9999925667222143,0.42744756054649047,1.057694007969519,6.622268666767184e-07
97,0.2710732282130242,1.0,1.0,0.42744756054649047,1.057681956190806,1.2263991002736674e-06
97,0.2710727458976455,0.9999982051991035,1.0,0.42744756054649047,1.0576833653444948,7.536384780681971e-07
97,0.2709710630348136,1.0,0.9994172840475607,0.41958257075872946,1.0580795108963745,4.782142393189304e-08
97,0.2710343185453694,0.9999455146177022,0.9996042206602468,0.42744756054649047,1.0578326499377455,7.9575627642825e-08
97,0.27104957068850877,0.9999844768161595,0.9997363338884584,0.427219381256864,1.0577730454062948,2.3880903032846845e-07
97,0.2710648218556423,0.9999854806913537,0.9999248019254467,0.42744756054649047,1.057713852854048,3.2189649235014883e-07
97,0.27107368820328864,1.0,1.0,0.42744756054649047,1.057681956190806,3.0211982930961057e-06
97,0.2710030374513948,0.9999030234392945,0.9992799812369116,0.42744756054649047,1.057954672904702,1.858989753245055e-07
97,0.27103593296283146,0.9999529226706193,0.9996042206602468,0.42744756054649047,1.0578268330659801,5.636520372664933e-07
97,0.27105049265972697,0.9999871468851058,0.9997173880443011,0.42744756054649047,1.0577694474187387,3.513857707027057e-07
97,0.27104154529326324,0.9999647743204272,0.9996504885442292,0.42744756054649047,1.0578049073916975,5.418911752652633e-07
97,0.2710329945909437,0.999952804070076,0.9995751943255987,0.42744756054649047,1.0578377377112451,2.893825588046184e-06
97,0.2710042500430705,0.9999176969910466,0.999254709204476,0.42744756054649047,1.0579499391522804,7.679267022275837e-08
97,0.27100317176002914,1.0,0.9997667955033314,0.41958257075872946,1.057981373951637,2.7225367170480297e-05
97,0.2710516266043464,0.9999959263346418,0.9997305558434229,0.4272421991858266,1.0577650222397272,3.042887317672438e-07
97,0.27107224441687655,0.999996894050348,1.0,0.427219381256864,1.0576911180549218,6.54964733048935e-06
97,0.2710969305808578,1.0,1.0,0.42744756054649047,1.057681956190806,9.370084195681194e-05
97,0.2711034016471452,1.0,1.0,0.42744756054649047,1.057681956190806,0.0001189448028893203
97,0.2710652042659346,1.0,1.0,0.42744756054649047,1.0577120387684709,3.0082577664902743e-05
97,0.2710399055285164,0.9999571945228517,0.9996504885442292,0.42744756054649047,1.0578108589789013,9.386612331852007e-08
97,0.27101284120990715,0.9999242136067138,0.9993586730632277,0.42744756054649047,1.0579164019060083,3.167753326316358e-08
97,0.2710342057813775,0.9999455146177022,0.9996042206602468,0.42744756054649047,1.0578330104741793,3.605364338188366e-07
97,0.2711023518579385,1.0,0.9994172840475607,0.42744756054649047,1.057840869446123,0.0002737628586515495
97,0.2710705230317022,0.9999929432503907,0.9999933100499928,0.42744756054649047,1.0576912850454172,1.9649787175168854e-06
97,0.2711207085205454,0.9999322495382973,1.0,0.42744756054649047,1.0577351526821135,0.00023965037228679265
97,0.2710500747362642,0.9999875827658116,0.999710698094294,0.42744756054649047,1.0577710783596972,5.001527410009032e-07
97,0.2710729197743923,0.999999915422602,1.0,0.42744756054649047,1.0576820225950232,8.932789707927213e-08
97,0.27110629780413015,1.0,0.9992799812369116,0.42744756054649047,1.0578783404611047,0.0003266267395130029
97,0.27102248680320185,0.9999615104996235,0.9993900302994243,0.42744756054649047,1.0578787510400773,2.2424515999652783e-07
98,0.2710304904306404,0.9999389929055809,0.9995685043755916,0.42744756054649047,1.057847513536498,2.034650670168503e-09
98,0.2710730533302271,1.0,1.0,0.42744756054649047,1.057681956190806,5.440363144426641e-07
98,0.27107082166106905,0.9999921591671007,0.9999925667222143,0.42744756054649047,1.0576901382814654,1.8458021111555922e-08
98,0.2710729197743923,0.999999915422602,1.0,0.42744756054649047,1.0576820225950232,8.932789707927213e-08
98,0.2710731029196998,1.0,1.0,0.42744756054649047,1.057681956190806,7.375260515640747e-07
98,0.2710476964419543,0.9999862030731239,0.9996785534381044,0.42744756054649047,1.0577804279305332,6.821201781193054e-08
98,0.271037899675521,0.9999608603560303,0.9996116539380324,0.42744756054649047,1.057818593585794,2.071579863205386e-08
98,0.2710728894734741,1.0,1.0,0.42744756054649047,1.0576820514963363,9.530553035652645e-08
98,0.2710732282130242,1.0,1.0,0.42744756054649047,1.057681956190806,1.2263991002736674e-06
98,0.2710399055285164,0.9999571945228517,0.9996504885442292,0.42744756054649047,1.0578108589789013,9.386612331852007e-08
98,0.2710343185453694,0.9999455146177022,0.9996042206602468,0.42744756054649047,1.0578326499377455,7.9575627642825e-08
98,0.27101284120990715,0.9999242136067138,0.9993586730632277,0.42744756054649047,1.0579164019060083,3.167753326316358e-08
98,0.27107095210046545,0.9999899740291956,1.0,0.42744756054649047,1.0576898279553355,2.170925865740969e-07
98,0.27107130535693025,0.9999925073696849,1.0,0.42744756054649047,1.0576882324959354,3.93575837698279e-07
98,0.2710652042659346,0.9999880297496488,0.9999247057813695,0.42744756054649047,1.0577120387684709,1.6110009792846824e-07
98,0.2710727458976455,0.9999982051991035,1.0,0.42744756054649047,1.0576833653444948,7.536384780681971e-07
98,0.27107368820328864,1.0,1.0,0.42744756054649047,1.057681956190806,3.0211982930961057e-06
98,0.2709710630348136,1.0,0.9994172840475607,0.41958257075872946,1.0580795108963745,4.782142393189304e-08
98,0.2710705230317022,0.9999929432503907,0.9999933100499928,0.42744756054649047,1.0576912850454172,1.9649787175168854e-06
98,0.27106999490672,0.9999872305429458,0.9999925667222143,0.42744756054649047,1.057694007969519,6.622268666767184e-07
98,0.27104154009775006,0.9999562878430183,0.9996719854570142,0.42744756054649047,1.0578057078939163,1.322116662594297e-06
98,0.2710730533302271,0.9999999238803419,1.0,0.42744756054649047,1.057682015954601,6.038001094665901e-07
98,0.2710379697912055,0.9999481711491278,0.9996504885442292,0.42744756054649047,1.0578183199352995,3.7576886535717335e-07
98,0.27105149787416716,0.9999925313321987,0.999710698094294,0.42744756054649047,1.0577666928641596,1.1682612965913108e-06
98,0.2710731029196998,0.9999791463235146,0.9996718634880972,0.42744756054649047,1.0577877931321185,0.00010657446736406229
98,0.27103562240684864,0.9999545092813819,0.999605632983026,0.42744756054649047,1.0578274814844175,2.279465048493634e-06
98,0.27107172671963886,0.9999608603560303,0.9999992566722214,0.42744756054649047,1.057712889679287,2.630128833547296e-05
98,0.2710728894734741,0.9999990752771603,0.9997173880443011,0.42744756054649047,1.0577597305712492,7.767907491285087e-05
98,0.2709689059663925,0.9999937250450098,0.9994112630925542,0.41958257075872946,1.0580879338181242,1.9015839325398076e-06
98,0.2710399055285164,0.9999873066626039,0.9999925667222143,0.42744756054649047,1.057810765112778,0.00011681690857123783
98,0.27095517873615366,0.9999866986310196,0.9992284358664332,0.41958257075872946,1.0581428331198375,1.2940645128800554e-06
98,0.27110865694817143,1.0,1.0,0.42744756054649047,1.057681956190806,0.00013944511453978237
98,0.2711570401623322,0.9999880297496488,1.0,0.42744756054649047,1.0576913545001734,0.0003375433211261214
98,0.27104992469820005,0.9999857879649151,0.999710698094294,0.42744756054649047,1.0577719873956413,3.2351309453559907e-07
98,0.2710381763648444,0.999962475676837,0.9996116539380324,0.42744756054649047,1.0578175137116825,2.0917496446060113e-07
98,0.27104840053465956,0.9999858107804888,0.9996845743931109,0.42744756054649047,1.0577790938680853,1.4819076485927951e-06
98,0.27103845255280057,0.9999505272752263,0.9996504885442292,0.42744756054649047,1.057816435796526,3.4168164408932e-07
98,0.2710363185578555,0.9999642965814248,0.9994172840475607,0.42744756054649047,1.0578689022547436,4.4137777653663335e-05
98,0.27103369679933426,0.999939380907578,0.9996109106102539,0.42744756054649047,1.0578356414548375,6.444453624077084e-07
98,0.27106610937261516,0.9999893028943422,0.9999322352032325,0.42744756054649047,1.0577088256063332,3.186044525982368e-07
99,0.2710304904306404,0.9999389929055809,0.9995685043755916,0.42744756054649047,1.057847513536498,2.034650670168503e-09
99,0.2710730533302271,1.0,1.0,0.42744756054649047,1.057681956190806,5.440363144426641e-07
99,0.27107082166106905,0.9999921591671007,0.9999925667222143,0.42744756054649047,1.0576901382814654,1.8458021111555922e-08
99,0.2710729197743923,0.999999915422602,1.0,0.42744756054649047,1.0576820225950232,8.932789707927213e-08
99,0.2710731029196998,1.0,1.0,0.42744756054649047,1.057681956190806,7.375260515640747e-07
99,0.2710730533302271,0.9999999238803419,1.0,0.42744756054649047,1.057682015954601,6.038001094665901e-07
99,0.2710476964419543,0.9999862030731239,0.9996785534381044,0.42744756054649047,1.0577804279305332,6.821201781193054e-08
99,0.271037899675521,0.9999608603560303,0.9996116539380324,0.42744756054649047,1.057818593585794,2.071579863205386e-08
99,0.2710728894734741,1.0,1.0,0.42744756054649047,1.0576820514963363,9.530553035652645e-08
99,0.2710732282130242,1.0,1.0,0.42744756054649047,1.057681956190806,1.2263991002736674e-06
99,0.2710399055285164,0.9999571945228517,0.9996504885442292,0.42744756054649047,1.0578108589789013,9.386612331852007e-08
99,0.2710343185453694,0.9999455146177022,0.9996042206602468,0.42744756054649047,1.0578326499377455,7.9575627642825e-08
99,0.27101284120990715,0.9999242136067138,0.9993586730632277,0.42744756054649047,1.0579164019060083,3.167753326316358e-08
99,0.27107095210046545,0.9999899740291956,1.0,0.42744756054649047,1.0576898279553355,2.170925865740969e-07
99,0.27107130535693025,0.9999925073696849,1.0,0.42744756054649047,1.0576882324959354,3.93575837698279e-07
99,0.2710652042659346,0.9999880297496488,0.9999247057813695,0.42744756054649047,1.0577120387684709,1.6110009792846824e-07
99,0.2710727458976455,0.9999982051991035,1.0,0.42744756054649047,1.0576833653444948,7.536384780681971e-07
99,0.27107368820328864,1.0,1.0,0.42744756054649047,1.057681956190806,3.0211982930961057e-06
99,0.2709710630348136,1.0,0.9994172840475607,0.41958257075872946,1.0580795108963745,4.782142393189304e-08
99,0.2710381763648444,0.999962475676837,0.9996116539380324,0.42744756054649047,1.0578175137116825,2.0917496446060113e-07
99,0.2710276039083504,1.0,0.9999774556672693,0.42036906973750554,1.0578986578671368,3.9879983688040355e-05
99,0.270983788044202,1.0,0.9994755556428047,0.42036906973750554,1.058039081446045,9.256443270544423e-06
99,0.27107336688343975,0.9999983846791932,1.0,0.42744756054649047,1.0576832244288983,3.03570482840243e-06
99,0.2710601759811023,0.9999775178350143,0.9998830646857854,0.42744756054649047,1.0577316597893849,1.7705804333800756e-07
99,0.2710661142291223,0.9999807402972749,0.9999537321160176,0.42744756054649047,1.057709688851235,1.2007995979779196e-06
99,0.2710328413706532,0.9999999238803419,0.9995827237474617,0.42744756054649047,1.0578383357280907,4.2542636664588684e-05
99,0.2710355187154727,0.9999495048202154,0.9996101454711759,0.42744756054649047,1.0578279006919895,1.450937170410782e-08
99,0.271037899675521,0.9999770013344694,0.9997182533409966,0.42744756054649047,1.057818593585794,4.1767667853909174e-05
99,0.2710747668348883,1.0,1.0,0.42744756054649047,1.057681956190806,7.2298007045557e-06
99,0.2711027527959319,1.0,1.0,0.42744756054649047,1.057681956190806,0.00011641365544257098
99,0.27097453460027915,0.9998693757294289,0.9989703270012602,0.42744756054649047,1.058065955407547,4.996959537262313e-07
99,0.2710962327134107,1.0,1.0,0.42744756054649047,1.057681956190806,9.097835331961512e-05
99,0.27109434468566634,1.0,1.0,0.42744756054649047,1.057681956190806,8.361279538715571e-05
99,0.2710615689500453,0.9999748929110255,0.9999009558437384,0.42744756054649047,1.057728666402641,2.442232006405476e-06
99,0.27103628806285346,0.9999925073696849,0.9996049639880252,0.42744756054649047,1.0578248834957218,2.9333997546565627e-05
99,0.27103612786354153,0.9999534523031132,0.9996116539380324,0.42744756054649047,1.0578255087364201,1.1190870079502702e-06
99,0.2710727458976455,0.9999866378287757,0.9999678553438104,0.42744756054649047,1.057701208752094,1.8597046077317714e-05
99,0.27099383189848997,1.0,0.9996640795609869,0.41958257075872946,1.058010193691849,1.9582486971758684e-05
99,0.2710380561645931,0.9999624680648712,0.9996116539380324,0.42744756054649047,1.05781798283374,6.723201939617951e-07
99,0.271073715474115,0.9999999238803419,1.0,0.42744756054649047,1.057682015954601,3.187367751511516e-06
100,0.2710304904306404,0.9999389929055809,0.9995685043755916,0.42744756054649047,1.057847513536498,2.034650670168503e-09
100,0.2710730533302271,1.0,1.0,0.42744756054649047,1.057681956190806,5.440363144426641e-07
100,0.27107082166106905,0.9999921591671007,0.9999925667222143,0.42744756054649047,1.0576901382814654,1.8458021111555922e-08
100,0.2710729197743923,0.999999915422602,1.0,0.42744756054649047,1.0576820225950232,8.932789707927213e-08
100,0.2710355187154727,0.9999495048202154,0.9996101454711759,0.42744756054649047,1.0578279006919895,1.450937170410782e-08
100,0.2710731029196998,1.0,1.0,0.42744756054649047,1.057681956190806,7.375260515640747e-07
100,0.2710730533302271,0.9999999238803419,1.0,0.42744756054649047,1.057682015954601,6.038001094665901e-07
100,0.2710476964419543,0.9999862030731239,0.9996785534381044,0.42744756054649047,1.0577804279305332,6.821201781193054e-08
100,0.271037899675521,0.9999608603560303,0.9996116539380324,0.42744756054649047,1.057818593585794,2.071579863205386e-08
100,0.2710728894734741,1.0,1.0,0.42744756054649047,1.0576820514963363,9.530553035652645e-08
100,0.2710732282130242,1.0,1.0,0.42744756054649047,1.057681956190806,1.2263991002736674e-06
100,0.2710399055285164,0.9999571945228517,0.9996504885442292,0.42744756054649047,1.0578108589789013,9.386612331852007e-08
100,0.2710343185453694,0.9999455146177022,0.9996042206602468,0.42744756054649047,1.0578326499377455,7.9575627642825e-08
100,0.27101284120990715,0.9999242136067138,0.9993586730632277,0.42744756054649047,1.0579164019060083,3.167753326316358e-08
100,0.27107095210046545,0.9999899740291956,1.0,0.42744756054649047,1.0576898279553355,2.170925865740969e-07
100,0.27107130535693025,0.9999925073696849,1.0,0.42744756054649047,1.0576882324959354,3.93575837698279e-07
100,0.2710652042659346,0.9999880297496488,0.9999247057813695,0.42744756054649047,1.0577120387684709,1.6110009792846824e-07
100,0.2710727458976455,0.9999982051991035,1.0,0.42744756054649047,1.0576833653444948,7.536384780681971e-07
100,0.27107368820328864,1.0,1.0,0.42744756054649047,1.057681956190806,3.0211982930961057e-06
100,0.2709710630348136,1.0,0.9994172840475607,0.41958257075872946,1.0580795108963745,4.782142393189304e-08
100,0.27106582531561085,0.9999892952823762,0.9999322352032325,0.42744756054649047,1.0577096154024268,7.838195865694786e-07
100,0.27103615603981324,0.9999518369823064,0.9996116539380324,0.42744756054649047,1.0578256580055798,2.592381735944116e-07
100,0.27101279657938165,0.9999241450990215,0.9993586730632277,0.42744756054649047,1.05791657612422,1.5210017623168426e-07
100,0.2710339009089801,0.9999427614529318,0.9996101454711759,0.42744756054649047,1.0578342003773007,1.0046981846478786e-06
100,0.27100444089330433,0.9999069896882687,0.9992896603500531,0.42744756054649047,1.0579491941091665,4.635576100753269e-07
100,0.27101094458410047,0.9999250523659586,0.9993283988121725,0.42744756054649047,1.0579239737595914,1.681985577484113e-07
100,0.2710728070104004,0.999999915422602,1.0,0.42744756054649047,1.057682373253851,3.5065882775242585e-07
100,0.2710305350611659,0.9999390614132732,0.9995685043755916,0.42744756054649047,1.057847459742527,1.224361447782485e-07
100,0.2710940742206066,1.0,1.0,0.42744756054649047,1.057681956190806,8.255765097309187e-05
100,0.2710753710770677,1.0,1.0,0.42744756054649047,1.057681956190806,9.587416879286437e-06
100,0.2710407524843424,0.9999755059674661,0.999610788641337,0.42744756054649047,1.0578074596357276,1.5017708410169917e-07
100,0.2709328766254369,0.999945169734681,0.9990289379855932,0.41958257075872946,1.058231164273953,2.523239847285197e-06
100,0.27106734882765715,0.9999947731169324,0.9999247057813695,0.42744756054649047,1.0577065831606296,2.912529277532272e-06
100,0.27101284120990715,1.0,1.0,0.42744756054649047,1.0579164019060083,0.00023444571520236934
100,0.271095567097091,1.0,1.0,0.42744756054649047,1.057681956190806,8.838166824887139e-05
100,0.27107130535693025,0.9999619220544038,0.9998994473768819,0.42744756054649047,1.057739262066915,5.102957097968819e-05
100,0.27110276615151535,1.0,1.0,0.42744756054649047,1.057681956190806,0.00011646575526080838
100,0.2710727458976455,0.999924205994748,0.9993586730632277,0.42744756054649047,1.0579163762057602,0.0002337644997434385
100,0.27107368820328864,0.9999572706425098,0.9991260441870339,0.42036906973750554,1.0581702085089402,0.0004912735164273041
100,0.2710702605144587,0.9999898979095375,0.9994172840475607,0.42744756054649047,1.0578488009756457,0.00015649161203490358
101,0.2710304904306404,0.9999389929055809,0.9995685043755916,0.42744756054649047,1.057847513536498,2.034650670168503e-09
101,0.2710730533302271,1.0,1.0,0.42744756054649047,1.057681956190806,5.440363144426641e-07
101,0.27107082166106905,0.9999921591671007,0.9999925667222143,0.42744756054649047,1.0576901382814654,1.8458021111555922e-08
101,0.2710729197743923,0.999999915422602,1.0,0.42744756054649047,1.0576820225950232,8.932789707927213e-08
101,0.2710355187154727,0.9999495048202154,0.9996101454711759,0.42744756054649047,1.0578279006919895,1.450937170410782e-08
101,0.2710731029196998,1.0,1.0,0.42744756054649047,1.057681956190806,7.375260515640747e-07
101,0.2710730533302271,0.9999999238803419,1.0,0.42744756054649047,1.057682015954601,6.038001094665901e-07
101,0.2710476964419543,0.9999862030731239,0.9996785534381044,0.42744756054649047,1.0577804279305332,6.821201781193054e-08
101,0.271037899675521,0.9999608603560303,0.9996116539380324,0.42744756054649047,1.057818593585794,2.071579863205386e-08
101,0.2710728894734741,1.0,1.0,0.42744756054649047,1.0576820514963363,9.530553035652645e-08
101,0.2710732282130242,1.0,1.0,0.42744756054649047,1.057681956190806,1.2263991002736674e-06
101,0.2710399055285164,0.9999571945228517,0.9996504885442292,0.42744756054649047,1.0578108589789013,9.386612331852007e-08
101,0.2710343185453694,0.9999455146177022,0.9996042206602468,0.42744756054649047,1.0578326499377455,7.9575627642825e-08
101,0.27101284120990715,0.9999242136067138,0.9993586730632277,0.42744756054649047,1.0579164019060083,3.167753326316358e-08
101,0.27107095210046545,0.9999899740291956,1.0,0.42744756054649047,1.0576898279553355,2.170925865740969e-07
101,0.2710652042659346,0.9999880297496488,0.9999247057813695,0.42744756054649047,1.0577120387684709,1.6110009792846824e-07
101,0.2710728070104004,0.999999915422602,1.0,0.42744756054649047,1.057682373253851,3.5065882775242585e-07
101,0.2710407524843424,0.9999755059674661,0.999610788641337,0.42744756054649047,1.0578074596357276,1.5017708410169917e-07
101,0.27107368820328864,1.0,1.0,0.42744756054649047,1.057681956190806,3.0211982930961057e-06
101,0.2709710630348136,1.0,0.9994172840475607,0.41958257075872946,1.0580795108963745,4.782142393189304e-08
101,0.2710447006160817,0.9999824266998387,0.999647097407085,0.42744756054649047,1.0577920512430141,7.90749599133278e-08
101,0.271002288480197,0.9999205995824889,0.9992224425793694,0.42744756054649047,1.0579575967825043,1.2059465230862543e-06
101,0.2711647253698717,1.0,0.9999925667222143,0.42744756054649047,1.057683982163855,0.0003601379483961775
101,0.2710014196693442,0.9999169482763004,0.999218214152795,0.42744756054649047,1.0579609885176458,5.762004644527252e-07
101,0.27102786542159,0.9999205749129721,0.9995835890441573,0.42744756054649047,1.057857861225583,1.0406402406459847e-07
101,0.27110337375375054,1.0,1.0,0.42744756054649047,1.057681956190806,0.00011883599191464533
101,0.2709745083380697,1.0,0.9994494287037503,0.41958257075872946,1.0580704389290618,4.380976261098013e-06
101,0.2710748114654138,1.0,1.0,0.42744756054649047,1.057681956190806,7.403939269456927e-06
101,0.271037899675521,1.0,1.0,0.42744756054649047,1.057818593585794,0.00013663739498803729
101,0.2711578300277087,0.9999892267746839,1.0,0.42744756054649047,1.0576904146591115,0.0003396834839239915
101,0.27098321891397026,0.9998903204399817,0.9990329512280808,0.42744756054649047,1.0580320471210283,1.4218993804604452e-07
101,0.2709732058988571,1.0,0.9994186416677315,0.41958257075872946,1.0580790819310426,7.93835837886725e-06
101,0.27104143730155794,0.9999441249028329,0.999712107662611,0.42744756054649047,1.0578047869641112,4.707790708380344e-07
101,0.27103368832647917,0.99996473274215,0.9993586730632277,0.42744756054649047,1.0578845539260406,4.952384730882997e-05
101,0.27102165829969715,0.9999470220520981,0.9994188826132925,0.42744756054649047,1.0578820299999345,4.506240780521864e-08
101,0.27107236174422034,0.9999999238803419,1.0,0.42744756054649047,1.0576841106135184,2.09465891742866e-06
101,0.27094595101513147,0.9999608603560303,0.9990872095808371,0.42036906973750554,1.0581782933306405,7.167008411190778e-07
101,0.27106412411284164,0.9999844385673871,0.999610788641337,0.42744756054649047,1.0578002959298616,8.404232503167464e-05
101,0.2711093352772348,1.0,1.0,0.42744756054649047,1.057681956190806,0.00014209113857877043
101,0.27108456113867707,1.0,1.0,0.42744756054649047,1.057681956190806,4.544366097847252e-05
102,0.2710304904306404,0.9999389929055809,0.9995685043755916,0.42744756054649047,1.057847513536498,2.034650670168503e-09
102,0.2710730533302271,1.0,1.0,0.42744756054649047,1.057681956190806,5.440363144426641e-07
102,0.27107082166106905,0.9999921591671007,0.9999925667222143,0.42744756054649047,1.0576901382814654,1.8458021111555922e-08
102,0.2710729197743923,0.999999915422602,1.0,0.42744756054649047,1.0576820225950232,8.932789707927213e-08
102,0.2710355187154727,0.9999495048202154,0.9996101454711759,0.42744756054649047,1.0578279006919895,1.450937170410782e-08
102,0.2710731029196998,1.0,1.0,0.42744756054649047,1.057681956190806,7.375260515640747e-07
102,0.2710730533302271,0.9999999238803419,1.0,0.42744756054649047,1.057682015954601,6.038001094665901e-07
102,0.2710476964419543,0.9999862030731239,0.9996785534381044,0.42744756054649047,1.0577804279305332,6.821201781193054e-08
102,0.271037899675521,0.9999608603560303,0.9996116539380324,0.42744756054649047,1.057818593585794,2.071579863205386e-08
102,0.2710728894734741,1.0,1.0,0.42744756054649047,1.0576820514963363,9.530553035652645e-08
102,0.2710732282130242,1.0,1.0,0.42744756054649047,1.057681956190806,1.2263991002736674e-06
102,0.2710447006160817,0.9999824266998387,0.999647097407085,0.42744756054649047,1.0577920512430141,7.90749599133278e-08
102,0.27101284120990715,0.9999242136067138,0.9993586730632277,0.42744756054649047,1.0579164019060083,3.167753326316358e-08
102,0.27102165829969715,0.9999470220520981,0.9994188826132925,0.42744756054649047,1.0578820299999345,4.506240780521864e-08
102,0.27107095210046545,0.9999899740291956,1.0,0.42744756054649047,1.0576898279553355,2.170925865740969e-07
102,0.2710652042659346,0.9999880297496488,0.9999247057813695,0.42744756054649047,1.0577120387684709,1.6110009792846824e-07
102,0.2710728070104004,0.999999915422602,1.0,0.42744756054649047,1.057682373253851,3.5065882775242585e-07
102,0.27107368820328864,1.0,1.0,0.42744756054649047,1.057681956190806,3.0211982930961057e-06
102,0.2709710630348136,1.0,0.9994172840475607,0.41958257075872946,1.0580795108963745,4.782142393189304e-08
102,0.27107236174422034,0.9999999238803419,1.0,0.42744756054649047,1.0576841106135184,2.09465891742866e-06
102,0.2710489651213337,0.9999951579391555,0.9996785534381044,0.42744756054649047,1.057775408642149,2.011572298732389e-06
102,0.2710353194168081,1.0,1.0,0.42036906973750554,1.057892353632291,6.368960387503897e-05
102,0.27100941427496705,0.9999921591671007,0.9998056301095282,0.42744756054649047,1.0579297793404334,0.00018868074537992108
102,0.27104385707173656,0.9999593707785942,0.9997081845189986,0.42744756054649047,1.0577953433098755,1.928384646632253e-06
102,0.2710911135380761,1.0,1.0,0.42744756054649047,1.057681956190806,7.100723159148004e-05
102,0.271034827129466,0.9999494287005573,0.9996101454711759,0.42744756054649047,1.0578305853890948,2.624927274430533e-06
102,0.27107142093556424,0.999992927180685,0.9999933100499928,0.42744756054649047,1.0576893326836783,1.5511617343921813e-06
102,0.2710185714715869,0.9999317076686445,0.9994228057569049,0.42744756054649047,1.0578940339267109,1.0491960198422134e-06
102,0.27104971033449893,0.9999875827658116,0.999710698094294,0.42744756054649047,1.0577725004370213,1.9222300651211555e-06
102,0.27103730552987093,0.9999564854501666,0.9996168354211831,0.42744756054649047,1.0578209124485514,3.1774295572439826e-07
102,0.2710732282130242,1.0,1.0,0.42744756054649047,1.057681956190806,1.2263991002736674e-06
102,0.2710750626384357,1.0,1.0,0.42744756054649047,1.057681956190806,8.383960485636166e-06
102,0.2709816381719343,0.9999999839302943,0.9994755556428047,0.42036906973750554,1.0580390939524773,8.7491612155155e-07
102,0.27103966874758934,0.999954630457852,0.9996491309240583,0.42744756054649047,1.0578132425615145,1.55334263118867e-06
102,0.27106441119233515,0.9999879536299907,0.9999247057813695,0.42744756054649047,1.057715133396375,3.1959627764255316e-06
102,0.2710387541411885,0.9999686225972418,0.9996017611179099,0.42744756054649047,1.057815258750264,8.224035275006258e-08
102,0.2710728070104004,0.9999130107206624,0.999229997826072,0.42744756054649047,1.0579602876755552,0.0002779144217042173
102,0.2710046225002485,1.0,0.9997681531235024,0.41958257075872946,1.0579809930741728,3.250792309605899e-05
102,0.27107930570183225,1.0,1.0,0.42744756054649047,1.057681956190806,2.4939174804172737e-05
102,0.27104768335857393,0.9999841079101968,0.9996823876663765,0.42744756054649047,1.0577810272572057,6.164799888352945e-07
103,0.2710304904306404,0.9999389929055809,0.9995685043755916,0.42744756054649047,1.057847513536498,2.034650670168503e-09
103,0.2710730533302271,1.0,1.0,0.42744756054649047,1.057681956190806,5.440363144426641e-07
103,0.27107082166106905,0.9999921591671007,0.9999925667222143,0.42744756054649047,1.0576901382814654,1.8458021111555922e-08
103,0.2710729197743923,0.999999915422602,1.0,0.42744756054649047,1.0576820225950232,8.932789707927213e-08
103,0.2710355187154727,0.9999495048202154,0.9996101454711759,0.42744756054649047,1.0578279006919895,1.450937170410782e-08
103,0.2710731029196998,1.0,1.0,0.42744756054649047,1.057681956190806,7.375260515640747e-07
103,0.2710730533302271,0.9999999238803419,1.0,0.42744756054649047,1.057682015954601,6.038001094665901e-07
103,0.2710476964419543,0.9999862030731239,0.9996785534381044,0.42744756054649047,1.0577804279305332,6.821201781193054e-08
103,0.271037899675521,0.9999608603560303,0.9996116539380324,0.42744756054649047,1.057818593585794,2.071579863205386e-08
103,0.2710728894734741,1.0,1.0,0.42744756054649047,1.0576820514963363,9.530553035652645e-08
103,0.2710732282130242,1.0,1.0,0.42744756054649047,1.057681956190806,1.2263991002736674e-06
103,0.2710732282130242,1.0,1.0,0.42744756054649047,1.057681956190806,1.2263991002736674e-06
103,0.2710447006160817,0.9999824266998387,0.999647097407085,0.42744756054649047,1.0577920512430141,7.90749599133278e-08
103,0.27101284120990715,0.9999242136067138,0.9993586730632277,0.42744756054649047,1.0579164019060083,3.167753326316358e-08
103,0.27102165829969715,0.9999470220520981,0.9994188826132925,0.42744756054649047,1.0578820299999345,4.506240780521864e-08
103,0.27107095210046545,0.9999899740291956,1.0,0.42744756054649047,1.0576898279553355,2.170925865740969e-07
103,0.2710652042659346,0.9999880297496488,0.9999247057813695,0.42744756054649047,1.0577120387684709,1.6110009792846824e-07
103,0.2710728070104004,0.999999915422602,1.0,0.42744756054649047,1.057682373253851,3.5065882775242585e-07
103,0.27107368820328864,1.0,1.0,0.42744756054649047,1.057681956190806,3.0211982930961057e-06
103,0.2709710630348136,1.0,0.9994172840475607,0.41958257075872946,1.0580795108963745,4.782142393189304e-08
103,0.27109631595088896,0.9999389929055809,1.0,0.42744756054649047,1.0577298575836585,0.000139204469159937
103,0.27106631152623867,0.9999892267746839,0.9999322352032325,0.42744756054649047,1.0577088853714067,1.167178748984199e-06
103,0.27107212670079284,0.9999998393029439,1.0,0.42744756054649047,1.0576850277188685,2.945360040307321e-06
103,0.27100582262069833,0.9999275203148615,0.9992587513451174,0.42744756054649047,1.0579438001387955,2.7548894041551364e-06
103,0.2710406322840911,0.9999754298478079,0.999610788641337,0.42744756054649047,1.0578079287488675,5.595235010869004e-07
103,0.2710966950840924,1.0,1.0,0.42744756054649047,1.057681956190806,9.278213428953741e-05
103,0.27110485359271835,0.9999999238803419,0.9998220303085096,0.42744756054649047,1.057730530662216,0.00017318322279269438
103,0.2710654177866084,0.9999891506550258,0.9999322352032325,0.42744756054649047,1.0577112055991635,2.260462674152919e-06
103,0.271037899675521,0.9999703871029788,0.9993609411044809,0.42744756054649047,1.057879495279996,6.0901694201920265e-05
103,0.2710728894734741,1.0,1.0,0.42744756054649047,1.0576820514963363,9.530553035652645e-08
103,0.27106927474745396,1.0,0.9999288440660884,0.42744756054649047,1.057701351294213,5.1955404982706455e-06
103,0.27110469161946255,1.0,1.0,0.42744756054649047,1.057681956190806,0.0001239769068908103
103,0.2709480844408507,0.9999875827658116,0.9991279821418546,0.41958257075872946,1.0581703610190258,1.1164032867050366e-06
103,0.2711139702650956,0.9999703871029788,0.9998853854616763,0.42744756054649047,1.0577364488915855,0.0002146636321995743
103,0.27102693972168757,0.9999278319284126,0.9995500867677968,0.42744756054649047,1.0578613703035586,6.859603529640879e-08
103,0.2710097523458943,0.9999071287226142,0.9993631110611784,0.42744756054649047,1.0579285752031358,1.1557646573123748e-07
103,0.2710652042659346,1.0,0.9994172840475607,0.42744756054649047,1.057840869446123,0.0001288306776521253
103,0.2710728070104004,0.999999915422602,0.9996504885442292,0.42744756054649047,1.0577773161008919,9.494284704092415e-05
103,0.27107368820328864,0.9999841840298549,0.9990996717139372,0.41958257075872946,1.0581809564321776,0.0005020214396647127
103,0.271080838391323,0.9999927737681346,1.0,0.42744756054649047,1.0576876297597333,3.659273036005217e-05
104,0.2710304904306404,0.9999389929055809,0.9995685043755916,0.42744756054649047,1.057847513536498,2.034650670168503e-09
104,0.2710730533302271,1.0,1.0,0.42744756054649047,1.057681956190806,5.440363144426641e-07
104,0.27107082166106905,0.9999921591671007,0.9999925667222143,0.42744756054649047,1.0576901382814654,1.8458021111555922e-08
104,0.2710729197743923,0.999999915422602,1.0,0.42744756054649047,1.0576820225950232,8.932789707927213e-08
104,0.2710355187154727,0.9999495048202154,0.9996101454711759,0.42744756054649047,1.0578279006919895,1.450937170410782e-08
104,0.2710731029196998,1.0,1.0,0.42744756054649047,1.057681956190806,7.375260515640747e-07
104,0.2710730533302271,0.9999999238803419,1.0,0.42744756054649047,1.057682015954601,6.038001094665901e-07
104,0.2710476964419543,0.9999862030731239,0.9996785534381044,0.42744756054649047,1.0577804279305332,6.821201781193054e-08
104,0.271037899675521,0.9999608603560303,0.9996116539380324,0.42744756054649047,1.057818593585794,2.071579863205386e-08
104,0.2710728894734741,1.0,1.0,0.42744756054649047,1.0576820514963363,9.530553035652645e-08
104,0.2710728894734741,1.0,1.0,0.42744756054649047,1.0576820514963363,9.530553035652645e-08
104,0.2710732282130242,1.0,1.0,0.42744756054649047,1.057681956190806,1.2263991002736674e-06
104,0.2710732282130242,1.0,1.0,0.42744756054649047,1.057681956190806,1.2263991002736674e-06
104,0.2710447006160817,0.9999824266998387,0.999647097407085,0.42744756054649047,1.0577920512430141,7.90749599133278e-08
104,0.27101284120990715,0.9999242136067138,0.9993586730632277,0.42744756054649047,1.0579164019060083,3.167753326316358e-08
104,0.27102165829969715,0.9999470220520981,0.9994188826132925,0.42744756054649047,1.0578820299999345,4.506240780521864e-08
104,0.27102693972168757,0.9999278319284126,0.9995500867677968,0.42744756054649047,1.0578613703035586,6.859603529640879e-08
104,0.27107095210046545,0.9999899740291956,1.0,0.42744756054649047,1.0576898279553355,2.170925865740969e-07
104,0.2710652042659346,0.9999880297496488,0.9999247057813695,0.42744756054649047,1.0577120387684709,1.6110009792846824e-07
104,0.2710728070104004,0.999999915422602,1.0,0.42744756054649047,1.057682373253851,3.5065882775242585e-07
104,0.2710235466016881,0.9999540026820493,0.9994255725632997,0.42744756054649047,1.0578747232878294,1.0893000323974888e-07
104,0.2710735179043544,0.9999955579030574,1.0,0.42744756054649047,1.0576854438277221,5.844360139617422e-06
104,0.2710425883923572,0.9999504159125626,0.9997081845189986,0.42744756054649047,1.0578004462891726,1.5171631417842946e-07
104,0.27104785824137106,0.9999841840298549,0.9996823876663765,0.42744756054649047,1.0577809674915202,1.239204832970131e-06
104,0.2710355187154727,0.9998799822930448,0.9991684306558364,0.42744756054649047,1.0580030318273725,0.00017514564475473726
104,0.2711143338900686,1.0,1.0,0.42744756054649047,1.057681956190806,0.00016158930470822064
104,0.27103076543568133,0.9999667759315323,0.999492061732122,0.42744756054649047,1.0578465524226344,1.1428010338043748e-07
104,0.27107471008508643,0.9999864117480111,1.0,0.42744756054649047,1.0576926248734853,1.767705796607011e-05
104,0.2711068618952254,1.0,1.0,0.42744756054649047,1.057681956190806,0.00013244291334224556
104,0.271106670626753,1.0,1.0,0.42744756054649047,1.057681956190806,0.00013169680156721597
104,0.2710573458781176,1.0,0.9997784628910614,0.42744756054649047,1.0577427035392108,3.5348957405645365e-07
104,0.27107822638130485,1.0,1.0,0.42744756054649047,1.057681956190806,2.0728025349470158e-05
104,0.2710750626384357,1.0,1.0,0.42744756054649047,1.057681956190806,8.383960485636166e-06
104,0.27104102972789884,0.9999634931345198,0.9996491309240583,0.42744756054649047,1.0578063776213134,9.397860312176931e-08
104,0.27104780920594623,0.9999862030731239,0.9996785534381044,0.42744756054649047,1.0577804279305332,5.082802694289512e-07
104,0.2710730468679915,1.0,1.0,0.42744756054649047,1.057681956190806,5.188217588880661e-07
104,0.27106508687047787,0.9999899963737634,0.9999180158313623,0.42744756054649047,1.0577124968525011,3.396236973873812e-07
104,0.2710289482239298,0.9999348201703296,0.999556776717804,0.42744756054649047,1.0578539892870733,4.584299662102609e-07
104,0.2711172345830634,1.0,1.0,0.42744756054649047,1.057681956190806,0.0001729037529152322
104,0.2711048906482618,1.0,1.0,0.42744756054649047,1.057681956190806,0.00012475330193661982
105,0.2710304904306404,0.9999389929055809,0.9995685043755916,0.42744756054649047,1.057847513536498,2.034650670168503e-09
105,0.27107082166106905,0.9999921591671007,0.9999925667222143,0.42744756054649047,1.0576901382814654,1.8458021111555922e-08
105,0.2710729197743923,0.999999915422602,1.0,0.42744756054649047,1.0576820225950232,8.932789707927213e-08
105,0.2710355187154727,0.9999495048202154,0.9996101454711759,0.42744756054649047,1.0578279006919895,1.450937170410782e-08
105,0.2710730468679915,1.0,1.0,0.42744756054649047,1.057681956190806,5.188217588880661e-07
105,0.2710476964419543,0.9999862030731239,0.9996785534381044,0.42744756054649047,1.0577804279305332,6.821201781193054e-08
105,0.271037899675521,0.9999608603560303,0.9996116539380324,0.42744756054649047,1.057818593585794,2.071579863205386e-08
105,0.2710728894734741,1.0,1.0,0.42744756054649047,1.0576820514963363,9.530553035652645e-08
105,0.2710728894734741,1.0,1.0,0.42744756054649047,1.0576820514963363,9.530553035652645e-08
105,0.2710730533302271,1.0,1.0,0.42744756054649047,1.057681956190806,5.440363144426641e-07
105,0.2710447006160817,0.9999824266998387,0.999647097407085,0.42744756054649047,1.0577920512430141,7.90749599133278e-08
105,0.27101284120990715,0.9999242136067138,0.9993586730632277,0.42744756054649047,1.0579164019060083,3.167753326316358e-08
105,0.27102165829969715,0.9999470220520981,0.9994188826132925,0.42744756054649047,1.0578820299999345,4.506240780521864e-08
105,0.27102693972168757,0.9999278319284126,0.9995500867677968,0.42744756054649047,1.0578613703035586,6.859603529640879e-08
105,0.27107095210046545,0.9999899740291956,1.0,0.42744756054649047,1.0576898279553355,2.170925865740969e-07
105,0.2710652042659346,0.9999880297496488,0.9999247057813695,0.42744756054649047,1.0577120387684709,1.6110009792846824e-07
105,0.2710728070104004,0.999999915422602,1.0,0.42744756054649047,1.057682373253851,3.5065882775242585e-07
105,0.2710731029196998,1.0,1.0,0.42744756054649047,1.057681956190806,7.375260515640747e-07
105,0.2710730533302271,0.9999999238803419,1.0,0.42744756054649047,1.057682015954601,6.038001094665901e-07
105,0.27104102972789884,0.9999634931345198,0.9996491309240583,0.42744756054649047,1.0578063776213134,9.397860312176931e-08
105,0.2710543658197514,0.9999474659697598,0.9998843799967231,0.42744756054649047,1.0577547205332651,3.87832606252303e-07
105,0.2710729116751614,0.9999921591671007,1.0,0.42744756054649047,1.057688112308416,6.147439422843348e-06
105,0.2710348941916768,0.9999450174953647,0.9996116539380324,0.42744756054649047,1.0578310127383657,6.890884747257076e-07
105,0.2710709633161347,0.9999921591671007,0.9999925667222143,0.42744756054649047,1.0576901382814654,5.711810460162781e-07
105,0.2710234019354049,0.999956045425822,0.9994188826132925,0.42744756054649047,1.0578751790278396,2.3423172157421845e-07
105,0.27109464655770626,1.0,0.9996785534381044,0.42744756054649047,1.0577695954065538,0.0001724296786846935
105,0.2710727276727891,0.999999915422602,1.0,0.42744756054649047,1.0576826828165036,6.60221480375256e-07
105,0.27104455314500403,1.0,0.999647097407085,0.42744756054649047,1.0577926267710274,1.4452162096167953e-05
105,0.2710643399575681,0.9999823609991475,0.9999259276395235,0.42744756054649047,1.057715995433329,5.840730918915682e-07
105,0.2710688859237581,1.0,1.0,0.42744756054649047,1.057697672922775,1.5716731968984377e-05
105,0.2710239237060931,0.9999231546048784,0.999647097407085,0.42744756054649047,1.0578731424243892,3.462959084710171e-05
105,0.27101284120990715,0.9999704556106711,0.9993609411044809,0.42744756054649047,1.0579164019060083,3.696041660572469e-05
105,0.2710728894734741,0.9999470220520981,1.0,0.42744756054649047,1.0577235529451234,4.150144878711792e-05
105,0.27101098017874264,0.9999171568571045,0.9993519831132205,0.42744756054649047,1.0579237372852743,7.06721872134608e-08
105,0.27109197038355765,1.0,1.0,0.42744756054649047,1.057681956190806,7.435004236611142e-05
105,0.2710652042659346,0.999973479445773,0.999647097407085,0.42744756054649047,1.057798997231069,8.695846259820783e-05
105,0.2710727723033146,0.999999915422602,1.0,0.42744756054649047,1.0576825086753188,4.860802955697352e-07
105,0.2711015632444918,1.0,1.0,0.42744756054649047,1.057681956190806,0.00011177322255684352
105,0.27100953730340405,0.9999312966881467,0.9992902073761369,0.42744756054649047,1.0579294940167072,1.9493777325685357e-07
105,0.27098910838320617,0.9998741177608104,0.9991635824666087,0.42744756054649047,1.0580090526648809,9.169510462037067e-08
106,0.2710304904306404,0.9999389929055809,0.9995685043755916,0.42744756054649047,1.057847513536498,2.034650670168503e-09
106,0.27107082166106905,0.9999921591671007,0.9999925667222143,0.42744756054649047,1.0576901382814654,1.8458021111555922e-08
106,0.2710729197743923,0.999999915422602,1.0,0.42744756054649047,1.0576820225950232,8.932789707927213e-08
106,0.2710355187154727,0.9999495048202154,0.9996101454711759,0.42744756054649047,1.0578279006919895,1.450937170410782e-08
106,0.2710730468679915,1.0,1.0,0.42744756054649047,1.057681956190806,5.188217588880661e-07
106,0.2710476964419543,0.9999862030731239,0.9996785534381044,0.42744756054649047,1.0577804279305332,6.821201781193054e-08
106,0.271037899675521,0.9999608603560303,0.9996116539380324,0.42744756054649047,1.057818593585794,2.071579863205386e-08
106,0.2710728894734741,1.0,1.0,0.42744756054649047,1.0576820514963363,9.530553035652645e-08
106,0.2710728894734741,1.0,1.0,0.42744756054649047,1.0576820514963363,9.530553035652645e-08
106,0.2710730533302271,1.0,1.0,0.42744756054649047,1.057681956190806,5.440363144426641e-07
106,0.2710447006160817,0.9999824266998387,0.999647097407085,0.42744756054649047,1.0577920512430141,7.90749599133278e-08
106,0.27101284120990715,0.9999242136067138,0.9993586730632277,0.42744756054649047,1.0579164019060083,3.167753326316358e-08
106,0.27102165829969715,0.9999470220520981,0.9994188826132925,0.42744756054649047,1.0578820299999345,4.506240780521864e-08
106,0.27102693972168757,0.9999278319284126,0.9995500867677968,0.42744756054649047,1.0578613703035586,6.859603529640879e-08
106,0.27107095210046545,0.9999899740291956,1.0,0.42744756054649047,1.0576898279553355,2.170925865740969e-07
106,0.2710652042659346,0.9999880297496488,0.9999247057813695,0.42744756054649047,1.0577120387684709,1.6110009792846824e-07
106,0.2710728070104004,0.999999915422602,1.0,0.42744756054649047,1.057682373253851,3.5065882775242585e-07
106,0.2710731029196998,1.0,1.0,0.42744756054649047,1.057681956190806,7.375260515640747e-07
106,0.2710730533302271,0.9999999238803419,1.0,0.42744756054649047,1.057682015954601,6.038001094665901e-07
106,0.27101098017874264,0.9999171568571045,0.9993519831132205,0.42744756054649047,1.0579237372852743,7.06721872134608e-08
106,0.27107137840217904,0.9999935728056935,0.9999939790449935,0.42744756054649047,1.0576886434390478,6.959569720521586e-07
106,0.27107082166106905,1.0,1.0,0.42744756054649047,1.0576901198234443,8.163632638336082e-06
106,0.27102693972168757,0.999999915422602,0.9995500867677968,0.42744756054649047,1.0578613703035586,5.666756438116316e-05
106,0.2710286146497356,0.999934183003061,0.9995561077228032,0.42744756054649047,1.0578548328326876,1.6072316633142236e-07
106,0.2710500682740286,0.9999875827658116,0.999710698094294,0.42744756054649047,1.0577711035785282,5.25371572024369e-07
106,0.27111706015686465,1.0,1.0,0.42744756054649047,1.057681956190806,0.0001722233926186867
106,0.27105703547573234,0.9999866140536217,0.9998111518188725,0.42744756054649047,1.057743946787491,3.1968682367988777e-08
106,0.27107079850815813,0.999992927180685,0.9999933100499928,0.42744756054649047,1.0576902101636994,8.774800210886724e-07
106,0.2710911628639647,1.0,1.0,0.42744756054649047,1.057681956190806,7.119966722490823e-05
106,0.27107479050369926,1.0,1.0,0.42744756054649047,1.057681956190806,7.3221512437715575e-06
106,0.2710653459210003,0.9999880297496488,0.9999247057813695,0.42744756054649047,1.057711877668373,3.916458359842778e-07
106,0.2710316985536192,0.9999350487355714,0.9995950780910171,0.42744756054649047,1.0578433618181788,5.656684056720707e-07
106,0.27101094458410047,0.9999250523659586,0.9993283988121725,0.42744756054649047,1.0579239737595914,1.681985577484113e-07
106,0.2710967223549188,0.9999278319284126,1.0,0.42744756054649047,1.057738621563369,0.00014955389445625578
106,0.27101885595970354,0.9999318607537347,0.9994228057569049,0.42744756054649047,1.0578929234568173,5.8934148672307174e-08
106,0.2710365042715498,0.9999540324113487,0.9996116539380324,0.42744756054649047,1.0578240396575873,1.0551041351725132e-07
106,0.27104753588749625,0.999999915422602,0.9996823876663765,0.42744756054649047,1.0577809862925633,1.2370178213760852e-05
106,0.27107484014462524,1.0,1.0,0.42744756054649047,1.057681956190806,7.515839259841783e-06
106,0.2710150708290885,0.9999542577698753,1.0,0.42744756054649047,1.0579076985129239,0.00018982710426684868
106,0.2710380471465987,0.9999608603560303,0.9996116539380324,0.42744756054649047,1.0578185728699954,5.548404713451305e-07
107,0.2710304904306404,0.9999389929055809,0.9995685043755916,0.42744756054649047,1.057847513536498,2.034650670168503e-09
107,0.27107082166106905,0.9999921591671007,0.9999925667222143,0.42744756054649047,1.0576901382814654,1.8458021111555922e-08
107,0.2710729197743923,0.999999915422602,1.0,0.42744756054649047,1.0576820225950232,8.932789707927213e-08
107,0.2710355187154727,0.9999495048202154,0.9996101454711759,0.42744756054649047,1.0578279006919895,1.450937170410782e-08
107,0.2710730468679915,1.0,1.0,0.42744756054649047,1.057681956190806,5.188217588880661e-07
107,0.271037899675521,0.9999608603560303,0.9996116539380324,0.42744756054649047,1.057818593585794,2.071579863205386e-08
107,0.27105703547573234,0.9999866140536217,0.9998111518188725,0.42744756054649047,1.057743946787491,3.1968682367988777e-08
107,0.2710728894734741,1.0,1.0,0.42744756054649047,1.0576820514963363,9.530553035652645e-08
107,0.2710728894734741,1.0,1.0,0.42744756054649047,1.0576820514963363,9.530553035652645e-08
107,0.2710730533302271,1.0,1.0,0.42744756054649047,1.057681956190806,5.440363144426641e-07
107,0.27101284120990715,0.9999242136067138,0.9993586730632277,0.42744756054649047,1.0579164019060083,3.167753326316358e-08
107,0.2710476964419543,0.9999862030731239,0.9996785534381044,0.42744756054649047,1.0577804279305332,6.821201781193054e-08
107,0.27102165829969715,0.9999470220520981,0.9994188826132925,0.42744756054649047,1.0578820299999345,4.506240780521864e-08
107,0.27107095210046545,0.9999899740291956,1.0,0.42744756054649047,1.0576898279553355,2.170925865740969e-07
107,0.2710652042659346,0.9999880297496488,0.9999247057813695,0.42744756054649047,1.0577120387684709,1.6110009792846824e-07
107,0.2710728070104004,0.999999915422602,1.0,0.42744756054649047,1.057682373253851,3.5065882775242585e-07
107,0.2710731029196998,1.0,1.0,0.42744756054649047,1.057681956190806,7.375260515640747e-07
107,0.2710730533302271,0.9999999238803419,1.0,0.42744756054649047,1.057682015954601,6.038001094665901e-07
107,0.27101885595970354,0.9999318607537347,0.9994228057569049,0.42744756054649047,1.0578929234568173,5.8934148672307174e-08
107,0.27107479050369926,1.0,1.0,0.42744756054649047,1.057681956190806,7.3221512437715575e-06
107,0.27102998055414285,0.9999503132487798,0.9995286364262425,0.42744756054649047,1.0578495015827272,1.041684738467552e-09
107,0.27103974752410537,0.9999934293049894,0.9995438938520351,0.42744756054649047,1.0578114846400524,1.0286950424820418e-07
107,0.27110231247922684,1.0,1.0,0.42744756054649047,1.057681956190806,0.00011469598741875586
107,0.27099164414804405,0.9999131802029185,0.9990886482899957,0.42744756054649047,1.057999152499315,4.078952215991194e-07
107,0.27109019267446277,1.0,1.0,0.42744756054649047,1.057681956190806,6.741464335835445e-05
107,0.27106747619865734,0.9999931175676812,0.9996116539380324,0.42744756054649047,1.057793245615411,9.007198493815594e-05
107,0.27102166411570916,0.9999469535444058,0.9994188826132925,0.42744756054649047,1.0578820837930492,1.215572289492428e-07
107,0.2710434300910758,0.9999563132079915,0.9997045524159083,0.42744756054649047,1.0577970096780764,2.0344133244698526e-07
107,0.2711041622261571,1.0,1.0,0.42744756054649047,1.057681956190806,0.00012191178141396364
107,0.2710414289562345,1.0,0.9996504885442292,0.42744756054649047,1.0578048195337557,2.7569837081076187e-05
107,0.2710711233540241,0.9999998393029439,1.0,0.42744756054649047,1.0576889426502631,6.860291434929167e-06
107,0.27102090909247123,0.9999389175033441,0.9994294957069121,0.42744756054649047,1.0578854978875807,5.88552718561175e-07
107,0.27107983646117784,1.0,1.0,0.42744756054649047,1.057681956190806,2.701000881177862e-05
107,0.27107095210046545,0.9998890640467992,0.9990091616074569,0.42744756054649047,1.0580393882126902,0.0003497773499412382
107,0.2710459855147517,0.9999862030731239,0.9996785534381044,0.42744756054649047,1.057787036759615,6.608829081766743e-06
107,0.2710764917327595,1.0,1.0,0.42744756054649047,1.057681956190806,1.3959933832463634e-05
107,0.27108453386785064,1.0,1.0,0.42744756054649047,1.057681956190806,4.5337263828937324e-05
107,0.2710975386564848,1.0,1.0,0.42744756054649047,1.057681956190806,9.607302741532209e-05
107,0.27107481777452563,0.9999999238803419,1.0,0.42744756054649047,1.057682015954601,7.488319836657098e-06
107,0.2710873219281946,1.0,1.0,0.42744756054649047,1.057681956190806,5.6214772536256064e-05
108,0.2710304904306404,0.9999389929055809,0.9995685043755916,0.42744756054649047,1.057847513536498,2.034650670168503e-09
108,0.27107082166106905,0.9999921591671007,0.9999925667222143,0.42744756054649047,1.0576901382814654,1.8458021111555922e-08
108,0.2710729197743923,0.999999915422602,1.0,0.42744756054649047,1.0576820225950232,8.932789707927213e-08
108,0.2710355187154727,0.9999495048202154,0.9996101454711759,0.42744756054649047,1.0578279006919895,1.450937170410782e-08
108,0.2710730468679915,1.0,1.0,0.42744756054649047,1.057681956190806,5.188217588880661e-07
108,0.27102998055414285,0.9999503132487798,0.9995286364262425,0.42744756054649047,1.0578495015827272,1.041684738467552e-09
108,0.271037899675521,0.9999608603560303,0.9996116539380324,0.42744756054649047,1.057818593585794,2.071579863205386e-08
108,0.27105703547573234,0.9999866140536217,0.9998111518188725,0.42744756054649047,1.057743946787491,3.1968682367988777e-08
108,0.2710728894734741,1.0,1.0,0.42744756054649047,1.0576820514963363,9.530553035652645e-08
108,0.2710728894734741,1.0,1.0,0.42744756054649047,1.0576820514963363,9.530553035652645e-08
108,0.2710730533302271,1.0,1.0,0.42744756054649047,1.057681956190806,5.440363144426641e-07
108,0.27101284120990715,0.9999242136067138,0.9993586730632277,0.42744756054649047,1.0579164019060083,3.167753326316358e-08
108,0.2710476964419543,0.9999862030731239,0.9996785534381044,0.42744756054649047,1.0577804279305332,6.821201781193054e-08
108,0.27102165829969715,0.9999470220520981,0.9994188826132925,0.42744756054649047,1.0578820299999345,4.506240780521864e-08
108,0.27107095210046545,0.9999899740291956,1.0,0.42744756054649047,1.0576898279553355,2.170925865740969e-07
108,0.2710652042659346,0.9999880297496488,0.9999247057813695,0.42744756054649047,1.0577120387684709,1.6110009792846824e-07
108,0.2710728070104004,0.999999915422602,1.0,0.42744756054649047,1.057682373253851,3.5065882775242585e-07
108,0.2710731029196998,1.0,1.0,0.42744756054649047,1.057681956190806,7.375260515640747e-07
108,0.2710730533302271,0.9999999238803419,1.0,0.42744756054649047,1.057682015954601,6.038001094665901e-07
108,0.27101885595970354,0.9999318607537347,0.9994228057569049,0.42744756054649047,1.0578929234568173,5.8934148672307174e-08
108,0.27097419591168265,0.9998795716502737,0.9989344458468459,0.42744756054649047,1.0580672778761715,2.9274403789969483e-08
108,0.2710793126946371,1.0,1.0,0.42744756054649047,1.057681956190806,2.4966458291864058e-05
108,0.27111982246145605,1.0,1.0,0.42744756054649047,1.057681956190806,0.00018299783158459704
108,0.271063220380395,0.9999705175331226,0.9999458114049417,0.42744756054649047,1.0577198744623413,9.440160608775727e-08
108,0.2710499713178691,0.9999758408283056,1.0,0.42744756054649047,1.057771481949435,7.055722158000322e-05
108,0.2710730468679915,1.0,1.0,0.42744756054649047,1.057681956190806,5.188217588880661e-07
108,0.27111119026709,1.0,1.0,0.42744756054649047,1.057681956190806,0.00014932701000125448
108,0.27103925579127286,0.9999545543381938,0.9996491309240583,0.42744756054649047,1.0578133023307328,1.4264283088039065e-09
108,0.27104421091874964,0.9999800041264829,0.9996465654006168,0.42744756054649047,1.0577940193754942,5.7012734311356894e-08
108,0.27101882868887717,0.9999319368733929,0.9994228057569049,0.42744756054649047,1.057893029905562,2.2515482456242353e-07
108,0.2710571025689612,0.9999676991580904,0.9998650746893243,0.42744756054649047,1.0577440965393132,4.435378619938035e-07
108,0.27102351933086166,0.9999540788017074,0.9994255725632997,0.42744756054649047,1.0578747208028867,5.728434149254724e-08
108,0.2710389316145756,0.9999557368790185,0.9996416976462725,0.42744756054649047,1.057814566104174,1.649089365063361e-07
108,0.27107096913214673,0.9999921591671007,0.9999925667222143,0.42744756054649047,1.0576901382814654,5.938744951361485e-07
108,0.2710449064996857,0.9999510402573214,1.0,0.42744756054649047,1.0577912477523976,7.08499404160623e-05
108,0.2710242320402542,0.9999387507980194,0.9994805251812144,0.42744756054649047,1.0578719389215723,2.3351245181935099e-07
108,0.271037893859509,0.999999915422602,0.9996116539380324,0.42744756054649047,1.057818616284781,3.070790309966931e-05
108,0.2710731029196998,0.9999797540469623,0.9999986423798292,0.42744756054649047,1.057698222231141,1.7003566386675217e-05
108,0.2710972389029046,1.0,1.0,0.42744756054649047,1.057681956190806,9.490364939090945e-05
108,0.2710659757104595,0.9999905076034746,0.9999252842393891,0.42744756054649047,1.057709774506645,7.459505626528085e-07
109,0.27107082166106905,0.9999921591671007,0.9999925667222143,0.42744756054649047,1.0576901382814654,1.8458021111555922e-08
109,0.2710729197743923,0.999999915422602,1.0,0.42744756054649047,1.0576820225950232,8.932789707927213e-08
109,0.2710730468679915,1.0,1.0,0.42744756054649047,1.057681956190806,5.188217588880661e-07
109,0.27102998055414285,0.9999503132487798,0.9995286364262425,0.42744756054649047,1.0578495015827272,1.041684738467552e-09
109,0.2710730468679915,1.0,1.0,0.42744756054649047,1.057681956190806,5.188217588880661e-07
109,0.27103925579127286,0.9999545543381938,0.9996491309240583,0.42744756054649047,1.0578133023307328,1.4264283088039065e-09
109,0.27105703547573234,0.9999866140536217,0.9998111518188725,0.42744756054649047,1.057743946787491,3.1968682367988777e-08
109,0.2710728894734741,1.0,1.0,0.42744756054649047,1.0576820514963363,9.530553035652645e-08
109,0.2710728894734741,1.0,1.0,0.42744756054649047,1.0576820514963363,9.530553035652645e-08
109,0.271063220380395,0.9999705175331226,0.9999458114049417,0.42744756054649047,1.0577198744623413,9.440160608775727e-08
109,0.2710730533302271,1.0,1.0,0.42744756054649047,1.057681956190806,5.440363144426641e-07
109,0.2710304904306404,0.9999389929055809,0.9995685043755916,0.42744756054649047,1.057847513536498,2.034650670168503e-09
109,0.2710355187154727,0.9999495048202154,0.9996101454711759,0.42744756054649047,1.0578279006919895,1.450937170410782e-08
109,0.271037899675521,0.9999608603560303,0.9996116539380324,0.42744756054649047,1.057818593585794,2.071579863205386e-08
109,0.2710731029196998,1.0,1.0,0.42744756054649047,1.057681956190806,7.375260515640747e-07
109,0.27097419591168265,0.9998795716502737,0.9989344458468459,0.42744756054649047,1.0580672778761715,2.9274403789969483e-08
109,0.2710728070104004,0.999999915422602,1.0,0.42744756054649047,1.057682373253851,3.5065882775242585e-07
109,0.2710730533302271,0.9999999238803419,1.0,0.42744756054649047,1.057682015954601,6.038001094665901e-07
109,0.27101284120990715,0.9999242136067138,0.9993586730632277,0.42744756054649047,1.0579164019060083,3.167753326316358e-08
109,0.2710652042659346,0.9999880297496488,0.9999247057813695,0.42744756054649047,1.0577120387684709,1.6110009792846824e-07
109,0.27101908410978315,0.9999317922460425,0.9994228057569049,0.42744756054649047,1.0578929183174144,8.854191149154644e-07
109,0.2710268976563066,0.999933191872364,0.999536359719402,0.42744756054649047,1.0578615344914741,6.968582828559278e-07
109,0.2710797609269989,1.0,1.0,0.42744756054649047,1.057681956190806,2.6715301832069827e-05
109,0.2710348604586148,0.999945169734681,0.9996116539380324,0.42744756054649047,1.057830893197658,4.3788995851556933e-07
109,0.27103752721771496,0.9999564930621324,0.9996168354211831,0.42744756054649047,1.0578205887286964,5.41496261163843e-07
109,0.2709962660534243,0.9998958210040876,0.9992035313473904,0.42744756054649047,1.057981108073728,9.684755997163563e-08
109,0.27106039252318964,0.9999912143444054,0.9998444185945901,0.42744756054649047,1.0577312648187436,4.5001972592828565e-07
109,0.27107788000292027,1.0,1.0,0.42744756054649047,1.057681956190806,1.9376565074447072e-05
109,0.27107072017347633,0.9999921591671007,0.9999925667222143,0.42744756054649047,1.0576905158176102,3.7753614479107966e-07
109,0.271063220380395,0.9999590143269764,0.9996842178316524,0.42744756054649047,1.057800230958593,8.04508978577978e-05
109,0.27107670980452225,1.0,1.0,0.42744756054649047,1.057681956190806,1.481079085996484e-05
109,0.2710502582336049,0.9999913085406169,0.9996992582797817,0.42744756054649047,1.0577707727193242,4.1045626719693473e-07
109,0.27104451049157574,0.9999660710765859,0.9996909077816596,0.42744756054649047,1.0577928655790039,7.234645438281007e-08
109,0.27107060578923703,0.9999920830474426,0.9999925667222143,0.42744756054649047,1.057690962133522,7.640873243008883e-07
109,0.2710377522044433,0.9999609288637226,0.9996116539380324,0.42744756054649047,1.0578191691426901,6.500643130458172e-07
109,0.2710731275469934,1.0,1.0,0.42744756054649047,1.057681956190806,8.33617560092037e-07
109,0.2709850822440935,0.9999061784550849,0.9990144767790833,0.42744756054649047,1.0580247719494167,2.7504590138782703e-07
109,0.2711618710736038,1.0,1.0,0.42744756054649047,1.057681956190806,0.00034698240362884825
109,0.2709404147584037,0.99983419449616,0.9985835767709041,0.42744756054649047,1.058199198884683,4.451200621424789e-07
109,0.27099899961248264,0.999903767226008,0.9992189929198209,0.42744756054649047,1.057970550417504,1.1416852441215042e-07
110,0.27107082166106905,0.9999921591671007,0.9999925667222143,0.42744756054649047,1.0576901382814654,1.8458021111555922e-08
110,0.2710729197743923,0.999999915422602,1.0,0.42744756054649047,1.0576820225950232,8.932789707927213e-08
110,0.2710730468679915,1.0,1.0,0.42744756054649047,1.057681956190806,5.188217588880661e-07
110,0.27102998055414285,0.9999503132487798,0.9995286364262425,0.42744756054649047,1.0578495015827272,1.041684738467552e-09
110,0.2710730468679915,1.0,1.0,0.42744756054649047,1.057681956190806,5.188217588880661e-07
110,0.27103925579127286,0.9999545543381938,0.9996491309240583,0.42744756054649047,1.0578133023307328,1.4264283088039065e-09
110,0.27105703547573234,0.9999866140536217,0.9998111518188725,0.42744756054649047,1.057743946787491,3.1968682367988777e-08
110,0.2710728894734741,1.0,1.0,0.42744756054649047,1.0576820514963363,9.530553035652645e-08
110,0.2710728894734741,1.0,1.0,0.42744756054649047,1.0576820514963363,9.530553035652645e-08
110,0.271063220380395,0.9999705175331226,0.9999458114049417,0.42744756054649047,1.0577198744623413,9.440160608775727e-08
110,0.2710730533302271,1.0,1.0,0.42744756054649047,1.057681956190806,5.440363144426641e-07
110,0.2710304904306404,0.9999389929055809,0.9995685043755916,0.42744756054649047,1.057847513536498,2.034650670168503e-09
110,0.2710355187154727,0.9999495048202154,0.9996101454711759,0.42744756054649047,1.0578279006919895,1.450937170410782e-08
110,0.271037899675521,0.9999608603560303,0.9996116539380324,0.42744756054649047,1.057818593585794,2.071579863205386e-08
110,0.2710731029196998,1.0,1.0,0.42744756054649047,1.057681956190806,7.375260515640747e-07
110,0.27097419591168265,0.9998795716502737,0.9989344458468459,0.42744756054649047,1.0580672778761715,2.9274403789969483e-08
110,0.27101284120990715,0.9999242136067138,0.9993586730632277,0.42744756054649047,1.0579164019060083,3.167753326316358e-08
110,0.27104451049157574,0.9999660710765859,0.9996909077816596,0.42744756054649047,1.0577928655790039,7.234645438281007e-08
110,0.2710728070104004,0.999999915422602,1.0,0.42744756054649047,1.057682373253851,3.5065882775242585e-07
110,0.2710652042659346,0.9999880297496488,0.9999247057813695,0.42744756054649047,1.0577120387684709,1.6110009792846824e-07
110,0.27098723460845897,0.9999921591671007,0.9999925667222143,0.42744756054649047,1.0580163683992945,0.00032623011782906275
110,0.27106569495680943,0.9999987258735755,0.9998978014337527,0.42744756054649047,1.0577108138618052,6.897939155425803e-07
110,0.27103146712119747,0.9999561541422071,0.9995329688223661,0.42744756054649047,1.0578437323402827,3.290381078713267e-08
110,0.27108431935373245,0.9999503132487798,1.0,0.42744756054649047,1.0577209686641573,8.351280944363104e-05
110,0.27103838229361565,0.9999547496377865,0.9996368560597341,0.42744756054649047,1.0578167100061036,2.130905025765628e-07
110,0.2710561789854266,0.9999545543381938,0.999846687372098,0.42744756054649047,1.0577594306807951,1.2173575494323075e-05
110,0.2711068726517959,1.0,0.9998111518188725,0.42744756054649047,1.0577334369452025,0.00018396562759659396
110,0.2711155893673635,1.0,1.0,0.42744756054649047,1.057681956190806,0.00016648645137440354
110,0.27106586305278846,0.9999892183169442,0.9999322352032325,0.42744756054649047,1.0577094681504822,5.761385111213713e-07
110,0.2710514592373053,0.999968931682812,0.9999458114049417,0.42744756054649047,1.057765675381392,4.4555745768448674e-05
110,0.2711190660992205,1.0,1.0,0.42744756054649047,1.057681956190806,0.0001800476433708731
110,0.2710532399461733,0.9999925291771173,0.999739677517212,0.42744756054649047,1.0577587918008564,6.55070748756259e-08
110,0.2710186539346607,0.9999317922460425,0.9994228057569049,0.42744756054649047,1.0578937120404048,7.937229904442233e-07
110,0.2710344093401171,0.9999385804821497,0.9996256854960227,0.42744756054649047,1.0578322399620805,2.396692710959769e-08
110,0.2710731029196998,0.9999738477046234,0.9997786615614941,0.42744756054649047,1.0577628293535517,8.161068879730671e-05
110,0.27097419591168265,0.9999382658970393,0.9993586730632277,0.42744756054649047,1.0580672778761715,0.00016194203300412546
110,0.271033465582705,0.9999424480706061,0.9996034555211687,0.42744756054649047,1.0578358994406227,6.32890619689519e-07
110,0.2710612176941648,0.9999634607835133,0.9999391214549345,0.42744756054649047,1.0577275948298457,3.559672707709183e-07
110,0.2710616169877331,0.9999815113206678,0.9998917803665084,0.42744756054649047,1.057726036719816,6.553537712505886e-08
110,0.2710856809540515,1.0,1.0,0.42744756054649047,1.057681956190806,4.981260299974366e-05
111,0.27107082166106905,0.9999921591671007,0.9999925667222143,0.42744756054649047,1.0576901382814654,1.8458021111555922e-08
111,0.2710729197743923,0.999999915422602,1.0,0.42744756054649047,1.0576820225950232,8.932789707927213e-08
111,0.2710730468679915,1.0,1.0,0.42744756054649047,1.057681956190806,5.188217588880661e-07
111,0.27102998055414285,0.9999503132487798,0.9995286364262425,0.42744756054649047,1.0578495015827272,1.041684738467552e-09
111,0.2710730468679915,1.0,1.0,0.42744756054649047,1.057681956190806,5.188217588880661e-07
111,0.27103925579127286,0.9999545543381938,0.9996491309240583,0.42744756054649047,1.0578133023307328,1.4264283088039065e-09
111,0.27105703547573234,0.9999866140536217,0.9998111518188725,0.42744756054649047,1.057743946787491,3.1968682367988777e-08
111,0.2710616169877331,0.9999815113206678,0.9998917803665084,0.42744756054649047,1.057726036719816,6.553537712505886e-08
111,0.2710728894734741,1.0,1.0,0.42744756054649047,1.0576820514963363,9.530553035652645e-08
111,0.2710728894734741,1.0,1.0,0.42744756054649047,1.0576820514963363,9.530553035652645e-08
111,0.271063220380395,0.9999705175331226,0.9999458114049417,0.42744756054649047,1.0577198744623413,9.440160608775727e-08
111,0.2710730533302271,1.0,1.0,0.42744756054649047,1.057681956190806,5.440363144426641e-07
111,0.2710304904306404,0.9999389929055809,0.9995685043755916,0.42744756054649047,1.057847513536498,2.034650670168503e-09
111,0.2710355187154727,0.9999495048202154,0.9996101454711759,0.42744756054649047,1.0578279006919895,1.450937170410782e-08
111,0.271037899675521,0.9999608603560303,0.9996116539380324,0.42744756054649047,1.057818593585794,2.071579863205386e-08
111,0.2710532399461733,0.9999925291771173,0.999739677517212,0.42744756054649047,1.0577587918008564,6.55070748756259e-08
111,0.2710728070104004,0.999999915422602,1.0,0.42744756054649047,1.057682373253851,3.5065882775242585e-07
111,0.2710652042659346,0.9999880297496488,0.9999247057813695,0.42744756054649047,1.0577120387684709,1.6110009792846824e-07
111,0.2710731029196998,1.0,1.0,0.42744756054649047,1.057681956190806,7.375260515640747e-07
111,0.2710344093401171,0.9999385804821497,0.9996256854960227,0.42744756054649047,1.0578322399620805,2.396692710959769e-08
111,0.27107082166106905,1.0,1.0,0.42744756054649047,1.0576901198234443,8.163632638336082e-06
111,0.2710495358462785,0.9999698721296905,0.9997519826284199,0.42744756054649047,1.0577732256928103,4.4314425462488316e-08
111,0.27104218703586525,0.9999691855256199,0.9996489800773726,0.42744756054649047,1.0578018609526847,5.732632590849107e-09
111,0.2710288429259207,0.9999530673505989,0.9995044918685605,0.42744756054649047,1.0578539418460966,1.6815268288894458e-08
111,0.2710730287029335,0.9999999238803419,1.0,0.42744756054649047,1.057682015954601,5.077085480920118e-07
111,0.2711115378017904,1.0,1.0,0.42744756054649047,1.057681956190806,0.00015068264866946457
111,0.27105509516500326,0.9999866140536217,0.9997657097654908,0.42744756054649047,1.0577563373723535,4.850838806413904e-06
111,0.27107060578923703,0.9999920830474426,0.9999925667222143,0.42744756054649047,1.057690962133522,7.640873243008883e-07
111,0.2711114523086249,1.0,1.0,0.42744756054649047,1.057681956190806,0.00015034916332568038
111,0.27107386995562616,1.0,0.9999984915331435,0.42744756054649047,1.057682367327747,4.141498452625569e-06
111,0.27103549144464634,0.9999495809398735,0.9996101454711759,0.42744756054649047,1.0578279926182745,1.5169610678711365e-07
111,0.27099583103979275,0.9998837914591737,0.999231621322012,0.42744756054649047,1.0579828063884233,1.6315252926446533e-08
111,0.27106753650550347,0.9999389929055809,0.9995685043755916,0.42744756054649047,1.057847513536498,0.00014457522281396962
111,0.2710236101591801,0.999964360247154,0.9993968560114483,0.42744756054649047,1.0578744265848017,6.030815558055735e-08
111,0.27102325432245344,0.9999411683918155,0.9994602827429308,0.42744756054649047,1.0578757552000846,4.2516889497967725e-07
111,0.27102423683212384,0.9999220167904089,0.9995282878258802,0.42744756054649047,1.0578719202177675,1.0535386674170866e-07
111,0.2710831763657066,0.999999915422602,1.0,0.42744756054649047,1.0576820225950232,4.01073453759615e-05
111,0.27102240335571104,0.9999313364875564,0.9994742687652929,0.42744756054649047,1.0578792343445316,1.5758478699723355e-07
111,0.2710353028436407,0.9999494287005573,0.9996101454711759,0.42744756054649047,1.0578287287121353,7.682503149197828e-07
111,0.2711032990169146,1.0,1.0,0.42744756054649047,1.057681956190806,0.0001185444465097163
112,0.27107082166106905,0.9999921591671007,0.9999925667222143,0.42744756054649047,1.0576901382814654,1.8458021111555922e-08
112,0.2710729197743923,0.999999915422602,1.0,0.42744756054649047,1.0576820225950232,8.932789707927213e-08
112,0.2710730468679915,1.0,1.0,0.42744756054649047,1.057681956190806,5.188217588880661e-07
112,0.27102998055414285,0.9999503132487798,0.9995286364262425,0.42744756054649047,1.0578495015827272,1.041684738467552e-09
112,0.2710730468679915,1.0,1.0,0.42744756054649047,1.057681956190806,5.188217588880661e-07
112,0.27103925579127286,0.9999545543381938,0.9996491309240583,0.42744756054649047,1.0578133023307328,1.4264283088039065e-09
112,0.27104218703586525,0.9999691855256199,0.9996489800773726,0.42744756054649047,1.0578018609526847,5.732632590849107e-09
112,0.2710730287029335,0.9999999238803419,1.0,0.42744756054649047,1.057682015954601,5.077085480920118e-07
112,0.27105703547573234,0.9999866140536217,0.9998111518188725,0.42744756054649047,1.057743946787491,3.1968682367988777e-08
112,0.2710616169877331,0.9999815113206678,0.9998917803665084,0.42744756054649047,1.057726036719816,6.553537712505886e-08
112,0.2710728894734741,1.0,1.0,0.42744756054649047,1.0576820514963363,9.530553035652645e-08
112,0.2710728894734741,1.0,1.0,0.42744756054649047,1.0576820514963363,9.530553035652645e-08
112,0.271063220380395,0.9999705175331226,0.9999458114049417,0.42744756054649047,1.0577198744623413,9.440160608775727e-08
112,0.2710730533302271,1.0,1.0,0.42744756054649047,1.057681956190806,5.440363144426641e-07
112,0.2710304904306404,0.9999389929055809,0.9995685043755916,0.42744756054649047,1.057847513536498,2.034650670168503e-09
112,0.2710355187154727,0.9999495048202154,0.9996101454711759,0.42744756054649047,1.0578279006919895,1.450937170410782e-08
112,0.271037899675521,0.9999608603560303,0.9996116539380324,0.42744756054649047,1.057818593585794,2.071579863205386e-08
112,0.2710731029196998,1.0,1.0,0.42744756054649047,1.057681956190806,7.375260515640747e-07
112,0.27099583103979275,0.9998837914591737,0.999231621322012,0.42744756054649047,1.0579828063884233,1.6315252926446533e-08
112,0.2710728070104004,0.999999915422602,1.0,0.42744756054649047,1.057682373253851,3.5065882775242585e-07
112,0.27110044745055567,0.9999921591671007,1.0,0.42744756054649047,1.057688112308416,0.00011357659783861607
112,0.27096604081864606,0.9998449856411641,0.9989186046609867,0.42744756054649047,1.0580991218557054,3.844379168338463e-07
112,0.27103574040331674,0.9999495809398735,0.9996101454711759,0.42744756054649047,1.0578278409221678,8.199670737951692e-07
112,0.2710078865216248,0.9999503132487798,0.9992942275408112,0.42744756054649047,1.0579357432102345,2.2278682732190802e-05
112,0.2710002201166593,0.9998980918099553,1.0,0.42744756054649047,1.0579656714656487,0.0002036959922733228
112,0.27105831472609154,0.999966725932523,0.9998844223059563,0.42744756054649047,1.0577395861362295,6.633032942904293e-07
112,0.2710813375362294,1.0,1.0,0.42744756054649047,1.057681956190806,3.2866625359062596e-05
112,0.27106376170742175,0.9999999238803419,0.9998795055021842,0.42744756054649047,1.0577176677448064,2.8067633055517405e-06
112,0.2710615026034938,0.9999814352010097,0.9998917803665084,0.42744756054649047,1.057726483065706,4.521152623393476e-07
112,0.2710732181610038,1.0,1.0,0.42744756054649047,1.057681956190806,1.1871778584637838e-06
112,0.27106522306662517,0.9999775742827319,0.9999525013549488,0.42744756054649047,1.0577125101647105,5.447576114647745e-07
112,0.2710061683785628,0.9999004312705727,0.9993290189921545,0.42744756054649047,1.0579431386235432,6.882414336217835e-07
112,0.2710345225653366,0.9999450775453171,0.9996116539380324,0.42744756054649047,1.057831774083609,8.084974154609625e-07
112,0.27102554465757456,0.999951388374049,0.9994616403631017,0.42744756054649047,1.0578669347373633,1.1924807252761127e-07
112,0.27102537347830585,0.9999328650088164,0.9995127478010334,0.42744756054649047,1.0578675359075493,5.2270974659762715e-08
112,0.2710942653553832,0.9999495048202154,0.9996101454711759,0.42744756054649047,1.0578279006919895,0.00022924781169231245
112,0.2711007623843742,1.0,1.0,0.42744756054649047,1.057681956190806,0.00010864904920326879
112,0.2710658163002802,1.0,0.9999259276395235,0.42744756054649047,1.057709650580606,7.504291768212212e-06
112,0.27110451952109127,1.0,1.0,0.42744756054649047,1.057681956190806,0.0001233055643199421
112,0.27102164659180356,0.9999124586853912,0.9995197346400391,0.42744756054649047,1.0578820306370855,3.7676801878383515e-07
113,0.27107082166106905,0.9999921591671007,0.9999925667222143,0.42744756054649047,1.0576901382814654,1.8458021111555922e-08
113,0.2710729197743923,0.999999915422602,1.0,0.42744756054649047,1.0576820225950232,8.932789707927213e-08
113,0.2710730468679915,1.0,1.0,0.42744756054649047,1.057681956190806,5.188217588880661e-07
113,0.27102998055414285,0.9999503132487798,0.9995286364262425,0.42744756054649047,1.0578495015827272,1.041684738467552e-09
113,0.2710730468679915,1.0,1.0,0.42744756054649047,1.057681956190806,5.188217588880661e-07
113,0.27103925579127286,0.9999545543381938,0.9996491309240583,0.42744756054649047,1.0578133023307328,1.4264283088039065e-09
113,0.27104218703586525,0.9999691855256199,0.9996489800773726,0.42744756054649047,1.0578018609526847,5.732632590849107e-09
113,0.2710730287029335,0.9999999238803419,1.0,0.42744756054649047,1.057682015954601,5.077085480920118e-07
113,0.27105703547573234,0.9999866140536217,0.9998111518188725,0.42744756054649047,1.057743946787491,3.1968682367988777e-08
113,0.2710616169877331,0.9999815113206678,0.9998917803665084,0.42744756054649047,1.057726036719816,6.553537712505886e-08
113,0.2710728894734741,1.0,1.0,0.42744756054649047,1.0576820514963363,9.530553035652645e-08
113,0.2710728894734741,1.0,1.0,0.42744756054649047,1.0576820514963363,9.530553035652645e-08
113,0.271063220380395,0.9999705175331226,0.9999458114049417,0.42744756054649047,1.0577198744623413,9.440160608775727e-08
113,0.2710730533302271,1.0,1.0,0.42744756054649047,1.057681956190806,5.440363144426641e-07
113,0.2710304904306404,0.9999389929055809,0.9995685043755916,0.42744756054649047,1.057847513536498,2.034650670168503e-09
113,0.2710355187154727,0.9999495048202154,0.9996101454711759,0.42744756054649047,1.0578279006919895,1.450937170410782e-08
113,0.271037899675521,0.9999608603560303,0.9996116539380324,0.42744756054649047,1.057818593585794,2.071579863205386e-08
113,0.2710731029196998,1.0,1.0,0.42744756054649047,1.057681956190806,7.375260515640747e-07
113,0.27099583103979275,0.9998837914591737,0.999231621322012,0.42744756054649047,1.0579828063884233,1.6315252926446533e-08
113,0.2710728070104004,0.999999915422602,1.0,0.42744756054649047,1.057682373253851,3.5065882775242585e-07
113,0.27106468098951647,0.9999961068998693,0.9998915549519658,0.42744756054649047,1.0577145729585111,4.923313849936051e-07
113,0.27107165986630416,1.0,0.9999513720654101,0.42744756054649047,1.057695210497507,8.3612534833577e-06
113,0.27103427144607595,0.9999552819239018,0.9995757727836182,0.42744756054649047,1.0578327541881936,1.3711624946566303e-08
113,0.2710716689692974,1.0,0.9999662707125767,0.42744756054649047,1.0576911495004395,4.33577512670702e-06
113,0.2710642175906211,0.9999733812024124,0.9999512302644475,0.42744756054649047,1.0577161489094689,2.600630979454621e-07
113,0.27103407934447277,0.9999552819239018,0.9995757727836182,0.42744756054649047,1.0578335039513516,7.634747829499133e-07
113,0.2709869872009559,0.9998572572389841,0.9991828515864596,0.42744756054649047,1.0580173343541166,3.926749692073628e-07
113,0.2710672016352337,0.9999847304997882,0.9999596569269467,0.42744756054649047,1.0577049409557502,6.959798626304803e-07
113,0.27109527794076077,1.0,1.0,0.42744756054649047,1.057681956190806,8.72536151228509e-05
113,0.27100360285830893,0.9998954123132564,0.9993084591898108,0.42744756054649047,1.0579526912268233,2.2558017387375173e-07
113,0.27114232524153836,1.0,1.0,0.42744756054649047,1.057681956190806,0.0002707623161160022
113,0.27102209172957364,0.9999363079594281,0.9994560725326225,0.42744756054649047,1.0578802953153053,2.1869348554304224e-09
113,0.2710748155126426,1.0,1.0,0.42744756054649047,1.057681956190806,7.419730669866453e-06
113,0.2710587509991975,0.9999880287679177,0.9998300366369852,0.42744756054649047,1.0577376870748019,4.666884461101972e-07
113,0.27100855335366403,0.9999237398638137,0.9992981110014308,0.42744756054649047,1.057933270766164,1.3066729875887972e-07
113,0.2710355187154727,0.9999716278352124,0.999660423673585,0.42744756054649047,1.0578278861826178,3.106974054145617e-05
113,0.27105775440305646,0.999978046275722,0.9998445543566071,0.42744756054649047,1.0577415667621697,4.574008221069903e-07
113,0.27107295184263436,1.0,1.0,0.42744756054649047,1.057681956190806,1.4804866887985213e-07
113,0.27106463556838994,0.9999903323608124,0.9999092922798647,0.42744756054649047,1.0577142714661518,1.3602460491313195e-08
113,0.27104313102436456,0.9999818161440914,0.9996245425191708,0.42744756054649047,1.0577986034202054,4.265778090761785e-07
114,0.27107082166106905,0.9999921591671007,0.9999925667222143,0.42744756054649047,1.0576901382814654,1.8458021111555922e-08
114,0.2710729197743923,0.999999915422602,1.0,0.42744756054649047,1.0576820225950232,8.932789707927213e-08
114,0.27102998055414285,0.9999503132487798,0.9995286364262425,0.42744756054649047,1.0578495015827272,1.041684738467552e-09
114,0.27103925579127286,0.9999545543381938,0.9996491309240583,0.42744756054649047,1.0578133023307328,1.4264283088039065e-09
114,0.27104218703586525,0.9999691855256199,0.9996489800773726,0.42744756054649047,1.0578018609526847,5.732632590849107e-09
114,0.27107295184263436,1.0,1.0,0.42744756054649047,1.057681956190806,1.4804866887985213e-07
114,0.27106463556838994,0.9999903323608124,0.9999092922798647,0.42744756054649047,1.0577142714661518,1.3602460491313195e-08
114,0.2710728894734741,1.0,1.0,0.42744756054649047,1.0576820514963363,9.530553035652645e-08
114,0.2710728894734741,1.0,1.0,0.42744756054649047,1.0576820514963363,9.530553035652645e-08
114,0.2710304904306404,0.9999389929055809,0.9995685043755916,0.42744756054649047,1.057847513536498,2.034650670168503e-09
114,0.2710730468679915,1.0,1.0,0.42744756054649047,1.057681956190806,5.188217588880661e-07
114,0.2710730468679915,1.0,1.0,0.42744756054649047,1.057681956190806,5.188217588880661e-07
114,0.2710730287029335,0.9999999238803419,1.0,0.42744756054649047,1.057682015954601,5.077085480920118e-07
114,0.27105703547573234,0.9999866140536217,0.9998111518188725,0.42744756054649047,1.057743946787491,3.1968682367988777e-08
114,0.2710616169877331,0.9999815113206678,0.9998917803665084,0.42744756054649047,1.057726036719816,6.553537712505886e-08
114,0.271063220380395,0.9999705175331226,0.9999458114049417,0.42744756054649047,1.0577198744623413,9.440160608775727e-08
114,0.2710355187154727,0.9999495048202154,0.9996101454711759,0.42744756054649047,1.0578279006919895,1.450937170410782e-08
114,0.271037899675521,0.9999608603560303,0.9996116539380324,0.42744756054649047,1.057818593585794,2.071579863205386e-08
114,0.27103427144607595,0.9999552819239018,0.9995757727836182,0.42744756054649047,1.0578327541881936,1.3711624946566303e-08
114,0.27102209172957364,0.9999363079594281,0.9994560725326225,0.42744756054649047,1.0578802953153053,2.1869348554304224e-09
114,0.27106271696548084,0.9999834363082593,0.9999026023298575,0.42744756054649047,1.0577217444471188,2.3483931177459283e-07
114,0.27104854004404355,0.9999673292756424,0.999745736146633,0.42744756054649047,1.0577770675195683,1.418823094567756e-07
114,0.2710653496047509,0.9999912145473332,0.9999183630518782,0.42744756054649047,1.0577114716483451,3.6551282223129533e-07
114,0.27103925579127286,0.9999363079594281,0.9994560725326225,0.42744756054649047,1.0578802953153053,6.699441100077586e-05
114,0.27104463758517494,0.9999661556539838,0.9996909077816596,0.42744756054649047,1.0577927991702918,5.019397810723802e-07
114,0.2710452300087997,0.9999723430927161,0.9996840820696353,0.42744756054649047,1.0577899852136394,1.8275515811794207e-07
114,0.271063220380395,0.9999705175331226,0.9999458114049417,0.42744756054649047,1.0577198744623413,9.440160608775727e-08
114,0.27107307413881787,0.9999999238803419,1.0,0.42744756054649047,1.057682015954601,6.84991720678596e-07
114,0.2710501943231257,0.9999671365830414,0.9997690720333271,0.42744756054649047,1.0577707135959231,1.0192293431465771e-07
114,0.27104869743856097,0.9999673292756424,0.999745736146633,0.42744756054649047,1.057776925637259,4.7235532396605606e-07
114,0.2710093399476459,0.9999363704822852,0.999273673443229,0.42744756054649047,1.057930069489423,4.6743072967814214e-08
114,0.27107034758963533,0.999980009929648,1.0,0.42744756054649047,1.0576976512988172,5.681694774883894e-06
114,0.27103963214824667,0.9999561419662715,0.9996499764539543,0.42744756054649047,1.0578118320585561,6.945653607814961e-09
114,0.27110767296895877,1.0,1.0,0.42744756054649047,1.057681956190806,0.00013560678775181856
114,0.2710616169877331,0.9999904084804705,0.9999092922798647,0.42744756054649047,1.057726036719816,1.1825018605637894e-05
114,0.2710298443366964,0.999943122408471,0.9995476012405738,0.42744756054649047,1.05785003324948,6.005033315048536e-08
114,0.2710539013915345,0.9999897140999153,0.9997574727433652,0.42744756054649047,1.0577561494682075,4.393868380248023e-09
114,0.27101827579326854,0.9999418959775235,0.9993869246024907,0.42744756054649047,1.0578951880788687,4.123545709333598e-07
114,0.27100280210454825,0.9999112598786387,0.999252586445227,0.42744756054649047,1.0579555916638188,9.504489839606833e-08
114,0.2710756364969834,1.0,1.0,0.42744756054649047,1.057681956190806,1.0623021972966384e-05
115,0.27107082166106905,0.9999921591671007,0.9999925667222143,0.42744756054649047,1.0576901382814654,1.8458021111555922e-08
115,0.2710729197743923,0.999999915422602,1.0,0.42744756054649047,1.0576820225950232,8.932789707927213e-08
115,0.27102998055414285,0.9999503132487798,0.9995286364262425,0.42744756054649047,1.0578495015827272,1.041684738467552e-09
115,0.27103925579127286,0.9999545543381938,0.9996491309240583,0.42744756054649047,1.0578133023307328,1.4264283088039065e-09
115,0.27107295184263436,1.0,1.0,0.42744756054649047,1.057681956190806,1.4804866887985213e-07
115,0.27106463556838994,0.9999903323608124,0.9999092922798647,0.42744756054649047,1.0577142714661518,1.3602460491313195e-08
115,0.2710539013915345,0.9999897140999153,0.9997574727433652,0.42744756054649047,1.0577561494682075,4.393868380248023e-09
115,0.2710728894734741,1.0,1.0,0.42744756054649047,1.0576820514963363,9.530553035652645e-08
115,0.2710728894734741,1.0,1.0,0.42744756054649047,1.0576820514963363,9.530553035652645e-08
115,0.2710304904306404,0.9999389929055809,0.9995685043755916,0.42744756054649047,1.057847513536498,2.034650670168503e-09
115,0.2710730468679915,1.0,1.0,0.42744756054649047,1.057681956190806,5.188217588880661e-07
115,0.2710730468679915,1.0,1.0,0.42744756054649047,1.057681956190806,5.188217588880661e-07
115,0.2710730287029335,0.9999999238803419,1.0,0.42744756054649047,1.057682015954601,5.077085480920118e-07
115,0.27105703547573234,0.9999866140536217,0.9998111518188725,0.42744756054649047,1.057743946787491,3.1968682367988777e-08
115,0.2710616169877331,0.9999815113206678,0.9998917803665084,0.42744756054649047,1.057726036719816,6.553537712505886e-08
115,0.271063220380395,0.9999705175331226,0.9999458114049417,0.42744756054649047,1.0577198744623413,9.440160608775727e-08
115,0.271063220380395,0.9999705175331226,0.9999458114049417,0.42744756054649047,1.0577198744623413,9.440160608775727e-08
115,0.27104218703586525,0.9999691855256199,0.9996489800773726,0.42744756054649047,1.0578018609526847,5.732632590849107e-09
115,0.27102209172957364,0.9999363079594281,0.9994560725326225,0.42744756054649047,1.0578802953153053,2.1869348554304224e-09
115,0.2710756364969834,1.0,1.0,0.42744756054649047,1.057681956190806,1.0623021972966384e-05
115,0.27104706130814266,0.9999921591671007,0.9996691463284723,0.42744756054649047,1.0577828383732037,4.521245095201465e-06
115,0.27109025963174477,1.0,1.0,0.42744756054649047,1.057681956190806,6.767586629896627e-05
115,0.27103928306209923,0.9999544782185357,0.9996491309240583,0.42744756054649047,1.0578133620999601,1.6762835586270342e-07
115,0.2710247294837235,0.9999425925860873,0.9995104652793603,0.42744756054649047,1.0578699972851524,9.477021949866327e-06
115,0.27107295184263436,1.0,0.9997328518051878,0.42744756054649047,1.0577547875396154,7.297939747830107e-05
115,0.27104505755269764,0.9999631798797257,0.9999092922798647,0.42744756054649047,1.0577906582468932,5.5067575327027996e-05
115,0.2710539013915345,0.9999552819239018,0.9995757727836182,0.42744756054649047,1.0578327404765686,7.659540222948458e-05
115,0.2710646644298078,0.9999904084804705,0.9999092922798647,0.42744756054649047,1.0577142117012104,6.645689398787624e-08
115,0.2710901507032036,1.0,1.0,0.42744756054649047,1.057681956190806,6.725089925407879e-05
115,0.27107412474947795,0.9999958713636978,1.0,0.42744756054649047,1.0576851977184116,7.966044897944613e-06
115,0.271021136715306,0.9999237790285902,0.9994798666906899,0.42744756054649047,1.0578840208478462,3.7938461239228616e-07
115,0.2710298552476294,0.9999503817564721,0.9995286364262425,0.42744756054649047,1.0578499906632832,5.439149939334698e-07
115,0.27099136110559907,0.9998901024497198,0.9991493634187767,0.42744756054649047,1.0580002899416514,3.239358270512582e-08
115,0.2710206582822127,0.9999337247595979,0.9994430273919621,0.42744756054649047,1.0578858883317708,5.204043196371799e-09
115,0.2710805315148115,1.0,1.0,0.42744756054649047,1.057681956190806,2.9721848377350923e-05
115,0.271031938354377,0.9999552058042437,0.9995757727836182,0.42744756054649047,1.0578418602028705,9.05995716160568e-06
115,0.27109090870648717,0.9999982505600647,1.0,0.42744756054649047,1.057683329730139,7.158165843712538e-05
115,0.27105703547573234,0.9999866140536217,0.9998111518188725,0.42744756054649047,1.057743946787491,3.1968682367988777e-08
115,0.27102209172957364,1.0,1.0,0.42744756054649047,1.0578802931283704,0.00019833693756443616
115,0.2710228573052693,0.9999367932445696,0.9994675531501266,0.42744756054649047,1.0578773048658807,5.230516912924088e-07
116,0.27107082166106905,0.9999921591671007,0.9999925667222143,0.42744756054649047,1.0576901382814654,1.8458021111555922e-08
116,0.2710729197743923,0.999999915422602,1.0,0.42744756054649047,1.0576820225950232,8.932789707927213e-08
116,0.27102998055414285,0.9999503132487798,0.9995286364262425,0.42744756054649047,1.0578495015827272,1.041684738467552e-09
116,0.27103925579127286,0.9999545543381938,0.9996491309240583,0.42744756054649047,1.0578133023307328,1.4264283088039065e-09
116,0.27107295184263436,1.0,1.0,0.42744756054649047,1.057681956190806,1.4804866887985213e-07
116,0.27106463556838994,0.9999903323608124,0.9999092922798647,0.42744756054649047,1.0577142714661518,1.3602460491313195e-08
116,0.2710539013915345,0.9999897140999153,0.9997574727433652,0.42744756054649047,1.0577561494682075,4.393868380248023e-09
116,0.2710646644298078,0.9999904084804705,0.9999092922798647,0.42744756054649047,1.0577142117012104,6.645689398787624e-08
116,0.2710728894734741,1.0,1.0,0.42744756054649047,1.0576820514963363,9.530553035652645e-08
116,0.2710728894734741,1.0,1.0,0.42744756054649047,1.0576820514963363,9.530553035652645e-08
116,0.2710304904306404,0.9999389929055809,0.9995685043755916,0.42744756054649047,1.057847513536498,2.034650670168503e-09
116,0.2710730468679915,1.0,1.0,0.42744756054649047,1.057681956190806,5.188217588880661e-07
116,0.2710730468679915,1.0,1.0,0.42744756054649047,1.057681956190806,5.188217588880661e-07
116,0.2710730287029335,0.9999999238803419,1.0,0.42744756054649047,1.057682015954601,5.077085480920118e-07
116,0.27105703547573234,0.9999866140536217,0.9998111518188725,0.42744756054649047,1.057743946787491,3.1968682367988777e-08
116,0.2710616169877331,0.9999815113206678,0.9998917803665084,0.42744756054649047,1.057726036719816,6.553537712505886e-08
116,0.27105703547573234,0.9999866140536217,0.9998111518188725,0.42744756054649047,1.057743946787491,3.1968682367988777e-08
116,0.27104218703586525,0.9999691855256199,0.9996489800773726,0.42744756054649047,1.0578018609526847,5.732632590849107e-09
116,0.27102209172957364,0.9999363079594281,0.9994560725326225,0.42744756054649047,1.0578802953153053,2.1869348554304224e-09
116,0.2710756364969834,1.0,1.0,0.42744756054649047,1.057681956190806,1.0623021972966384e-05
116,0.2710853507630773,1.0,1.0,0.42744756054649047,1.057681956190806,4.852437187419234e-05
116,0.2710729197743923,0.9999958713636978,1.0,0.42744756054649047,1.0576851977184116,3.2644512855117824e-06
116,0.27102998055414285,0.9999734459849382,0.9998112875808896,0.42744756054649047,1.0578495015827272,9.525275914668008e-05
116,0.27105291211493165,0.9999912065132801,0.9997385861260002,0.42744756054649047,1.057760127896759,1.222721168758767e-07
116,0.27105977817359955,0.9999946214974441,0.9998269125408932,0.42744756054649047,1.0577333626106378,1.5049360246877086e-07
116,0.2710528267658201,0.9999757387157734,0.9999092922798647,0.42744756054649047,1.0577603386921017,3.46089357159407e-05
116,0.2710677476724142,0.9999859947106483,0.99992743610638,0.42744756054649047,1.05771273121228,1.0616869219770564e-05
116,0.2710450329666081,0.9999617334264217,0.9997090516081749,0.42744756054649047,1.0577913233292708,5.691317694900278e-07
116,0.27105637233584484,0.9999637355286118,0.9998674054550296,0.42744756054649047,1.0577465732893367,7.06982057341321e-08
116,0.2710670296401865,0.999982287365136,0.9999650488544229,0.42744756054649047,1.0577053895025035,4.734015031093719e-07
116,0.2710496329364327,0.9999779816860451,0.9997295148707507,0.42744756054649047,1.0577729851272313,1.8264388423894218e-07
116,0.2710730468679915,1.0,1.0,0.42744756054649047,1.057681956190806,5.188217588880661e-07
116,0.2709963274112892,0.9999118626891051,0.9991594453567328,0.42744756054649047,1.0579808685300327,4.190882865184875e-07
116,0.2710757895658587,1.0,1.0,0.42744756054649047,1.057681956190806,1.1220259229283158e-05
116,0.27103680582118406,0.999967513394256,0.9995768708366296,0.42744756054649047,1.057822862745654,2.582973146481038e-08
116,0.27108032231369195,1.0,1.0,0.42744756054649047,1.057681956190806,2.8905625241604227e-05
116,0.27105201918429295,0.9999744536716029,0.9997744570610021,0.42744756054649047,1.0577635000255305,9.806614631457933e-09
116,0.27102585719334216,0.9999691855256199,0.9994560707333702,0.42744756054649047,1.0578655956011982,1.1115382297699483e-05
116,0.27103914140703356,0.9999544782185357,0.9996491309240583,0.42744756054649047,1.0578137473238463,3.85223886123498e-07
116,0.2710782501756448,1.0,1.0,0.42744756054649047,1.057681956190806,2.082086330568167e-05
117,0.27107082166106905,0.9999921591671007,0.9999925667222143,0.42744756054649047,1.0576901382814654,1.8458021111555922e-08
117,0.2710729197743923,0.999999915422602,1.0,0.42744756054649047,1.0576820225950232,8.932789707927213e-08
117,0.27102998055414285,0.9999503132487798,0.9995286364262425,0.42744756054649047,1.0578495015827272,1.041684738467552e-09
117,0.27103925579127286,0.9999545543381938,0.9996491309240583,0.42744756054649047,1.0578133023307328,1.4264283088039065e-09
117,0.27107295184263436,1.0,1.0,0.42744756054649047,1.057681956190806,1.4804866887985213e-07
117,0.27106463556838994,0.9999903323608124,0.9999092922798647,0.42744756054649047,1.0577142714661518,1.3602460491313195e-08
117,0.2710539013915345,0.9999897140999153,0.9997574727433652,0.42744756054649047,1.0577561494682075,4.393868380248023e-09
117,0.2710646644298078,0.9999904084804705,0.9999092922798647,0.42744756054649047,1.0577142117012104,6.645689398787624e-08
117,0.2710728894734741,1.0,1.0,0.42744756054649047,1.0576820514963363,9.530553035652645e-08
117,0.2710728894734741,1.0,1.0,0.42744756054649047,1.0576820514963363,9.530553035652645e-08
117,0.2710304904306404,0.9999389929055809,0.9995685043755916,0.42744756054649047,1.057847513536498,2.034650670168503e-09
117,0.2710730468679915,1.0,1.0,0.42744756054649047,1.057681956190806,5.188217588880661e-07
117,0.2710730468679915,1.0,1.0,0.42744756054649047,1.057681956190806,5.188217588880661e-07
117,0.2710730287029335,0.9999999238803419,1.0,0.42744756054649047,1.057682015954601,5.077085480920118e-07
117,0.2710730468679915,1.0,1.0,0.42744756054649047,1.057681956190806,5.188217588880661e-07
117,0.27105703547573234,0.9999866140536217,0.9998111518188725,0.42744756054649047,1.057743946787491,3.1968682367988777e-08
117,0.2710616169877331,0.9999815113206678,0.9998917803665084,0.42744756054649047,1.057726036719816,6.553537712505886e-08
117,0.27105703547573234,0.9999866140536217,0.9998111518188725,0.42744756054649047,1.057743946787491,3.1968682367988777e-08
117,0.27104218703586525,0.9999691855256199,0.9996489800773726,0.42744756054649047,1.0578018609526847,5.732632590849107e-09
117,0.27105201918429295,0.9999744536716029,0.9997744570610021,0.42744756054649047,1.0577635000255305,9.806614631457933e-09
117,0.2710521444908064,0.9999743851639106,0.9997744570610021,0.42744756054649047,1.057763553815694,5.525973529874051e-07
117,0.2710343941158267,0.9999495073848449,0.9995935101115171,0.42744756054649047,1.057832436298857,1.6088414245274407e-07
117,0.27105847922044085,0.9999879526482595,0.9998300366369852,0.42744756054649047,1.057738280934273,5.340942450526853e-07
117,0.27105865117642475,0.9999878680708615,0.9998300366369852,0.42744756054649047,1.057737813245845,2.0332659156352406e-07
117,0.2710681396926931,1.0,0.9999169824882099,0.42744756054649047,1.0577045846946787,4.0000064012168934e-06
117,0.2710729197743923,0.999999915422602,0.9999092922798647,0.42744756054649047,1.057706747448109,2.4814180982879463e-05
117,0.2710539013915345,0.9999401950102129,0.9995277792270819,0.42744756054649047,1.0578576793910108,0.0001015343166717031
117,0.27109493315319744,1.0,1.0,0.42744756054649047,1.057681956190806,8.59085309674601e-05
117,0.2710728894734741,0.9999736549975594,0.9998834119063011,0.42744756054649047,1.0577344210492314,5.2369552895115135e-05
117,0.2710596306500551,0.9999745230787508,0.9998850904165012,0.42744756054649047,1.0577337877857602,5.059159886577902e-07
117,0.27103004972841205,0.9999502447410875,0.9995286364262425,0.42744756054649047,1.057849554333803,3.2274315220348626e-07
117,0.27108044329456327,1.0,1.0,0.42744756054649047,1.057681956190806,2.9377646703521165e-05
117,0.2710804878294812,1.0,1.0,0.42744756054649047,1.057681956190806,2.95514049515333e-05
117,0.2710586832446668,0.9999999238803419,0.9998300366369852,0.42744756054649047,1.0577374847810908,9.137022665806072e-06
117,0.2710728894734741,1.0,1.0,0.42744756054649047,1.0576820514963363,9.530553035652645e-08
117,0.27104040969202225,0.9999512580714751,0.9996767845538667,0.42744756054649047,1.0578087974741424,4.4905077944967786e-07
117,0.27104961684599127,0.9999777417735383,0.9997306170254944,0.42744756054649047,1.0577728729407594,7.664365586634858e-09
117,0.2710804044212123,1.0,1.0,0.42744756054649047,1.057681956190806,2.922597768173496e-05
117,0.27110407898629646,1.0,0.9996489800773726,0.42744756054649047,1.0577776611211607,0.0002172919982832422
117,0.2711089807996193,1.0,1.0,0.42744756054649047,1.057681956190806,0.0001407083949782617
118,0.27107082166106905,0.9999921591671007,0.9999925667222143,0.42744756054649047,1.0576901382814654,1.8458021111555922e-08
118,0.2710729197743923,0.999999915422602,1.0,0.42744756054649047,1.0576820225950232,8.932789707927213e-08
118,0.27102998055414285,0.9999503132487798,0.9995286364262425,0.42744756054649047,1.0578495015827272,1.041684738467552e-09
118,0.27103925579127286,0.9999545543381938,0.9996491309240583,0.42744756054649047,1.0578133023307328,1.4264283088039065e-09
118,0.27107295184263436,1.0,1.0,0.42744756054649047,1.057681956190806,1.4804866887985213e-07
118,0.27106463556838994,0.9999903323608124,0.9999092922798647,0.42744756054649047,1.0577142714661518,1.3602460491313195e-08
118,0.2710539013915345,0.9999897140999153,0.9997574727433652,0.42744756054649047,1.0577561494682075,4.393868380248023e-09
118,0.2710304904306404,0.9999389929055809,0.9995685043755916,0.42744756054649047,1.057847513536498,2.034650670168503e-09
118,0.2710730468679915,1.0,1.0,0.42744756054649047,1.057681956190806,5.188217588880661e-07
118,0.2710730468679915,1.0,1.0,0.42744756054649047,1.057681956190806,5.188217588880661e-07
118,0.2710728894734741,1.0,1.0,0.42744756054649047,1.0576820514963363,9.530553035652645e-08
118,0.2710730287029335,0.9999999238803419,1.0,0.42744756054649047,1.057682015954601,5.077085480920118e-07
118,0.27104218703586525,0.9999691855256199,0.9996489800773726,0.42744756054649047,1.0578018609526847,5.732632590849107e-09
118,0.2710646644298078,0.9999904084804705,0.9999092922798647,0.42744756054649047,1.0577142117012104,6.645689398787624e-08
118,0.2710616169877331,0.9999815113206678,0.9998917803665084,0.42744756054649047,1.057726036719816,6.553537712505886e-08
118,0.27104961684599127,0.9999777417735383,0.9997306170254944,0.42744756054649047,1.0577728729407594,7.664365586634858e-09
118,0.27105201918429295,0.9999744536716029,0.9997744570610021,0.42744756054649047,1.0577635000255305,9.806614631457933e-09
118,0.27105703547573234,0.9999866140536217,0.9998111518188725,0.42744756054649047,1.057743946787491,3.1968682367988777e-08
118,0.27105703547573234,0.9999866140536217,0.9998111518188725,0.42744756054649047,1.057743946787491,3.1968682367988777e-08
118,0.2710728894734741,1.0,1.0,0.42744756054649047,1.0576820514963363,9.530553035652645e-08
118,0.2710405377956541,0.9999740284247137,0.9996115181760153,0.42744756054649047,1.0578082975151717,2.6926735952059744e-08
118,0.2710872997265073,1.0,1.0,0.42744756054649047,1.057681956190806,5.612815440270147e-05
118,0.27105413234091313,0.999972810445399,0.9998101434183866,0.42744756054649047,1.0577552438221745,1.840285561716115e-07
118,0.27105161953222145,0.9999847985231476,0.9997373069755016,0.42744756054649047,1.0577655079380572,4.5809972570864943e-07
118,0.27107812249553254,1.0,1.0,0.42744756054649047,1.057681956190806,2.0322695874375185e-05
118,0.2710872833779551,1.0,1.0,0.42744756054649047,1.057681956190806,5.6064371805497615e-05
118,0.27104914665116314,0.99997260876427,0.9997385879252525,0.42744756054649047,1.057774729576167,2.9358269371115853e-08
118,0.27107904582142317,1.0,0.9995685043755916,0.42744756054649047,1.0577996121436455,0.0001415811638516562
118,0.2710789041663575,1.0,1.0,0.42744756054649047,1.057681956190806,2.3372520946640662e-05
118,0.2710576400188172,0.9999779701560637,0.9998445543566071,0.42744756054649047,1.0577416265285888,7.080863029251816e-08
118,0.27106550267362617,1.0,0.9999183630518782,0.42744756054649047,1.0577108743657582,6.666009037648024e-06
118,0.27106271696548084,0.9999834363082593,0.9999026023298575,0.42744756054649047,1.0577217444471188,2.3483931177459283e-07
118,0.2710321844171578,0.9999527272910621,0.9995532184897185,0.42744756054649047,1.057840899816895,8.525609107579157e-10
118,0.27107297257068924,0.9999999238803419,1.0,0.42744756054649047,1.057682015954601,2.886898979870267e-07
118,0.27102249590732286,0.999941612373511,0.9998917803665084,0.42744756054649047,1.0578787155040748,0.00012141607019056089
118,0.2710901975393563,1.0,1.0,0.42744756054649047,1.057681956190806,6.743362295313915e-05
118,0.27106417667954213,1.0,0.9998734111254505,0.42744756054649047,1.057716462665439,4.141804961221851e-07
118,0.27105703547573234,1.0,0.999958072295713,0.42744756054649047,1.0577439148188086,5.053065079252406e-05
118,0.2710453585418993,0.9999722669730579,0.9998111518188725,0.42744756054649047,1.0577894835963981,3.427202929273676e-05
118,0.27104863385237643,0.9999614786169273,0.9997634734745319,0.42744756054649047,1.057776701429168,1.8665528456196512e-08
119,0.27107082166106905,0.9999921591671007,0.9999925667222143,0.42744756054649047,1.0576901382814654,1.8458021111555922e-08
119,0.2710729197743923,0.999999915422602,1.0,0.42744756054649047,1.0576820225950232,8.932789707927213e-08
119,0.27103925579127286,0.9999545543381938,0.9996491309240583,0.42744756054649047,1.0578133023307328,1.4264283088039065e-09
119,0.27107295184263436,1.0,1.0,0.42744756054649047,1.057681956190806,1.4804866887985213e-07
119,0.27106463556838994,0.9999903323608124,0.9999092922798647,0.42744756054649047,1.0577142714661518,1.3602460491313195e-08
119,0.2710539013915345,0.9999897140999153,0.9997574727433652,0.42744756054649047,1.0577561494682075,4.393868380248023e-09
119,0.2710321844171578,0.9999527272910621,0.9995532184897185,0.42744756054649047,1.057840899816895,8.525609107579157e-10
119,0.2710730468679915,1.0,1.0,0.42744756054649047,1.057681956190806,5.188217588880661e-07
119,0.2710730468679915,1.0,1.0,0.42744756054649047,1.057681956190806,5.188217588880661e-07
119,0.27102998055414285,0.9999503132487798,0.9995286364262425,0.42744756054649047,1.0578495015827272,1.041684738467552e-09
119,0.27107297257068924,0.9999999238803419,1.0,0.42744756054649047,1.057682015954601,2.886898979870267e-07
119,0.2710728894734741,1.0,1.0,0.42744756054649047,1.0576820514963363,9.530553035652645e-08
119,0.27104218703586525,0.9999691855256199,0.9996489800773726,0.42744756054649047,1.0578018609526847,5.732632590849107e-09
119,0.2710646644298078,0.9999904084804705,0.9999092922798647,0.42744756054649047,1.0577142117012104,6.645689398787624e-08
119,0.2710304904306404,0.9999389929055809,0.9995685043755916,0.42744756054649047,1.057847513536498,2.034650670168503e-09
119,0.2710616169877331,0.9999815113206678,0.9998917803665084,0.42744756054649047,1.057726036719816,6.553537712505886e-08
119,0.27104961684599127,0.9999777417735383,0.9997306170254944,0.42744756054649047,1.0577728729407594,7.664365586634858e-09
119,0.27105201918429295,0.9999744536716029,0.9997744570610021,0.42744756054649047,1.0577635000255305,9.806614631457933e-09
119,0.27105703547573234,0.9999866140536217,0.9998111518188725,0.42744756054649047,1.057743946787491,3.1968682367988777e-08
119,0.27105703547573234,0.9999866140536217,0.9998111518188725,0.42744756054649047,1.057743946787491,3.1968682367988777e-08
119,0.27106275997575896,0.999983360188601,0.9999026023298575,0.42744756054649047,1.0577215766154837,7.241901966992259e-09
119,0.27105860845717317,0.9999880211559518,0.9998300366369852,0.42744756054649047,1.057737776620319,8.356899483530356e-08
119,0.2710405234742452,0.9999687889656457,0.9996262798256359,0.42744756054649047,1.0578083580856927,4.6773838136005e-09
119,0.27102526480676675,0.9999532505796718,0.9994526813822816,0.42744756054649047,1.0578679169705623,9.166567949137061e-09
119,0.2710570643371502,0.9999866901732798,0.9998111518188725,0.42744756054649047,1.0577438870221052,8.482898694595065e-08
119,0.2710729324837522,0.9999999238803419,1.0,0.42744756054649047,1.057682015954601,1.3227730355502842e-07
119,0.2710547359068841,0.9999823926077329,0.9997902177830228,0.42744756054649047,1.057752969169628,8.068378920533803e-08
119,0.2710225247687407,0.9999416884931691,0.9994469994781207,0.42744756054649047,1.057878602849676,5.686772386326311e-08
119,0.2710152833641364,0.9999449960238171,0.9993332455269834,0.42744756054649047,1.057906990616452,1.2173372376800273e-07
119,0.27109012040228536,1.0,1.0,0.42744756054649047,1.057681956190806,6.71326850729681e-05
119,0.2710271598783648,0.9999531032904441,0.9994803252582859,0.42744756054649047,1.0578605109976371,2.0826550928276788e-08
119,0.2710347411289774,0.9999436099943769,0.9996161056419749,0.42744756054649047,1.0578309210432864,1.7371552862854855e-08
119,0.27105534148921495,0.9999728796681404,0.9998264377047457,0.42744756054649047,1.0577505627799608,3.748849319862302e-08
119,0.2710582548690874,0.9999840936576967,0.9999092922798647,0.42744756054649047,1.057739156410337,1.9986628957413544e-05
119,0.27105292179117724,0.9999757387157734,0.9997816155017949,0.42744756054649047,1.0577605391322584,5.712683068814783e-07
119,0.2710853594094374,1.0,1.0,0.42744756054649047,1.057681956190806,4.8558105453455624e-05
119,0.2710715796049687,0.9999829498594897,1.0,0.42744756054649047,1.0576953429876232,8.180574071259272e-06
119,0.27105201918429295,0.9999795573040123,0.9998044618688653,0.42744756054649047,1.057763490218916,1.21787183184896e-05
119,0.2710352429992865,0.9999765680269426,0.9995281032165437,0.42744756054649047,1.0578290310972358,6.881740577391326e-08
119,0.2710152621880594,0.999936792345114,0.9993569197946275,0.42744756054649047,1.0579069713888285,1.9845378229632615e-08
120,0.27107082166106905,0.9999921591671007,0.9999925667222143,0.42744756054649047,1.0576901382814654,1.8458021111555922e-08
120,0.2710729197743923,0.999999915422602,1.0,0.42744756054649047,1.0576820225950232,8.932789707927213e-08
120,0.27103925579127286,0.9999545543381938,0.9996491309240583,0.42744756054649047,1.0578133023307328,1.4264283088039065e-09
120,0.27107295184263436,1.0,1.0,0.42744756054649047,1.057681956190806,1.4804866887985213e-07
120,0.27106463556838994,0.9999903323608124,0.9999092922798647,0.42744756054649047,1.0577142714661518,1.3602460491313195e-08
120,0.2710539013915345,0.9999897140999153,0.9997574727433652,0.42744756054649047,1.0577561494682075,4.393868380248023e-09
120,0.2710321844171578,0.9999527272910621,0.9995532184897185,0.42744756054649047,1.057840899816895,8.525609107579157e-10
120,0.27106275997575896,0.999983360188601,0.9999026023298575,0.42744756054649047,1.0577215766154837,7.241901966992259e-09
120,0.2710729324837522,0.9999999238803419,1.0,0.42744756054649047,1.057682015954601,1.3227730355502842e-07
120,0.2710730468679915,1.0,1.0,0.42744756054649047,1.057681956190806,5.188217588880661e-07
120,0.2710730468679915,1.0,1.0,0.42744756054649047,1.057681956190806,5.188217588880661e-07
120,0.27102998055414285,0.9999503132487798,0.9995286364262425,0.42744756054649047,1.0578495015827272,1.041684738467552e-09
120,0.27107297257068924,0.9999999238803419,1.0,0.42744756054649047,1.057682015954601,2.886898979870267e-07
120,0.2710728894734741,1.0,1.0,0.42744756054649047,1.0576820514963363,9.530553035652645e-08
120,0.2710646644298078,0.9999904084804705,0.9999092922798647,0.42744756054649047,1.0577142117012104,6.645689398787624e-08
120,0.2710405234742452,0.9999687889656457,0.9996262798256359,0.42744756054649047,1.0578083580856927,4.6773838136005e-09
120,0.2710304904306404,0.9999389929055809,0.9995685043755916,0.42744756054649047,1.057847513536498,2.034650670168503e-09
120,0.2710616169877331,0.9999815113206678,0.9998917803665084,0.42744756054649047,1.057726036719816,6.553537712505886e-08
120,0.27104961684599127,0.9999777417735383,0.9997306170254944,0.42744756054649047,1.0577728729407594,7.664365586634858e-09
120,0.27105201918429295,0.9999744536716029,0.9997744570610021,0.42744756054649047,1.0577635000255305,9.806614631457933e-09
120,0.27103539970028395,0.9999437792444544,0.9996249607779745,0.42744756054649047,1.0578283554519021,4.763226257864517e-09
120,0.2710729563410461,1.0,1.0,0.42744756054649047,1.057681956190806,1.6560072690907646e-07
120,0.27102792623021166,0.9999478554304606,0.9995071889206113,0.42744756054649047,1.057857519817486,2.3816401850673685e-07
120,0.2710730755165046,0.9999999923880342,1.0,0.42744756054649047,1.0576819621671851,6.365798055352201e-07
120,0.2710626617435776,0.9999833517308612,0.9999026023298575,0.42744756054649047,1.0577219599301633,3.8391593926156986e-07
120,0.27110096574401776,1.0,1.0,0.42744756054649047,1.057681956190806,0.00010944236150067788
120,0.27107284696093076,0.9999999238803419,1.0,0.42744756054649047,1.0576822173733482,2.0141874723655917e-07
120,0.27106275997575896,0.9999798940012065,0.9998842865439392,0.42744756054649047,1.0577292839557635,7.707340279772268e-06
120,0.2710730014321071,1.0,1.0,0.42744756054649047,1.057681956190806,3.4153855077434514e-07
120,0.2710588010682119,0.9999878424661617,0.9998329597523403,0.42744756054649047,1.0577370363785603,1.1373648245438517e-08
120,0.2710730468679915,1.0,1.0,0.42744756054649047,1.057681956190806,5.188217588880661e-07
120,0.27102998055414285,0.9999476372175445,0.9997224591559623,0.42744756054649047,1.0578495015827272,5.0766238847366196e-05
120,0.2710626809530943,0.9999882358424165,0.9998871684227363,0.42744756054649047,1.0577219486786342,6.370651206566436e-08
120,0.27110022021077584,1.0,1.0,0.42744756054649047,1.057681956190806,0.00010653400730875617
120,0.2710646644298078,0.9999834286962933,0.9999026023298575,0.42744756054649047,1.057721515584384,7.370340067591741e-06
120,0.2710405234742452,0.9999687889656457,0.9998633624171505,0.42744756054649047,1.057808353408309,6.464575270337392e-05
120,0.2710633109742505,0.9999952457061491,0.9998764944806352,0.42744756054649047,1.0577194265532381,7.171980964670865e-08
120,0.27107999090457024,0.9999926174986772,1.0,0.42744756054649047,1.057687752453289,3.3408852904592834e-05
120,0.2710709683659209,0.999997827361946,0.9999778761428716,0.42744756054649047,1.0576896920414027,1.446447019937125e-07
120,0.2710710200339775,0.999992927180685,0.9999933100499928,0.42744756054649047,1.0576893457935812,1.3109902941010887e-08
121,0.2710729197743923,0.999999915422602,1.0,0.42744756054649047,1.0576820225950232,8.932789707927213e-08
121,0.27103925579127286,0.9999545543381938,0.9996491309240583,0.42744756054649047,1.0578133023307328,1.4264283088039065e-09
121,0.27107295184263436,1.0,1.0,0.42744756054649047,1.057681956190806,1.4804866887985213e-07
121,0.2710539013915345,0.9999897140999153,0.9997574727433652,0.42744756054649047,1.0577561494682075,4.393868380248023e-09
121,0.2710321844171578,0.9999527272910621,0.9995532184897185,0.42744756054649047,1.057840899816895,8.525609107579157e-10
121,0.27106275997575896,0.999983360188601,0.9999026023298575,0.42744756054649047,1.0577215766154837,7.241901966992259e-09
121,0.2710729324837522,0.9999999238803419,1.0,0.42744756054649047,1.057682015954601,1.3227730355502842e-07
121,0.2710710200339775,0.999992927180685,0.9999933100499928,0.42744756054649047,1.0576893457935812,1.3109902941010887e-08
121,0.2710728894734741,1.0,1.0,0.42744756054649047,1.0576820514963363,9.530553035652645e-08
121,0.2710729563410461,1.0,1.0,0.42744756054649047,1.057681956190806,1.6560072690907646e-07
121,0.2710405234742452,0.9999687889656457,0.9996262798256359,0.42744756054649047,1.0578083580856927,4.6773838136005e-09
121,0.27102998055414285,0.9999503132487798,0.9995286364262425,0.42744756054649047,1.0578495015827272,1.041684738467552e-09
121,0.2710304904306404,0.9999389929055809,0.9995685043755916,0.42744756054649047,1.057847513536498,2.034650670168503e-09
121,0.27104961684599127,0.9999777417735383,0.9997306170254944,0.42744756054649047,1.0577728729407594,7.664365586634858e-09
121,0.27105201918429295,0.9999744536716029,0.9997744570610021,0.42744756054649047,1.0577635000255305,9.806614631457933e-09
121,0.2710588010682119,0.9999878424661617,0.9998329597523403,0.42744756054649047,1.0577370363785603,1.1373648245438517e-08
121,0.27107082166106905,0.9999921591671007,0.9999925667222143,0.42744756054649047,1.0576901382814654,1.8458021111555922e-08
121,0.27106463556838994,0.9999903323608124,0.9999092922798647,0.42744756054649047,1.0577142714661518,1.3602460491313195e-08
121,0.2710730014321071,1.0,1.0,0.42744756054649047,1.057681956190806,3.4153855077434514e-07
121,0.27103539970028395,0.9999437792444544,0.9996249607779745,0.42744756054649047,1.0578283554519021,4.763226257864517e-09
121,0.27108184430932897,0.9999963358428072,1.0,0.42744756054649047,1.0576848330393114,3.772069261454014e-05
121,0.2710799500122743,0.9999926174986772,1.0,0.42744756054649047,1.057687752453289,3.3249306194305106e-05
121,0.27105323091182393,0.9999621998519296,0.9998271207767604,0.42744756054649047,1.0577587621258249,5.763785004830879e-10
121,0.27106595248385534,1.0,0.9998907537895414,0.42744756054649047,1.0577117347651044,2.615577983311468e-06
121,0.2710668357555406,1.0,0.999882178177337,0.42744756054649047,1.0577140725999432,8.399959538829549e-06
121,0.27104311188226177,0.999983360188601,0.9996733010701421,0.42744756054649047,1.0577982515481552,1.4159043135286709e-05
121,0.2711003987463934,0.9999999238803419,1.0,0.42744756054649047,1.057682015954601,0.00010729024695299572
121,0.27100081244558655,0.999992927180685,0.9991922882693147,0.42744756054649047,1.0579633590605189,5.552799262731334e-05
121,0.2710692970732034,0.9999797982201676,1.0,0.42744756054649047,1.05769781752486,1.7488848813584923e-06
121,0.2710782557134657,1.0,1.0,0.42744756054649047,1.057681956190806,2.0842470121573697e-05
121,0.2710405234742452,0.9999310009105213,0.9993319799184348,0.42744756054649047,1.057918325361235,0.00010997195292605788
121,0.2710668357555406,1.0,0.999882178177337,0.42744756054649047,1.0577140725999432,8.399959538829549e-06
121,0.2710711492254355,0.9999935583429583,0.9999939790449935,0.42744756054649047,1.0576888417029444,1.8690863035075722e-07
121,0.2710260029795254,0.9999456988621122,0.9994850650634829,0.42744756054649047,1.057865026570237,1.5558624610889638e-08
121,0.27104462271702756,0.9999772182601525,0.9996606020260652,0.42744756054649047,1.0577923783664884,2.311080238293073e-08
121,0.2710588010682119,0.9999719100690811,0.9996636518430723,0.42744756054649047,1.0577957143989458,5.868939403375073e-05
121,0.2710355004630537,0.9999437792444544,0.9996249607779745,0.42744756054649047,1.0578283554519021,3.9803168716545656e-07
121,0.27108595969185867,1.0,1.0,0.42744756054649047,1.057681956190806,5.090008854780059e-05
121,0.2710416987446238,0.9999437032890645,0.9997154032529283,0.42744756054649047,1.0578037666202789,1.8112311428453154e-08
121,0.2710373345792935,0.9999474975885845,0.9996424409740511,0.42744756054649047,1.057820799072707,1.3108225149771613e-07
122,0.2710729197743923,0.999999915422602,1.0,0.42744756054649047,1.0576820225950232,8.932789707927213e-08
122,0.27107295184263436,1.0,1.0,0.42744756054649047,1.057681956190806,1.4804866887985213e-07
122,0.2710539013915345,0.9999897140999153,0.9997574727433652,0.42744756054649047,1.0577561494682075,4.393868380248023e-09
122,0.27106275997575896,0.999983360188601,0.9999026023298575,0.42744756054649047,1.0577215766154837,7.241901966992259e-09
122,0.2710729324837522,0.9999999238803419,1.0,0.42744756054649047,1.057682015954601,1.3227730355502842e-07
122,0.2710710200339775,0.999992927180685,0.9999933100499928,0.42744756054649047,1.0576893457935812,1.3109902941010887e-08
122,0.27105323091182393,0.9999621998519296,0.9998271207767604,0.42744756054649047,1.0577587621258249,5.763785004830879e-10
122,0.2710728894734741,1.0,1.0,0.42744756054649047,1.0576820514963363,9.530553035652645e-08
122,0.2710729563410461,1.0,1.0,0.42744756054649047,1.057681956190806,1.6560072690907646e-07
122,0.2710588010682119,0.9999878424661617,0.9998329597523403,0.42744756054649047,1.0577370363785603,1.1373648245438517e-08
122,0.27107082166106905,0.9999921591671007,0.9999925667222143,0.42744756054649047,1.0576901382814654,1.8458021111555922e-08
122,0.27106463556838994,0.9999903323608124,0.9999092922798647,0.42744756054649047,1.0577142714661518,1.3602460491313195e-08
122,0.27103925579127286,0.9999545543381938,0.9996491309240583,0.42744756054649047,1.0578133023307328,1.4264283088039065e-09
122,0.2710321844171578,0.9999527272910621,0.9995532184897185,0.42744756054649047,1.057840899816895,8.525609107579157e-10
122,0.2710405234742452,0.9999687889656457,0.9996262798256359,0.42744756054649047,1.0578083580856927,4.6773838136005e-09
122,0.27104961684599127,0.9999777417735383,0.9997306170254944,0.42744756054649047,1.0577728729407594,7.664365586634858e-09
122,0.27105201918429295,0.9999744536716029,0.9997744570610021,0.42744756054649047,1.0577635000255305,9.806614631457933e-09
122,0.2710730014321071,1.0,1.0,0.42744756054649047,1.057681956190806,3.4153855077434514e-07
122,0.27102998055414285,0.9999503132487798,0.9995286364262425,0.42744756054649047,1.0578495015827272,1.041684738467552e-09
122,0.2710711492254355,0.9999935583429583,0.9999939790449935,0.42744756054649047,1.0576888417029444,1.8690863035075722e-07
122,0.27101629537997274,0.9999238473132149,0.999408914515385,0.42744756054649047,1.0579029475381199,2.903962670330884e-08
122,0.2710594688749457,0.9999913582255748,0.9998324197414798,0.42744756054649047,1.0577344232251986,4.157309163588252e-09
122,0.2710782501756448,1.0,0.9997574727433652,0.42744756054649047,1.0577480736213825,8.693829388217722e-05
122,0.2710240742416915,0.9999341860406689,0.9994907726198327,0.42744756054649047,1.057872554847192,6.089664772446213e-08
122,0.27103044578936664,0.9999463617536786,0.999547197534712,0.42744756054649047,1.0578476857393213,1.4599612363497272e-07
122,0.2710037881607908,0.9999262435276015,0.9992241764663825,0.42744756054649047,1.0579517422574372,2.5663818248311543e-07
122,0.2711076545846621,1.0,1.0,0.42744756054649047,1.057681956190806,0.00013553507363606165
122,0.2710728894734741,0.9999517164030516,0.9998050946924812,0.42744756054649047,1.0577729991710676,9.094767473127874e-05
122,0.2710298020185253,0.9999496220365539,0.9995279674312417,0.42744756054649047,1.0578502257948275,2.737429150023729e-08
122,0.2710421281506007,0.9999690408982694,0.9996489800773726,0.42744756054649047,1.0578020907654544,1.2198718590816782e-07
122,0.27105890388477005,0.9999725850948616,0.9998784321837737,0.42744756054649047,1.057736623789979,5.124587865168451e-09
122,0.27107294529986287,1.0,1.0,0.42744756054649047,1.057681956190806,1.2251985648248365e-07
122,0.2710771852957562,1.0,1.0,0.42744756054649047,1.057681956190806,1.6666024282407932e-05
122,0.27105215871517274,0.9999833485625318,0.9997514517883588,0.42744756054649047,1.0577629457086986,1.5650243923026608e-07
122,0.27103438860341017,0.9999755412130714,0.9995190324445302,0.42744756054649047,1.0578323119361728,1.5006800468952974e-08
122,0.2710133450246506,0.9999297355955047,0.9993502298446203,0.42744756054649047,1.0579144352357746,9.692315550147157e-08
122,0.2710417302615699,0.9999638982217727,0.99965740973174,0.42744756054649047,1.05780370759889,6.398086660475144e-08
122,0.2710534110641071,0.9999667118720321,0.999816171171718,0.42744756054649047,1.0577582047602023,1.4623697675020253e-07
122,0.2710939573881837,1.0,1.0,0.42744756054649047,1.057681956190806,8.210186102886041e-05
122,0.27104901341425175,0.9999529789503511,0.9999939790449935,0.42744756054649047,1.057775220177855,5.470360124681939e-05
123,0.2710729197743923,0.999999915422602,1.0,0.42744756054649047,1.0576820225950232,8.932789707927213e-08
123,0.27106275997575896,0.999983360188601,0.9999026023298575,0.42744756054649047,1.0577215766154837,7.241901966992259e-09
123,0.2710710200339775,0.999992927180685,0.9999933100499928,0.42744756054649047,1.0576893457935812,1.3109902941010887e-08
123,0.27105323091182393,0.9999621998519296,0.9998271207767604,0.42744756054649047,1.0577587621258249,5.763785004830879e-10
123,0.2710594688749457,0.9999913582255748,0.9998324197414798,0.42744756054649047,1.0577344232251986,4.157309163588252e-09
123,0.27107294529986287,1.0,1.0,0.42744756054649047,1.057681956190806,1.2251985648248365e-07
123,0.2710728894734741,1.0,1.0,0.42744756054649047,1.0576820514963363,9.530553035652645e-08
123,0.27107082166106905,0.9999921591671007,0.9999925667222143,0.42744756054649047,1.0576901382814654,1.8458021111555922e-08
123,0.27106463556838994,0.9999903323608124,0.9999092922798647,0.42744756054649047,1.0577142714661518,1.3602460491313195e-08
123,0.27103925579127286,0.9999545543381938,0.9996491309240583,0.42744756054649047,1.0578133023307328,1.4264283088039065e-09
123,0.2710321844171578,0.9999527272910621,0.9995532184897185,0.42744756054649047,1.057840899816895,8.525609107579157e-10
123,0.2710539013915345,0.9999897140999153,0.9997574727433652,0.42744756054649047,1.0577561494682075,4.393868380248023e-09
123,0.27105890388477005,0.9999725850948616,0.9998784321837737,0.42744756054649047,1.057736623789979,5.124587865168451e-09
123,0.27107295184263436,1.0,1.0,0.42744756054649047,1.057681956190806,1.4804866887985213e-07
123,0.2710729324837522,0.9999999238803419,1.0,0.42744756054649047,1.057682015954601,1.3227730355502842e-07
123,0.27102998055414285,0.9999503132487798,0.9995286364262425,0.42744756054649047,1.0578495015827272,1.041684738467552e-09
123,0.2710729563410461,1.0,1.0,0.42744756054649047,1.057681956190806,1.6560072690907646e-07
123,0.2710588010682119,0.9999878424661617,0.9998329597523403,0.42744756054649047,1.0577370363785603,1.1373648245438517e-08
123,0.2710405234742452,0.9999687889656457,0.9996262798256359,0.42744756054649047,1.0578083580856927,4.6773838136005e-09
123,0.27104961684599127,0.9999777417735383,0.9997306170254944,0.42744756054649047,1.0577728729407594,7.664365586634858e-09
123,0.2710729197743923,0.9999747382696562,0.999669814840237,0.42744756054649047,1.0577918129166535,0.00010987964952735574
123,0.27109189818624563,1.0,1.0,0.42744756054649047,1.057681956190806,7.406837985035608e-05
123,0.2710437721995784,0.9999719100690811,0.9996636518430723,0.42744756054649047,1.0577957143989458,3.9860750256082156e-08
123,0.271055799893873,0.9999907426899238,0.9997817254690287,0.42744756054649047,1.057748736442949,7.753448105773941e-09
123,0.27102846307995376,0.9999518165081718,0.999502492760275,0.42744756054649047,1.057855452600854,2.8174118371637746e-08
123,0.27103012743111654,0.9999673769060465,0.9994814785479742,0.42744756054649047,1.0578489679844605,3.967280948202756e-08
123,0.2710436399599055,0.9999702999569968,0.9996668476028097,0.42744756054649047,1.0577961906268725,8.360389314177041e-08
123,0.2710299303103929,0.9999503132487798,0.9995286364262425,0.42744756054649047,1.0578496976877314,1.9714668897385934e-07
123,0.271052034822549,0.9999903323608124,0.999750782793358,0.42744756054649047,1.057763429191607,5.940888814670586e-06
123,0.2710590824203876,0.9999732763070875,0.9998791011787744,0.42744756054649047,1.0577359271017923,3.35373409043882e-08
123,0.27109390511931314,1.0,1.0,0.42744756054649047,1.057681956190806,8.18979481091997e-05
123,0.27102784390950924,0.9999578471851912,0.9994759436027422,0.42744756054649047,1.0578579607459422,1.1961986845498984e-07
123,0.27106075480255426,0.9999922224030173,0.9998491777673318,0.42744756054649047,1.0577294011157776,2.2528838639068738e-07
123,0.27107302501865455,0.9999861922461718,1.0,0.42744756054649047,1.0576927972155796,1.1274594088117595e-05
123,0.2710729324837522,0.9999777417735383,0.9997306170254944,0.42744756054649047,1.0577728729407594,9.098926346196023e-05
123,0.27110114221880005,1.0,1.0,0.42744756054649047,1.057681956190806,0.00011013079415311822
123,0.2710194661431716,0.9999418540182999,0.9994028822668247,0.42744756054649047,1.05789054167672,8.757377578660908e-08
123,0.2710426473178147,0.9999591674120667,0.9996842178316524,0.42744756054649047,1.0578001107571358,4.615312798605942e-08
123,0.2710673368223028,1.0,0.9998862083264101,0.42744756054649047,1.0577129739185296,9.256442332628012e-06
123,0.271101152155865,1.0,1.0,0.42744756054649047,1.057681956190806,0.00011016955887188651
124,0.2710729197743923,0.999999915422602,1.0,0.42744756054649047,1.0576820225950232,8.932789707927213e-08
124,0.27106275997575896,0.999983360188601,0.9999026023298575,0.42744756054649047,1.0577215766154837,7.241901966992259e-09
124,0.2710710200339775,0.999992927180685,0.9999933100499928,0.42744756054649047,1.0576893457935812,1.3109902941010887e-08
124,0.27105323091182393,0.9999621998519296,0.9998271207767604,0.42744756054649047,1.0577587621258249,5.763785004830879e-10
124,0.2710594688749457,0.9999913582255748,0.9998324197414798,0.42744756054649047,1.0577344232251986,4.157309163588252e-09
124,0.27107294529986287,1.0,1.0,0.42744756054649047,1.057681956190806,1.2251985648248365e-07
124,0.2710728894734741,1.0,1.0,0.42744756054649047,1.0576820514963363,9.530553035652645e-08
124,0.27107082166106905,0.9999921591671007,0.9999925667222143,0.42744756054649047,1.0576901382814654,1.8458021111555922e-08
124,0.27106463556838994,0.9999903323608124,0.9999092922798647,0.42744756054649047,1.0577142714661518,1.3602460491313195e-08
124,0.27103925579127286,0.9999545543381938,0.9996491309240583,0.42744756054649047,1.0578133023307328,1.4264283088039065e-09
124,0.2710321844171578,0.9999527272910621,0.9995532184897185,0.42744756054649047,1.057840899816895,8.525609107579157e-10
124,0.2710539013915345,0.9999897140999153,0.9997574727433652,0.42744756054649047,1.0577561494682075,4.393868380248023e-09
124,0.27105890388477005,0.9999725850948616,0.9998784321837737,0.42744756054649047,1.057736623789979,5.124587865168451e-09
124,0.27107295184263436,1.0,1.0,0.42744756054649047,1.057681956190806,1.4804866887985213e-07
124,0.2710729324837522,0.9999999238803419,1.0,0.42744756054649047,1.057682015954601,1.3227730355502842e-07
124,0.27102998055414285,0.9999503132487798,0.9995286364262425,0.42744756054649047,1.0578495015827272,1.041684738467552e-09
124,0.2710729563410461,1.0,1.0,0.42744756054649047,1.057681956190806,1.6560072690907646e-07
124,0.2710590824203876,0.9999732763070875,0.9998791011787744,0.42744756054649047,1.0577359271017923,3.35373409043882e-08
124,0.2710405234742452,0.9999687889656457,0.9996262798256359,0.42744756054649047,1.0578083580856927,4.6773838136005e-09
124,0.27104961684599127,0.9999777417735383,0.9997306170254944,0.42744756054649047,1.0577728729407594,7.664365586634858e-09
124,0.2710671864647234,0.9999975885424565,0.9999243840068847,0.42744756054649047,1.0577044603837227,1.562124996024039e-07
124,0.271072900911898,1.0,1.0,0.42744756054649047,1.0576820068654802,5.067467423458538e-08
124,0.2710763599553641,1.0,1.0,0.42744756054649047,1.057681956190806,1.3445773419551443e-05
124,0.2711115347716986,1.0,1.0,0.42744756054649047,1.057681956190806,0.00015067082911768281
124,0.2710496770268061,0.9999913582255748,0.9997306170254944,0.42744756054649047,1.0577726304204316,1.0448488422465374e-05
124,0.27105469769816853,1.0,0.9998350400643206,0.42744756054649047,1.0577530375899844,2.6113748526013225e-05
124,0.27104643882774193,0.9999486022789328,1.0,0.42744756054649047,1.0577852676583313,6.295552544521854e-05
124,0.27107082166106905,1.0,1.0,0.42744756054649047,1.0576901198234443,8.163632638336082e-06
124,0.27104141486294187,0.9999656627762941,0.9996486638042622,0.42744756054649047,1.0578048745362463,1.6705993055587953e-07
124,0.271041125102322,0.9999544983746051,0.9996762985440922,0.42744756054649047,1.0578060053985643,6.872372471100618e-08
124,0.27107728047047874,1.0,0.9995532184897185,0.42744756054649047,1.057803782010616,0.00013886318838207679
124,0.2710971535027697,1.0,1.0,0.42744756054649047,1.057681956190806,9.457049179251165e-05
124,0.2710546625694715,0.9999725850948616,0.999861384500023,0.42744756054649047,1.0577531746748272,1.190841250320318e-05
124,0.271043710246477,0.9999796344179775,0.9996406563643986,0.42744756054649047,1.0577959213270622,5.006010272978756e-09
124,0.2710303122048133,0.9999633444143141,0.9994960715845521,0.42744756054649047,1.0578482071279032,5.4333300081310654e-08
124,0.27103981955120005,0.9999503132487798,0.9996426774567259,0.42744756054649047,1.0578183926065745,7.291942619502834e-06
124,0.2710590437111373,0.9999733448147798,0.9998791011787744,0.42744756054649047,1.05773607815436,2.3838019136412925e-07
124,0.27104051203582125,0.9999687813536798,0.9996262798256359,0.42744756054649047,1.0578083980498285,3.3987383574185515e-08
124,0.2710419544373917,0.9999640875047037,0.9996608266478031,0.42744756054649047,1.057802768720258,1.416677368748509e-07
124,0.271030267253749,0.9999456705414528,0.9995465285397113,0.42744756054649047,1.057848382574738,1.1758024420771562e-07
125,0.27106275997575896,0.999983360188601,0.9999026023298575,0.42744756054649047,1.0577215766154837,7.241901966992259e-09
125,0.2710710200339775,0.999992927180685,0.9999933100499928,0.42744756054649047,1.0576893457935812,1.3109902941010887e-08
125,0.27105323091182393,0.9999621998519296,0.9998271207767604,0.42744756054649047,1.0577587621258249,5.763785004830879e-10
125,0.2710594688749457,0.9999913582255748,0.9998324197414798,0.42744756054649047,1.0577344232251986,4.157309163588252e-09
125,0.27107294529986287,1.0,1.0,0.42744756054649047,1.057681956190806,1.2251985648248365e-07
125,0.271072900911898,1.0,1.0,0.42744756054649047,1.0576820068654802,5.067467423458538e-08
125,0.27107082166106905,0.9999921591671007,0.9999925667222143,0.42744756054649047,1.0576901382814654,1.8458021111555922e-08
125,0.27106463556838994,0.9999903323608124,0.9999092922798647,0.42744756054649047,1.0577142714661518,1.3602460491313195e-08
125,0.27103925579127286,0.9999545543381938,0.9996491309240583,0.42744756054649047,1.0578133023307328,1.4264283088039065e-09
125,0.2710321844171578,0.9999527272910621,0.9995532184897185,0.42744756054649047,1.057840899816895,8.525609107579157e-10
125,0.2710539013915345,0.9999897140999153,0.9997574727433652,0.42744756054649047,1.0577561494682075,4.393868380248023e-09
125,0.27105890388477005,0.9999725850948616,0.9998784321837737,0.42744756054649047,1.057736623789979,5.124587865168451e-09
125,0.27107295184263436,1.0,1.0,0.42744756054649047,1.057681956190806,1.4804866887985213e-07
125,0.2710729197743923,0.999999915422602,1.0,0.42744756054649047,1.0576820225950232,8.932789707927213e-08
125,0.2710729324837522,0.9999999238803419,1.0,0.42744756054649047,1.057682015954601,1.3227730355502842e-07
125,0.27102998055414285,0.9999503132487798,0.9995286364262425,0.42744756054649047,1.0578495015827272,1.041684738467552e-09
125,0.2710729563410461,1.0,1.0,0.42744756054649047,1.057681956190806,1.6560072690907646e-07
125,0.2710728894734741,1.0,1.0,0.42744756054649047,1.0576820514963363,9.530553035652645e-08
125,0.2710590824203876,0.9999732763070875,0.9998791011787744,0.42744756054649047,1.0577359271017923,3.35373409043882e-08
125,0.27104961684599127,0.9999777417735383,0.9997306170254944,0.42744756054649047,1.0577728729407594,7.664365586634858e-09
125,0.2710734648322042,0.999983360188601,0.9999585888019356,0.42744756054649047,1.0577063080057194,2.6501460212546846e-05
125,0.27104648509597246,0.999948602892463,0.9997696901441707,0.42744756054649047,1.057785097624275,1.053221243552116e-08
125,0.2710521530883679,0.9999662810371912,0.9998004833407617,0.42744756054649047,1.0577629676669291,1.4722675745204583e-07
125,0.2710622311466513,0.9999913582255748,0.9998400280600981,0.42744756054649047,1.0577323488800026,8.708701649595696e-06
125,0.2710519357004075,0.9999799515264788,0.999757555322945,0.42744756054649047,1.0577638160096376,2.39425410608618e-08
125,0.2710122276678429,0.9999162931155164,1.0,0.42744756054649047,1.0579187969131127,0.0001711144748479665
125,0.27110787182953,1.0,1.0,0.42744756054649047,1.057681956190806,0.00013638250949288278
125,0.27107617169413323,0.9999825336171637,1.0,0.42744756054649047,1.0576956698030398,2.642483944192975e-05
125,0.27106633803389385,1.0,0.9998662816824683,0.42744756054649047,1.0577184063184257,1.0791559309719645e-05
125,0.2710329560268,0.9999696816960998,0.9995150280663102,0.42744756054649047,1.057838005125953,1.1689940904169305e-07
125,0.27106446670814777,1.0,0.9998595917324611,0.42744756054649047,1.0577202301805513,5.313411296947734e-06
125,0.27106077947740104,0.999979557267073,0.9998851221337809,0.42744756054649047,1.0577293205518177,1.5721865143092373e-08
125,0.27106071960721445,0.9999709007271984,0.9999087577248822,0.42744756054649047,1.0577296741274875,1.3567294088190351e-07
125,0.27105193098677344,0.999999915422602,0.999757555322945,0.42744756054649047,1.05776383440431,1.5716896895501264e-05
125,0.27104676016301404,0.9999793332475231,0.9996845817227212,0.42744756054649047,1.0577841777487165,1.641312576960985e-07
125,0.27105386096629286,0.9999870243457938,0.999764245272952,0.42744756054649047,1.057756414570065,1.1174092584553819e-07
125,0.27106543368807196,0.9999913752443893,0.9999183630518782,0.42744756054649047,1.0577111435508386,1.635855144677123e-07
125,0.2710299347164801,0.9999503132487798,0.9995286364262425,0.42744756054649047,1.0578496804904503,1.799494078191799e-07
125,0.27107098973305926,0.999993011758083,0.9999933100499928,0.42744756054649047,1.0576894640244487,1.977459156421446e-07
125,0.2710710200339775,0.999992927180685,0.9999933100499928,0.42744756054649047,1.0576893457935812,1.3109902941010887e-08
126,0.27106275997575896,0.999983360188601,0.9999026023298575,0.42744756054649047,1.0577215766154837,7.241901966992259e-09
126,0.2710710200339775,0.999992927180685,0.9999933100499928,0.42744756054649047,1.0576893457935812,1.3109902941010887e-08
126,0.27105323091182393,0.9999621998519296,0.9998271207767604,0.42744756054649047,1.0577587621258249,5.763785004830879e-10
126,0.2710594688749457,0.9999913582255748,0.9998324197414798,0.42744756054649047,1.0577344232251986,4.157309163588252e-09
126,0.27107294529986287,1.0,1.0,0.42744756054649047,1.057681956190806,1.2251985648248365e-07
126,0.271072900911898,1.0,1.0,0.42744756054649047,1.0576820068654802,5.067467423458538e-08
126,0.2710710200339775,0.999992927180685,0.9999933100499928,0.42744756054649047,1.0576893457935812,1.3109902941010887e-08
126,0.27103925579127286,0.9999545543381938,0.9996491309240583,0.42744756054649047,1.0578133023307328,1.4264283088039065e-09
126,0.2710321844171578,0.9999527272910621,0.9995532184897185,0.42744756054649047,1.057840899816895,8.525609107579157e-10
126,0.2710539013915345,0.9999897140999153,0.9997574727433652,0.42744756054649047,1.0577561494682075,4.393868380248023e-09
126,0.27105890388477005,0.9999725850948616,0.9998784321837737,0.42744756054649047,1.057736623789979,5.124587865168451e-09
126,0.27107295184263436,1.0,1.0,0.42744756054649047,1.057681956190806,1.4804866887985213e-07
126,0.2710729197743923,0.999999915422602,1.0,0.42744756054649047,1.0576820225950232,8.932789707927213e-08
126,0.2710729324837522,0.9999999238803419,1.0,0.42744756054649047,1.057682015954601,1.3227730355502842e-07
126,0.27107082166106905,0.9999921591671007,0.9999925667222143,0.42744756054649047,1.0576901382814654,1.8458021111555922e-08
126,0.27106463556838994,0.9999903323608124,0.9999092922798647,0.42744756054649047,1.0577142714661518,1.3602460491313195e-08
126,0.27102998055414285,0.9999503132487798,0.9995286364262425,0.42744756054649047,1.0578495015827272,1.041684738467552e-09
126,0.2710729563410461,1.0,1.0,0.42744756054649047,1.057681956190806,1.6560072690907646e-07
126,0.2710728894734741,1.0,1.0,0.42744756054649047,1.0576820514963363,9.530553035652645e-08
126,0.27106077947740104,0.999979557267073,0.9998851221337809,0.42744756054649047,1.0577293205518177,1.5721865143092373e-08
126,0.27111162011378237,1.0,1.0,0.42744756054649047,1.057681956190806,0.00015100372493082048
126,0.2710531747795797,0.9999621998519296,0.9998271207767604,0.42744756054649047,1.057758980600092,2.184742671218487e-07
126,0.2710748560814609,1.0,1.0,0.42744756054649047,1.057681956190806,7.578021285814529e-06
126,0.27103045891967004,0.9999913582255748,0.9995693399654333,0.42744756054649047,1.0578476344909815,4.146531505333506e-05
126,0.27107081273913747,0.9999974453671603,0.9999774457061003,0.42744756054649047,1.0576901546358934,4.535585818032928e-08
126,0.27107790108949736,0.9999991962946337,1.0,0.42744756054649047,1.0576825872041187,2.0089851723747998e-05
126,0.2710755618356821,0.999992927180685,1.0,0.42744756054649047,1.0576875093092895,1.588483010261932e-05
126,0.27107104555944805,0.9999545543381938,0.9999933100499928,0.42744756054649047,1.0577194619172716,3.021572126304939e-05
126,0.2710850909043569,0.9999527272910621,1.0,0.42744756054649047,1.057719073144524,8.462749163951067e-05
126,0.2710799485035942,1.0,1.0,0.42744756054649047,1.057681956190806,2.7447157394888677e-05
126,0.27099328987121396,0.9999077678107358,0.9998784321837737,0.42744756054649047,1.057992727344975,0.00020521262721895361
126,0.2709932957597083,0.9999077678107358,0.9991265330669891,0.42744756054649047,1.0579927043555346,5.360398658282861e-08
126,0.27107289253458383,0.9999999238803419,1.0,0.42744756054649047,1.0576820395523872,2.359778616956021e-08
126,0.27101677763895915,0.9999498355183694,0.9993409649137537,0.42744756054649047,1.057901083856957,4.783670659591621e-08
126,0.27110963598279175,1.0,1.0,0.42744756054649047,1.057681956190806,0.00014326412570553337
126,0.27107292238346253,1.0,1.0,0.42744756054649047,1.057681956190806,3.310384255605925e-08
126,0.2710663283585184,0.9999966978981959,0.9999153132348712,0.42744756054649047,1.0577076525126736,2.0196465166932853e-08
126,0.27100257099683833,0.9999120089001496,0.9992470275648049,0.42744756054649047,1.0579564938755293,6.807725938529074e-08
126,0.27105392286309904,0.9999897826076076,0.9997574727433652,0.42744756054649047,1.0577560956796934,3.439561635509847e-08
126,0.2710980869023438,1.0,1.0,0.42744756054649047,1.057681956190806,9.821179971547522e-05
127,0.27106275997575896,0.999983360188601,0.9999026023298575,0.42744756054649047,1.0577215766154837,7.241901966992259e-09
127,0.2710710200339775,0.999992927180685,0.9999933100499928,0.42744756054649047,1.0576893457935812,1.3109902941010887e-08
127,0.27105323091182393,0.9999621998519296,0.9998271207767604,0.42744756054649047,1.0577587621258249,5.763785004830879e-10
127,0.2710594688749457,0.9999913582255748,0.9998324197414798,0.42744756054649047,1.0577344232251986,4.157309163588252e-09
127,0.2710710200339775,0.999992927180685,0.9999933100499928,0.42744756054649047,1.0576893457935812,1.3109902941010887e-08
127,0.27107289253458383,0.9999999238803419,1.0,0.42744756054649047,1.0576820395523872,2.359778616956021e-08
127,0.27107292238346253,1.0,1.0,0.42744756054649047,1.057681956190806,3.310384255605925e-08
127,0.27103925579127286,0.9999545543381938,0.9996491309240583,0.42744756054649047,1.0578133023307328,1.4264283088039065e-09
127,0.2710321844171578,0.9999527272910621,0.9995532184897185,0.42744756054649047,1.057840899816895,8.525609107579157e-10
127,0.2710539013915345,0.9999897140999153,0.9997574727433652,0.42744756054649047,1.0577561494682075,4.393868380248023e-09
127,0.27105890388477005,0.9999725850948616,0.9998784321837737,0.42744756054649047,1.057736623789979,5.124587865168451e-09
127,0.27107082166106905,0.9999921591671007,0.9999925667222143,0.42744756054649047,1.0576901382814654,1.8458021111555922e-08
127,0.27106463556838994,0.9999903323608124,0.9999092922798647,0.42744756054649047,1.0577142714661518,1.3602460491313195e-08
127,0.27107294529986287,1.0,1.0,0.42744756054649047,1.057681956190806,1.2251985648248365e-07
127,0.271072900911898,1.0,1.0,0.42744756054649047,1.0576820068654802,5.067467423458538e-08
127,0.27102998055414285,0.9999503132487798,0.9995286364262425,0.42744756054649047,1.0578495015827272,1.041684738467552e-09
127,0.27107295184263436,1.0,1.0,0.42744756054649047,1.057681956190806,1.4804866887985213e-07
127,0.27106077947740104,0.999979557267073,0.9998851221337809,0.42744756054649047,1.0577293205518177,1.5721865143092373e-08
127,0.2710729197743923,0.999999915422602,1.0,0.42744756054649047,1.0576820225950232,8.932789707927213e-08
127,0.27107081273913747,0.9999974453671603,0.9999774457061003,0.42744756054649047,1.0576901546358934,4.535585818032928e-08
127,0.2710728918498792,0.9999951578425484,1.0,0.42744756054649047,1.0576857579299521,3.715705959583815e-06
127,0.271069430430008,0.9999903024156346,0.9999782468685245,0.42744756054649047,1.057695548290018,4.916764195783685e-08
127,0.27106475407366293,0.9999621998519296,0.9999240498354887,0.42744756054649047,1.0577323372995409,1.8541851986464408e-05
127,0.2710629503178442,0.9999840353311211,0.9999032713248582,0.42744756054649047,1.0577208569103578,2.303352419907867e-08
127,0.2710838316745098,1.0,1.0,0.42744756054649047,1.057681956190806,4.2597648620246176e-05
127,0.2710760034530972,0.9999818424049378,1.0,0.42744756054649047,1.0576962125134937,2.6311116398725076e-05
127,0.27104604950029226,0.9999701760118229,0.9997013321453767,0.42744756054649047,1.0577867995544057,1.2505403379492464e-08
127,0.2710710275735602,0.9999929956883773,0.9996491309240583,0.42744756054649047,1.0577831193089713,9.380293401273221e-05
127,0.27103423264075,0.9999552819239018,0.9995757727836182,0.42744756054649047,1.0578329056433964,1.6516682777023561e-07
127,0.27106910875906304,0.9999858704310757,0.9999866200999856,0.42744756054649047,1.0576968034309184,1.067685744260416e-07
127,0.27104050110333805,0.9999512580714751,0.9996767845538667,0.42744756054649047,1.0578084407167823,9.229341935146351e-08
127,0.2710569845801172,0.9999921591671007,0.999858133319264,0.42744756054649047,1.0577441134284373,1.732952397581755e-05
127,0.27106463556838994,0.9999971082273073,0.9997877464240352,0.42744756054649047,1.0577420891247882,2.783126109684453e-05
127,0.27104303063967167,0.9999455371338096,0.9997295308328652,0.42744756054649047,1.0577985686131954,1.1271489386288636e-07
127,0.27106224550352753,0.9999731148640965,0.9999246333244268,0.42744756054649047,1.0577236079915582,2.3835788898196597e-08
127,0.2710588807975085,0.9999772580975173,0.9998648232692711,0.42744756054649047,1.0577367138819986,5.4217625278241144e-08
127,0.27107292731397503,0.9999999839302943,1.0,0.42744756054649047,1.0576819688076065,6.495869087075334e-08
127,0.2710729917918027,1.0,1.0,0.42744756054649047,1.057681956190806,3.0392369065879166e-07
127,0.2710475911953565,0.9999556190637549,0.9997654720656832,0.42744756054649047,1.0577807704500153,3.177438823165346e-08
127,0.27107081273913747,0.9999974453671603,0.9999774457061003,0.42744756054649047,1.0576901546358934,4.535585818032928e-08
128,0.27106275997575896,0.999983360188601,0.9999026023298575,0.42744756054649047,1.0577215766154837,7.241901966992259e-09
128,0.2710710200339775,0.999992927180685,0.9999933100499928,0.42744756054649047,1.0576893457935812,1.3109902941010887e-08
128,0.27105323091182393,0.9999621998519296,0.9998271207767604,0.42744756054649047,1.0577587621258249,5.763785004830879e-10
128,0.2710594688749457,0.9999913582255748,0.9998324197414798,0.42744756054649047,1.0577344232251986,4.157309163588252e-09
128,0.2710710200339775,0.999992927180685,0.9999933100499928,0.42744756054649047,1.0576893457935812,1.3109902941010887e-08
128,0.27107289253458383,0.9999999238803419,1.0,0.42744756054649047,1.0576820395523872,2.359778616956021e-08
128,0.27107292238346253,1.0,1.0,0.42744756054649047,1.057681956190806,3.310384255605925e-08
128,0.27103925579127286,0.9999545543381938,0.9996491309240583,0.42744756054649047,1.0578133023307328,1.4264283088039065e-09
128,0.2710321844171578,0.9999527272910621,0.9995532184897185,0.42744756054649047,1.057840899816895,8.525609107579157e-10
128,0.2710539013915345,0.9999897140999153,0.9997574727433652,0.42744756054649047,1.0577561494682075,4.393868380248023e-09
128,0.27105890388477005,0.9999725850948616,0.9998784321837737,0.42744756054649047,1.057736623789979,5.124587865168451e-09
128,0.27107082166106905,0.9999921591671007,0.9999925667222143,0.42744756054649047,1.0576901382814654,1.8458021111555922e-08
128,0.27106463556838994,0.9999903323608124,0.9999092922798647,0.42744756054649047,1.0577142714661518,1.3602460491313195e-08
128,0.27107294529986287,1.0,1.0,0.42744756054649047,1.057681956190806,1.2251985648248365e-07
128,0.271072900911898,1.0,1.0,0.42744756054649047,1.0576820068654802,5.067467423458538e-08
128,0.27107292731397503,0.9999999839302943,1.0,0.42744756054649047,1.0576819688076065,6.495869087075334e-08
128,0.27102998055414285,0.9999503132487798,0.9995286364262425,0.42744756054649047,1.0578495015827272,1.041684738467552e-09
128,0.27107295184263436,1.0,1.0,0.42744756054649047,1.057681956190806,1.4804866887985213e-07
128,0.27104604950029226,0.9999701760118229,0.9997013321453767,0.42744756054649047,1.0577867995544057,1.2505403379492464e-08
128,0.2710729197743923,0.999999915422602,1.0,0.42744756054649047,1.0576820225950232,8.932789707927213e-08
128,0.2710881120627219,1.0,1.0,0.42744756054649047,1.057681956190806,5.929741089238938e-05
128,0.27107663064670606,1.0,1.0,0.42744756054649047,1.057681956190806,1.4501938632616174e-05
128,0.2710091139684411,0.9999318234731083,0.9992831258840014,0.42744756054649047,1.0579310132001463,6.156254950262507e-08
128,0.2710429104158269,0.9999703439560773,0.999655939574315,0.42744756054649047,1.0577990475001053,9.689577806781813e-09
128,0.27105704009860676,0.9999655968529446,0.9998717422337665,0.42744756054649047,1.0577439294973767,3.271837711871228e-08
128,0.2711096045688268,0.9999999238803419,1.0,0.42744756054649047,1.057682015954601,0.00014320135056178351
128,0.27104566794701457,0.9999741713862171,0.9996843277988863,0.42744756054649047,1.0577882999180837,2.381368613413315e-08
128,0.2710466360662158,0.9999653175777413,0.9996491309240583,0.42744756054649047,1.0578048511165077,2.0353200070877264e-05
128,0.27105778084157783,0.9999527272910621,0.9998263987864734,0.42744756054649047,1.057766396794111,2.5390603057173777e-05
128,0.2710539013915345,0.9999912991247312,0.9997574727433652,0.42744756054649047,1.0577561450743391,1.2400795270650633e-06
128,0.27108884178800347,1.0,1.0,0.42744756054649047,1.057681956190806,6.214435208162783e-05
128,0.271064556763599,1.0,0.9998801002817475,0.42744756054649047,1.0577146390701082,7.370420540553368e-08
128,0.27106027982561354,0.9999753410481106,0.9998905889653963,0.42744756054649047,1.0577312545672444,1.1392070442539648e-07
128,0.27108273239127845,0.9999919420977686,1.0,0.42744756054649047,1.0576882827386653,4.463530209997124e-05
128,0.2710665445536124,1.0,0.999866883777969,0.42744756054649047,1.0577182421720315,1.1433257393278495e-05
128,0.2710746305504086,1.0,1.0,0.42744756054649047,1.057681956190806,6.698048068853879e-06
128,0.27107082166106905,0.9999921591671007,0.9999925667222143,0.42744756054649047,1.0576901382814654,1.8458021111555922e-08
128,0.2710392158421045,1.0,0.9996491309240583,0.42744756054649047,1.0578134568181317,3.5836839475500426e-05
128,0.27104053213057483,0.9999565442715347,0.9997013321453767,0.42744756054649047,1.0578083196246615,1.0816604264940466e-05
128,0.2710994913313569,1.0,1.0,0.42744756054649047,1.057681956190806,0.00010369060486414838
129,0.27106275997575896,0.999983360188601,0.9999026023298575,0.42744756054649047,1.0577215766154837,7.241901966992259e-09
129,0.2710710200339775,0.999992927180685,0.9999933100499928,0.42744756054649047,1.0576893457935812,1.3109902941010887e-08
129,0.27105323091182393,0.9999621998519296,0.9998271207767604,0.42744756054649047,1.0577587621258249,5.763785004830879e-10
129,0.2710594688749457,0.9999913582255748,0.9998324197414798,0.42744756054649047,1.0577344232251986,4.157309163588252e-09
129,0.2710710200339775,0.999992927180685,0.9999933100499928,0.42744756054649047,1.0576893457935812,1.3109902941010887e-08
129,0.27107289253458383,0.9999999238803419,1.0,0.42744756054649047,1.0576820395523872,2.359778616956021e-08
129,0.27107292238346253,1.0,1.0,0.42744756054649047,1.057681956190806,3.310384255605925e-08
129,0.27103925579127286,0.9999545543381938,0.9996491309240583,0.42744756054649047,1.0578133023307328,1.4264283088039065e-09
129,0.2710321844171578,0.9999527272910621,0.9995532184897185,0.42744756054649047,1.057840899816895,8.525609107579157e-10
129,0.2710539013915345,0.9999897140999153,0.9997574727433652,0.42744756054649047,1.0577561494682075,4.393868380248023e-09
129,0.27105890388477005,0.9999725850948616,0.9998784321837737,0.42744756054649047,1.057736623789979,5.124587865168451e-09
129,0.27107082166106905,0.9999921591671007,0.9999925667222143,0.42744756054649047,1.0576901382814654,1.8458021111555922e-08
129,0.27106463556838994,0.9999903323608124,0.9999092922798647,0.42744756054649047,1.0577142714661518,1.3602460491313195e-08
129,0.27107082166106905,0.9999921591671007,0.9999925667222143,0.42744756054649047,1.0576901382814654,1.8458021111555922e-08
129,0.27107294529986287,1.0,1.0,0.42744756054649047,1.057681956190806,1.2251985648248365e-07
129,0.271072900911898,1.0,1.0,0.42744756054649047,1.0576820068654802,5.067467423458538e-08
129,0.27107292731397503,0.9999999839302943,1.0,0.42744756054649047,1.0576819688076065,6.495869087075334e-08
129,0.27102998055414285,0.9999503132487798,0.9995286364262425,0.42744756054649047,1.0578495015827272,1.041684738467552e-09
129,0.27107295184263436,1.0,1.0,0.42744756054649047,1.057681956190806,1.4804866887985213e-07
129,0.27105704009860676,0.9999655968529446,0.9998717422337665,0.42744756054649047,1.0577439294973767,3.271837711871228e-08
129,0.2710328053905079,0.9999286077265062,0.9996314789676036,0.42744756054649047,1.057838490708483,1.4550244564759396e-08
129,0.27106267232056047,0.9999891102002124,0.9998848650019586,0.42744756054649047,1.0577219186573945,2.8532332052577658e-08
129,0.27107798821834006,0.9999855607490679,1.0,0.42744756054649047,1.0576932930366005,3.113563400991559e-05
129,0.2710587728379036,0.9999719623903282,0.999877763188773,0.42744756054649047,1.057737289976894,1.5481047754839494e-07
129,0.2710850963930312,1.0,1.0,0.42744756054649047,1.057681956190806,4.753195190199122e-05
129,0.2710545365661519,0.9999850810898413,0.9997799175528277,0.42744756054649047,1.0577536668543446,4.688360810689574e-10
129,0.27100058752012485,0.9999098362620956,1.0,0.42744756054649047,1.0579642371504827,0.00021148436446916108
129,0.27104753173317786,0.9999811596281342,0.9996910177488934,0.42744756054649047,1.0577810025050667,1.4008766591189215e-08
129,0.271039586710404,0.9999587512675655,0.9996420407537551,0.42744756054649047,1.0578120093931218,6.866749679979023e-08
129,0.2710708414983599,0.9999922359684591,0.9999926410549921,0.42744756054649047,1.0576900577216315,1.5301224509656208e-08
129,0.2710646414568843,0.9999903323608124,0.9999092922798647,0.42744756054649047,1.0577142714661518,3.657980052196308e-08
129,0.27106933478343176,0.9999866301509939,0.9999872890949864,0.42744756054649047,1.0576959214969601,3.6705274375492536e-09
129,0.2710341843553856,0.9999903323608124,0.9995904633629609,0.42744756054649047,1.057833094098765,3.188154515787467e-05
129,0.27106273311176815,0.9999832916809087,0.9999026023298575,0.42744756054649047,1.0577216814422234,5.827943660996482e-08
129,0.2710589307487609,0.9999726536025539,0.9998784321837737,0.42744756054649047,1.057736564875034,4.591475688542346e-08
129,0.2710280692792284,0.9999432564991705,0.9995219464762353,0.42744756054649047,1.0578569614787208,9.479099616349629e-08
129,0.2710373445163584,0.9999474975885845,0.9996424409740511,0.42744756054649047,1.0578207602897347,9.229927910858748e-08
129,0.27108204168640493,1.0,1.0,0.42744756054649047,1.057681956190806,3.561392571382882e-05
129,0.2710495819650414,0.9999568959776758,0.9997901052856447,0.42744756054649047,1.057773019216146,1.7816605080156478e-08
129,0.2710814160771061,0.9999943392402841,1.0,0.42744756054649047,1.0576864006455022,3.7617514511811834e-05
130,0.2710710200339775,0.999992927180685,0.9999933100499928,0.42744756054649047,1.0576893457935812,1.3109902941010887e-08
130,0.2710710200339775,0.999992927180685,0.9999933100499928,0.42744756054649047,1.0576893457935812,1.3109902941010887e-08
130,0.27107289253458383,0.9999999238803419,1.0,0.42744756054649047,1.0576820395523872,2.359778616956021e-08
130,0.27107292238346253,1.0,1.0,0.42744756054649047,1.057681956190806,3.310384255605925e-08
130,0.2710545365661519,0.9999850810898413,0.9997799175528277,0.42744756054649047,1.0577536668543446,4.688360810689574e-10
130,0.27106933478343176,0.9999866301509939,0.9999872890949864,0.42744756054649047,1.0576959214969601,3.6705274375492536e-09
130,0.2710708414983599,0.9999922359684591,0.9999926410549921,0.42744756054649047,1.0576900577216315,1.5301224509656208e-08
130,0.27107294529986287,1.0,1.0,0.42744756054649047,1.057681956190806,1.2251985648248365e-07
130,0.271072900911898,1.0,1.0,0.42744756054649047,1.0576820068654802,5.067467423458538e-08
130,0.27107292731397503,0.9999999839302943,1.0,0.42744756054649047,1.0576819688076065,6.495869087075334e-08
130,0.27105323091182393,0.9999621998519296,0.9998271207767604,0.42744756054649047,1.0577587621258249,5.763785004830879e-10
130,0.27106275997575896,0.999983360188601,0.9999026023298575,0.42744756054649047,1.0577215766154837,7.241901966992259e-09
130,0.2710594688749457,0.9999913582255748,0.9998324197414798,0.42744756054649047,1.0577344232251986,4.157309163588252e-09
130,0.27106463556838994,0.9999903323608124,0.9999092922798647,0.42744756054649047,1.0577142714661518,1.3602460491313195e-08
130,0.27107295184263436,1.0,1.0,0.42744756054649047,1.057681956190806,1.4804866887985213e-07
130,0.2710321844171578,0.9999527272910621,0.9995532184897185,0.42744756054649047,1.057840899816895,8.525609107579157e-10
130,0.27107082166106905,0.9999921591671007,0.9999925667222143,0.42744756054649047,1.0576901382814654,1.8458021111555922e-08
130,0.27103925579127286,0.9999545543381938,0.9996491309240583,0.42744756054649047,1.0578133023307328,1.4264283088039065e-09
130,0.27105890388477005,0.9999725850948616,0.9998784321837737,0.42744756054649047,1.057736623789979,5.124587865168451e-09
130,0.2710539013915345,0.9999897140999153,0.9997574727433652,0.42744756054649047,1.0577561494682075,4.393868380248023e-09
130,0.27107352581520205,0.999992927180685,0.9999373167699444,0.42744756054649047,1.0577045948474966,2.502624660261077e-05
130,0.2710746639571709,1.0,1.0,0.42744756054649047,1.057681956190806,6.8283940970470525e-06
130,0.2710996391538637,1.0,1.0,0.42744756054649047,1.057681956190806,0.00010426727058843177
130,0.2710710378875393,0.9999929963019075,0.9999933769494929,0.42744756054649047,1.057689276130949,1.5951011178572116e-08
130,0.27108203870151704,1.0,1.0,0.42744756054649047,1.057681956190806,3.5602279956137295e-05
130,0.2710386870382695,0.9999580485849647,0.9996309493024191,0.42744756054649047,1.0578155206408897,2.9714459781615687e-09
130,0.2710745805679517,1.0,1.0,0.42744756054649047,1.057681956190806,6.503027172088949e-06
130,0.27105959514852745,0.9999638441943481,0.9999134419676662,0.42744756054649047,1.057733937852437,1.1531956500832052e-08
130,0.27105583294989916,0.9999907426899238,0.9997817254690287,0.42744756054649047,1.0577487286895009,1.212420039919948e-07
130,0.27106540788776384,0.999991223005073,0.9999183630518782,0.42744756054649047,1.0577112442249657,1.447299806667246e-07
130,0.2710961953054055,1.0,1.0,0.42744756054649047,1.057681956190806,9.083241852114732e-05
130,0.2710678180579406,0.9999809628242718,0.9999818702354806,0.42744756054649047,1.0577018445250461,4.825137400743529e-09
130,0.27107253821306687,0.9999985102417491,0.9999985876772207,0.42744756054649047,1.0576835107782852,8.871955547995469e-08
130,0.27106413544611063,0.9999805077291706,0.9999305108563576,0.42744756054649047,1.0577162093814112,8.183369981651367e-09
130,0.27107295184263436,0.9999771833368416,0.999904908819086,0.42744756054649047,1.0577257904332824,4.3982291145328034e-05
130,0.27106544277833267,0.9999527272910621,0.9999183630518782,0.42744756054649047,1.0577413253104386,3.0217230259532712e-05
130,0.2710994269414718,0.9999921591671007,1.0,0.42744756054649047,1.057688112308416,0.0001095955329255549
130,0.27106788179951374,0.9999984441672483,0.9999325477016968,0.42744756054649047,1.0577015909814753,2.772999430078471e-08
130,0.271071159795287,0.9999935583429583,0.9999939790449935,0.42744756054649047,1.057688800460586,1.4566627193346449e-07
130,0.27109367740429013,1.0,1.0,0.42744756054649047,1.057681956190806,8.100957836543188e-05
131,0.2710710200339775,0.999992927180685,0.9999933100499928,0.42744756054649047,1.0576893457935812,1.3109902941010887e-08
131,0.2710710200339775,0.999992927180685,0.9999933100499928,0.42744756054649047,1.0576893457935812,1.3109902941010887e-08
131,0.27107289253458383,0.9999999238803419,1.0,0.42744756054649047,1.0576820395523872,2.359778616956021e-08
131,0.27107292238346253,1.0,1.0,0.42744756054649047,1.057681956190806,3.310384255605925e-08
131,0.2710545365661519,0.9999850810898413,0.9997799175528277,0.42744756054649047,1.0577536668543446,4.688360810689574e-10
131,0.27106933478343176,0.9999866301509939,0.9999872890949864,0.42744756054649047,1.0576959214969601,3.6705274375492536e-09
131,0.2710710378875393,0.9999929963019075,0.9999933769494929,0.42744756054649047,1.057689276130949,1.5951011178572116e-08
131,0.2710708414983599,0.9999922359684591,0.9999926410549921,0.42744756054649047,1.0576900577216315,1.5301224509656208e-08
131,0.27107294529986287,1.0,1.0,0.42744756054649047,1.057681956190806,1.2251985648248365e-07
131,0.271072900911898,1.0,1.0,0.42744756054649047,1.0576820068654802,5.067467423458538e-08
131,0.27107292731397503,0.9999999839302943,1.0,0.42744756054649047,1.0576819688076065,6.495869087075334e-08
131,0.27105323091182393,0.9999621998519296,0.9998271207767604,0.42744756054649047,1.0577587621258249,5.763785004830879e-10
131,0.2710594688749457,0.9999913582255748,0.9998324197414798,0.42744756054649047,1.0577344232251986,4.157309163588252e-09
131,0.2710678180579406,0.9999809628242718,0.9999818702354806,0.42744756054649047,1.0577018445250461,4.825137400743529e-09
131,0.27107295184263436,1.0,1.0,0.42744756054649047,1.057681956190806,1.4804866887985213e-07
131,0.2710321844171578,0.9999527272910621,0.9995532184897185,0.42744756054649047,1.057840899816895,8.525609107579157e-10
131,0.27107253821306687,0.9999985102417491,0.9999985876772207,0.42744756054649047,1.0576835107782852,8.871955547995469e-08
131,0.27107082166106905,0.9999921591671007,0.9999925667222143,0.42744756054649047,1.0576901382814654,1.8458021111555922e-08
131,0.27103925579127286,0.9999545543381938,0.9996491309240583,0.42744756054649047,1.0578133023307328,1.4264283088039065e-09
131,0.2710539013915345,0.9999897140999153,0.9997574727433652,0.42744756054649047,1.0577561494682075,4.393868380248023e-09
131,0.2710708593519217,0.9999923050896816,0.9999927079544921,0.42744756054649047,1.0576899852177917,1.2460108722578411e-08
131,0.2710408006880709,0.9999602703053774,0.999654549783564,0.42744756054649047,1.057807336221589,6.471349101033752e-08
131,0.2710719665559112,1.0,0.9999783873487045,0.42744756054649047,1.0576878468989417,2.1943170704918913e-06
131,0.27106928894576904,0.9999866301509939,0.9999872890949864,0.42744756054649047,1.0576961003527388,1.8252630606951925e-07
131,0.2710545365661519,0.9999921736298358,0.9999925667222143,0.42744756054649047,1.0577536663855085,6.353945934112204e-05
131,0.2710664174813149,0.9999758628437522,0.9999770601614254,0.42744756054649047,1.057707304753389,1.448589637131903e-07
131,0.27105606360938816,0.9999907279358023,0.9997852695128334,0.42744756054649047,1.0577477739174375,6.657801843168443e-08
131,0.2710731303782519,1.0,1.0,0.42744756054649047,1.057681956190806,8.446646480031461e-07
131,0.27107443330068226,1.0,1.0,0.42744756054649047,1.057681956190806,5.9284212474697284e-06
131,0.27108966154326336,1.0,1.0,0.42744756054649047,1.057681956190806,6.534251683487646e-05
131,0.27103436666008845,0.999950388041233,0.9995911464811894,0.42744756054649047,1.0578323895390993,6.966143883957443e-09
131,0.27106215856990185,0.9999972515690304,0.999853994531337,0.42744756054649047,1.0577239233832965,9.354692576124535e-09
131,0.2710849051852442,0.9999962935609875,1.0,0.42744756054649047,1.0576848662362608,4.969600252979767e-05
131,0.27110112603150105,1.0,1.0,0.42744756054649047,1.057681956190806,0.0001100676471219586
131,0.27105034913339077,0.9999514319311578,0.9998168249436994,0.42744756054649047,1.0577700242222956,1.669443583374175e-08
131,0.2710708254301543,0.9999921737593588,0.9999925808454421,0.42744756054649047,1.057690122975096,1.7858229561795724e-08
131,0.27107293577442876,0.9999999377908997,0.99999993979045,0.42744756054649047,1.0576820214432707,1.5060565039526352e-07
131,0.2710703542420204,0.9999921591671007,1.0,0.42744756054649047,1.0576919436470384,3.831338622362068e-06
131,0.27103925579127286,0.9999838545969646,1.0,0.42744756054649047,1.0578133009043045,0.00011866827635786947
131,0.2710887768418574,1.0,1.0,0.42744756054649047,1.057681956190806,6.189097261177778e-05
132,0.2710710200339775,0.999992927180685,0.9999933100499928,0.42744756054649047,1.0576893457935812,1.3109902941010887e-08
132,0.2710710200339775,0.999992927180685,0.9999933100499928,0.42744756054649047,1.0576893457935812,1.3109902941010887e-08
132,0.27107289253458383,0.9999999238803419,1.0,0.42744756054649047,1.0576820395523872,2.359778616956021e-08
132,0.27107292238346253,1.0,1.0,0.42744756054649047,1.057681956190806,3.310384255605925e-08
132,0.2710545365661519,0.9999850810898413,0.9997799175528277,0.42744756054649047,1.0577536668543446,4.688360810689574e-10
132,0.27106933478343176,0.9999866301509939,0.9999872890949864,0.42744756054649047,1.0576959214969601,3.6705274375492536e-09
132,0.2710710378875393,0.9999929963019075,0.9999933769494929,0.42744756054649047,1.057689276130949,1.5951011178572116e-08
132,0.2710708593519217,0.9999923050896816,0.9999927079544921,0.42744756054649047,1.0576899852177917,1.2460108722578411e-08
132,0.27107294529986287,1.0,1.0,0.42744756054649047,1.057681956190806,1.2251985648248365e-07
132,0.271072900911898,1.0,1.0,0.42744756054649047,1.0576820068654802,5.067467423458538e-08
132,0.27107292731397503,0.9999999839302943,1.0,0.42744756054649047,1.0576819688076065,6.495869087075334e-08
132,0.27105323091182393,0.9999621998519296,0.9998271207767604,0.42744756054649047,1.0577587621258249,5.763785004830879e-10
132,0.2710594688749457,0.9999913582255748,0.9998324197414798,0.42744756054649047,1.0577344232251986,4.157309163588252e-09
132,0.2710678180579406,0.9999809628242718,0.9999818702354806,0.42744756054649047,1.0577018445250461,4.825137400743529e-09
132,0.2710708414983599,0.9999922359684591,0.9999926410549921,0.42744756054649047,1.0576900577216315,1.5301224509656208e-08
132,0.27107295184263436,1.0,1.0,0.42744756054649047,1.057681956190806,1.4804866887985213e-07
132,0.2710321844171578,0.9999527272910621,0.9995532184897185,0.42744756054649047,1.057840899816895,8.525609107579157e-10
132,0.27107253821306687,0.9999985102417491,0.9999985876772207,0.42744756054649047,1.0576835107782852,8.871955547995469e-08
132,0.2710708254301543,0.9999921737593588,0.9999925808454421,0.42744756054649047,1.057690122975096,1.7858229561795724e-08
132,0.2710539013915345,0.9999897140999153,0.9997574727433652,0.42744756054649047,1.0577561494682075,4.393868380248023e-09
132,0.2710710200339775,0.9999942704641778,0.9999945209309441,0.42744756054649047,1.0576893457935812,1.3978074964171583e-06
132,0.27103250330652306,0.9999539995657956,0.9995544895802198,0.42744756054649047,1.057839655190484,1.0196792077366013e-07
132,0.27105279793836073,0.9999787155524578,0.9997738965978212,0.42744756054649047,1.0577604511887935,1.4462380226731852e-07
132,0.27107005399599554,0.9999891698701279,0.999989643957389,0.42744756054649047,1.0576932819314253,1.6675032843416204e-07
132,0.2711096366370689,1.0,1.0,0.42744756054649047,1.057681956190806,0.0001432666778957703
132,0.2710379488567603,0.9999638200993394,0.9996039175957531,0.42744756054649047,1.0578184016391334,4.2512062758959246e-08
132,0.2710725640579455,0.9999985392967423,0.9999986018004485,0.42744756054649047,1.057683484116954,1.6290096249704789e-07
132,0.27104930749856476,0.99997258064176,0.9997411559552978,0.42744756054649047,1.05777407250808,2.113802333170156e-08
132,0.2710814160771061,0.9999943392402841,1.0,0.42744756054649047,1.0576864006455022,3.7617514511811834e-05
132,0.2710691472373851,0.9999859395522982,0.9999866869994857,0.42744756054649047,1.0576966532906367,2.913304308904685e-08
132,0.2710539506893843,0.9999913985755612,0.9997534879416623,0.42744756054649047,1.0577559526952824,3.918485602660837e-08
132,0.271060397383697,1.0,0.9997980422570962,0.42744756054649047,1.0577370113850135,6.2155526485696555e-06
132,0.2710723830029812,0.9999979388026105,0.9999980472035929,0.42744756054649047,1.057684106741514,7.907651733418675e-08
132,0.27107351695701853,0.9999958302909334,1.0,0.42744756054649047,1.057685229966119,5.6268022039507315e-06
132,0.2710732672900144,1.0,1.0,0.42744756054649047,1.057681956190806,1.3788707171613623e-06
132,0.2710689914183524,0.9999852614731045,0.99998603071539,0.42744756054649047,1.0576973354296262,7.414149050255503e-08
132,0.2710703763178138,0.9999714571620058,1.0,0.42744756054649047,1.0577043666550503,1.2509145748573758e-05
132,0.27106935085163736,0.9999985102417491,0.9999873493045364,0.42744756054649047,1.057695858799811,9.28493256524554e-06
132,0.2710509030998828,0.9999638087617837,0.9997892808931945,0.42744756054649047,1.057767845686185,2.9546566082672143e-08
132,0.27107255428127247,0.9999985724508494,0.9999986478867707,0.42744756054649047,1.0576834455256368,8.61625741865879e-08
133,0.2710710200339775,0.999992927180685,0.9999933100499928,0.42744756054649047,1.0576893457935812,1.3109902941010887e-08
133,0.2710710200339775,0.999992927180685,0.9999933100499928,0.42744756054649047,1.0576893457935812,1.3109902941010887e-08
133,0.27107289253458383,0.9999999238803419,1.0,0.42744756054649047,1.0576820395523872,2.359778616956021e-08
133,0.27107292238346253,1.0,1.0,0.42744756054649047,1.057681956190806,3.310384255605925e-08
133,0.2710545365661519,0.9999850810898413,0.9997799175528277,0.42744756054649047,1.0577536668543446,4.688360810689574e-10
133,0.27106933478343176,0.9999866301509939,0.9999872890949864,0.42744756054649047,1.0576959214969601,3.6705274375492536e-09
133,0.2710710378875393,0.9999929963019075,0.9999933769494929,0.42744756054649047,1.057689276130949,1.5951011178572116e-08
133,0.2710708593519217,0.9999923050896816,0.9999927079544921,0.42744756054649047,1.0576899852177917,1.2460108722578411e-08
133,0.27107294529986287,1.0,1.0,0.42744756054649047,1.057681956190806,1.2251985648248365e-07
133,0.271072900911898,1.0,1.0,0.42744756054649047,1.0576820068654802,5.067467423458538e-08
133,0.27107292731397503,0.9999999839302943,1.0,0.42744756054649047,1.0576819688076065,6.495869087075334e-08
133,0.27105323091182393,0.9999621998519296,0.9998271207767604,0.42744756054649047,1.0577587621258249,5.763785004830879e-10
133,0.2710594688749457,0.9999913582255748,0.9998324197414798,0.42744756054649047,1.0577344232251986,4.157309163588252e-09
133,0.2710678180579406,0.9999809628242718,0.9999818702354806,0.42744756054649047,1.0577018445250461,4.825137400743529e-09
133,0.2710708414983599,0.9999922359684591,0.9999926410549921,0.42744756054649047,1.0576900577216315,1.5301224509656208e-08
133,0.27107295184263436,1.0,1.0,0.42744756054649047,1.057681956190806,1.4804866887985213e-07
133,0.2710321844171578,0.9999527272910621,0.9995532184897185,0.42744756054649047,1.057840899816895,8.525609107579157e-10
133,0.2710539013915345,0.9999897140999153,0.9997574727433652,0.42744756054649047,1.0577561494682075,4.393868380248023e-09
133,0.2710708254301543,0.9999921737593588,0.9999925808454421,0.42744756054649047,1.057690122975096,1.7858229561795724e-08
133,0.2710723830029812,0.9999979388026105,0.9999980472035929,0.42744756054649047,1.057684106741514,7.907651733418675e-08
133,0.2710690134193202,0.9999853859689871,0.999986084903985,0.42744756054649047,1.0576972229117194,4.747022108730903e-08
133,0.2710710200339775,0.9999921197144016,0.9999925808454421,0.42744756054649047,1.0576901654080535,8.196144722916188e-07
133,0.27107083560986556,0.9999922359684591,0.9999926410549921,0.42744756054649047,1.0576900653966959,7.675064361833961e-09
133,0.27105279793836073,0.9999787155524578,0.9997738965978212,0.42744756054649047,1.0577604511887935,1.4462380226731852e-07
133,0.27107015537000084,0.9999897158414731,0.9999902460528896,0.42744756054649047,1.0576927196281931,3.046993413136079e-08
133,0.27106933478343176,0.9999827264715285,0.9997508496928581,0.42744756054649047,1.0577634418291393,6.752033217916065e-05
133,0.2710613062789244,0.9999982836448613,0.999838982582437,0.42744756054649047,1.0577272491569585,5.264539781890676e-08
133,0.2710849413881371,0.9999902056716129,1.0,0.42744756054649047,1.0576896460824317,5.4617093922404436e-05
133,0.27106044545523134,0.99999082390886,0.9998478397773304,0.42744756054649047,1.0577306386280005,3.038014995127014e-08
133,0.27105635452312266,0.9999865729808571,0.9998019257975449,0.42744756054649047,1.0577465721019326,7.75182951162634e-08
133,0.2710856944729647,0.9999993665714411,1.0,0.42744756054649047,1.057682453514579,5.036267037894504e-05
133,0.27106083355020544,0.9999922224030173,0.9998491777673318,0.42744756054649047,1.0577291758273912,8.199948142717517e-08
133,0.27105332457349357,0.9999589755551139,0.9998377187490771,0.42744756054649047,1.0577584043444213,8.300365728075576e-09
133,0.2710725597532426,0.999998623102714,0.9999987095086436,0.42744756054649047,1.057683388962015,5.094973665187297e-08
133,0.2710712121365788,0.9999935555702804,0.9999938519359435,0.42744756054649047,1.0576886916155568,9.538469147862827e-08
133,0.27107242524169844,0.9999981288526437,0.9999982424832335,0.42744756054649047,1.0576839043028967,4.1447051568610505e-08
133,0.2710594528067401,0.9999912960164745,0.9998323595319298,0.42744756054649047,1.0577344884840088,6.7143988147222444e-09
133,0.27106813486336756,0.9999821461268809,0.9999830015060267,0.42744756054649047,1.057700607103589,3.5714129431596575e-09
133,0.27105407798770953,0.999983294519883,0.9997781600360612,0.42744756054649047,1.0577555488147508,9.288587654587843e-08
133,0.2710532043985693,0.9999621998519296,0.9998271207767604,0.42744756054649047,1.057758865014843,1.028890181942188e-07
134,0.2710710200339775,0.999992927180685,0.9999933100499928,0.42744756054649047,1.0576893457935812,1.3109902941010887e-08
134,0.2710710200339775,0.999992927180685,0.9999933100499928,0.42744756054649047,1.0576893457935812,1.3109902941010887e-08
134,0.27107289253458383,0.9999999238803419,1.0,0.42744756054649047,1.0576820395523872,2.359778616956021e-08
134,0.27107292238346253,1.0,1.0,0.42744756054649047,1.057681956190806,3.310384255605925e-08
134,0.2710545365661519,0.9999850810898413,0.9997799175528277,0.42744756054649047,1.0577536668543446,4.688360810689574e-10
134,0.27106933478343176,0.9999866301509939,0.9999872890949864,0.42744756054649047,1.0576959214969601,3.6705274375492536e-09
134,0.2710710378875393,0.9999929963019075,0.9999933769494929,0.42744756054649047,1.057689276130949,1.5951011178572116e-08
134,0.2710708593519217,0.9999923050896816,0.9999927079544921,0.42744756054649047,1.0576899852177917,1.2460108722578411e-08
134,0.27107083560986556,0.9999922359684591,0.9999926410549921,0.42744756054649047,1.0576900653966959,7.675064361833961e-09
134,0.27106813486336756,0.9999821461268809,0.9999830015060267,0.42744756054649047,1.057700607103589,3.5714129431596575e-09
134,0.27107294529986287,1.0,1.0,0.42744756054649047,1.057681956190806,1.2251985648248365e-07
134,0.271072900911898,1.0,1.0,0.42744756054649047,1.0576820068654802,5.067467423458538e-08
134,0.27107292731397503,0.9999999839302943,1.0,0.42744756054649047,1.0576819688076065,6.495869087075334e-08
134,0.27107242524169844,0.9999981288526437,0.9999982424832335,0.42744756054649047,1.0576839043028967,4.1447051568610505e-08
134,0.27105323091182393,0.9999621998519296,0.9998271207767604,0.42744756054649047,1.0577587621258249,5.763785004830879e-10
134,0.2710708414983599,0.9999922359684591,0.9999926410549921,0.42744756054649047,1.0576900577216315,1.5301224509656208e-08
134,0.2710594688749457,0.9999913582255748,0.9998324197414798,0.42744756054649047,1.0577344232251986,4.157309163588252e-09
134,0.2710678180579406,0.9999809628242718,0.9999818702354806,0.42744756054649047,1.0577018445250461,4.825137400743529e-09
134,0.27107295184263436,1.0,1.0,0.42744756054649047,1.057681956190806,1.4804866887985213e-07
134,0.2710321844171578,0.9999527272910621,0.9995532184897185,0.42744756054649047,1.057840899816895,8.525609107579157e-10
134,0.2710696720718703,0.9999879671358944,0.9999885601854878,0.42744756054649047,1.0576946054197989,8.377352345156908e-08
134,0.2710867035801592,1.0,1.0,0.42744756054649047,1.057681956190806,5.380233109808508e-05
134,0.271062203891131,0.9999547202879912,1.0,0.42744756054649047,1.0577237465333063,6.238294329330429e-06
134,0.27107292238346253,0.9999929963019075,0.9999933769494929,0.42744756054649047,1.057689260179938,7.337092974513126e-06
134,0.27110319689994866,0.9999850810898413,1.0,0.42744756054649047,1.0576936696422734,0.00012985954352107143
134,0.2710705904599516,0.9999913122692868,0.9999872890949864,0.42744756054649047,1.0576922416760757,1.2197291796578469e-06
134,0.2710639883979855,0.9999666967013462,0.999968266483049,0.42744756054649047,1.0577167831764986,2.9390194500322764e-08
134,0.2710502012848118,0.999969012604034,0.9997646189082517,0.42744756054649047,1.0577705845050809,1.2964640161428065e-07
134,0.2710582104047052,0.9999934984001437,0.999808488638502,0.42744756054649047,1.0577393299218416,6.221303050502058e-08
134,0.2710499332548872,0.9999867474243255,0.9997088097906341,0.42744756054649047,1.0577717490357044,1.1854560688639992e-07
134,0.2710587289032335,0.9999844728342115,0.9998418188223239,0.42744756054649047,1.057737306610192,3.9907473992073506e-08
134,0.2710677705691895,0.9999808943165794,0.9999818702354806,0.42744756054649047,1.0577020250002087,1.2668569948637298e-07
134,0.27106812218733867,0.9999820970508129,0.9999829540073818,0.42744756054649047,1.0577006585823485,5.5886451022502115e-09
134,0.27107242524169844,1.0,1.0,0.42744756054649047,1.0576838628558451,1.9066650391863504e-06
134,0.27105323091182393,0.9999898541702315,0.9998271207767604,0.42744756054649047,1.0577587615494464,2.1712686226749156e-05
134,0.2710744601076718,1.0,1.0,0.42744756054649047,1.057681956190806,6.033016531237223e-06
134,0.27107102533362243,0.999992927180685,0.9999933100499928,0.42744756054649047,1.0576893326836783,7.568728976892203e-09
134,0.2710711945746782,0.9999936183929108,0.9999939790449935,0.42744756054649047,1.0576886647553796,5.710866002317516e-08
134,0.271082964392291,1.0,1.0,0.42744756054649047,1.057681956190806,3.9213917708780244e-05
134,0.27105449065195975,0.9999795692827647,0.9997953027470378,0.42744756054649047,1.0577538455594628,4.6123705521594616e-08
135,0.27107289253458383,0.9999999238803419,1.0,0.42744756054649047,1.0576820395523872,2.359778616956021e-08
135,0.27107292238346253,1.0,1.0,0.42744756054649047,1.057681956190806,3.310384255605925e-08
135,0.2710545365661519,0.9999850810898413,0.9997799175528277,0.42744756054649047,1.0577536668543446,4.688360810689574e-10
135,0.27106933478343176,0.9999866301509939,0.9999872890949864,0.42744756054649047,1.0576959214969601,3.6705274375492536e-09
135,0.2710710378875393,0.9999929963019075,0.9999933769494929,0.42744756054649047,1.057689276130949,1.5951011178572116e-08
135,0.27106813486336756,0.9999821461268809,0.9999830015060267,0.42744756054649047,1.057700607103589,3.5714129431596575e-09
135,0.27107102533362243,0.999992927180685,0.9999933100499928,0.42744756054649047,1.0576893326836783,7.568728976892203e-09
135,0.27107294529986287,1.0,1.0,0.42744756054649047,1.057681956190806,1.2251985648248365e-07
135,0.271072900911898,1.0,1.0,0.42744756054649047,1.0576820068654802,5.067467423458538e-08
135,0.27107292731397503,0.9999999839302943,1.0,0.42744756054649047,1.0576819688076065,6.495869087075334e-08
135,0.27107242524169844,0.9999981288526437,0.9999982424832335,0.42744756054649047,1.0576839043028967,4.1447051568610505e-08
135,0.27105323091182393,0.9999621998519296,0.9998271207767604,0.42744756054649047,1.0577587621258249,5.763785004830879e-10
135,0.2710594688749457,0.9999913582255748,0.9998324197414798,0.42744756054649047,1.0577344232251986,4.157309163588252e-09
135,0.2710678180579406,0.9999809628242718,0.9999818702354806,0.42744756054649047,1.0577018445250461,4.825137400743529e-09
135,0.27106812218733867,0.9999820970508129,0.9999829540073818,0.42744756054649047,1.0577006585823485,5.5886451022502115e-09
135,0.2710710200339775,0.999992927180685,0.9999933100499928,0.42744756054649047,1.0576893457935812,1.3109902941010887e-08
135,0.2710710200339775,0.999992927180685,0.9999933100499928,0.42744756054649047,1.0576893457935812,1.3109902941010887e-08
135,0.2710708593519217,0.9999923050896816,0.9999927079544921,0.42744756054649047,1.0576899852177917,1.2460108722578411e-08
135,0.27107083560986556,0.9999922359684591,0.9999926410549921,0.42744756054649047,1.0576900653966959,7.675064361833961e-09
135,0.27107295184263436,1.0,1.0,0.42744756054649047,1.057681956190806,1.4804866887985213e-07
135,0.27108334788576294,1.0,1.0,0.42744756054649047,1.057681956190806,4.071013313100558e-05
135,0.2710652530849344,0.999971378206109,0.9999727056729657,0.42744756054649047,1.0577118679876525,1.971369534281564e-08
135,0.2710545365661519,0.999950166987824,0.9998156809622482,0.42744756054649047,1.057771329373926,1.7662988417432857e-05
135,0.2710753070201316,1.0,1.0,0.42744756054649047,1.057681956190806,9.337481716054086e-06
135,0.2710594957389365,0.9999914267332671,0.9998324197414798,0.42744756054649047,1.0577343694368615,5.5198236648124066e-08
135,0.27105789160247246,0.999976040505577,0.9998540355371447,0.42744756054649047,1.057740573972169,1.724628462262956e-08
135,0.2710714285743717,0.999992927180685,0.9999945811404942,0.42744756054649047,1.057688986240667,1.234524421800387e-06
135,0.27107294529986287,1.0,1.0,0.42744756054649047,1.057681956190806,1.2251985648248365e-07
135,0.2710637869059985,0.9999660285650056,0.9999676553628059,0.42744756054649047,1.0577175694174714,1.244493268437452e-07
135,0.2710677722202779,0.9999809628242718,0.9999818702354806,0.42744756054649047,1.0577020185576889,1.7403264274129526e-07
135,0.2710686251233514,0.9999838873457316,0.9999982424832335,0.42744756054649047,1.0576986905543142,3.6046228975017414e-06
135,0.2710746323234996,1.0,1.0,0.42744756054649047,1.057681956190806,6.704966290849157e-06
135,0.27106986081512985,0.9999884625881964,0.9999889749623883,0.42744756054649047,1.057694019591885,1.5063436209494796e-07
135,0.27105624868068845,0.9999914466272248,0.9999818702354806,0.42744756054649047,1.0577469851323353,5.337197753640943e-05
135,0.2710665581406722,0.999976281319509,0.9999774310455639,0.42744756054649047,1.0577067558976754,2.5666619496433896e-08
135,0.27107613682959464,1.0,1.0,0.42744756054649047,1.057681956190806,1.257519476172142e-05
135,0.2710728677519352,0.9999998532135017,0.99999993979045,0.42744756054649047,1.0576821362502327,4.8402736485542164e-08
135,0.27105525638215044,0.9999660483744289,0.9998444086990843,0.42744756054649047,1.057751026906917,1.6949851122660675e-07
135,0.2710727273788336,0.9999992927180685,0.9999993310049993,0.42744756054649047,1.0576826938354604,9.87198900403996e-09
135,0.27106672448151903,0.9999768145264166,0.9999779686566365,0.42744756054649047,1.0577061650411934,5.8208198261411326e-08
136,0.27107289253458383,0.9999999238803419,1.0,0.42744756054649047,1.0576820395523872,2.359778616956021e-08
136,0.27107292238346253,1.0,1.0,0.42744756054649047,1.057681956190806,3.310384255605925e-08
136,0.2710545365661519,0.9999850810898413,0.9997799175528277,0.42744756054649047,1.0577536668543446,4.688360810689574e-10
136,0.27106933478343176,0.9999866301509939,0.9999872890949864,0.42744756054649047,1.0576959214969601,3.6705274375492536e-09
136,0.27106813486336756,0.9999821461268809,0.9999830015060267,0.42744756054649047,1.057700607103589,3.5714129431596575e-09
136,0.27107102533362243,0.999992927180685,0.9999933100499928,0.42744756054649047,1.0576893326836783,7.568728976892203e-09
136,0.2710727273788336,0.9999992927180685,0.9999993310049993,0.42744756054649047,1.0576826938354604,9.87198900403996e-09
136,0.27107294529986287,1.0,1.0,0.42744756054649047,1.057681956190806,1.2251985648248365e-07
136,0.27107294529986287,1.0,1.0,0.42744756054649047,1.057681956190806,1.2251985648248365e-07
136,0.27105323091182393,0.9999621998519296,0.9998271207767604,0.42744756054649047,1.0577587621258249,5.763785004830879e-10
136,0.2710594688749457,0.9999913582255748,0.9998324197414798,0.42744756054649047,1.0577344232251986,4.157309163588252e-09
136,0.27107292731397503,0.9999999839302943,1.0,0.42744756054649047,1.0576819688076065,6.495869087075334e-08
136,0.2710678180579406,0.9999809628242718,0.9999818702354806,0.42744756054649047,1.0577018445250461,4.825137400743529e-09
136,0.27107242524169844,0.9999981288526437,0.9999982424832335,0.42744756054649047,1.0576839043028967,4.1447051568610505e-08
136,0.2710710378875393,0.9999929963019075,0.9999933769494929,0.42744756054649047,1.057689276130949,1.5951011178572116e-08
136,0.27107083560986556,0.9999922359684591,0.9999926410549921,0.42744756054649047,1.0576900653966959,7.675064361833961e-09
136,0.27106812218733867,0.9999820970508129,0.9999829540073818,0.42744756054649047,1.0577006585823485,5.5886451022502115e-09
136,0.271072900911898,1.0,1.0,0.42744756054649047,1.0576820068654802,5.067467423458538e-08
136,0.2710728677519352,0.9999998532135017,0.99999993979045,0.42744756054649047,1.0576821362502327,4.8402736485542164e-08
136,0.2710708593519217,0.9999923050896816,0.9999927079544921,0.42744756054649047,1.0576899852177917,1.2460108722578411e-08
136,0.27105303478289755,0.9999615632981913,0.9998265186812597,0.42744756054649047,1.057759526923978,1.0082347023931959e-07
136,0.2710691919642095,0.9999861104512733,0.9999868026687213,0.42744756054649047,1.0576964787690988,2.031985335548825e-08
136,0.2710696436825103,0.9999877643775349,0.9999883728668876,0.42744756054649047,1.0576947318970307,1.5703954359125305e-08
136,0.27108689092971044,1.0,1.0,0.42744756054649047,1.057681956190806,5.453326337834241e-05
136,0.27106910764024916,0.9999858704310756,0.9999866200999856,0.42744756054649047,1.0576968077964688,1.1113412479168971e-07
136,0.2710557054628142,0.9999731996900243,0.9998310480028124,0.42744756054649047,1.0577491049440753,5.0414768359985374e-08
136,0.2710546656440895,0.9999801907602378,0.9997958379430384,0.42744756054649047,1.0577531655471808,2.8706228505370746e-09
136,0.27107472983976066,1.0,1.0,0.42744756054649047,1.057681956190806,7.08545375127656e-06
136,0.27107294529986287,0.9999878756627032,0.9999884805750826,0.42744756054649047,1.057694615164821,1.2781493871516503e-05
136,0.2710745861506628,1.0,1.0,0.42744756054649047,1.057681956190806,6.5248097249615e-06
136,0.27107674985567115,1.0,1.0,0.42744756054649047,1.057681956190806,1.4967059459802812e-05
136,0.2710690064114374,0.9999854687603151,0.9999862229109638,0.42744756054649047,1.0576972027858929,8.249316363340142e-08
136,0.27106935708781554,0.99998669375115,0.9999873432835814,0.42744756054649047,1.0576958531211322,1.865450238724975e-08
136,0.27107242524169844,0.999969012604034,0.9997646189082517,0.42744756054649047,1.0577704548586793,8.659200283411828e-05
136,0.27108872079410634,1.0,1.0,0.42744756054649047,1.057681956190806,6.167230904763343e-05
136,0.2710460553185564,0.9999734065781187,0.9996921270851402,0.42744756054649047,1.057786773382386,9.039794024445769e-09
136,0.27106812218733867,0.9999989189579462,0.9999989818565085,0.42744756054649047,1.0577006529937034,1.7570546180900593e-05
136,0.2710867012059536,1.0,1.0,0.42744756054649047,1.057681956190806,5.379306828046104e-05
136,0.2710728677519352,0.9999989837259209,1.0,0.42744756054649047,1.057682754098393,6.178481604113273e-07
136,0.2710730886635102,1.0,1.0,0.42744756054649047,1.057681956190806,6.819008175895647e-07
137,0.27107289253458383,0.9999999238803419,1.0,0.42744756054649047,1.0576820395523872,2.359778616956021e-08
137,0.27107292238346253,1.0,1.0,0.42744756054649047,1.057681956190806,3.310384255605925e-08
137,0.2710545365661519,0.9999850810898413,0.9997799175528277,0.42744756054649047,1.0577536668543446,4.688360810689574e-10
137,0.27106933478343176,0.9999866301509939,0.9999872890949864,0.42744756054649047,1.0576959214969601,3.6705274375492536e-09
137,0.27106813486336756,0.9999821461268809,0.9999830015060267,0.42744756054649047,1.057700607103589,3.5714129431596575e-09
137,0.27107102533362243,0.999992927180685,0.9999933100499928,0.42744756054649047,1.0576893326836783,7.568728976892203e-09
137,0.2710727273788336,0.9999992927180685,0.9999993310049993,0.42744756054649047,1.0576826938354604,9.87198900403996e-09
137,0.2710546656440895,0.9999801907602378,0.9997958379430384,0.42744756054649047,1.0577531655471808,2.8706228505370746e-09
137,0.27107294529986287,1.0,1.0,0.42744756054649047,1.057681956190806,1.2251985648248365e-07
137,0.27107294529986287,1.0,1.0,0.42744756054649047,1.057681956190806,1.2251985648248365e-07
137,0.27105323091182393,0.9999621998519296,0.9998271207767604,0.42744756054649047,1.0577587621258249,5.763785004830879e-10
137,0.2710594688749457,0.9999913582255748,0.9998324197414798,0.42744756054649047,1.0577344232251986,4.157309163588252e-09
137,0.27107292731397503,0.9999999839302943,1.0,0.42744756054649047,1.0576819688076065,6.495869087075334e-08
137,0.2710678180579406,0.9999809628242718,0.9999818702354806,0.42744756054649047,1.0577018445250461,4.825137400743529e-09
137,0.27107242524169844,0.9999981288526437,0.9999982424832335,0.42744756054649047,1.0576839043028967,4.1447051568610505e-08
137,0.2710710378875393,0.9999929963019075,0.9999933769494929,0.42744756054649047,1.057689276130949,1.5951011178572116e-08
137,0.27107083560986556,0.9999922359684591,0.9999926410549921,0.42744756054649047,1.0576900653966959,7.675064361833961e-09
137,0.27106812218733867,0.9999820970508129,0.9999829540073818,0.42744756054649047,1.0577006585823485,5.5886451022502115e-09
137,0.271072900911898,1.0,1.0,0.42744756054649047,1.0576820068654802,5.067467423458538e-08
137,0.2710728677519352,0.9999998532135017,0.99999993979045,0.42744756054649047,1.0576821362502327,4.8402736485542164e-08
137,0.27107142475769797,0.9999943332254551,0.9999946413500442,0.42744756054649047,1.0576878658889168,9.928047450813438e-08
137,0.27108913158027853,1.0,1.0,0.42744756054649047,1.057681956190806,6.32749398277177e-05
137,0.2710870089714705,1.0,1.0,0.42744756054649047,1.057681956190806,5.499379522921899e-05
137,0.27107230681523675,0.9999976771931403,0.9999977492399095,0.42744756054649047,1.057684393350801,6.841250099753893e-08
137,0.2710543879259767,0.9999845130437953,0.999779315457327,0.42744756054649047,1.057754277032575,3.059857145437661e-08
137,0.27107102533362243,0.9999992782553334,0.9999993310049993,0.42744756054649047,1.0576893251149493,6.6199243522468976e-06
137,0.27105163932294785,0.9999992927180685,0.9998316977940707,0.42744756054649047,1.0577649726060423,3.6582208703395125e-05
137,0.2710885087659657,1.0,1.0,0.42744756054649047,1.057681956190806,6.0845105922968656e-05
137,0.2710727103665827,0.9999991938249918,0.9999992606267251,0.42744756054649047,1.057682790661249,4.031867550935431e-08
137,0.2710589663443319,0.9999852816915508,0.9998425420059197,0.42744756054649047,1.0577364344580569,5.4400158377987395e-08
137,0.2710845880440525,1.0,1.0,0.42744756054649047,1.057681956190806,4.5548632299441394e-05
137,0.2710874207211337,1.0,1.0,0.42744756054649047,1.057681956190806,5.660020523068354e-05
137,0.2710503918938065,0.9999696049893112,0.9997651782549719,0.42744756054649047,1.057769840655992,3.4480502897338283e-09
137,0.2710565410984179,0.9999822401919063,0.9998162541487345,0.42744756054649047,1.0577459897716406,1.457442915242524e-07
137,0.27107706057789444,0.9999981288526437,0.9999982424832335,0.42744756054649047,1.0576839043028967,1.8127522888766734e-05
137,0.2710728364504831,0.9999997991685445,0.99999993979045,0.42744756054649047,1.0576822583834093,1.281036074995967e-07
137,0.27107294086240163,1.0,1.0,0.42744756054649047,1.057681956190806,1.052056159966952e-07
137,0.2710740072420328,1.0,1.0,0.42744756054649047,1.057681956190806,4.266026453869642e-06
137,0.271071039849764,1.0,0.9999933769494929,0.42744756054649047,1.057689268474565,5.507143234551037e-06
137,0.2710533870915819,0.9999628364056679,0.9998277228722611,0.42744756054649047,1.0577581520735475,5.392157143013776e-08
138,0.27107289253458383,0.9999999238803419,1.0,0.42744756054649047,1.0576820395523872,2.359778616956021e-08
138,0.27107292238346253,1.0,1.0,0.42744756054649047,1.057681956190806,3.310384255605925e-08
138,0.2710545365661519,0.9999850810898413,0.9997799175528277,0.42744756054649047,1.0577536668543446,4.688360810689574e-10
138,0.27106933478343176,0.9999866301509939,0.9999872890949864,0.42744756054649047,1.0576959214969601,3.6705274375492536e-09
138,0.27106813486336756,0.9999821461268809,0.9999830015060267,0.42744756054649047,1.057700607103589,3.5714129431596575e-09
138,0.27107102533362243,0.999992927180685,0.9999933100499928,0.42744756054649047,1.0576893326836783,7.568728976892203e-09
138,0.2710727273788336,0.9999992927180685,0.9999993310049993,0.42744756054649047,1.0576826938354604,9.87198900403996e-09
138,0.2710546656440895,0.9999801907602378,0.9997958379430384,0.42744756054649047,1.0577531655471808,2.8706228505370746e-09
138,0.27107292731397503,0.9999999839302943,1.0,0.42744756054649047,1.0576819688076065,6.495869087075334e-08
138,0.271072900911898,1.0,1.0,0.42744756054649047,1.0576820068654802,5.067467423458538e-08
138,0.2710728677519352,0.9999998532135017,0.99999993979045,0.42744756054649047,1.0576821362502327,4.8402736485542164e-08
138,0.27107294086240163,1.0,1.0,0.42744756054649047,1.057681956190806,1.052056159966952e-07
138,0.27105323091182393,0.9999621998519296,0.9998271207767604,0.42744756054649047,1.0577587621258249,5.763785004830879e-10
138,0.2710594688749457,0.9999913582255748,0.9998324197414798,0.42744756054649047,1.0577344232251986,4.157309163588252e-09
138,0.2710678180579406,0.9999809628242718,0.9999818702354806,0.42744756054649047,1.0577018445250461,4.825137400743529e-09
138,0.27106812218733867,0.9999820970508129,0.9999829540073818,0.42744756054649047,1.0577006585823485,5.5886451022502115e-09
138,0.27107083560986556,0.9999922359684591,0.9999926410549921,0.42744756054649047,1.0576900653966959,7.675064361833961e-09
138,0.2710710378875393,0.9999929963019075,0.9999933769494929,0.42744756054649047,1.057689276130949,1.5951011178572116e-08
138,0.2710727103665827,0.9999991938249918,0.9999992606267251,0.42744756054649047,1.057682790661249,4.031867550935431e-08
138,0.27107294529986287,1.0,1.0,0.42744756054649047,1.057681956190806,1.2251985648248365e-07
138,0.2710726722115787,0.9999990984011198,0.9999992166068542,0.42744756054649047,1.0576828992173717,2.1638155045522467e-08
138,0.2710712045141358,0.9999935583429583,0.9999939790449935,0.42744756054649047,1.057688654794314,2.8821554698410523e-08
138,0.2710547086309494,0.9999850810898413,0.9998426613510422,0.42744756054649047,1.0577529949263385,1.6435503336742485e-05
138,0.2710858378634342,0.9999866301509939,1.0,0.42744756054649047,1.0576924533942342,6.092198302676266e-05
138,0.2710678582158862,0.9999810955456505,0.9999819913235756,0.42744756054649047,1.0577017073135724,2.4309234403219193e-08
138,0.27105637300206176,0.9999865729808571,0.9998019257975449,0.42744756054649047,1.0577464999913448,5.407707392990346e-09
138,0.2710457166471285,0.9999715557131023,0.9996926153321597,0.42744756054649047,1.0577880934762955,7.429907578071493e-09
138,0.2710720890660775,0.9999969433706918,0.9997958379430384,0.42744756054649047,1.0577400122774794,5.4837713264532795e-05
138,0.2710831225960117,1.0,1.0,0.42744756054649047,1.057681956190806,3.983115649064395e-05
138,0.27106969615417786,0.9999879504526586,1.0,0.42744756054649047,1.0576945114523542,3.0946922777719266e-06
138,0.27106668453235067,0.9999768145264166,0.9999779686566365,0.42744756054649047,1.057706262715225,9.767403152949328e-08
138,0.2710681919804736,0.9999822291586613,0.9999830081959769,0.42744756054649047,1.0577005400871409,1.594243352887048e-07
138,0.27108745388109645,1.0,1.0,0.42744756054649047,1.057681956190806,5.67295760918185e-05
138,0.27108570651484526,0.9999994206163983,1.0,0.42744756054649047,1.0576824110822365,5.036721904261299e-05
138,0.2710761297519257,1.0,1.0,0.42744756054649047,1.057681956190806,1.2547579516741791e-05
138,0.27105061819006937,0.9999524346944055,0.9998177828776409,0.42744756054649047,1.0577689756649233,1.812575511905834e-08
138,0.27106091440932534,1.0,0.9998181823760623,0.42744756054649047,1.0577315200392279,2.741738341027755e-06
138,0.27107312080402896,1.0,1.0,0.42744756054649047,1.057681956190806,8.073076620540576e-07
138,0.2710855783028209,1.0,1.0,0.42744756054649047,1.057681956190806,4.9412112345326165e-05
138,0.27108480040543426,1.0,1.0,0.42744756054649047,1.057681956190806,4.637715949007415e-05
139,0.27107289253458383,0.9999999238803419,1.0,0.42744756054649047,1.0576820395523872,2.359778616956021e-08
139,0.27107292238346253,1.0,1.0,0.42744756054649047,1.057681956190806,3.310384255605925e-08
139,0.2710545365661519,0.9999850810898413,0.9997799175528277,0.42744756054649047,1.0577536668543446,4.688360810689574e-10
139,0.27106933478343176,0.9999866301509939,0.9999872890949864,0.42744756054649047,1.0576959214969601,3.6705274375492536e-09
139,0.27106813486336756,0.9999821461268809,0.9999830015060267,0.42744756054649047,1.057700607103589,3.5714129431596575e-09
139,0.27107102533362243,0.999992927180685,0.9999933100499928,0.42744756054649047,1.0576893326836783,7.568728976892203e-09
139,0.2710727273788336,0.9999992927180685,0.9999993310049993,0.42744756054649047,1.0576826938354604,9.87198900403996e-09
139,0.2710546656440895,0.9999801907602378,0.9997958379430384,0.42744756054649047,1.0577531655471808,2.8706228505370746e-09
139,0.27107292731397503,0.9999999839302943,1.0,0.42744756054649047,1.0576819688076065,6.495869087075334e-08
139,0.271072900911898,1.0,1.0,0.42744756054649047,1.0576820068654802,5.067467423458538e-08
139,0.2710728677519352,0.9999998532135017,0.99999993979045,0.42744756054649047,1.0576821362502327,4.8402736485542164e-08
139,0.27107294086240163,1.0,1.0,0.42744756054649047,1.057681956190806,1.052056159966952e-07
139,0.27105323091182393,0.9999621998519296,0.9998271207767604,0.42744756054649047,1.0577587621258249,5.763785004830879e-10
139,0.2710594688749457,0.9999913582255748,0.9998324197414798,0.42744756054649047,1.0577344232251986,4.157309163588252e-09
139,0.2710678180579406,0.9999809628242718,0.9999818702354806,0.42744756054649047,1.0577018445250461,4.825137400743529e-09
139,0.27106812218733867,0.9999820970508129,0.9999829540073818,0.42744756054649047,1.0577006585823485,5.5886451022502115e-09
139,0.27107083560986556,0.9999922359684591,0.9999926410549921,0.42744756054649047,1.0576900653966959,7.675064361833961e-09
139,0.2710710378875393,0.9999929963019075,0.9999933769494929,0.42744756054649047,1.057689276130949,1.5951011178572116e-08
139,0.2710727103665827,0.9999991938249918,0.9999992606267251,0.42744756054649047,1.057682790661249,4.031867550935431e-08
139,0.2710726722115787,0.9999990984011198,0.9999992166068542,0.42744756054649047,1.0576828992173717,2.1638155045522467e-08
139,0.27108445694425165,0.9999947617070315,1.0,0.42744756054649047,1.057686068950774,4.914990620363824e-05
139,0.27105463368609434,0.9999752364938139,0.9998096310982274,0.42744756054649047,1.0577532946196542,7.231447440858574e-09
139,0.2710874370746501,0.9999850810898413,1.0,0.42744756054649047,1.0576936696422734,6.837745859833433e-05
139,0.2710858378634342,1.0,1.0,0.42744756054649047,1.057681956190806,5.042477959849023e-05
139,0.2710547131019846,0.9999677539503209,0.9998324366779356,0.42744756054649047,1.0577529774787509,2.5700185091181993e-08
139,0.2710847049244012,1.0,1.0,0.42744756054649047,1.057681956190806,4.600464073289956e-05
139,0.2710726409101266,0.9999990443561626,0.9999992166068542,0.42744756054649047,1.0576830213507245,1.0133913774801329e-07
139,0.27107306403027975,1.0,1.0,0.42744756054649047,1.057681956190806,5.857861167246625e-07
139,0.27106994540556467,0.9999888915589833,0.9999894512199291,0.42744756054649047,1.0576935529786766,1.4086458000051039e-08
139,0.27107401528151864,1.0,1.0,0.42744756054649047,1.057681956190806,4.297394952335054e-06
139,0.27106645300499854,0.999975862230222,0.9999769932619254,0.42744756054649047,1.057707178610609,1.2471420118842502e-08
139,0.2710693395531122,0.9999866301509939,0.9999872890949864,0.42744756054649047,1.0576959178264327,1.49404726368374e-08
139,0.27106950607838864,0.9999873283616554,0.999987891190487,0.42744756054649047,1.0576952531149675,4.759527993947188e-08
139,0.2710667132735666,0.9999768981103743,0.9999780355561365,0.42744756054649047,1.0577061505665823,6.938708274617511e-08
139,0.27105052097174404,0.9999647146597077,0.9997810986451827,0.42744756054649047,1.0577693369316368,1.0400036387636646e-09
139,0.27107084575232804,0.9999923597481692,0.9999927748539922,0.42744756054649047,1.057690025821869,1.0175261433431615e-07
139,0.27107281114383125,1.0,0.9999856716488104,0.42744756054649047,1.0576858614738245,3.5043479538199307e-06
139,0.2710547125524727,0.9999857604209851,0.9999933769494929,0.42744756054649047,1.0577529796231437,5.8038218830658295e-05
139,0.2710726615794138,0.9999991606102201,0.9999992768164042,0.42744756054649047,1.0576829407024073,1.2837576091051517e-07
139,0.2710708613824214,0.9999922701308699,0.9999926446140454,0.42744756054649047,1.057690029929256,6.509436922819134e-08
140,0.27107289253458383,0.9999999238803419,1.0,0.42744756054649047,1.0576820395523872,2.359778616956021e-08
140,0.27107292238346253,1.0,1.0,0.42744756054649047,1.057681956190806,3.310384255605925e-08
140,0.2710545365661519,0.9999850810898413,0.9997799175528277,0.42744756054649047,1.0577536668543446,4.688360810689574e-10
140,0.27106933478343176,0.9999866301509939,0.9999872890949864,0.42744756054649047,1.0576959214969601,3.6705274375492536e-09
140,0.27106813486336756,0.9999821461268809,0.9999830015060267,0.42744756054649047,1.057700607103589,3.5714129431596575e-09
140,0.27107102533362243,0.999992927180685,0.9999933100499928,0.42744756054649047,1.0576893326836783,7.568728976892203e-09
140,0.2710727273788336,0.9999992927180685,0.9999993310049993,0.42744756054649047,1.0576826938354604,9.87198900403996e-09
140,0.2710546656440895,0.9999801907602378,0.9997958379430384,0.42744756054649047,1.0577531655471808,2.8706228505370746e-09
140,0.27107292731397503,0.9999999839302943,1.0,0.42744756054649047,1.0576819688076065,6.495869087075334e-08
140,0.271072900911898,1.0,1.0,0.42744756054649047,1.0576820068654802,5.067467423458538e-08
140,0.2710728677519352,0.9999998532135017,0.99999993979045,0.42744756054649047,1.0576821362502327,4.8402736485542164e-08
140,0.27107294086240163,1.0,1.0,0.42744756054649047,1.057681956190806,1.052056159966952e-07
140,0.27105323091182393,0.9999621998519296,0.9998271207767604,0.42744756054649047,1.0577587621258249,5.763785004830879e-10
140,0.2710594688749457,0.9999913582255748,0.9998324197414798,0.42744756054649047,1.0577344232251986,4.157309163588252e-09
140,0.2710678180579406,0.9999809628242718,0.9999818702354806,0.42744756054649047,1.0577018445250461,4.825137400743529e-09
140,0.27106812218733867,0.9999820970508129,0.9999829540073818,0.42744756054649047,1.0577006585823485,5.5886451022502115e-09
140,0.27107083560986556,0.9999922359684591,0.9999926410549921,0.42744756054649047,1.0576900653966959,7.675064361833961e-09
140,0.2710710378875393,0.9999929963019075,0.9999933769494929,0.42744756054649047,1.057689276130949,1.5951011178572116e-08
140,0.2710727103665827,0.9999991938249918,0.9999992606267251,0.42744756054649047,1.057682790661249,4.031867550935431e-08
140,0.2710726722115787,0.9999990984011198,0.9999992166068542,0.42744756054649047,1.0576828992173717,2.1638155045522467e-08
140,0.27108444426822276,0.9999947126309635,1.0,0.42744756054649047,1.0576861074822492,4.913898210734402e-05
140,0.2710894911805998,1.0,1.0,0.42744756054649047,1.057681956190806,6.467787143704662e-05
140,0.2710727922222264,0.999999431953954,0.9997799175528277,0.42744756054649047,1.0577423993928476,5.996843792410722e-05
140,0.2710873474145066,1.0,1.0,0.42744756054649047,1.057681956190806,5.6314205356455815e-05
140,0.2710745692614188,1.0,1.0,0.42744756054649047,1.057681956190806,6.458911479878537e-06
140,0.2710609690408527,1.0,0.9998182425856124,0.42744756054649047,1.0577315036230002,2.9385041833140946e-06
140,0.2710727273788336,0.9999866414885494,0.9998019257975449,0.42744756054649047,1.0577464407947854,6.375683131398802e-05
140,0.271071045427122,0.9999930648095998,0.9999933769494929,0.42744756054649047,1.0576892467123302,4.032055334057816e-08
140,0.2710532863781025,0.9999589070474216,0.9998377187490771,0.42744756054649047,1.0577585450977565,8.696150644027512e-08
140,0.27107122189967037,1.0,0.9999940392545436,0.42744756054649047,1.05768855813641,4.977320208210401e-06
140,0.2710547091391255,0.9999802592679301,0.9997958379430384,0.42744756054649047,1.057753111757642,1.1881438943817102e-07
140,0.2710581986628829,0.9999885372215975,0.999822275103741,0.42744756054649047,1.057739404023971,2.8282496122855605e-08
140,0.27106077861454775,0.9999982401700213,0.9998315527933105,0.42744756054649047,1.0577293081969656,5.187742613266266e-08
140,0.27106511850200643,0.9999708756256995,0.9999722192467008,0.42744756054649047,1.0577123951851202,2.1760757418221033e-08
140,0.2710770124242806,1.0,1.0,0.42744756054649047,1.057681956190806,1.5991529026981866e-05
140,0.27107253486241667,0.9999820970508129,0.9999986585312244,0.42744756054649047,1.057696378197368,1.294306491561592e-05
140,0.271071212879669,0.9999936177793807,0.9999939121454935,0.42744756054649047,1.057688626362269,3.3030855828286576e-08
140,0.2710715716396721,0.9999929963019075,0.9999951832359948,0.42744756054649047,1.0576887678665143,1.5743733774442603e-06
140,0.27107395908841897,1.0,1.0,0.42744756054649047,1.057681956190806,4.0781404504475205e-06
140,0.27103851028800807,0.9999573642848611,0.9996302869973684,0.42744756054649047,1.0578162356253886,2.515939279135182e-08
141,0.27107289253458383,0.9999999238803419,1.0,0.42744756054649047,1.0576820395523872,2.359778616956021e-08
141,0.27107292238346253,1.0,1.0,0.42744756054649047,1.057681956190806,3.310384255605925e-08
141,0.2710545365661519,0.9999850810898413,0.9997799175528277,0.42744756054649047,1.0577536668543446,4.688360810689574e-10
141,0.27106933478343176,0.9999866301509939,0.9999872890949864,0.42744756054649047,1.0576959214969601,3.6705274375492536e-09
141,0.27106813486336756,0.9999821461268809,0.9999830015060267,0.42744756054649047,1.057700607103589,3.5714129431596575e-09
141,0.27107102533362243,0.999992927180685,0.9999933100499928,0.42744756054649047,1.0576893326836783,7.568728976892203e-09
141,0.2710727273788336,0.9999992927180685,0.9999993310049993,0.42744756054649047,1.0576826938354604,9.87198900403996e-09
141,0.2710546656440895,0.9999801907602378,0.9997958379430384,0.42744756054649047,1.0577531655471808,2.8706228505370746e-09
141,0.27107292731397503,0.9999999839302943,1.0,0.42744756054649047,1.0576819688076065,6.495869087075334e-08
141,0.271072900911898,1.0,1.0,0.42744756054649047,1.0576820068654802,5.067467423458538e-08
141,0.2710728677519352,0.9999998532135017,0.99999993979045,0.42744756054649047,1.0576821362502327,4.8402736485542164e-08
141,0.27107294086240163,1.0,1.0,0.42744756054649047,1.057681956190806,1.052056159966952e-07
141,0.27105323091182393,0.9999621998519296,0.9998271207767604,0.42744756054649047,1.0577587621258249,5.763785004830879e-10
141,0.2710594688749457,0.9999913582255748,0.9998324197414798,0.42744756054649047,1.0577344232251986,4.157309163588252e-09
141,0.2710678180579406,0.9999809628242718,0.9999818702354806,0.42744756054649047,1.0577018445250461,4.825137400743529e-09
141,0.27106812218733867,0.9999820970508129,0.9999829540073818,0.42744756054649047,1.0577006585823485,5.5886451022502115e-09
141,0.27107083560986556,0.9999922359684591,0.9999926410549921,0.42744756054649047,1.0576900653966959,7.675064361833961e-09
141,0.2710710378875393,0.9999929963019075,0.9999933769494929,0.42744756054649047,1.057689276130949,1.5951011178572116e-08
141,0.2710727103665827,0.9999991938249918,0.9999992606267251,0.42744756054649047,1.057682790661249,4.031867550935431e-08
141,0.2710726722115787,0.9999990984011198,0.9999992166068542,0.42744756054649047,1.0576828992173717,2.1638155045522467e-08
141,0.27105441590997736,0.9999630553452769,0.9998416203279213,0.42744756054649047,1.0577541372301178,2.503330875924803e-11
141,0.27107713417301144,0.9999783392621693,1.0,0.42744756054649047,1.0576989630438012,3.347341097947876e-05
141,0.27108685058948423,1.0,1.0,0.42744756054649047,1.057681956190806,5.4375878653534215e-05
141,0.2710678333689664,0.9999810518280409,0.9999819335759274,0.42744756054649047,1.05770177995656,2.2577872460516346e-08
141,0.27105946998617064,0.9999821461268809,0.999826910570101,0.42744756054649047,1.0577431581571832,8.743425541135608e-06
141,0.27108727813778316,1.0,1.0,0.42744756054649047,1.057681956190806,5.6043927683102623e-05
141,0.27106248030515484,0.9999984038563959,0.9999993310049993,0.42744756054649047,1.0577226679270915,3.927621848842655e-05
141,0.27106823418663617,0.9999825330200354,0.9999833633654226,0.42744756054649047,1.057700215975585,1.127293902669635e-08
141,0.27106815017439334,0.9999822351306499,1.0,0.42744756054649047,1.057700543788967,4.639627098512733e-06
141,0.2710723879685642,1.0,1.0,0.42744756054649047,1.0576840082900325,2.0520992265460336e-06
141,0.2710564746869816,0.999982171684214,0.9998162541487345,0.42744756054649047,1.0577461031852262,5.96242601957897e-08
141,0.2710727496832174,1.0,0.9999993851935943,0.42744756054649047,1.0576825969353194,4.7317742501995497e-07
141,0.27105301270254767,0.9999740145708432,0.9997899199463625,0.42744756054649047,1.057759628510636,1.5420117849274106e-08
141,0.2710729466383831,0.9999999839302943,1.0,0.42744756054649047,1.0576819688076065,1.4035934170486541e-07
141,0.27107533461485805,1.0,1.0,0.42744756054649047,1.057681956190806,9.44514989065226e-06
141,0.27106812218733867,0.9999936489253515,0.9999939790449935,0.42744756054649047,1.0577006529937034,1.2069319209606633e-05
141,0.27106083848071794,0.9999922063333117,0.9998491777673318,0.42744756054649047,1.057729188444388,1.1385624199000688e-07
141,0.2710769923880902,1.0,1.0,0.42744756054649047,1.057681956190806,1.5913353463625768e-05
141,0.2710727103665827,0.9999840356712535,0.9999847374142545,0.42744756054649047,1.057698650375073,1.5900032499516215e-05
141,0.2710726722115787,0.9999621313442373,0.9998271207767604,0.42744756054649047,1.0577588159173064,7.591669993467498e-05
142,0.27107289253458383,0.9999999238803419,1.0,0.42744756054649047,1.0576820395523872,2.359778616956021e-08
142,0.27107292238346253,1.0,1.0,0.42744756054649047,1.057681956190806,3.310384255605925e-08
142,0.2710545365661519,0.9999850810898413,0.9997799175528277,0.42744756054649047,1.0577536668543446,4.688360810689574e-10
142,0.27106933478343176,0.9999866301509939,0.9999872890949864,0.42744756054649047,1.0576959214969601,3.6705274375492536e-09
142,0.27106813486336756,0.9999821461268809,0.9999830015060267,0.42744756054649047,1.057700607103589,3.5714129431596575e-09
142,0.27107102533362243,0.999992927180685,0.9999933100499928,0.42744756054649047,1.0576893326836783,7.568728976892203e-09
142,0.2710727273788336,0.9999992927180685,0.9999993310049993,0.42744756054649047,1.0576826938354604,9.87198900403996e-09
142,0.2710546656440895,0.9999801907602378,0.9997958379430384,0.42744756054649047,1.0577531655471808,2.8706228505370746e-09
142,0.27105441590997736,0.9999630553452769,0.9998416203279213,0.42744756054649047,1.0577541372301178,2.503330875924803e-11
142,0.27107294086240163,1.0,1.0,0.42744756054649047,1.057681956190806,1.052056159966952e-07
142,0.27105323091182393,0.9999621998519296,0.9998271207767604,0.42744756054649047,1.0577587621258249,5.763785004830879e-10
142,0.2710594688749457,0.9999913582255748,0.9998324197414798,0.42744756054649047,1.0577344232251986,4.157309163588252e-09
142,0.27107292731397503,0.9999999839302943,1.0,0.42744756054649047,1.0576819688076065,6.495869087075334e-08
142,0.2710678180579406,0.9999809628242718,0.9999818702354806,0.42744756054649047,1.0577018445250461,4.825137400743529e-09
142,0.2710726722115787,0.9999990984011198,0.9999992166068542,0.42744756054649047,1.0576828992173717,2.1638155045522467e-08
142,0.2710727103665827,0.9999991938249918,0.9999992606267251,0.42744756054649047,1.057682790661249,4.031867550935431e-08
142,0.27107083560986556,0.9999922359684591,0.9999926410549921,0.42744756054649047,1.0576900653966959,7.675064361833961e-09
142,0.2710710378875393,0.9999929963019075,0.9999933769494929,0.42744756054649047,1.057689276130949,1.5951011178572116e-08
142,0.27106812218733867,0.9999820970508129,0.9999829540073818,0.42744756054649047,1.0577006585823485,5.5886451022502115e-09
142,0.271072900911898,1.0,1.0,0.42744756054649047,1.0576820068654802,5.067467423458538e-08
142,0.2710585605823228,0.999978531445807,0.999856359625777,0.42744756054649047,1.0577379673068286,3.8669620838760466e-09
142,0.27107292945397565,0.9999999558315388,0.9999999572512196,0.42744756054649047,1.057682002520055,1.0702106911786302e-07
142,0.2710545365661519,0.9999701963885211,0.9999918404650888,0.42744756054649047,1.0577536663855085,4.608588293741889e-05
142,0.27106808521283815,0.999981971241627,0.9999828985476962,0.42744756054649047,1.057700797267247,2.4788655128560322e-08
142,0.2710728887183141,0.9999999855372649,0.9999830015060267,0.42744756054649047,1.0576866006056718,4.5461628246368235e-06
142,0.27107102533362243,0.9999879504526586,0.9999884932859877,0.42744756054649047,1.057694552979132,5.2278641826664085e-06
142,0.2710828585839472,0.9999936089052833,1.0,0.42744756054649047,1.0576869740599788,4.3818970567599536e-05
142,0.2710513530469958,0.9999484381925284,0.9998399939665572,0.42744756054649047,1.057766089784282,3.179541119280316e-08
142,0.27108297054103836,1.0,0.9998416203279213,0.42744756054649047,1.0577251297945258,8.241151105070621e-05
142,0.27106633325245066,0.9999701073847521,0.999991777124642,0.42744756054649047,1.057707667650105,3.4233677892459013e-08
142,0.27107283227184453,0.999980176829892,1.0,0.42744756054649047,1.057697520255292,1.5245567512423008e-05
142,0.27105498842331366,0.9999652725848052,0.9998437397040836,0.42744756054649047,1.0577519030769986,8.463982115181068e-08
142,0.2710520959091949,0.9999543802458327,0.9998333234519226,0.42744756054649047,1.0577632109131305,2.010824240450404e-08
142,0.27108630305986126,1.0,1.0,0.42744756054649047,1.057681956190806,5.2239723408620264e-05
142,0.2710532408210822,0.9999424622311563,0.9998841032294608,0.42744756054649047,1.0577587249996558,2.120120523585456e-09
142,0.2710877324253073,1.0,1.0,0.42744756054649047,1.057681956190806,5.781629211698558e-05
142,0.27107203373593125,1.0,0.9999348037999121,0.42744756054649047,1.0576997267327193,1.4336278010729231e-05
142,0.27107082097933227,0.9999921792804253,0.9999925935563471,0.42744756054649047,1.0576901224835102,7.307673799417103e-09
142,0.2710525211826949,0.99995606771689,0.9998349972774142,0.42744756054649047,1.0577615312052995,1.016507293893909e-07
142,0.2710893530549037,1.0,1.0,0.42744756054649047,1.057681956190806,6.413899331247919e-05
143,0.27107289253458383,0.9999999238803419,1.0,0.42744756054649047,1.0576820395523872,2.359778616956021e-08
143,0.27107292238346253,1.0,1.0,0.42744756054649047,1.057681956190806,3.310384255605925e-08
143,0.2710545365661519,0.9999850810898413,0.9997799175528277,0.42744756054649047,1.0577536668543446,4.688360810689574e-10
143,0.27106933478343176,0.9999866301509939,0.9999872890949864,0.42744756054649047,1.0576959214969601,3.6705274375492536e-09
143,0.27106813486336756,0.9999821461268809,0.9999830015060267,0.42744756054649047,1.057700607103589,3.5714129431596575e-09
143,0.27107102533362243,0.999992927180685,0.9999933100499928,0.42744756054649047,1.0576893326836783,7.568728976892203e-09
143,0.2710727273788336,0.9999992927180685,0.9999993310049993,0.42744756054649047,1.0576826938354604,9.87198900403996e-09
143,0.2710546656440895,0.9999801907602378,0.9997958379430384,0.42744756054649047,1.0577531655471808,2.8706228505370746e-09
143,0.27105441590997736,0.9999630553452769,0.9998416203279213,0.42744756054649047,1.0577541372301178,2.503330875924803e-11
143,0.27107082097933227,0.9999921792804253,0.9999925935563471,0.42744756054649047,1.0576901224835102,7.307673799417103e-09
143,0.27107294086240163,1.0,1.0,0.42744756054649047,1.057681956190806,1.052056159966952e-07
143,0.27105323091182393,0.9999621998519296,0.9998271207767604,0.42744756054649047,1.0577587621258249,5.763785004830879e-10
143,0.27107292731397503,0.9999999839302943,1.0,0.42744756054649047,1.0576819688076065,6.495869087075334e-08
143,0.2710594688749457,0.9999913582255748,0.9998324197414798,0.42744756054649047,1.0577344232251986,4.157309163588252e-09
143,0.2710678180579406,0.9999809628242718,0.9999818702354806,0.42744756054649047,1.0577018445250461,4.825137400743529e-09
143,0.2710585605823228,0.999978531445807,0.999856359625777,0.42744756054649047,1.0577379673068286,3.8669620838760466e-09
143,0.2710726722115787,0.9999990984011198,0.9999992166068542,0.42744756054649047,1.0576828992173717,2.1638155045522467e-08
143,0.2710532408210822,0.9999424622311563,0.9998841032294608,0.42744756054649047,1.0577587249996558,2.120120523585456e-09
143,0.2710727103665827,0.9999991938249918,0.9999992606267251,0.42744756054649047,1.057682790661249,4.031867550935431e-08
143,0.27107083560986556,0.9999922359684591,0.9999926410549921,0.42744756054649047,1.0576900653966959,7.675064361833961e-09
143,0.2710709842626329,1.0,0.9999636634040932,0.42744756054649047,1.0576918601785192,2.374809062510863e-06
143,0.27107186081563694,0.9999992139862818,0.9999869504039551,0.42744756054649047,1.0576861300595044,6.4893419526868e-08
143,0.27107210245212887,1.0,0.9999459274214066,0.42744756054649047,1.0576966946009234,1.1572267195836261e-05
143,0.271063536153846,0.9999649628461569,0.9999665715909046,0.42744756054649047,1.0577185771573172,2.927937070573705e-08
143,0.27107237607741286,0.9999979724164036,0.9999981268139979,0.42744756054649047,1.0576840586521317,3.964599315509076e-09
143,0.2710704750302156,0.9999908940421519,0.9999913671547117,0.42744756054649047,1.057691472342665,1.3807126109099954e-08
143,0.27105022656617506,0.9999745413380776,0.9999993310049993,0.42744756054649047,1.0577704858448338,6.835846187835948e-05
143,0.27106478003310475,0.9999696555176737,0.9999710958569157,0.42744756054649047,1.057713694151991,3.476709387051358e-08
143,0.271043213313676,0.9999741664635272,0.9996492759857151,0.42744756054649047,1.0577978636099745,7.917413391567152e-09
143,0.27106506808428993,0.9999628947095602,0.9999945498399584,0.42744756054649047,1.0577125751930547,5.0356980807464424e-09
143,0.27107294086240163,1.0,1.0,0.42744756054649047,1.057681956190806,1.052056159966952e-07
143,0.2710663015282764,0.9999621998519296,0.9999765147164216,0.42744756054649047,1.0577180364462995,1.0279241334343325e-05
143,0.2710536080640838,0.9999616569575294,0.9998340725544239,0.42744756054649047,1.0577572930346346,3.2829949869750408e-09
143,0.2710685793290371,0.9999838698572697,0.999984701355424,0.42744756054649047,1.0576988692418854,7.884895869558761e-08
143,0.2710856404250697,1.0,1.0,0.42744756054649047,1.057681956190806,4.965448044602638e-05
143,0.27106641910381635,0.9999757440330019,0.9999769378022397,0.42744756054649047,1.0577072984223514,1.1890756379528966e-08
143,0.27105641909985045,0.999992054255493,0.9997865406033348,0.42744756054649047,1.0577463859795653,6.587613698982864e-08
143,0.2710829437675307,1.0,1.0,0.42744756054649047,1.057681956190806,3.913344924533213e-05
143,0.2710800565254347,0.9999783213576074,1.0,0.42744756054649047,1.0576989771018104,4.4889529821956486e-05
143,0.27105947331240693,0.9999913437628397,0.9998324197414798,0.42744756054649047,1.0577344345805153,3.282858762609919e-08
144,0.27107289253458383,0.9999999238803419,1.0,0.42744756054649047,1.0576820395523872,2.359778616956021e-08
144,0.27107292238346253,1.0,1.0,0.42744756054649047,1.057681956190806,3.310384255605925e-08
144,0.2710545365661519,0.9999850810898413,0.9997799175528277,0.42744756054649047,1.0577536668543446,4.688360810689574e-10
144,0.27106933478343176,0.9999866301509939,0.9999872890949864,0.42744756054649047,1.0576959214969601,3.6705274375492536e-09
144,0.27106813486336756,0.9999821461268809,0.9999830015060267,0.42744756054649047,1.057700607103589,3.5714129431596575e-09
144,0.2710727273788336,0.9999992927180685,0.9999993310049993,0.42744756054649047,1.0576826938354604,9.87198900403996e-09
144,0.2710546656440895,0.9999801907602378,0.9997958379430384,0.42744756054649047,1.0577531655471808,2.8706228505370746e-09
144,0.27105441590997736,0.9999630553452769,0.9998416203279213,0.42744756054649047,1.0577541372301178,2.503330875924803e-11
144,0.27107237607741286,0.9999979724164036,0.9999981268139979,0.42744756054649047,1.0576840586521317,3.964599315509076e-09
144,0.27107294086240163,1.0,1.0,0.42744756054649047,1.057681956190806,1.052056159966952e-07
144,0.27107294086240163,1.0,1.0,0.42744756054649047,1.057681956190806,1.052056159966952e-07
144,0.27105323091182393,0.9999621998519296,0.9998271207767604,0.42744756054649047,1.0577587621258249,5.763785004830879e-10
144,0.27107292731397503,0.9999999839302943,1.0,0.42744756054649047,1.0576819688076065,6.495869087075334e-08
144,0.2710678180579406,0.9999809628242718,0.9999818702354806,0.42744756054649047,1.0577018445250461,4.825137400743529e-09
144,0.2710594688749457,0.9999913582255748,0.9998324197414798,0.42744756054649047,1.0577344232251986,4.157309163588252e-09
144,0.2710727103665827,0.9999991938249918,0.9999992606267251,0.42744756054649047,1.057682790661249,4.031867550935431e-08
144,0.2710726722115787,0.9999990984011198,0.9999992166068542,0.42744756054649047,1.0576828992173717,2.1638155045522467e-08
144,0.2710585605823228,0.999978531445807,0.999856359625777,0.42744756054649047,1.0577379673068286,3.8669620838760466e-09
144,0.2710536080640838,0.9999616569575294,0.9998340725544239,0.42744756054649047,1.0577572930346346,3.2829949869750408e-09
144,0.27107102533362243,0.999992927180685,0.9999933100499928,0.42744756054649047,1.0576893326836783,7.568728976892203e-09
144,0.27108157325092586,0.9999839886843295,1.0,0.42744756054649047,1.0576945273486134,4.635744520831153e-05
144,0.2710585170872868,0.9999784629381147,0.999856359625777,0.42744756054649047,1.0577381331683484,1.1207179517747079e-07
144,0.27108236899257676,1.0,1.0,0.42744756054649047,1.057681956190806,3.689093305081492e-05
144,0.2710557487901526,0.9999866301509939,0.9998513307349289,0.42744756054649047,1.0577489358664836,1.5956276463668928e-05
144,0.2710566717527053,0.9999827921682467,0.9998168562442352,0.42744756054649047,1.0577453922207476,5.8046294215685634e-08
144,0.27106372061662215,0.9999603876147132,0.9999825200267388,0.42744756054649047,1.0577178280852033,5.516848755604542e-09
144,0.2710592614287087,0.9999906326680674,0.9998317543055324,0.42744756054649047,1.0577352285699262,5.425074034448585e-08
144,0.2710548455857168,0.9999630553452769,0.9997964400385391,0.42744756054649047,1.0577664556612865,1.399518145284162e-05
144,0.271049500706713,0.9999482713614525,0.9998138554086903,0.42744756054649047,1.0577733185108633,2.930101050679923e-09
144,0.2710764349108809,0.9999842160372383,1.0,0.42744756054649047,1.0576943488414583,2.6130880660835132e-05
144,0.2710727538616187,0.9999992623326841,0.9999992606267251,0.42744756054649047,1.0576827368737545,1.562418896483564e-07
144,0.27108582259307085,1.0,1.0,0.42744756054649047,1.057681956190806,5.0365202828306366e-05
144,0.27107340084107373,1.0,1.0,0.42744756054649047,1.057681956190806,1.899963382845371e-06
144,0.2710716768651724,0.9999953831681951,0.9999956649123954,0.42744756054649047,1.0576867829166243,2.0354339991257575e-08
144,0.2710563386351692,0.9999864033595873,0.9998017885197706,0.42744756054649047,1.0577466651921257,3.109043200666406e-08
144,0.2710556315793887,0.9999675960574237,0.9998459554155259,0.42744756054649047,1.0577493932617408,3.258958658491906e-09
144,0.27105379887927566,0.9999623825150368,0.9998347379903714,0.42744756054649047,1.0577565451165882,3.2081142187223577e-09
144,0.2710539089243367,0.999978531445807,0.9998350929858784,0.42744756054649047,1.0577561156784607,1.2350308220332451e-05
144,0.27106810518259983,0.9999820334506567,0.9999828998187867,0.42744756054649047,1.0577007232882376,3.942488557839852e-09
144,0.27107102533362243,1.0,1.0,0.42744756054649047,1.0576893251149493,7.3689241433250174e-06
145,0.27107289253458383,0.9999999238803419,1.0,0.42744756054649047,1.0576820395523872,2.359778616956021e-08
145,0.27107292238346253,1.0,1.0,0.42744756054649047,1.057681956190806,3.310384255605925e-08
145,0.2710545365661519,0.9999850810898413,0.9997799175528277,0.42744756054649047,1.0577536668543446,4.688360810689574e-10
145,0.27106933478343176,0.9999866301509939,0.9999872890949864,0.42744756054649047,1.0576959214969601,3.6705274375492536e-09
145,0.27106813486336756,0.9999821461268809,0.9999830015060267,0.42744756054649047,1.057700607103589,3.5714129431596575e-09
145,0.2710727273788336,0.9999992927180685,0.9999993310049993,0.42744756054649047,1.0576826938354604,9.87198900403996e-09
145,0.2710546656440895,0.9999801907602378,0.9997958379430384,0.42744756054649047,1.0577531655471808,2.8706228505370746e-09
145,0.27105441590997736,0.9999630553452769,0.9998416203279213,0.42744756054649047,1.0577541372301178,2.503330875924803e-11
145,0.27107237607741286,0.9999979724164036,0.9999981268139979,0.42744756054649047,1.0576840586521317,3.964599315509076e-09
145,0.2710556315793887,0.9999675960574237,0.9998459554155259,0.42744756054649047,1.0577493932617408,3.258958658491906e-09
145,0.27107294086240163,1.0,1.0,0.42744756054649047,1.057681956190806,1.052056159966952e-07
145,0.27107294086240163,1.0,1.0,0.42744756054649047,1.057681956190806,1.052056159966952e-07
145,0.27105323091182393,0.9999621998519296,0.9998271207767604,0.42744756054649047,1.0577587621258249,5.763785004830879e-10
145,0.2710585605823228,0.999978531445807,0.999856359625777,0.42744756054649047,1.0577379673068286,3.8669620838760466e-09
145,0.27106810518259983,0.9999820334506567,0.9999828998187867,0.42744756054649047,1.0577007232882376,3.942488557839852e-09
145,0.27107292731397503,0.9999999839302943,1.0,0.42744756054649047,1.0576819688076065,6.495869087075334e-08
145,0.2710727103665827,0.9999991938249918,0.9999992606267251,0.42744756054649047,1.057682790661249,4.031867550935431e-08
145,0.27107102533362243,0.999992927180685,0.9999933100499928,0.42744756054649047,1.0576893326836783,7.568728976892203e-09
145,0.27105379887927566,0.9999623825150368,0.9998347379903714,0.42744756054649047,1.0577565451165882,3.2081142187223577e-09
145,0.2710726722115787,0.9999990984011198,0.9999992166068542,0.42744756054649047,1.0576828992173717,2.1638155045522467e-08
145,0.2710724265185807,0.9999981934503392,0.9999983105735448,0.42744756054649047,1.0576838578736425,2.28467342822114e-08
145,0.2710793234587695,0.999994989612047,1.0,0.42744756054649047,1.0576858900139856,2.894227936245386e-05
145,0.2710371264220938,0.999929132325786,0.9997799175528277,0.42744756054649047,1.0578216114817576,2.4013832730540585e-05
145,0.27107103752720635,0.9999929416434201,0.9999933100499928,0.42744756054649047,1.0576893213283975,4.379146911759335e-08
145,0.27107576370244435,1.0,1.0,0.42744756054649047,1.057681956190806,1.111934656905511e-05
145,0.2710727273788336,1.0,0.999908528453681,0.42744756054649047,1.0577068892645127,2.4205301041302363e-05
145,0.27106287378786953,0.9999945854688791,0.999871658270353,0.42744756054649047,1.0577211916634035,5.915715139970246e-08
145,0.2710551739505794,0.9999820155854745,0.9997975238104403,0.42744756054649047,1.0577512730947018,9.400985145902041e-08
145,0.27106948647309365,0.9999979724164036,1.0,0.42744756054649047,1.057695329613535,1.1781503773011792e-05
145,0.27108917507531455,1.0,1.0,0.42744756054649047,1.057681956190806,6.344462997653899e-05
145,0.27108994272203885,1.0,1.0,0.42744756054649047,1.057681956190806,6.64394935072643e-05
145,0.2710445782685823,0.9999567085734455,0.9997190636316236,0.42744756054649047,1.0577925384487972,9.726348837446608e-09
145,0.2710691354482467,0.9999907346243633,0.9999726730625669,0.42744756054649047,1.0576966992911976,2.028611589821594e-08
145,0.27105698772538056,0.9999694484475503,0.9998600460346916,0.42744756054649047,1.0577441011546942,7.171590876708933e-09
145,0.2710727302482513,0.9999993634462617,0.9999828998187867,0.42744756054649047,1.0576871167440483,4.443976588497378e-06
145,0.2710540654000249,0.9999633959012812,0.9998357188039421,0.42744756054649047,1.057755505050779,2.6252060747467e-08
145,0.27105414938922806,0.9999620419590324,0.9998406395143506,0.42744756054649047,1.0577552003122257,2.3018988271061858e-08
145,0.2710674709451789,0.999992927180685,1.0,0.42744756054649047,1.0577031941295052,1.5684820215744466e-05
145,0.2710741024028702,1.0,0.9999575170984606,0.42744756054649047,1.0576935355011552,1.6216635623234055e-05
145,0.27106576280904193,0.999998074743751,0.9999031675157625,0.42744756054649047,1.0577098622548118,2.9492155384502894e-09
146,0.27107289253458383,0.9999999238803419,1.0,0.42744756054649047,1.0576820395523872,2.359778616956021e-08
146,0.27107292238346253,1.0,1.0,0.42744756054649047,1.057681956190806,3.310384255605925e-08
146,0.2710545365661519,0.9999850810898413,0.9997799175528277,0.42744756054649047,1.0577536668543446,4.688360810689574e-10
146,0.27106933478343176,0.9999866301509939,0.9999872890949864,0.42744756054649047,1.0576959214969601,3.6705274375492536e-09
146,0.27106813486336756,0.9999821461268809,0.9999830015060267,0.42744756054649047,1.057700607103589,3.5714129431596575e-09
146,0.2710727273788336,0.9999992927180685,0.9999993310049993,0.42744756054649047,1.0576826938354604,9.87198900403996e-09
146,0.2710546656440895,0.9999801907602378,0.9997958379430384,0.42744756054649047,1.0577531655471808,2.8706228505370746e-09
146,0.27105441590997736,0.9999630553452769,0.9998416203279213,0.42744756054649047,1.0577541372301178,2.503330875924803e-11
146,0.27107237607741286,0.9999979724164036,0.9999981268139979,0.42744756054649047,1.0576840586521317,3.964599315509076e-09
146,0.27106576280904193,0.999998074743751,0.9999031675157625,0.42744756054649047,1.0577098622548118,2.9492155384502894e-09
146,0.27107294086240163,1.0,1.0,0.42744756054649047,1.057681956190806,1.052056159966952e-07
146,0.27107294086240163,1.0,1.0,0.42744756054649047,1.057681956190806,1.052056159966952e-07
146,0.27105323091182393,0.9999621998519296,0.9998271207767604,0.42744756054649047,1.0577587621258249,5.763785004830879e-10
146,0.27106810518259983,0.9999820334506567,0.9999828998187867,0.42744756054649047,1.0577007232882376,3.942488557839852e-09
146,0.2710585605823228,0.999978531445807,0.999856359625777,0.42744756054649047,1.0577379673068286,3.8669620838760466e-09
146,0.27107292731397503,0.9999999839302943,1.0,0.42744756054649047,1.0576819688076065,6.495869087075334e-08
146,0.2710727103665827,0.9999991938249918,0.9999992606267251,0.42744756054649047,1.057682790661249,4.031867550935431e-08
146,0.27107102533362243,0.999992927180685,0.9999933100499928,0.42744756054649047,1.0576893326836783,7.568728976892203e-09
146,0.2710726722115787,0.9999990984011198,0.9999992166068542,0.42744756054649047,1.0576828992173717,2.1638155045522467e-08
146,0.2710556315793887,0.9999675960574237,0.9998459554155259,0.42744756054649047,1.0577493932617408,3.258958658491906e-09
146,0.2710754645434166,1.0,1.0,0.42744756054649047,1.057681956190806,9.952100471721792e-06
146,0.2710828585839472,0.9999936089052833,1.0,0.42744756054649047,1.0576869740599788,4.3818970567599536e-05
146,0.2710600152413759,0.9999850810898413,0.9998707236631993,0.42744756054649047,1.057732287028695,3.3782499466727955e-06
146,0.27107233258237684,0.9999979039087113,0.9999981268139979,0.42744756054649047,1.0576842243987141,1.1195894944471263e-07
146,0.27107293457704645,1.0,1.0,0.42744756054649047,1.057681956190806,8.068119750070935e-08
146,0.2710728973673656,0.9999999314923077,1.0,0.42744756054649047,1.0576820206956645,1.0717443599261856e-08
146,0.2710558611715454,0.9999683930336808,0.9998466604693571,0.42744756054649047,1.0577485720099202,7.469251528391396e-08
146,0.27106879619681706,0.9999845556630984,0.9999852752728555,0.42744756054649047,1.0576980955022346,7.246916400305281e-08
146,0.2710388541863109,0.9999338917969581,0.9997029802018946,0.42744756054649047,1.0578148682923831,2.76463252291137e-08
146,0.2710366836762444,0.9999487728327867,0.9996290465743053,0.42744756054649047,1.0578233394623389,1.9470276724220525e-08
146,0.27107294086240163,0.999966673691091,0.9998574582951292,0.42744756054649047,1.057746978159481,6.512717429107973e-05
146,0.27106622859460017,0.9999973656704957,0.9999120673710404,0.42744756054649047,1.0577080417941416,4.894795413434849e-08
146,0.2710671196706867,0.9999977699798326,0.9999234657423584,0.42744756054649047,1.057704568244542,3.442889306981556e-09
146,0.2710731590553331,1.0,1.0,0.42744756054649047,1.057681956190806,9.565577143710868e-07
146,0.2710557597465597,0.999978531445807,0.9997997395218825,0.42744756054649047,1.0577534045626777,4.511451706656899e-06
146,0.2710839251671597,1.0,1.0,0.42744756054649047,1.057681956190806,4.296241206325213e-05
146,0.27105303015615934,0.999957893109,0.9998366777259564,0.42744756054649047,1.0577595449793982,6.878130953680284e-09
146,0.2710724265185807,0.9999981934503392,0.9999983105735448,0.42744756054649047,1.0576838578736425,2.28467342822114e-08
146,0.2710759558376556,1.0,1.0,0.42744756054649047,1.057681956190806,1.1869010287046677e-05
146,0.27108939983601543,0.9999675960574237,1.0,0.42744756054649047,1.0577073983069896,8.976361953560996e-05
147,0.27107292238346253,1.0,1.0,0.42744756054649047,1.057681956190806,3.310384255605925e-08
147,0.2710545365661519,0.9999850810898413,0.9997799175528277,0.42744756054649047,1.0577536668543446,4.688360810689574e-10
147,0.27106933478343176,0.9999866301509939,0.9999872890949864,0.42744756054649047,1.0576959214969601,3.6705274375492536e-09
147,0.27106813486336756,0.9999821461268809,0.9999830015060267,0.42744756054649047,1.057700607103589,3.5714129431596575e-09
147,0.2710727273788336,0.9999992927180685,0.9999993310049993,0.42744756054649047,1.0576826938354604,9.87198900403996e-09
147,0.2710546656440895,0.9999801907602378,0.9997958379430384,0.42744756054649047,1.0577531655471808,2.8706228505370746e-09
147,0.27105441590997736,0.9999630553452769,0.9998416203279213,0.42744756054649047,1.0577541372301178,2.503330875924803e-11
147,0.27107237607741286,0.9999979724164036,0.9999981268139979,0.42744756054649047,1.0576840586521317,3.964599315509076e-09
147,0.27106576280904193,0.999998074743751,0.9999031675157625,0.42744756054649047,1.0577098622548118,2.9492155384502894e-09
147,0.2710728973673656,0.9999999314923077,1.0,0.42744756054649047,1.0576820206956645,1.0717443599261856e-08
147,0.2710671196706867,0.9999977699798326,0.9999234657423584,0.42744756054649047,1.057704568244542,3.442889306981556e-09
147,0.27107292731397503,0.9999999839302943,1.0,0.42744756054649047,1.0576819688076065,6.495869087075334e-08
147,0.27107293457704645,1.0,1.0,0.42744756054649047,1.057681956190806,8.068119750070935e-08
147,0.27106810518259983,0.9999820334506567,0.9999828998187867,0.42744756054649047,1.0577007232882376,3.942488557839852e-09
147,0.27105323091182393,0.9999621998519296,0.9998271207767604,0.42744756054649047,1.0577587621258249,5.763785004830879e-10
147,0.27107102533362243,0.999992927180685,0.9999933100499928,0.42744756054649047,1.0576893326836783,7.568728976892203e-09
147,0.2710556315793887,0.9999675960574237,0.9998459554155259,0.42744756054649047,1.0577493932617408,3.258958658491906e-09
147,0.27107289253458383,0.9999999238803419,1.0,0.42744756054649047,1.0576820395523872,2.359778616956021e-08
147,0.2710726722115787,0.9999990984011198,0.9999992166068542,0.42744756054649047,1.0576828992173717,2.1638155045522467e-08
147,0.2710585605823228,0.999978531445807,0.999856359625777,0.42744756054649047,1.0577379673068286,3.8669620838760466e-09
147,0.27108445694425165,0.9999947617070315,1.0,0.42744756054649047,1.057686068950774,4.914990620363824e-05
147,0.2710545365661519,1.0,1.0,0.42744756054649047,1.0577536663855085,7.171019470253448e-05
147,0.27108023044802687,0.9999838045482579,1.0,0.42744756054649047,1.0576946719239344,4.126293311568219e-05
147,0.2710709583865494,1.0,0.99997204834764,0.42744756054649047,1.0576895863351283,1.164035046130607e-08
147,0.2710729570915337,1.0,1.0,0.42744756054649047,1.057681956190806,1.6852900519559455e-07
147,0.27107276086754634,0.9999993543749917,0.9999993310049993,0.42744756054649047,1.0576826454267247,9.21308696000267e-08
147,0.27105441590997736,0.9999844505896237,0.9999852119324087,0.42744756054649047,1.0577541372301178,5.5941964937300526e-05
147,0.2710729286688177,0.9999999855372649,1.0,0.42744756054649047,1.0576819675459264,6.898338367200552e-08
147,0.271069601304181,0.9999876435372383,0.999988269908557,0.42744756054649047,1.0576948815503668,2.6713520062671137e-08
147,0.2710888071428486,1.0,1.0,0.42744756054649047,1.057681956190806,6.200918824950108e-05
147,0.27108992289772155,1.0,1.0,0.42744756054649047,1.057681956190806,6.636215199162798e-05
147,0.27107073799086145,0.9999756709254275,1.0,0.42744756054649047,1.0577010581300879,1.0611834106333262e-05
147,0.27106979959488564,0.9999883864685383,0.9999889749623883,0.42744756054649047,1.0576941078342874,2.8477228575241043e-08
147,0.2710668436043286,0.9999659543094035,1.0,0.42744756054649047,1.0577086873774753,3.0453631238991363e-06
147,0.27105323091182393,0.9999857031808446,0.9998271207767604,0.42744756054649047,1.0577587615494464,1.8453542275809198e-05
147,0.2710598612215969,0.9999821292706962,0.9998647187749159,0.42744756054649047,1.057732888046093,2.4550993460437098e-08
147,0.27104839753127696,0.999979094583352,0.9997092908027253,0.42744756054649047,1.0577776265349386,2.853676850378406e-09
147,0.2710629398655178,0.9999838883451324,0.9999034033845483,0.42744756054649047,1.0577209363169477,6.165385491030406e-08
147,0.2710781228914825,0.9999990984011198,1.0,0.42744756054649047,1.057682664063337,2.103211327764143e-05
147,0.27105421326976914,0.9999623055632078,0.9998409152740901,0.42744756054649047,1.0577549280074137,9.857194172013806e-09
148,0.27107292238346253,1.0,1.0,0.42744756054649047,1.057681956190806,3.310384255605925e-08
148,0.2710545365661519,0.9999850810898413,0.9997799175528277,0.42744756054649047,1.0577536668543446,4.688360810689574e-10
148,0.27106933478343176,0.9999866301509939,0.9999872890949864,0.42744756054649047,1.0576959214969601,3.6705274375492536e-09
148,0.27106813486336756,0.9999821461268809,0.9999830015060267,0.42744756054649047,1.057700607103589,3.5714129431596575e-09
148,0.2710727273788336,0.9999992927180685,0.9999993310049993,0.42744756054649047,1.0576826938354604,9.87198900403996e-09
148,0.2710546656440895,0.9999801907602378,0.9997958379430384,0.42744756054649047,1.0577531655471808,2.8706228505370746e-09
148,0.27105441590997736,0.9999630553452769,0.9998416203279213,0.42744756054649047,1.0577541372301178,2.503330875924803e-11
148,0.27107237607741286,0.9999979724164036,0.9999981268139979,0.42744756054649047,1.0576840586521317,3.964599315509076e-09
148,0.27106576280904193,0.999998074743751,0.9999031675157625,0.42744756054649047,1.0577098622548118,2.9492155384502894e-09
148,0.2710728973673656,0.9999999314923077,1.0,0.42744756054649047,1.0576820206956645,1.0717443599261856e-08
148,0.2710671196706867,0.9999977699798326,0.9999234657423584,0.42744756054649047,1.057704568244542,3.442889306981556e-09
148,0.27107293457704645,1.0,1.0,0.42744756054649047,1.057681956190806,8.068119750070935e-08
148,0.27105323091182393,0.9999621998519296,0.9998271207767604,0.42744756054649047,1.0577587621258249,5.763785004830879e-10
148,0.27106810518259983,0.9999820334506567,0.9999828998187867,0.42744756054649047,1.0577007232882376,3.942488557839852e-09
148,0.2710585605823228,0.999978531445807,0.999856359625777,0.42744756054649047,1.0577379673068286,3.8669620838760466e-09
148,0.27107292731397503,0.9999999839302943,1.0,0.42744756054649047,1.0576819688076065,6.495869087075334e-08
148,0.27107289253458383,0.9999999238803419,1.0,0.42744756054649047,1.0576820395523872,2.359778616956021e-08
148,0.27107102533362243,0.999992927180685,0.9999933100499928,0.42744756054649047,1.0576893326836783,7.568728976892203e-09
148,0.2710556315793887,0.9999675960574237,0.9998459554155259,0.42744756054649047,1.0577493932617408,3.258958658491906e-09
148,0.2710726722115787,0.9999990984011198,0.9999992166068542,0.42744756054649047,1.0576828992173717,2.1638155045522467e-08
148,0.2710731413725362,1.0,1.0,0.42744756054649047,1.057681956190806,8.875624677440186e-07
148,0.271060854020887,0.9999696030755744,0.9999148362474034,0.42744756054649047,1.0577290360042668,2.2056705129003262e-08
148,0.27106000451855944,0.9999806927639614,0.9998707236631993,0.42744756054649047,1.0577323543008492,2.5429503391904973e-08
148,0.27107917543327337,1.0,1.0,0.42744756054649047,1.057681956190806,2.4430912025641405e-05
148,0.2710727273788336,0.9999838095401454,1.0,0.42744756054649047,1.0576946680045292,1.1984041057733208e-05
148,0.27106123882694033,0.9999678552300196,0.9999255557338609,0.42744756054649047,1.0577275123661196,2.607943705434934e-08
148,0.27107367470166943,1.0,1.0,0.42744756054649047,1.057681956190806,2.9685174927074343e-06
148,0.27109062219345004,1.0,1.0,0.42744756054649047,1.057681956190806,6.909033955704302e-05
148,0.2710882935399613,1.0,1.0,0.42744756054649047,1.057681956190806,6.0005425381648436e-05
148,0.2710579860957659,0.9999731153481327,0.9998634792501356,0.42744756054649047,1.0577402788358552,7.360172471493343e-08
148,0.27105808742325155,0.999992922448535,0.9998079467525514,0.42744756054649047,1.057739867660563,5.783302614581487e-08
148,0.2710527486438672,0.9999536191323005,0.9998449634755007,0.42744756054649047,1.057760643556389,8.553280306244915e-09
148,0.2710727542428244,0.9999993612257608,0.9999993310049993,0.42744756054649047,1.0576826400479769,6.090351578613706e-08
148,0.271057590745004,0.9999716318209678,0.9998620649278045,0.42744756054649047,1.0577418292439984,8.12440175135265e-08
148,0.2710585605823228,0.999978531445807,1.0,0.42744756054649047,1.0577379634398665,3.915129161979891e-05
148,0.27105598288524957,0.999980273620678,1.0,0.42744756054649047,1.0577480223509945,5.057809201103325e-05
148,0.2710685885992801,0.9999838630065004,1.0,0.42744756054649047,1.0576988330697654,4.207044606685528e-06
148,0.27105538775673776,0.9999666164204749,0.999845010794585,0.42744756054649047,1.0577504167335914,7.199376961253279e-08
148,0.27107560491744054,1.0,1.0,0.42744756054649047,1.057681956190806,1.0499806248231991e-05
148,0.27107545959004,1.0,1.0,0.42744756054649047,1.057681956190806,9.932773573861908e-06
149,0.27107292238346253,1.0,1.0,0.42744756054649047,1.057681956190806,3.310384255605925e-08
149,0.2710545365661519,0.9999850810898413,0.9997799175528277,0.42744756054649047,1.0577536668543446,4.688360810689574e-10
149,0.27106933478343176,0.9999866301509939,0.9999872890949864,0.42744756054649047,1.0576959214969601,3.6705274375492536e-09
149,0.27106813486336756,0.9999821461268809,0.9999830015060267,0.42744756054649047,1.057700607103589,3.5714129431596575e-09
149,0.2710727273788336,0.9999992927180685,0.9999993310049993,0.42744756054649047,1.0576826938354604,9.87198900403996e-09
149,0.2710546656440895,0.9999801907602378,0.9997958379430384,0.42744756054649047,1.0577531655471808,2.8706228505370746e-09
149,0.27105441590997736,0.9999630553452769,0.9998416203279213,0.42744756054649047,1.0577541372301178,2.503330875924803e-11
149,0.27107237607741286,0.9999979724164036,0.9999981268139979,0.42744756054649047,1.0576840586521317,3.964599315509076e-09
149,0.27106576280904193,0.999998074743751,0.9999031675157625,0.42744756054649047,1.0577098622548118,2.9492155384502894e-09
149,0.2710728973673656,0.9999999314923077,1.0,0.42744756054649047,1.0576820206956645,1.0717443599261856e-08
149,0.2710671196706867,0.9999977699798326,0.9999234657423584,0.42744756054649047,1.057704568244542,3.442889306981556e-09
149,0.27107293457704645,1.0,1.0,0.42744756054649047,1.057681956190806,8.068119750070935e-08
149,0.27107292731397503,0.9999999839302943,1.0,0.42744756054649047,1.0576819688076065,6.495869087075334e-08
149,0.27106810518259983,0.9999820334506567,0.9999828998187867,0.42744756054649047,1.0577007232882376,3.942488557839852e-09
149,0.27105323091182393,0.9999621998519296,0.9998271207767604,0.42744756054649047,1.0577587621258249,5.763785004830879e-10
149,0.27107102533362243,0.999992927180685,0.9999933100499928,0.42744756054649047,1.0576893326836783,7.568728976892203e-09
149,0.2710556315793887,0.9999675960574237,0.9998459554155259,0.42744756054649047,1.0577493932617408,3.258958658491906e-09
149,0.27107289253458383,0.9999999238803419,1.0,0.42744756054649047,1.0576820395523872,2.359778616956021e-08
149,0.2710726722115787,0.9999990984011198,0.9999992166068542,0.42744756054649047,1.0576828992173717,2.1638155045522467e-08
149,0.2710585605823228,0.999978531445807,0.999856359625777,0.42744756054649047,1.0577379673068286,3.8669620838760466e-09
149,0.271081702199033,1.0,1.0,0.42744756054649047,1.057681956190806,3.4289389336139564e-05
149,0.27107287113549,0.9999775133201214,1.0,0.42744756054649047,1.0576996115439108,1.7488495757111977e-05
149,0.27105611400177365,0.9999856713819769,0.9998011424043991,0.42744756054649047,1.0577475106922036,9.461653682762972e-08
149,0.2710603678515112,0.9999629632506642,0.9999270836963332,0.42744756054649047,1.0577309110727542,1.9423174180133174e-10
149,0.2710671804999054,0.9999960339059453,0.9999292459821204,0.42744756054649047,1.057704355645328,2.8199381496563092e-08
149,0.2710726558627133,0.9999989866137555,0.9999990191864293,0.42744756054649047,1.0576830191544573,5.614638243223169e-08
149,0.27105130772612424,0.9999730482257357,0.9997684777383155,0.42744756054649047,1.0577662666470367,3.268243431442386e-08
149,0.2710738110407784,0.9999858700246511,1.0,0.42744756054649047,1.0576930502082742,1.4594504499587657e-05
149,0.27107062604247073,1.0,0.9999591345446366,0.42744756054649047,1.0576930946255096,2.2115181161908026e-06
149,0.2710906606126753,1.0,1.0,0.42744756054649047,1.057681956190806,6.924022545384823e-05
149,0.2710671196706867,1.0,0.9999242905786985,0.42744756054649047,1.0577045648016528,1.9722610566930143e-06
149,0.2710496092972701,0.9999680945315605,0.999758322911106,0.42744756054649047,1.057772894735327,2.217217964783913e-09
149,0.27105462780587314,0.9999801222525455,0.9997958379430384,0.42744756054649047,1.0577533103349586,9.099823183866818e-08
149,0.2710576557242306,0.9999750882093824,0.9998530601424336,0.42744756054649047,1.057741570362368,7.592925377331028e-08
149,0.27106520151951236,0.999971198218925,0.9999725925459111,0.42744756054649047,1.0577120494851688,9.341409201724105e-09
149,0.2710727498933208,0.9999993543749917,0.9999993310049993,0.42744756054649047,1.0576826454267247,4.931119534923312e-08
149,0.2710504015646673,0.9999481259936175,0.999827410205111,0.42744756054649047,1.0577698029156133,6.890893389233099e-08
149,0.2710685122349683,0.9999835650604492,0.999984428539263,0.42744756054649047,1.0576991310403505,2.697564482900816e-08
149,0.2710772389895858,1.0,1.0,0.42744756054649047,1.057681956190806,1.687552213569532e-05
149,0.2710502272264917,0.9999509784268162,0.999856359625777,0.42744756054649047,1.0577704832679555,1.0881747680491216e-05
