gen,sA,sB,sRail,pRail,Tmax,DeltaT
0,0.7504807839947774,0.15806518672319106,0.7317837227404138,0.2604250805690731,4.056054522974766,3.4526841247847404
0,0.09157506299677252,0.7897126997976692,0.9971537402956502,0.20488098591107215,4.944772848777054,3.8151193961785395
0,0.6382524375155002,0.47137328589694993,0.6594556009544147,0.1753013350988618,1.8058990575202083,1.0964338635767854
0,0.874416731903827,0.8091401036419673,0.13671185839230937,0.2203683746691693,4.141945714749596,3.6240943596268376
0,0.7442486057778662,0.7160361619958522,0.5153686426038444,0.5259542486425042,1.432540836324409,0.8241179438225581
0,0.6029618487317745,0.9754858901455296,0.35077216501665603,0.49680403171496634,1.3552376526438281,0.6042483648842519
0,0.6512153989514293,0.646430871313571,0.24305681373957,0.4539071340256528,2.1224338700098673,1.4270911460662457
0,0.840313054233876,0.10708770780678536,0.8974387077047534,0.2564477618300865,5.563051738847328,5.024183650036981
0,0.24909909744639153,0.14564946917941834,0.356223922867843,0.44132456787691643,5.573492541568989,3.7556702656135714
0,0.8583577738185816,0.8699603710375735,0.1921032085798517,0.03554847088520533,3.8900724651683314,3.3625326637469866
0,0.3831474722291442,0.8763380308807066,0.6181029423104576,0.2226471626975145,1.359453741252592,0.1776166635865446
0,0.1462086660729331,0.14977344172456697,0.36001292253568495,0.21254260379441509,4.7340601096165456,1.636994120700968
0,0.14250720458499377,0.19123673894801518,0.9082408283368161,0.4372469048757131,3.9616893991240834,0.7841806674256468
0,0.13385576229614604,0.06985133717672015,0.2493887990017904,0.35132488938677875,10.346499854929585,6.963620560636999
0,0.864893013489589,0.9423713970272197,0.2324889724983497,0.3394219798692455,2.203065563879419,1.6795119191046495
0,0.13150608418319104,0.6733473126366586,0.7840766594752975,0.14295108015089336,3.443322713511516,2.0631128029261645
0,0.406829494566711,0.814636720753758,0.6742895066471761,0.05969826691054968,1.4294723697669467,0.31643141523760665
0,0.2148348399208428,0.8479600056013175,0.9512443192975013,0.4094946085293703,2.107748855517832,1.0038262497273682
0,0.6424403779141613,0.6905846359521728,0.6222536306525887,0.12534495859935366,1.5572397203921606,0.852399388217516
0,0.09151532772535664,0.48690076194241,0.398164747092188,0.22017023840435465,4.948000475802227,2.690294733634494
0,0.05,0.05,0.6738106620323335,0.4095437352507697,13.974339742937445,4.9179821225393585
0,1.0,0.5310323233036427,0.05,0.0,14.666057061472046,14.2132391718486
0,0.1451244738019825,0.5658111710165292,0.9494377781541776,0.4818098254800206,3.120203471496567,1.5770456326048348
0,0.062478779929139874,0.08712868011051392,0.11493227655783797,0.14770020063924885,10.023303910269513,2.7757570896965573
0,0.3819467143549662,0.11997039791808813,0.2535580492692093,0.07089875713326632,5.802912728787055,4.617360210930131
0,0.2553481254892398,0.9754858901455296,0.9741167459355156,0.2278609681592199,1.7733354706847373,0.7567409227442123
0,0.6512153989514293,0.8885325682337911,0.5708672897570705,0.1385585467332342,1.4872692483226122,0.7919265243789905
0,1.0,1.0,0.4722902068780278,0.01698643696048671,1.8098551626884374,1.3570372730649933
0,0.05,0.586322623351105,0.8534105421403484,0.2224688400591813,9.056357620398087,7.619452839920253
0,1.0,1.0,0.23474013197244398,0.5596743471069573,1.413150663581012,0.960332773957568
0,0.05,0.43175073098095,0.2949176129282857,0.13593123287122494,9.056357620398087,6.111584112661161
0,1.0,1.0,0.5208443841040558,0.007484095353505152,1.6876340541906092,1.2348161645671651
0,1.0,0.1268880366994158,0.2142117080588688,0.0,6.0552760984791245,5.602458208855681
0,0.39794434263250583,0.9278715628868861,0.5289999674166006,0.11555469856734883,1.5686317750784207,0.43073925990189954
0,0.5960036593790288,0.25679891565999136,1.0,0.5052398531713038,3.172702340225504,2.412945445799231
0,1.0,0.27558632901214075,0.18406392206487662,0.20167981783989006,4.512128347888755,4.059310458265311
0,1.0,0.1864801723986092,1.0,0.1746379338941514,3.076177492951251,2.623359603327807
0,0.05,0.8479600056013175,0.05,0.5596743471069573,9.056357620398087,5.288290804648294
0,0.05,0.6094033825015391,0.4032875659292383,0.33559796750055465,9.056357620398087,7.149880529413165
0,0.8860435068606682,0.5985337532023395,0.5606471634091055,0.1003738031825525,1.7700326202428371,1.2589765760880978
1,0.6029618487317745,0.9754858901455296,0.35077216501665603,0.49680403171496634,1.3552376526438281,0.6042483648842519
1,0.3831474722291442,0.8763380308807066,0.6181029423104576,0.2226471626975145,1.359453741252592,0.1776166635865446
1,0.406829494566711,0.814636720753758,0.6742895066471761,0.05969826691054968,1.4294723697669467,0.31643141523760665
1,1.0,1.0,0.23474013197244398,0.5596743471069573,1.413150663581012,0.960332773957568
1,0.7442486057778662,0.7160361619958522,0.5153686426038444,0.5259542486425042,1.432540836324409,0.8241179438225581
1,0.6512153989514293,0.8885325682337911,0.5708672897570705,0.1385585467332342,1.4872692483226122,0.7919265243789905
1,0.39794434263250583,0.9278715628868861,0.5289999674166006,0.11555469856734883,1.5686317750784207,0.43073925990189954
1,0.6424403779141613,0.6905846359521728,0.6222536306525887,0.12534495859935366,1.5572397203921606,0.852399388217516
1,0.2553481254892398,0.9754858901455296,0.9741167459355156,0.2278609681592199,1.7733354706847373,0.7567409227442123
1,1.0,1.0,0.5208443841040558,0.007484095353505152,1.6876340541906092,1.2348161645671651
1,0.6382524375155002,0.47137328589694993,0.6594556009544147,0.1753013350988618,1.8058990575202083,1.0964338635767854
1,0.14250720458499377,0.19123673894801518,0.9082408283368161,0.4372469048757131,3.9616893991240834,0.7841806674256468
1,0.2148348399208428,0.8479600056013175,0.9512443192975013,0.4094946085293703,2.107748855517832,1.0038262497273682
1,0.8860435068606682,0.5985337532023395,0.5606471634091055,0.1003738031825525,1.7700326202428371,1.2589765760880978
1,1.0,1.0,0.4722902068780278,0.01698643696048671,1.8098551626884374,1.3570372730649933
1,0.6512153989514293,0.646430871313571,0.24305681373957,0.4539071340256528,2.1224338700098673,1.4270911460662457
1,0.864893013489589,0.9423713970272197,0.2324889724983497,0.3394219798692455,2.203065563879419,1.6795119191046495
1,0.1451244738019825,0.5658111710165292,0.9494377781541776,0.4818098254800206,3.120203471496567,1.5770456326048348
1,1.0,0.1864801723986092,1.0,0.1746379338941514,3.076177492951251,2.623359603327807
1,0.1462086660729331,0.14977344172456697,0.36001292253568495,0.21254260379441509,4.7340601096165456,1.636994120700968
1,1.0,1.0,0.7551391325783698,0.0,1.2806794688647474,0.8278615792413033
1,0.5595879938740949,0.8763380308807066,0.3392533029834398,0.09335877298681733,2.260861822788192,1.451663101185624
1,0.22815202328386827,0.894340184406879,0.87105164189303,0.3131113908122212,1.98472001945888,0.8792045781400297
1,0.8862068335933991,0.886840217912966,0.28305688040139637,0.19276797366097717,2.344693035007383,1.833731177797131
1,0.05,0.05,1.0,0.24457758573281044,11.11167097089003,2.055313350491943
1,0.05,0.8222222997905504,1.0,0.5596743471069573,9.056357620398087,7.924379007491782
1,0.8726166327140817,0.9461520901559058,0.5834830384993537,0.0,1.573519936840315,1.054600319013467
1,0.3989201156763614,0.55343760652412,0.05,0.0,14.639092498215277,13.503983309315618
1,0.1484557891411279,0.5284942035154259,0.4560326629331596,0.27957595450685235,3.050186790598033,1.063943245218439
1,0.28986941033307084,0.7277844146709711,0.9761324047090489,0.26756574370274144,1.5621444428848588,0.3603461259261429
1,0.09604812395765905,0.777236796026427,0.6583999921428321,0.3322053073428426,4.714489640228562,3.3733733176380953
1,0.7940003517917791,0.48867764513418843,0.05,0.08439354274471747,13.146810598087313,12.576511241816107
1,0.4448327250062297,1.0,0.1771370321834676,0.050692401276531955,4.050514327097526,3.0325633904797904
1,0.5378669769295104,0.38443495015755746,0.3120690231520393,0.5217810984266749,2.600201953272596,1.7583248560405635
1,0.8352014475595033,0.11455977084159742,1.0,0.4391838528599707,6.406606950342231,5.864440876687485
1,1.0,0.9712049802510642,1.0,0.0,1.06418468223458,0.6113667926111359
1,0.9486795861974558,0.8795523141555606,0.6669494816658857,0.0,1.4516888531208032,0.9743750200974164
1,0.05,1.0,0.5783735180203399,0.3367159657710507,9.056357620398087,7.816090485708863
1,0.22358659558388666,1.0,0.6963016535915327,0.517213395113714,2.0252461327947753,0.9869113781451166
1,0.9883333347076638,0.05,1.0,0.0,7.773959421048881,7.315796295596842
2,0.6029618487317745,0.9754858901455296,0.35077216501665603,0.49680403171496634,1.3552376526438281,0.6042483648842519
2,0.3831474722291442,0.8763380308807066,0.6181029423104576,0.2226471626975145,1.359453741252592,0.1776166635865446
2,1.0,0.9712049802510642,1.0,0.0,1.06418468223458,0.6113667926111359
2,0.406829494566711,0.814636720753758,0.6742895066471761,0.05969826691054968,1.4294723697669467,0.31643141523760665
2,1.0,1.0,0.7551391325783698,0.0,1.2806794688647474,0.8278615792413033
2,0.7442486057778662,0.7160361619958522,0.5153686426038444,0.5259542486425042,1.432540836324409,0.8241179438225581
2,0.6512153989514293,0.8885325682337911,0.5708672897570705,0.1385585467332342,1.4872692483226122,0.7919265243789905
2,0.28986941033307084,0.7277844146709711,0.9761324047090489,0.26756574370274144,1.5621444428848588,0.3603461259261429
2,1.0,1.0,0.23474013197244398,0.5596743471069573,1.413150663581012,0.960332773957568
2,0.6424403779141613,0.6905846359521728,0.6222536306525887,0.12534495859935366,1.5572397203921606,0.852399388217516
2,0.39794434263250583,0.9278715628868861,0.5289999674166006,0.11555469856734883,1.5686317750784207,0.43073925990189954
2,0.9486795861974558,0.8795523141555606,0.6669494816658857,0.0,1.4516888531208032,0.9743750200974164
2,0.2553481254892398,0.9754858901455296,0.9741167459355156,0.2278609681592199,1.7733354706847373,0.7567409227442123
2,0.8726166327140817,0.9461520901559058,0.5834830384993537,0.0,1.573519936840315,1.054600319013467
2,0.14250720458499377,0.19123673894801518,0.9082408283368161,0.4372469048757131,3.9616893991240834,0.7841806674256468
2,0.22815202328386827,0.894340184406879,0.87105164189303,0.3131113908122212,1.98472001945888,0.8792045781400297
2,1.0,1.0,0.5208443841040558,0.007484095353505152,1.6876340541906092,1.2348161645671651
2,0.6382524375155002,0.47137328589694993,0.6594556009544147,0.1753013350988618,1.8058990575202083,1.0964338635767854
2,0.22358659558388666,1.0,0.6963016535915327,0.517213395113714,2.0252461327947753,0.9869113781451166
2,0.8860435068606682,0.5985337532023395,0.5606471634091055,0.1003738031825525,1.7700326202428371,1.2589765760880978
2,0.05,1.0,0.5721470907671761,0.5596743471069573,9.056357620398087,7.995736944573109
2,0.05,1.0,0.9794966840745235,0.5596743471069573,9.056357620398087,8.09773542302701
2,1.0,0.9409252356001268,0.3133171215769901,0.0,2.610062584884219,2.157244695260775
2,0.8471869125862261,0.9698217593679936,1.0,0.17780102302038514,1.0152659456333806,0.48077009493682177
2,0.9797692208172769,1.0,0.15400210146385213,0.29066833541182424,3.2299839657386267,2.7678160592632888
2,1.0,1.0,0.7388759025762773,0.0,1.3010830483072144,0.8482651586837704
2,0.05,0.3652236134500162,0.9316779845629808,0.3404100185592732,9.056357620398087,6.985377562492168
2,1.0,1.0,0.8618993897111916,0.0,1.1658577351343684,0.7130398455109244
2,1.0,0.6936275872361484,0.45632590502591136,0.0,2.043916265575443,1.5910983759519988
2,0.072371536396456,0.452107520194141,0.44288478895504096,0.27332590015632446,6.256850501816703,4.061123593161305
2,1.0,1.0,0.5289999674166006,0.0,1.6769494745804474,1.2241315849570034
2,0.4125469536714005,0.05,0.9635704054807825,0.41486794427688145,13.935479564994589,12.837864166434835
2,1.0,0.7664952446652904,0.3828769618009135,0.5596743471069573,1.430253072911874,0.97743518328843
2,0.6516169728175707,1.0,0.5514169357270782,0.5596743471069573,1.069841119637135,0.3749269165534156
2,0.05,0.7610446115652684,0.45623530407852625,0.16928313878684353,9.056357620398087,7.2736351854404315
2,0.39728069690099815,0.894340184406879,1.0,0.08045969919654067,1.1397933311854571,0.06725457305683702
2,1.0,0.9754858901455296,0.05,0.5350188885088853,4.111900238009428,3.659082348385984
2,1.0,1.0,0.3052184077605068,0.0,2.647137625968846,2.194319736345402
2,0.6347734452537422,0.8051471433400148,0.28073004244724914,0.12470269205991079,2.592254263081688,1.8789007150581085
2,0.3948440295399881,0.9592839519719744,0.7464629163112004,0.1003738031825525,1.240363312404825,0.09353607164094968
3,0.8471869125862261,0.9698217593679936,1.0,0.17780102302038514,1.0152659456333806,0.48077009493682177
3,0.6516169728175707,1.0,0.5514169357270782,0.5596743471069573,1.069841119637135,0.3749269165534156
3,0.39728069690099815,0.894340184406879,1.0,0.08045969919654067,1.1397933311854571,0.06725457305683702
3,1.0,0.9712049802510642,1.0,0.0,1.06418468223458,0.6113667926111359
3,0.3948440295399881,0.9592839519719744,0.7464629163112004,0.1003738031825525,1.240363312404825,0.09353607164094968
3,1.0,1.0,0.8618993897111916,0.0,1.1658577351343684,0.7130398455109244
3,0.6029618487317745,0.9754858901455296,0.35077216501665603,0.49680403171496634,1.3552376526438281,0.6042483648842519
3,0.3831474722291442,0.8763380308807066,0.6181029423104576,0.2226471626975145,1.359453741252592,0.1776166635865446
3,1.0,1.0,0.7551391325783698,0.0,1.2806794688647474,0.8278615792413033
3,0.406829494566711,0.814636720753758,0.6742895066471761,0.05969826691054968,1.4294723697669467,0.31643141523760665
3,1.0,1.0,0.7388759025762773,0.0,1.3010830483072144,0.8482651586837704
3,0.7442486057778662,0.7160361619958522,0.5153686426038444,0.5259542486425042,1.432540836324409,0.8241179438225581
3,0.6512153989514293,0.8885325682337911,0.5708672897570705,0.1385585467332342,1.4872692483226122,0.7919265243789905
3,0.28986941033307084,0.7277844146709711,0.9761324047090489,0.26756574370274144,1.5621444428848588,0.3603461259261429
3,1.0,1.0,0.23474013197244398,0.5596743471069573,1.413150663581012,0.960332773957568
3,0.6424403779141613,0.6905846359521728,0.6222536306525887,0.12534495859935366,1.5572397203921606,0.852399388217516
3,0.39794434263250583,0.9278715628868861,0.5289999674166006,0.11555469856734883,1.5686317750784207,0.43073925990189954
3,0.9486795861974558,0.8795523141555606,0.6669494816658857,0.0,1.4516888531208032,0.9743750200974164
3,1.0,0.7664952446652904,0.3828769618009135,0.5596743471069573,1.430253072911874,0.97743518328843
3,0.2553481254892398,0.9754858901455296,0.9741167459355156,0.2278609681592199,1.7733354706847373,0.7567409227442123
3,0.9458893044141898,0.90782346433214,0.8626661356710256,0.0,1.2010488688874004,0.722327006313872
3,0.406829494566711,0.814636720753758,1.0,0.0,1.1341787795051923,0.02113782497585226
3,1.0,0.7272290791773959,0.6154253182911579,0.03500853573505641,1.595955564625051,1.143137675001607
3,0.7710973516750848,0.9049061659661911,1.0,0.0,1.090867020736288,0.5036287316858202
3,0.3831474722291442,0.8763380308807066,1.0,0.0,1.1818370776660474,0.07822800824234966
3,0.05,0.7610446115652684,0.9245944046238596,0.0,9.056357620398087,7.8345156173747466
3,0.7442486057778662,0.69012064422181,0.639659191863772,0.5259542486425042,1.4080342508357333,0.7996113583338824
3,0.05,0.7711117431505919,1.0,0.0,9.056357620398087,7.897671858827646
3,1.0,1.0,0.7551391325783698,0.40920160063878724,1.0619470926381585,0.6091292030147144
3,1.0,1.0,0.6742895066471761,0.0,1.3918277307717348,0.9390098411482908
3,0.7008204105801769,0.7942941517164168,0.3172830303374714,0.5596743471069573,1.4687932285667413,0.8226677981511666
3,0.5049085992417648,0.663424219383367,0.5153686426038444,0.2853658793177003,1.6598874034692304,0.7630559970336107
3,0.7108254213651846,0.8684246666328368,1.0,0.0,1.1072868847883153,0.4702557997582303
3,0.6268759263202011,0.601078486512516,0.4512682985131431,0.11281046273941829,2.0138216502102715,1.2914811194261508
3,0.05,0.7199184359417965,0.662239073538903,0.5596743471069573,9.056357620398087,7.7118902555972895
3,1.0,0.6905846359521728,0.6222536306525887,0.3928048030043524,1.4524021862022698,0.9995842965788257
3,0.39794434263250583,0.6013515626138322,0.86285133021701,0.0,1.3994354534164248,0.2615429382399037
3,0.9486795861974558,0.991884458237017,1.0,0.0,1.0565919136782904,0.5792780806549036
3,0.3831474722291442,0.8504225131066644,0.8384777229899247,0.2226471626975145,1.1818370776660474,0.007468236556809726
3,0.7197480025097607,1.0,0.9741167459355156,0.002744235827930541,1.0710574370042325,0.4419235069785118
4,0.8471869125862261,0.9698217593679936,1.0,0.17780102302038514,1.0152659456333806,0.48077009493682177
4,0.6516169728175707,1.0,0.5514169357270782,0.5596743471069573,1.069841119637135,0.3749269165534156
4,0.406829494566711,0.814636720753758,1.0,0.0,1.1341787795051923,0.02113782497585226
4,0.3831474722291442,0.8504225131066644,0.8384777229899247,0.2226471626975145,1.1818370776660474,0.007468236556809726
4,0.9486795861974558,0.991884458237017,1.0,0.0,1.0565919136782904,0.5792780806549036
4,0.7197480025097607,1.0,0.9741167459355156,0.002744235827930541,1.0710574370042325,0.4419235069785118
4,0.39728069690099815,0.894340184406879,1.0,0.08045969919654067,1.1397933311854571,0.06725457305683702
4,1.0,1.0,0.7551391325783698,0.40920160063878724,1.0619470926381585,0.6091292030147144
4,0.7710973516750848,0.9049061659661911,1.0,0.0,1.090867020736288,0.5036287316858202
4,0.7108254213651846,0.8684246666328368,1.0,0.0,1.1072868847883153,0.4702557997582303
4,0.3831474722291442,0.8763380308807066,1.0,0.0,1.1818370776660474,0.07822800824234966
4,1.0,0.9712049802510642,1.0,0.0,1.06418468223458,0.6113667926111359
4,0.3948440295399881,0.9592839519719744,0.7464629163112004,0.1003738031825525,1.240363312404825,0.09353607164094968
4,1.0,1.0,0.8618993897111916,0.0,1.1658577351343684,0.7130398455109244
4,0.6029618487317745,0.9754858901455296,0.35077216501665603,0.49680403171496634,1.3552376526438281,0.6042483648842519
4,0.3831474722291442,0.8763380308807066,0.6181029423104576,0.2226471626975145,1.359453741252592,0.1776166635865446
4,0.9458893044141898,0.90782346433214,0.8626661356710256,0.0,1.2010488688874004,0.722327006313872
4,0.39794434263250583,0.6013515626138322,0.86285133021701,0.0,1.3994354534164248,0.2615429382399037
4,1.0,1.0,0.7551391325783698,0.0,1.2806794688647474,0.8278615792413033
4,0.406829494566711,0.814636720753758,0.6742895066471761,0.05969826691054968,1.4294723697669467,0.31643141523760665
4,0.05767460306536454,0.765601433180184,0.8546299506909323,0.20038244642776307,7.851252685897392,6.618367976381768
4,0.21593007668131448,0.770286427762189,1.0,0.0,2.097057968665968,0.9378807530027276
4,0.7716946328334416,0.6124213866035131,1.0,0.0,1.2775402115147807,0.6907564369187846
4,0.6351348617332695,1.0,0.5962752421543703,0.5037069123962615,1.0925129910923403,0.3795653690273446
4,0.40623221340835414,1.0,0.7977233094518671,0.1321119961874363,1.1546218942876827,0.03994444130489505
4,0.4553596265859893,0.9892710745488191,0.633716014391272,0.09033642286429724,1.3786040339328922,0.38418585839809993
4,0.574463461381063,0.7461158150664265,0.27854627873200033,0.08045969919654067,2.767183358256614,1.9789384658845188
4,1.0,1.0,1.0,0.0,1.0536979771077053,0.6008800874842612
4,1.0,0.9049061659661911,0.8618993897111916,0.0,1.203026778762951,0.7502088891395069
4,0.05,0.8247111915297284,0.4947703710693366,0.0,9.056357620398087,7.212684930807669
4,1.0,1.0,0.9357194262177497,0.4657848844915791,0.9786854416267794,0.5258675520033353
4,0.8471869125862261,0.9698217593679936,1.0,0.17780102302038514,1.0152659456333806,0.48077009493682177
4,0.37477567545752116,0.7652396312133791,1.0,0.0,1.2082371362955473,0.04603162218397472
4,1.0,0.9677927868823842,0.9005091818874376,0.20881915421102418,1.065390221116881,0.612572331493437
4,0.1769719664752245,0.7015977153112191,0.35077216501665603,0.0,2.5586984002969566,0.05896889589502319
4,0.3509279122194143,0.8820319129208695,1.0,0.25021475229727175,1.290344463972981,0.23111477509388312
4,1.0,0.9847624304139342,0.8626661356710256,0.0,1.170608770833131,0.7177908812096869
4,0.7801974425309935,1.0,0.17083408109336018,0.2871027078251231,2.9859014567339996,2.405512615638965
4,0.8471869125862261,0.9698217593679936,0.7551391325783698,0.5460824635952937,1.0314750458661766,0.49697919516961775
4,0.06150935333582791,0.5918421792104512,0.86285133021701,0.05969826691054968,7.361772773682084,5.959172198222528
5,0.8471869125862261,0.9698217593679936,1.0,0.17780102302038514,1.0152659456333806,0.48077009493682177
5,0.6516169728175707,1.0,0.5514169357270782,0.5596743471069573,1.069841119637135,0.3749269165534156
5,0.406829494566711,0.814636720753758,1.0,0.0,1.1341787795051923,0.02113782497585226
5,0.3831474722291442,0.8504225131066644,0.8384777229899247,0.2226471626975145,1.1818370776660474,0.007468236556809726
5,1.0,1.0,0.9357194262177497,0.4657848844915791,0.9786854416267794,0.5258675520033353
5,0.8471869125862261,0.9698217593679936,1.0,0.17780102302038514,1.0152659456333806,0.48077009493682177
5,0.7197480025097607,1.0,0.9741167459355156,0.002744235827930541,1.0710574370042325,0.4419235069785118
5,0.6351348617332695,1.0,0.5962752421543703,0.5037069123962615,1.0925129910923403,0.3795653690273446
5,0.39728069690099815,0.894340184406879,1.0,0.08045969919654067,1.1397933311854571,0.06725457305683702
5,0.40623221340835414,1.0,0.7977233094518671,0.1321119961874363,1.1546218942876827,0.03994444130489505
5,0.8471869125862261,0.9698217593679936,0.7551391325783698,0.5460824635952937,1.0314750458661766,0.49697919516961775
5,0.7108254213651846,0.8684246666328368,1.0,0.0,1.1072868847883153,0.4702557997582303
5,0.3831474722291442,0.8763380308807066,1.0,0.0,1.1818370776660474,0.07822800824234966
5,0.37477567545752116,0.7652396312133791,1.0,0.0,1.2082371362955473,0.04603162218397472
5,0.9486795861974558,0.991884458237017,1.0,0.0,1.0565919136782904,0.5792780806549036
5,0.7710973516750848,0.9049061659661911,1.0,0.0,1.090867020736288,0.5036287316858202
5,1.0,1.0,1.0,0.0,1.0536979771077053,0.6008800874842612
5,0.3948440295399881,0.9592839519719744,0.7464629163112004,0.1003738031825525,1.240363312404825,0.09353607164094968
5,0.1769719664752245,0.7015977153112191,0.35077216501665603,0.0,2.5586984002969566,0.05896889589502319
5,1.0,1.0,0.7551391325783698,0.40920160063878724,1.0619470926381585,0.6091292030147144
5,0.46296553320871164,0.8408661519415275,1.0,0.0,1.120635289380464,0.14255407897199124
5,0.07845087012665358,0.814636720753758,0.6945002343429585,0.5596743471069573,5.771993141353629,4.5690535886012675
5,0.5429714832992782,0.9287029761504076,0.8384777229899247,0.0,1.2156978301595451,0.38173526827540183
5,0.10955113811051798,0.8279288795895358,1.0,0.0,4.133392804062473,3.0061846393587626
5,0.29180406597903746,0.8305660841245434,0.8384777229899247,0.3826680834158611,1.5517874536984821,0.38713753947868224
5,0.36671880318526207,0.8196775031785377,0.41569494851499034,0.17780102302038514,1.8395915806927918,0.6048092763539514
5,0.05,0.7107559783538524,0.8384777229899247,0.06262624197916786,9.056357620398087,7.7434177890306115
5,0.9980374810398895,1.0,1.0,0.2603947239008991,0.9857524503666824,0.5320441496015176
5,0.39728069690099815,0.9728395834311943,0.3759004614749032,0.5596743471069573,1.2114282938225769,0.07163496263711977
5,0.702231503466043,0.9401577839206456,1.0,0.07241372927688661,1.0525789278651838,0.4077518484811965
5,0.24640820233822014,0.9217195369562567,0.7977233094518671,0.1321119961874363,1.8376737622437174,0.64545086834366
5,0.2687004347359576,0.9728395834311943,1.0,0.0,1.6852145730095873,0.6216418081459762
5,0.5571047079711322,0.9726206474506223,1.0,0.08045969919654067,1.036079601002456,0.22327388820829996
5,0.05,0.7249216813078571,1.0,0.07241372927688661,9.056357620398087,7.87759435354862
5,1.0,1.0,0.7318442039203339,0.0,1.3101857046951508,0.8573678150717068
5,0.3831474722291442,0.8504225131066644,1.0,0.0,1.1818370776660474,0.06592854784819147
5,1.0,0.8730861115623438,0.7718166246800804,0.017922693587410648,1.300924630499587,0.8481067408761429
5,0.8471869125862261,0.9698217593679936,0.6972866161743446,0.5596743471069573,1.0419762565785753,0.5074804058820165
5,0.7352081190067685,0.814636720753758,0.35077216501665603,0.0,2.429776116074656,1.8138717513730076
5,1.0,1.0,0.9421474835959748,0.4192063960424212,0.9839429126345718,0.5311250230111277
6,0.8471869125862261,0.9698217593679936,1.0,0.17780102302038514,1.0152659456333806,0.48077009493682177
6,0.406829494566711,0.814636720753758,1.0,0.0,1.1341787795051923,0.02113782497585226
6,0.3831474722291442,0.8504225131066644,0.8384777229899247,0.2226471626975145,1.1818370776660474,0.007468236556809726
6,1.0,1.0,0.9357194262177497,0.4657848844915791,0.9786854416267794,0.5258675520033353
6,0.8471869125862261,0.9698217593679936,1.0,0.17780102302038514,1.0152659456333806,0.48077009493682177
6,0.46296553320871164,0.8408661519415275,1.0,0.0,1.120635289380464,0.14255407897199124
6,0.5571047079711322,0.9726206474506223,1.0,0.08045969919654067,1.036079601002456,0.22327388820829996
6,0.39728069690099815,0.894340184406879,1.0,0.08045969919654067,1.1397933311854571,0.06725457305683702
6,0.40623221340835414,1.0,0.7977233094518671,0.1321119961874363,1.1546218942876827,0.03994444130489505
6,1.0,1.0,0.9421474835959748,0.4192063960424212,0.9839429126345718,0.5311250230111277
6,0.8471869125862261,0.9698217593679936,0.7551391325783698,0.5460824635952937,1.0314750458661766,0.49697919516961775
6,0.6516169728175707,1.0,0.5514169357270782,0.5596743471069573,1.069841119637135,0.3749269165534156
6,0.702231503466043,0.9401577839206456,1.0,0.07241372927688661,1.0525789278651838,0.4077518484811965
6,0.37477567545752116,0.7652396312133791,1.0,0.0,1.2082371362955473,0.04603162218397472
6,0.3831474722291442,0.8504225131066644,1.0,0.0,1.1818370776660474,0.06592854784819147
6,0.9980374810398895,1.0,1.0,0.2603947239008991,0.9857524503666824,0.5320441496015176
6,0.8471869125862261,0.9698217593679936,0.6972866161743446,0.5596743471069573,1.0419762565785753,0.5074804058820165
6,0.6351348617332695,1.0,0.5962752421543703,0.5037069123962615,1.0925129910923403,0.3795653690273446
6,0.7197480025097607,1.0,0.9741167459355156,0.002744235827930541,1.0710574370042325,0.4419235069785118
6,0.1769719664752245,0.7015977153112191,0.35077216501665603,0.0,2.5586984002969566,0.05896889589502319
6,0.8471869125862261,1.0,0.7536704047244301,0.5596743471069573,1.0015488592942454,0.4670530085976866
6,0.660302986587384,0.8448181785638443,0.2929196486126308,0.4192063960424212,1.7705020133147222,1.0847291202815275
6,0.5650227023949602,0.9698217593679936,0.8384777229899247,0.5596743471069573,1.008088598602295,0.2066732088215152
6,0.31548215744154834,0.8380009092466202,1.0,0.0,1.4353201217879925,0.31324662132996695
6,1.0,0.9728395834311943,0.7783242636476899,0.5448270365459155,1.0232458018625992,0.5704279122391551
6,0.46296553320871164,0.9461420055285811,1.0,0.3230972680049596,1.011264691521942,0.03318348111346925
6,0.5571047079711322,0.8925406783648037,1.0,0.0,1.0962821927492894,0.28347647995513336
6,0.7115260966692016,0.8504225131066644,1.0,0.0,1.115908529817856,0.479504761130255
6,0.691868181533627,1.0,0.5962752421543703,0.431293183119375,1.1475205877189534,0.4930348034210845
6,0.686087949481699,0.9850422513106665,0.8151827943318888,0.22511697494265198,1.1069906689359184,0.44699089812178194
6,0.2473622271226439,0.8750639304011043,0.8179509785066804,0.046487067291806065,1.8305862358732947,0.5948584108602035
6,0.45086523636866255,0.8301552246151815,1.0,0.017780102302038497,1.120885884719777,0.11655498371930184
6,0.702231503466043,0.7284201197168965,0.41569494851499034,0.017780102302038497,2.1410875858842044,1.4962605065002172
6,0.05,0.7041167145855848,1.0,0.0,9.056357620398087,7.854029000952707
6,0.45766767446049433,0.8404821899354601,1.0,0.0,1.120827450465546,0.13142419051137222
6,0.3836253259370094,0.9461420055285811,0.6092694521311034,0.205640307413734,1.3404961126374855,0.16013116204439326
6,0.4034019915282735,0.9666130109808143,0.6972866161743446,0.2950608919744011,1.176436627282483,0.05393872577664216
6,0.13092067448792877,0.8504225131066644,0.8672500590955114,0.0,3.4587194756569444,2.2356619667661057
6,0.33262503745134364,1.0,1.0,0.0,1.361346374237248,0.30764839712954273
6,0.1819413236693999,0.7015977153112191,1.0,0.01528734284734272,2.4888127581738986,1.2871947303423377
7,0.406829494566711,0.814636720753758,1.0,0.0,1.1341787795051923,0.02113782497585226
7,0.3831474722291442,0.8504225131066644,0.8384777229899247,0.2226471626975145,1.1818370776660474,0.007468236556809726
7,1.0,1.0,0.9357194262177497,0.4657848844915791,0.9786854416267794,0.5258675520033353
7,0.8471869125862261,1.0,0.7536704047244301,0.5596743471069573,1.0015488592942454,0.4670530085976866
7,0.5650227023949602,0.9698217593679936,0.8384777229899247,0.5596743471069573,1.008088598602295,0.2066732088215152
7,0.46296553320871164,0.9461420055285811,1.0,0.3230972680049596,1.011264691521942,0.03318348111346925
7,1.0,1.0,0.9421474835959748,0.4192063960424212,0.9839429126345718,0.5311250230111277
7,0.8471869125862261,0.9698217593679936,1.0,0.17780102302038514,1.0152659456333806,0.48077009493682177
7,0.8471869125862261,0.9698217593679936,1.0,0.17780102302038514,1.0152659456333806,0.48077009493682177
7,0.46296553320871164,0.8408661519415275,1.0,0.0,1.120635289380464,0.14255407897199124
7,0.5571047079711322,0.9726206474506223,1.0,0.08045969919654067,1.036079601002456,0.22327388820829996
7,0.39728069690099815,0.894340184406879,1.0,0.08045969919654067,1.1397933311854571,0.06725457305683702
7,0.40623221340835414,1.0,0.7977233094518671,0.1321119961874363,1.1546218942876827,0.03994444130489505
7,0.45086523636866255,0.8301552246151815,1.0,0.017780102302038497,1.120885884719777,0.11655498371930184
7,0.45766767446049433,0.8404821899354601,1.0,0.0,1.120827450465546,0.13142419051137222
7,0.9980374810398895,1.0,1.0,0.2603947239008991,0.9857524503666824,0.5320441496015176
7,0.37477567545752116,0.7652396312133791,1.0,0.0,1.2082371362955473,0.04603162218397472
7,0.5571047079711322,0.8925406783648037,1.0,0.0,1.0962821927492894,0.28347647995513336
7,0.4034019915282735,0.9666130109808143,0.6972866161743446,0.2950608919744011,1.176436627282483,0.05393872577664216
7,0.8471869125862261,0.9698217593679936,0.7551391325783698,0.5460824635952937,1.0314750458661766,0.49697919516961775
7,0.32013589578809787,0.8133217733666543,1.0,0.0,1.4144552192345614,0.2795744761639507
7,0.7314651840533284,0.8504225131066644,1.0,0.14401882864651197,1.0872437055253612,0.46818773494864985
7,0.4458643810301105,1.0,0.7977233094518671,0.14811408825927094,1.1467708454979457,0.13117527804200613
7,0.5697907752683558,1.0,0.8384777229899247,0.5596743471069573,0.9827168174454775,0.18800776118129314
7,0.5650227023949602,0.9786413936585611,0.8384777229899247,0.27905879990256643,1.0763444912517521,0.2749291014709724
7,0.36926651029297336,0.7001940872968373,1.0,0.0,1.226263081617492,0.021120316799799976
7,0.794139926161083,0.8671797678380733,1.0,0.12157982334619463,1.0798558257880913,0.5096567027002874
7,0.6113146173418864,0.8262557303099077,1.0,0.4407735505382646,1.1130894042819763,0.3723613462740176
7,0.8471869125862261,0.7856978440288406,1.0,0.0,1.1501704820107173,0.6156746313141584
7,0.5495700908766715,0.8158760846608469,1.0,0.0,1.1335192363234918,0.3095699407386834
7,0.5571047079711322,0.8986637075540641,0.8384777229899247,0.5134347039019782,1.0819150641914377,0.26910935139728165
7,0.3149780422990873,0.6985766740699385,1.0,0.08045969919654067,1.4376173187611327,0.23813391522820204
7,0.8543131075676713,0.9673027600936279,0.6097690832693021,0.5596743471069573,1.073049515836623,0.5430121261078737
7,1.0,1.0,1.0,0.4787685358284761,0.9615394287534416,0.5087215391299975
7,1.0,1.0,1.0,0.24439263182906448,0.9882646827636457,0.5354467931402016
7,0.45086523636866255,0.8029948080463758,1.0,0.005547407141541233,1.1389140765898391,0.13458317558936406
7,0.5650227023949602,0.9698217593679936,1.0,0.22822105058953962,1.0071036881820883,0.20568829840130853
7,0.2615151852927011,0.894340184406879,0.7783033642519871,0.34981136008199304,1.731516614753856,0.584174399314126
7,0.9319121698724047,1.0,1.0,0.25021475229727175,0.9873346939913465,0.5014327986953995
7,0.7961269247659044,1.0,0.8179509785066804,0.005914278384614169,1.2056804738867037,0.6369044716925386
8,0.406829494566711,0.814636720753758,1.0,0.0,1.1341787795051923,0.02113782497585226
8,0.3831474722291442,0.8504225131066644,0.8384777229899247,0.2226471626975145,1.1818370776660474,0.007468236556809726
8,0.46296553320871164,0.9461420055285811,1.0,0.3230972680049596,1.011264691521942,0.03318348111346925
8,0.5697907752683558,1.0,0.8384777229899247,0.5596743471069573,0.9827168174454775,0.18800776118129314
8,1.0,1.0,1.0,0.4787685358284761,0.9615394287534416,0.5087215391299975
8,0.36926651029297336,0.7001940872968373,1.0,0.0,1.226263081617492,0.021120316799799976
8,0.46296553320871164,0.8408661519415275,1.0,0.0,1.120635289380464,0.14255407897199124
8,0.39728069690099815,0.894340184406879,1.0,0.08045969919654067,1.1397933311854571,0.06725457305683702
8,0.40623221340835414,1.0,0.7977233094518671,0.1321119961874363,1.1546218942876827,0.03994444130489505
8,0.45086523636866255,0.8301552246151815,1.0,0.017780102302038497,1.120885884719777,0.11655498371930184
8,0.45766767446049433,0.8404821899354601,1.0,0.0,1.120827450465546,0.13142419051137222
8,0.8471869125862261,1.0,0.7536704047244301,0.5596743471069573,1.0015488592942454,0.4670530085976866
8,0.5650227023949602,0.9698217593679936,1.0,0.22822105058953962,1.0071036881820883,0.20568829840130853
8,0.9319121698724047,1.0,1.0,0.25021475229727175,0.9873346939913465,0.5014327986953995
8,1.0,1.0,0.9357194262177497,0.4657848844915791,0.9786854416267794,0.5258675520033353
8,0.37477567545752116,0.7652396312133791,1.0,0.0,1.2082371362955473,0.04603162218397472
8,1.0,1.0,0.9421474835959748,0.4192063960424212,0.9839429126345718,0.5311250230111277
8,0.5650227023949602,0.9698217593679936,0.8384777229899247,0.5596743471069573,1.008088598602295,0.2066732088215152
8,0.45086523636866255,0.8029948080463758,1.0,0.005547407141541233,1.1389140765898391,0.13458317558936406
8,0.4034019915282735,0.9666130109808143,0.6972866161743446,0.2950608919744011,1.176436627282483,0.05393872577664216
8,0.406829494566711,0.9124033618284052,1.0,0.3280899344323467,1.11304095452934,0.07851607469218136
8,0.5176871155454666,0.7380792146445734,1.0,0.3848061158275689,1.2024931825006109,0.327799036936545
8,0.06618810661595853,0.8133217733666543,0.906697215454555,0.12642115595808248,6.841378404465572,5.6696867463621
8,0.46520229155495507,0.9171467836394168,0.8546299506909323,0.20038244642776307,1.1257651312474233,0.15238667348161206
8,0.5442464353336712,0.8352020211639916,1.0,0.30970270044861004,1.0949247424718445,0.26291582179488016
8,0.6233979627807501,0.8868278268646419,1.0,0.29411954432999626,1.0542582811221264,0.3278877820431165
8,0.47111975566779185,0.9191853059205257,1.0,0.07796113641842783,1.0608999770678182,0.09974756588680178
8,1.0,1.0,1.0,0.4787685358284761,0.9615394287534416,0.5087215391299975
8,0.38566594261356535,1.0,1.0,0.0,1.174119461608418,0.12042148450071277
8,1.0,1.0,0.8842949671919496,0.5476252508803788,0.9764221635095737,0.5236042738861297
8,0.9386246937184297,0.9761902956458481,1.0,0.28273574229554316,0.9962498266310023,0.5138228325147873
8,0.9111359028111157,0.8653802617959979,1.0,0.3316964021563421,1.0705827875342284,0.5736010659466946
8,0.7460522108278607,0.9728395834311943,1.0,0.4657848844915791,0.982931141078111,0.3759791303510892
8,0.1778344001364804,0.9698217593679936,0.8546299506909323,0.3010362807401727,2.5462896221566456,1.480402979259347
8,0.8423448042131984,0.8573156411839873,1.0,0.0,1.1125644746901466,0.5749961448639144
8,0.05,0.8301552246151815,0.8179509785066804,0.0,9.056357620398087,7.774498152895288
8,0.6494326856868413,0.8564339709419141,1.0,0.0,1.1129891960730027,0.4157377343605245
8,0.8285721049441079,1.0,0.4755899804263317,0.5596743471069573,1.1104151258024404,0.5639112224875885
8,1.0,1.0,1.0,0.005547407141541233,1.0513528566220964,0.5985349669986524
8,1.0,1.0,1.0,0.25520741872465885,0.9865518456094642,0.5337339559860201
9,0.406829494566711,0.814636720753758,1.0,0.0,1.1341787795051923,0.02113782497585226
9,0.3831474722291442,0.8504225131066644,0.8384777229899247,0.2226471626975145,1.1818370776660474,0.007468236556809726
9,0.46296553320871164,0.9461420055285811,1.0,0.3230972680049596,1.011264691521942,0.03318348111346925
9,0.5697907752683558,1.0,0.8384777229899247,0.5596743471069573,0.9827168174454775,0.18800776118129314
9,1.0,1.0,1.0,0.4787685358284761,0.9615394287534416,0.5087215391299975
9,1.0,1.0,1.0,0.4787685358284761,0.9615394287534416,0.5087215391299975
9,0.36926651029297336,0.7001940872968373,1.0,0.0,1.226263081617492,0.021120316799799976
9,0.39728069690099815,0.894340184406879,1.0,0.08045969919654067,1.1397933311854571,0.06725457305683702
9,0.40623221340835414,1.0,0.7977233094518671,0.1321119961874363,1.1546218942876827,0.03994444130489505
9,0.406829494566711,0.9124033618284052,1.0,0.3280899344323467,1.11304095452934,0.07851607469218136
9,0.47111975566779185,0.9191853059205257,1.0,0.07796113641842783,1.0608999770678182,0.09974756588680178
9,0.5650227023949602,0.9698217593679936,1.0,0.22822105058953962,1.0071036881820883,0.20568829840130853
9,0.7460522108278607,0.9728395834311943,1.0,0.4657848844915791,0.982931141078111,0.3759791303510892
9,1.0,1.0,0.8842949671919496,0.5476252508803788,0.9764221635095737,0.5236042738861297
9,0.37477567545752116,0.7652396312133791,1.0,0.0,1.2082371362955473,0.04603162218397472
9,1.0,1.0,0.9357194262177497,0.4657848844915791,0.9786854416267794,0.5258675520033353
9,0.5650227023949602,0.9698217593679936,0.8384777229899247,0.5596743471069573,1.008088598602295,0.2066732088215152
9,0.8471869125862261,1.0,0.7536704047244301,0.5596743471069573,1.0015488592942454,0.4670530085976866
9,0.46296553320871164,0.8408661519415275,1.0,0.0,1.120635289380464,0.14255407897199124
9,0.4034019915282735,0.9666130109808143,0.6972866161743446,0.2950608919744011,1.176436627282483,0.05393872577664216
9,0.766255243302057,0.7924000477821849,1.0,0.0,1.146362892266742,0.5554137360378527
9,0.6955297760500601,1.0,0.8384777229899247,0.5596743471069573,0.9827168174454775,0.3316765528621384
9,0.7607460781375092,0.727354503865643,1.0,0.0,1.1862800399065245,0.59105135257679
9,0.5697907752683558,0.6520674580780209,1.0,0.0,1.2424254389339735,0.4477163826697892
9,0.9692780668882299,0.7602229686844206,1.0,0.2820704481034178,1.1606448562571048,0.693474593070589
9,1.0,0.9728395834311943,0.8758034949107056,0.16547928501785059,1.0918507070917776,0.6390328174683335
9,0.9489400121796783,1.0,0.7536704047244301,0.5596743471069573,1.0015488592942454,0.5243660197183548
9,0.42032649811329514,0.556973624044212,1.0,0.0,1.335035416162562,0.25773505315544876
9,0.998154717530792,1.0,0.6083003554153624,0.5596743471069573,1.046043988901538,0.592388977639581
9,0.5650227023949602,0.9698217593679936,1.0,0.23990633679274692,1.005452105133497,0.20403671535271728
9,0.518730787448034,1.0,0.6564287014966051,0.3877876024711863,1.133194182523543,0.2602598972249466
9,0.05,0.9698217593679936,1.0,0.0,9.056357620398087,7.991653515028952
9,0.05,0.621357112942402,1.0,0.0,9.056357620398087,7.787123005085965
9,0.23441252295378623,0.8164217770296023,1.0,0.0,1.9317137260359591,0.7984842518742794
9,0.9136420654763404,1.0,0.7536704047244301,0.5574256406066558,1.0024313810736603,0.5068129034540244
9,1.0,1.0,0.9357194262177497,0.2755429212216568,1.0126550815374404,0.5598371919139964
9,0.05,0.6295818200335687,0.8384777229899247,0.0,9.056357620398087,7.6597130803699995
9,0.5783846931674973,1.0,0.8384777229899247,0.5596743471069573,0.9827168174454775,0.19981593047088508
9,0.46296553320871164,0.6973062137483759,0.7275579545569102,0.06015585724637534,1.4405039624562708,0.4624227520477979
9,0.4105234789944101,1.0,0.6523532601427994,0.4304199630531122,1.1093268949368076,0.006301338195381367
10,0.46296553320871164,0.9461420055285811,1.0,0.3230972680049596,1.011264691521942,0.03318348111346925
10,0.5697907752683558,1.0,0.8384777229899247,0.5596743471069573,0.9827168174454775,0.18800776118129314
10,1.0,1.0,1.0,0.4787685358284761,0.9615394287534416,0.5087215391299975
10,1.0,1.0,1.0,0.4787685358284761,0.9615394287534416,0.5087215391299975
10,0.4105234789944101,1.0,0.6523532601427994,0.4304199630531122,1.1093268949368076,0.006301338195381367
10,0.47111975566779185,0.9191853059205257,1.0,0.07796113641842783,1.0608999770678182,0.09974756588680178
10,0.5783846931674973,1.0,0.8384777229899247,0.5596743471069573,0.9827168174454775,0.19981593047088508
10,1.0,1.0,0.8842949671919496,0.5476252508803788,0.9764221635095737,0.5236042738861297
10,0.406829494566711,0.814636720753758,1.0,0.0,1.1341787795051923,0.02113782497585226
10,0.3831474722291442,0.8504225131066644,0.8384777229899247,0.2226471626975145,1.1818370776660474,0.007468236556809726
10,0.406829494566711,0.9124033618284052,1.0,0.3280899344323467,1.11304095452934,0.07851607469218136
10,0.6955297760500601,1.0,0.8384777229899247,0.5596743471069573,0.9827168174454775,0.3316765528621384
10,0.5650227023949602,0.9698217593679936,1.0,0.23990633679274692,1.005452105133497,0.20403671535271728
10,1.0,1.0,0.9357194262177497,0.4657848844915791,0.9786854416267794,0.5258675520033353
10,0.39728069690099815,0.894340184406879,1.0,0.08045969919654067,1.1397933311854571,0.06725457305683702
10,0.40623221340835414,1.0,0.7977233094518671,0.1321119961874363,1.1546218942876827,0.03994444130489505
10,0.36926651029297336,0.7001940872968373,1.0,0.0,1.226263081617492,0.021120316799799976
10,0.46296553320871164,0.8408661519415275,1.0,0.0,1.120635289380464,0.14255407897199124
10,0.7460522108278607,0.9728395834311943,1.0,0.4657848844915791,0.982931141078111,0.3759791303510892
10,0.37477567545752116,0.7652396312133791,1.0,0.0,1.2082371362955473,0.04603162218397472
10,0.7158239236294448,1.0,0.6523532601427994,0.5596743471069573,1.0304660242976047,0.39788324172203093
10,0.9443769338843702,1.0,0.5482187306155539,0.5596743471069573,1.0713257194887273,0.5918372087578876
10,1.0,1.0,0.8264424507879243,0.5596743471069573,0.9851540043850522,0.5323361147616081
10,0.05,0.6033523888457992,1.0,0.0,9.056357620398087,7.770136394309213
10,1.0,1.0,1.0,0.5596743471069573,0.9556848304206005,0.5028669407971564
10,1.0,1.0,1.0,0.07796113641842783,1.0254335504232464,0.5726156607998023
10,0.9421387650090273,0.905906273349909,0.8842949671919496,0.4774602281037938,1.0675308640950387,0.5869032682320284
10,0.3867906350436274,0.7925804477403046,1.0,0.07796113641842783,1.1707054098000116,0.03970283406123043
10,0.3665984346786082,0.9728395834311943,1.0,0.5386001146422121,1.2351877313334776,0.25587352320634693
10,1.0,1.0,1.0,0.5596743471069573,0.9556848304206005,0.5028669407971564
10,1.0,1.0,0.8546299506909323,0.5596743471069573,0.9795538125685217,0.5267359229450777
10,1.0,1.0,0.8384777229899247,0.5596743471069573,0.9827168174454775,0.5298989278220334
10,0.680852696121657,0.814636720753758,1.0,0.0,1.1341787795051923,0.4691040989016271
10,0.1782764843117856,0.88795898691648,1.0,0.3164046482291394,2.5399754167485082,1.4870400747787955
10,0.7542294516067736,0.7652396312133791,1.0,0.0,1.1622055141115726,0.5618339845840139
10,0.05,1.0,1.0,0.0,9.056357620398087,8.002659643290382
10,0.4185798438510305,0.7001940872968373,0.4703042386494798,0.47690703034491827,1.5292030895630997,0.44740735657118624
10,0.40060528288592734,1.0,0.6871179341285194,0.4678376659443417,1.1303342923584656,0.06219188733217851
10,0.47111975566779185,0.9191853059205257,1.0,0.015990092871715385,1.0790137690658208,0.11786135788480434
10,0.05,0.814636720753758,0.9587644802181776,0.010844186603920614,9.056357620398087,7.895633532989681
11,0.46296553320871164,0.9461420055285811,1.0,0.3230972680049596,1.011264691521942,0.03318348111346925
11,0.5697907752683558,1.0,0.8384777229899247,0.5596743471069573,0.9827168174454775,0.18800776118129314
11,0.4105234789944101,1.0,0.6523532601427994,0.4304199630531122,1.1093268949368076,0.006301338195381367
11,1.0,1.0,1.0,0.5596743471069573,0.9556848304206005,0.5028669407971564
11,1.0,1.0,1.0,0.5596743471069573,0.9556848304206005,0.5028669407971564
11,0.47111975566779185,0.9191853059205257,1.0,0.07796113641842783,1.0608999770678182,0.09974756588680178
11,0.5783846931674973,1.0,0.8384777229899247,0.5596743471069573,0.9827168174454775,0.19981593047088508
11,0.406829494566711,0.814636720753758,1.0,0.0,1.1341787795051923,0.02113782497585226
11,0.3831474722291442,0.8504225131066644,0.8384777229899247,0.2226471626975145,1.1818370776660474,0.007468236556809726
11,0.406829494566711,0.9124033618284052,1.0,0.3280899344323467,1.11304095452934,0.07851607469218136
11,0.40060528288592734,1.0,0.6871179341285194,0.4678376659443417,1.1303342923584656,0.06219188733217851
11,1.0,1.0,1.0,0.4787685358284761,0.9615394287534416,0.5087215391299975
11,1.0,1.0,1.0,0.4787685358284761,0.9615394287534416,0.5087215391299975
11,0.36926651029297336,0.7001940872968373,1.0,0.0,1.226263081617492,0.021120316799799976
11,1.0,1.0,0.8842949671919496,0.5476252508803788,0.9764221635095737,0.5236042738861297
11,0.5650227023949602,0.9698217593679936,1.0,0.23990633679274692,1.005452105133497,0.20403671535271728
11,0.47111975566779185,0.9191853059205257,1.0,0.015990092871715385,1.0790137690658208,0.11786135788480434
11,0.6955297760500601,1.0,0.8384777229899247,0.5596743471069573,0.9827168174454775,0.3316765528621384
11,0.39728069690099815,0.894340184406879,1.0,0.08045969919654067,1.1397933311854571,0.06725457305683702
11,0.3867906350436274,0.7925804477403046,1.0,0.07796113641842783,1.1707054098000116,0.03970283406123043
11,0.3529839491972635,0.9461420055285811,1.0,0.0,1.2828285530353623,0.20899674442892402
11,0.1975334893609922,0.9461420055285811,0.8637761900247352,0.24044425495860552,2.2923600916924913,1.2008460829865704
11,0.4195493967713796,0.8541626249239512,1.0,0.0,1.1140873960399438,0.03479162662255808
11,0.2847477539861193,0.7301746785671536,0.9838477722989925,0.05596743471069576,1.5902421780229157,0.4036605430892226
11,0.9649408376373223,1.0,0.8958654704727546,0.5596743471069573,0.9719961475718076,0.5027260411104355
11,0.4786420873112511,0.8138922261957758,1.0,0.0030892983274364433,1.1336689932700392,0.18762203849032544
11,0.406829494566711,0.9124033618284052,1.0,0.2552747042817136,1.11304095452934,0.07448171102297985
11,0.3160759999008076,1.0,0.693107673680857,0.5596743471069573,1.4326234474801751,0.4148056071555033
11,0.05,0.8029948080463759,1.0,0.0,9.056357620398087,7.915884066130216
11,0.7980309816559586,0.9272667753284731,1.0,0.0,1.0814414433274415,0.5140225085772884
11,0.40060528288592734,0.8331730486783823,0.8384777229899247,0.05596743471069576,1.2343093248421204,0.1039750324836548
11,0.43768412123518774,0.7776892884351375,1.0,0.0,1.1548062862919508,0.12022936866517409
11,1.0,1.0,0.8384777229899247,0.5596743471069573,0.9827168174454775,0.5298989278220334
11,0.7920848507304632,1.0,0.582983404601274,0.5596743471069573,1.0560618315424213,0.484383318707599
11,0.32528623723817146,0.8443187634237559,0.8384777229899247,0.44776308091004147,1.3920597825743646,0.24808395650272397
11,0.5472704355174076,0.9698217593679936,1.0,0.5596743471069573,0.9810566115774181,0.15364504343608165
11,0.4950361310488616,1.0,0.6523532601427994,0.5596743471069573,1.0304660242976047,0.11574917685834063
11,0.4291588473623478,0.8431436354173524,1.0,0.3230972680049596,1.0887583060243164,0.03362943753145875
11,0.44433016484077403,1.0,0.6523532601427994,0.4304199630531122,1.1093268949368076,0.09022460369482732
11,0.5474781852631632,0.9917148136313022,1.0,0.46884794834184673,0.9684519326413731,0.14135433964503707
12,0.46296553320871164,0.9461420055285811,1.0,0.3230972680049596,1.011264691521942,0.03318348111346925
12,0.4105234789944101,1.0,0.6523532601427994,0.4304199630531122,1.1093268949368076,0.006301338195381367
12,1.0,1.0,1.0,0.5596743471069573,0.9556848304206005,0.5028669407971564
12,1.0,1.0,1.0,0.5596743471069573,0.9556848304206005,0.5028669407971564
12,0.5474781852631632,0.9917148136313022,1.0,0.46884794834184673,0.9684519326413731,0.14135433964503707
12,0.47111975566779185,0.9191853059205257,1.0,0.07796113641842783,1.0608999770678182,0.09974756588680178
12,0.4950361310488616,1.0,0.6523532601427994,0.5596743471069573,1.0304660242976047,0.11574917685834063
12,0.4291588473623478,0.8431436354173524,1.0,0.3230972680049596,1.0887583060243164,0.03362943753145875
12,0.406829494566711,0.814636720753758,1.0,0.0,1.1341787795051923,0.02113782497585226
12,0.3831474722291442,0.8504225131066644,0.8384777229899247,0.2226471626975145,1.1818370776660474,0.007468236556809726
12,1.0,1.0,1.0,0.4787685358284761,0.9615394287534416,0.5087215391299975
12,1.0,1.0,1.0,0.4787685358284761,0.9615394287534416,0.5087215391299975
12,0.9649408376373223,1.0,0.8958654704727546,0.5596743471069573,0.9719961475718076,0.5027260411104355
12,0.5472704355174076,0.9698217593679936,1.0,0.5596743471069573,0.9810566115774181,0.15364504343608165
12,0.36926651029297336,0.7001940872968373,1.0,0.0,1.226263081617492,0.021120316799799976
12,1.0,1.0,0.8842949671919496,0.5476252508803788,0.9764221635095737,0.5236042738861297
12,0.5697907752683558,1.0,0.8384777229899247,0.5596743471069573,0.9827168174454775,0.18800776118129314
12,0.47111975566779185,0.9191853059205257,1.0,0.015990092871715385,1.0790137690658208,0.11786135788480434
12,0.4195493967713796,0.8541626249239512,1.0,0.0,1.1140873960399438,0.03479162662255808
12,0.44433016484077403,1.0,0.6523532601427994,0.4304199630531122,1.1093268949368076,0.09022460369482732
12,0.9500782656764105,0.8541626249239512,1.0,0.3230972680049596,1.0795751260694328,0.60296398153676
12,1.0,1.0,1.0,0.4868591169563242,0.9608990227467171,0.5080811331232731
12,0.5474781852631632,0.9917148136313022,1.0,0.5246218875338879,0.9646171206846661,0.1375195276883301
12,0.6377288361180896,1.0,0.5255956571184441,0.5596743471069573,1.0823432189656903,0.37229552514874487
12,0.05,0.580597191673818,0.8384777229899247,0.0,9.056357620398087,7.612314505526308
12,1.0,0.9900829094440611,1.0,0.5596743471069573,0.9638518139279936,0.5110339243045496
12,0.12535180149577835,0.9272667753284731,0.9321987995644456,0.12613245748728075,3.6123763764107992,2.524158847628179
12,0.09379855536936843,0.9272667753284731,0.8384777229899247,0.19894768763791382,4.827557135241131,3.69598007271833
12,0.5472704355174076,0.9698217593679936,1.0,0.4868591169563242,0.9841672417154992,0.15675567357416276
12,1.0,1.0,1.0,0.47481002072974576,0.9618576852356487,0.5090397956122048
12,0.05,0.7301746785671536,0.6523532601427994,0.0,9.056357620398087,7.498917505836566
12,0.9784752621570372,0.9272667753284731,1.0,0.04522664620879957,1.0660653590471956,0.603286270881746
12,0.9649408376373223,1.0,0.6523532601427994,0.4304199630531122,1.1093268949368076,0.6400567884754355
12,0.946096896637563,0.8713454066915365,1.0,0.18798099462401247,1.0701428975464076,0.5915260759428657
12,0.5097312938559511,0.7001940872968373,0.8384777229899247,0.5596743471069573,1.3318335931043848,0.4434873317585373
12,0.4586268899252381,1.0,1.0,0.0,1.0536979771077053,0.06636404829523868
12,1.0,1.0,1.0,0.5596743471069573,0.9556848304206005,0.5028669407971564
12,0.3982355766675694,0.886369838041567,0.8546299506909323,0.015990092871715385,1.2099858083059982,0.07292544637556442
12,0.6266532403579461,1.0,1.0,0.2828565854986275,0.9824472206771826,0.2598500007298097
12,0.9239386131509937,1.0,1.0,0.4433454014584967,0.9645088907505945,0.4744136797258276
13,0.46296553320871164,0.9461420055285811,1.0,0.3230972680049596,1.011264691521942,0.03318348111346925
13,0.4105234789944101,1.0,0.6523532601427994,0.4304199630531122,1.1093268949368076,0.006301338195381367
13,1.0,1.0,1.0,0.5596743471069573,0.9556848304206005,0.5028669407971564
13,1.0,1.0,1.0,0.5596743471069573,0.9556848304206005,0.5028669407971564
13,0.5474781852631632,0.9917148136313022,1.0,0.5246218875338879,0.9646171206846661,0.1375195276883301
13,1.0,1.0,1.0,0.5596743471069573,0.9556848304206005,0.5028669407971564
13,0.9239386131509937,1.0,1.0,0.4433454014584967,0.9645088907505945,0.4744136797258276
13,0.4950361310488616,1.0,0.6523532601427994,0.5596743471069573,1.0304660242976047,0.11574917685834063
13,0.4291588473623478,0.8431436354173524,1.0,0.3230972680049596,1.0887583060243164,0.03362943753145875
13,0.4586268899252381,1.0,1.0,0.0,1.0536979771077053,0.06636404829523868
13,0.406829494566711,0.814636720753758,1.0,0.0,1.1341787795051923,0.02113782497585226
13,0.3831474722291442,0.8504225131066644,0.8384777229899247,0.2226471626975145,1.1818370776660474,0.007468236556809726
13,0.5474781852631632,0.9917148136313022,1.0,0.46884794834184673,0.9684519326413731,0.14135433964503707
13,1.0,1.0,1.0,0.4868591169563242,0.9608990227467171,0.5080811331232731
13,0.36926651029297336,0.7001940872968373,1.0,0.0,1.226263081617492,0.021120316799799976
13,1.0,1.0,1.0,0.4787685358284761,0.9615394287534416,0.5087215391299975
13,1.0,1.0,1.0,0.4787685358284761,0.9615394287534416,0.5087215391299975
13,0.5472704355174076,0.9698217593679936,1.0,0.5596743471069573,0.9810566115774181,0.15364504343608165
13,0.9649408376373223,1.0,0.8958654704727546,0.5596743471069573,0.9719961475718076,0.5027260411104355
13,0.47111975566779185,0.9191853059205257,1.0,0.07796113641842783,1.0608999770678182,0.09974756588680178
13,0.9315447518358944,1.0,1.0,0.3230972680049596,0.9770992286267299,0.49100568486755786
13,0.051357256662084905,0.992543332268172,1.0,0.0,8.817018483651632,7.760663284224728
13,1.0,1.0,0.8958654704727546,0.5596743471069573,0.9719961475718076,0.5191782579483637
13,1.0,0.9698217593679936,0.6871179341285194,0.5596743471069573,1.0449544926883543,0.5921366030649102
13,1.0,1.0,1.0,0.40595330567784305,0.9679679657421065,0.5151500761186625
13,1.0,1.0,1.0,0.5596743471069573,0.9556848304206005,0.5028669407971564
13,0.8664784923413037,0.8988947081309414,0.8384777229899247,0.43556653388931243,1.0949596107411588,0.5723639623135663
13,0.8862925703622107,0.9991714813631303,1.0,0.3956991108739946,0.9695325758001401,0.45862014720978006
13,0.4586268899252381,1.0,1.0,0.0,1.0536979771077053,0.06636404829523868
13,0.42658088288475593,1.0,0.6523532601427994,0.5277935261739758,1.0615053491206,0.011881401029812055
13,0.8137054840655508,0.7729273119683642,0.9062789234254791,0.43354188961967655,1.198268562312459,0.6417798838076265
13,0.9649408376373223,1.0,0.8958654704727546,0.5596743471069573,0.9719961475718076,0.5027260411104355
13,0.39760560123593786,0.8431436354173524,0.9062789234254791,0.3230972680049596,1.138861946435959,0.011126975701578168
13,0.9174330152647363,0.9461420055285811,1.0,0.2502820378543265,1.0179266340624165,0.5243561149635094
13,0.5474781852631632,0.7001940872968373,1.0,0.40331424120627696,1.2557630119891134,0.42866541899277744
13,0.30257502573554085,0.6837733518275626,1.0,0.0,1.4965474677856927,0.27927375973588586
13,1.0,1.0,1.0,0.5596743471069573,0.9556848304206005,0.5028669407971564
13,0.4218200471491756,0.8674046650646022,1.0,0.5437197864328381,1.079112296403462,0.005626358352162963
13,1.0,1.0,1.0,0.5596743471069573,0.9556848304206005,0.5028669407971564
13,0.3684523094220547,0.8406297164102102,0.6523532601427994,0.13771119359929523,1.3936602729829293,0.16468741199701742
14,0.46296553320871164,0.9461420055285811,1.0,0.3230972680049596,1.011264691521942,0.03318348111346925
14,1.0,1.0,1.0,0.5596743471069573,0.9556848304206005,0.5028669407971564
14,1.0,1.0,1.0,0.5596743471069573,0.9556848304206005,0.5028669407971564
14,0.5474781852631632,0.9917148136313022,1.0,0.5246218875338879,0.9646171206846661,0.1375195276883301
14,1.0,1.0,1.0,0.5596743471069573,0.9556848304206005,0.5028669407971564
14,0.9239386131509937,1.0,1.0,0.4433454014584967,0.9645088907505945,0.4744136797258276
14,1.0,1.0,1.0,0.5596743471069573,0.9556848304206005,0.5028669407971564
14,0.42658088288475593,1.0,0.6523532601427994,0.5277935261739758,1.0615053491206,0.011881401029812055
14,1.0,1.0,1.0,0.5596743471069573,0.9556848304206005,0.5028669407971564
14,0.4218200471491756,0.8674046650646022,1.0,0.5437197864328381,1.079112296403462,0.005626358352162963
14,1.0,1.0,1.0,0.5596743471069573,0.9556848304206005,0.5028669407971564
14,0.4950361310488616,1.0,0.6523532601427994,0.5596743471069573,1.0304660242976047,0.11574917685834063
14,0.4586268899252381,1.0,1.0,0.0,1.0536979771077053,0.06636404829523868
14,0.4586268899252381,1.0,1.0,0.0,1.0536979771077053,0.06636404829523868
14,0.5474781852631632,0.9917148136313022,1.0,0.46884794834184673,0.9684519326413731,0.14135433964503707
14,0.4105234789944101,1.0,0.6523532601427994,0.4304199630531122,1.1093268949368076,0.006301338195381367
14,0.4291588473623478,0.8431436354173524,1.0,0.3230972680049596,1.0887583060243164,0.03362943753145875
14,1.0,1.0,1.0,0.4868591169563242,0.9608990227467171,0.5080811331232731
14,0.3831474722291442,0.8504225131066644,0.8384777229899247,0.2226471626975145,1.1818370776660474,0.007468236556809726
14,1.0,1.0,1.0,0.4787685358284761,0.9615394287534416,0.5087215391299975
14,1.0,1.0,1.0,0.4868591169563242,0.9608990227467171,0.5080811331232731
14,0.9320685240735155,0.8653802617959979,0.8546299506909323,0.5596743471069573,1.106392202301656,0.6205718168953933
14,0.051357256662084905,0.992543332268172,1.0,0.0,8.817018483651632,7.760663284224728
14,1.0,1.0,1.0,0.5596743471069573,0.9556848304206005,0.5028669407971564
14,0.05,0.8674046650646022,0.6871179341285194,0.5596743471069573,9.056357620398087,7.912135478753695
14,1.0,1.0,1.0,0.5596743471069573,0.9556848304206005,0.5028669407971564
14,0.4385918786803195,0.7262339369402193,1.0,0.4471293608895008,1.2323174736692435,0.19988182892745887
14,1.0,1.0,1.0,0.2864766705285612,0.9819371753644934,0.5291192857410494
14,1.0,1.0,1.0,0.003754362271897904,1.052104544934946,0.5992866553115019
14,0.984326122356118,0.9777633736213545,1.0,0.5596743471069573,0.97422800545538,0.5141996882830666
14,1.0,0.9917148136313022,1.0,0.5596743471069573,0.9624966705229571,0.5096787808995131
14,0.4950361310488616,1.0,0.6523532601427994,0.5596743471069573,1.0304660242976047,0.11574917685834063
14,0.05,0.8049712774041982,1.0,0.11017789681316165,9.056357620398087,7.936815380303642
14,0.5634913792129673,1.0,0.6523532601427994,0.5596743471069573,1.0304660242976047,0.2268727379102906
14,0.8376149542851687,0.8504225131066644,1.0,0.15711345556194473,1.086042903786156,0.5454390293936572
14,0.35812563472065023,1.0,0.6523532601427994,0.48863118222593105,1.2644107120817085,0.19100924978140021
14,1.0,1.0,1.0,0.4941406399713875,0.9603339358653968,0.5075160462419528
14,0.49771695951528866,1.0,0.8324879834375871,0.2746317271288152,1.0692208856639929,0.15943093274083453
14,1.0,1.0,1.0,0.5596743471069573,0.9556848304206005,0.5028669407971564
14,1.0,1.0,1.0,0.26888680590249364,0.984473628327734,0.53165573870429
15,0.46296553320871164,0.9461420055285811,1.0,0.3230972680049596,1.011264691521942,0.03318348111346925
15,1.0,1.0,1.0,0.5596743471069573,0.9556848304206005,0.5028669407971564
15,1.0,1.0,1.0,0.5596743471069573,0.9556848304206005,0.5028669407971564
15,0.5474781852631632,0.9917148136313022,1.0,0.5246218875338879,0.9646171206846661,0.1375195276883301
15,1.0,1.0,1.0,0.5596743471069573,0.9556848304206005,0.5028669407971564
15,0.9239386131509937,1.0,1.0,0.4433454014584967,0.9645088907505945,0.4744136797258276
15,1.0,1.0,1.0,0.5596743471069573,0.9556848304206005,0.5028669407971564
15,0.42658088288475593,1.0,0.6523532601427994,0.5277935261739758,1.0615053491206,0.011881401029812055
15,1.0,1.0,1.0,0.5596743471069573,0.9556848304206005,0.5028669407971564
15,0.4218200471491756,0.8674046650646022,1.0,0.5437197864328381,1.079112296403462,0.005626358352162963
15,1.0,1.0,1.0,0.5596743471069573,0.9556848304206005,0.5028669407971564
15,1.0,1.0,1.0,0.5596743471069573,0.9556848304206005,0.5028669407971564
15,1.0,1.0,1.0,0.5596743471069573,0.9556848304206005,0.5028669407971564
15,1.0,1.0,1.0,0.5596743471069573,0.9556848304206005,0.5028669407971564
15,0.4105234789944101,1.0,0.6523532601427994,0.4304199630531122,1.1093268949368076,0.006301338195381367
15,1.0,1.0,1.0,0.4941406399713875,0.9603339358653968,0.5075160462419528
15,0.5474781852631632,0.9917148136313022,1.0,0.46884794834184673,0.9684519326413731,0.14135433964503707
15,0.4950361310488616,1.0,0.6523532601427994,0.5596743471069573,1.0304660242976047,0.11574917685834063
15,0.4291588473623478,0.8431436354173524,1.0,0.3230972680049596,1.0887583060243164,0.03362943753145875
15,0.4586268899252381,1.0,1.0,0.0,1.0536979771077053,0.06636404829523868
15,0.5474781852631632,0.9917148136313022,1.0,0.46884794834184673,0.9684519326413731,0.14135433964503707
15,1.0,0.992543332268172,1.0,0.5596743471069573,0.9618103689902332,0.5089924793667893
15,1.0,0.992543332268172,1.0,0.5281271334911949,0.9637341668566524,0.5109162772332083
15,1.0,0.9917148136313022,1.0,0.5596743471069573,0.9624966705229571,0.5096787808995131
15,1.0,1.0,1.0,0.5596743471069573,0.9556848304206005,0.5028669407971564
15,0.4218200471491756,0.8674046650646022,1.0,0.4433454014584967,1.073485938051299,0.0007712920552465086
15,0.4694711310949691,1.0,0.6871179341285194,0.4433454014584967,1.0813776505680175,0.11684999568196242
15,0.3819609985694764,0.8916158304416294,0.6523532601427994,0.41968769354829694,1.199468782168517,0.013960600478105878
15,0.9403379202586429,1.0,0.6523532601427994,0.5596743471069573,1.0304660242976047,0.5489179766870553
15,0.9099119029969154,1.0,0.6523532601427994,0.5596743471069573,1.0304660242976047,0.532815770369509
15,0.9239386131509937,1.0,1.0,0.4433454014584967,0.9645088907505945,0.4744136797258276
15,0.4580051935952792,0.9291363935824191,0.6523532601427994,0.5596743471069573,1.0926520415412702,0.10397790548392938
15,0.35051949603574956,0.9589844727075509,0.6523532601427994,0.34642136859794026,1.2918479397169709,0.10257793569633811
15,0.3890517301379144,0.8674046650646022,1.0,0.04001287403657661,1.1639014913308359,0.06811551499947677
15,0.4105234789944101,1.0,0.6523532601427994,0.5596743471069573,1.1030255567414262,0.07255953244382152
15,1.0,0.992543332268172,1.0,0.5066233270580411,0.9651440474888492,0.5123261578654053
15,1.0,0.9917148136313022,1.0,0.5596743471069573,0.9624966705229571,0.5096787808995131
15,0.4218200471491756,0.8674046650646022,1.0,0.5437197864328381,1.079112296403462,0.005626358352162963
15,1.0,1.0,1.0,0.3230972680049596,0.9770992286267299,0.5242813390032859
15,1.0,0.951527804975723,1.0,0.46308392156361994,0.9997985804205392,0.5469806907970951
16,0.46296553320871164,0.9461420055285811,1.0,0.3230972680049596,1.011264691521942,0.03318348111346925
16,1.0,1.0,1.0,0.5596743471069573,0.9556848304206005,0.5028669407971564
16,1.0,1.0,1.0,0.5596743471069573,0.9556848304206005,0.5028669407971564
16,0.5474781852631632,0.9917148136313022,1.0,0.5246218875338879,0.9646171206846661,0.1375195276883301
16,1.0,1.0,1.0,0.5596743471069573,0.9556848304206005,0.5028669407971564
16,0.9239386131509937,1.0,1.0,0.4433454014584967,0.9645088907505945,0.4744136797258276
16,1.0,1.0,1.0,0.5596743471069573,0.9556848304206005,0.5028669407971564
16,0.42658088288475593,1.0,0.6523532601427994,0.5277935261739758,1.0615053491206,0.011881401029812055
16,1.0,1.0,1.0,0.5596743471069573,0.9556848304206005,0.5028669407971564
16,1.0,1.0,1.0,0.5596743471069573,0.9556848304206005,0.5028669407971564
16,1.0,1.0,1.0,0.5596743471069573,0.9556848304206005,0.5028669407971564
16,1.0,1.0,1.0,0.5596743471069573,0.9556848304206005,0.5028669407971564
16,1.0,1.0,1.0,0.5596743471069573,0.9556848304206005,0.5028669407971564
16,1.0,1.0,1.0,0.5596743471069573,0.9556848304206005,0.5028669407971564
16,0.4218200471491756,0.8674046650646022,1.0,0.4433454014584967,1.073485938051299,0.0007712920552465086
16,0.9239386131509937,1.0,1.0,0.4433454014584967,0.9645088907505945,0.4744136797258276
16,1.0,1.0,1.0,0.4941406399713875,0.9603339358653968,0.5075160462419528
16,0.4218200471491756,0.8674046650646022,1.0,0.5437197864328381,1.079112296403462,0.005626358352162963
16,0.4218200471491756,0.8674046650646022,1.0,0.5437197864328381,1.079112296403462,0.005626358352162963
16,0.5474781852631632,0.9917148136313022,1.0,0.46884794834184673,0.9684519326413731,0.14135433964503707
16,0.46296553320871164,1.0,1.0,0.5596743471069573,0.9780812104084728,0.02239637998787236
16,0.49788143399818197,0.9084201923570513,1.0,0.5596743471069573,1.0378829554697524,0.12839355047132062
16,0.479638042434258,0.880664198558142,1.0,0.4549782960233428,1.0608617101042945,0.11677919564393402
16,1.0,1.0,1.0,0.5596743471069573,0.9556848304206005,0.5028669407971564
16,1.0,1.0,1.0,0.4836710348630261,0.9611497785662154,0.5083318889427715
16,0.8338505161479091,1.0,0.6523532601427994,0.5596743471069573,1.0304660242976047,0.4874215807622405
16,1.0,1.0,1.0,0.5596743471069573,0.9556848304206005,0.5028669407971564
16,1.0,1.0,1.0,0.5596743471069573,0.9556848304206005,0.5028669407971564
16,0.05,0.8268062040867231,1.0,0.36771849982026517,9.056357620398087,7.950469823034074
16,1.0,1.0,1.0,0.5596743471069573,0.9556848304206005,0.5028669407971564
16,0.4218200471491756,0.8674046650646022,1.0,0.5437197864328381,1.079112296403462,0.005626358352162963
16,0.4035766555852517,0.880664198558142,1.0,0.42898629685178946,1.1220120953170354,0.06206939362540731
16,1.0,1.0,1.0,0.5596743471069573,0.9556848304206005,0.5028669407971564
16,1.0,1.0,1.0,0.5596743471069573,0.9556848304206005,0.5028669407971564
16,1.0,1.0,1.0,0.5596743471069573,0.9556848304206005,0.5028669407971564
16,0.4035766555852517,0.880664198558142,1.0,0.42898629685178946,1.1220120953170354,0.06206939362540731
16,0.5166689798878406,0.951527804975723,1.0,0.34675497591515936,1.0058924560235272,0.12947465889132326
16,0.479638042434258,0.880664198558142,1.0,0.389444588887773,1.0589211120653133,0.11483859760495274
16,0.479638042434258,0.880664198558142,1.0,0.5453152425002501,1.0653111295567956,0.12122861509643512
16,0.5851242280519462,0.951527804975723,1.0,0.4514510269987739,1.0002406944087285,0.22635735888193786
17,1.0,1.0,1.0,0.5596743471069573,0.9556848304206005,0.5028669407971564
17,0.4218200471491756,0.8674046650646022,1.0,0.4433454014584967,1.073485938051299,0.0007712920552465086
17,1.0,1.0,1.0,0.5596743471069573,0.9556848304206005,0.5028669407971564
17,0.46296553320871164,1.0,1.0,0.5596743471069573,0.9780812104084728,0.02239637998787236
17,0.5474781852631632,0.9917148136313022,1.0,0.5246218875338879,0.9646171206846661,0.1375195276883301
17,0.42658088288475593,1.0,0.6523532601427994,0.5277935261739758,1.0615053491206,0.011881401029812055
17,0.9239386131509937,1.0,1.0,0.4433454014584967,0.9645088907505945,0.4744136797258276
17,0.9239386131509937,1.0,1.0,0.4433454014584967,0.9645088907505945,0.4744136797258276
17,1.0,1.0,1.0,0.5596743471069573,0.9556848304206005,0.5028669407971564
17,1.0,1.0,1.0,0.5596743471069573,0.9556848304206005,0.5028669407971564
17,1.0,1.0,1.0,0.5596743471069573,0.9556848304206005,0.5028669407971564
17,1.0,1.0,1.0,0.5596743471069573,0.9556848304206005,0.5028669407971564
17,1.0,1.0,1.0,0.5596743471069573,0.9556848304206005,0.5028669407971564
17,1.0,1.0,1.0,0.5596743471069573,0.9556848304206005,0.5028669407971564
17,1.0,1.0,1.0,0.5596743471069573,0.9556848304206005,0.5028669407971564
17,1.0,1.0,1.0,0.5596743471069573,0.9556848304206005,0.5028669407971564
17,1.0,1.0,1.0,0.5596743471069573,0.9556848304206005,0.5028669407971564
17,1.0,1.0,1.0,0.5596743471069573,0.9556848304206005,0.5028669407971564
17,1.0,1.0,1.0,0.5596743471069573,0.9556848304206005,0.5028669407971564
17,1.0,1.0,1.0,0.5596743471069573,0.9556848304206005,0.5028669407971564
17,1.0,1.0,1.0,0.5596743471069573,0.9556848304206005,0.5028669407971564
17,0.42658088288475593,1.0,0.6523532601427994,0.5277935261739758,1.0615053491206,0.011881401029812055
17,1.0,1.0,1.0,0.5596743471069573,0.9556848304206005,0.5028669407971564
17,1.0,1.0,1.0,0.5596743471069573,0.9556848304206005,0.5028669407971564
17,1.0,1.0,1.0,0.5596743471069573,0.9556848304206005,0.5028669407971564
17,1.0,1.0,1.0,0.5596743471069573,0.9556848304206005,0.5028669407971564
17,1.0,1.0,1.0,0.5596743471069573,0.9556848304206005,0.5028669407971564
17,0.46296553320871164,1.0,1.0,0.5596743471069573,0.9780812104084728,0.02239637998787236
17,0.5166689798878406,1.0,1.0,0.5596743471069573,0.9556848304206005,0.07926703328839657
17,0.05,0.880664198558142,0.6523532601427994,0.4230974750903613,9.056357620398087,7.849032444151781
17,0.479638042434258,0.880664198558142,1.0,0.4549782960233428,1.0608617101042945,0.11677919564393402
17,0.5927303667368469,0.992543332268172,1.0,0.5281271334911949,0.9637341668566524,0.19978159293133857
17,0.5166689798878406,1.0,1.0,0.5596743471069573,0.9556848304206005,0.07926703328839657
17,0.4839227945962803,1.0,0.6871179341285194,0.5309816082672739,1.0345918839680441,0.098868470653099
17,0.479638042434258,0.880664198558142,1.0,0.5596743471069573,1.066171371123391,0.1220888566630306
17,0.46296553320871164,1.0,1.0,0.5596743471069573,0.9780812104084728,0.02239637998787236
17,1.0,1.0,1.0,0.5596743471069573,0.9556848304206005,0.5028669407971564
17,0.9239386131509937,1.0,1.0,0.4433454014584967,0.9645088907505945,0.4744136797258276
17,1.0,1.0,1.0,0.5596743471069573,0.9556848304206005,0.5028669407971564
17,0.9239386131509937,1.0,1.0,0.4433454014584967,0.9645088907505945,0.4744136797258276
18,0.4218200471491756,0.8674046650646022,1.0,0.4433454014584967,1.073485938051299,0.0007712920552465086
18,0.46296553320871164,1.0,1.0,0.5596743471069573,0.9780812104084728,0.02239637998787236
18,0.42658088288475593,1.0,0.6523532601427994,0.5277935261739758,1.0615053491206,0.011881401029812055
18,0.42658088288475593,1.0,0.6523532601427994,0.5277935261739758,1.0615053491206,0.011881401029812055
18,0.46296553320871164,1.0,1.0,0.5596743471069573,0.9780812104084728,0.02239637998787236
18,0.5166689798878406,1.0,1.0,0.5596743471069573,0.9556848304206005,0.07926703328839657
18,0.5166689798878406,1.0,1.0,0.5596743471069573,0.9556848304206005,0.07926703328839657
18,0.46296553320871164,1.0,1.0,0.5596743471069573,0.9780812104084728,0.02239637998787236
18,1.0,1.0,1.0,0.5596743471069573,0.9556848304206005,0.5028669407971564
18,1.0,1.0,1.0,0.5596743471069573,0.9556848304206005,0.5028669407971564
18,0.4839227945962803,1.0,0.6871179341285194,0.5309816082672739,1.0345918839680441,0.098868470653099
18,0.5474781852631632,0.9917148136313022,1.0,0.5246218875338879,0.9646171206846661,0.1375195276883301
18,0.5927303667368469,0.992543332268172,1.0,0.5281271334911949,0.9637341668566524,0.19978159293133857
18,1.0,1.0,1.0,0.5596743471069573,0.9556848304206005,0.5028669407971564
18,1.0,1.0,1.0,0.5596743471069573,0.9556848304206005,0.5028669407971564
18,1.0,1.0,1.0,0.5596743471069573,0.9556848304206005,0.5028669407971564
18,1.0,1.0,1.0,0.5596743471069573,0.9556848304206005,0.5028669407971564
18,1.0,1.0,1.0,0.5596743471069573,0.9556848304206005,0.5028669407971564
18,1.0,1.0,1.0,0.5596743471069573,0.9556848304206005,0.5028669407971564
18,1.0,1.0,1.0,0.5596743471069573,0.9556848304206005,0.5028669407971564
18,0.42658088288475593,1.0,0.6523532601427994,0.5277935261739758,1.0615053491206,0.011881401029812055
18,0.40357665558525174,0.88812086628997,1.0,0.4865255096391052,1.1220120953170354,0.06692842312925196
18,0.4924370999711159,1.0,1.0,0.5596743471069573,0.9556848304206005,0.03614020394286854
18,0.9146359605352016,0.880664198558142,1.0,0.4549782960233428,1.0608617101042945,0.5657817994956907
18,1.0,1.0,1.0,0.5596743471069573,0.9556848304206005,0.5028669407971564
18,0.8911924278594334,1.0,0.6871179341285194,0.5596743471069573,1.0195827115315368,0.511479326210156
18,0.10939934662468737,0.992543332268172,1.0,0.5281271334911949,4.1391278824598565,3.175393715603204
18,0.5355305151366523,1.0,0.7184061407156674,0.5338508821512422,1.0225536494096847,0.17700353334362728
18,1.0,1.0,1.0,0.5596743471069573,0.9556848304206005,0.5028669407971564
18,0.9315447518358944,1.0,1.0,0.5596743471069573,0.9556848304206005,0.4695912866614284
18,1.0,1.0,1.0,0.5596743471069573,0.9556848304206005,0.5028669407971564
18,1.0,1.0,0.6871179341285194,0.5596743471069573,1.0195827115315368,0.5667648219080927
18,0.4218200471491756,0.8674046650646022,1.0,0.4433454014584967,1.073485938051299,0.0007712920552465086
18,0.05,0.880664198558142,0.6523532601427994,0.4230974750903613,9.056357620398087,7.849032444151781
18,0.5166689798878406,1.0,1.0,0.5596743471069573,0.9556848304206005,0.07926703328839657
18,0.4839227945962803,1.0,1.0,0.5309816082672739,0.9576286425517995,0.02190522923685434
18,0.46296553320871164,1.0,1.0,0.5596743471069573,0.9780812104084728,0.02239637998787236
18,0.34987320890612283,0.88812086628997,1.0,0.4865255096391052,1.294234246165235,0.23915057397745154
18,1.0,1.0,1.0,0.5596743471069573,0.9556848304206005,0.5028669407971564
18,1.0,1.0,1.0,0.5596743471069573,0.9556848304206005,0.5028669407971564
19,0.4218200471491756,0.8674046650646022,1.0,0.4433454014584967,1.073485938051299,0.0007712920552465086
19,0.42658088288475593,1.0,0.6523532601427994,0.5277935261739758,1.0615053491206,0.011881401029812055
19,0.42658088288475593,1.0,0.6523532601427994,0.5277935261739758,1.0615053491206,0.011881401029812055
19,0.42658088288475593,1.0,0.6523532601427994,0.5277935261739758,1.0615053491206,0.011881401029812055
19,0.4924370999711159,1.0,1.0,0.5596743471069573,0.9556848304206005,0.03614020394286854
19,0.4218200471491756,0.8674046650646022,1.0,0.4433454014584967,1.073485938051299,0.0007712920552465086
19,0.4839227945962803,1.0,1.0,0.5309816082672739,0.9576286425517995,0.02190522923685434
19,0.5166689798878406,1.0,1.0,0.5596743471069573,0.9556848304206005,0.07926703328839657
19,0.5166689798878406,1.0,1.0,0.5596743471069573,0.9556848304206005,0.07926703328839657
19,0.5166689798878406,1.0,1.0,0.5596743471069573,0.9556848304206005,0.07926703328839657
19,0.46296553320871164,1.0,1.0,0.5596743471069573,0.9780812104084728,0.02239637998787236
19,0.46296553320871164,1.0,1.0,0.5596743471069573,0.9780812104084728,0.02239637998787236
19,0.46296553320871164,1.0,1.0,0.5596743471069573,0.9780812104084728,0.02239637998787236
19,0.46296553320871164,1.0,1.0,0.5596743471069573,0.9780812104084728,0.02239637998787236
19,0.5474781852631632,0.9917148136313022,1.0,0.5246218875338879,0.9646171206846661,0.1375195276883301
19,0.5927303667368469,0.992543332268172,1.0,0.5281271334911949,0.9637341668566524,0.19978159293133857
19,0.9315447518358944,1.0,1.0,0.5596743471069573,0.9556848304206005,0.4695912866614284
19,0.4839227945962803,1.0,0.6871179341285194,0.5309816082672739,1.0345918839680441,0.098868470653099
19,0.40357665558525174,0.88812086628997,1.0,0.4865255096391052,1.1220120953170354,0.06692842312925196
19,0.5355305151366523,1.0,0.7184061407156674,0.5338508821512422,1.0225536494096847,0.17700353334362728
19,0.4218200471491756,1.0,1.0,0.5596743471069573,1.073485938051299,0.11780110763069862
19,0.42658088288475593,0.8948318672486152,1.0,0.5149180018932913,1.0615053491206,0.011796445804128863
19,0.5166689798878406,1.0,1.0,0.5596743471069573,0.9556848304206005,0.07926703328839657
19,0.42658088288475593,1.0,1.0,0.5281271334911949,1.0615053491206,0.1036758288657117
19,0.45117660930472014,1.0,0.3742358682570388,0.5022888694275905,1.290308966536227,0.2866711898118679
19,0.4632189900267266,0.899308779660973,1.0,0.49384039338589036,1.04480083834851,0.06725479889837993
19,0.40587707831520214,0.899308779660973,0.96523532601428,0.49065231129259224,1.115652775565101,0.06339497617302503
19,0.9685756892894768,1.0,1.0,0.5596743471069573,0.9556848304206005,0.48817579151324475
19,0.5265208807484579,1.0,1.0,0.5596743471069573,0.9556848304206005,0.09566596740313538
19,0.4991450832519472,0.9917148136313022,1.0,0.5246218875338879,0.9646171206846661,0.057430203768744414
19,0.45739838451011644,1.0,1.0,0.5309816082672739,0.9899857638790174,0.03235712132721791
19,0.46694741287234975,1.0,1.0,0.5542227267274175,0.9697406530664491,0.01369673288439921
19,0.4839227945962804,1.0,0.6871179341285194,0.5309816082672739,1.0345918839680441,0.09886847065309912
19,0.433048222347656,0.88812086628997,1.0,0.5123489745948202,1.0561304841123929,0.01047813949410159
19,0.4730278313710907,1.0,0.39891878678690007,0.5303758726695472,1.213256698464605,0.2559813351810637
19,0.4957117185002718,1.0,1.0,0.5596743471069573,0.9556848304206005,0.04221461726375042
19,0.40587707831520214,0.899308779660973,0.96523532601428,0.5596743471069573,1.115652775565101,0.06362207365367589
19,0.4882075467583026,1.0,0.6871179341285194,0.5596743471069573,1.0195827115315368,0.09207167210688838
19,0.6222019334992511,0.992543332268172,1.0,0.55395059844691,0.9621473384849537,0.2343805718311497
19,0.5474781852631632,0.9917148136313022,1.0,0.5246218875338879,0.9646171206846661,0.1375195276883301
20,0.4218200471491756,0.8674046650646022,1.0,0.4433454014584967,1.073485938051299,0.0007712920552465086
20,0.4924370999711159,1.0,1.0,0.5596743471069573,0.9556848304206005,0.03614020394286854
20,0.4218200471491756,0.8674046650646022,1.0,0.4433454014584967,1.073485938051299,0.0007712920552465086
20,0.4839227945962803,1.0,1.0,0.5309816082672739,0.9576286425517995,0.02190522923685434
20,0.46694741287234975,1.0,1.0,0.5542227267274175,0.9697406530664491,0.01369673288439921
20,0.433048222347656,0.88812086628997,1.0,0.5123489745948202,1.0561304841123929,0.01047813949410159
20,0.4957117185002718,1.0,1.0,0.5596743471069573,0.9556848304206005,0.04221461726375042
20,0.46296553320871164,1.0,1.0,0.5596743471069573,0.9780812104084728,0.02239637998787236
20,0.46296553320871164,1.0,1.0,0.5596743471069573,0.9780812104084728,0.02239637998787236
20,0.46296553320871164,1.0,1.0,0.5596743471069573,0.9780812104084728,0.02239637998787236
20,0.46296553320871164,1.0,1.0,0.5596743471069573,0.9780812104084728,0.02239637998787236
20,0.42658088288475593,0.8948318672486152,1.0,0.5149180018932913,1.0615053491206,0.011796445804128863
20,0.5166689798878406,1.0,1.0,0.5596743471069573,0.9556848304206005,0.07926703328839657
20,0.5166689798878406,1.0,1.0,0.5596743471069573,0.9556848304206005,0.07926703328839657
20,0.42658088288475593,1.0,0.6523532601427994,0.5277935261739758,1.0615053491206,0.011881401029812055
20,0.42658088288475593,1.0,0.6523532601427994,0.5277935261739758,1.0615053491206,0.011881401029812055
20,0.45739838451011644,1.0,1.0,0.5309816082672739,0.9899857638790174,0.03235712132721791
20,0.4991450832519472,0.9917148136313022,1.0,0.5246218875338879,0.9646171206846661,0.057430203768744414
20,0.5166689798878406,1.0,1.0,0.5596743471069573,0.9556848304206005,0.07926703328839657
20,0.5166689798878406,1.0,1.0,0.5596743471069573,0.9556848304206005,0.07926703328839657
20,0.5035801623595684,1.0,1.0,0.5596743471069573,0.9556848304206005,0.05648759624968447
20,0.4749139848959719,0.8948318672486152,1.0,0.5149180018932913,1.049708903316471,0.09623542490968873
20,0.4593270681763161,1.0,1.0,0.5596743471069573,0.9858288798181943,0.030144049397593853
20,0.42658088288475593,1.0,0.6523532601427994,0.5277935261739758,1.0615053491206,0.011881401029812055
20,0.5251832852626759,1.0,1.0,0.5596743471069573,0.9556848304206005,0.09347557525062467
20,0.602033019352639,1.0,1.0,0.5596743471069573,0.9556848304206005,0.20353690037678784
20,0.5325580657012061,1.0,1.0,0.5596743471069573,0.9556848304206005,0.10541531355622202
20,0.493474804680936,1.0,1.0,0.5596743471069573,0.9556848304206005,0.03807387062412704
20,0.37203434504531796,0.880664198558142,1.0,0.4262855571836594,1.2171400164787571,0.1572820904621952
20,0.5116585460591049,1.0,1.0,0.5338508821512422,0.9574281325910244,0.07242798419331942
20,0.4647013485082914,1.0,1.0,0.556805073222989,0.9744277492531416,0.018554504987170373
20,0.38188624590593545,1.0,0.6871179341285194,0.5149180018932913,1.1857402400453505,0.14268466110683686
20,0.39735488037985534,0.88812086628997,1.0,0.48107388925956535,1.1395805394507943,0.08469898464501613
20,0.5810757579650703,1.0,1.0,0.5596743471069573,0.9556848304206005,0.17640969617174285
20,0.42658088288475593,0.88812086628997,1.0,0.5123489745948202,1.0615053491206,0.005374865008207053
20,0.4146324311974956,1.0,1.0,0.5596743471069573,1.092094720319847,0.13640988989924652
20,0.4687861387253217,0.899308779660973,1.0,0.5170815118460339,1.0454718192295518,0.07953479229103388
20,0.48218697929670074,1.0,1.0,0.5338508821512422,0.9574281325910244,0.01833622721101469
20,0.5507528037923191,1.0,1.0,0.5390791332704723,0.9570663593118243,0.1348864518540437
20,0.40369493783098764,1.0,0.6871179341285194,0.5309816082672739,1.121683346805198,0.08709146283715397
21,0.4218200471491756,0.8674046650646022,1.0,0.4433454014584967,1.073485938051299,0.0007712920552465086
21,0.4924370999711159,1.0,1.0,0.5596743471069573,0.9556848304206005,0.03614020394286854
21,0.4218200471491756,0.8674046650646022,1.0,0.4433454014584967,1.073485938051299,0.0007712920552465086
21,0.46694741287234975,1.0,1.0,0.5542227267274175,0.9697406530664491,0.01369673288439921
21,0.433048222347656,0.88812086628997,1.0,0.5123489745948202,1.0561304841123929,0.01047813949410159
21,0.42658088288475593,0.88812086628997,1.0,0.5123489745948202,1.0615053491206,0.005374865008207053
21,0.48218697929670074,1.0,1.0,0.5338508821512422,0.9574281325910244,0.01833622721101469
21,0.493474804680936,1.0,1.0,0.5596743471069573,0.9556848304206005,0.03807387062412704
21,0.42658088288475593,0.8948318672486152,1.0,0.5149180018932913,1.0615053491206,0.011796445804128863
21,0.4839227945962803,1.0,1.0,0.5309816082672739,0.9576286425517995,0.02190522923685434
21,0.4647013485082914,1.0,1.0,0.556805073222989,0.9744277492531416,0.018554504987170373
21,0.4957117185002718,1.0,1.0,0.5596743471069573,0.9556848304206005,0.04221461726375042
21,0.42658088288475593,1.0,0.6523532601427994,0.5277935261739758,1.0615053491206,0.011881401029812055
21,0.42658088288475593,1.0,0.6523532601427994,0.5277935261739758,1.0615053491206,0.011881401029812055
21,0.42658088288475593,1.0,0.6523532601427994,0.5277935261739758,1.0615053491206,0.011881401029812055
21,0.46296553320871164,1.0,1.0,0.5596743471069573,0.9780812104084728,0.02239637998787236
21,0.46296553320871164,1.0,1.0,0.5596743471069573,0.9780812104084728,0.02239637998787236
21,0.46296553320871164,1.0,1.0,0.5596743471069573,0.9780812104084728,0.02239637998787236
21,0.46296553320871164,1.0,1.0,0.5596743471069573,0.9780812104084728,0.02239637998787236
21,0.5035801623595684,1.0,1.0,0.5596743471069573,0.9556848304206005,0.05648759624968447
21,0.3938346975931958,1.0,0.3394711942713188,0.4991007873342924,1.3508562246903342,0.20108985902027499
21,0.4924370999711159,0.981355418897169,1.0,0.49757113128426617,0.974465630586923,0.054921004109191096
21,0.4924370999711158,1.0,1.0,0.5596743471069573,0.9556848304206005,0.03614020394286843
21,0.39111724481893795,0.880664198558142,1.0,0.4521090221393745,1.1577548546296712,0.09700346690522244
21,0.46927174329838645,1.0,0.6871179341285194,0.5335639547628455,1.0332354794043597,0.06829800857224055
21,0.45403922720975787,0.8948318672486152,1.0,0.5123489745948202,1.049617119213337,0.05230705888729781
21,0.439090880580984,1.0,1.0,0.5547678887653714,1.0312623401466519,0.07525453908928714
21,0.5264442792194328,1.0,1.0,0.5596743471069573,0.9556848304206005,0.09554082830983934
21,0.3616155175326135,0.8674046650646022,0.6871179341285194,0.41465266261881334,1.2522081240145202,0.050922632785656674
21,0.46497875564611396,1.0,1.0,0.5596743471069573,0.9738464039571006,0.018161573536500164
21,0.45456623244073574,0.8674046650646022,1.0,0.556805073222989,1.0801028661909537,0.08394904577019824
21,0.48336944700230366,0.981355418897169,1.0,0.49757113128426617,0.974465630586923,0.037671027726330464
21,0.4314859885780344,1.0,1.0,0.5149313210903916,1.04943822282408,0.09066148839151467
21,0.432401488401366,0.899308779660973,0.96523532601428,0.5138934297527358,1.0520761207255498,0.004859815566284009
21,0.4858514782624799,0.9827721857662164,1.0,0.5526296852871196,0.9703274885218,0.03831861460906183
21,0.4303942466365787,1.0,1.0,0.5542227267274175,1.052100237312227,0.09605631713017715
21,0.46296553320871164,1.0,0.6871179341285194,0.5309816082672739,1.0345918839680441,0.05651067355957129
21,0.46296553320871164,1.0,1.0,0.5309816082672739,0.9780812104084728,0.020452567856673376
21,0.4302193479171515,1.0,0.6871179341285194,0.5309816082672739,1.0525279516506876,0.017936067682643442
21,0.3938346975931958,0.8948318672486152,0.6871179341285194,0.4862252630536079,1.1497663656700592,0.0036602771920299926
22,0.4218200471491756,0.8674046650646022,1.0,0.4433454014584967,1.073485938051299,0.0007712920552465086
22,0.4218200471491756,0.8674046650646022,1.0,0.4433454014584967,1.073485938051299,0.0007712920552465086
22,0.46694741287234975,1.0,1.0,0.5542227267274175,0.9697406530664491,0.01369673288439921
22,0.48218697929670074,1.0,1.0,0.5338508821512422,0.9574281325910244,0.01833622721101469
22,0.4924370999711158,1.0,1.0,0.5596743471069573,0.9556848304206005,0.03614020394286843
22,0.432401488401366,0.899308779660973,0.96523532601428,0.5138934297527358,1.0520761207255498,0.004859815566284009
22,0.3938346975931958,0.8948318672486152,0.6871179341285194,0.4862252630536079,1.1497663656700592,0.0036602771920299926
22,0.46497875564611396,1.0,1.0,0.5596743471069573,0.9738464039571006,0.018161573536500164
22,0.4839227945962803,1.0,1.0,0.5309816082672739,0.9576286425517995,0.02190522923685434
22,0.4924370999711159,1.0,1.0,0.5596743471069573,0.9556848304206005,0.03614020394286854
22,0.433048222347656,0.88812086628997,1.0,0.5123489745948202,1.0561304841123929,0.01047813949410159
22,0.42658088288475593,0.88812086628997,1.0,0.5123489745948202,1.0615053491206,0.005374865008207053
22,0.4302193479171515,1.0,0.6871179341285194,0.5309816082672739,1.0525279516506876,0.017936067682643442
22,0.4647013485082914,1.0,1.0,0.556805073222989,0.9744277492531416,0.018554504987170373
22,0.493474804680936,1.0,1.0,0.5596743471069573,0.9556848304206005,0.03807387062412704
22,0.42658088288475593,0.8948318672486152,1.0,0.5149180018932913,1.0615053491206,0.011796445804128863
22,0.4957117185002718,1.0,1.0,0.5596743471069573,0.9556848304206005,0.04221461726375042
22,0.42658088288475593,1.0,0.6523532601427994,0.5277935261739758,1.0615053491206,0.011881401029812055
22,0.42658088288475593,1.0,0.6523532601427994,0.5277935261739758,1.0615053491206,0.011881401029812055
22,0.46296553320871164,1.0,1.0,0.5309816082672739,0.9780812104084728,0.020452567856673376
22,0.38021170730933307,0.9093779016948758,0.6210650535556513,0.5124141655108915,1.190962508992116,0.04067870008079377
22,0.4944503224085181,1.0,1.0,0.4433454014584967,0.9645088907505945,0.04870831658019237
22,0.39137651026990694,0.880664198558142,0.6871179341285194,0.4262855571836594,1.1844949582686444,0.027507052665942444
22,0.4312570526269717,1.0,0.6871179341285194,0.5309816082672739,1.0499953247557543,0.015403440787710165
22,0.43267753524044034,1.0,0.6871179341285194,0.5596743471069573,1.0465481846153195,0.02696547308378272
22,0.486785412501318,0.899308779660973,0.96523532601428,0.5596743471069573,1.052030701911425,0.12180995675954531
22,0.44410399795989985,1.0,0.6871179341285194,0.556805073222989,1.0210776614074382,0.00145637644542429
22,0.4324014884013661,0.899308779660973,0.96523532601428,0.5138934297527358,1.0520761207255498,0.004859815566284231
22,0.5025424576497483,1.0,1.0,0.5596743471069573,0.9556848304206005,0.05463083531556656
22,0.356018603397937,0.772753345588356,0.7184061407156674,0.3821476841520681,1.2868435096786208,0.014949612891900443
22,0.4436305179399056,1.0,0.6523532601427994,0.5019700612182607,1.0652704029874356,0.044560891932356794
22,0.44771615770455575,0.8674046650646022,1.0,0.4459277479540682,1.0728487736992898,0.061453760871368335
22,0.48003087274586986,0.988812086628997,1.0,0.5549418098557436,0.9651716462758242,0.02186171593166597
22,0.42658088288475593,1.0,0.3394711942713188,0.5416936225952158,1.2649130682024143,0.20340771908181443
22,0.3938346975931958,1.0,0.3742358682570388,0.5001253594748479,1.2940899820470078,0.14432361637694857
22,0.39548955086087056,0.7974987679848458,0.968711793412852,0.4760526073176067,1.156335701593956,0.011380321747261668
22,0.4999964706622942,1.0,0.7184061407156674,0.5596743471069573,1.0106883163608278,0.1050461453854643
22,0.4924370999711158,0.9053486805237536,1.0,0.5452171013703729,1.0404798328564941,0.1209352063787621
22,0.5019603970980873,1.0,0.968711793412852,0.5596743471069573,0.9602171774386985,0.05811834296495266
22,0.45888074299168136,1.0,1.0,0.559117197791613,0.986787735169098,0.031066419365454956
23,0.4218200471491756,0.8674046650646022,1.0,0.4433454014584967,1.073485938051299,0.0007712920552465086
23,0.4218200471491756,0.8674046650646022,1.0,0.4433454014584967,1.073485938051299,0.0007712920552465086
23,0.46694741287234975,1.0,1.0,0.5542227267274175,0.9697406530664491,0.01369673288439921
23,0.48218697929670074,1.0,1.0,0.5338508821512422,0.9574281325910244,0.01833622721101469
23,0.4924370999711158,1.0,1.0,0.5596743471069573,0.9556848304206005,0.03614020394286843
23,0.44410399795989985,1.0,0.6871179341285194,0.556805073222989,1.0210776614074382,0.00145637644542429
23,0.46497875564611396,1.0,1.0,0.5596743471069573,0.9738464039571006,0.018161573536500164
23,0.4839227945962803,1.0,1.0,0.5309816082672739,0.9576286425517995,0.02190522923685434
23,0.48003087274586986,0.988812086628997,1.0,0.5549418098557436,0.9651716462758242,0.02186171593166597
23,0.4924370999711159,1.0,1.0,0.5596743471069573,0.9556848304206005,0.03614020394286854
23,0.432401488401366,0.899308779660973,0.96523532601428,0.5138934297527358,1.0520761207255498,0.004859815566284009
23,0.3938346975931958,0.8948318672486152,0.6871179341285194,0.4862252630536079,1.1497663656700592,0.0036602771920299926
23,0.4312570526269717,1.0,0.6871179341285194,0.5309816082672739,1.0499953247557543,0.015403440787710165
23,0.4647013485082914,1.0,1.0,0.556805073222989,0.9744277492531416,0.018554504987170373
23,0.493474804680936,1.0,1.0,0.5596743471069573,0.9556848304206005,0.03807387062412704
23,0.4324014884013661,0.899308779660973,0.96523532601428,0.5138934297527358,1.0520761207255498,0.004859815566284231
23,0.4957117185002718,1.0,1.0,0.5596743471069573,0.9556848304206005,0.04221461726375042
23,0.42658088288475593,0.88812086628997,1.0,0.5123489745948202,1.0615053491206,0.005374865008207053
23,0.46296553320871164,1.0,1.0,0.5309816082672739,0.9780812104084728,0.020452567856673376
23,0.4302193479171515,1.0,0.6871179341285194,0.5309816082672739,1.0525279516506876,0.017936067682643442
23,0.38890169659127166,0.899308779660973,0.6836414667299474,0.5113110832571643,1.1643505103754135,0.031739007066654334
23,0.4218200471491756,0.899308779660973,1.0,0.5116298914664941,1.073485938051299,0.028181575606855747
23,0.4423179505943243,0.88812086628997,1.0,0.4916902026302481,1.0552813759581556,0.031542935218658696
23,0.3948646897901506,0.8042097689434908,0.9374235868257039,0.4708459023905236,1.1559365331973563,0.009169297134432819
23,0.44089479333138265,1.0,0.6836414667299474,0.5596743471069573,1.0270429496972415,0.006421716526788357
23,0.4861118206195457,1.0,0.6871179341285194,0.5596743471069573,1.0195827115315368,0.08807298488543436
23,0.44979466812052415,1.0,0.968711793412852,0.5596743471069573,1.0067213356744513,0.046504158235752824
23,0.45359426232387123,0.880664198558142,1.0,0.4549782960233428,1.0608617101042945,0.0625733129846312
23,0.5504252988122669,1.0,1.0,0.5596743471069573,0.9556848304206005,0.13301572303999099
23,0.5030471314847081,1.0,0.968711793412852,0.5596743471069573,0.9602171774386985,0.0600671500652159
23,0.48804884366291973,1.0,1.0,0.5338508821512422,0.9574281325910244,0.02961548631991351
23,0.5062439771029522,1.0,0.7496943473028155,0.5596743471069573,1.0025363295441339,0.10807059827142573
23,0.4312570526269717,0.9899308779660974,0.6871179341285194,0.5582843374648333,1.0499953247557543,0.021408303277319574
23,0.420626374515198,0.9093779016948758,0.96523532601428,0.5132462549372423,1.0765323252057948,0.0339595497039733
23,0.5030471314847081,1.0,0.968711793412852,0.5596743471069573,0.9602171774386985,0.0600671500652159
23,0.45140328240907635,1.0,1.0,0.5077404898071304,1.0031337979123727,0.04382766887922285
23,0.4699398934732406,1.0,0.968711793412852,0.558195082865113,0.9635655440230907,0.003203611170408016
23,0.4657164852561839,0.8573355430306995,1.0,0.4649095828881194,1.0837404016573584,0.1114366429556033
23,0.4494797137179176,0.8674046650646022,1.0,0.4433454014584967,1.0727146459960526,0.0652878917977251
23,0.44705115463614026,1.0,0.6871179341285194,0.5309816082672739,1.0345918839680441,0.02169238831208098
24,0.4218200471491756,0.8674046650646022,1.0,0.4433454014584967,1.073485938051299,0.0007712920552465086
24,0.4218200471491756,0.8674046650646022,1.0,0.4433454014584967,1.073485938051299,0.0007712920552465086
24,0.48218697929670074,1.0,1.0,0.5338508821512422,0.9574281325910244,0.01833622721101469
24,0.4924370999711158,1.0,1.0,0.5596743471069573,0.9556848304206005,0.03614020394286843
24,0.44410399795989985,1.0,0.6871179341285194,0.556805073222989,1.0210776614074382,0.00145637644542429
24,0.4699398934732406,1.0,0.968711793412852,0.558195082865113,0.9635655440230907,0.003203611170408016
24,0.4839227945962803,1.0,1.0,0.5309816082672739,0.9576286425517995,0.02190522923685434
24,0.48804884366291973,1.0,1.0,0.5338508821512422,0.9574281325910244,0.02961548631991351
24,0.4924370999711159,1.0,1.0,0.5596743471069573,0.9556848304206005,0.03614020394286854
24,0.46694741287234975,1.0,1.0,0.5542227267274175,0.9697406530664491,0.01369673288439921
24,0.48003087274586986,0.988812086628997,1.0,0.5549418098557436,0.9651716462758242,0.02186171593166597
24,0.432401488401366,0.899308779660973,0.96523532601428,0.5138934297527358,1.0520761207255498,0.004859815566284009
24,0.3938346975931958,0.8948318672486152,0.6871179341285194,0.4862252630536079,1.1497663656700592,0.0036602771920299926
24,0.44089479333138265,1.0,0.6836414667299474,0.5596743471069573,1.0270429496972415,0.006421716526788357
24,0.493474804680936,1.0,1.0,0.5596743471069573,0.9556848304206005,0.03807387062412704
24,0.46497875564611396,1.0,1.0,0.5596743471069573,0.9738464039571006,0.018161573536500164
24,0.4324014884013661,0.899308779660973,0.96523532601428,0.5138934297527358,1.0520761207255498,0.004859815566284231
24,0.4312570526269717,1.0,0.6871179341285194,0.5309816082672739,1.0499953247557543,0.015403440787710165
24,0.4957117185002718,1.0,1.0,0.5596743471069573,0.9556848304206005,0.04221461726375042
24,0.42658088288475593,0.88812086628997,1.0,0.5123489745948202,1.0615053491206,0.005374865008207053
24,0.48398030342324644,0.988812086628997,1.0,0.5596743471069573,0.9649102110162948,0.029297984779362296
24,0.5021417230149002,1.0,1.0,0.5364332286468138,0.9572488698481603,0.05547578782714635
24,0.4982029321526046,0.9939600991372193,1.0,0.5596743471069573,0.9606394443935282,0.05173694715038324
24,0.45286743877642766,0.9093779016948758,0.968711793412852,0.49264805653244287,1.0421943852614923,0.04230379851538002
24,0.4572146284980774,1.0,0.7152773200569527,0.5596743471069573,1.0115427399898174,0.02115909768738744
24,0.43281018266392707,1.0,0.7184061407156674,0.5283992617717025,1.0462274391119009,0.02115473999995765
24,0.5363263476511285,1.0,1.0,0.5596743471069573,0.9556848304206005,0.1113893912442333
24,0.5250312590205448,1.0,1.0,0.5596743471069573,0.9556848304206005,0.09322591691030224
24,0.44002635648927196,1.0,0.7184061407156674,0.5094174268376512,1.0338845237713783,0.0048146001877624744
24,0.46846862194623456,0.988812086628997,1.0,0.5317006913956001,0.9665917158516529,8.316032027655407e-05
24,0.43794763665514225,1.0,0.6836414667299474,0.5596743471069573,1.0339544071997693,0.013333174029316108
24,0.5113811389212823,1.0,1.0,0.5568050732229889,0.9558732442659711,0.07039301293408251
24,0.45237120617712784,0.988812086628997,1.0,0.4862252630536079,1.0009874255745,0.0315848121126413
24,0.4373074484347037,0.8674046650646022,1.0,0.4201042829983531,1.071591844050963,0.036123798259362294
24,0.45686888085302724,0.880664198558142,1.0,0.4549782960233428,1.0608617101042945,0.06972856871006083
24,0.48281029869797065,0.9899308779660974,1.0,0.5324608725091182,0.9655604676554679,0.02768095191288933
24,0.4324014884013661,0.9899308779660974,0.96523532601428,0.5267223247411816,1.0472163051592656,0.07506539006053803
24,0.4763075331169497,0.880664198558142,1.0,0.5309816082672739,1.064490527449751,0.1138066569630839
24,0.5280328901661583,1.0,1.0,0.5596743471069573,0.9556848304206005,0.09812861062486833
24,0.4337186047301471,0.880664198558142,1.0,0.4523959495277713,1.0607623238324,0.016726204344369444
25,0.48218697929670074,1.0,1.0,0.5338508821512422,0.9574281325910244,0.01833622721101469
25,0.4924370999711158,1.0,1.0,0.5596743471069573,0.9556848304206005,0.03614020394286843
25,0.4699398934732406,1.0,0.968711793412852,0.558195082865113,0.9635655440230907,0.003203611170408016
25,0.46846862194623456,0.988812086628997,1.0,0.5317006913956001,0.9665917158516529,8.316032027655407e-05
25,0.4839227945962803,1.0,1.0,0.5309816082672739,0.9576286425517995,0.02190522923685434
25,0.48804884366291973,1.0,1.0,0.5338508821512422,0.9574281325910244,0.02961548631991351
25,0.4924370999711159,1.0,1.0,0.5596743471069573,0.9556848304206005,0.03614020394286854
25,0.48003087274586986,0.988812086628997,1.0,0.5549418098557436,0.9651716462758242,0.02186171593166597
25,0.4218200471491756,0.8674046650646022,1.0,0.4433454014584967,1.073485938051299,0.0007712920552465086
25,0.4218200471491756,0.8674046650646022,1.0,0.4433454014584967,1.073485938051299,0.0007712920552465086
25,0.44410399795989985,1.0,0.6871179341285194,0.556805073222989,1.0210776614074382,0.00145637644542429
25,0.46694741287234975,1.0,1.0,0.5542227267274175,0.9697406530664491,0.01369673288439921
25,0.48398030342324644,0.988812086628997,1.0,0.5596743471069573,0.9649102110162948,0.029297984779362296
25,0.493474804680936,1.0,1.0,0.5596743471069573,0.9556848304206005,0.03807387062412704
25,0.48281029869797065,0.9899308779660974,1.0,0.5324608725091182,0.9655604676554679,0.02768095191288933
25,0.3938346975931958,0.8948318672486152,0.6871179341285194,0.4862252630536079,1.1497663656700592,0.0036602771920299926
25,0.44089479333138265,1.0,0.6836414667299474,0.5596743471069573,1.0270429496972415,0.006421716526788357
25,0.44002635648927196,1.0,0.7184061407156674,0.5094174268376512,1.0338845237713783,0.0048146001877624744
25,0.46497875564611396,1.0,1.0,0.5596743471069573,0.9738464039571006,0.018161573536500164
25,0.4957117185002718,1.0,1.0,0.5596743471069573,0.9556848304206005,0.04221461726375042
25,0.4476374733823545,1.0,0.7184061407156674,0.5094174268376512,1.0338845237713783,0.022311731075558283
25,0.517703755425706,1.0,1.0,0.5596743471069573,0.9556848304206005,0.08101879901573783
25,0.45926779353074465,0.988812086628997,1.0,0.5596743471069573,0.985956114207675,0.021045903191380222
25,0.4361058016379021,0.988812086628997,1.0,0.47821941448348637,1.0383211765064173,0.06836729680798437
25,0.4839227945962803,0.8948318672486152,0.7152773200569527,0.44357638130680394,1.149778098092341,0.21405468477739598
25,0.4929980874322588,1.0,1.0,0.5584233384290457,0.9557668212867859,0.03726855384678529
25,0.48017375685929853,1.0,1.0,0.5338508821512422,0.9574281325910244,0.014398900641727663
25,0.48003087274586986,1.0,0.7184061407156674,0.5326585452977948,1.0231041619908043,0.07979423164664612
25,0.5435862202856161,1.0,1.0,0.5596743471069573,0.9556848304206005,0.12266538963102569
25,0.4791650020802143,1.0,0.968711793412852,0.5596743471069573,0.9602171774386985,0.015202647651642587
25,0.44410399795989985,0.988812086628997,0.7434367059853859,0.5562731476734035,1.0196212849620139,0.004922771387567693
25,0.429431164042258,0.877473787098505,1.0,0.4433454014584967,1.0633502543539923,0.008890478404329771
25,0.5256875247941342,0.988812086628997,0.96523532601428,0.5596743471069573,0.9699642899887995,0.10858206602940668
25,0.4052611603126553,0.880664198558142,0.6871179341285194,0.4521090221393745,1.1736295957017537,0.05628124529588541
25,0.4243743865608767,0.869476285187139,1.0,0.47821941448348637,1.0726408202435187,0.0056162698721677895
25,0.5006334546736555,1.0,1.0,0.5093587550131871,0.9591861590415179,0.05469628737094134
25,0.4357805604784863,0.8674046650646022,1.0,0.4685216915987182,1.0740974202596743,0.03500130147004188
25,0.44510524426837855,1.0,0.6871179341285194,0.5554737354053292,1.021771753120041,0.004444065140913667
25,0.5276595714441544,0.9899308779660974,1.0,0.555415063580865,0.9642179691308244,0.10605502900111308
25,0.5061925767761638,0.9797498767984846,1.0,0.5072085642575449,0.9751893234205199,0.0806327653895641
26,0.4924370999711158,1.0,1.0,0.5596743471069573,0.9556848304206005,0.03614020394286843
26,0.4699398934732406,1.0,0.968711793412852,0.558195082865113,0.9635655440230907,0.003203611170408016
26,0.46846862194623456,0.988812086628997,1.0,0.5317006913956001,0.9665917158516529,8.316032027655407e-05
26,0.48017375685929853,1.0,1.0,0.5338508821512422,0.9574281325910244,0.014398900641727663
26,0.4924370999711159,1.0,1.0,0.5596743471069573,0.9556848304206005,0.03614020394286854
26,0.4218200471491756,0.8674046650646022,1.0,0.4433454014584967,1.073485938051299,0.0007712920552465086
26,0.4218200471491756,0.8674046650646022,1.0,0.4433454014584967,1.073485938051299,0.0007712920552465086
26,0.44410399795989985,1.0,0.6871179341285194,0.556805073222989,1.0210776614074382,0.00145637644542429
26,0.46694741287234975,1.0,1.0,0.5542227267274175,0.9697406530664491,0.01369673288439921
26,0.44410399795989985,0.988812086628997,0.7434367059853859,0.5562731476734035,1.0196212849620139,0.004922771387567693
26,0.48218697929670074,1.0,1.0,0.5338508821512422,0.9574281325910244,0.01833622721101469
26,0.4791650020802143,1.0,0.968711793412852,0.5596743471069573,0.9602171774386985,0.015202647651642587
26,0.493474804680936,1.0,1.0,0.5596743471069573,0.9556848304206005,0.03807387062412704
26,0.4929980874322588,1.0,1.0,0.5584233384290457,0.9557668212867859,0.03726855384678529
26,0.3938346975931958,0.8948318672486152,0.6871179341285194,0.4862252630536079,1.1497663656700592,0.0036602771920299926
26,0.44510524426837855,1.0,0.6871179341285194,0.5554737354053292,1.021771753120041,0.004444065140913667
26,0.4839227945962803,1.0,1.0,0.5309816082672739,0.9576286425517995,0.02190522923685434
26,0.48804884366291973,1.0,1.0,0.5338508821512422,0.9574281325910244,0.02961548631991351
26,0.48003087274586986,0.988812086628997,1.0,0.5549418098557436,0.9651716462758242,0.02186171593166597
26,0.46497875564611396,1.0,1.0,0.5596743471069573,0.9738464039571006,0.018161573536500164
26,0.45592503563123565,1.0,1.0,0.5596743471069573,0.9931849617693032,0.03750013134870267
26,0.4578911775228549,1.0,1.0,0.5596743471069573,0.9889203184412522,0.03323548802065168
26,0.5241285867115881,1.0,1.0,0.5596743471069573,0.9556848304206005,0.09174056045944023
26,0.4454281423342053,0.9988812086628998,0.7152773200569527,0.5596743471069573,1.0165902106830105,0.004134232186175701
26,0.5127613535554214,1.0,1.0,0.5596743471069573,0.9556848304206005,0.07258807195121875
26,0.4741892326935661,1.0,1.0,0.5377645664644736,0.9571568895321526,0.0022261194909140025
26,0.49389920910988966,1.0,1.0,0.4433454014584967,0.9645088907505945,0.047686428176676676
26,0.48361932147261943,1.0,0.968711793412852,0.5596743471069573,0.9602171774386985,0.02390659381453275
26,0.4092354361384399,0.8674046650646022,0.9718406140715667,0.46783752859655187,1.1064972604586014,0.025712588574025474
26,0.43788907044303366,0.9899308779660974,0.6871179341285194,0.5596743471069573,1.0340926951751304,0.0062165247407102164
26,0.5246074829082311,1.0,1.0,0.5369119616414406,0.9572157605539244,0.09406015571418713
26,0.37657767681914195,0.7828224676222586,0.9493131053288202,0.38030230530068065,1.20245547399051,0.03425762157170409
26,0.44507995694903574,0.880664198558142,1.0,0.4262855571836594,1.059857926016562,0.04247243833276859
26,0.46400359790182055,0.988812086628997,1.0,0.53303202921326,0.9758930558900138,0.009463537101356168
26,0.4517668727972519,0.8948318672486152,0.6871179341285194,0.5596743471069573,1.115410548334966,0.11308409117316498
26,0.4787359565564048,1.0,0.968711793412852,0.5585484392968368,0.9603273236988995,0.014465867234328855
26,0.530502760412096,1.0,1.0,0.5596743471069573,0.9556848304206005,0.10212114892166135
26,0.49411506607757444,0.988812086628997,1.0,0.5338508821512422,0.9663810582093949,0.04995911472477943
26,0.3805486504201537,0.869476285187139,0.7434367059853859,0.451577096589789,1.1899080140907337,0.03299269298413976
26,0.5076593454996461,1.0,0.6871179341285194,0.5596743471069573,1.0195827115315368,0.12761077562908685
27,0.4924370999711158,1.0,1.0,0.5596743471069573,0.9556848304206005,0.03614020394286843
27,0.46846862194623456,0.988812086628997,1.0,0.5317006913956001,0.9665917158516529,8.316032027655407e-05
27,0.4741892326935661,1.0,1.0,0.5377645664644736,0.9571568895321526,0.0022261194909140025
27,0.4924370999711159,1.0,1.0,0.5596743471069573,0.9556848304206005,0.03614020394286854
27,0.4218200471491756,0.8674046650646022,1.0,0.4433454014584967,1.073485938051299,0.0007712920552465086
27,0.4218200471491756,0.8674046650646022,1.0,0.4433454014584967,1.073485938051299,0.0007712920552465086
27,0.44410399795989985,1.0,0.6871179341285194,0.556805073222989,1.0210776614074382,0.00145637644542429
27,0.4699398934732406,1.0,0.968711793412852,0.558195082865113,0.9635655440230907,0.003203611170408016
27,0.48017375685929853,1.0,1.0,0.5338508821512422,0.9574281325910244,0.014398900641727663
27,0.493474804680936,1.0,1.0,0.5596743471069573,0.9556848304206005,0.03807387062412704
27,0.4929980874322588,1.0,1.0,0.5584233384290457,0.9557668212867859,0.03726855384678529
27,0.46694741287234975,1.0,1.0,0.5542227267274175,0.9697406530664491,0.01369673288439921
27,0.3938346975931958,0.8948318672486152,0.6871179341285194,0.4862252630536079,1.1497663656700592,0.0036602771920299926
27,0.4454281423342053,0.9988812086628998,0.7152773200569527,0.5596743471069573,1.0165902106830105,0.004134232186175701
27,0.46400359790182055,0.988812086628997,1.0,0.53303202921326,0.9758930558900138,0.009463537101356168
27,0.48218697929670074,1.0,1.0,0.5338508821512422,0.9574281325910244,0.01833622721101469
27,0.4791650020802143,1.0,0.968711793412852,0.5596743471069573,0.9602171774386985,0.015202647651642587
27,0.4787359565564048,1.0,0.968711793412852,0.5585484392968368,0.9603273236988995,0.014465867234328855
27,0.5127613535554214,1.0,1.0,0.5596743471069573,0.9556848304206005,0.07258807195121875
27,0.44510524426837855,1.0,0.6871179341285194,0.5554737354053292,1.021771753120041,0.004444065140913667
27,0.4924370999711158,1.0,1.0,0.5596743471069573,0.9556848304206005,0.03614020394286843
27,0.46772398004245846,0.988812086628997,1.0,0.5349767899613627,0.9681305822015497,0.0018159683753120603
27,0.5089726728840912,1.0,0.9968711793412852,0.5585484392968368,0.9562025768884923,0.06653224032464256
27,0.4924370999711159,1.0,1.0,0.5355172411782905,0.9573123273611643,0.0377677008834324
27,0.5388712002380244,1.0,1.0,0.5596743471069573,0.9556848304206005,0.11537662869087373
27,0.5309764140450786,1.0,1.0,0.5596743471069573,0.9556848304206005,0.10288256416962427
27,0.5039939177193369,1.0,0.6871179341285194,0.5596743471069573,1.0195827115315368,0.12112367609935282
27,0.4743407142875863,1.0,0.7152773200569527,0.556805073222989,1.0128732945474226,0.058247483432463554
27,0.4205038060917261,1.0,0.7184061407156674,0.5304496827176886,1.076846112780822,0.052721457586868636
27,0.4362610710216343,0.9888120866289971,1.0,0.555415063580865,1.0379516283171983,0.07280628547378143
27,0.4949927080474385,0.9988812086628998,1.0,0.5556787774999277,0.9568566133399703,0.042059522797642135
27,0.49861732118749225,0.9620559845408485,1.0,0.5094495771065112,0.9894945901790375,0.08134746025242945
27,0.4939059667334346,1.0,1.0,0.5351822199689021,0.9573355722306219,0.04052565362552485
27,0.4717517936669026,1.0,0.968711793412852,0.558195082865113,0.9603619328526827,0.0004972429981578985
27,0.41027814963351134,0.988812086628997,1.0,0.42123019080847357,1.1036851203922629,0.12939228128161506
27,0.40129104737165167,0.9989930877966098,0.4308675221797768,0.5579309810331095,1.1442781618323943,0.015875492713074202
27,0.4228076264832891,0.880664198558142,0.968711793412852,0.4732178343597338,1.0709785269759802,0.0020420711600477315
27,0.39251055321889033,1.0,0.968711793412852,0.4623803107310463,1.1536451318548244,0.18309162436375226
27,0.45062163579899456,1.0,0.6871179341285194,0.5419927289863395,1.0288160151588257,0.023942185102931113
27,0.44510524426837855,0.8948318672486152,0.6589585482000861,0.4852119460244995,1.1598954540717465,0.14256776609261923
28,0.4924370999711158,1.0,1.0,0.5596743471069573,0.9556848304206005,0.03614020394286843
28,0.46846862194623456,0.988812086628997,1.0,0.5317006913956001,0.9665917158516529,8.316032027655407e-05
28,0.4741892326935661,1.0,1.0,0.5377645664644736,0.9571568895321526,0.0022261194909140025
28,0.4924370999711158,1.0,1.0,0.5596743471069573,0.9556848304206005,0.03614020394286843
28,0.4717517936669026,1.0,0.968711793412852,0.558195082865113,0.9603619328526827,0.0004972429981578985
28,0.48017375685929853,1.0,1.0,0.5338508821512422,0.9574281325910244,0.014398900641727663
28,0.4924370999711159,1.0,1.0,0.5596743471069573,0.9556848304206005,0.03614020394286854
28,0.4218200471491756,0.8674046650646022,1.0,0.4433454014584967,1.073485938051299,0.0007712920552465086
28,0.4218200471491756,0.8674046650646022,1.0,0.4433454014584967,1.073485938051299,0.0007712920552465086
28,0.44410399795989985,1.0,0.6871179341285194,0.556805073222989,1.0210776614074382,0.00145637644542429
28,0.4699398934732406,1.0,0.968711793412852,0.558195082865113,0.9635655440230907,0.003203611170408016
28,0.46772398004245846,0.988812086628997,1.0,0.5349767899613627,0.9681305822015497,0.0018159683753120603
28,0.493474804680936,1.0,1.0,0.5596743471069573,0.9556848304206005,0.03807387062412704
28,0.4228076264832891,0.880664198558142,0.968711793412852,0.4732178343597338,1.0709785269759802,0.0020420711600477315
28,0.4454281423342053,0.9988812086628998,0.7152773200569527,0.5596743471069573,1.0165902106830105,0.004134232186175701
28,0.46400359790182055,0.988812086628997,1.0,0.53303202921326,0.9758930558900138,0.009463537101356168
28,0.48218697929670074,1.0,1.0,0.5338508821512422,0.9574281325910244,0.01833622721101469
28,0.4929980874322588,1.0,1.0,0.5584233384290457,0.9557668212867859,0.03726855384678529
28,0.46694741287234975,1.0,1.0,0.5542227267274175,0.9697406530664491,0.01369673288439921
28,0.4791650020802143,1.0,0.968711793412852,0.5596743471069573,0.9602171774386985,0.015202647651642587
28,0.4924370999711158,0.8573355430306995,1.0,0.4443587184876051,1.0823639331198933,0.16281930664216127
28,0.42371550578446493,0.880664198558142,0.9968711793412852,0.4499767158995902,1.0686837815133368,0.007228258819850897
28,0.4659872157554102,0.9988812086628998,0.9968711793412852,0.5377645664644736,0.9717388670641138,0.013182431414497486
28,0.5143736195221732,1.0,1.0,0.5596743471069573,0.9556848304206005,0.07535607324876514
28,0.44591589815356186,1.0,0.6871179341285194,0.556805073222989,1.0210776614074382,0.0055994267542189835
28,0.45300781260664025,1.0,0.9718406140715667,0.5364332286468136,0.999580749990014,0.037592481763594865
28,0.47796979011346385,1.0,1.0,0.5323129460849337,0.9575354314740613,0.010157796955797771
28,0.4719031744585428,0.9899308779660974,1.0,0.5344980569667358,0.965437751950485,0.005880974998806132
28,0.44207543631411933,0.9988812086628998,0.7184061407156674,0.55562597285791,1.0243000444164228,0.010849669094227021
28,0.4034402829989591,1.0,0.6871179341285194,0.4781242927013197,1.1223913625775412,0.05976831653437298
28,0.43886021725534397,0.8907333205920447,1.0,0.45138263249866284,1.0515434980507639,0.01973913018984086
28,0.4672904599997643,0.9899308779660974,0.968711793412852,0.5391234551023713,0.9703578736894116,0.001329126328591168
28,0.4863629740230353,1.0,0.968711793412852,0.5596743471069573,0.9602171774386985,0.02918847391780366
28,0.45505488445478703,0.880664198558142,0.6871179341285194,0.5596743471069573,1.1300692522343274,0.13498513260398748
28,0.40288717661757484,0.880664198558142,1.0,0.4506525834539234,1.123932245136086,0.06323603766903774
28,0.4569231941444227,0.9899308779660974,0.968711793412852,0.5374465456759221,0.9910153279330388,0.020503651761721753
28,0.4164984759411702,0.8925977787023278,0.9405524074844187,0.48186348563445613,1.087201790992916,0.0227009940877152
28,0.4844865732882197,0.9748068863622744,1.0,0.5211562629309978,0.9784711509514108,0.043836603561699605
28,0.4553087970950559,1.0,0.6871179341285194,0.5557917561938805,1.0216059279473038,0.027076738151753044
28,0.42363955118069124,0.880664198558142,1.0,0.4508580134614628,1.0688753865057563,0.00817142948164129
29,0.4924370999711158,1.0,1.0,0.5596743471069573,0.9556848304206005,0.03614020394286843
29,0.46846862194623456,0.988812086628997,1.0,0.5317006913956001,0.9665917158516529,8.316032027655407e-05
29,0.4741892326935661,1.0,1.0,0.5377645664644736,0.9571568895321526,0.0022261194909140025
29,0.4924370999711158,1.0,1.0,0.5596743471069573,0.9556848304206005,0.03614020394286843
29,0.4717517936669026,1.0,0.968711793412852,0.558195082865113,0.9603619328526827,0.0004972429981578985
29,0.48017375685929853,1.0,1.0,0.5338508821512422,0.9574281325910244,0.014398900641727663
29,0.47796979011346385,1.0,1.0,0.5323129460849337,0.9575354314740613,0.010157796955797771
29,0.4924370999711159,1.0,1.0,0.5596743471069573,0.9556848304206005,0.03614020394286854
29,0.4218200471491756,0.8674046650646022,1.0,0.4433454014584967,1.073485938051299,0.0007712920552465086
29,0.4218200471491756,0.8674046650646022,1.0,0.4433454014584967,1.073485938051299,0.0007712920552465086
29,0.4699398934732406,1.0,0.968711793412852,0.558195082865113,0.9635655440230907,0.003203611170408016
29,0.46772398004245846,0.988812086628997,1.0,0.5349767899613627,0.9681305822015497,0.0018159683753120603
29,0.4672904599997643,0.9899308779660974,0.968711793412852,0.5391234551023713,0.9703578736894116,0.001329126328591168
29,0.48218697929670074,1.0,1.0,0.5338508821512422,0.9574281325910244,0.01833622721101469
29,0.4791650020802143,1.0,0.968711793412852,0.5596743471069573,0.9602171774386985,0.015202647651642587
29,0.493474804680936,1.0,1.0,0.5596743471069573,0.9556848304206005,0.03807387062412704
29,0.4929980874322588,1.0,1.0,0.5584233384290457,0.9557668212867859,0.03726855384678529
29,0.4719031744585428,0.9899308779660974,1.0,0.5344980569667358,0.965437751950485,0.005880974998806132
29,0.44410399795989985,1.0,0.6871179341285194,0.556805073222989,1.0210776614074382,0.00145637644542429
29,0.4454281423342053,0.9988812086628998,0.7152773200569527,0.5596743471069573,1.0165902106830105,0.004134232186175701
29,0.4463360216353811,0.9988812086628998,0.7434367059853859,0.5364332286468138,1.0145854448638207,6.305116902383112e-05
29,0.46846862194623456,0.8674046650646022,1.0,0.4665865199186403,1.0739853486911053,0.10739363283945236
29,0.4501801634445094,0.9899308779660974,0.968711793412852,0.5330187927248915,1.0058592666671737,0.034939189065284704
29,0.48999544920289245,1.0,0.6871179341285194,0.5596743471069573,1.0195827115315368,0.095455987724686
29,0.48312091353553893,1.0,1.0,0.5338508821512422,0.9574281325910244,0.02015161142946309
29,0.5174970943852246,1.0,0.9718406140715667,0.5596743471069573,0.9597508101195782,0.08473548324284563
29,0.44367495243609034,1.0,0.6871179341285194,0.5556791654128685,1.0216646341933762,0.0010573482301656778
29,0.4690059592344024,1.0,0.968711793412852,0.558195082865113,0.9654842975768368,0.005122364724154171
29,0.42681136666041347,0.9988812086628998,0.6871179341285194,0.5583430092892974,1.0609321222122186,0.0397440713208681
29,0.4137408241884918,0.9989930877966098,1.0,0.556805073222989,1.0944481726451998,0.13775580788216868
29,0.5435328561001183,1.0,1.0,0.5596743471069573,0.9556848304206005,0.12258360358372256
29,0.4573730304360166,0.9988812086628998,0.7434367059853859,0.5596743471069573,1.0050250720157174,0.01498442914145992
29,0.4814892008181213,0.9899308779660974,1.0,0.5563259523154213,0.964166470001137,0.02371362419191725
29,0.4672904599997643,0.9899308779660974,0.968711793412852,0.5391234551023713,0.9703578736894116,0.001329126328591168
29,0.4662537731981081,0.8674046650646022,1.0,0.4459277479540682,1.0728487736992898,0.10166545007891603
29,0.48795890752313253,1.0,1.0,0.539955544528722,0.9570061637467526,0.029022511502815207
29,0.4433916773715687,0.877473787098505,1.0,0.4685216915987182,1.0644282600148793,0.043168926192213686
29,0.3969370310128731,0.8674046650646022,0.7465655266441007,0.4420943927805851,1.1602008050167782,0.019420647065739427
29,0.49007230300302806,1.0,1.0,0.5596743471069573,0.9556848304206005,0.03170302941381675
29,0.4757760949894667,1.0,0.9718406140715667,0.5507004108455092,0.9606044270376778,0.008858650204268015
30,0.46846862194623456,0.988812086628997,1.0,0.5317006913956001,0.9665917158516529,8.316032027655407e-05
30,0.4741892326935661,1.0,1.0,0.5377645664644736,0.9571568895321526,0.0022261194909140025
30,0.4717517936669026,1.0,0.968711793412852,0.558195082865113,0.9603619328526827,0.0004972429981578985
30,0.4463360216353811,0.9988812086628998,0.7434367059853859,0.5364332286468138,1.0145854448638207,6.305116902383112e-05
30,0.48795890752313253,1.0,1.0,0.539955544528722,0.9570061637467526,0.029022511502815207
30,0.49007230300302806,1.0,1.0,0.5596743471069573,0.9556848304206005,0.03170302941381675
30,0.48017375685929853,1.0,1.0,0.5338508821512422,0.9574281325910244,0.014398900641727663
30,0.47796979011346385,1.0,1.0,0.5323129460849337,0.9575354314740613,0.010157796955797771
30,0.4699398934732406,1.0,0.968711793412852,0.558195082865113,0.9635655440230907,0.003203611170408016
30,0.46772398004245846,0.988812086628997,1.0,0.5349767899613627,0.9681305822015497,0.0018159683753120603
30,0.4672904599997643,0.9899308779660974,0.968711793412852,0.5391234551023713,0.9703578736894116,0.001329126328591168
30,0.4672904599997643,0.9899308779660974,0.968711793412852,0.5391234551023713,0.9703578736894116,0.001329126328591168
30,0.4757760949894667,1.0,0.9718406140715667,0.5507004108455092,0.9606044270376778,0.008858650204268015
30,0.4218200471491756,0.8674046650646022,1.0,0.4433454014584967,1.073485938051299,0.0007712920552465086
30,0.4218200471491756,0.8674046650646022,1.0,0.4433454014584967,1.073485938051299,0.0007712920552465086
30,0.44367495243609034,1.0,0.6871179341285194,0.5556791654128685,1.0216646341933762,0.0010573482301656778
30,0.4924370999711158,1.0,1.0,0.5596743471069573,0.9556848304206005,0.03614020394286843
30,0.4924370999711158,1.0,1.0,0.5596743471069573,0.9556848304206005,0.03614020394286843
30,0.44410399795989985,1.0,0.6871179341285194,0.556805073222989,1.0210776614074382,0.00145637644542429
30,0.4924370999711159,1.0,1.0,0.5596743471069573,0.9556848304206005,0.03614020394286854
30,0.46846862194623456,0.9989930877966098,0.7690930353868473,0.5596743471069573,0.998637018279496,0.03204530242784309
30,0.44893730816102156,1.0,0.7184061407156674,0.5570920006113859,1.0118700340243911,0.003226107943726575
30,0.490542765961771,0.9899308779660974,1.0,0.5403744637802829,0.9650877329162947,0.041992091570204004
30,0.42725187188629565,1.0,0.6871179341285194,0.5359603628346332,1.0598382799758261,0.027860524322643743
30,0.48795890752313253,1.0,1.0,0.5335639547628453,0.9574481204155928,0.029464468171655378
30,0.49007230300302806,0.9909377901694876,1.0,0.5189507428717947,0.9655946462705151,0.041612845263731324
30,0.494445921279049,0.9989930877966098,1.0,0.5413396869883995,0.9577159339270075,0.041907208092867854
30,0.5234816185509571,1.0,0.9718406140715667,0.5596743471069573,0.9597508101195782,0.09473879601163404
30,0.3582646996094293,0.7480688636227443,1.0,0.3386493503748822,1.2639199153753973,0.08198023614023908
30,0.49518581449933347,0.988812086628997,1.0,0.5166616214265607,0.9674230313514809,0.052982682086526234
30,0.426892708684267,0.9888120866289971,0.7434367059853859,0.5112569385065923,1.0607299675161221,0.02783225433462544
30,0.4672904599997643,1.0,1.0,0.5596743471069573,0.9690287473608205,0.013343916940219969
30,0.4757760949894667,1.0,0.6589585482000861,0.5596743471069573,1.0283098299712565,0.07656405313784675
30,0.4869598747579876,1.0,0.6871179341285194,0.5596743471069573,1.0195827115315368,0.08969523492698339
30,0.4218200471491756,1.0,0.9746565526644101,0.5318790018934187,1.073485938051299,0.11154860217871665
30,0.4162238503472705,0.8674046650646022,0.9718406140715667,0.46663932456065804,1.0879191295994706,0.0071690366575003495
30,0.4636546112718085,0.9899308779660974,1.0,0.5358293947843956,0.9766275975505798,0.011269658338278754
30,0.45194742475777444,0.9899308779660974,1.0,0.5155367650334384,1.0019260300399497,0.03531792442120085
30,0.46631478267740123,1.0,0.7184061407156674,0.5585876824350773,1.0111854625102004,0.040129201961696115
30,0.4905329989838195,1.0,0.7690930353868473,0.5596743471069573,0.9978151956709642,0.0747011746138726
31,0.46846862194623456,0.988812086628997,1.0,0.5317006913956001,0.9665917158516529,8.316032027655407e-05
31,0.4741892326935661,1.0,1.0,0.5377645664644736,0.9571568895321526,0.0022261194909140025
31,0.4717517936669026,1.0,0.968711793412852,0.558195082865113,0.9603619328526827,0.0004972429981578985
31,0.4463360216353811,0.9988812086628998,0.7434367059853859,0.5364332286468138,1.0145854448638207,6.305116902383112e-05
31,0.48795890752313253,1.0,1.0,0.539955544528722,0.9570061637467526,0.029022511502815207
31,0.49007230300302806,1.0,1.0,0.5596743471069573,0.9556848304206005,0.03170302941381675
31,0.48017375685929853,1.0,1.0,0.5338508821512422,0.9574281325910244,0.014398900641727663
31,0.47796979011346385,1.0,1.0,0.5323129460849337,0.9575354314740613,0.010157796955797771
31,0.4699398934732406,1.0,0.968711793412852,0.558195082865113,0.9635655440230907,0.003203611170408016
31,0.46772398004245846,0.988812086628997,1.0,0.5349767899613627,0.9681305822015497,0.0018159683753120603
31,0.4672904599997643,0.9899308779660974,0.968711793412852,0.5391234551023713,0.9703578736894116,0.001329126328591168
31,0.4672904599997643,0.9899308779660974,0.968711793412852,0.5391234551023713,0.9703578736894116,0.001329126328591168
31,0.4757760949894667,1.0,0.9718406140715667,0.5507004108455092,0.9606044270376778,0.008858650204268015
31,0.4218200471491756,0.8674046650646022,1.0,0.4433454014584967,1.073485938051299,0.0007712920552465086
31,0.4218200471491756,0.8674046650646022,1.0,0.4433454014584967,1.073485938051299,0.0007712920552465086
31,0.44367495243609034,1.0,0.6871179341285194,0.5556791654128685,1.0216646341933762,0.0010573482301656778
31,0.4924370999711158,1.0,1.0,0.5596743471069573,0.9556848304206005,0.03614020394286843
31,0.4924370999711158,1.0,1.0,0.5596743471069573,0.9556848304206005,0.03614020394286843
31,0.44410399795989985,1.0,0.6871179341285194,0.556805073222989,1.0210776614074382,0.00145637644542429
31,0.4924370999711159,1.0,1.0,0.5596743471069573,0.9556848304206005,0.03614020394286854
31,0.5272489543790198,1.0,1.0,0.5596743471069573,0.9556848304206005,0.09685356018935276
31,0.46775800044389826,1.0,0.7184061407156674,0.5596743471069573,1.0106883163608278,0.04262814704575135
31,0.4717517936669026,1.0,1.0,0.558195082865113,0.9598646898545248,0.004082882446316605
31,0.5188840606568541,1.0,0.968711793412852,0.5596743471069573,0.9602171774386985,0.08754074827576674
31,0.47522704993341985,0.9988812086628998,0.9996871179341285,0.5319523495361904,0.9584975331877695,0.005652173928743509
31,0.47015885949038116,1.0,1.0,0.5200176441440618,0.9631167848330404,0.0047088209584524865
31,0.4913964473773335,1.0,0.9718406140715667,0.5596743471069573,0.9597508101195782,0.0382588221910205
31,0.420391871082865,0.8674046650646022,1.0,0.4317031415155646,1.0771328375896985,0.004999971438493844
31,0.5002840926725937,0.9899308779660974,0.968711793412852,0.5107323194693921,0.9730280507872381,0.06790654921776285
31,0.3843594498501993,0.866397752861212,0.7690930353868473,0.4401753171647793,1.1781104616385345,0.02660554131602999
31,0.4165674657845721,0.8674046650646022,0.9971840614071567,0.45009060627614006,1.0870217340098638,0.013247228439157155
31,0.45094612946895446,0.9989930877966098,0.7690930353868473,0.5387573404928281,1.0063009850384455,0.002150246223232788
31,0.46768062803818905,0.988923965762707,0.9968711793412852,0.5353914564754635,0.9682203237869972,0.0015041753014596315
31,0.39381768289627045,0.8795454072210418,0.7434367059853859,0.45497829602334283,1.1498160407533446,0.0033585001768670075
31,0.5322926595494537,1.0,1.0,0.5455230883112254,0.9566267281962404,0.10593325891405025
31,0.44021374873946467,0.9899308779660974,0.6871179341285194,0.5562599111850351,1.029622858339791,0.0009909940596388722
31,0.49734772521185994,1.0,0.9718406140715667,0.5596743471069573,0.9597508101195782,0.049285423004546414
31,0.4344046204506513,1.0,0.6902467547872342,0.5481180643499378,1.0423873681732974,0.017777636272069408
31,0.48417868553788546,1.0,1.0,0.5310899463108258,0.9576210461204103,0.022392167472051305
31,0.4735190549801676,1.0,1.0,0.5407130551736599,0.9569542376844846,0.0006719416342337858
32,0.46846862194623456,0.988812086628997,1.0,0.5317006913956001,0.9665917158516529,8.316032027655407e-05
32,0.4717517936669026,1.0,0.968711793412852,0.558195082865113,0.9603619328526827,0.0004972429981578985
32,0.4463360216353811,0.9988812086628998,0.7434367059853859,0.5364332286468138,1.0145854448638207,6.305116902383112e-05
32,0.49007230300302806,1.0,1.0,0.5596743471069573,0.9556848304206005,0.03170302941381675
32,0.4735190549801676,1.0,1.0,0.5407130551736599,0.9569542376844846,0.0006719416342337858
32,0.4924370999711158,1.0,1.0,0.5596743471069573,0.9556848304206005,0.03614020394286843
32,0.4924370999711158,1.0,1.0,0.5596743471069573,0.9556848304206005,0.03614020394286843
32,0.4741892326935661,1.0,1.0,0.5377645664644736,0.9571568895321526,0.0022261194909140025
32,0.48795890752313253,1.0,1.0,0.539955544528722,0.9570061637467526,0.029022511502815207
32,0.46772398004245846,0.988812086628997,1.0,0.5349767899613627,0.9681305822015497,0.0018159683753120603
32,0.4672904599997643,0.9899308779660974,0.968711793412852,0.5391234551023713,0.9703578736894116,0.001329126328591168
32,0.4672904599997643,0.9899308779660974,0.968711793412852,0.5391234551023713,0.9703578736894116,0.001329126328591168
32,0.4218200471491756,0.8674046650646022,1.0,0.4433454014584967,1.073485938051299,0.0007712920552465086
32,0.4218200471491756,0.8674046650646022,1.0,0.4433454014584967,1.073485938051299,0.0007712920552465086
32,0.44367495243609034,1.0,0.6871179341285194,0.5556791654128685,1.0216646341933762,0.0010573482301656778
32,0.46768062803818905,0.988923965762707,0.9968711793412852,0.5353914564754635,0.9682203237869972,0.0015041753014596315
32,0.44021374873946467,0.9899308779660974,0.6871179341285194,0.5562599111850351,1.029622858339791,0.0009909940596388722
32,0.4924370999711159,1.0,1.0,0.5596743471069573,0.9556848304206005,0.03614020394286854
32,0.44410399795989985,1.0,0.6871179341285194,0.556805073222989,1.0210776614074382,0.00145637644542429
32,0.45094612946895446,0.9989930877966098,0.7690930353868473,0.5387573404928281,1.0063009850384455,0.002150246223232788
32,0.49007230300302806,1.0,1.0,0.5596743471069573,0.9556848304206005,0.03170302941381675
32,0.4415466351648114,1.0,0.6871179341285194,0.5556791654128685,1.0255267575116196,0.0038621233182434267
32,0.4663458058956915,1.0,0.6871179341285194,0.5596743471069573,1.0195827115315368,0.04859104959182825
32,0.45086737944996963,0.9899308779660974,0.968711793412852,0.5194046525241359,1.0043261271736839,0.032128955260462555
32,0.47251775969134757,1.0,0.7690930353868473,0.5596743471069573,0.9978151956709642,0.03950647640983529
32,0.48141093632344345,1.0,1.0,0.5596743471069573,0.9556848304206005,0.015079092225605661
32,0.49581882830616153,1.0,1.0,0.541830332822558,0.9568778238183352,0.04360494406520887
32,0.4412070767199481,1.0,0.7152773200569527,0.5498742727198597,1.0263160156367295,0.010223383670999064
32,0.4687843257942817,0.9878051744256067,1.0,0.5282963026252686,0.9675224469268415,0.0015816844171477884
32,0.44067904167712046,0.85934936743748,1.0,0.4457666052684985,1.0805137406757792,0.05296796194893516
32,0.5095305377455256,1.0,1.0,0.5596743471069573,0.9556848304206005,0.06698855876805399
32,0.5110538756449078,1.0,1.0,0.5596743471069573,0.9556848304206005,0.06963756462343595
32,0.4283141534947381,0.9899308779660974,0.740933649458414,0.5202615376887006,1.0572097263757947,0.02805395264413435
32,0.4426878629850536,0.8583424552340898,1.0,0.42743194514994076,1.080368560286638,0.05748556096513324
32,0.42370404566116476,0.9898189988323873,0.7152773200569527,0.5179374258426863,1.0687126867078978,0.029695975067755676
32,0.3769473483119685,0.8583424552340898,0.7184061407156674,0.4402724091287668,1.2012762283718874,0.018331621690584665
32,0.49682120866778245,1.0,1.0,0.556260369268601,0.9559091582336157,0.04447888660923183
32,0.4328177581547507,1.0,0.7184061407156674,0.5351822199689021,1.0462091272792722,0.024269883091750044
32,0.49385864745178937,1.0,0.7184061407156674,0.5596743471069573,1.0106883163608278,0.09379055321379615
32,0.42930978114352775,0.9988812086628998,0.7434367059853859,0.519368065906846,1.0547579135405651,0.03309503752789067
33,0.46846862194623456,0.988812086628997,1.0,0.5317006913956001,0.9665917158516529,8.316032027655407e-05
33,0.4717517936669026,1.0,0.968711793412852,0.558195082865113,0.9603619328526827,0.0004972429981578985
33,0.4463360216353811,0.9988812086628998,0.7434367059853859,0.5364332286468138,1.0145854448638207,6.305116902383112e-05
33,0.4735190549801676,1.0,1.0,0.5407130551736599,0.9569542376844846,0.0006719416342337858
33,0.48141093632344345,1.0,1.0,0.5596743471069573,0.9556848304206005,0.015079092225605661
33,0.4741892326935661,1.0,1.0,0.5377645664644736,0.9571568895321526,0.0022261194909140025
33,0.4672904599997643,0.9899308779660974,0.968711793412852,0.5391234551023713,0.9703578736894116,0.001329126328591168
33,0.4672904599997643,0.9899308779660974,0.968711793412852,0.5391234551023713,0.9703578736894116,0.001329126328591168
33,0.4218200471491756,0.8674046650646022,1.0,0.4433454014584967,1.073485938051299,0.0007712920552465086
33,0.4218200471491756,0.8674046650646022,1.0,0.4433454014584967,1.073485938051299,0.0007712920552465086
33,0.44367495243609034,1.0,0.6871179341285194,0.5556791654128685,1.0216646341933762,0.0010573482301656778
33,0.46768062803818905,0.988923965762707,0.9968711793412852,0.5353914564754635,0.9682203237869972,0.0015041753014596315
33,0.44021374873946467,0.9899308779660974,0.6871179341285194,0.5562599111850351,1.029622858339791,0.0009909940596388722
33,0.4687843257942817,0.9878051744256067,1.0,0.5282963026252686,0.9675224469268415,0.0015816844171477884
33,0.49007230300302806,1.0,1.0,0.5596743471069573,0.9556848304206005,0.03170302941381675
33,0.48795890752313253,1.0,1.0,0.539955544528722,0.9570061637467526,0.029022511502815207
33,0.49007230300302806,1.0,1.0,0.5596743471069573,0.9556848304206005,0.03170302941381675
33,0.44410399795989985,1.0,0.6871179341285194,0.556805073222989,1.0210776614074382,0.00145637644542429
33,0.4924370999711158,1.0,1.0,0.5596743471069573,0.9556848304206005,0.03614020394286843
33,0.4924370999711158,1.0,1.0,0.5596743471069573,0.9556848304206005,0.03614020394286843
33,0.46846862194623456,1.0,0.9971840614071567,0.5596743471069573,0.9665917158516529,0.010510621154426913
33,0.41276220242509887,0.880664198558142,1.0,0.43306851538085905,1.0970430100401178,0.03696823016641826
33,0.49339414738752435,0.9870108325762654,1.0,0.5102242087716736,0.9692468785824706,0.051485912920171795
33,0.3845790236233386,0.880664198558142,0.6871179341285194,0.4698559444597863,1.177437824436102,0.011173495693236779
33,0.4612162094552985,1.0,1.0,0.5596743471069573,0.9817909254083979,0.026106094987797368
33,0.4741892326935661,1.0,0.7184061407156674,0.5596743471069573,1.0106883163608278,0.05575754631958918
33,0.490003292864742,0.977836743612043,1.0,0.5090240475524956,0.9766234393057915,0.052511508333230594
33,0.5140087301935089,1.0,1.0,0.5596743471069573,0.9556848304206005,0.074731137231701
33,0.4814927544855929,0.9968673842561191,1.0,0.546792105429396,0.9590653958076816,0.018619491030593016
33,0.49786839555845563,0.9989930877966098,1.0,0.5224776448538658,0.9590181671142002,0.04950494392833016
33,0.4731482041896037,0.999899308779661,0.6871179341285194,0.5412592540924803,1.0292805049652038,0.07224868045515387
33,0.4137401974212237,0.9899308779660974,0.40552407484418684,0.5596743471069573,1.1696879554378998,0.07523812483368642
33,0.4473293496158645,0.9978742964595094,0.7462526445782293,0.5300475901816384,1.0171609958292125,0.004891424309165782
33,0.5110387027421471,1.0,1.0,0.5596743471069573,0.9556848304206005,0.06961125759638132
33,0.46980512399689944,0.9909377901694876,0.9718406140715667,0.5411785443028299,0.9688229781493194,0.004981023297825682
33,0.5090480755100083,0.9899308779660974,1.0,0.5427191186270511,0.9649497003687615,0.07541114601306265
33,0.5002323299827419,1.0,1.0,0.5596743471069573,0.9556848304206005,0.05046966932401742
33,0.5067318632496316,1.0,1.0,0.5596743471069573,0.9556848304206005,0.0620802990639735
33,0.514681644146675,0.9979861755932194,1.0,0.5384644488051934,0.9587140322855612,0.07891213076794057
33,0.4529221774307759,0.9989930877966098,0.7152773200569527,0.5596743471069573,1.0123645625983493,0.012594819272631175
34,0.46846862194623456,0.988812086628997,1.0,0.5317006913956001,0.9665917158516529,8.316032027655407e-05
34,0.4717517936669026,1.0,0.968711793412852,0.558195082865113,0.9603619328526827,0.0004972429981578985
34,0.4463360216353811,0.9988812086628998,0.7434367059853859,0.5364332286468138,1.0145854448638207,6.305116902383112e-05
34,0.4735190549801676,1.0,1.0,0.5407130551736599,0.9569542376844846,0.0006719416342337858
34,0.48141093632344345,1.0,1.0,0.5596743471069573,0.9556848304206005,0.015079092225605661
34,0.4741892326935661,1.0,1.0,0.5377645664644736,0.9571568895321526,0.0022261194909140025
34,0.4672904599997643,0.9899308779660974,0.968711793412852,0.5391234551023713,0.9703578736894116,0.001329126328591168
34,0.4672904599997643,0.9899308779660974,0.968711793412852,0.5391234551023713,0.9703578736894116,0.001329126328591168
34,0.4218200471491756,0.8674046650646022,1.0,0.4433454014584967,1.073485938051299,0.0007712920552465086
34,0.4218200471491756,0.8674046650646022,1.0,0.4433454014584967,1.073485938051299,0.0007712920552465086
34,0.44367495243609034,1.0,0.6871179341285194,0.5556791654128685,1.0216646341933762,0.0010573482301656778
34,0.46768062803818905,0.988923965762707,0.9968711793412852,0.5353914564754635,0.9682203237869972,0.0015041753014596315
34,0.44021374873946467,0.9899308779660974,0.6871179341285194,0.5562599111850351,1.029622858339791,0.0009909940596388722
34,0.4687843257942817,0.9878051744256067,1.0,0.5282963026252686,0.9675224469268415,0.0015816844171477884
34,0.49007230300302806,1.0,1.0,0.5596743471069573,0.9556848304206005,0.03170302941381675
34,0.48795890752313253,1.0,1.0,0.539955544528722,0.9570061637467526,0.029022511502815207
34,0.49007230300302806,1.0,1.0,0.5596743471069573,0.9556848304206005,0.03170302941381675
34,0.44410399795989985,1.0,0.6871179341285194,0.556805073222989,1.0210776614074382,0.00145637644542429
34,0.4924370999711158,1.0,1.0,0.5596743471069573,0.9556848304206005,0.03614020394286843
34,0.4924370999711158,1.0,1.0,0.5596743471069573,0.9556848304206005,0.03614020394286843
34,0.48386340757860646,0.988812086628997,0.9718406140715667,0.5596743471069573,0.9689761907152725,0.03313793130554288
34,0.44292141986549466,0.9899308779660974,0.968711793412852,0.5545462655767688,1.0223436229194536,0.053378433523047386
34,0.49669835623841313,1.0,1.0,0.5364332286468138,0.9572488698481603,0.04559316678951042
34,0.4848317170189725,1.0,0.968711793412852,0.546552822922181,0.9615132634552486,0.02754406703699319
34,0.4941085729733342,0.9909377901694876,1.0,0.5335052829383813,0.9646855824140338,0.048251596185129864
34,0.4625339469640352,0.9919447023728778,0.8898655128132389,0.5581003692228703,0.9799596345344349,0.0009657853922067083
34,0.4424074438634618,0.9899308779660974,0.7152773200569527,0.5378724464244596,1.029772402235086,0.00624105046044976
34,0.5437041032598692,1.0,1.0,0.5596743471069573,0.9556848304206005,0.12284600038698934
34,0.4609072776205061,0.9909377901694876,1.0,0.5411785443028299,0.9824489893749222,0.018227912597969853
34,0.4632126107133585,1.0,0.7184061407156674,0.5596743471069573,1.0106883163608278,0.03312881425368086
34,0.4835392535947224,1.0,1.0,0.5596743471069573,0.9556848304206005,0.019219205813162055
34,0.46941877727104325,0.9899308779660974,0.968711793412852,0.5391234551023713,0.9703578736894116,0.0057226459635960625
34,0.44021374873946467,0.9987805174425607,1.0,0.5535552929639445,1.0286318642801522,0.07155510831421907
34,0.42395149049154474,0.9900315691864363,1.0,0.5349504716546446,1.068088918576886,0.10275972330042304
34,0.5136560670415761,0.9900315691864363,1.0,0.5596743471069573,0.9638945196825863,0.08233598616281834
34,0.41969172987789666,0.8674046650646022,1.0,0.4433454014584967,1.0789297400000546,0.0062150940040019975
34,0.5188840606568541,1.0,0.968711793412852,0.5596743471069573,0.9602171774386985,0.08754074827576674
34,0.42217119838375783,0.866498444081551,1.0,0.43998660269427975,1.0733926996043666,0.0007996597730399735
34,0.5169319952926976,1.0,1.0,0.5462048478916695,0.9565806147358139,0.08060873966567972
34,0.5319065185780252,1.0,1.0,0.544509771282117,0.9566954079365029,0.10538437223892616
35,0.46846862194623456,0.988812086628997,1.0,0.5317006913956001,0.9665917158516529,8.316032027655407e-05
35,0.4717517936669026,1.0,0.968711793412852,0.558195082865113,0.9603619328526827,0.0004972429981578985
35,0.4463360216353811,0.9988812086628998,0.7434367059853859,0.5364332286468138,1.0145854448638207,6.305116902383112e-05
35,0.4735190549801676,1.0,1.0,0.5407130551736599,0.9569542376844846,0.0006719416342337858
35,0.48141093632344345,1.0,1.0,0.5596743471069573,0.9556848304206005,0.015079092225605661
35,0.4741892326935661,1.0,1.0,0.5377645664644736,0.9571568895321526,0.0022261194909140025
35,0.4672904599997643,0.9899308779660974,0.968711793412852,0.5391234551023713,0.9703578736894116,0.001329126328591168
35,0.4672904599997643,0.9899308779660974,0.968711793412852,0.5391234551023713,0.9703578736894116,0.001329126328591168
35,0.4218200471491756,0.8674046650646022,1.0,0.4433454014584967,1.073485938051299,0.0007712920552465086
35,0.4218200471491756,0.8674046650646022,1.0,0.4433454014584967,1.073485938051299,0.0007712920552465086
35,0.46768062803818905,0.988923965762707,0.9968711793412852,0.5353914564754635,0.9682203237869972,0.0015041753014596315
35,0.4687843257942817,0.9878051744256067,1.0,0.5282963026252686,0.9675224469268415,0.0015816844171477884
35,0.4625339469640352,0.9919447023728778,0.8898655128132389,0.5581003692228703,0.9799596345344349,0.0009657853922067083
35,0.42217119838375783,0.866498444081551,1.0,0.43998660269427975,1.0733926996043666,0.0007996597730399735
35,0.4835392535947224,1.0,1.0,0.5596743471069573,0.9556848304206005,0.019219205813162055
35,0.44021374873946467,0.9899308779660974,0.6871179341285194,0.5562599111850351,1.029622858339791,0.0009909940596388722
35,0.49007230300302806,1.0,1.0,0.5596743471069573,0.9556848304206005,0.03170302941381675
35,0.49007230300302806,1.0,1.0,0.5596743471069573,0.9556848304206005,0.03170302941381675
35,0.46941877727104325,0.9899308779660974,0.968711793412852,0.5391234551023713,0.9703578736894116,0.0057226459635960625
35,0.4848317170189725,1.0,0.968711793412852,0.546552822922181,0.9615132634552486,0.02754406703699319
35,0.44203028826109786,0.9828824925423654,0.8617061268848056,0.5396045664187429,1.0244046642894014,0.02775890731718722
35,0.4207613529518715,0.8705950765242394,0.968711793412852,0.4514925667587244,1.078148424777953,0.001961446522204646
35,0.5350108748689824,0.9988812086628998,0.9718406140715667,0.5596743471069573,0.9606640486265954,0.11429267469745763
35,0.5328627878242458,1.0,0.968711793412852,0.5596743471069573,0.9602171774386985,0.11043389443746243
35,0.4899224359739806,1.0,0.9968711793412852,0.5596743471069573,0.9561252622536585,0.03186081567492238
35,0.4218200471491756,0.8674046650646022,1.0,0.4433454014584967,1.073485938051299,0.0007712920552465086
35,0.4423814394956801,0.9819762715593141,0.8870495742203955,0.5362457676545259,1.0235915176931654,0.030913930626053077
35,0.472545044247545,0.999899308779661,0.9968711793412852,0.5439128939307479,0.958253386910556,0.0009469179254291138
35,0.5294542527738028,1.0,0.9405524074844187,0.5596743471069573,0.9645541099515185,0.10930006892965127
35,0.4426457716971692,0.9898189988323873,0.7152773200569527,0.535002588582654,1.0311766689725053,0.008196403472371605
35,0.4928376620805042,0.988812086628997,1.0,0.5162778809212025,0.9674468964864282,0.04864964538775385
35,0.45646617299440784,0.8684115772679925,1.0,0.4524530363063272,1.072238377952605,0.08023082980554475
35,0.4244266174221773,0.9919447023728778,0.6871179341285194,0.5495734801472064,1.0668932400131506,0.03549731149993729
35,0.48972115176844583,1.0,1.0,0.5596743471069573,0.9556848304206005,0.031040494523663753
35,0.4860571027026036,0.9909377901694876,1.0,0.5425098821204897,0.964141492377252,0.032526900949902515
35,0.47890724062798395,1.0,0.6871179341285194,0.5596743471069573,1.0195827115315368,0.07405954813779614
35,0.49007230300302806,1.0,0.9718406140715667,0.5289036834073612,0.9627323022153792,0.03875050120859547
35,0.44583876264924055,0.9909377901694876,0.6871179341285194,0.5434798305924511,1.0353558195873844,0.019701894904172956
35,0.48268645443239033,1.0,0.8926814514060822,0.5391234551023713,0.9764039595132694,0.03828380929975694
35,0.5003157122910619,1.0,1.0,0.5596743471069573,0.9556848304206005,0.05062053192467808
36,0.46846862194623456,0.988812086628997,1.0,0.5317006913956001,0.9665917158516529,8.316032027655407e-05
36,0.4717517936669026,1.0,0.968711793412852,0.558195082865113,0.9603619328526827,0.0004972429981578985
36,0.4463360216353811,0.9988812086628998,0.7434367059853859,0.5364332286468138,1.0145854448638207,6.305116902383112e-05
36,0.4735190549801676,1.0,1.0,0.5407130551736599,0.9569542376844846,0.0006719416342337858
36,0.48141093632344345,1.0,1.0,0.5596743471069573,0.9556848304206005,0.015079092225605661
36,0.4741892326935661,1.0,1.0,0.5377645664644736,0.9571568895321526,0.0022261194909140025
36,0.4218200471491756,0.8674046650646022,1.0,0.4433454014584967,1.073485938051299,0.0007712920552465086
36,0.4218200471491756,0.8674046650646022,1.0,0.4433454014584967,1.073485938051299,0.0007712920552465086
36,0.42217119838375783,0.866498444081551,1.0,0.43998660269427975,1.0733926996043666,0.0007996597730399735
36,0.4218200471491756,0.8674046650646022,1.0,0.4433454014584967,1.073485938051299,0.0007712920552465086
36,0.472545044247545,0.999899308779661,0.9968711793412852,0.5439128939307479,0.958253386910556,0.0009469179254291138
36,0.4835392535947224,1.0,1.0,0.5596743471069573,0.9556848304206005,0.019219205813162055
36,0.4672904599997643,0.9899308779660974,0.968711793412852,0.5391234551023713,0.9703578736894116,0.001329126328591168
36,0.4672904599997643,0.9899308779660974,0.968711793412852,0.5391234551023713,0.9703578736894116,0.001329126328591168
36,0.46768062803818905,0.988923965762707,0.9968711793412852,0.5353914564754635,0.9682203237869972,0.0015041753014596315
36,0.4687843257942817,0.9878051744256067,1.0,0.5282963026252686,0.9675224469268415,0.0015816844171477884
36,0.4625339469640352,0.9919447023728778,0.8898655128132389,0.5581003692228703,0.9799596345344349,0.0009657853922067083
36,0.4848317170189725,1.0,0.968711793412852,0.546552822922181,0.9615132634552486,0.02754406703699319
36,0.48972115176844583,1.0,1.0,0.5596743471069573,0.9556848304206005,0.031040494523663753
36,0.44021374873946467,0.9899308779660974,0.6871179341285194,0.5562599111850351,1.029622858339791,0.0009909940596388722
36,0.4628899687252383,0.9899308779660974,0.9405524074844187,0.5273140833360725,0.9782408772975683,0.0014525686891381229
36,0.49601685572744236,0.992951614576268,1.0,0.5596743471069573,0.9614725905217261,0.04856432150884038
36,0.5151867361863967,1.0,1.0,0.5596743471069573,0.9556848304206005,0.07674549174653322
36,0.45782281597249597,1.0,0.7719089739796906,0.5529426483514165,0.9995828241729892,0.01051484134358538
36,0.489748149019144,1.0,1.0,0.5584513473328494,0.9557649829216945,0.03117161782463085
36,0.4659185935719722,1.0,0.8870495742203955,0.5377645664644736,0.9778147668232826,0.005932778528193294
36,0.4672904599997643,0.9899308779660974,0.9940552407484419,0.5391234551023711,0.9690287473608205,0.002904897644097182
36,0.4810597850888612,1.0,0.9746565526644101,0.4433454014584967,0.9711825362215187,0.029890199653985428
36,0.42217119838375783,1.0,1.0,0.5407130551736599,1.0725930398313266,0.11563880214684197
36,0.44390834545344265,0.8897264083886544,0.9968711793412852,0.4603525746426939,1.053459656288933,0.03338897346892944
36,0.49726523561639696,0.9989930877966098,1.0,0.5251312846921334,0.9588312477671981,0.048214826725127224
36,0.4852472381878508,1.0,0.9746565526644101,0.5401405025567634,0.9611502131812354,0.027980782203874788
36,0.46768062803818905,0.988923965762707,0.9968711793412852,0.5353914564754635,0.9682203237869972,0.0015041753014596315
36,0.4407302861530181,0.9898189988323873,0.7152773200569527,0.535002588582654,1.0311766689725053,0.003750364777878712
36,0.44180428392140314,0.9899308779660974,0.9968711793412852,0.5405260862627274,1.0249286970062277,0.059349386736942567
36,0.41811999341006156,0.880664198558142,0.968711793412852,0.4534990317814985,1.0829854972976278,0.014219250791533744
36,0.4216379626112318,0.8706856986225444,0.9715277320056953,0.5581003692228703,1.0808253996494006,0.006875876228925826
36,0.4308284221013728,0.8897264083886544,0.9968711793412852,0.4719948345856259,1.0537843759756909,0.002744412510432115
36,0.48972115176844583,0.989024656983046,1.0,0.5213336981972524,0.9669651522423988,0.04232081634546203
36,0.48863188479578784,1.0,0.9718406140715667,0.5541954347316947,0.9602704625184426,0.033564892866963736
37,0.46846862194623456,0.988812086628997,1.0,0.5317006913956001,0.9665917158516529,8.316032027655407e-05
37,0.4717517936669026,1.0,0.968711793412852,0.558195082865113,0.9603619328526827,0.0004972429981578985
37,0.4463360216353811,0.9988812086628998,0.7434367059853859,0.5364332286468138,1.0145854448638207,6.305116902383112e-05
37,0.4735190549801676,1.0,1.0,0.5407130551736599,0.9569542376844846,0.0006719416342337858
37,0.48141093632344345,1.0,1.0,0.5596743471069573,0.9556848304206005,0.015079092225605661
37,0.4741892326935661,1.0,1.0,0.5377645664644736,0.9571568895321526,0.0022261194909140025
37,0.4218200471491756,0.8674046650646022,1.0,0.4433454014584967,1.073485938051299,0.0007712920552465086
37,0.4218200471491756,0.8674046650646022,1.0,0.4433454014584967,1.073485938051299,0.0007712920552465086
37,0.42217119838375783,0.866498444081551,1.0,0.43998660269427975,1.0733926996043666,0.0007996597730399735
37,0.4218200471491756,0.8674046650646022,1.0,0.4433454014584967,1.073485938051299,0.0007712920552465086
37,0.472545044247545,0.999899308779661,0.9968711793412852,0.5439128939307479,0.958253386910556,0.0009469179254291138
37,0.4835392535947224,1.0,1.0,0.5596743471069573,0.9556848304206005,0.019219205813162055
37,0.4625339469640352,0.9919447023728778,0.8898655128132389,0.5581003692228703,0.9799596345344349,0.0009657853922067083
37,0.48972115176844583,1.0,1.0,0.5596743471069573,0.9556848304206005,0.031040494523663753
37,0.4687843257942817,0.9878051744256067,1.0,0.5282963026252686,0.9675224469268415,0.0015816844171477884
37,0.4848317170189725,1.0,0.968711793412852,0.546552822922181,0.9615132634552486,0.02754406703699319
37,0.4672904599997643,0.9899308779660974,0.968711793412852,0.5391234551023713,0.9703578736894116,0.001329126328591168
37,0.4852472381878508,1.0,0.9746565526644101,0.5401405025567634,0.9611502131812354,0.027980782203874788
37,0.4672904599997643,0.9899308779660974,0.968711793412852,0.5391234551023713,0.9703578736894116,0.001329126328591168
37,0.46768062803818905,0.988923965762707,0.9968711793412852,0.5353914564754635,0.9682203237869972,0.0015041753014596315
37,0.46846862194623456,0.988812086628997,1.0,0.5596743471069573,0.9665917158516529,0.0016815048353581163
37,0.42786095422875187,0.877531582814261,1.0,0.44209605434578153,1.0632480454059925,0.004918500392549818
37,0.4800664571083778,1.0,0.9718406140715667,0.5596743471069573,0.9597508101195782,0.01651080151636175
37,0.45846255698254923,0.9794906986420502,0.900878961531915,0.546624872446433,0.9902451694542023,0.0025573371721648863
37,0.4075893112743074,0.866498444081551,1.0,0.4229214399543121,1.1109660544080109,0.0384153730300536
37,0.4229832642310007,0.8674046650646022,0.9718406140715667,0.43153602969219806,1.0799036211724609,0.009369802703383057
37,0.4367316987696799,0.9989930877966098,0.7606139314017302,0.5548585363461583,1.0368331181708712,0.034334030335005705
37,0.40709326158371145,0.8573355430306995,1.0,0.42997848308457387,1.1123197844207702,0.03085028612479257
37,0.42530674268241125,0.880664198558142,0.968711793412852,0.4596036941589782,1.0688085179820739,0.004123095513451913
37,0.4501766695073063,0.9819762715593141,0.8870495742203955,0.5362457676545259,1.0058670734002702,0.013189486333157863
37,0.43954310684833386,0.9989930877966098,0.7972524213152805,0.5286569316166431,1.0302013203958793,0.028042613009495954
37,0.4835392535947224,1.0,0.968711793412852,0.5596743471069573,0.9602171774386985,0.02375155283126007
37,0.4988578832190204,0.9909377901694876,1.0,0.5596743471069573,0.9631413589949525,0.055432160842929123
37,0.5299135217518608,1.0,0.9718406140715667,0.5596743471069573,0.9597508101195782,0.10523800636102965
37,0.4218200471491756,0.8674046650646022,1.0,0.4433454014584967,1.073485938051299,0.0007712920552465086
37,0.4731482041896037,0.999899308779661,0.9715277320056953,0.5412592540924803,0.9616493999484423,0.004617575438392363
37,0.45801681040217723,1.0,0.9718406140715667,0.5364332286468136,0.9886490600421428,0.026660791815723672
37,0.4852472381878508,0.9950549422900167,1.0,0.5297128827209469,0.9616309941240354,0.028461563146674806
37,0.4672904599997643,0.866498444081551,0.9718406140715667,0.44789603350621643,1.0811154903467413,0.1120867429859208
37,0.4680331180859444,0.9875560653912063,1.0,0.5353914564754635,0.9674911274667968,0.0001813128545212761
38,0.46846862194623456,0.988812086628997,1.0,0.5317006913956001,0.9665917158516529,8.316032027655407e-05
38,0.4717517936669026,1.0,0.968711793412852,0.558195082865113,0.9603619328526827,0.0004972429981578985
38,0.4463360216353811,0.9988812086628998,0.7434367059853859,0.5364332286468138,1.0145854448638207,6.305116902383112e-05
38,0.4735190549801676,1.0,1.0,0.5407130551736599,0.9569542376844846,0.0006719416342337858
38,0.48141093632344345,1.0,1.0,0.5596743471069573,0.9556848304206005,0.015079092225605661
38,0.4680331180859444,0.9875560653912063,1.0,0.5353914564754635,0.9674911274667968,0.0001813128545212761
38,0.4741892326935661,1.0,1.0,0.5377645664644736,0.9571568895321526,0.0022261194909140025
38,0.472545044247545,0.999899308779661,0.9968711793412852,0.5439128939307479,0.958253386910556,0.0009469179254291138
38,0.4835392535947224,1.0,1.0,0.5596743471069573,0.9556848304206005,0.019219205813162055
38,0.4218200471491756,0.8674046650646022,1.0,0.4433454014584967,1.073485938051299,0.0007712920552465086
38,0.4218200471491756,0.8674046650646022,1.0,0.4433454014584967,1.073485938051299,0.0007712920552465086
38,0.48972115176844583,1.0,1.0,0.5596743471069573,0.9556848304206005,0.031040494523663753
38,0.4800664571083778,1.0,0.9718406140715667,0.5596743471069573,0.9597508101195782,0.01651080151636175
38,0.4625339469640352,0.9919447023728778,0.8898655128132389,0.5581003692228703,0.9799596345344349,0.0009657853922067083
38,0.42217119838375783,0.866498444081551,1.0,0.43998660269427975,1.0733926996043666,0.0007996597730399735
38,0.4731482041896037,0.999899308779661,0.9715277320056953,0.5412592540924803,0.9616493999484423,0.004617575438392363
38,0.46846862194623456,0.988812086628997,1.0,0.5596743471069573,0.9665917158516529,0.0016815048353581163
38,0.4672904599997643,0.9899308779660974,0.968711793412852,0.5391234551023713,0.9703578736894116,0.001329126328591168
38,0.46768062803818905,0.988923965762707,0.9968711793412852,0.5353914564754635,0.9682203237869972,0.0015041753014596315
38,0.4672904599997643,0.9899308779660974,0.968711793412852,0.5391234551023713,0.9703578736894116,0.001329126328591168
38,0.48053432666408313,0.988812086628997,0.9971840614071567,0.5596743471069573,0.9653064752929204,0.0229848470391244
38,0.4163386056276499,0.8726995230293249,0.9154905540081131,0.46997790185228505,1.0902941323964244,0.0026748656075601396
38,0.46962365326788286,0.9875560653912063,1.0,0.5196576315531557,0.9682384400315249,0.004024039923890221
38,0.4789385429392523,1.0,0.968711793412852,0.5391234551023713,0.962259427735237,0.01679806154021113
38,0.42225555100946577,0.8686606863023929,1.0,0.5596743471069573,1.0789650897638738,0.006586318374478317
38,0.49277488579968903,1.0,1.0,0.5596743471069573,0.9556848304206005,0.03677053059279589
38,0.4329117195257618,0.8889108095039082,1.0,0.4514898880063775,1.0531927493701128,0.007210696663559668
38,0.421095118663379,0.8706856986225444,0.9943368346077261,0.451000987731786,1.0753339778391209,0.003903854520483252
38,0.4607909267328747,0.9899308779660974,0.968711793412852,0.5194046525241359,0.9826970602571524,0.010499888343931119
38,0.5147965681479719,1.0,0.9718406140715667,0.4433454014584967,0.9719455380478244,0.09234004489989889
38,0.45668174606472656,0.9899308779660974,0.9405524074844187,0.5377921172847113,0.9915392786917823,0.016046107428117073
38,0.44300656015852824,1.0,0.6589585482000861,0.5590379641770855,1.0286808654798631,0.006533724155193932
38,0.4800664571083778,0.9908370989491486,0.943368346077262,0.5424822538665882,0.9736811114719652,0.030441102868748793
38,0.448797780202916,0.8897264083886544,1.0,0.4734740988274702,1.0531170021780454,0.0441594960545284
38,0.47263166748374374,0.9871115237966046,1.0,0.5405400351980495,0.9673789339135068,0.00930117427257271
38,0.4988578832190204,0.9909377901694876,1.0,0.5412592540924803,0.9642162437076948,0.05650704555567143
38,0.4252226866190098,0.880664198558142,0.968711793412852,0.47056419452146614,1.06890794870689,0.004012064125169745
38,0.4672904599997643,0.8564293220476482,1.0,0.5391234551023713,1.0905350076888096,0.12150626032798917
38,0.46682904921399304,1.0,0.9968711793412852,0.5426091843669896,0.9699865290488918,0.012667857878414623
38,0.5147399680326956,1.0,0.9715277320056953,0.5596743471069573,0.9597973116765809,0.08009509829066142
39,0.46846862194623456,0.988812086628997,1.0,0.5317006913956001,0.9665917158516529,8.316032027655407e-05
39,0.4717517936669026,1.0,0.968711793412852,0.558195082865113,0.9603619328526827,0.0004972429981578985
39,0.4463360216353811,0.9988812086628998,0.7434367059853859,0.5364332286468138,1.0145854448638207,6.305116902383112e-05
39,0.4735190549801676,1.0,1.0,0.5407130551736599,0.9569542376844846,0.0006719416342337858
39,0.48141093632344345,1.0,1.0,0.5596743471069573,0.9556848304206005,0.015079092225605661
39,0.4680331180859444,0.9875560653912063,1.0,0.5353914564754635,0.9674911274667968,0.0001813128545212761
39,0.4741892326935661,1.0,1.0,0.5377645664644736,0.9571568895321526,0.0022261194909140025
39,0.472545044247545,0.999899308779661,0.9968711793412852,0.5439128939307479,0.958253386910556,0.0009469179254291138
39,0.4835392535947224,1.0,1.0,0.5596743471069573,0.9556848304206005,0.019219205813162055
39,0.4218200471491756,0.8674046650646022,1.0,0.4433454014584967,1.073485938051299,0.0007712920552465086
39,0.4218200471491756,0.8674046650646022,1.0,0.4433454014584967,1.073485938051299,0.0007712920552465086
39,0.42217119838375783,0.866498444081551,1.0,0.43998660269427975,1.0733926996043666,0.0007996597730399735
39,0.4800664571083778,1.0,0.9718406140715667,0.5596743471069573,0.9597508101195782,0.01651080151636175
39,0.4625339469640352,0.9919447023728778,0.8898655128132389,0.5581003692228703,0.9799596345344349,0.0009657853922067083
39,0.4731482041896037,0.999899308779661,0.9715277320056953,0.5412592540924803,0.9616493999484423,0.004617575438392363
39,0.46846862194623456,0.988812086628997,1.0,0.5596743471069573,0.9665917158516529,0.0016815048353581163
39,0.4672904599997643,0.9899308779660974,0.968711793412852,0.5391234551023713,0.9703578736894116,0.001329126328591168
39,0.46768062803818905,0.988923965762707,0.9968711793412852,0.5353914564754635,0.9682203237869972,0.0015041753014596315
39,0.4672904599997643,0.9899308779660974,0.968711793412852,0.5391234551023713,0.9703578736894116,0.001329126328591168
39,0.48972115176844583,1.0,1.0,0.5596743471069573,0.9556848304206005,0.031040494523663753
39,0.46253949025456587,0.999899308779661,0.943368346077262,0.5399279162748205,0.9789821164200798,0.012284464839542597
39,0.5449524014583139,1.0,1.0,0.5596743471069573,0.9556848304206005,0.12475374720384147
39,0.4688673424574475,1.0,0.9005660794660435,0.5583384768009295,0.9714136212976094,0.0056438862225159925
39,0.503616933722014,1.0,0.869590754944767,0.5596743471069573,0.9767289391720588,0.07759735948002966
39,0.4952616549153054,1.0,1.0,0.5596743471069573,0.9556848304206005,0.04138451125012499
39,0.4665491472644597,1.0,0.8898655128132389,0.5596743471069573,0.9730522792824423,0.0024838155724073996
39,0.48408165740880227,1.0,1.0,0.5596743471069573,0.9556848304206005,0.020268496811320036
39,0.4641549157011109,0.9757651234895063,1.0,0.5195063636376728,0.9777666354994073,0.002191727676443045
39,0.3976890828503753,0.866488374959517,1.0,0.4390019785573968,1.1386228801960983,0.06527157220927315
39,0.46841907836660107,0.9909277210474537,0.9461842846701054,0.5369487591469413,0.9737578341847639,0.007063884210384508
39,0.5217843860919517,1.0,1.0,0.5596743471069573,0.9556848304206005,0.08785915131214539
39,0.43220551537621305,0.8907333205920447,1.0,0.45824480552108054,1.051729007407138,0.004037867615884538
39,0.493048227221511,0.9919447023728778,1.0,0.5401857702744753,0.9634640102487756,0.045059148092319035
39,0.44356838807563653,0.9865491531878161,0.7690930353868473,0.5301473648157773,1.0208524800874577,0.0014284157790347418
39,0.44103019291170276,0.8584431464544288,1.0,0.44240780650428146,1.0811751761442006,0.05444753634247057
39,0.4844158632540827,0.988812086628997,1.0,0.5567944922255781,0.965068877636733,0.03029790193071691
39,0.5174836161134994,0.9899308779660974,0.968711793412852,0.5596743471069573,0.9685106363415819,0.09347251899583853
39,0.5149977289941274,1.0,1.0,0.5596743471069573,0.9556848304206005,0.07642291584589844
39,0.48761054443549323,1.0,0.7406207673925426,0.5596743471069573,1.0048294961921778,0.07618286556641352
39,0.48972115176844583,0.9867404665064602,0.9746565526644101,0.5480414525421112,0.9712186721309796,0.046574336234042835
40,0.46846862194623456,0.988812086628997,1.0,0.5317006913956001,0.9665917158516529,8.316032027655407e-05
40,0.4717517936669026,1.0,0.968711793412852,0.558195082865113,0.9603619328526827,0.0004972429981578985
40,0.4463360216353811,0.9988812086628998,0.7434367059853859,0.5364332286468138,1.0145854448638207,6.305116902383112e-05
40,0.4735190549801676,1.0,1.0,0.5407130551736599,0.9569542376844846,0.0006719416342337858
40,0.48141093632344345,1.0,1.0,0.5596743471069573,0.9556848304206005,0.015079092225605661
40,0.4680331180859444,0.9875560653912063,1.0,0.5353914564754635,0.9674911274667968,0.0001813128545212761
40,0.4741892326935661,1.0,1.0,0.5377645664644736,0.9571568895321526,0.0022261194909140025
40,0.472545044247545,0.999899308779661,0.9968711793412852,0.5439128939307479,0.958253386910556,0.0009469179254291138
40,0.4835392535947224,1.0,1.0,0.5596743471069573,0.9556848304206005,0.019219205813162055
40,0.4218200471491756,0.8674046650646022,1.0,0.4433454014584967,1.073485938051299,0.0007712920552465086
40,0.4218200471491756,0.8674046650646022,1.0,0.4433454014584967,1.073485938051299,0.0007712920552465086
40,0.42217119838375783,0.866498444081551,1.0,0.43998660269427975,1.0733926996043666,0.0007996597730399735
40,0.4800664571083778,1.0,0.9718406140715667,0.5596743471069573,0.9597508101195782,0.01651080151636175
40,0.4625339469640352,0.9919447023728778,0.8898655128132389,0.5581003692228703,0.9799596345344349,0.0009657853922067083
40,0.4731482041896037,0.999899308779661,0.9715277320056953,0.5412592540924803,0.9616493999484423,0.004617575438392363
40,0.46846862194623456,0.988812086628997,1.0,0.5596743471069573,0.9665917158516529,0.0016815048353581163
40,0.4672904599997643,0.9899308779660974,0.968711793412852,0.5391234551023713,0.9703578736894116,0.001329126328591168
40,0.46768062803818905,0.988923965762707,0.9968711793412852,0.5353914564754635,0.9682203237869972,0.0015041753014596315
40,0.4672904599997643,0.9899308779660974,0.968711793412852,0.5391234551023713,0.9703578736894116,0.001329126328591168
40,0.48408165740880227,1.0,1.0,0.5596743471069573,0.9556848304206005,0.020268496811320036
40,0.5151867361863967,1.0,1.0,0.5596743471069573,0.9556848304206005,0.07674549174653322
40,0.4717517936669026,0.8674046650646022,0.9746565526644101,0.4433454014584967,1.0793882914669768,0.11952360161245201
40,0.4674554143655433,0.9888004588520857,1.0,0.5378197455386129,0.9686867991938118,0.00252954197223465
40,0.4610640323728676,0.9898402558677923,0.9684301995535677,0.522549871389342,0.9821149716747979,0.010090284012858386
40,0.4260159371996522,0.8805635073378031,0.9715277320056953,0.45628200558710114,1.0681485537841833,0.0052355275958320124
40,0.4881712665614608,0.9972813370508463,1.0,0.5392363256342911,0.9592263040365427,0.03164633330577438
40,0.47080614487589917,0.988923965762707,1.0,0.5353914564754635,0.966199501378848,0.004406852657518057
40,0.5031592772499044,1.0,0.7690930353868473,0.5596743471069573,0.9978151956709642,0.09786579664316641
40,0.4669566942882568,1.0,0.9430867522179778,0.5396150341293097,0.9697213781177998,0.003012955766353409
40,0.4050602939034132,0.88992934948421,0.7434367059853859,0.45056886024374837,1.138326705470516,0.020424270268278866
40,0.4800209238633617,0.9888910809503908,1.0,0.5520050533972013,0.9652703820328694,0.021940900708369182
40,0.4862753525327994,1.0,1.0,0.5412868823463818,0.956914966169675,0.025718501478360523
40,0.4868860616175848,1.0,0.9718406140715667,0.5596743471069573,0.9597508101195782,0.029722360256311253
40,0.5206513219701191,1.0,1.0,0.5596743471069573,0.9556848304206005,0.08597055121142272
40,0.47364360576287334,0.9899308779660974,1.0,0.5596743471069573,0.9639782893234838,0.007947460213269975
40,0.5374463855571074,1.0,1.0,0.5596743471069573,0.9556848304206005,0.11314890236827391
40,0.44079551848852155,0.9876816675149854,0.7434367059853859,0.5342974296567047,1.0272742576913907,0.002818528119166608
40,0.4859429025715453,1.0,1.0,0.5596743471069573,0.9556848304206005,0.02385130276091818
40,0.4770412956402331,1.0,0.943368346077262,0.5391234551023713,0.9667209445295827,0.017499371333666303
40,0.37503893139380634,0.747162642639693,1.0,0.35500935418890056,1.2073890227502686,0.021453911838863915
41,0.46846862194623456,0.988812086628997,1.0,0.5317006913956001,0.9665917158516529,8.316032027655407e-05
41,0.4717517936669026,1.0,0.968711793412852,0.558195082865113,0.9603619328526827,0.0004972429981578985
41,0.4463360216353811,0.9988812086628998,0.7434367059853859,0.5364332286468138,1.0145854448638207,6.305116902383112e-05
41,0.4735190549801676,1.0,1.0,0.5407130551736599,0.9569542376844846,0.0006719416342337858
41,0.48141093632344345,1.0,1.0,0.5596743471069573,0.9556848304206005,0.015079092225605661
41,0.4680331180859444,0.9875560653912063,1.0,0.5353914564754635,0.9674911274667968,0.0001813128545212761
41,0.4741892326935661,1.0,1.0,0.5377645664644736,0.9571568895321526,0.0022261194909140025
41,0.472545044247545,0.999899308779661,0.9968711793412852,0.5439128939307479,0.958253386910556,0.0009469179254291138
41,0.4835392535947224,1.0,1.0,0.5596743471069573,0.9556848304206005,0.019219205813162055
41,0.4218200471491756,0.8674046650646022,1.0,0.4433454014584967,1.073485938051299,0.0007712920552465086
41,0.4218200471491756,0.8674046650646022,1.0,0.4433454014584967,1.073485938051299,0.0007712920552465086
41,0.48408165740880227,1.0,1.0,0.5596743471069573,0.9556848304206005,0.020268496811320036
41,0.4625339469640352,0.9919447023728778,0.8898655128132389,0.5581003692228703,0.9799596345344349,0.0009657853922067083
41,0.4800664571083778,1.0,0.9718406140715667,0.5596743471069573,0.9597508101195782,0.01651080151636175
41,0.42217119838375783,0.866498444081551,1.0,0.43998660269427975,1.0733926996043666,0.0007996597730399735
41,0.4731482041896037,0.999899308779661,0.9715277320056953,0.5412592540924803,0.9616493999484423,0.004617575438392363
41,0.47080614487589917,0.988923965762707,1.0,0.5353914564754635,0.966199501378848,0.004406852657518057
41,0.46846862194623456,0.988812086628997,1.0,0.5596743471069573,0.9665917158516529,0.0016815048353581163
41,0.4672904599997643,0.9899308779660974,0.968711793412852,0.5391234551023713,0.9703578736894116,0.001329126328591168
41,0.46768062803818905,0.988923965762707,0.9968711793412852,0.5353914564754635,0.9682203237869972,0.0015041753014596315
41,0.45866244928508976,0.988923965762707,0.9968711793412852,0.5183262937354958,0.9872573824057429,0.019456240803599867
41,0.4466520577465051,0.9980656097781536,0.7434367059853859,0.5334103097590185,1.0164824823893814,0.00267793092921198
41,0.5177374100456931,1.0,0.900878961531915,0.5596743471069573,0.9711244455110333,0.0965152702503751
41,0.5100603857893264,1.0,1.0,0.5596743471069573,0.9556848304206005,0.06791173177514087
41,0.47714408724216734,1.0,0.9718406140715667,0.5364332286468136,0.9619882682264191,0.012971186731235651
41,0.4705180889251632,0.9899308779660974,1.0,0.5344980569667358,0.965437751950485,0.0030562840067478447
41,0.5101615648135412,1.0,0.900878961531915,0.5596743471069573,0.9711244455110333,0.08352741660869878
41,0.4635312787414337,0.9776125454810827,1.0,0.5548849082785805,0.976887450462571,0.00231802513187207
41,0.4563850351464564,0.9774869433573037,1.0,0.5353914564754635,0.9921839109793912,0.016605446740983965
41,0.4280464747760723,0.8674952871629072,1.0,0.45991898517152596,1.0735193610925846,0.015648508972431863
41,0.523837908951305,1.0,0.9718406140715667,0.5596743471069573,0.9597508101195782,0.09532713731140918
41,0.4415807809703476,0.9988923965762708,0.7406207673925427,0.5203422474783511,1.0254474573276808,0.003279891450249206
41,0.4760147790911269,1.0,1.0,0.5407130551736599,0.9569542376844846,0.005685686759289044
41,0.4800664571083778,0.9879170535593168,0.7659642147281325,0.5144744498613343,1.024954143924959,0.08171413532174254
41,0.4119252587367159,0.8673140429662972,0.9971840614071567,0.4291600935999083,1.0992719659039183,0.026412543270858624
41,0.4163628890940766,0.8686606863023929,1.0,0.4519553771355475,1.0875558337438487,0.01558005627144654
41,0.47080614487589917,0.8655922230984998,1.0,0.4262661787500476,1.073545565364336,0.11175291664300602
41,0.46846862194623456,1.0,0.9718406140715667,0.5364332286468136,0.9665917158516529,0.004603447625233792
41,0.47681698426078306,1.0,0.968711793412852,0.5270739462338919,0.9634892921871457,0.013821171978289137
41,0.3750038162703481,0.7472532647379981,0.9968711793412852,0.35534523406532226,1.2075020819049849,0.020524358619795402
42,0.46846862194623456,0.988812086628997,1.0,0.5317006913956001,0.9665917158516529,8.316032027655407e-05
42,0.4717517936669026,1.0,0.968711793412852,0.558195082865113,0.9603619328526827,0.0004972429981578985
42,0.4463360216353811,0.9988812086628998,0.7434367059853859,0.5364332286468138,1.0145854448638207,6.305116902383112e-05
42,0.4735190549801676,1.0,1.0,0.5407130551736599,0.9569542376844846,0.0006719416342337858
42,0.48141093632344345,1.0,1.0,0.5596743471069573,0.9556848304206005,0.015079092225605661
42,0.4680331180859444,0.9875560653912063,1.0,0.5353914564754635,0.9674911274667968,0.0001813128545212761
42,0.4741892326935661,1.0,1.0,0.5377645664644736,0.9571568895321526,0.0022261194909140025
42,0.472545044247545,0.999899308779661,0.9968711793412852,0.5439128939307479,0.958253386910556,0.0009469179254291138
42,0.4760147790911269,1.0,1.0,0.5407130551736599,0.9569542376844846,0.005685686759289044
42,0.4835392535947224,1.0,1.0,0.5596743471069573,0.9556848304206005,0.019219205813162055
42,0.4218200471491756,0.8674046650646022,1.0,0.4433454014584967,1.073485938051299,0.0007712920552465086
42,0.4218200471491756,0.8674046650646022,1.0,0.4433454014584967,1.073485938051299,0.0007712920552465086
42,0.48408165740880227,1.0,1.0,0.5596743471069573,0.9556848304206005,0.020268496811320036
42,0.4625339469640352,0.9919447023728778,0.8898655128132389,0.5581003692228703,0.9799596345344349,0.0009657853922067083
42,0.4800664571083778,1.0,0.9718406140715667,0.5596743471069573,0.9597508101195782,0.01651080151636175
42,0.42217119838375783,0.866498444081551,1.0,0.43998660269427975,1.0733926996043666,0.0007996597730399735
42,0.4731482041896037,0.999899308779661,0.9715277320056953,0.5412592540924803,0.9616493999484423,0.004617575438392363
42,0.4705180889251632,0.9899308779660974,1.0,0.5344980569667358,0.965437751950485,0.0030562840067478447
42,0.4672904599997643,0.9899308779660974,0.968711793412852,0.5391234551023713,0.9703578736894116,0.001329126328591168
42,0.46846862194623456,0.988812086628997,1.0,0.5596743471069573,0.9665917158516529,0.0016815048353581163
42,0.480300602055878,0.9909377901694876,1.0,0.5383470237984178,0.9643913251713174,0.021611142937023486
42,0.41988725472332655,0.880664198558142,1.0,0.43601700409004535,1.0784273252023493,0.01825423728756692
42,0.4578599080111968,0.9988812086628998,0.9718406140715667,0.5583430092892974,0.9889878566878159,0.028199361599549055
42,0.4266657390222837,1.0,1.0,0.4527675076723674,1.0612942348092265,0.09760264555033471
42,0.49700977425785287,1.0,1.0,0.5477647378049094,0.9564753896544229,0.045390914824252504
42,0.44689674376134875,0.8879139664225519,1.0,0.4563948761190211,1.0542436552755141,0.04099418459951898
42,0.4771655651956934,1.0,1.0,0.5577782179136276,0.9558091976705141,0.006834832888806708
42,0.48800370284161015,0.999899308779661,0.7434367059853859,0.5596743471069573,1.0041939412867644,0.07629547143574134
42,0.43842916002026977,0.8807548206564471,1.0,0.4691636038819312,1.0613523961114262,0.028533573060267603
42,0.42696859682177396,0.877473787098505,1.0,0.4488028890204829,1.063569939393676,0.0030285028890690846
42,0.489572799294149,1.0,0.9718406140715667,0.5596743471069573,0.9597508101195782,0.03482628448376612
42,0.45119256314446604,0.9988812086628998,0.7434367059853859,0.5534983913867815,1.0075571128979468,0.003954824072824437
42,0.47146938936058713,0.9899308779660974,1.0,0.5577782179136276,0.9640846350250417,0.0036449981486376126
42,0.4240310078747138,0.880664198558142,0.9718406140715667,0.4549782960233428,1.067961290641699,7.26678781370893e-05
42,0.3992037546454296,0.8795454072210418,0.7434367059853859,0.45145598014143457,1.1475333222592514,0.01323064180438105
42,0.41032164975142343,0.8583424552340898,0.9971840614071567,0.43998660269427975,1.103568113568989,0.021712416629910525
42,0.4731482041896037,1.0,1.0,0.5596743471069573,0.95703182451005,0.0013469940894494936
42,0.44044335971999193,0.9988812086628998,0.7687801533209758,0.519368065906846,1.0280956201406724,0.01444240368664751
42,0.4708722709230575,0.988812086628997,1.0,0.5596743471069573,0.9649102110162948,0.00325262980655594
42,0.46846862194623456,0.9890145878610122,0.7406207673925426,0.5323917563468304,1.0250034633083827,0.05841174745672972
43,0.46846862194623456,0.988812086628997,1.0,0.5317006913956001,0.9665917158516529,8.316032027655407e-05
43,0.4717517936669026,1.0,0.968711793412852,0.558195082865113,0.9603619328526827,0.0004972429981578985
43,0.4463360216353811,0.9988812086628998,0.7434367059853859,0.5364332286468138,1.0145854448638207,6.305116902383112e-05
43,0.4735190549801676,1.0,1.0,0.5407130551736599,0.9569542376844846,0.0006719416342337858
43,0.48141093632344345,1.0,1.0,0.5596743471069573,0.9556848304206005,0.015079092225605661
43,0.4771655651956934,1.0,1.0,0.5577782179136276,0.9558091976705141,0.006834832888806708
43,0.4680331180859444,0.9875560653912063,1.0,0.5353914564754635,0.9674911274667968,0.0001813128545212761
43,0.4240310078747138,0.880664198558142,0.9718406140715667,0.4549782960233428,1.067961290641699,7.26678781370893e-05
43,0.472545044247545,0.999899308779661,0.9968711793412852,0.5439128939307479,0.958253386910556,0.0009469179254291138
43,0.4760147790911269,1.0,1.0,0.5407130551736599,0.9569542376844846,0.005685686759289044
43,0.4731482041896037,1.0,1.0,0.5596743471069573,0.95703182451005,0.0013469940894494936
43,0.4835392535947224,1.0,1.0,0.5596743471069573,0.9556848304206005,0.019219205813162055
43,0.4218200471491756,0.8674046650646022,1.0,0.4433454014584967,1.073485938051299,0.0007712920552465086
43,0.4218200471491756,0.8674046650646022,1.0,0.4433454014584967,1.073485938051299,0.0007712920552465086
43,0.42217119838375783,0.866498444081551,1.0,0.43998660269427975,1.0733926996043666,0.0007996597730399735
43,0.4625339469640352,0.9919447023728778,0.8898655128132389,0.5581003692228703,0.9799596345344349,0.0009657853922067083
43,0.4672904599997643,0.9899308779660974,0.968711793412852,0.5391234551023713,0.9703578736894116,0.001329126328591168
43,0.4741892326935661,1.0,1.0,0.5377645664644736,0.9571568895321526,0.0022261194909140025
43,0.46846862194623456,0.988812086628997,1.0,0.5596743471069573,0.9665917158516529,0.0016815048353581163
43,0.48408165740880227,1.0,1.0,0.5596743471069573,0.9556848304206005,0.020268496811320036
43,0.4806970108008653,1.0,0.9746565526644101,0.5596743471069573,0.9593336396108737,0.01733092488659882
43,0.5136856154744769,1.0,0.9971840614071567,0.5596743471069573,0.956081094697226,0.07457327054587415
43,0.4463360216353811,0.7480688636227443,1.0,0.35571451311484986,1.1850474734190255,0.1705250797242286
43,0.427161254633155,0.8645853108951095,1.0,0.41958569141395347,1.0741484830211425,0.014085370777787043
43,0.4826023279411562,1.0,1.0,0.5596743471069573,0.9556848304206005,0.01740114855408781
43,0.45263915855157555,0.9918540802745728,0.8870495742203955,0.5439150613642819,1.0003948631507344,0.017208749233039833
43,0.4951795036564058,0.9898189988323872,1.0,0.5353914564754635,0.9654746714696373,0.05102266806844169
43,0.513805083223643,1.0,0.9718406140715667,0.5596743471069573,0.9597508101195782,0.0784479503776051
43,0.4322269933297391,0.880664198558142,1.0,0.45441350464767294,1.060839825683437,0.013200747105169608
43,0.43117199161378245,0.8674046650646022,1.0,0.4433454014584967,1.0727146459960526,0.0225121796177028
43,0.4354978839894644,0.8899177217072985,1.0,0.4752355380824393,1.0529970469748342,0.013226463273339206
43,0.4835392535947224,0.9875560653912063,0.9718406140715667,0.5497330336122467,0.9708543633717055,0.03438873876426707
43,0.4247749016977768,0.877473787098505,0.9718406140715667,0.4433454014584967,1.0707869016512221,0.004768435869976662
43,0.44825150717953216,0.9988812086628998,0.7434367059853859,0.5364332286468138,1.0145854448638207,0.004398347188957263
43,0.4598540010793085,0.9899308779660974,0.968711793412852,0.43998660269427975,0.9846992480847582,0.004327016628172031
43,0.4731271015059064,0.9988695808859884,1.0,0.5188584536053155,0.9593713245757884,0.002296813988838853
43,0.4726600407569318,1.0,1.0,0.5596743471069573,0.9580202472650019,0.0023354168444014167
43,0.43687654514679397,0.8879139664225519,1.0,0.5377645664644736,1.0575039910481876,0.021014634798535603
43,0.527063433711976,0.988812086628997,1.0,0.5596743471069573,0.9649102110162948,0.10577664140391396
43,0.37039920761787276,0.7613283971162841,0.9718406140715667,0.35028224493972826,1.2225131143393384,0.042867378497892794
44,0.46846862194623456,0.988812086628997,1.0,0.5317006913956001,0.9665917158516529,8.316032027655407e-05
44,0.4717517936669026,1.0,0.968711793412852,0.558195082865113,0.9603619328526827,0.0004972429981578985
44,0.4463360216353811,0.9988812086628998,0.7434367059853859,0.5364332286468138,1.0145854448638207,6.305116902383112e-05
44,0.4735190549801676,1.0,1.0,0.5407130551736599,0.9569542376844846,0.0006719416342337858
44,0.48141093632344345,1.0,1.0,0.5596743471069573,0.9556848304206005,0.015079092225605661
44,0.4771655651956934,1.0,1.0,0.5577782179136276,0.9558091976705141,0.006834832888806708
44,0.4680331180859444,0.9875560653912063,1.0,0.5353914564754635,0.9674911274667968,0.0001813128545212761
44,0.4240310078747138,0.880664198558142,0.9718406140715667,0.4549782960233428,1.067961290641699,7.26678781370893e-05
44,0.472545044247545,0.999899308779661,0.9968711793412852,0.5439128939307479,0.958253386910556,0.0009469179254291138
44,0.4760147790911269,1.0,1.0,0.5407130551736599,0.9569542376844846,0.005685686759289044
44,0.4731482041896037,1.0,1.0,0.5596743471069573,0.95703182451005,0.0013469940894494936
44,0.4826023279411562,1.0,1.0,0.5596743471069573,0.9556848304206005,0.01740114855408781
44,0.4218200471491756,0.8674046650646022,1.0,0.4433454014584967,1.073485938051299,0.0007712920552465086
44,0.4218200471491756,0.8674046650646022,1.0,0.4433454014584967,1.073485938051299,0.0007712920552465086
44,0.42217119838375783,0.866498444081551,1.0,0.43998660269427975,1.0733926996043666,0.0007996597730399735
44,0.4625339469640352,0.9919447023728778,0.8898655128132389,0.5581003692228703,0.9799596345344349,0.0009657853922067083
44,0.4672904599997643,0.9899308779660974,0.968711793412852,0.5391234551023713,0.9703578736894116,0.001329126328591168
44,0.4741892326935661,1.0,1.0,0.5377645664644736,0.9571568895321526,0.0022261194909140025
44,0.46846862194623456,0.988812086628997,1.0,0.5596743471069573,0.9665917158516529,0.0016815048353581163
44,0.4835392535947224,1.0,1.0,0.5596743471069573,0.9556848304206005,0.019219205813162055
44,0.38089667558364576,0.7571310734532566,1.0,0.35714515317900963,1.1888207955440695,0.013590180659886819
44,0.4717517936669026,0.8914789873652276,0.718093258649796,0.44220678267156066,1.1518544062472884,0.19198971639276363
44,0.42055022964668215,0.8826780229649225,0.8898655128132389,0.4785806082794773,1.087334251983265,0.010607009722663596
44,0.4519718303754663,0.9989930877966098,0.7690930353868473,0.5387573404928281,1.0063009850384455,0.004429057095014066
44,0.4218200471491756,0.8674046650646022,1.0,0.44473764924402137,1.073485938051299,0.0006992038612199103
44,0.4760989723915385,1.0,1.0,0.5236478924336921,0.9581475903832569,0.007047261704603125
44,0.4773562166225708,0.9978742964595094,1.0,0.5484899779257307,0.9581412604054752,0.009545906748032018
44,0.46319309978293816,0.999899308779661,0.9968711793412852,0.5439128939307479,0.9776006795240711,0.020294210538944313
44,0.4816256916140219,1.0,1.0,0.5377645664644736,0.9571568895321526,0.016970564299804147
44,0.4861837439487927,1.0,1.0,0.5596743471069573,0.9556848304206005,0.024312906161892633
44,0.44067904167712046,0.85934936743748,1.0,0.4457666052684985,1.0805137406757792,0.05296796194893516
44,0.4665533484845254,0.9874654432929013,0.9971840614071567,0.5409249511951104,0.970559723934167,0.0030429558884701446
44,0.45973705605336374,0.9803062975267963,0.9290383474603482,0.4433454014584967,0.9983329621880401,0.013383232491351094
44,0.4218200471491756,0.9875560653912063,1.0,0.5353914564754635,1.073485938051299,0.1061761234390236
44,0.4685834972112031,0.9909377901694876,1.0,0.5363339264003139,0.9663547517248778,0.0018415647007860025
44,0.46167708051583145,0.9787429645950942,1.0,0.5487658541355678,0.9808108485470364,0.00691544388853127
44,0.5196773112374965,1.0,1.0,0.5596743471069573,0.9556848304206005,0.08434047996852467
44,0.4741892326935661,1.0,1.0,0.5420443929913197,0.9568632071839857,0.0019324371427470455
44,0.4835392535947224,1.0,1.0,0.5596743471069573,0.9556848304206005,0.019219205813162055
44,0.46846862194623456,0.988812086628997,1.0,0.5317006913956001,0.9665917158516529,8.316032027655407e-05
45,0.46846862194623456,0.988812086628997,1.0,0.5317006913956001,0.9665917158516529,8.316032027655407e-05
45,0.4717517936669026,1.0,0.968711793412852,0.558195082865113,0.9603619328526827,0.0004972429981578985
45,0.4463360216353811,0.9988812086628998,0.7434367059853859,0.5364332286468138,1.0145854448638207,6.305116902383112e-05
45,0.4735190549801676,1.0,1.0,0.5407130551736599,0.9569542376844846,0.0006719416342337858
45,0.48141093632344345,1.0,1.0,0.5596743471069573,0.9556848304206005,0.015079092225605661
45,0.4771655651956934,1.0,1.0,0.5577782179136276,0.9558091976705141,0.006834832888806708
45,0.4741892326935661,1.0,1.0,0.5420443929913197,0.9568632071839857,0.0019324371427470455
45,0.46846862194623456,0.988812086628997,1.0,0.5317006913956001,0.9665917158516529,8.316032027655407e-05
45,0.4240310078747138,0.880664198558142,0.9718406140715667,0.4549782960233428,1.067961290641699,7.26678781370893e-05
45,0.472545044247545,0.999899308779661,0.9968711793412852,0.5439128939307479,0.958253386910556,0.0009469179254291138
45,0.4731482041896037,1.0,1.0,0.5596743471069573,0.95703182451005,0.0013469940894494936
45,0.4826023279411562,1.0,1.0,0.5596743471069573,0.9556848304206005,0.01740114855408781
45,0.4760147790911269,1.0,1.0,0.5407130551736599,0.9569542376844846,0.005685686759289044
45,0.4680331180859444,0.9875560653912063,1.0,0.5353914564754635,0.9674911274667968,0.0001813128545212761
45,0.4835392535947224,1.0,1.0,0.5596743471069573,0.9556848304206005,0.019219205813162055
45,0.4835392535947224,1.0,1.0,0.5596743471069573,0.9556848304206005,0.019219205813162055
45,0.4218200471491756,0.8674046650646022,1.0,0.44473764924402137,1.073485938051299,0.0006992038612199103
45,0.4741892326935661,1.0,1.0,0.5377645664644736,0.9571568895321526,0.0022261194909140025
45,0.4625339469640352,0.9919447023728778,0.8898655128132389,0.5581003692228703,0.9799596345344349,0.0009657853922067083
45,0.42217119838375783,0.866498444081551,1.0,0.43998660269427975,1.0733926996043666,0.0007996597730399735
45,0.48070254988483185,1.0,1.0,0.5455024940020365,0.9566281223508835,0.014636262222915475
45,0.5120288770947773,1.0,0.8898655128132389,0.5596743471069573,0.9730522792824423,0.08869221787113124
45,0.47708467341019445,0.9876466874895113,1.0,0.5495767643340519,0.9664340874771877,0.017298819956663936
45,0.47503054221832514,1.0,1.0,0.5596743471069573,0.9556848304206005,0.0024453039505187846
45,0.4158118054759397,0.8694646574102277,0.9718406140715667,0.4348302107289951,1.0889971930185285,0.010940694984537869
45,0.4581383296734848,0.9874654432929013,0.9971840614071567,0.5212061486168751,0.9883868250242202,0.019664391856090258
45,0.4994983828711837,1.0,1.0,0.5596743471069573,0.9556848304206005,0.04913957482465903
45,0.46536154934288076,0.9886997676317467,0.9968711793412852,0.5391234551023711,0.9730453445125051,0.006377172020468946
45,0.4865005662054452,1.0,0.9968711793412852,0.5596743471069573,0.9561252622536585,0.025359872446742426
45,0.42349387569103597,0.999899308779661,0.9968711793412852,0.4582301732401781,1.0692430634755543,0.10518448940609182
45,0.4582676372391162,0.9875560653912063,0.9718406140715667,0.5340601186578036,0.9881079358258968,0.015913058169719108
45,0.46317657657685946,0.9875560653912063,1.0,0.5596743471069573,0.9776355541232467,0.011676596860758393
45,0.4724287353764949,0.9920353244711828,0.8926814514060822,0.5596743471069573,0.9791010505376708,0.020611747898392707
45,0.4636199133149543,1.0,0.7690930353868473,0.5596743471069573,0.9978151956709642,0.02111450595761022
45,0.4708189181992929,1.0,1.0,0.5344980569667358,0.9617665552742767,0.00438345459667977
45,0.5106484739591006,1.0,1.0,0.5596743471069573,0.9556848304206005,0.06893413540965476
45,0.4625411497540781,0.9899308779660974,1.0,0.5125882763242521,0.9789786040399553,0.012182702382665278
45,0.4741892326935661,0.9988695808859884,1.0,0.5596743471069573,0.9566075711026025,0.0016768010613639195
45,0.46954087440217607,0.988812086628997,1.0,0.5317006913956001,0.9665085555313764,0.0021241668699854
45,0.4349857131828274,0.9878051744256068,0.7690930353868473,0.5107836847814708,1.0409948541113225,0.015600716317286878
46,0.46846862194623456,0.988812086628997,1.0,0.5317006913956001,0.9665917158516529,8.316032027655407e-05
46,0.4717517936669026,1.0,0.968711793412852,0.558195082865113,0.9603619328526827,0.0004972429981578985
46,0.4463360216353811,0.9988812086628998,0.7434367059853859,0.5364332286468138,1.0145854448638207,6.305116902383112e-05
46,0.4735190549801676,1.0,1.0,0.5407130551736599,0.9569542376844846,0.0006719416342337858
46,0.46846862194623456,0.988812086628997,1.0,0.5317006913956001,0.9665917158516529,8.316032027655407e-05
46,0.47503054221832514,1.0,1.0,0.5596743471069573,0.9556848304206005,0.0024453039505187846
46,0.4741892326935661,0.9988695808859884,1.0,0.5596743471069573,0.9566075711026025,0.0016768010613639195
46,0.4240310078747138,0.880664198558142,0.9718406140715667,0.4549782960233428,1.067961290641699,7.26678781370893e-05
46,0.472545044247545,0.999899308779661,0.9968711793412852,0.5439128939307479,0.958253386910556,0.0009469179254291138
46,0.4731482041896037,1.0,1.0,0.5596743471069573,0.95703182451005,0.0013469940894494936
46,0.4680331180859444,0.9875560653912063,1.0,0.5353914564754635,0.9674911274667968,0.0001813128545212761
46,0.48141093632344345,1.0,1.0,0.5596743471069573,0.9556848304206005,0.015079092225605661
46,0.4771655651956934,1.0,1.0,0.5577782179136276,0.9558091976705141,0.006834832888806708
46,0.4741892326935661,1.0,1.0,0.5420443929913197,0.9568632071839857,0.0019324371427470455
46,0.4218200471491756,0.8674046650646022,1.0,0.44473764924402137,1.073485938051299,0.0006992038612199103
46,0.4826023279411562,1.0,1.0,0.5596743471069573,0.9556848304206005,0.01740114855408781
46,0.4625339469640352,0.9919447023728778,0.8898655128132389,0.5581003692228703,0.9799596345344349,0.0009657853922067083
46,0.42217119838375783,0.866498444081551,1.0,0.43998660269427975,1.0733926996043666,0.0007996597730399735
46,0.4760147790911269,1.0,1.0,0.5407130551736599,0.9569542376844846,0.005685686759289044
46,0.48070254988483185,1.0,1.0,0.5455024940020365,0.9566281223508835,0.014636262222915475
46,0.47806412830058104,0.9888004588520857,1.0,0.5391510833562727,0.9660796271279725,0.01888894219048287
46,0.46932548839443833,1.0,0.8898655128132389,0.5596743471069573,0.9730522792824423,0.008225308856173452
46,0.46231020682289564,0.9899308779660974,1.0,0.5344980569667358,0.9794676440493607,0.01402989209887573
46,0.4876628620306149,1.0,1.0,0.5596743471069573,0.9556848304206005,0.02713782714421087
46,0.4225146671710614,0.8925977787023278,0.9746565526644101,0.45924127699283546,1.0717211121601389,0.01539787295304662
46,0.4208831214956094,0.8684220422672126,1.0,0.44473764924402137,1.0758756193199115,0.0040466345064080755
46,0.5209533509570812,1.0,0.9718406140715667,0.5596743471069573,0.9597508101195782,0.09054075824996777
46,0.47355168489881566,0.9988695808859884,1.0,0.5469196793125286,0.9574416109113388,0.0012252071690532773
46,0.472545044247545,0.988812086628997,1.0,0.5305024873597062,0.9665799509068068,0.008326563996250869
46,0.41620375895020084,0.8705950765242394,0.9718406140715667,0.431508522157118,1.0879716467012264,0.011013572815526729
46,0.4749350798871272,1.0,0.968711793412852,0.5471469313446811,0.9614539848864901,0.008022856509013243
46,0.43542531994465294,0.8870983675378059,1.0,0.4518926929893815,1.0548490680215281,0.014905205561081658
46,0.4771655651956934,1.0,0.7434367059853859,0.519368065906846,1.0207916798413792,0.07181731505967182
46,0.48155528223798644,1.0,1.0,0.5596743471069573,0.9556848304206005,0.015361038245574998
46,0.4518324533871345,0.8674046650646022,0.7378048287996992,0.5596743471069573,1.1301920671148808,0.1280110912253467
46,0.4188893391897846,0.866498444081551,1.0,0.4246279562283088,1.0809964509268855,0.00836536082958772
46,0.42084083862920096,0.8798485996733959,1.0,0.44574875299667877,1.075983715067282,0.014721808815670645
46,0.42217119838375783,0.9989930877966098,0.7690930353868473,0.5356630072636045,1.0725930398313266,0.06515221182864961
46,0.39628441867043274,0.8796572863547518,0.740933649458414,0.5407130551736599,1.1426588268417033,0.020884184740833867
46,0.5143479271714958,1.0,1.0,0.5596743471069573,0.9556848304206005,0.07531209967776031
47,0.46846862194623456,0.988812086628997,1.0,0.5317006913956001,0.9665917158516529,8.316032027655407e-05
47,0.4717517936669026,1.0,0.968711793412852,0.558195082865113,0.9603619328526827,0.0004972429981578985
47,0.4463360216353811,0.9988812086628998,0.7434367059853859,0.5364332286468138,1.0145854448638207,6.305116902383112e-05
47,0.4735190549801676,1.0,1.0,0.5407130551736599,0.9569542376844846,0.0006719416342337858
47,0.46846862194623456,0.988812086628997,1.0,0.5317006913956001,0.9665917158516529,8.316032027655407e-05
47,0.47503054221832514,1.0,1.0,0.5596743471069573,0.9556848304206005,0.0024453039505187846
47,0.4741892326935661,0.9988695808859884,1.0,0.5596743471069573,0.9566075711026025,0.0016768010613639195
47,0.4240310078747138,0.880664198558142,0.9718406140715667,0.4549782960233428,1.067961290641699,7.26678781370893e-05
47,0.472545044247545,0.999899308779661,0.9968711793412852,0.5439128939307479,0.958253386910556,0.0009469179254291138
47,0.4731482041896037,1.0,1.0,0.5596743471069573,0.95703182451005,0.0013469940894494936
47,0.47355168489881566,0.9988695808859884,1.0,0.5469196793125286,0.9574416109113388,0.0012252071690532773
47,0.4680331180859444,0.9875560653912063,1.0,0.5353914564754635,0.9674911274667968,0.0001813128545212761
47,0.48141093632344345,1.0,1.0,0.5596743471069573,0.9556848304206005,0.015079092225605661
47,0.4771655651956934,1.0,1.0,0.5577782179136276,0.9558091976705141,0.006834832888806708
47,0.4741892326935661,1.0,1.0,0.5420443929913197,0.9568632071839857,0.0019324371427470455
47,0.4218200471491756,0.8674046650646022,1.0,0.44473764924402137,1.073485938051299,0.0006992038612199103
47,0.48155528223798644,1.0,1.0,0.5596743471069573,0.9556848304206005,0.015361038245574998
47,0.4625339469640352,0.9919447023728778,0.8898655128132389,0.5581003692228703,0.9799596345344349,0.0009657853922067083
47,0.4760147790911269,1.0,1.0,0.5407130551736599,0.9569542376844846,0.005685686759289044
47,0.42217119838375783,0.866498444081551,1.0,0.43998660269427975,1.0733926996043666,0.0007996597730399735
47,0.4612851270415703,0.9776125454810827,1.0,0.5269112525672233,0.9816442424639683,0.005756093908445559
47,0.49307907170432264,0.9886769519414643,1.0,0.5459820843583134,0.9657873785211573,0.04743996703448794
47,0.47522494018767597,0.9988695808859884,1.0,0.5596743471069573,0.9566075711026025,0.003757981717446568
47,0.4300392495479497,0.8786042062125166,1.0,0.46488573453836907,1.0631958064092164,0.010227061116111269
47,0.47491941349583006,1.0,1.0,0.5577782179136276,0.9558091976705141,0.002346618009564483
47,0.42256910362232114,0.8798485996733959,1.0,0.4329940852022501,1.0715830502586698,0.01077556674537794
47,0.41533777948382705,0.880664198558142,0.9436812281431335,0.4536469582056829,1.090240068092949,0.014727495415009173
47,0.4879524583657125,0.9784938555606939,1.0,0.5311321729493712,0.9749538890914674,0.046957971897242934
47,0.4790921880456752,1.0,0.9968711793412852,0.5529073221767992,0.9565929357738664,0.011434779515360538
47,0.515600888936186,1.0,1.0,0.5596743471069573,0.9556848304206005,0.07745149352254843
47,0.421628354435905,0.866407821983246,0.9971840614071567,0.42580129483569135,1.0739739968582314,0.0004292973748851736
47,0.4570905522276786,0.9989930877966098,0.7690930353868473,0.5558225032327958,1.0000430724835008,0.009390592622006921
47,0.4637907164344662,0.9919447023728778,0.9180248987416721,0.5594317070405301,0.9763409940179436,0.0014687680088841804
47,0.4771655651956934,0.9877947094263866,1.0,0.5317006913956001,0.9673306695620913,0.01835630478038397
47,0.46600943897229613,1.0,0.968711793412852,0.558195082865113,0.9716925264500684,0.011330593597385752
47,0.4781533035775488,1.0,1.0,0.44473764924402137,0.9643868148253332,0.017372780327905346
47,0.4739388463308259,0.997625187425109,1.0,0.5596743471069573,0.9576257650026907,0.0021904960297314258
47,0.5137355109842557,1.0,0.968711793412852,0.5596743471069573,0.9602171774386985,0.07879496792996732
47,0.4509395991286745,1.0,0.7434367059853859,0.5582878302151582,1.0046812132958416,0.0005159327415247272
47,0.46202789543247946,1.0,0.7690930353868473,0.5596743471069573,0.9978151956709642,0.017749070719055626
48,0.46846862194623456,0.988812086628997,1.0,0.5317006913956001,0.9665917158516529,8.316032027655407e-05
48,0.4717517936669026,1.0,0.968711793412852,0.558195082865113,0.9603619328526827,0.0004972429981578985
48,0.4463360216353811,0.9988812086628998,0.7434367059853859,0.5364332286468138,1.0145854448638207,6.305116902383112e-05
48,0.4735190549801676,1.0,1.0,0.5407130551736599,0.9569542376844846,0.0006719416342337858
48,0.46846862194623456,0.988812086628997,1.0,0.5317006913956001,0.9665917158516529,8.316032027655407e-05
48,0.47503054221832514,1.0,1.0,0.5596743471069573,0.9556848304206005,0.0024453039505187846
48,0.4741892326935661,0.9988695808859884,1.0,0.5596743471069573,0.9566075711026025,0.0016768010613639195
48,0.47491941349583006,1.0,1.0,0.5577782179136276,0.9558091976705141,0.002346618009564483
48,0.4240310078747138,0.880664198558142,0.9718406140715667,0.4549782960233428,1.067961290641699,7.26678781370893e-05
48,0.472545044247545,0.999899308779661,0.9968711793412852,0.5439128939307479,0.958253386910556,0.0009469179254291138
48,0.4731482041896037,1.0,1.0,0.5596743471069573,0.95703182451005,0.0013469940894494936
48,0.47355168489881566,0.9988695808859884,1.0,0.5469196793125286,0.9574416109113388,0.0012252071690532773
48,0.4680331180859444,0.9875560653912063,1.0,0.5353914564754635,0.9674911274667968,0.0001813128545212761
48,0.48141093632344345,1.0,1.0,0.5596743471069573,0.9556848304206005,0.015079092225605661
48,0.4741892326935661,1.0,1.0,0.5420443929913197,0.9568632071839857,0.0019324371427470455
48,0.4771655651956934,1.0,1.0,0.5577782179136276,0.9558091976705141,0.006834832888806708
48,0.47522494018767597,0.9988695808859884,1.0,0.5596743471069573,0.9566075711026025,0.003757981717446568
48,0.421628354435905,0.866407821983246,0.9971840614071567,0.42580129483569135,1.0739739968582314,0.0004292973748851736
48,0.48155528223798644,1.0,1.0,0.5596743471069573,0.9556848304206005,0.015361038245574998
48,0.4509395991286745,1.0,0.7434367059853859,0.5582878302151582,1.0046812132958416,0.0005159327415247272
48,0.42480598921068646,0.8815004874296299,0.9774724912572533,0.4516595532789354,1.0659404540215704,0.0002534550435560057
48,0.490541498318782,1.0,0.7687801533209758,0.5596743471069573,0.9978894525511954,0.07479142576835873
48,0.5000991590459257,0.999899308779661,1.0,0.5451607591333671,0.9567320101341588,0.051275800140368255
48,0.4735190549801676,1.0,0.9997184061407157,0.5596743471069573,0.9562822960502508,0.0005579396573035522
48,0.5199887977525707,1.0,1.0,0.5596743471069573,0.9556848304206005,0.08486243739492116
48,0.45597567313109855,1.0,0.7378048287996992,0.5596743471069573,1.0055526370020256,0.012477971474865734
48,0.4331551262107946,0.8909665809328357,0.9974656552664409,0.45914707243783265,1.0521539434864056,0.006759668709880984
48,0.4800949609384476,1.0,1.0,0.5596743471069573,0.9556848304206005,0.012500823140146777
48,0.4635019118146504,0.9786299226836931,0.9718406140715667,0.5213252908422414,0.9805158318795021,0.003566486996562812
48,0.44852971675937825,0.9988812086628998,0.7715960919138192,0.5218976077603997,1.0118676148762744,0.002307106069176612
48,0.4652791537753442,0.9898178360546961,0.968711793412852,0.5363404812967686,0.973217659611037,0.0025127227086946258
48,0.4280917414201544,0.8917731176077512,0.9690246754787234,0.4626475897330988,1.058491670634979,0.0007326783303811535
48,0.4756690022949851,0.9875560653912063,1.0,0.5562297008499081,0.9661447556318549,0.014184701603596306
48,0.41608785128904546,0.8552082808353316,0.9971840614071567,0.4198136519714208,1.0882747179114978,0.004618417230107363
48,0.47070778947679787,0.9899308779660974,1.0,0.5326019277734061,0.9655519477798016,0.0035583304283968165
48,0.4873948879245138,1.0,1.0,0.5596743471069573,0.9556848304206005,0.026627303626566068
48,0.46717703700957963,0.9909482551687077,0.968711793412852,0.5444979937398773,0.9692640117877042,0.00022682973501797488
48,0.47661793903318556,0.9888004588520857,1.0,0.5548849082785805,0.9651844547445855,0.015119734048731126
48,0.464364338014765,1.0,1.0,0.5244004741938304,0.9751349361516412,0.01704103194512263
48,0.421628354435905,0.8674251991858564,0.9971840614071567,0.4099343361316175,1.0739739968582314,0.0020227901594374043
49,0.46846862194623456,0.988812086628997,1.0,0.5317006913956001,0.9665917158516529,8.316032027655407e-05
49,0.4717517936669026,1.0,0.968711793412852,0.558195082865113,0.9603619328526827,0.0004972429981578985
49,0.4463360216353811,0.9988812086628998,0.7434367059853859,0.5364332286468138,1.0145854448638207,6.305116902383112e-05
49,0.46846862194623456,0.988812086628997,1.0,0.5317006913956001,0.9665917158516529,8.316032027655407e-05
49,0.47503054221832514,1.0,1.0,0.5596743471069573,0.9556848304206005,0.0024453039505187846
49,0.47491941349583006,1.0,1.0,0.5577782179136276,0.9558091976705141,0.002346618009564483
49,0.4735190549801676,1.0,0.9997184061407157,0.5596743471069573,0.9562822960502508,0.0005579396573035522
49,0.4240310078747138,0.880664198558142,0.9718406140715667,0.4549782960233428,1.067961290641699,7.26678781370893e-05
49,0.4680331180859444,0.9875560653912063,1.0,0.5353914564754635,0.9674911274667968,0.0001813128545212761
49,0.4800949609384476,1.0,1.0,0.5596743471069573,0.9556848304206005,0.012500823140146777
49,0.4771655651956934,1.0,1.0,0.5577782179136276,0.9558091976705141,0.006834832888806708
49,0.4735190549801676,1.0,1.0,0.5407130551736599,0.9569542376844846,0.0006719416342337858
49,0.4741892326935661,0.9988695808859884,1.0,0.5596743471069573,0.9566075711026025,0.0016768010613639195
49,0.46717703700957963,0.9909482551687077,0.968711793412852,0.5444979937398773,0.9692640117877042,0.00022682973501797488
49,0.48141093632344345,1.0,1.0,0.5596743471069573,0.9556848304206005,0.015079092225605661
49,0.472545044247545,0.999899308779661,0.9968711793412852,0.5439128939307479,0.958253386910556,0.0009469179254291138
49,0.4731482041896037,1.0,1.0,0.5596743471069573,0.95703182451005,0.0013469940894494936
49,0.47355168489881566,0.9988695808859884,1.0,0.5469196793125286,0.9574416109113388,0.0012252071690532773
49,0.4741892326935661,1.0,1.0,0.5420443929913197,0.9568632071839857,0.0019324371427470455
49,0.47522494018767597,0.9988695808859884,1.0,0.5596743471069573,0.9566075711026025,0.003757981717446568
49,0.4739514334483964,0.9875560653912063,1.0,0.5524566192154312,0.966350436561687,0.010940541868004972
49,0.47829675386220205,1.0,1.0,0.5596743471069573,0.9556848304206005,0.00895482342584386
49,0.5194186358894178,1.0,1.0,0.5596743471069573,0.9556848304206005,0.08390654231757833
49,0.4472729472889473,0.9988812086628998,0.7434367059853859,0.5205662699427399,1.0211642794126354,0.00876705796535826
49,0.4463360216353811,0.9998985858655102,0.7434367059853859,0.5596743471069573,1.014522393694797,0.010327862854199399
49,0.4731775711163869,0.9989826227973896,1.0,0.5481951460919715,0.9572658827979688,0.0002934547707104107
49,0.5000360451654907,0.9898189988323872,1.0,0.5526176980097293,0.9644692966222356,0.05889880115759771
49,0.4240310078747138,0.9899308779660974,1.0,0.5168681028510982,1.067888622763562,0.101364790255414
49,0.4619255533628345,0.9907230105378253,0.9718406140715667,0.5332609612821566,0.9802832638277929,0.010578420142307587
49,0.47165177781665707,1.0,0.968711793412852,0.5564885665911162,0.9605293506638093,0.00046111724730046877
49,0.43923332842643287,0.9988812086628998,0.7434367059853859,0.519368065906846,1.0309278912589996,0.00926501524632517
49,0.4414170836590748,0.9026669007362306,0.9746565526644101,0.5407130551736599,1.0471072494745453,0.021279510101946064
49,0.42857639760525357,0.8907333205920447,0.971587179598211,0.48015458616356427,1.0588282426416007,0.0022654184872628047
49,0.48464035066898736,1.0,0.9997465655266442,0.5596743471069573,0.9557204027937343,0.021382416868989007
49,0.47278254651999896,0.9989826227973896,1.0,0.5577782179136276,0.9577720084033082,0.0011342424780786953
49,0.46837050530756924,0.9899308779660974,0.9968711793412852,0.5503650156708096,0.9667942024063013,0.0018186598201018755
49,0.4951442804674441,0.989807371055476,1.0,0.555415063580865,0.96432024190287,0.049803186925966525
49,0.4727094630921471,0.9987789587876834,0.9971840614071567,0.5596743471069573,0.9579200851117132,0.0008421861175837986
49,0.4962165236772105,1.0,1.0,0.5596743471069573,0.9556848304206005,0.0431438980709159
49,0.4782012726898033,1.0,1.0,0.5596743471069573,0.9556848304206005,0.00876579237137709
50,0.46846862194623456,0.988812086628997,1.0,0.5317006913956001,0.9665917158516529,8.316032027655407e-05
50,0.4463360216353811,0.9988812086628998,0.7434367059853859,0.5364332286468138,1.0145854448638207,6.305116902383112e-05
50,0.46846862194623456,0.988812086628997,1.0,0.5317006913956001,0.9665917158516529,8.316032027655407e-05
50,0.47503054221832514,1.0,1.0,0.5596743471069573,0.9556848304206005,0.0024453039505187846
50,0.47491941349583006,1.0,1.0,0.5577782179136276,0.9558091976705141,0.002346618009564483
50,0.4735190549801676,1.0,0.9997184061407157,0.5596743471069573,0.9562822960502508,0.0005579396573035522
50,0.4731775711163869,0.9989826227973896,1.0,0.5481951460919715,0.9572658827979688,0.0002934547707104107
50,0.4240310078747138,0.880664198558142,0.9718406140715667,0.4549782960233428,1.067961290641699,7.26678781370893e-05
50,0.4680331180859444,0.9875560653912063,1.0,0.5353914564754635,0.9674911274667968,0.0001813128545212761
50,0.4782012726898033,1.0,1.0,0.5596743471069573,0.9556848304206005,0.00876579237137709
50,0.4771655651956934,1.0,1.0,0.5577782179136276,0.9558091976705141,0.006834832888806708
50,0.4735190549801676,1.0,1.0,0.5407130551736599,0.9569542376844846,0.0006719416342337858
50,0.4741892326935661,0.9988695808859884,1.0,0.5596743471069573,0.9566075711026025,0.0016768010613639195
50,0.4717517936669026,1.0,0.968711793412852,0.558195082865113,0.9603619328526827,0.0004972429981578985
50,0.47165177781665707,1.0,0.968711793412852,0.5564885665911162,0.9605293506638093,0.00046111724730046877
50,0.46717703700957963,0.9909482551687077,0.968711793412852,0.5444979937398773,0.9692640117877042,0.00022682973501797488
50,0.47829675386220205,1.0,1.0,0.5596743471069573,0.9556848304206005,0.00895482342584386
50,0.4727094630921471,0.9987789587876834,0.9971840614071567,0.5596743471069573,0.9579200851117132,0.0008421861175837986
50,0.47522494018767597,0.9988695808859884,1.0,0.5596743471069573,0.9566075711026025,0.003757981717446568
50,0.4741892326935661,1.0,1.0,0.5420443929913197,0.9568632071839857,0.0019324371427470455
50,0.46897307856474246,1.0,0.968711793412852,0.5423281241610391,0.9655519896718288,0.0036155359889161742
50,0.46660324399430425,0.9988812086628998,0.968711793412852,0.5364332286468138,0.9704559386032332,0.007035102811291605
50,0.47979180787174175,1.0,1.0,0.5596743471069573,0.9556848304206005,0.011904878984811185
50,0.4451735951923917,1.0,0.7152773200569527,0.5479508007566632,1.0171714898395874,0.00018405064246573843
50,0.5176513745761528,1.0,0.9940552407484419,0.5596743471069573,0.9565240214307151,0.08176948306545018
50,0.5113536928570102,1.0,0.9940552407484419,0.5596743471069573,0.9565240214307151,0.07099626341107046
50,0.4803949678138004,0.9989826227973896,1.0,0.5481951460919715,0.9572658827979688,0.01467089435675406
50,0.4648933276203615,0.9909482551687077,0.9405524074844187,0.5574977499796941,0.974025356354467,0.0017616021750972433
50,0.4680331180859444,1.0,0.7378048287996992,0.5487572772659696,1.010156068691514,0.04266494122471731
50,0.4492756121148703,0.9988812086628998,0.7434367059853859,0.5364332286468138,1.0145854448638207,0.006701026351022765
50,0.47846168361805813,1.0,1.0,0.5577782179136276,0.9558091976705141,0.009405536450006746
50,0.4653439139691954,1.0,1.0,0.5344980569667358,0.9730822205040273,0.015699119826430352
50,0.5161262783293569,1.0,1.0,0.5596743471069573,0.9556848304206005,0.0783454888458146
50,0.4783979431991486,1.0,0.968711793412852,0.5596743471069573,0.9602171774386985,0.013687420011977869
50,0.47301679856954976,0.9996945982700328,0.9971840614071567,0.5529404652804768,0.9572976910932781,0.0005061837897553101
50,0.4827563271787995,1.0,1.0,0.5596743471069573,0.9556848304206005,0.017700460988262834
50,0.4781797947362772,1.0,0.9718406140715667,0.5596743471069573,0.9597508101195782,0.012789240195788976
50,0.4727094630921471,1.0,0.9940552407484419,0.5596743471069573,0.9579200851117132,0.0013960636809980942
50,0.4680331180859444,0.9865386881885959,1.0,0.5596743471069573,0.9674911274667968,0.0006807281768144158
50,0.4805367120166601,1.0,0.9971840614071567,0.5596743471069573,0.956081094697226,0.013764144065895545
51,0.46846862194623456,0.988812086628997,1.0,0.5317006913956001,0.9665917158516529,8.316032027655407e-05
51,0.4463360216353811,0.9988812086628998,0.7434367059853859,0.5364332286468138,1.0145854448638207,6.305116902383112e-05
51,0.46846862194623456,0.988812086628997,1.0,0.5317006913956001,0.9665917158516529,8.316032027655407e-05
51,0.47503054221832514,1.0,1.0,0.5596743471069573,0.9556848304206005,0.0024453039505187846
51,0.47491941349583006,1.0,1.0,0.5577782179136276,0.9558091976705141,0.002346618009564483
51,0.4735190549801676,1.0,0.9997184061407157,0.5596743471069573,0.9562822960502508,0.0005579396573035522
51,0.4731775711163869,0.9989826227973896,1.0,0.5481951460919715,0.9572658827979688,0.0002934547707104107
51,0.4240310078747138,0.880664198558142,0.9718406140715667,0.4549782960233428,1.067961290641699,7.26678781370893e-05
51,0.4680331180859444,0.9875560653912063,1.0,0.5353914564754635,0.9674911274667968,0.0001813128545212761
51,0.4782012726898033,1.0,1.0,0.5596743471069573,0.9556848304206005,0.00876579237137709
51,0.4771655651956934,1.0,1.0,0.5577782179136276,0.9558091976705141,0.006834832888806708
51,0.4735190549801676,1.0,1.0,0.5407130551736599,0.9569542376844846,0.0006719416342337858
51,0.4741892326935661,0.9988695808859884,1.0,0.5596743471069573,0.9566075711026025,0.0016768010613639195
51,0.4717517936669026,1.0,0.968711793412852,0.558195082865113,0.9603619328526827,0.0004972429981578985
51,0.47165177781665707,1.0,0.968711793412852,0.5564885665911162,0.9605293506638093,0.00046111724730046877
51,0.47301679856954976,0.9996945982700328,0.9971840614071567,0.5529404652804768,0.9572976910932781,0.0005061837897553101
51,0.4451735951923917,1.0,0.7152773200569527,0.5479508007566632,1.0171714898395874,0.00018405064246573843
51,0.47829675386220205,1.0,1.0,0.5596743471069573,0.9556848304206005,0.00895482342584386
51,0.46717703700957963,0.9909482551687077,0.968711793412852,0.5444979937398773,0.9692640117877042,0.00022682973501797488
51,0.47522494018767597,0.9988695808859884,1.0,0.5596743471069573,0.9566075711026025,0.003757981717446568
51,0.4469859644762895,1.0,0.7178116647905117,0.5540112944004957,1.0134494710532809,0.0004022502221789903
51,0.46939345660028614,0.9875560653912063,0.7434367059853859,0.5353914564754635,1.0241169505937933,0.05942968718105779
51,0.447709235605138,0.9979655691805503,0.7715960919138192,0.5289691501975835,1.011410650157369,0.0014090291018398204
51,0.47620261320036594,0.9990843605176506,1.0,0.5487782748178003,0.9571451662225899,0.0062518351630185265
51,0.4681190511411033,1.0,1.0,0.5353914564754635,0.9673135242095867,0.009992471717182316
51,0.47789393721240064,0.9990843605176506,0.9997184061407157,0.5596743471069573,0.9564716156676643,0.008943610248590805
51,0.444118404480777,1.0,0.7127429753233936,0.5481951460919715,1.019588210009147,0.001959827208591669
51,0.44252220427694605,0.880664198558142,0.7440030225246133,0.5248402647601988,1.1244201306481003,0.10115421387252876
51,0.45840865135891473,1.0,0.7972524213152805,0.5505199293298704,0.994304454758789,0.006500477355403267
51,0.4915711180964252,0.9909377901694876,1.0,0.552229283065024,0.9635693328859016,0.04240478011762061
51,0.45280866152693955,1.0,0.7434367059853859,0.5577782179136276,1.0048905633246004,0.00487018485111701
51,0.4373463462678787,0.9907346383147366,1.0,0.5244810268904385,1.0353759506739557,0.0699691908466431
51,0.4741892326935661,0.9888004588520857,1.0,0.5464748080605478,0.9656578893940543,0.010727119352815673
51,0.4750943716682458,0.9989826227973896,1.0,0.5577782179136276,0.9566377659252295,0.0035263082307798177
51,0.487046591414174,1.0,1.0,0.5596743471069573,0.9556848304206005,0.0259629164826517
51,0.4710486178745984,1.0,0.9684583589394962,0.5564885665911162,0.9612975644809398,0.0007294455265740574
51,0.4451735951923917,0.9899308779660974,1.0,0.5344980569667358,1.0171714898395874,0.051733737889102405
51,0.46980095243563275,1.0,0.9690246754787234,0.5500732628162198,0.9638505132116603,0.002737649384208951
51,0.47354439074051646,0.9988695808859884,0.9718406140715667,0.5596743471069573,0.9606735508015802,0.004442418146992422
51,0.44800814117116927,1.0,0.7434679941919731,0.5596743471069573,1.0107358493124328,0.00663195929575644
52,0.46846862194623456,0.988812086628997,1.0,0.5317006913956001,0.9665917158516529,8.316032027655407e-05
52,0.4463360216353811,0.9988812086628998,0.7434367059853859,0.5364332286468138,1.0145854448638207,6.305116902383112e-05
52,0.46846862194623456,0.988812086628997,1.0,0.5317006913956001,0.9665917158516529,8.316032027655407e-05
52,0.47503054221832514,1.0,1.0,0.5596743471069573,0.9556848304206005,0.0024453039505187846
52,0.47491941349583006,1.0,1.0,0.5577782179136276,0.9558091976705141,0.002346618009564483
52,0.4735190549801676,1.0,0.9997184061407157,0.5596743471069573,0.9562822960502508,0.0005579396573035522
52,0.4731775711163869,0.9989826227973896,1.0,0.5481951460919715,0.9572658827979688,0.0002934547707104107
52,0.4240310078747138,0.880664198558142,0.9718406140715667,0.4549782960233428,1.067961290641699,7.26678781370893e-05
52,0.4680331180859444,0.9875560653912063,1.0,0.5353914564754635,0.9674911274667968,0.0001813128545212761
52,0.4782012726898033,1.0,1.0,0.5596743471069573,0.9556848304206005,0.00876579237137709
52,0.4771655651956934,1.0,1.0,0.5577782179136276,0.9558091976705141,0.006834832888806708
52,0.4735190549801676,1.0,1.0,0.5407130551736599,0.9569542376844846,0.0006719416342337858
52,0.4741892326935661,0.9988695808859884,1.0,0.5596743471069573,0.9566075711026025,0.0016768010613639195
52,0.4717517936669026,1.0,0.968711793412852,0.558195082865113,0.9603619328526827,0.0004972429981578985
52,0.47165177781665707,1.0,0.968711793412852,0.5564885665911162,0.9605293506638093,0.00046111724730046877
52,0.47301679856954976,0.9996945982700328,0.9971840614071567,0.5529404652804768,0.9572976910932781,0.0005061837897553101
52,0.4451735951923917,1.0,0.7152773200569527,0.5479508007566632,1.0171714898395874,0.00018405064246573843
52,0.47829675386220205,1.0,1.0,0.5596743471069573,0.9556848304206005,0.00895482342584386
52,0.46717703700957963,0.9909482551687077,0.968711793412852,0.5444979937398773,0.9692640117877042,0.00022682973501797488
52,0.47522494018767597,0.9988695808859884,1.0,0.5596743471069573,0.9566075711026025,0.003757981717446568
52,0.4251744251381955,0.8801538440935341,1.0,0.4440322129644674,1.0650167607425227,0.004097851080332671
52,0.4463360216353811,1.0,0.7434367059853859,0.5577782179136276,1.014522393694797,0.009631830370196548
52,0.4788999138042607,0.9989826227973896,1.0,0.5596743471069573,0.9565152030612629,0.010977573844225486
52,0.44664335711278375,0.9997968481452492,0.7431832715120301,0.546764509560301,1.0138243004207375,0.004165723795616971
52,0.47491941349583006,0.8925977787023278,1.0,0.46677923894936413,1.050266005442141,0.0968034257811915
52,0.4662711565491133,0.9899308779660974,1.0,0.5344980569667358,0.9711471163183961,0.0057093643679111405
52,0.5046443232435005,1.0,1.0,0.5481951460919715,0.9564464251102499,0.059145359146474785
52,0.4240310078747138,0.9876816675149854,0.7715960919138192,0.5159099648961292,1.067888622763562,0.045028842414793546
52,0.5160362640641358,1.0,0.9971840614071567,0.5596743471069573,0.956081094697226,0.0785887153196192
52,0.4993928110251618,1.0,1.0,0.5596743471069573,0.9556848304206005,0.04894793078447446
52,0.44588399086582503,0.9986063471059293,0.7411557957251828,0.5303727350029813,1.018012467619624,0.0024615657327418106
52,0.47208466182485087,0.9996945982700328,0.9971840614071567,0.55123394900648,0.9591878866953635,0.0022783311742796686
52,0.4387437121985641,0.988812086628997,0.7437495880512575,0.5211494996803354,1.0320783556648438,0.0033115486597194987
52,0.47204373129091826,1.0,0.968711793412852,0.5531668780192391,0.960856538422884,0.0015854813141489288
52,0.4767925983291748,0.9997852203683378,1.0,0.5596743471069573,0.9558599905851128,0.006143298855090573
52,0.46667277957160264,0.9875560653912063,1.0,0.5183262937354958,0.9703113378963937,0.001992300498062649
52,0.4667562685125823,0.9885372250720266,0.9974656552664409,0.5273467140257644,0.9701377777938028,0.002709114331133966
52,0.468844711001324,0.9918638946510571,0.968711793412852,0.5548292746533645,0.9673437110272533,0.0015273575840194509
52,0.46877874431641264,0.9905411157184795,0.9971840614071567,0.5380954560537425,0.9659522634086629,0.0007671746472929231
52,0.4769235398924452,1.0,0.9718406140715667,0.5596743471069573,0.9597508101195782,0.010294867498409688
53,0.46846862194623456,0.988812086628997,1.0,0.5317006913956001,0.9665917158516529,8.316032027655407e-05
53,0.4463360216353811,0.9988812086628998,0.7434367059853859,0.5364332286468138,1.0145854448638207,6.305116902383112e-05
53,0.46846862194623456,0.988812086628997,1.0,0.5317006913956001,0.9665917158516529,8.316032027655407e-05
53,0.47503054221832514,1.0,1.0,0.5596743471069573,0.9556848304206005,0.0024453039505187846
53,0.47491941349583006,1.0,1.0,0.5577782179136276,0.9558091976705141,0.002346618009564483
53,0.4735190549801676,1.0,0.9997184061407157,0.5596743471069573,0.9562822960502508,0.0005579396573035522
53,0.4731775711163869,0.9989826227973896,1.0,0.5481951460919715,0.9572658827979688,0.0002934547707104107
53,0.4240310078747138,0.880664198558142,0.9718406140715667,0.4549782960233428,1.067961290641699,7.26678781370893e-05
53,0.4680331180859444,0.9875560653912063,1.0,0.5353914564754635,0.9674911274667968,0.0001813128545212761
53,0.4782012726898033,1.0,1.0,0.5596743471069573,0.9556848304206005,0.00876579237137709
53,0.4771655651956934,1.0,1.0,0.5577782179136276,0.9558091976705141,0.006834832888806708
53,0.4767925983291748,0.9997852203683378,1.0,0.5596743471069573,0.9558599905851128,0.006143298855090573
53,0.4735190549801676,1.0,1.0,0.5407130551736599,0.9569542376844846,0.0006719416342337858
53,0.4741892326935661,0.9988695808859884,1.0,0.5596743471069573,0.9566075711026025,0.0016768010613639195
53,0.4717517936669026,1.0,0.968711793412852,0.558195082865113,0.9603619328526827,0.0004972429981578985
53,0.47165177781665707,1.0,0.968711793412852,0.5564885665911162,0.9605293506638093,0.00046111724730046877
53,0.47301679856954976,0.9996945982700328,0.9971840614071567,0.5529404652804768,0.9572976910932781,0.0005061837897553101
53,0.4451735951923917,1.0,0.7152773200569527,0.5479508007566632,1.0171714898395874,0.00018405064246573843
53,0.47829675386220205,1.0,1.0,0.5596743471069573,0.9556848304206005,0.00895482342584386
53,0.46717703700957963,0.9909482551687077,0.968711793412852,0.5444979937398773,0.9692640117877042,0.00022682973501797488
53,0.4717066856962698,0.988812086628997,0.9971840614071568,0.5536138534631249,0.9656590235893483,0.0057025446008922565
53,0.4951547567720247,0.9988812086628998,1.0,0.5450492486820004,0.9575567714791138,0.04305906552201011
53,0.5135129076445363,1.0,1.0,0.5596743471069573,0.9556848304206005,0.07388053211870249
53,0.4352517830801904,0.9918534296518369,0.6871179341285194,0.5342920827262913,1.040358492804788,0.0010027372790450961
53,0.47442955039962886,0.999898262279739,1.0,0.5596743471069573,0.9557677916447332,0.0013207325600066433
53,0.4526651739370379,1.0,0.7152773200569527,0.5596743471069573,1.0115427399898174,0.011205371118343521
53,0.44231993776806133,1.0,0.7152773200569527,0.5479508007566632,1.0237338414755601,0.006746402278438479
53,0.4240310078747138,0.880664198558142,0.9974374958805126,0.5358753025405091,1.067888622763562,0.002700680915924014
53,0.4923890005732944,0.988812086628997,1.0,0.5409205452932049,0.9659674238959686,0.04633297099509914
53,0.47426006924959685,1.0,0.9718406140715667,0.5596743471069573,0.9597508101195782,0.0049626706965190115
53,0.4771655651956934,1.0,0.9938018062750861,0.5596743471069573,0.9565600205983293,0.007585655816621961
53,0.4729289100294699,0.9988695808859884,0.9997465655266442,0.5596743471069573,0.9574755941449415,0.0008324506692052314
53,0.4249631446194127,0.880664198558142,0.9718406140715667,0.45668481229733954,1.0679784662083749,0.0024322070939544194
53,0.4741892326935661,0.9907346383147366,0.9718406140715667,0.5432182635054496,0.9688076088820818,0.01387683884084323
53,0.4605850897273272,0.9778058471495786,0.968711793412852,0.558195082865113,0.9831362308345678,0.004298720691391478
53,0.5260047365844328,1.0,1.0,0.5596743471069573,0.9556848304206005,0.09482207059882819
53,0.4713286150245767,0.9918534296518369,0.9718406140715667,0.5477221453505821,0.9674958416235655,0.00676934490550829
53,0.4492756121148703,0.9988812086628998,0.7434367059853859,0.5479508007566632,1.0098366945800983,0.001952276067300307
53,0.45143003621670874,1.0,0.7437495880512575,0.5508296716656894,1.0076647139551924,0.004590366337320129
53,0.4782012726898033,1.0,1.0,0.5596743471069573,0.9556848304206005,0.00876579237137709
54,0.46846862194623456,0.988812086628997,1.0,0.5317006913956001,0.9665917158516529,8.316032027655407e-05
54,0.4463360216353811,0.9988812086628998,0.7434367059853859,0.5364332286468138,1.0145854448638207,6.305116902383112e-05
54,0.46846862194623456,0.988812086628997,1.0,0.5317006913956001,0.9665917158516529,8.316032027655407e-05
54,0.47503054221832514,1.0,1.0,0.5596743471069573,0.9556848304206005,0.0024453039505187846
54,0.4735190549801676,1.0,0.9997184061407157,0.5596743471069573,0.9562822960502508,0.0005579396573035522
54,0.4731775711163869,0.9989826227973896,1.0,0.5481951460919715,0.9572658827979688,0.0002934547707104107
54,0.47442955039962886,0.999898262279739,1.0,0.5596743471069573,0.9557677916447332,0.0013207325600066433
54,0.4240310078747138,0.880664198558142,0.9718406140715667,0.4549782960233428,1.067961290641699,7.26678781370893e-05
54,0.4680331180859444,0.9875560653912063,1.0,0.5353914564754635,0.9674911274667968,0.0001813128545212761
54,0.4782012726898033,1.0,1.0,0.5596743471069573,0.9556848304206005,0.00876579237137709
54,0.4782012726898033,1.0,1.0,0.5596743471069573,0.9556848304206005,0.00876579237137709
54,0.4735190549801676,1.0,1.0,0.5407130551736599,0.9569542376844846,0.0006719416342337858
54,0.4717517936669026,1.0,0.968711793412852,0.558195082865113,0.9603619328526827,0.0004972429981578985
54,0.47165177781665707,1.0,0.968711793412852,0.5564885665911162,0.9605293506638093,0.00046111724730046877
54,0.47301679856954976,0.9996945982700328,0.9971840614071567,0.5529404652804768,0.9572976910932781,0.0005061837897553101
54,0.47491941349583006,1.0,1.0,0.5577782179136276,0.9558091976705141,0.002346618009564483
54,0.4741892326935661,0.9988695808859884,1.0,0.5596743471069573,0.9566075711026025,0.0016768010613639195
54,0.4451735951923917,1.0,0.7152773200569527,0.5479508007566632,1.0171714898395874,0.00018405064246573843
54,0.47829675386220205,1.0,1.0,0.5596743471069573,0.9556848304206005,0.00895482342584386
54,0.46717703700957963,0.9909482551687077,0.968711793412852,0.5444979937398773,0.9692640117877042,0.00022682973501797488
54,0.44360593705089285,0.9990843605176506,0.7152773200569527,0.5393260361171728,1.0217369899912137,0.0009709198483198733
54,0.45371595734469844,1.0,0.7716273801204063,0.5596743471069573,0.9980206376877001,0.0008047033437001971
54,0.46555412779800553,0.9888004588520857,0.968711793412852,0.5380469975707654,0.9726428401470163,0.0012679712055119197
54,0.4682946873077345,0.9988695808859884,0.9718406140715667,0.5568071446427003,0.9669507286375578,0.006008854123420337
54,0.45187652478224066,1.0,0.7434367059853859,0.5582878302151582,1.0046812132958416,0.0025979798453061864
54,0.47320103172202543,1.0,0.9743749588051258,0.5596743471069573,0.959375248155889,0.002450265402813123
54,0.4680165911766785,0.9885372250720266,0.9974656552664409,0.5427053604917353,0.9675252921488754,0.001036488845249095
54,0.4772280076154464,0.9988812086628998,1.0,0.5568769815358215,0.9567788176721383,0.007928620488624638
54,0.44877758298828774,0.9989930877966098,0.7659642147281325,0.536902897794647,1.0090029142099033,0.0011527686828991524
54,0.47308276525446114,1.0,0.968711793412852,0.5596743471069573,0.9602171774386985,0.003052971984000452
54,0.4177333261555711,0.8694646574102277,0.9718406140715667,0.4331236944549984,1.0839879431205275,0.005961338568171604
54,0.4735190549801676,0.9988812086628998,0.7152773200569527,0.5335660261825568,1.0245845123990207,0.06830221634876987
54,0.46172214197035655,1.0,0.9718406140715667,0.5217327384450915,0.9807151269878207,0.01726511690120247
54,0.4804310229144517,1.0,1.0,0.5596743471069573,0.9556848304206005,0.013160581285321382
54,0.49590918819980784,1.0,1.0,0.5529404652804768,0.9561290605642527,0.043022588778717674
54,0.4649833418855825,0.9919656323713181,0.9405524074844187,0.5431666559222175,0.9738367986822399,0.0006582759737630006
54,0.4741892326935661,1.0,0.9715590202122825,0.5596743471069573,0.959792660173093,0.004861890131854341
54,0.46257407656040295,0.988812086628997,0.7152773200569527,0.5288334889313431,1.0348142101583337,0.055905291473557384
54,0.47647390952876884,1.0,0.9718406140715667,0.5596743471069573,0.9597508101195782,0.009398901924341563
54,0.47780931921554215,0.9988695808859884,1.0,0.5596743471069573,0.9566075711026025,0.008911762506835674
55,0.46846862194623456,0.988812086628997,1.0,0.5317006913956001,0.9665917158516529,8.316032027655407e-05
55,0.4463360216353811,0.9988812086628998,0.7434367059853859,0.5364332286468138,1.0145854448638207,6.305116902383112e-05
55,0.46846862194623456,0.988812086628997,1.0,0.5317006913956001,0.9665917158516529,8.316032027655407e-05
55,0.47503054221832514,1.0,1.0,0.5596743471069573,0.9556848304206005,0.0024453039505187846
55,0.4735190549801676,1.0,0.9997184061407157,0.5596743471069573,0.9562822960502508,0.0005579396573035522
55,0.4731775711163869,0.9989826227973896,1.0,0.5481951460919715,0.9572658827979688,0.0002934547707104107
55,0.47442955039962886,0.999898262279739,1.0,0.5596743471069573,0.9557677916447332,0.0013207325600066433
55,0.4240310078747138,0.880664198558142,0.9718406140715667,0.4549782960233428,1.067961290641699,7.26678781370893e-05
55,0.4680331180859444,0.9875560653912063,1.0,0.5353914564754635,0.9674911274667968,0.0001813128545212761
55,0.4782012726898033,1.0,1.0,0.5596743471069573,0.9556848304206005,0.00876579237137709
55,0.4782012726898033,1.0,1.0,0.5596743471069573,0.9556848304206005,0.00876579237137709
55,0.4735190549801676,1.0,1.0,0.5407130551736599,0.9569542376844846,0.0006719416342337858
55,0.4717517936669026,1.0,0.968711793412852,0.558195082865113,0.9603619328526827,0.0004972429981578985
55,0.47165177781665707,1.0,0.968711793412852,0.5564885665911162,0.9605293506638093,0.00046111724730046877
55,0.47301679856954976,0.9996945982700328,0.9971840614071567,0.5529404652804768,0.9572976910932781,0.0005061837897553101
55,0.47491941349583006,1.0,1.0,0.5577782179136276,0.9558091976705141,0.002346618009564483
55,0.4741892326935661,0.9988695808859884,1.0,0.5596743471069573,0.9566075711026025,0.0016768010613639195
55,0.4451735951923917,1.0,0.7152773200569527,0.5479508007566632,1.0171714898395874,0.00018405064246573843
55,0.47829675386220205,1.0,1.0,0.5596743471069573,0.9556848304206005,0.00895482342584386
55,0.47320103172202543,1.0,0.9743749588051258,0.5596743471069573,0.959375248155889,0.002450265402813123
55,0.47442738227626646,1.0,1.0,0.5426091843669896,0.9568246779197309,0.002373257031617837
55,0.47747750011021795,0.9989826227973896,1.0,0.5596743471069573,0.9565152030612629,0.008160800972406679
55,0.4679277293094079,0.988720522680762,1.0,0.5317006913956001,0.9677090301462687,0.0011265536347659921
55,0.44896453981689577,0.9988695808859884,0.7668121251266442,0.5491231553916927,1.0085827474311333,0.005405371286297589
55,0.4708786030056882,0.988720522680762,1.0,0.53303202921326,0.9665035557425381,0.004858906305903465
55,0.4731775711163869,0.9884950571221185,0.9971840614071567,0.5481510264521001,0.9662428189467962,0.009270390919537852
55,0.42857639760525357,0.999898262279739,0.971587179598211,0.5596743471069573,1.0565628241543379,0.09669138885410489
55,0.4240310078747138,1.0,0.9684583589394962,0.5596743471069573,1.067888622763562,0.10763353764354044
55,0.47197251138374346,1.0,0.976655869065329,0.5596743471069573,0.959415809597175,0.00037690072196649993
55,0.4978658674179596,0.9989826227973896,1.0,0.5596743471069573,0.9565152030612629,0.046997361408136706
55,0.4707327813478565,0.9988808850771286,1.0,0.5596743471069573,0.961942543745857,0.005344210388172677
55,0.4748922689499245,0.9990843605176506,1.0,0.552210268657727,0.9569185315752395,0.0034014525880203816
55,0.47738182681228813,1.0,0.9997465655266442,0.5596743471069573,0.9557204027937343,0.007175938603708687
55,0.46425462600756245,0.988812086628997,0.9997465655266442,0.5317006913956001,0.9753653786823449,0.00881415949196962
55,0.49735608019436683,0.9999895350007798,1.0,0.5596743471069573,0.9556933632430464,0.04524327084877933
55,0.4819369567855988,1.0,1.0,0.5596743471069573,0.9556848304206005,0.016105736597070153
55,0.48251074980087416,1.0,1.0,0.5596743471069573,0.9556848304206005,0.017223066978703794
55,0.468340453563347,0.9884717048735557,0.9997465655266442,0.5457227373889507,0.9668562381578644,0.000846471756270617
55,0.47132439241018587,1.0,1.0,0.5373652594309928,0.9607351039057763,0.0035506580378675823
55,0.47255444950201914,0.9884717048735557,1.0,0.5457227373889507,0.9659706573132801,0.0077363425264657115
56,0.46846862194623456,0.988812086628997,1.0,0.5317006913956001,0.9665917158516529,8.316032027655407e-05
56,0.4463360216353811,0.9988812086628998,0.7434367059853859,0.5364332286468138,1.0145854448638207,6.305116902383112e-05
56,0.46846862194623456,0.988812086628997,1.0,0.5317006913956001,0.9665917158516529,8.316032027655407e-05
56,0.47503054221832514,1.0,1.0,0.5596743471069573,0.9556848304206005,0.0024453039505187846
56,0.4735190549801676,1.0,0.9997184061407157,0.5596743471069573,0.9562822960502508,0.0005579396573035522
56,0.4731775711163869,0.9989826227973896,1.0,0.5481951460919715,0.9572658827979688,0.0002934547707104107
56,0.47442955039962886,0.999898262279739,1.0,0.5596743471069573,0.9557677916447332,0.0013207325600066433
56,0.4240310078747138,0.880664198558142,0.9718406140715667,0.4549782960233428,1.067961290641699,7.26678781370893e-05
56,0.4680331180859444,0.9875560653912063,1.0,0.5353914564754635,0.9674911274667968,0.0001813128545212761
56,0.4782012726898033,1.0,1.0,0.5596743471069573,0.9556848304206005,0.00876579237137709
56,0.4782012726898033,1.0,1.0,0.5596743471069573,0.9556848304206005,0.00876579237137709
56,0.47738182681228813,1.0,0.9997465655266442,0.5596743471069573,0.9557204027937343,0.007175938603708687
56,0.4735190549801676,1.0,1.0,0.5407130551736599,0.9569542376844846,0.0006719416342337858
56,0.47301679856954976,0.9996945982700328,0.9971840614071567,0.5529404652804768,0.9572976910932781,0.0005061837897553101
56,0.47197251138374346,1.0,0.976655869065329,0.5596743471069573,0.959415809597175,0.00037690072196649993
56,0.47491941349583006,1.0,1.0,0.5577782179136276,0.9558091976705141,0.002346618009564483
56,0.4741892326935661,0.9988695808859884,1.0,0.5596743471069573,0.9566075711026025,0.0016768010613639195
56,0.4451735951923917,1.0,0.7152773200569527,0.5479508007566632,1.0171714898395874,0.00018405064246573843
56,0.47829675386220205,1.0,1.0,0.5596743471069573,0.9556848304206005,0.00895482342584386
56,0.47165177781665707,1.0,0.968711793412852,0.5564885665911162,0.9605293506638093,0.00046111724730046877
56,0.4786226837450036,0.9996945982700328,1.0,0.5529404652804768,0.9563762272820505,0.01029091935831461
56,0.46863627802800306,0.9865386881885959,1.0,0.5364332286468138,0.9680786551634828,0.00183274049496851
56,0.46576807435235706,0.988812086628997,1.0,0.5359236163452832,0.9721960650345169,0.005937159317129237
56,0.46576807435235706,0.9888004588520857,1.0,0.5359236163452832,0.9721960650345169,0.005927726069685169
56,0.4823901128231857,1.0,0.9974656552664409,0.5596743471069573,0.956041367587372,0.017344911958439235
56,0.46454009652777,0.9885372250720266,0.9976937462924612,0.5256401977517676,0.9747659943374267,0.0072703451183081524
56,0.48661511054351264,1.0,0.9997719089739798,0.5596743471069573,0.9557168447448618,0.025170547816367517
56,0.46838268889107565,0.988812086628997,1.0,0.5317006913956001,0.9667690541287224,0.0002604985973460039
56,0.4758657737553292,1.0,0.9689652278862078,0.5564885665911162,0.9604906026530751,0.008924186032584824
56,0.49588493757428864,0.9899308779660974,1.0,0.5431531194886707,0.9649242507625367,0.05177312466027628
56,0.5170479256413151,1.0,0.9971840614071567,0.5596743471069573,0.956081094697226,0.08030562641962202
56,0.4247658166465871,0.8925977787023278,0.9997465655266442,0.4654479011317042,1.0660412661854413,0.015752685326263727
56,0.4761533081346847,1.0,0.97412152433177,0.5596743471069573,0.9594127164142426,0.008420921567390383
56,0.48221111707301434,1.0,0.9997719089739798,0.5596743471069573,0.9557168447448618,0.01667194697106522
56,0.4971902703571387,1.0,1.0,0.5596743471069573,0.9556848304206005,0.044931108630665184
56,0.5187284750884745,1.0,1.0,0.5596743471069573,0.9556848304206005,0.08274665380307245
56,0.4741892326935661,1.0,1.0,0.5596743471069573,0.9556848304206005,0.0007540603793618761
56,0.4765201617023473,1.0,0.9894934202280357,0.5564885665911162,0.9574179313341484,0.007158266541938407
56,0.4457508244506489,0.9988913500763488,0.7690930353868473,0.5387573404928281,1.0158542939734734,0.009472169830021082
56,0.5047554519659956,1.0,1.0,0.5596743471069573,0.9556848304206005,0.05858131739175276
57,0.46846862194623456,0.988812086628997,1.0,0.5317006913956001,0.9665917158516529,8.316032027655407e-05
57,0.4463360216353811,0.9988812086628998,0.7434367059853859,0.5364332286468138,1.0145854448638207,6.305116902383112e-05
57,0.46846862194623456,0.988812086628997,1.0,0.5317006913956001,0.9665917158516529,8.316032027655407e-05
57,0.4735190549801676,1.0,0.9997184061407157,0.5596743471069573,0.9562822960502508,0.0005579396573035522
57,0.4731775711163869,0.9989826227973896,1.0,0.5481951460919715,0.9572658827979688,0.0002934547707104107
57,0.4741892326935661,1.0,1.0,0.5596743471069573,0.9556848304206005,0.0007540603793618761
57,0.4240310078747138,0.880664198558142,0.9718406140715667,0.4549782960233428,1.067961290641699,7.26678781370893e-05
57,0.4680331180859444,0.9875560653912063,1.0,0.5353914564754635,0.9674911274667968,0.0001813128545212761
57,0.46838268889107565,0.988812086628997,1.0,0.5317006913956001,0.9667690541287224,0.0002604985973460039
57,0.4735190549801676,1.0,1.0,0.5407130551736599,0.9569542376844846,0.0006719416342337858
57,0.47301679856954976,0.9996945982700328,0.9971840614071567,0.5529404652804768,0.9572976910932781,0.0005061837897553101
57,0.47197251138374346,1.0,0.976655869065329,0.5596743471069573,0.959415809597175,0.00037690072196649993
57,0.47503054221832514,1.0,1.0,0.5596743471069573,0.9556848304206005,0.0024453039505187846
57,0.47442955039962886,0.999898262279739,1.0,0.5596743471069573,0.9557677916447332,0.0013207325600066433
57,0.4451735951923917,1.0,0.7152773200569527,0.5479508007566632,1.0171714898395874,0.00018405064246573843
57,0.4782012726898033,1.0,1.0,0.5596743471069573,0.9556848304206005,0.00876579237137709
57,0.4782012726898033,1.0,1.0,0.5596743471069573,0.9556848304206005,0.00876579237137709
57,0.47165177781665707,1.0,0.968711793412852,0.5564885665911162,0.9605293506638093,0.00046111724730046877
57,0.47738182681228813,1.0,0.9997465655266442,0.5596743471069573,0.9557204027937343,0.007175938603708687
57,0.47491941349583006,1.0,1.0,0.5577782179136276,0.9558091976705141,0.002346618009564483
57,0.44544214194172205,0.999898262279739,0.7439776790772776,0.5491231553916927,1.0165582607110994,0.008171528621329083
57,0.42963689305016767,0.880664198558142,0.9928503319127706,0.4549782960233428,1.0626261491116413,0.008671294798344276
57,0.47325491086602994,0.988812086628997,1.0,0.5481951460919715,0.9655505413600852,0.008734502640456276
57,0.49533987426957465,0.988812086628997,1.0,0.5422518831108647,0.9658904730550301,0.05173453148091667
57,0.49970014650256445,1.0,1.0,0.5596743471069573,0.9556848304206005,0.04950561006338006
57,0.46001123370649616,0.9774869433573037,1.0,0.510215166335242,0.9843626761967589,0.0075207496013872666
57,0.49285879909967484,0.9906323884395203,1.0,0.4549782960233428,0.9702968853620173,0.05153903831802642
57,0.4268846652990441,0.880664198558142,0.9718406140715667,0.4549782960233428,1.067961290641699,0.007211336791047351
57,0.4524451245782365,1.0,0.7457489044521763,0.5596743471069573,1.0035266048905327,0.0027027160320793886
57,0.4775575060615386,1.0,0.968711793412852,0.5596743471069573,0.9602171774386985,0.012021654636642953
57,0.4660157125459195,0.9886987211318247,1.0,0.5378197455386129,0.9716794453791372,0.005439458418369902
57,0.479375236985284,1.0,1.0,0.5596743471069573,0.9556848304206005,0.011084746404240287
57,0.47028940576843176,0.9897160983344351,1.0,0.5462548972587704,0.9649192677737618,0.002069831747176454
57,0.44811868807694466,0.99925748435436,0.7462839327848164,0.5437044480205393,1.0104865097436504,5.4073124431397446e-06
57,0.4282450038133859,0.880664198558142,0.9718406140715667,0.47204345876331044,1.0681660245572386,0.01078558815592201
57,0.46527821125615587,0.9886987211318247,1.0,0.5378197455386129,0.9732196310687464,0.006979644107979133
57,0.4744778929039439,1.0,1.0,0.5596743471069573,0.9556848304206005,0.0013350158264288092
57,0.48033550008686404,1.0,0.9997465655266442,0.5596743471069573,0.9557204027937343,0.013008716791632624
57,0.43188318906019846,0.8925977787023278,0.995666270505614,0.4654479011317042,1.0512500318960192,0.0027769713604945956
57,0.47491941349583006,1.0,0.9971840614071567,0.5462065834539963,0.957014793207193,0.0035522135462433546
58,0.46846862194623456,0.988812086628997,1.0,0.5317006913956001,0.9665917158516529,8.316032027655407e-05
58,0.46846862194623456,0.988812086628997,1.0,0.5317006913956001,0.9665917158516529,8.316032027655407e-05
58,0.4735190549801676,1.0,0.9997184061407157,0.5596743471069573,0.9562822960502508,0.0005579396573035522
58,0.4731775711163869,0.9989826227973896,1.0,0.5481951460919715,0.9572658827979688,0.0002934547707104107
58,0.4741892326935661,1.0,1.0,0.5596743471069573,0.9556848304206005,0.0007540603793618761
58,0.44811868807694466,0.99925748435436,0.7462839327848164,0.5437044480205393,1.0104865097436504,5.4073124431397446e-06
58,0.4680331180859444,0.9875560653912063,1.0,0.5353914564754635,0.9674911274667968,0.0001813128545212761
58,0.46838268889107565,0.988812086628997,1.0,0.5317006913956001,0.9667690541287224,0.0002604985973460039
58,0.4735190549801676,1.0,1.0,0.5407130551736599,0.9569542376844846,0.0006719416342337858
58,0.47301679856954976,0.9996945982700328,0.9971840614071567,0.5529404652804768,0.9572976910932781,0.0005061837897553101
58,0.47197251138374346,1.0,0.976655869065329,0.5596743471069573,0.959415809597175,0.00037690072196649993
58,0.47442955039962886,0.999898262279739,1.0,0.5596743471069573,0.9557677916447332,0.0013207325600066433
58,0.4744778929039439,1.0,1.0,0.5596743471069573,0.9556848304206005,0.0013350158264288092
58,0.4463360216353811,0.9988812086628998,0.7434367059853859,0.5364332286468138,1.0145854448638207,6.305116902383112e-05
58,0.47165177781665707,1.0,0.968711793412852,0.5564885665911162,0.9605293506638093,0.00046111724730046877
58,0.47503054221832514,1.0,1.0,0.5596743471069573,0.9556848304206005,0.0024453039505187846
58,0.47491941349583006,1.0,1.0,0.5577782179136276,0.9558091976705141,0.002346618009564483
58,0.4240310078747138,0.880664198558142,0.9718406140715667,0.4549782960233428,1.067961290641699,7.26678781370893e-05
58,0.4451735951923917,1.0,0.7152773200569527,0.5479508007566632,1.0171714898395874,0.00018405064246573843
58,0.47028940576843176,0.9897160983344351,1.0,0.5462548972587704,0.9649192677737618,0.002069831747176454
58,0.4756046742588616,1.0,1.0,0.5596743471069573,0.9556848304206005,0.003596018783493138
58,0.4961931801109859,1.0,1.0,0.5596743471069573,0.9556848304206005,0.043100967292142855
58,0.4447029128006599,0.9882353864961559,0.7716555395063348,0.5173277822178238,1.0218950474499544,0.003646963113723478
58,0.47270807838153317,1.0,0.9789902821587961,0.5577782179136276,0.9588613622945374,0.0009384711336639651
58,0.4692810007270305,0.9908465174484467,0.9997184061407157,0.544829337880223,0.9649184356703517,0.0007966780896683234
58,0.4661960468074481,0.9799218378575029,1.0,0.5271391007623814,0.9739844682530844,0.0026808885554541195
58,0.45031052582741227,0.999898262279739,0.7647593058924613,0.5353914564754635,1.0080354548074775,0.0024673787811078096
58,0.42957151102157337,0.8918637397060564,0.9718406140715667,0.4768328975916872,1.0577056047808586,0.0035903354854378566
58,0.49789087243122576,1.0,1.0,0.5407130551736599,0.9569542376844846,0.04748207372281643
58,0.5195914292198731,1.0,1.0,0.5596743471069573,0.9556848304206005,0.08419645755685812
58,0.47148839606592896,0.9980559703510942,1.0,0.5309359584686837,0.9604009195011933,0.0012330902924810871
58,0.4739231920379352,1.0,1.0,0.5535552929639445,0.9560882043225717,0.0006213760932638479
58,0.4465510299354458,0.9983418448720106,0.7462839327848164,0.5350796833810488,1.0147272158312728,0.0006933009891367803
58,0.4248857649278177,0.8801538440935341,0.995666270505614,0.4411650105002104,1.0657403151349378,0.0037984623493030334
58,0.47337435968801417,0.9996234007227686,0.9974656552664409,0.5536138534631249,0.9567612982137099,0.00018669747250155133
58,0.47503054221832514,1.0,1.0,0.5407130551736599,0.9569542376844846,0.0037147112144029215
58,0.4289798125852592,0.8925977787023278,0.9749099871377659,0.44648660919840677,1.0562762435620092,0.0007070169082592503
58,0.4667727954218482,0.9875560653912063,0.9997465655266442,0.5370979727494603,0.9701034283648046,0.0028504497818301333
58,0.427576461842733,0.8918637397060564,0.9508308962303629,0.5479508007566632,1.0618587470167455,0.002825031583225668
58,0.4536043716885261,1.0,0.7462839327848164,0.5596743471069573,1.003391703279649,0.0051255547582022
59,0.46846862194623456,0.988812086628997,1.0,0.5317006913956001,0.9665917158516529,8.316032027655407e-05
59,0.46846862194623456,0.988812086628997,1.0,0.5317006913956001,0.9665917158516529,8.316032027655407e-05
59,0.4735190549801676,1.0,0.9997184061407157,0.5596743471069573,0.9562822960502508,0.0005579396573035522
59,0.4741892326935661,1.0,1.0,0.5596743471069573,0.9556848304206005,0.0007540603793618761
59,0.44811868807694466,0.99925748435436,0.7462839327848164,0.5437044480205393,1.0104865097436504,5.4073124431397446e-06
59,0.4739231920379352,1.0,1.0,0.5535552929639445,0.9560882043225717,0.0006213760932638479
59,0.47337435968801417,0.9996234007227686,0.9974656552664409,0.5536138534631249,0.9567612982137099,0.00018669747250155133
59,0.4680331180859444,0.9875560653912063,1.0,0.5353914564754635,0.9674911274667968,0.0001813128545212761
59,0.47442955039962886,0.999898262279739,1.0,0.5596743471069573,0.9557677916447332,0.0013207325600066433
59,0.4744778929039439,1.0,1.0,0.5596743471069573,0.9556848304206005,0.0013350158264288092
59,0.4463360216353811,0.9988812086628998,0.7434367059853859,0.5364332286468138,1.0145854448638207,6.305116902383112e-05
59,0.4731775711163869,0.9989826227973896,1.0,0.5481951460919715,0.9572658827979688,0.0002934547707104107
59,0.46838268889107565,0.988812086628997,1.0,0.5317006913956001,0.9667690541287224,0.0002604985973460039
59,0.4735190549801676,1.0,1.0,0.5407130551736599,0.9569542376844846,0.0006719416342337858
59,0.47503054221832514,1.0,1.0,0.5596743471069573,0.9556848304206005,0.0024453039505187846
59,0.47491941349583006,1.0,1.0,0.5577782179136276,0.9558091976705141,0.002346618009564483
59,0.4240310078747138,0.880664198558142,0.9718406140715667,0.4549782960233428,1.067961290641699,7.26678781370893e-05
59,0.4451735951923917,1.0,0.7152773200569527,0.5479508007566632,1.0171714898395874,0.00018405064246573843
59,0.47301679856954976,0.9996945982700328,0.9971840614071567,0.5529404652804768,0.9572976910932781,0.0005061837897553101
59,0.47197251138374346,1.0,0.976655869065329,0.5596743471069573,0.959415809597175,0.00037690072196649993
59,0.44846334861130754,0.9978742964595095,0.7690930353868473,0.5359599749216923,1.0097099137950258,0.001488289307666868
59,0.4987226333117633,0.9990843605176506,1.0,0.5409329659754373,0.9576704137927674,0.04971505158798173
59,0.4497955173532265,0.9969569233440331,0.7716555395063348,0.5461948374379089,1.006719434942573,0.0021745208401562355
59,0.49149251159874785,0.9895817648445628,1.0,0.5373917651295261,0.9655478293750926,0.04423595082377019
59,0.4746458363350854,0.9998066983315042,1.0,0.5596743471069573,0.9558424711821317,0.0018303331665056044
59,0.4435583946802208,0.8704715696136179,1.0,0.45404070106912753,1.0703669525752089,0.049491472624387134
59,0.46772578260854175,0.9866404259088569,1.0,0.542125338301944,0.968126851127889,0.0004505643470623655
59,0.4282766875468196,1.0,0.5153769681716638,0.5479637315466316,1.0994258476085208,0.04212363577739642
59,0.4748340398811223,1.0,1.0,0.5467735488174923,0.9565422062896874,0.002908197160953363
59,0.3998736133418086,0.8805729258371012,0.740933649458414,0.4443925703227008,1.1499215832787357,0.017519059492315137
59,0.4633200722736362,0.9787429645950942,1.0,0.5065244012553786,0.9773327688499011,0.0013013470847885733
59,0.44295770813723623,0.988812086628997,0.7437495880512575,0.5481951460919715,1.022259869815181,0.004406702835533904
59,0.4692810007270305,0.9908465174484467,1.0,0.5317006913956001,0.9649184356703517,4.878330149860055e-05
59,0.471485088250306,0.9888004588520857,1.0,0.5378197455386129,0.9661572572215772,0.00574959979963463
59,0.4716994621896356,0.9988812086628998,1.0,0.5568769815358215,0.9599711795606118,0.003192361888473494
59,0.42465710945337337,0.8921472514463036,0.9464377191434612,0.4565796918493369,1.0663141601298598,0.0021362304823626665
59,0.46829151223177,0.9882353864961559,1.0,0.526823854761562,0.9672638394082932,0.00030655472192686606
59,0.4746412634631222,1.0,1.0,0.5596743471069573,0.9556848304206005,0.0016635010942200879
59,0.493096911396155,0.989920412966877,1.0,0.5529404652804768,0.964367184142695,0.04605299743274627
59,0.47539426557031594,1.0,1.0,0.5541671983782457,0.9560476017903419,0.003537397275106602
60,0.4735190549801676,1.0,0.9997184061407157,0.5596743471069573,0.9562822960502508,0.0005579396573035522
60,0.4741892326935661,1.0,1.0,0.5596743471069573,0.9556848304206005,0.0007540603793618761
60,0.44811868807694466,0.99925748435436,0.7462839327848164,0.5437044480205393,1.0104865097436504,5.4073124431397446e-06
60,0.4739231920379352,1.0,1.0,0.5535552929639445,0.9560882043225717,0.0006213760932638479
60,0.47337435968801417,0.9996234007227686,0.9974656552664409,0.5536138534631249,0.9567612982137099,0.00018669747250155133
60,0.4692810007270305,0.9908465174484467,1.0,0.5317006913956001,0.9649184356703517,4.878330149860055e-05
60,0.47442955039962886,0.999898262279739,1.0,0.5596743471069573,0.9557677916447332,0.0013207325600066433
60,0.4744778929039439,1.0,1.0,0.5596743471069573,0.9556848304206005,0.0013350158264288092
60,0.4731775711163869,0.9989826227973896,1.0,0.5481951460919715,0.9572658827979688,0.0002934547707104107
60,0.4735190549801676,1.0,1.0,0.5407130551736599,0.9569542376844846,0.0006719416342337858
60,0.46846862194623456,0.988812086628997,1.0,0.5317006913956001,0.9665917158516529,8.316032027655407e-05
60,0.46846862194623456,0.988812086628997,1.0,0.5317006913956001,0.9665917158516529,8.316032027655407e-05
60,0.4463360216353811,0.9988812086628998,0.7434367059853859,0.5364332286468138,1.0145854448638207,6.305116902383112e-05
60,0.4746412634631222,1.0,1.0,0.5596743471069573,0.9556848304206005,0.0016635010942200879
60,0.47301679856954976,0.9996945982700328,0.9971840614071567,0.5529404652804768,0.9572976910932781,0.0005061837897553101
60,0.47197251138374346,1.0,0.976655869065329,0.5596743471069573,0.959415809597175,0.00037690072196649993
60,0.4680331180859444,0.9875560653912063,1.0,0.5353914564754635,0.9674911274667968,0.0001813128545212761
60,0.46838268889107565,0.988812086628997,1.0,0.5317006913956001,0.9667690541287224,0.0002604985973460039
60,0.4240310078747138,0.880664198558142,0.9718406140715667,0.4549782960233428,1.067961290641699,7.26678781370893e-05
60,0.47503054221832514,1.0,1.0,0.5596743471069573,0.9556848304206005,0.0024453039505187846
60,0.4927171931384454,1.0,1.0,0.5596743471069573,0.9556848304206005,0.03666293416214039
60,0.4667782890936685,0.9884734385066828,0.9974374958805126,0.5251565939592471,0.9700920108889273,0.002469922421576065
60,0.47800325140172334,1.0,0.9971840614071567,0.5596743471069573,0.956081094697226,0.008769778715415844
60,0.4739231920379352,0.9989826227973896,1.0,0.5481951460919715,0.9572658827979688,0.0017990545686609183
60,0.47301269661847395,0.9990843605176506,1.0,0.5432240120504572,0.9575159841402068,0.00020999139178567994
60,0.4945579290238321,0.9898073710554759,1.0,0.5587367521527421,0.9641334681592414,0.048532155175661895
60,0.4415289041935183,0.9880206068644938,0.7457176162455891,0.5200330713579185,1.029212110586285,0.0036441698468316908
60,0.4730661383165886,0.9970385931484838,1.0,0.5596743471069573,0.9581066125555785,0.0009087654840848058
60,0.47364834005673945,0.999908436051765,1.0,0.5596743471069573,0.9560212732213873,0.0002617784587626293
60,0.4695236823632243,0.9878950047407147,1.0,0.5408459007549127,0.9667207314071694,0.00230103092965106
60,0.4800949609384476,1.0,1.0,0.5596743471069573,0.9556848304206005,0.012500823140146777
60,0.4632427325239932,0.9787429645950942,1.0,0.5065244012553786,0.9774959374571791,0.0014645156920666258
60,0.47097248281657333,0.9996234007227686,0.9764559374252371,0.5536138534631249,0.9614529630410809,0.001533974068773425
60,0.4521305108536184,1.0,0.7457489044521763,0.5596743471069573,1.0035266048905327,0.002006295589075835
60,0.47228287077405795,0.997050220925395,1.0,0.5398118187958538,0.9593734466324926,0.0005881144960101503
60,0.4702809912301324,0.9890869481859674,1.0,0.5377611850394325,0.9659278225485874,0.0030611586654868406
60,0.4478181407637501,0.9875560653912063,0.7690930353868473,0.5359599749216923,1.0165272652153043,0.005362580611817602
60,0.46838268889107565,0.999908436051765,0.9997184061407157,0.5596743471069573,0.9667690541287224,0.010970033393750911
60,0.4732796183900998,1.0,1.0,0.4549782960233428,0.9635027891928415,0.006736700976759491
60,0.4732162294301002,1.0,0.9812711924189992,0.5596743471069573,0.9583631238085139,0.0014688734471061116
61,0.4741892326935661,1.0,1.0,0.5596743471069573,0.9556848304206005,0.0007540603793618761
61,0.44811868807694466,0.99925748435436,0.7462839327848164,0.5437044480205393,1.0104865097436504,5.4073124431397446e-06
61,0.47337435968801417,0.9996234007227686,0.9974656552664409,0.5536138534631249,0.9567612982137099,0.00018669747250155133
61,0.4692810007270305,0.9908465174484467,1.0,0.5317006913956001,0.9649184356703517,4.878330149860055e-05
61,0.47364834005673945,0.999908436051765,1.0,0.5596743471069573,0.9560212732213873,0.0002617784587626293
61,0.47442955039962886,0.999898262279739,1.0,0.5596743471069573,0.9557677916447332,0.0013207325600066433
61,0.4744778929039439,1.0,1.0,0.5596743471069573,0.9556848304206005,0.0013350158264288092
61,0.47301269661847395,0.9990843605176506,1.0,0.5432240120504572,0.9575159841402068,0.00020999139178567994
61,0.46846862194623456,0.988812086628997,1.0,0.5317006913956001,0.9665917158516529,8.316032027655407e-05
61,0.46846862194623456,0.988812086628997,1.0,0.5317006913956001,0.9665917158516529,8.316032027655407e-05
61,0.4463360216353811,0.9988812086628998,0.7434367059853859,0.5364332286468138,1.0145854448638207,6.305116902383112e-05
61,0.4735190549801676,1.0,0.9997184061407157,0.5596743471069573,0.9562822960502508,0.0005579396573035522
61,0.4739231920379352,1.0,1.0,0.5535552929639445,0.9560882043225717,0.0006213760932638479
61,0.4731775711163869,0.9989826227973896,1.0,0.5481951460919715,0.9572658827979688,0.0002934547707104107
61,0.4746412634631222,1.0,1.0,0.5596743471069573,0.9556848304206005,0.0016635010942200879
61,0.4240310078747138,0.880664198558142,0.9718406140715667,0.4549782960233428,1.067961290641699,7.26678781370893e-05
61,0.4680331180859444,0.9875560653912063,1.0,0.5353914564754635,0.9674911274667968,0.0001813128545212761
61,0.4735190549801676,1.0,1.0,0.5407130551736599,0.9569542376844846,0.0006719416342337858
61,0.47197251138374346,1.0,0.976655869065329,0.5596743471069573,0.959415809597175,0.00037690072196649993
61,0.47301679856954976,0.9996945982700328,0.9971840614071567,0.5529404652804768,0.9572976910932781,0.0005061837897553101
61,0.4439341447639403,0.9988812086628998,0.722426988144182,0.5364332286468138,1.0209839325464851,0.0009725313125608093
61,0.47243362010479356,1.0,0.9789902821587961,0.5596743471069573,0.9586963029764921,0.00021691063913042985
61,0.49464601209250586,0.9996508868784656,1.0,0.5596743471069573,0.955969582418662,0.04053131325064896
61,0.44964873713260783,0.999331735918924,0.7713739456470505,0.5453014379291811,1.00704806146419,0.004019244557347035
61,0.47364834005673945,0.9884950571221185,0.9971840614071567,0.5310858637121324,0.9672779698632805,0.011256696641893216
61,0.4930464417856746,0.9898073710554759,1.0,0.5587367521527421,0.9641334681592414,0.04572528024518696
61,0.4471825213656872,1.0,0.7252742149436124,0.5585097495713893,1.0126019408825784,0.0032458618288708774
61,0.4932936999677823,0.990561190892256,1.0,0.5493545699370326,0.9640460833570768,0.04609823770673038
61,0.46846862194623456,1.0,0.976655869065329,0.5596743471069573,0.9665917158516529,0.007552806976444448
61,0.4729213045939325,0.9999806698331505,0.9789902821587961,0.5596743471069573,0.9587120643100924,0.0012210722145323816
61,0.46857791141843,0.9988812086628998,1.0,0.5317006913956001,0.9663662713830721,0.00790398425662886
61,0.4248467619962607,0.8809390601151125,0.9997184061407157,0.45553164093846366,1.0658381551096987,0.005140793595797222
61,0.4271845083684718,1.0,0.9508308962303629,0.5535552929639445,1.060005407840479,0.0963442954324174
61,0.4885431343308351,1.0,0.7944364827224373,0.5596743471069573,0.9919946365978765,0.06512071835190736
61,0.44993985584494783,0.9980774483142604,0.7901027532280512,0.522307005436328,1.0069526251857235,0.0005561408833651971
61,0.4782834727705447,1.0,0.9974656552664409,0.5596743471069573,0.956041367587372,0.00928507156385494
61,0.4692810007270305,0.9908465174484467,1.0,0.5317006913956001,0.9649184356703517,4.878330149860055e-05
61,0.49402484087049864,1.0,1.0,0.5493545699370326,0.9563685498687748,0.03977923755447332
61,0.513007864341143,1.0,0.976655869065329,0.5596743471069573,0.9590389088752085,0.0763664964841344
61,0.4739110084544288,1.0,1.0,0.5432240120504572,0.9567827949851879,0.0012914030516042452
62,0.4741892326935661,1.0,1.0,0.5596743471069573,0.9556848304206005,0.0007540603793618761
62,0.44811868807694466,0.99925748435436,0.7462839327848164,0.5437044480205393,1.0104865097436504,5.4073124431397446e-06
62,0.47337435968801417,0.9996234007227686,0.9974656552664409,0.5536138534631249,0.9567612982137099,0.00018669747250155133
62,0.4692810007270305,0.9908465174484467,1.0,0.5317006913956001,0.9649184356703517,4.878330149860055e-05
62,0.47364834005673945,0.999908436051765,1.0,0.5596743471069573,0.9560212732213873,0.0002617784587626293
62,0.4692810007270305,0.9908465174484467,1.0,0.5317006913956001,0.9649184356703517,4.878330149860055e-05
62,0.47442955039962886,0.999898262279739,1.0,0.5596743471069573,0.9557677916447332,0.0013207325600066433
62,0.4744778929039439,1.0,1.0,0.5596743471069573,0.9556848304206005,0.0013350158264288092
62,0.47301269661847395,0.9990843605176506,1.0,0.5432240120504572,0.9575159841402068,0.00020999139178567994
62,0.4735190549801676,1.0,0.9997184061407157,0.5596743471069573,0.9562822960502508,0.0005579396573035522
62,0.4739231920379352,1.0,1.0,0.5535552929639445,0.9560882043225717,0.0006213760932638479
62,0.4731775711163869,0.9989826227973896,1.0,0.5481951460919715,0.9572658827979688,0.0002934547707104107
62,0.46846862194623456,0.988812086628997,1.0,0.5317006913956001,0.9665917158516529,8.316032027655407e-05
62,0.46846862194623456,0.988812086628997,1.0,0.5317006913956001,0.9665917158516529,8.316032027655407e-05
62,0.4463360216353811,0.9988812086628998,0.7434367059853859,0.5364332286468138,1.0145854448638207,6.305116902383112e-05
62,0.4746412634631222,1.0,1.0,0.5596743471069573,0.9556848304206005,0.0016635010942200879
62,0.4240310078747138,0.880664198558142,0.9718406140715667,0.4549782960233428,1.067961290641699,7.26678781370893e-05
62,0.4680331180859444,0.9875560653912063,1.0,0.5353914564754635,0.9674911274667968,0.0001813128545212761
62,0.4739110084544288,1.0,1.0,0.5432240120504572,0.9567827949851879,0.0012914030516042452
62,0.4735190549801676,1.0,1.0,0.5407130551736599,0.9569542376844846,0.0006719416342337858
62,0.47298824645250176,0.9989927965694156,1.0,0.5596743471069573,0.9573554787357261,0.0008485877728438007
62,0.47332258680619926,0.9991759244658855,1.0,0.5448690455561073,0.9573321125011094,0.0006528798977689654
62,0.47337435968801417,1.0,1.0,0.5596743471069573,0.9565746007412084,0.0008897703206078855
62,0.46823999619480106,0.9898393140178623,1.0,0.5344980569667358,0.967063669889518,0.0015519207963625714
62,0.45193293690476805,1.0,1.0,0.5596743471069573,1.001958149312145,0.04627331889154451
62,0.4692810007270305,1.0,0.9997184061407157,0.5596743471069573,0.9649184356703517,0.009194079277404454
62,0.4684576567210788,0.988812086628997,1.0,0.5596743471069573,0.9666143409397977,0.001704129923502884
62,0.47781126582172545,1.0,1.0,0.5596743471069573,0.9556848304206005,0.00799288274367127
62,0.4630602780842962,0.9787429645950942,1.0,0.5432240120504572,0.9778810892001175,0.003723177741612016
62,0.4691029503261997,0.9898393140178623,1.0,0.5515632197067035,0.9652846753491993,0.0007719854595733544
62,0.4238130229824115,0.8814922728847363,0.9746565526644101,0.43747424542034696,1.0684378828694374,0.002138363138075805
62,0.44621966506646643,0.9989636162163112,0.7434367059853859,0.519368065906846,1.0215986391661076,0.006811697864393063
62,0.499006720830709,1.0,1.0,0.5596743471069573,0.9556848304206005,0.048246372647915314
62,0.473479384369154,0.988812086628997,1.0,0.5580293136013073,0.9650006843991688,0.008638265952551683
62,0.47319261753121517,0.9990843605176506,1.0,0.5596743471069573,0.9569419985497741,0.0005099088544566754
62,0.4746412634631222,1.0,0.7716555395063348,0.5425040723580454,1.0034372542010253,0.049415924874644857
62,0.49938572609939574,1.0,1.0,0.5596743471069573,0.9556848304206005,0.04893506665305325
62,0.4193973131693753,0.8725176282099789,1.0,0.4298020058831213,1.0796871481475192,0.012344457310694112
62,0.42967910153692296,0.8946438372986888,0.9746565526644101,0.4593288469886914,1.0544721490217328,0.0006208274128336466
62,0.4798427285119987,1.0,1.0,0.5596743471069573,0.9556848304206005,0.012005032381816272
63,0.4741892326935661,1.0,1.0,0.5596743471069573,0.9556848304206005,0.0007540603793618761
63,0.44811868807694466,0.99925748435436,0.7462839327848164,0.5437044480205393,1.0104865097436504,5.4073124431397446e-06
63,0.47337435968801417,0.9996234007227686,0.9974656552664409,0.5536138534631249,0.9567612982137099,0.00018669747250155133
63,0.4692810007270305,0.9908465174484467,1.0,0.5317006913956001,0.9649184356703517,4.878330149860055e-05
63,0.47364834005673945,0.999908436051765,1.0,0.5596743471069573,0.9560212732213873,0.0002617784587626293
63,0.4692810007270305,0.9908465174484467,1.0,0.5317006913956001,0.9649184356703517,4.878330149860055e-05
63,0.47442955039962886,0.999898262279739,1.0,0.5596743471069573,0.9557677916447332,0.0013207325600066433
63,0.4744778929039439,1.0,1.0,0.5596743471069573,0.9556848304206005,0.0013350158264288092
63,0.47301269661847395,0.9990843605176506,1.0,0.5432240120504572,0.9575159841402068,0.00020999139178567994
63,0.4735190549801676,1.0,0.9997184061407157,0.5596743471069573,0.9562822960502508,0.0005579396573035522
63,0.4739231920379352,1.0,1.0,0.5535552929639445,0.9560882043225717,0.0006213760932638479
63,0.4731775711163869,0.9989826227973896,1.0,0.5481951460919715,0.9572658827979688,0.0002934547707104107
63,0.47319261753121517,0.9990843605176506,1.0,0.5596743471069573,0.9569419985497741,0.0005099088544566754
63,0.46846862194623456,0.988812086628997,1.0,0.5317006913956001,0.9665917158516529,8.316032027655407e-05
63,0.46846862194623456,0.988812086628997,1.0,0.5317006913956001,0.9665917158516529,8.316032027655407e-05
63,0.4463360216353811,0.9988812086628998,0.7434367059853859,0.5364332286468138,1.0145854448638207,6.305116902383112e-05
63,0.4746412634631222,1.0,1.0,0.5596743471069573,0.9556848304206005,0.0016635010942200879
63,0.4240310078747138,0.880664198558142,0.9718406140715667,0.4549782960233428,1.067961290641699,7.26678781370893e-05
63,0.4680331180859444,0.9875560653912063,1.0,0.5353914564754635,0.9674911274667968,0.0001813128545212761
63,0.47337435968801417,1.0,1.0,0.5596743471069573,0.9565746007412084,0.0008897703206078855
63,0.4711343501127014,0.9926775051859513,1.0,0.544829337880223,0.9625860253161171,0.0014633879902260505
63,0.44215804945556686,0.9906430743665018,0.7434367059853859,0.5167640872353038,1.0292027997691404,0.005094136340504596
63,0.47873093066813766,1.0,1.0,0.5596743471069573,0.9556848304206005,0.009813443964709179
63,0.5080705211363421,1.0,1.0,0.5596743471069573,0.9556848304206005,0.064434757158631
63,0.419223890432851,0.8698035967597361,0.9741215243317699,0.43857813873444756,1.080133788483741,0.0029539138611269777
63,0.4992073679257582,1.0,1.0,0.5596743471069573,0.9556848304206005,0.04861110061833729
63,0.4478181407637501,0.9960433087220047,0.7690930353868473,0.5359599749216923,1.0111646846034867,0.0014817685894885635
63,0.4027599998045211,0.8919468270049228,0.7209404854492265,0.4494780020452862,1.147375732945644,0.02308859129366958
63,0.47817478806441777,1.0,1.0,0.5596743471069573,0.9556848304206005,0.008713345449107956
63,0.4694437542912761,0.991467673979782,0.9974656552664409,0.5284375633229034,0.9650097410987215,0.0004258373352096223
63,0.4758952605598123,1.0,1.0,0.5535552929639445,0.9560882043225717,0.004580747425251719
63,0.4725463532485469,0.9989826227973896,1.0,0.5481951460919715,0.9582507324521473,0.0009848496541785545
63,0.47874742850041774,1.0,1.0,0.5596743471069573,0.9556848304206005,0.009846039079650204
63,0.42390078211177573,0.8803252592086337,0.9698131382847195,0.5317006913956001,1.0701143850459949,0.0018976982255292096
63,0.46820557917661115,0.988812086628997,1.0,0.5213694104821128,0.9671347571412009,2.3293638974353215e-06
63,0.47364834005673945,1.0,1.0,0.5596743471069573,0.9560212732213873,0.0003364428007868181
63,0.4744332421555971,1.0,0.9974656552664409,0.5596743471069573,0.956041367587372,0.0016017354392642291
63,0.47923666784149166,1.0,1.0,0.5596743471069573,0.9556848304206005,0.010811619506032044
63,0.49832103955353796,1.0,1.0,0.5596743471069573,0.9556848304206005,0.04699775276225171
63,0.47337435968801417,1.0,0.9977190897397968,0.5542199028275081,0.9565746007412084,0.00019722186131587716
64,0.4741892326935661,1.0,1.0,0.5596743471069573,0.9556848304206005,0.0007540603793618761
64,0.47337435968801417,0.9996234007227686,0.9974656552664409,0.5536138534631249,0.9567612982137099,0.00018669747250155133
64,0.4692810007270305,0.9908465174484467,1.0,0.5317006913956001,0.9649184356703517,4.878330149860055e-05
64,0.47364834005673945,0.999908436051765,1.0,0.5596743471069573,0.9560212732213873,0.0002617784587626293
64,0.4692810007270305,0.9908465174484467,1.0,0.5317006913956001,0.9649184356703517,4.878330149860055e-05
64,0.46820557917661115,0.988812086628997,1.0,0.5213694104821128,0.9671347571412009,2.3293638974353215e-06
64,0.47337435968801417,1.0,0.9977190897397968,0.5542199028275081,0.9565746007412084,0.00019722186131587716
64,0.47442955039962886,0.999898262279739,1.0,0.5596743471069573,0.9557677916447332,0.0013207325600066433
64,0.4744778929039439,1.0,1.0,0.5596743471069573,0.9556848304206005,0.0013350158264288092
64,0.47364834005673945,1.0,1.0,0.5596743471069573,0.9560212732213873,0.0003364428007868181
64,0.46846862194623456,0.988812086628997,1.0,0.5317006913956001,0.9665917158516529,8.316032027655407e-05
64,0.46846862194623456,0.988812086628997,1.0,0.5317006913956001,0.9665917158516529,8.316032027655407e-05
64,0.44811868807694466,0.99925748435436,0.7462839327848164,0.5437044480205393,1.0104865097436504,5.4073124431397446e-06
64,0.47301269661847395,0.9990843605176506,1.0,0.5432240120504572,0.9575159841402068,0.00020999139178567994
64,0.4731775711163869,0.9989826227973896,1.0,0.5481951460919715,0.9572658827979688,0.0002934547707104107
64,0.4746412634631222,1.0,1.0,0.5596743471069573,0.9556848304206005,0.0016635010942200879
64,0.4463360216353811,0.9988812086628998,0.7434367059853859,0.5364332286468138,1.0145854448638207,6.305116902383112e-05
64,0.4680331180859444,0.9875560653912063,1.0,0.5353914564754635,0.9674911274667968,0.0001813128545212761
64,0.4744332421555971,1.0,0.9974656552664409,0.5596743471069573,0.956041367587372,0.0016017354392642291
64,0.4739231920379352,1.0,1.0,0.5535552929639445,0.9560882043225717,0.0006213760932638479
64,0.47364834005673945,0.999908436051765,1.0,0.5596743471069573,0.9560212732213873,0.0002617784587626293
64,0.4514565553737818,0.9994141434723355,0.7691211947727757,0.5453014379291811,1.0035500555580363,0.0005346298581314635
64,0.47007302174364174,0.9891507347513112,1.0,0.538244788831953,0.9658475961418911,0.002554941240463293
64,0.47316791160007404,1.0,1.0,0.5306041706564416,0.9576551234057253,0.0006631592042393164
64,0.4684652466054836,0.9895542786888658,0.9974656552664409,0.5339447120516149,0.9665986802453294,0.0004015184947075978
64,0.45151858435055886,1.0,0.7716555395063348,0.5539876853370184,1.0028776328768267,0.00361088960410183
64,0.4739582036862525,0.9990846517448446,1.0,0.5568769815358215,0.9566131333700049,0.001216886192439759
64,0.4731999157952465,0.999898262279739,1.0,0.5432240120504572,0.9569272394276352,6.304529240763745e-05
64,0.4744778929039439,0.980573952332599,1.0,0.5065244012553786,0.974570185607097,0.020220371012925287
64,0.47376554064724885,0.9991667680710621,1.0,0.5493430661934701,0.9570412266182419,0.0012564548894948846
64,0.46339846173474836,0.977951484830591,1.0,0.5049692531932176,0.9771674411778469,0.00041901672616528884
64,0.4434569417774903,0.9892707698738687,0.7462839327848164,0.5185281578803178,1.0286384225088787,0.00752938937447456
64,0.47979770858805515,1.0,0.9977190897397968,0.5437044480205393,0.9571074213834204,0.013339076876227152
64,0.4793216905274742,1.0,1.0,0.5596743471069573,0.9556848304206005,0.010979222307501146
64,0.47212278529095986,0.9968011118909945,1.0,0.545762445064835,0.9591854680523044,7.503486681681437e-05
64,0.4777380072617549,1.0,1.0,0.5596743471069573,0.9556848304206005,0.007847559268917559
64,0.47269486438539876,0.9975427798716976,0.7434367059853859,0.5596743471069573,1.0061202856990021,0.048170616186367754
64,0.44474533760193524,0.988143822547921,0.7716555395063348,0.5173277822178238,1.0219678030786743,0.003816850671386929
64,0.46777278558729823,1.0,0.9977190897397968,0.5197454598651481,0.968029571322133,0.00918990673923581
64,0.44192085766777944,0.9891510259785053,0.7457176162455891,0.5167113827860415,1.029650868995982,0.004992536639069067
65,0.4741892326935661,1.0,1.0,0.5596743471069573,0.9556848304206005,0.0007540603793618761
65,0.47337435968801417,0.9996234007227686,0.9974656552664409,0.5536138534631249,0.9567612982137099,0.00018669747250155133
65,0.4692810007270305,0.9908465174484467,1.0,0.5317006913956001,0.9649184356703517,4.878330149860055e-05
65,0.47364834005673945,0.999908436051765,1.0,0.5596743471069573,0.9560212732213873,0.0002617784587626293
65,0.4692810007270305,0.9908465174484467,1.0,0.5317006913956001,0.9649184356703517,4.878330149860055e-05
65,0.46820557917661115,0.988812086628997,1.0,0.5213694104821128,0.9671347571412009,2.3293638974353215e-06
65,0.47337435968801417,1.0,0.9977190897397968,0.5542199028275081,0.9565746007412084,0.00019722186131587716
65,0.47364834005673945,0.999908436051765,1.0,0.5596743471069573,0.9560212732213873,0.0002617784587626293
65,0.4731999157952465,0.999898262279739,1.0,0.5432240120504572,0.9569272394276352,6.304529240763745e-05
65,0.47442955039962886,0.999898262279739,1.0,0.5596743471069573,0.9557677916447332,0.0013207325600066433
65,0.4744778929039439,1.0,1.0,0.5596743471069573,0.9556848304206005,0.0013350158264288092
65,0.44811868807694466,0.99925748435436,0.7462839327848164,0.5437044480205393,1.0104865097436504,5.4073124431397446e-06
65,0.47364834005673945,1.0,1.0,0.5596743471069573,0.9560212732213873,0.0003364428007868181
65,0.47301269661847395,0.9990843605176506,1.0,0.5432240120504572,0.9575159841402068,0.00020999139178567994
65,0.4731775711163869,0.9989826227973896,1.0,0.5481951460919715,0.9572658827979688,0.0002934547707104107
65,0.47212278529095986,0.9968011118909945,1.0,0.545762445064835,0.9591854680523044,7.503486681681437e-05
65,0.4746412634631222,1.0,1.0,0.5596743471069573,0.9556848304206005,0.0016635010942200879
65,0.4463360216353811,0.9988812086628998,0.7434367059853859,0.5364332286468138,1.0145854448638207,6.305116902383112e-05
65,0.46846862194623456,0.988812086628997,1.0,0.5317006913956001,0.9665917158516529,8.316032027655407e-05
65,0.4739231920379352,1.0,1.0,0.5535552929639445,0.9560882043225717,0.0006213760932638479
65,0.4732592789503267,0.9994232998671588,1.0,0.5486784563299064,0.9568785009772651,7.129346980816464e-05
65,0.46995475765383066,0.9907447797281856,1.0,0.5355311850580845,0.9647178413055577,0.0011827738591863035
65,0.4756344433574589,0.9908465174484467,1.0,0.5596743471069573,0.9632171534061207,0.011187931283698882
65,0.4778616620947009,1.0,1.0,0.5596743471069573,0.9556848304206005,0.008092828283939979
65,0.4499250557124401,0.999331735918924,0.7716555395063348,0.5453014379291811,1.0064295893741937,0.003473957287804197
65,0.4740720321030567,1.0,1.0,0.5596743471069573,0.9556848304206005,0.0005179813822274726
65,0.47240180430614176,0.99721256465013,1.0,0.5471536352690471,0.9587630061450024,0.0002190611598397174
65,0.4724981606589118,0.9998168721035301,1.0,0.5448690455561073,0.9583484695187942,0.001530620130364535
65,0.47301269661847395,0.9990019529642391,1.0,0.5432240120504572,0.9575820370881073,0.0002760443396861989
65,0.472754708990995,0.999908436051765,1.0,0.5596743471069573,0.9578284055274398,0.0020689107648150795
65,0.47012131649534505,0.9917618657036019,1.0,0.5493033585175858,0.963193697509251,0.00012931796707271737
65,0.47419309568958323,0.99925748435436,1.0,0.5437044480205393,0.9573449019361898,0.0024219112021302003
65,0.49144530872804987,0.9893979431566615,1.0,0.5460736005733763,0.9651905549608142,0.04379018524961098
65,0.4688923139925518,0.9896453185579349,1.0,0.5420319723090873,0.9657183016178347,0.0004953792510636879
65,0.4744778929039439,1.0,1.0,0.5596743471069573,0.9556848304206005,0.0013350158264288092
65,0.4790336282219989,1.0,1.0,0.5596743471069573,0.9556848304206005,0.01041113259757731
65,0.47793646375004967,1.0,1.0,0.5596743471069573,0.9556848304206005,0.008241135549827638
65,0.468387369661286,0.9908465174484467,1.0,0.5364332286468138,0.9667593928439134,0.002178453794029367
65,0.47503737377873256,1.0,1.0,0.5596743471069573,0.9556848304206005,0.0024590125843096944
65,0.4689865937572851,0.9899217215712738,1.0,0.5344980569667358,0.9655241645245938,7.901347584227114e-05
66,0.47337435968801417,0.9996234007227686,0.9974656552664409,0.5536138534631249,0.9567612982137099,0.00018669747250155133
66,0.4692810007270305,0.9908465174484467,1.0,0.5317006913956001,0.9649184356703517,4.878330149860055e-05
66,0.47364834005673945,0.999908436051765,1.0,0.5596743471069573,0.9560212732213873,0.0002617784587626293
66,0.4692810007270305,0.9908465174484467,1.0,0.5317006913956001,0.9649184356703517,4.878330149860055e-05
66,0.46820557917661115,0.988812086628997,1.0,0.5213694104821128,0.9671347571412009,2.3293638974353215e-06
66,0.47337435968801417,1.0,0.9977190897397968,0.5542199028275081,0.9565746007412084,0.00019722186131587716
66,0.47364834005673945,0.999908436051765,1.0,0.5596743471069573,0.9560212732213873,0.0002617784587626293
66,0.4731999157952465,0.999898262279739,1.0,0.5432240120504572,0.9569272394276352,6.304529240763745e-05
66,0.4732592789503267,0.9994232998671588,1.0,0.5486784563299064,0.9568785009772651,7.129346980816464e-05
66,0.4740720321030567,1.0,1.0,0.5596743471069573,0.9556848304206005,0.0005179813822274726
66,0.44811868807694466,0.99925748435436,0.7462839327848164,0.5437044480205393,1.0104865097436504,5.4073124431397446e-06
66,0.47364834005673945,1.0,1.0,0.5596743471069573,0.9560212732213873,0.0003364428007868181
66,0.47301269661847395,0.9990843605176506,1.0,0.5432240120504572,0.9575159841402068,0.00020999139178567994
66,0.4731775711163869,0.9989826227973896,1.0,0.5481951460919715,0.9572658827979688,0.0002934547707104107
66,0.47212278529095986,0.9968011118909945,1.0,0.545762445064835,0.9591854680523044,7.503486681681437e-05
66,0.4741892326935661,1.0,1.0,0.5596743471069573,0.9556848304206005,0.0007540603793618761
66,0.4463360216353811,0.9988812086628998,0.7434367059853859,0.5364332286468138,1.0145854448638207,6.305116902383112e-05
66,0.4744778929039439,1.0,1.0,0.5596743471069573,0.9556848304206005,0.0013350158264288092
66,0.4744778929039439,1.0,1.0,0.5596743471069573,0.9556848304206005,0.0013350158264288092
66,0.4689865937572851,0.9899217215712738,1.0,0.5344980569667358,0.9655241645245938,7.901347584227114e-05
66,0.447715106241601,0.9996234007227686,0.7462839327848164,0.5288991464696893,1.0162410221580425,0.004843634059839896
66,0.472811381687824,0.999480969880443,1.0,0.5497780454076115,0.9577135971263981,0.0009548200354201342
66,0.4487932731087917,0.999908436051765,0.7668121251266442,0.5333028962133789,1.008967638776366,0.0007362518374420812
66,0.4484688430727161,0.999776514473917,0.7462839327848164,0.553600749719885,1.0096975432318787,0.0036596342901078494
66,0.46820557917661115,0.9998149390868452,1.0,0.5456775170779493,0.9671347571412009,0.01036998026492808
66,0.47337435968801417,1.0,1.0,0.5596743471069573,0.9565746007412084,0.0008897703206078855
66,0.4987088244873949,1.0,1.0,0.5596743471069573,0.9556848304206005,0.047704327701971305
66,0.4922576875088458,0.9915147815295227,1.0,0.5460736005733763,0.9634585433705217,0.0435787717656444
66,0.4510953453212414,0.9994141434723355,0.7716555395063348,0.5486784563299064,1.003818580193895,0.002154382143746858
66,0.44861882921602403,0.9989737576297603,0.7690930353868473,0.522307005436328,1.012394615479648,0.00303464309905066
66,0.47522449046642784,1.0,1.0,0.5596743471069573,0.9556848304206005,0.0028343393211720525
66,0.4685227128360245,0.991660127983341,1.0,0.5180477219102357,0.9664801229567304,0.0013986904644025522
66,0.47301269661847395,0.9987550357860828,1.0,0.5343055471521302,0.9583833578472511,0.001077365098830052
66,0.45134192765309417,0.999331735918924,0.7737083587405176,0.5481951460919715,1.003270162441084,0.0018862872370306594
66,0.45101322459460313,1.0,0.7434367059853859,0.5596743471069573,1.0041118335087003,0.00011047749684589547
66,0.47299303684632865,0.9999175924465885,0.9977190897397968,0.5542199028275081,0.9573457828006732,0.0009016265431749382
66,0.47440945834815434,0.9995148638153938,1.0,0.5596743471069573,0.956080582654471,0.0015931011054302058
66,0.47302043488320117,0.999908436051765,0.9979471807658171,0.554765347255453,0.9572903319299133,0.0009093644169382298
66,0.4728744190326603,0.9994131260951328,1.0,0.5338731547790564,0.9578912474951347,0.0003053200411039514
66,0.4689865937572851,1.0,0.9974656552664409,0.5596743471069573,0.9655241645245938,0.00948279693722176
67,0.47337435968801417,0.9996234007227686,0.9974656552664409,0.5536138534631249,0.9567612982137099,0.00018669747250155133
67,0.4692810007270305,0.9908465174484467,1.0,0.5317006913956001,0.9649184356703517,4.878330149860055e-05
67,0.47364834005673945,0.999908436051765,1.0,0.5596743471069573,0.9560212732213873,0.0002617784587626293
67,0.4692810007270305,0.9908465174484467,1.0,0.5317006913956001,0.9649184356703517,4.878330149860055e-05
67,0.46820557917661115,0.988812086628997,1.0,0.5213694104821128,0.9671347571412009,2.3293638974353215e-06
67,0.47337435968801417,1.0,0.9977190897397968,0.5542199028275081,0.9565746007412084,0.00019722186131587716
67,0.47364834005673945,0.999908436051765,1.0,0.5596743471069573,0.9560212732213873,0.0002617784587626293
67,0.4731999157952465,0.999898262279739,1.0,0.5432240120504572,0.9569272394276352,6.304529240763745e-05
67,0.4732592789503267,0.9994232998671588,1.0,0.5486784563299064,0.9568785009772651,7.129346980816464e-05
67,0.4740720321030567,1.0,1.0,0.5596743471069573,0.9556848304206005,0.0005179813822274726
67,0.44811868807694466,0.99925748435436,0.7462839327848164,0.5437044480205393,1.0104865097436504,5.4073124431397446e-06
67,0.47364834005673945,1.0,1.0,0.5596743471069573,0.9560212732213873,0.0003364428007868181
67,0.47301269661847395,0.9990843605176506,1.0,0.5432240120504572,0.9575159841402068,0.00020999139178567994
67,0.4731775711163869,0.9989826227973896,1.0,0.5481951460919715,0.9572658827979688,0.0002934547707104107
67,0.47212278529095986,0.9968011118909945,1.0,0.545762445064835,0.9591854680523044,7.503486681681437e-05
67,0.4741892326935661,1.0,1.0,0.5596743471069573,0.9556848304206005,0.0007540603793618761
67,0.4463360216353811,0.9988812086628998,0.7434367059853859,0.5364332286468138,1.0145854448638207,6.305116902383112e-05
67,0.4744778929039439,1.0,1.0,0.5596743471069573,0.9556848304206005,0.0013350158264288092
67,0.4744778929039439,1.0,1.0,0.5596743471069573,0.9556848304206005,0.0013350158264288092
67,0.4689865937572851,0.9899217215712738,1.0,0.5344980569667358,0.9655241645245938,7.901347584227114e-05
67,0.4723989956004838,0.9978433385157486,1.0,0.5455086017633972,0.9585496441247059,0.00018825981682346615
67,0.4731022794468358,0.9993317359189239,1.0,0.5317006913956001,0.9581060591138126,0.0009813340996268627
67,0.47302280608078195,0.9993215621468979,1.0,0.5383471754164192,0.9576567705841598,0.0003712374176151334
67,0.47576793690842506,1.0,1.0,0.5596743471069573,0.9556848304206005,0.003922733825895808
67,0.4697177346600014,0.9918442732570134,1.0,0.5344980569667358,0.9640212742659302,0.00012670147154869582
67,0.4739984950525109,1.0,1.0,0.5542199028275081,0.9560441073988435,0.0007290719137995616
67,0.4686292712229284,0.9896453185579349,1.0,0.5317006913956001,0.9662603616891755,0.00042385847544201827
67,0.4691326136789088,0.9909380813966816,1.0,0.5272266707582371,0.9652236401985966,0.000150704821364811
67,0.47550790935048903,1.0,1.0,0.5596743471069573,0.9556848304206005,0.0034022706152392335
67,0.47529716796807253,1.0,1.0,0.5596743471069573,0.9556848304206005,0.0029800393119470137
67,0.4778294735766496,1.0,0.9977190897397968,0.5596743471069573,0.9560056323618523,0.008349796611133109
67,0.46853440316454653,0.9907641098950352,1.0,0.5317006913956001,0.9664560084625823,0.0015201007535915467
67,0.44914609850914455,0.99621525536333,0.7716555395063348,0.5313895358870587,1.0104918866674992,0.002316839458739839
67,0.47112960539662313,0.9968011118909945,0.9979471807658171,0.5481951460919715,0.9611323167303873,0.001791404084754089
67,0.4463043139452152,0.9902606609207821,0.7716555395063348,0.5173277822178238,1.0202892284260294,0.005694757987520838
67,0.4778518182555092,1.0,0.9977190897397968,0.5596743471069573,0.9560056323618523,0.008394109648074743
67,0.4786203618994007,0.9988812086628998,1.0,0.5596743471069573,0.9565980689276177,0.010508171428965096
67,0.4497140809614276,0.9983143587163136,0.7716555395063348,0.5338222369141953,1.007940642267453,0.0010389057212079056
67,0.47768628792643775,1.0,0.9977190897397968,0.5596743471069573,0.9560056323618523,0.00806573839099034
67,0.4689865937572851,1.0,1.0,0.5596743471069573,0.9655241645245938,0.009839334103993291
68,0.47337435968801417,0.9996234007227686,0.9974656552664409,0.5536138534631249,0.9567612982137099,0.00018669747250155133
68,0.4692810007270305,0.9908465174484467,1.0,0.5317006913956001,0.9649184356703517,4.878330149860055e-05
68,0.47364834005673945,0.999908436051765,1.0,0.5596743471069573,0.9560212732213873,0.0002617784587626293
68,0.4692810007270305,0.9908465174484467,1.0,0.5317006913956001,0.9649184356703517,4.878330149860055e-05
68,0.46820557917661115,0.988812086628997,1.0,0.5213694104821128,0.9671347571412009,2.3293638974353215e-06
68,0.47337435968801417,1.0,0.9977190897397968,0.5542199028275081,0.9565746007412084,0.00019722186131587716
68,0.47364834005673945,0.999908436051765,1.0,0.5596743471069573,0.9560212732213873,0.0002617784587626293
68,0.4731999157952465,0.999898262279739,1.0,0.5432240120504572,0.9569272394276352,6.304529240763745e-05
68,0.4732592789503267,0.9994232998671588,1.0,0.5486784563299064,0.9568785009772651,7.129346980816464e-05
68,0.4740720321030567,1.0,1.0,0.5596743471069573,0.9556848304206005,0.0005179813822274726
68,0.44811868807694466,0.99925748435436,0.7462839327848164,0.5437044480205393,1.0104865097436504,5.4073124431397446e-06
68,0.47364834005673945,1.0,1.0,0.5596743471069573,0.9560212732213873,0.0003364428007868181
68,0.47301269661847395,0.9990843605176506,1.0,0.5432240120504572,0.9575159841402068,0.00020999139178567994
68,0.4731775711163869,0.9989826227973896,1.0,0.5481951460919715,0.9572658827979688,0.0002934547707104107
68,0.47212278529095986,0.9968011118909945,1.0,0.545762445064835,0.9591854680523044,7.503486681681437e-05
68,0.4723989956004838,0.9978433385157486,1.0,0.5455086017633972,0.9585496441247059,0.00018825981682346615
68,0.4741892326935661,1.0,1.0,0.5596743471069573,0.9556848304206005,0.0007540603793618761
68,0.4463360216353811,0.9988812086628998,0.7434367059853859,0.5364332286468138,1.0145854448638207,6.305116902383112e-05
68,0.4744778929039439,1.0,1.0,0.5596743471069573,0.9556848304206005,0.0013350158264288092
68,0.4744778929039439,1.0,1.0,0.5596743471069573,0.9556848304206005,0.0013350158264288092
68,0.4671614038753449,0.9879675181503417,1.0,0.5191799795576899,0.9692964473319231,0.0013570712051252931
68,0.4739081342460794,0.999908436051765,1.0,0.5317006913956001,0.9576505357467155,0.002153348847542036
68,0.44973752785568694,0.9993320271461181,0.7713739456470505,0.5442117847722773,1.0068492421088644,0.00342447792923517
68,0.45046981134528397,0.999229998198663,0.7737083587405176,0.5317006913956001,1.0074100947380318,0.0021975862266330193
68,0.49323531407864335,0.9924301297846779,1.0,0.5488709661445119,0.9625433065616611,0.04448680040077746
68,0.4729168622192825,0.999480969880443,1.0,0.5542199028275081,0.9574999863481268,0.0010351091313187677
68,0.49780573458964467,1.0,1.0,0.5596743471069573,0.9556848304206005,0.04605712285731822
68,0.47594303967617074,1.0,1.0,0.5596743471069573,0.9556848304206005,0.004272893746529172
68,0.4697177346600014,0.9917527093087785,1.0,0.5344980569667358,0.9640212742659302,5.298956667787458e-05
68,0.4790877174856816,1.0,1.0,0.5596743471069573,0.9556848304206005,0.010517854511583935
68,0.47354285952528097,0.99925748435436,1.0,0.5596743471069573,0.9562906972318157,5.6472574790356056e-05
68,0.47882265347098635,1.0,1.0,0.5596743471069573,0.9556848304206005,0.009994634169245287
68,0.47246763230564953,0.9996613518776858,1.0,0.5531302496706043,0.9584103929153687,0.0020198075079759237
68,0.4732592789503267,0.9997622392166672,1.0,0.5492239007578513,0.956807207507457,0.0002383058608166344
68,0.46926931039850844,0.991660127983341,1.0,0.5180477219102357,0.9650814324923278,0.00013895899713645132
68,0.47464411119749567,1.0,1.0,0.5596743471069573,0.9556848304206005,0.0016692249602973108
68,0.47245331823276254,1.0,1.0,0.5596743471069573,0.9584394301888122,0.002754599768211685
68,0.46915898111273563,0.9896361621631115,1.0,0.5361747120329629,0.9655759791024762,0.00040658591061148996
68,0.4686530955534922,0.9905075780989383,0.9977190897397968,0.5262462471161509,0.9662112411212397,0.00033598261190481704
68,0.4744778929039439,0.9990754953500213,0.7690930353868473,0.5387573404928281,1.006235274477109,0.05188545988293736
69,0.4692810007270305,0.9908465174484467,1.0,0.5317006913956001,0.9649184356703517,4.878330149860055e-05
69,0.47364834005673945,0.999908436051765,1.0,0.5596743471069573,0.9560212732213873,0.0002617784587626293
69,0.4692810007270305,0.9908465174484467,1.0,0.5317006913956001,0.9649184356703517,4.878330149860055e-05
69,0.46820557917661115,0.988812086628997,1.0,0.5213694104821128,0.9671347571412009,2.3293638974353215e-06
69,0.47364834005673945,0.999908436051765,1.0,0.5596743471069573,0.9560212732213873,0.0002617784587626293
69,0.4740720321030567,1.0,1.0,0.5596743471069573,0.9556848304206005,0.0005179813822274726
69,0.4697177346600014,0.9917527093087785,1.0,0.5344980569667358,0.9640212742659302,5.298956667787458e-05
69,0.47354285952528097,0.99925748435436,1.0,0.5596743471069573,0.9562906972318157,5.6472574790356056e-05
69,0.44811868807694466,0.99925748435436,0.7462839327848164,0.5437044480205393,1.0104865097436504,5.4073124431397446e-06
69,0.47364834005673945,1.0,1.0,0.5596743471069573,0.9560212732213873,0.0003364428007868181
69,0.4741892326935661,1.0,1.0,0.5596743471069573,0.9556848304206005,0.0007540603793618761
69,0.47337435968801417,0.9996234007227686,0.9974656552664409,0.5536138534631249,0.9567612982137099,0.00018669747250155133
69,0.47337435968801417,1.0,0.9977190897397968,0.5542199028275081,0.9565746007412084,0.00019722186131587716
69,0.4731999157952465,0.999898262279739,1.0,0.5432240120504572,0.9569272394276352,6.304529240763745e-05
69,0.4732592789503267,0.9994232998671588,1.0,0.5486784563299064,0.9568785009772651,7.129346980816464e-05
69,0.4744778929039439,1.0,1.0,0.5596743471069573,0.9556848304206005,0.0013350158264288092
69,0.4744778929039439,1.0,1.0,0.5596743471069573,0.9556848304206005,0.0013350158264288092
69,0.4463360216353811,0.9988812086628998,0.7434367059853859,0.5364332286468138,1.0145854448638207,6.305116902383112e-05
69,0.47212278529095986,0.9968011118909945,1.0,0.545762445064835,0.9591854680523044,7.503486681681437e-05
69,0.4732592789503267,0.9997622392166672,1.0,0.5492239007578513,0.956807207507457,0.0002383058608166344
69,0.47544503139225835,1.0,1.0,0.5596743471069573,0.9556848304206005,0.003276330540278427
69,0.47216252639207124,0.9992093151621593,1.0,0.5392730546157111,0.9590297065236055,0.0013465363555755783
69,0.47482804789971533,1.0,1.0,0.5596743471069573,0.9556848304206005,0.0020387871307315786
69,0.4744778929039439,1.0,1.0,0.5596743471069573,0.9556848304206005,0.0013350158264288092
69,0.4687941973538865,0.9908465174484467,1.0,0.5596743471069573,0.9659204223650305,0.0027032689589098213
69,0.4544967781402037,1.0,0.7716555395063348,0.5596743471069573,0.9972092979961398,0.0009032495069026814
69,0.4697177346600014,0.9917527093087785,1.0,0.526823854761562,0.964447549890248,0.00042627562431774013
69,0.47729322738676394,1.0,0.9977190897397968,0.5596743471069573,0.9560056323618523,0.007285090889323831
69,0.44811868807694466,0.9916065124736806,1.0,0.5240476106176298,1.0104865097436504,0.045746769276944765
69,0.47253282964721754,0.9989551366416926,0.9974656552664409,0.5536138534631249,0.9582781570034985,0.0009749965633679691
69,0.45101322459460313,1.0,0.7434367059853859,0.5596743471069573,1.0041118335087003,0.00011047749684589547
69,0.44143753684326564,0.9888944941824085,0.7434367059853859,0.5019587856844537,1.0366376970129976,0.010857487453571846
69,0.49897602419844594,1.0,1.0,0.5596743471069573,0.9556848304206005,0.048190547711980614
69,0.4737538205881979,1.0,1.0,0.5596743471069573,0.9558084166123431,0.00012358619174257512
69,0.4694437542912761,0.991467673979782,0.9974656552664409,0.5284375633229034,0.9650097410987215,0.0004258373352096223
69,0.4952520275493531,0.9976977008347361,1.0,0.5596743471069573,0.9575663630237958,0.043248270470768624
69,0.4939097601328112,0.9925310171236594,1.0,0.544964617231759,0.9626969695820389,0.04589409239715114
69,0.4744756139384004,1.0,1.0,0.5596743471069573,0.9556848304206005,0.0013304319652661656
69,0.44908177420644785,0.9988468909615119,0.7690930353868473,0.5431121956945721,1.008319453329177,0.0035027396060365312
69,0.4732592789503267,1.0,0.7716555395063348,0.5540481970132581,0.9992448232537534,0.04243761574629645
70,0.4692810007270305,0.9908465174484467,1.0,0.5317006913956001,0.9649184356703517,4.878330149860055e-05
70,0.4692810007270305,0.9908465174484467,1.0,0.5317006913956001,0.9649184356703517,4.878330149860055e-05
70,0.46820557917661115,0.988812086628997,1.0,0.5213694104821128,0.9671347571412009,2.3293638974353215e-06
70,0.4740720321030567,1.0,1.0,0.5596743471069573,0.9556848304206005,0.0005179813822274726
70,0.4697177346600014,0.9917527093087785,1.0,0.5344980569667358,0.9640212742659302,5.298956667787458e-05
70,0.47354285952528097,0.99925748435436,1.0,0.5596743471069573,0.9562906972318157,5.6472574790356056e-05
70,0.4737538205881979,1.0,1.0,0.5596743471069573,0.9558084166123431,0.00012358619174257512
70,0.44811868807694466,0.99925748435436,0.7462839327848164,0.5437044480205393,1.0104865097436504,5.4073124431397446e-06
70,0.4741892326935661,1.0,1.0,0.5596743471069573,0.9556848304206005,0.0007540603793618761
70,0.4731999157952465,0.999898262279739,1.0,0.5432240120504572,0.9569272394276352,6.304529240763745e-05
70,0.4732592789503267,0.9994232998671588,1.0,0.5486784563299064,0.9568785009772651,7.129346980816464e-05
70,0.47364834005673945,0.999908436051765,1.0,0.5596743471069573,0.9560212732213873,0.0002617784587626293
70,0.47364834005673945,0.999908436051765,1.0,0.5596743471069573,0.9560212732213873,0.0002617784587626293
70,0.47337435968801417,0.9996234007227686,0.9974656552664409,0.5536138534631249,0.9567612982137099,0.00018669747250155133
70,0.47337435968801417,1.0,0.9977190897397968,0.5542199028275081,0.9565746007412084,0.00019722186131587716
70,0.4744756139384004,1.0,1.0,0.5596743471069573,0.9556848304206005,0.0013304319652661656
70,0.4463360216353811,0.9988812086628998,0.7434367059853859,0.5364332286468138,1.0145854448638207,6.305116902383112e-05
70,0.47212278529095986,0.9968011118909945,1.0,0.545762445064835,0.9591854680523044,7.503486681681437e-05
70,0.47364834005673945,1.0,1.0,0.5596743471069573,0.9560212732213873,0.0003364428007868181
70,0.4732592789503267,0.9997622392166672,1.0,0.5492239007578513,0.956807207507457,0.0002383058608166344
70,0.45029033043323863,0.9908465174484467,0.7716555395063348,0.5453014379291811,1.0098277492759766,0.004214573805434663
70,0.4692810007270305,0.9925774383779006,0.9977190897397968,0.5315612417013088,0.9649184356703517,0.0010440284497399421
70,0.4740038254438215,0.9997622392166672,1.0,0.5492239007578513,0.9565689016466403,0.0012646091190999798
70,0.46963115572280195,0.9910605021534462,1.0,0.5411060931097954,0.9641989965830482,7.32955829687576e-05
70,0.4697322553889323,0.991615668868504,1.0,0.5388529121684799,0.9639914736903537,0.00017974969619294345
70,0.47354285952528097,1.0,1.0,0.5596743471069573,0.9562342246570253,0.0005493942364248605
70,0.4511395739491839,1.0,0.7434367059853859,0.5596743471069573,1.0041118335087003,0.0003916652497595319
70,0.47055469302891684,0.991966694013778,1.0,0.5439034586809312,0.9632204557578076,0.0009138507610353397
70,0.47053448724599245,0.9925774383779006,1.0,0.537015685980758,0.9631478552190861,0.0007999266661176119
70,0.468899677885345,0.9907641098950352,1.0,0.5317006913956001,0.965703135375754,0.0007672276667632927
70,0.47025862729682805,0.9918442732570134,1.0,0.5344980569667358,0.9638945727943815,0.0009821181813371993
70,0.4685495228895735,0.9906325327434471,1.0,0.5222952896814047,0.9664248216864709,0.0007996721582800292
70,0.46910001026039544,0.9900532987228619,1.0,0.5346053058587926,0.9653323861708482,4.166093804780502e-05
70,0.4693759332053431,0.9909289250018581,1.0,0.5317006913956001,0.9648034080485581,8.012958971270745e-05
70,0.47337435968801417,1.0,1.0,0.5542199028275081,0.9565746007412084,0.0005304933423648794
70,0.47321160612376856,0.9990022441914332,1.0,0.5568769815358215,0.956903599276734,0.00022336122260235847
70,0.4721361845733492,0.9969678133719836,1.0,0.5465457006223343,0.9590832135147029,8.305994989354915e-05
70,0.4543894303159497,1.0,0.7690930353868473,0.5596743471069573,0.9978151956709642,0.0012737735589588572
70,0.47472721071784096,1.0,1.0,0.5596743471069573,0.9556848304206005,0.0018362224217000067
70,0.47378565085822244,0.9999908436051765,1.0,0.5448690455561073,0.9566783774385181,0.0009341747589380889
71,0.4692810007270305,0.9908465174484467,1.0,0.5317006913956001,0.9649184356703517,4.878330149860055e-05
71,0.4692810007270305,0.9908465174484467,1.0,0.5317006913956001,0.9649184356703517,4.878330149860055e-05
71,0.46820557917661115,0.988812086628997,1.0,0.5213694104821128,0.9671347571412009,2.3293638974353215e-06
71,0.4740720321030567,1.0,1.0,0.5596743471069573,0.9556848304206005,0.0005179813822274726
71,0.4697177346600014,0.9917527093087785,1.0,0.5344980569667358,0.9640212742659302,5.298956667787458e-05
71,0.47354285952528097,0.99925748435436,1.0,0.5596743471069573,0.9562906972318157,5.6472574790356056e-05
71,0.4737538205881979,1.0,1.0,0.5596743471069573,0.9558084166123431,0.00012358619174257512
71,0.46910001026039544,0.9900532987228619,1.0,0.5346053058587926,0.9653323861708482,4.166093804780502e-05
71,0.44811868807694466,0.99925748435436,0.7462839327848164,0.5437044480205393,1.0104865097436504,5.4073124431397446e-06
71,0.4741892326935661,1.0,1.0,0.5596743471069573,0.9556848304206005,0.0007540603793618761
71,0.4731999157952465,0.999898262279739,1.0,0.5432240120504572,0.9569272394276352,6.304529240763745e-05
71,0.4732592789503267,0.9994232998671588,1.0,0.5486784563299064,0.9568785009772651,7.129346980816464e-05
71,0.47364834005673945,0.999908436051765,1.0,0.5596743471069573,0.9560212732213873,0.0002617784587626293
71,0.47364834005673945,0.999908436051765,1.0,0.5596743471069573,0.9560212732213873,0.0002617784587626293
71,0.47337435968801417,0.9996234007227686,0.9974656552664409,0.5536138534631249,0.9567612982137099,0.00018669747250155133
71,0.47337435968801417,1.0,0.9977190897397968,0.5542199028275081,0.9565746007412084,0.00019722186131587716
71,0.4744756139384004,1.0,1.0,0.5596743471069573,0.9556848304206005,0.0013304319652661656
71,0.4463360216353811,0.9988812086628998,0.7434367059853859,0.5364332286468138,1.0145854448638207,6.305116902383112e-05
71,0.46963115572280195,0.9910605021534462,1.0,0.5411060931097954,0.9641989965830482,7.32955829687576e-05
71,0.47364834005673945,1.0,1.0,0.5596743471069573,0.9560212732213873,0.0003364428007868181
71,0.42763109831443175,1.0,0.5153769681716638,0.5453495785297583,1.1020604887943737,0.0431620812599145
71,0.47421383865982164,1.0,0.9974656552664409,0.5536138534631249,0.9564562515882195,0.0015750309112947392
71,0.4701636856999768,0.991761865703602,1.0,0.5344980569667358,0.9639609128962777,0.0008540144147360929
71,0.46557298669900105,0.9819067283746987,1.0,0.5242343172694212,0.9726034414372308,8.177032152700825e-05
71,0.46541598719551014,0.9821541037759721,1.0,0.5148834599980203,0.9729315312778725,9.371242370603827e-05
71,0.47354285952528097,0.9990928633774664,1.0,0.5571567180929351,0.9565882618547279,0.00035403719770255027
71,0.46543408624217364,0.9818944862990223,1.0,0.5140475541237561,0.9730928683384881,0.00019917084560827636
71,0.45322361201488737,1.0,0.7690930353868473,0.5554687690902738,0.9993544516916033,0.000249645425942413
71,0.47432776420231015,0.999349048302595,1.0,0.5596743471069573,0.9562159355845751,0.0015640612986028701
71,0.4642749737798731,0.980573952332599,1.0,0.49619312034189134,0.9753226313586182,0.00016173008136666223
71,0.47278403332528074,0.9982914330192598,0.9979471807658171,0.5548725961475098,0.9577689964139485,8.179131465546607e-05
71,0.47902727600377054,1.0,1.0,0.5596743471069573,0.9556848304206005,0.010398597643718976
71,0.47364834005673945,0.9821084710040219,1.0,0.5185439559864472,0.9726703650059811,0.01664909178459384
71,0.47364834005673945,0.9920916486582867,1.0,0.539952501246185,0.9633592440645928,0.007337970843205532
71,0.47337435968801417,1.0,1.0,0.5596743471069573,0.9565746007412084,0.0008897703206078855
71,0.4891711998552899,0.9817734507704888,1.0,0.5255749884987964,0.9725575191848774,0.046873649642815596
71,0.47325646916190806,0.99925748435436,1.0,0.5596743471069573,0.9568128882027671,0.0005221909709514083
71,0.4876447211013622,0.9820577890879736,1.0,0.5130836585336896,0.9730162238511625,0.04443467758736663
71,0.46781251863693735,0.9879965139546983,1.0,0.5188517814680906,0.9679473529859514,1.1072625792252211e-05
71,0.49680213655301925,1.0,1.0,0.5596743471069573,0.9556848304206005,0.04421956920695136
72,0.4692810007270305,0.9908465174484467,1.0,0.5317006913956001,0.9649184356703517,4.878330149860055e-05
72,0.4692810007270305,0.9908465174484467,1.0,0.5317006913956001,0.9649184356703517,4.878330149860055e-05
72,0.46820557917661115,0.988812086628997,1.0,0.5213694104821128,0.9671347571412009,2.3293638974353215e-06
72,0.4740720321030567,1.0,1.0,0.5596743471069573,0.9556848304206005,0.0005179813822274726
72,0.4697177346600014,0.9917527093087785,1.0,0.5344980569667358,0.9640212742659302,5.298956667787458e-05
72,0.47354285952528097,0.99925748435436,1.0,0.5596743471069573,0.9562906972318157,5.6472574790356056e-05
72,0.4737538205881979,1.0,1.0,0.5596743471069573,0.9558084166123431,0.00012358619174257512
72,0.46910001026039544,0.9900532987228619,1.0,0.5346053058587926,0.9653323861708482,4.166093804780502e-05
72,0.44811868807694466,0.99925748435436,0.7462839327848164,0.5437044480205393,1.0104865097436504,5.4073124431397446e-06
72,0.46781251863693735,0.9879965139546983,1.0,0.5188517814680906,0.9679473529859514,1.1072625792252211e-05
72,0.4741892326935661,1.0,1.0,0.5596743471069573,0.9556848304206005,0.0007540603793618761
72,0.4731999157952465,0.999898262279739,1.0,0.5432240120504572,0.9569272394276352,6.304529240763745e-05
72,0.4732592789503267,0.9994232998671588,1.0,0.5486784563299064,0.9568785009772651,7.129346980816464e-05
72,0.47364834005673945,0.999908436051765,1.0,0.5596743471069573,0.9560212732213873,0.0002617784587626293
72,0.47364834005673945,0.999908436051765,1.0,0.5596743471069573,0.9560212732213873,0.0002617784587626293
72,0.47337435968801417,0.9996234007227686,0.9974656552664409,0.5536138534631249,0.9567612982137099,0.00018669747250155133
72,0.47337435968801417,1.0,0.9977190897397968,0.5542199028275081,0.9565746007412084,0.00019722186131587716
72,0.4744756139384004,1.0,1.0,0.5596743471069573,0.9556848304206005,0.0013304319652661656
72,0.4463360216353811,0.9988812086628998,0.7434367059853859,0.5364332286468138,1.0145854448638207,6.305116902383112e-05
72,0.47364834005673945,1.0,1.0,0.5596743471069573,0.9560212732213873,0.0003364428007868181
72,0.4703112082094463,0.9932457024589766,1.0,0.537015685980758,0.9628048007561011,0.0001953023119974917
72,0.4688677076350481,0.991019350057962,1.0,0.5344980569667358,0.9657689828853647,0.0012098291202131684
72,0.47409430021525345,0.9999175924465885,1.0,0.5596743471069573,0.955752027713081,0.0006300426659150427
72,0.47502004337799636,1.0,1.0,0.5596743471069573,0.9556848304206005,0.0024242355562438256
72,0.468749855264624,0.9899217215712738,1.0,0.5251999041445973,0.9660117950428384,7.659281355820724e-07
72,0.4734692921663268,0.99970580827618,0.9974656552664409,0.5536138534631249,0.9566945281872807,0.0003117244619506021
72,0.49032454244918877,0.9844308680297374,1.0,0.5596743471069573,0.9685800321454182,0.0450735584720553
72,0.44822416860840314,0.99925748435436,0.7462839327848164,0.5346053058587926,1.0141937993687185,0.003945087274785264
72,0.44811868807694466,0.9935843505812908,1.0,0.5437044480205393,1.0104865097436504,0.04856780376677816
72,0.4466992452871904,0.9988812086628998,0.7434367059853859,0.5364332286468138,1.0145854448638207,0.00088798770460774
72,0.47292927221393005,0.9991043706032116,0.9974656552664409,0.5596743471069573,0.9574748608793122,0.0007025790158983192
72,0.4696239918265312,0.9924858744296656,1.0,0.537015685980758,0.964213704991693,0.0009920289405984661
72,0.4463360216353811,0.9985422693133914,0.7432086149593656,0.5358877842188688,1.015148161338063,0.0006257676432661619
72,0.47827284448012963,1.0,0.9974656552664409,0.5596743471069573,0.956041367587372,0.009264032525235999
72,0.4736867191683905,0.999898262279739,1.0,0.5432240120504572,0.9568641941352276,0.0009203798030671395
72,0.4690425375455266,0.989331116748554,1.0,0.5312657121814586,0.9661158973696173,0.0007068931449181193
72,0.46839061551854283,0.9907549535002117,1.0,0.51689538984475,0.9667526933864944,0.0008822041939271497
72,0.468607376490064,0.9893541778332562,1.0,0.5191130132190507,0.9668403313755141,0.0005348231233245349
72,0.4503181614917438,0.999898262279739,0.7716555395063348,0.528851102872681,1.008504005660902,0.0029529802021766027
72,0.4742113180569296,1.0,0.9977190897397968,0.5596743471069573,0.9560056323618523,0.0011193361494655774
73,0.4692810007270305,0.9908465174484467,1.0,0.5317006913956001,0.9649184356703517,4.878330149860055e-05
73,0.4692810007270305,0.9908465174484467,1.0,0.5317006913956001,0.9649184356703517,4.878330149860055e-05
73,0.4740720321030567,1.0,1.0,0.5596743471069573,0.9556848304206005,0.0005179813822274726
73,0.4697177346600014,0.9917527093087785,1.0,0.5344980569667358,0.9640212742659302,5.298956667787458e-05
73,0.47354285952528097,0.99925748435436,1.0,0.5596743471069573,0.9562906972318157,5.6472574790356056e-05
73,0.4737538205881979,1.0,1.0,0.5596743471069573,0.9558084166123431,0.00012358619174257512
73,0.46910001026039544,0.9900532987228619,1.0,0.5346053058587926,0.9653323861708482,4.166093804780502e-05
73,0.468749855264624,0.9899217215712738,1.0,0.5251999041445973,0.9660117950428384,7.659281355820724e-07
73,0.4741892326935661,1.0,1.0,0.5596743471069573,0.9556848304206005,0.0007540603793618761
73,0.47409430021525345,0.9999175924465885,1.0,0.5596743471069573,0.955752027713081,0.0006300426659150427
73,0.4731999157952465,0.999898262279739,1.0,0.5432240120504572,0.9569272394276352,6.304529240763745e-05
73,0.4732592789503267,0.9994232998671588,1.0,0.5486784563299064,0.9568785009772651,7.129346980816464e-05
73,0.47364834005673945,0.999908436051765,1.0,0.5596743471069573,0.9560212732213873,0.0002617784587626293
73,0.47364834005673945,0.999908436051765,1.0,0.5596743471069573,0.9560212732213873,0.0002617784587626293
73,0.47337435968801417,0.9996234007227686,0.9974656552664409,0.5536138534631249,0.9567612982137099,0.00018669747250155133
73,0.47337435968801417,1.0,0.9977190897397968,0.5542199028275081,0.9565746007412084,0.00019722186131587716
73,0.46820557917661115,0.988812086628997,1.0,0.5213694104821128,0.9671347571412009,2.3293638974353215e-06
73,0.4744756139384004,1.0,1.0,0.5596743471069573,0.9556848304206005,0.0013304319652661656
73,0.44811868807694466,0.99925748435436,0.7462839327848164,0.5437044480205393,1.0104865097436504,5.4073124431397446e-06
73,0.46781251863693735,0.9879965139546983,1.0,0.5188517814680906,0.9679473529859514,1.1072625792252211e-05
73,0.4698693845135415,0.9914233845772108,1.0,0.539952501246185,0.9639007124152632,0.00019057500897790014
73,0.4744852984256549,1.0,1.0,0.5596743471069573,0.9556848304206005,0.001349910825874323
73,0.46746087314428064,0.9890951248389674,1.0,0.5064837029754772,0.9686754873446388,0.0008319073553403333
73,0.4793242713808786,1.0,1.0,0.5596743471069573,0.9556848304206005,0.010984308940549692
73,0.4721244468753609,0.99925748435436,1.0,0.5596743471069573,0.9591070577133174,0.0028163604815016896
73,0.47345513831270536,0.9997490283182201,1.0,0.553120313749803,0.9564113946119549,9.114480524452517e-05
73,0.4724481580360147,0.998738454234803,1.0,0.5497780454076115,0.9584498985035597,0.0010914987521517538
73,0.468749855264624,0.9917527093087785,1.0,0.5344980569667358,0.9660117950428384,0.0020435103435860746
73,0.47297091570839644,0.999706984649636,1.0,0.5394575269680982,0.9573905584461981,0.00011674996602917265
73,0.47390914068308515,0.9992861031469736,1.0,0.5596743471069573,0.956267328614669,0.0007721708971322183
73,0.47354476739282075,0.999389405932208,1.0,0.5546870452591157,0.9565084654571341,0.0002780933782796646
73,0.46964328557917917,0.9909295494141463,1.0,0.5434526499916833,0.9641740934370184,8.206362714469062e-05
73,0.4676238433251545,0.988143822547921,1.0,0.5213694104821128,0.9683378971612117,0.0006722196241734091
73,0.47705838275289947,1.0,0.9954381794795937,0.5596743471069573,0.9563279044505301,0.0071403301455648105
73,0.47236295742633105,0.999379232160182,1.0,0.5333277103511115,0.9586227751321077,0.0006669836916352034
73,0.475166733592323,1.0,0.9977190897397968,0.5596743471069573,0.9560056323618523,0.003039321568306552
73,0.46911810930705894,0.988812086628997,1.0,0.5343148444124733,0.9663536515829196,0.001100168233338028
73,0.47251750741503473,0.997050220925395,1.0,0.5465457006223343,0.9589335741071681,0.0006243432066057597
73,0.4767863025117211,0.99925748435436,1.0,0.5590494449192779,0.9563311888251284,0.0066019563763819455
73,0.47302043488320117,0.9995694967022568,0.9977190897397968,0.5542199028275081,0.9572903319299133,0.0005639814884538241
74,0.4692810007270305,0.9908465174484467,1.0,0.5317006913956001,0.9649184356703517,4.878330149860055e-05
74,0.4692810007270305,0.9908465174484467,1.0,0.5317006913956001,0.9649184356703517,4.878330149860055e-05
74,0.4740720321030567,1.0,1.0,0.5596743471069573,0.9556848304206005,0.0005179813822274726
74,0.4697177346600014,0.9917527093087785,1.0,0.5344980569667358,0.9640212742659302,5.298956667787458e-05
74,0.47354285952528097,0.99925748435436,1.0,0.5596743471069573,0.9562906972318157,5.6472574790356056e-05
74,0.4737538205881979,1.0,1.0,0.5596743471069573,0.9558084166123431,0.00012358619174257512
74,0.46910001026039544,0.9900532987228619,1.0,0.5346053058587926,0.9653323861708482,4.166093804780502e-05
74,0.468749855264624,0.9899217215712738,1.0,0.5251999041445973,0.9660117950428384,7.659281355820724e-07
74,0.4741892326935661,1.0,1.0,0.5596743471069573,0.9556848304206005,0.0007540603793618761
74,0.47409430021525345,0.9999175924465885,1.0,0.5596743471069573,0.955752027713081,0.0006300426659150427
74,0.4731999157952465,0.999898262279739,1.0,0.5432240120504572,0.9569272394276352,6.304529240763745e-05
74,0.4732592789503267,0.9994232998671588,1.0,0.5486784563299064,0.9568785009772651,7.129346980816464e-05
74,0.47345513831270536,0.9997490283182201,1.0,0.553120313749803,0.9564113946119549,9.114480524452517e-05
74,0.47364834005673945,0.999908436051765,1.0,0.5596743471069573,0.9560212732213873,0.0002617784587626293
74,0.47364834005673945,0.999908436051765,1.0,0.5596743471069573,0.9560212732213873,0.0002617784587626293
74,0.46820557917661115,0.988812086628997,1.0,0.5213694104821128,0.9671347571412009,2.3293638974353215e-06
74,0.4744756139384004,1.0,1.0,0.5596743471069573,0.9556848304206005,0.0013304319652661656
74,0.44811868807694466,0.99925748435436,0.7462839327848164,0.5437044480205393,1.0104865097436504,5.4073124431397446e-06
74,0.46781251863693735,0.9879965139546983,1.0,0.5188517814680906,0.9679473529859514,1.1072625792252211e-05
74,0.47390914068308515,0.9992861031469736,1.0,0.5596743471069573,0.956267328614669,0.0007721708971322183
74,0.47855042433878986,1.0,1.0,0.5596743471069573,0.9556848304206005,0.009456666992076923
74,0.4791391087534574,1.0,1.0,0.5596743471069573,0.9556848304206005,0.010619230767796362
74,0.47232670617565564,0.9973434329073916,1.0,0.5481103281721988,0.9586963497871008,0.00010115182872882933
74,0.4638819132401993,0.9798407872117118,1.0,0.5344980569667358,0.9761490503848176,0.002473812295325728
74,0.46797947131652573,0.99925748435436,1.0,0.5142040133675464,0.9676020356935463,0.00819777127263166
74,0.4699785352863471,0.991130376403987,1.0,0.5344980569667358,0.9644696434399578,0.000983324140536812
74,0.4874421821639948,0.9816178359490829,1.0,0.512130657069532,0.9734219476683965,0.04445456298901995
74,0.47241979997851924,0.9987550357860828,1.0,0.5486784563299064,0.9585074316071087,0.001089934819957561
74,0.4697995177043428,0.9908244833244927,1.0,0.5470085116829548,0.9639674765979477,0.00011401986158154909
74,0.473562206173273,0.9993574928322763,1.0,0.5596743471069573,0.9562090413452738,1.3882151374877694e-05
74,0.4740990056397104,0.9999543672280496,1.0,0.5596743471069573,0.9557220392179161,0.0006095337399643075
74,0.4498419061717457,0.999229998198663,0.7716555395063348,0.528851102872681,1.0090301405399817,0.0024145210143868834
74,0.47324697591407683,0.9999001952964239,1.0,0.5596743471069573,0.9568320816943665,0.0010658664702259957
74,0.4693344275666027,0.9904190512771245,1.0,0.5366096912471043,0.964916038070654,0.0001074442088826455
74,0.4681266300852931,0.9892544761964711,1.0,0.515470780460674,0.9672978634572876,0.00015082408586042373
74,0.47385872014804903,0.9997581847130436,1.0,0.5596743471069573,0.9558820444232843,0.00028521805446724
74,0.47336020583439276,0.9991631717905556,1.0,0.553120313749803,0.9567948630139583,0.00019165991733149923
74,0.4681222582659182,0.9889954111570995,1.0,0.5175225194439683,0.9673068971049237,8.27989533879192e-05
74,0.4745928145289097,1.0,1.0,0.5596743471069573,0.9556848304206005,0.0015661095722470098
74,0.48708876914171684,0.9805283195606487,1.0,0.5131801825365409,0.9742371177831519,0.044595709822717766
75,0.4740720321030567,1.0,1.0,0.5596743471069573,0.9556848304206005,0.0005179813822274726
75,0.4737538205881979,1.0,1.0,0.5596743471069573,0.9558084166123431,0.00012358619174257512
75,0.468749855264624,0.9899217215712738,1.0,0.5251999041445973,0.9660117950428384,7.659281355820724e-07
75,0.473562206173273,0.9993574928322763,1.0,0.5596743471069573,0.9562090413452738,1.3882151374877694e-05
75,0.4741892326935661,1.0,1.0,0.5596743471069573,0.9556848304206005,0.0007540603793618761
75,0.4740990056397104,0.9999543672280496,1.0,0.5596743471069573,0.9557220392179161,0.0006095337399643075
75,0.47364834005673945,0.999908436051765,1.0,0.5596743471069573,0.9560212732213873,0.0002617784587626293
75,0.47364834005673945,0.999908436051765,1.0,0.5596743471069573,0.9560212732213873,0.0002617784587626293
75,0.47385872014804903,0.9997581847130436,1.0,0.5596743471069573,0.9558820444232843,0.00028521805446724
75,0.46820557917661115,0.988812086628997,1.0,0.5213694104821128,0.9671347571412009,2.3293638974353215e-06
75,0.4692810007270305,0.9908465174484467,1.0,0.5317006913956001,0.9649184356703517,4.878330149860055e-05
75,0.4692810007270305,0.9908465174484467,1.0,0.5317006913956001,0.9649184356703517,4.878330149860055e-05
75,0.4697177346600014,0.9917527093087785,1.0,0.5344980569667358,0.9640212742659302,5.298956667787458e-05
75,0.47354285952528097,0.99925748435436,1.0,0.5596743471069573,0.9562906972318157,5.6472574790356056e-05
75,0.46910001026039544,0.9900532987228619,1.0,0.5346053058587926,0.9653323861708482,4.166093804780502e-05
75,0.4744756139384004,1.0,1.0,0.5596743471069573,0.9556848304206005,0.0013304319652661656
75,0.44811868807694466,0.99925748435436,0.7462839327848164,0.5437044480205393,1.0104865097436504,5.4073124431397446e-06
75,0.46781251863693735,0.9879965139546983,1.0,0.5188517814680906,0.9679473529859514,1.1072625792252211e-05
75,0.47409430021525345,0.9999175924465885,1.0,0.5596743471069573,0.955752027713081,0.0006300426659150427
75,0.47345513831270536,0.9997490283182201,1.0,0.553120313749803,0.9564113946119549,9.114480524452517e-05
75,0.47457054641671303,1.0,1.0,0.5596743471069573,0.9556848304206005,0.001521339784403164
75,0.47844134431739643,1.0,1.0,0.5596743471069573,0.9556848304206005,0.009240936078935724
75,0.468749855264624,0.9993161547736201,1.0,0.5596743471069573,0.9660117950428384,0.009769003582368985
75,0.4731255481354461,0.9982914330192598,1.0,0.5596743471069573,0.9570803104587273,2.65759532325216e-06
75,0.4781474358981229,1.0,1.0,0.5596743471069573,0.9556848304206005,0.008659174455948437
75,0.4697409162852726,0.9915078058650978,1.0,0.5286473484408333,0.9645286105987232,0.0005549106000350967
75,0.45341853701172274,1.0,0.7462839327848164,0.5596743471069573,1.003391703279649,0.004716412979642204
75,0.46897318816650657,0.9916703017553671,1.0,0.5344980569667358,0.9655517640167084,0.0015171269647347163
75,0.46345697897478516,0.9799841766889592,1.0,0.5001308628964326,0.9770440615672633,0.001644313831269617
75,0.4685364542335357,0.9907641098950352,1.0,0.5317006913956001,0.9664517776969157,0.001515869987924967
75,0.46923297478441767,0.9904589085274699,1.0,0.5251999041445973,0.9655819066251659,0.0005647116607979674
75,0.4542091981319884,1.0,0.7716555395063348,0.5596743471069573,0.9972092979961398,0.00027244391741421126
75,0.47766280700419766,1.0,1.0,0.5596743471069573,0.9556848304206005,0.00769833767217909
75,0.4734744584871088,0.9997649690915745,1.0,0.5537757170855184,0.9563723681458487,0.00010841237887282418
75,0.4723843112189528,0.9965737914093775,1.0,0.5455926991581767,0.9593800207705676,0.0008005794906077446
75,0.4744756139384004,0.9891883623204574,0.7462839327848164,0.5092300050581793,1.0324509958965444,0.07809659744121011
75,0.47472169998357533,1.0,1.0,0.5596743471069573,0.9556848304206005,0.0018251498160082313
75,0.46972825137346247,0.9925441004543815,1.0,0.5304616526236037,0.9639996908600768,0.0004142265539738288
75,0.4491594977915339,0.9963819568443191,0.7716555395063348,0.5596743471069573,1.0081449714290156,0.007974956742897499
75,0.47808493640598204,1.0,1.0,0.5596743471069573,0.9556848304206005,0.008535370884843907
76,0.4740720321030567,1.0,1.0,0.5596743471069573,0.9556848304206005,0.0005179813822274726
76,0.4737538205881979,1.0,1.0,0.5596743471069573,0.9558084166123431,0.00012358619174257512
76,0.468749855264624,0.9899217215712738,1.0,0.5251999041445973,0.9660117950428384,7.659281355820724e-07
76,0.473562206173273,0.9993574928322763,1.0,0.5596743471069573,0.9562090413452738,1.3882151374877694e-05
76,0.4731255481354461,0.9982914330192598,1.0,0.5596743471069573,0.9570803104587273,2.65759532325216e-06
76,0.4741892326935661,1.0,1.0,0.5596743471069573,0.9556848304206005,0.0007540603793618761
76,0.4740990056397104,0.9999543672280496,1.0,0.5596743471069573,0.9557220392179161,0.0006095337399643075
76,0.47364834005673945,0.999908436051765,1.0,0.5596743471069573,0.9560212732213873,0.0002617784587626293
76,0.47364834005673945,0.999908436051765,1.0,0.5596743471069573,0.9560212732213873,0.0002617784587626293
76,0.47385872014804903,0.9997581847130436,1.0,0.5596743471069573,0.9558820444232843,0.00028521805446724
76,0.46820557917661115,0.988812086628997,1.0,0.5213694104821128,0.9671347571412009,2.3293638974353215e-06
76,0.47354285952528097,0.99925748435436,1.0,0.5596743471069573,0.9562906972318157,5.6472574790356056e-05
76,0.4692810007270305,0.9908465174484467,1.0,0.5317006913956001,0.9649184356703517,4.878330149860055e-05
76,0.4692810007270305,0.9908465174484467,1.0,0.5317006913956001,0.9649184356703517,4.878330149860055e-05
76,0.4697177346600014,0.9917527093087785,1.0,0.5344980569667358,0.9640212742659302,5.298956667787458e-05
76,0.46910001026039544,0.9900532987228619,1.0,0.5346053058587926,0.9653323861708482,4.166093804780502e-05
76,0.4744756139384004,1.0,1.0,0.5596743471069573,0.9556848304206005,0.0013304319652661656
76,0.44811868807694466,0.99925748435436,0.7462839327848164,0.5437044480205393,1.0104865097436504,5.4073124431397446e-06
76,0.46781251863693735,0.9879965139546983,1.0,0.5188517814680906,0.9679473529859514,1.1072625792252211e-05
76,0.47409430021525345,0.9999175924465885,1.0,0.5596743471069573,0.955752027713081,0.0006300426659150427
76,0.4691860682487179,1.0,1.0,0.5317006913956001,0.9651136718558898,0.007535412224018656
76,0.4642790459633998,0.9805624331399105,1.0,0.5596743471069573,0.9753140768206121,0.0034664830928403667
76,0.4693120323208794,0.9901967656830523,1.0,0.5346053058587926,0.96521648533891,0.0003618514781585924
76,0.4772190449521557,1.0,1.0,0.5596743471069573,0.9556848304206005,0.0068168128569011666
76,0.453422771893734,1.0,0.7462839327848164,0.5596743471069573,1.003391703279649,0.004725740415921997
76,0.46899672616653926,0.9903958871256314,1.0,0.5317006913956001,0.9655033049206497,0.000271212889500938
76,0.47365713865158565,0.9994399003856878,1.0,0.5596743471069573,0.9561417687120422,0.0001382544203600844
76,0.4696603237714883,0.9911303764039872,1.0,0.5371122099836091,0.9643102382084181,0.00017112278158493144
76,0.4777976291477759,1.0,1.0,0.5596743471069573,0.9556848304206005,0.00796583496176595
76,0.46886661350808156,0.9906430088936597,1.0,0.5229340380319774,0.9657712365623272,0.00019454256636231015
76,0.47747346492201903,1.0,1.0,0.5596743471069573,0.9556848304206005,0.007322413669643035
76,0.474946135786103,1.0,1.0,0.5596743471069573,0.9556848304206005,0.0022758962193034638
76,0.4698530282721542,0.9918029351983573,1.0,0.5344980569667358,0.963927849567581,0.00018416406294841092
76,0.4691512194072866,0.9899299623266149,1.0,0.5317006913956001,0.9656071799270425,0.00042181883354508454
76,0.4741071833935448,1.0,1.0,0.5344980569667358,0.9573831006775969,0.002287069691513266
76,0.4694097100759666,0.9912417980956791,1.0,0.5251999041445973,0.9649573417298163,0.0003034809515068959
76,0.4489897795327843,1.0,0.7462839327848164,0.552072785560464,1.0085260505014948,0.0020480337723614017
76,0.4794074240086824,1.0,1.0,0.5596743471069573,0.9556848304206005,0.01114816608324476
76,0.4733524564455353,0.9999917592446589,1.0,0.5596743471069573,0.9566188639220572,0.00092731427059356
76,0.47322772002908664,0.9991390649179308,1.0,0.5512094855641815,0.9569401742820649,6.915858679090725e-05
77,0.4740720321030567,1.0,1.0,0.5596743471069573,0.9556848304206005,0.0005179813822274726
77,0.4737538205881979,1.0,1.0,0.5596743471069573,0.9558084166123431,0.00012358619174257512
77,0.468749855264624,0.9899217215712738,1.0,0.5251999041445973,0.9660117950428384,7.659281355820724e-07
77,0.473562206173273,0.9993574928322763,1.0,0.5596743471069573,0.9562090413452738,1.3882151374877694e-05
77,0.4731255481354461,0.9982914330192598,1.0,0.5596743471069573,0.9570803104587273,2.65759532325216e-06
77,0.4741892326935661,1.0,1.0,0.5596743471069573,0.9556848304206005,0.0007540603793618761
77,0.4740990056397104,0.9999543672280496,1.0,0.5596743471069573,0.9557220392179161,0.0006095337399643075
77,0.47364834005673945,0.999908436051765,1.0,0.5596743471069573,0.9560212732213873,0.0002617784587626293
77,0.47364834005673945,0.999908436051765,1.0,0.5596743471069573,0.9560212732213873,0.0002617784587626293
77,0.47385872014804903,0.9997581847130436,1.0,0.5596743471069573,0.9558820444232843,0.00028521805446724
77,0.47365713865158565,0.9994399003856878,1.0,0.5596743471069573,0.9561417687120422,0.0001382544203600844
77,0.46820557917661115,0.988812086628997,1.0,0.5213694104821128,0.9671347571412009,2.3293638974353215e-06
77,0.47354285952528097,0.99925748435436,1.0,0.5596743471069573,0.9562906972318157,5.6472574790356056e-05
77,0.4692810007270305,0.9908465174484467,1.0,0.5317006913956001,0.9649184356703517,4.878330149860055e-05
77,0.4692810007270305,0.9908465174484467,1.0,0.5317006913956001,0.9649184356703517,4.878330149860055e-05
77,0.4697177346600014,0.9917527093087785,1.0,0.5344980569667358,0.9640212742659302,5.298956667787458e-05
77,0.46910001026039544,0.9900532987228619,1.0,0.5346053058587926,0.9653323861708482,4.166093804780502e-05
77,0.4744756139384004,1.0,1.0,0.5596743471069573,0.9556848304206005,0.0013304319652661656
77,0.44811868807694466,0.99925748435436,0.7462839327848164,0.5437044480205393,1.0104865097436504,5.4073124431397446e-06
77,0.46781251863693735,0.9879965139546983,1.0,0.5188517814680906,0.9679473529859514,1.1072625792252211e-05
77,0.47440168514508047,0.9995223079390992,1.0,0.5596743471069573,0.9560745071716557,0.0015713860807619051
77,0.472585543422973,0.9977197740716939,1.0,0.5596743471069573,0.9581712674456698,0.0006229847970455893
77,0.47346727369496033,0.9987716363046117,1.0,0.5596743471069573,0.9566876198222417,0.0003007388746665285
77,0.49616331270423697,0.9985704541840976,1.0,0.5596743471069573,0.9568520923747686,0.04421329468609725
77,0.4688891298321991,0.9908465174484467,1.0,0.5317006913956001,0.9657248596754344,0.0008552073065812849
77,0.4779346785581358,1.0,1.0,0.5596743471069573,0.9556848304206005,0.00823759663772261
77,0.4626593358305386,0.9789260633688448,1.0,0.4878247828019666,0.9787285244869458,0.0017884442535328615
77,0.47364834005673945,1.0,1.0,0.5596743471069573,0.9560212732213873,0.0003364428007868181
77,0.4730840161884756,0.9993301796008137,1.0,0.5596743471069573,0.9571616745104713,0.0009303338168222819
77,0.4734854486367679,0.9991945391987387,1.0,0.5596743471069573,0.9563501696274701,8.069946341393575e-06
77,0.4740512818791633,1.0,1.0,0.5596743471069573,0.9556848304206005,0.0004761717158708878
77,0.4687941973538865,0.9907641098950352,1.0,0.5317006913956001,0.9659204223650305,0.00098451465603977
77,0.4549941557043616,0.99925748435436,0.7716555395063348,0.5596743471069573,0.997815164807355,0.00259822981166824
77,0.4741342897082669,1.0,1.0,0.5596743471069573,0.9556848304206005,0.0006434023900783181
77,0.4738079098518806,0.9999175924465885,1.0,0.5596743471069573,0.955752027713081,5.272488354357563e-05
77,0.47428416517187877,1.0,1.0,0.5596743471069573,0.9556848304206005,0.0009451988382920273
77,0.4695478633043289,0.9912071401411372,1.0,0.5317006913956001,0.9645798427716221,0.0002098083191254263
77,0.45508908818267424,1.0,0.7716555395063348,0.5596743471069573,0.9972092979961398,0.00219996720882365
77,0.46819384147862286,0.9880789215081098,1.0,0.5188517814680906,0.9678706608253562,0.000711657453933201
77,0.4525360968468267,1.0,0.7462839327848164,0.5596743471069573,1.003391703279649,0.002769007696300063
78,0.468749855264624,0.9899217215712738,1.0,0.5251999041445973,0.9660117950428384,7.659281355820724e-07
78,0.473562206173273,0.9993574928322763,1.0,0.5596743471069573,0.9562090413452738,1.3882151374877694e-05
78,0.4731255481354461,0.9982914330192598,1.0,0.5596743471069573,0.9570803104587273,2.65759532325216e-06
78,0.4734854486367679,0.9991945391987387,1.0,0.5596743471069573,0.9563501696274701,8.069946341393575e-06
78,0.4740512818791633,1.0,1.0,0.5596743471069573,0.9556848304206005,0.0004761717158708878
78,0.4738079098518806,0.9999175924465885,1.0,0.5596743471069573,0.955752027713081,5.272488354357563e-05
78,0.46820557917661115,0.988812086628997,1.0,0.5213694104821128,0.9671347571412009,2.3293638974353215e-06
78,0.4692810007270305,0.9908465174484467,1.0,0.5317006913956001,0.9649184356703517,4.878330149860055e-05
78,0.4692810007270305,0.9908465174484467,1.0,0.5317006913956001,0.9649184356703517,4.878330149860055e-05
78,0.46910001026039544,0.9900532987228619,1.0,0.5346053058587926,0.9653323861708482,4.166093804780502e-05
78,0.4740720321030567,1.0,1.0,0.5596743471069573,0.9556848304206005,0.0005179813822274726
78,0.4737538205881979,1.0,1.0,0.5596743471069573,0.9558084166123431,0.00012358619174257512
78,0.47354285952528097,0.99925748435436,1.0,0.5596743471069573,0.9562906972318157,5.6472574790356056e-05
78,0.4697177346600014,0.9917527093087785,1.0,0.5344980569667358,0.9640212742659302,5.298956667787458e-05
78,0.44811868807694466,0.99925748435436,0.7462839327848164,0.5437044480205393,1.0104865097436504,5.4073124431397446e-06
78,0.4741342897082669,1.0,1.0,0.5596743471069573,0.9556848304206005,0.0006434023900783181
78,0.46781251863693735,0.9879965139546983,1.0,0.5188517814680906,0.9679473529859514,1.1072625792252211e-05
78,0.47365713865158565,0.9994399003856878,1.0,0.5596743471069573,0.9561417687120422,0.0001382544203600844
78,0.4740990056397104,0.9999543672280496,1.0,0.5596743471069573,0.9557220392179161,0.0006095337399643075
78,0.47385872014804903,0.9997581847130436,1.0,0.5596743471069573,0.9558820444232843,0.00028521805446724
78,0.4971659194753814,1.0,1.0,0.5596743471069573,0.9556848304206005,0.04488650047214926
78,0.47295316147208055,0.9985262751176627,1.0,0.5596743471069573,0.9574264980266259,0.0005382790353778422
78,0.49279990197327517,0.9924301297846779,1.0,0.5488709661445119,0.9625433065616611,0.04367565390139161
78,0.4734918343791511,0.9991945391987387,1.0,0.5596743471069573,0.9563420996811287,4.827859608091956e-06
78,0.4882857851289128,0.9833505228040008,1.0,0.517843967478388,0.9717106626372399,0.044348238950565055
78,0.4738079098518806,1.0,1.0,0.5596743471069573,0.9556993028295374,1.4472408936927472e-05
78,0.4500539288753182,0.9976231689381839,0.7716555395063348,0.545408686821238,1.0061413977691727,0.0018501706261722095
78,0.478602883606141,1.0,1.0,0.5596743471069573,0.9556848304206005,0.009560382280465407
78,0.4706120077411123,0.993155694828852,1.0,0.537015685980758,0.962681966807478,0.0004925588330610964
78,0.46880152506428574,0.989978372211333,1.0,0.5251999041445973,0.9659657527662351,6.042844319098517e-05
78,0.47804707362511745,1.0,1.0,0.5596743471069573,0.9556848304206005,0.008460353769718654
78,0.48700544823102393,0.9807116440887511,1.0,0.5093332914983962,0.974303100635256,0.04450264195197806
78,0.4752769005940306,1.0,1.0,0.5596743471069573,0.9556848304206005,0.0029394128386465157
78,0.46478808202197186,0.9818151644264639,1.0,0.5094290157185711,0.97424591252882,0.0008290272635746998
78,0.44811868807694466,0.997050220925395,1.0,0.5465457006223343,1.0104865097436504,0.05155293563648233
78,0.47295607428103104,0.9983798821639224,1.0,0.5596743471069573,0.9574206014949633,0.00041264951630104463
78,0.47414768597702484,0.9998802004299793,1.0,0.5596743471069573,0.9557825218027856,0.0007680769085230965
78,0.4740990056397104,0.9999543672280496,1.0,0.5596743471069573,0.9557220392179161,0.0006095337399643075
78,0.46970032267680856,0.9916627016786539,1.0,0.5344980569667358,0.96405701092903,1.6253943617816624e-05
78,0.4734942472316141,0.9987260035326614,1.0,0.5596743471069573,0.956724920202229,0.0003925217255280611
79,0.468749855264624,0.9899217215712738,1.0,0.5251999041445973,0.9660117950428384,7.659281355820724e-07
79,0.473562206173273,0.9993574928322763,1.0,0.5596743471069573,0.9562090413452738,1.3882151374877694e-05
79,0.4731255481354461,0.9982914330192598,1.0,0.5596743471069573,0.9570803104587273,2.65759532325216e-06
79,0.4740512818791633,1.0,1.0,0.5596743471069573,0.9556848304206005,0.0004761717158708878
79,0.4734918343791511,0.9991945391987387,1.0,0.5596743471069573,0.9563420996811287,4.827859608091956e-06
79,0.4738079098518806,1.0,1.0,0.5596743471069573,0.9556993028295374,1.4472408936927472e-05
79,0.46820557917661115,0.988812086628997,1.0,0.5213694104821128,0.9671347571412009,2.3293638974353215e-06
79,0.4740720321030567,1.0,1.0,0.5596743471069573,0.9556848304206005,0.0005179813822274726
79,0.4734854486367679,0.9991945391987387,1.0,0.5596743471069573,0.9563501696274701,8.069946341393575e-06
79,0.4738079098518806,0.9999175924465885,1.0,0.5596743471069573,0.955752027713081,5.272488354357563e-05
79,0.44811868807694466,0.99925748435436,0.7462839327848164,0.5437044480205393,1.0104865097436504,5.4073124431397446e-06
79,0.4741342897082669,1.0,1.0,0.5596743471069573,0.9556848304206005,0.0006434023900783181
79,0.4740990056397104,0.9999543672280496,1.0,0.5596743471069573,0.9557220392179161,0.0006095337399643075
79,0.4740990056397104,0.9999543672280496,1.0,0.5596743471069573,0.9557220392179161,0.0006095337399643075
79,0.46781251863693735,0.9879965139546983,1.0,0.5188517814680906,0.9679473529859514,1.1072625792252211e-05
79,0.46970032267680856,0.9916627016786539,1.0,0.5344980569667358,0.96405701092903,1.6253943617816624e-05
79,0.4737538205881979,1.0,1.0,0.5596743471069573,0.9558084166123431,0.00012358619174257512
79,0.47354285952528097,0.99925748435436,1.0,0.5596743471069573,0.9562906972318157,5.6472574790356056e-05
79,0.4697177346600014,0.9917527093087785,1.0,0.5344980569667358,0.9640212742659302,5.298956667787458e-05
79,0.4752769005940306,1.0,1.0,0.5596743471069573,0.9556848304206005,0.0029394128386465157
79,0.47741998712039124,1.0,1.0,0.5596743471069573,0.9556848304206005,0.007216183644809027
79,0.4746772154359146,1.0,1.0,0.5596743471069573,0.9556848304206005,0.0017357585097600436
79,0.4737538205881979,1.0,1.0,0.5596743471069573,0.9558084166123431,0.00012358619174257512
79,0.45101399011082455,0.9994059027169944,1.0,0.5453014379291811,1.0039996518977037,0.04688119972186133
79,0.4775003297570129,1.0,1.0,0.5596743471069573,0.9556848304206005,0.007375769862716153
79,0.46538661884221727,0.9832605151738762,1.0,0.5034710583006118,0.9729929283952843,0.0003766312611412914
79,0.4777081023491263,1.0,1.0,0.5596743471069573,0.9556848304206005,0.007788223891139423
79,0.4696259670184619,0.9914183623591846,1.0,0.5251999041445973,0.9648166205798374,0.0006069709582884331
79,0.4757667490732421,1.0,1.0,0.5596743471069573,0.9556848304206005,0.003920357584798806
79,0.4963910006658466,0.9992845468288634,1.0,0.5596743471069573,0.956268599388654,0.044048416998878626
79,0.47444374022468516,0.9984622897173339,1.0,0.5596743471069573,0.9569405475400377,0.002522034383135807
79,0.47833281867987043,1.0,1.0,0.5596743471069573,0.9556848304206005,0.00902620394517839
79,0.4743135668593437,1.0,1.0,0.5596743471069573,0.9556848304206005,0.0010043811138167325
79,0.4729072388405637,0.9984696244776035,1.0,0.5596743471069573,0.957519470898617,0.0005849222135599907
79,0.4732321929789197,0.9992985538491154,1.0,0.5596743471069573,0.9568619714330611,0.000604808996179429
79,0.4725473383392419,0.9975665182981246,1.0,0.5596743471069573,0.9582487348451322,0.0005749025876345959
79,0.4737538205881979,1.0,1.0,0.5596743471069573,0.9558084166123431,0.00012358619174257512
79,0.47415389793263346,0.9982914330192598,1.0,0.5596743471069573,0.9570803104587273,0.0020783773403895145
79,0.4758291018966789,1.0,1.0,0.5596743471069573,0.9556848304206005,0.004045077156945243
79,0.47658557249739053,1.0,1.0,0.5596743471069573,0.9556848304206005,0.005555587621056901
80,0.468749855264624,0.9899217215712738,1.0,0.5251999041445973,0.9660117950428384,7.659281355820724e-07
80,0.473562206173273,0.9993574928322763,1.0,0.5596743471069573,0.9562090413452738,1.3882151374877694e-05
80,0.4731255481354461,0.9982914330192598,1.0,0.5596743471069573,0.9570803104587273,2.65759532325216e-06
80,0.4740512818791633,1.0,1.0,0.5596743471069573,0.9556848304206005,0.0004761717158708878
80,0.4734918343791511,0.9991945391987387,1.0,0.5596743471069573,0.9563420996811287,4.827859608091956e-06
80,0.4738079098518806,1.0,1.0,0.5596743471069573,0.9556993028295374,1.4472408936927472e-05
80,0.46820557917661115,0.988812086628997,1.0,0.5213694104821128,0.9671347571412009,2.3293638974353215e-06
80,0.4740720321030567,1.0,1.0,0.5596743471069573,0.9556848304206005,0.0005179813822274726
80,0.4734854486367679,0.9991945391987387,1.0,0.5596743471069573,0.9563501696274701,8.069946341393575e-06
80,0.4738079098518806,0.9999175924465885,1.0,0.5596743471069573,0.955752027713081,5.272488354357563e-05
80,0.44811868807694466,0.99925748435436,0.7462839327848164,0.5437044480205393,1.0104865097436504,5.4073124431397446e-06
80,0.4741342897082669,1.0,1.0,0.5596743471069573,0.9556848304206005,0.0006434023900783181
80,0.46781251863693735,0.9879965139546983,1.0,0.5188517814680906,0.9679473529859514,1.1072625792252211e-05
80,0.4737538205881979,1.0,1.0,0.5596743471069573,0.9558084166123431,0.00012358619174257512
80,0.4740990056397104,0.9999543672280496,1.0,0.5596743471069573,0.9557220392179161,0.0006095337399643075
80,0.47354285952528097,0.99925748435436,1.0,0.5596743471069573,0.9562906972318157,5.6472574790356056e-05
80,0.4697177346600014,0.9917527093087785,1.0,0.5344980569667358,0.9640212742659302,5.298956667787458e-05
80,0.46970032267680856,0.9916627016786539,1.0,0.5344980569667358,0.96405701092903,1.6253943617816624e-05
80,0.4737538205881979,1.0,1.0,0.5596743471069573,0.9558084166123431,0.00012358619174257512
80,0.4740990056397104,0.9999543672280496,1.0,0.5596743471069573,0.9557220392179161,0.0006095337399643075
80,0.45066899607267413,0.9993728054136793,0.7716555395063348,0.5453014379291811,1.0047682290495816,0.0018455750721249053
80,0.47408560937095245,1.0,1.0,0.5596743471069573,0.9556848304206005,0.0005453362647863669
80,0.47353268727745107,0.9982914330192598,1.0,0.5596743471069573,0.9570803104587273,0.0008255443443593302
80,0.47261435718092826,0.9975466502349845,1.0,0.5513060095670326,0.9582240254404453,0.00011117457586740098
80,0.4739859801397544,0.9998217337850593,1.0,0.5596743471069573,0.9558302073306667,0.0004899481369060599
80,0.47425435209118444,1.0,1.0,0.5596743471069573,0.9556848304206005,0.0008851809818549716
80,0.45465986371495937,1.0,0.7716555395063348,0.5596743471069573,0.9972092979961398,0.0012606224732898408
80,0.4510626704481389,0.999331735918924,0.7716555395063348,0.5453014379291811,1.0038912965741276,0.0009356644877380749
80,0.4785000041660082,1.0,1.0,0.5596743471069573,0.9556848304206005,0.009356961690141996
80,0.46439623886001924,0.9816346491395065,1.0,0.5000236140043758,0.9750679510513536,0.0009658746012846109
80,0.47457445784356816,1.0,1.0,0.5596743471069573,0.9556848304206005,0.0015292039680563363
80,0.47281488158908486,0.9983325025140152,1.0,0.5596743471069573,0.9577065078761449,0.0006597971459779695
80,0.44807000773963024,0.99925748435436,0.7462839327848164,0.5437044480205393,1.0105962935345458,0.00011519110333857441
80,0.45100041284292874,0.999331735918924,0.7716555395063348,0.5453014379291811,1.0040298770855811,0.0010742449991916203
80,0.4506496169647821,0.9992511898387979,0.7716555395063348,0.5453014379291811,1.0048114367016932,0.0017911196050623968
80,0.4780178733384602,1.0,1.0,0.5596743471069573,0.9556848304206005,0.0084024914433668
80,0.46875203331111454,0.9917527093087785,1.0,0.5213694104821128,0.9660073064893048,0.0012128470029461047
80,0.4737303796730908,0.9998628032798147,1.0,0.5596743471069573,0.9558557114975068,5.9001122506341375e-05
80,0.47474242028455105,1.0,1.0,0.5596743471069573,0.9556848304206005,0.0018667813593138405
80,0.4743533245328213,1.0,1.0,0.5596743471069573,0.9556848304206005,0.0010843971515167583
81,0.468749855264624,0.9899217215712738,1.0,0.5251999041445973,0.9660117950428384,7.659281355820724e-07
81,0.473562206173273,0.9993574928322763,1.0,0.5596743471069573,0.9562090413452738,1.3882151374877694e-05
81,0.4731255481354461,0.9982914330192598,1.0,0.5596743471069573,0.9570803104587273,2.65759532325216e-06
81,0.4740512818791633,1.0,1.0,0.5596743471069573,0.9556848304206005,0.0004761717158708878
81,0.4734918343791511,0.9991945391987387,1.0,0.5596743471069573,0.9563420996811287,4.827859608091956e-06
81,0.4738079098518806,1.0,1.0,0.5596743471069573,0.9556993028295374,1.4472408936927472e-05
81,0.46820557917661115,0.988812086628997,1.0,0.5213694104821128,0.9671347571412009,2.3293638974353215e-06
81,0.4740720321030567,1.0,1.0,0.5596743471069573,0.9556848304206005,0.0005179813822274726
81,0.4734854486367679,0.9991945391987387,1.0,0.5596743471069573,0.9563501696274701,8.069946341393575e-06
81,0.4738079098518806,0.9999175924465885,1.0,0.5596743471069573,0.955752027713081,5.272488354357563e-05
81,0.44811868807694466,0.99925748435436,0.7462839327848164,0.5437044480205393,1.0104865097436504,5.4073124431397446e-06
81,0.47408560937095245,1.0,1.0,0.5596743471069573,0.9556848304206005,0.0005453362647863669
81,0.46781251863693735,0.9879965139546983,1.0,0.5188517814680906,0.9679473529859514,1.1072625792252211e-05
81,0.46970032267680856,0.9916627016786539,1.0,0.5344980569667358,0.96405701092903,1.6253943617816624e-05
81,0.4737538205881979,1.0,1.0,0.5596743471069573,0.9558084166123431,0.00012358619174257512
81,0.47354285952528097,0.99925748435436,1.0,0.5596743471069573,0.9562906972318157,5.6472574790356056e-05
81,0.4697177346600014,0.9917527093087785,1.0,0.5344980569667358,0.9640212742659302,5.298956667787458e-05
81,0.4737538205881979,1.0,1.0,0.5596743471069573,0.9558084166123431,0.00012358619174257512
81,0.4737303796730908,0.9998628032798147,1.0,0.5596743471069573,0.9558557114975068,5.9001122506341375e-05
81,0.4741342897082669,1.0,1.0,0.5596743471069573,0.9556848304206005,0.0006434023900783181
81,0.4695386906120384,0.9899217215712738,1.0,0.537015685980758,0.9652944974397737,0.0009056234970746813
81,0.47422130345121793,1.0,1.0,0.5596743471069573,0.9556848304206005,0.0008186406776589106
81,0.4694860393851235,0.9916544641352816,1.0,0.5286473484408333,0.9644970268015028,8.572098808456996e-05
81,0.4684277456556598,0.9893203396073953,1.0,0.5229340380319774,0.9666760632971798,4.5171904710095134e-05
81,0.468377963844414,0.9895342242373645,1.0,0.5188517814680906,0.9667788069976332,6.517468983480157e-05
81,0.4737918675002048,0.9999258332019296,1.0,0.5596743471069573,0.9557453074854152,1.3645163595144005e-05
81,0.47778243782851726,1.0,1.0,0.5596743471069573,0.9556848304206005,0.007935701786794591
81,0.46277042102919486,0.9779273919207956,1.0,0.4843773385057306,0.9784935867134891,0.000573650545914739
81,0.473772495789702,1.0,1.0,0.5596743471069573,0.9557707404810766,8.591006047609095e-05
81,0.49311436414499854,0.9923309657597299,1.0,0.548870966144512,0.9626243915100219,0.044342706604913906
81,0.4740669526640368,1.0,1.0,0.5596743471069573,0.9556848304206005,0.0005077471490121388
81,0.47029553742457275,0.9931646955918645,1.0,0.537015685980758,0.9628368825125183,0.0001621631324615347
81,0.474128542540122,1.0,1.0,0.5596743471069573,0.9556848304206005,0.0006318258171278401
81,0.445335813796434,0.9892534574901978,0.7716555395063348,0.5344980569667358,1.0168009736276162,0.001840932212933799
81,0.4777052792165297,1.0,1.0,0.5596743471069573,0.9556848304206005,0.007782622031752617
81,0.4450516559490444,0.9933726330149268,0.7462839327848164,0.52104578689434,1.024373204491577,0.006923020887144915
81,0.4739225887212268,1.0,1.0,0.5596743471069573,0.9556848304206005,0.00021678585530382488
81,0.44472199832970993,0.9925598374533958,0.7462839327848164,0.5596743471069573,1.0182043855684095,0.00870080411205798
81,0.44849426832779604,1.0,0.7462839327848164,0.5437044480205393,1.0098863107564133,0.000246007537052062
81,0.4731946299183007,0.9984380912894436,1.0,0.5596743471069573,0.9569603392495069,2.241035224703758e-05
82,0.468749855264624,0.9899217215712738,1.0,0.5251999041445973,0.9660117950428384,7.659281355820724e-07
82,0.4731255481354461,0.9982914330192598,1.0,0.5596743471069573,0.9570803104587273,2.65759532325216e-06
82,0.4734918343791511,0.9991945391987387,1.0,0.5596743471069573,0.9563420996811287,4.827859608091956e-06
82,0.4738079098518806,1.0,1.0,0.5596743471069573,0.9556993028295374,1.4472408936927472e-05
82,0.4737918675002048,0.9999258332019296,1.0,0.5596743471069573,0.9557453074854152,1.3645163595144005e-05
82,0.4739225887212268,1.0,1.0,0.5596743471069573,0.9556848304206005,0.00021678585530382488
82,0.46820557917661115,0.988812086628997,1.0,0.5213694104821128,0.9671347571412009,2.3293638974353215e-06
82,0.4734854486367679,0.9991945391987387,1.0,0.5596743471069573,0.9563501696274701,8.069946341393575e-06
82,0.473562206173273,0.9993574928322763,1.0,0.5596743471069573,0.9562090413452738,1.3882151374877694e-05
82,0.4738079098518806,0.9999175924465885,1.0,0.5596743471069573,0.955752027713081,5.272488354357563e-05
82,0.4740512818791633,1.0,1.0,0.5596743471069573,0.9556848304206005,0.0004761717158708878
82,0.44811868807694466,0.99925748435436,0.7462839327848164,0.5437044480205393,1.0104865097436504,5.4073124431397446e-06
82,0.46781251863693735,0.9879965139546983,1.0,0.5188517814680906,0.9679473529859514,1.1072625792252211e-05
82,0.46970032267680856,0.9916627016786539,1.0,0.5344980569667358,0.96405701092903,1.6253943617816624e-05
82,0.4731946299183007,0.9984380912894436,1.0,0.5596743471069573,0.9569603392495069,2.241035224703758e-05
82,0.47354285952528097,0.99925748435436,1.0,0.5596743471069573,0.9562906972318157,5.6472574790356056e-05
82,0.4737303796730908,0.9998628032798147,1.0,0.5596743471069573,0.9558557114975068,5.9001122506341375e-05
82,0.473772495789702,1.0,1.0,0.5596743471069573,0.9557707404810766,8.591006047609095e-05
82,0.4740669526640368,1.0,1.0,0.5596743471069573,0.9556848304206005,0.0005077471490121388
82,0.4684277456556598,0.9893203396073953,1.0,0.5229340380319774,0.9666760632971798,4.5171904710095134e-05
82,0.4776049790622834,0.9899217215712738,1.0,0.5596743471069573,0.9639859077932739,0.015884633771359402
82,0.4699653338637099,0.9916627016786539,1.0,0.5344980569667358,0.9640407569854121,0.0005273731576895813
82,0.47847483784975775,1.0,1.0,0.5596743471069573,0.9556848304206005,0.009307187732375821
82,0.46871215795068055,0.9894911177517568,1.0,0.5286473484408333,0.9661451875425833,5.569865456633849e-05
82,0.4781676457431886,1.0,1.0,0.5596743471069573,0.9556848304206005,0.008699200672507956
82,0.46796824133593684,0.9881565596595643,1.0,0.5229340380319774,0.967625255542877,6.447118692043396e-05
82,0.47347134493038173,0.9991945391987387,1.0,0.5596743471069573,0.9563786572690364,3.655758790765962e-05
82,0.4739809688064122,0.999858315115902,1.0,0.5596743471069573,0.9558003708614051,0.00045001099103714193
82,0.4757659762999209,1.0,1.0,0.5596743471069573,0.9556848304206005,0.003918811660483468
82,0.47371594155658253,0.9997960531615513,1.0,0.5596743471069573,0.955884844475496,3.369020735344286e-05
82,0.4692248048874381,0.9903883056466558,1.0,0.5596743471069573,0.9650339973391943,0.0014361259917748948
82,0.46918826501754574,0.9909824029296613,1.0,0.5266080689394753,0.9651091531332721,3.3068217314080606e-05
82,0.4740194092232025,0.9879965139546983,1.0,0.5596743471069573,0.9655908901717262,0.010318004061339647
82,0.4686423807897697,0.9894418075016603,1.0,0.5286473484408333,0.9662333320066503,4.853483933131564e-05
82,0.4788690924530337,1.0,1.0,0.5596743471069573,0.9556848304206005,0.010086343763049732
82,0.47357981997713355,0.9988696894702112,1.0,0.5596743471069573,0.9566074823669662,0.00044788683781915584
82,0.4742464991724164,1.0,1.0,0.5596743471069573,0.9556848304206005,0.0008693707142324314
82,0.473772495789702,0.9916627016786539,1.0,0.5344980569667358,0.9640407569854121,0.008270016504335564
82,0.4740968400828604,1.0,1.0,0.5596743471069573,0.9556848304206005,0.0005679622254788352
82,0.47857919380496594,1.0,1.0,0.5596743471069573,0.9556848304206005,0.009513548861239007
83,0.468749855264624,0.9899217215712738,1.0,0.5251999041445973,0.9660117950428384,7.659281355820724e-07
83,0.4731255481354461,0.9982914330192598,1.0,0.5596743471069573,0.9570803104587273,2.65759532325216e-06
83,0.4734918343791511,0.9991945391987387,1.0,0.5596743471069573,0.9563420996811287,4.827859608091956e-06
83,0.4738079098518806,1.0,1.0,0.5596743471069573,0.9556993028295374,1.4472408936927472e-05
83,0.4737918675002048,0.9999258332019296,1.0,0.5596743471069573,0.9557453074854152,1.3645163595144005e-05
83,0.4739225887212268,1.0,1.0,0.5596743471069573,0.9556848304206005,0.00021678585530382488
83,0.46820557917661115,0.988812086628997,1.0,0.5213694104821128,0.9671347571412009,2.3293638974353215e-06
83,0.4734854486367679,0.9991945391987387,1.0,0.5596743471069573,0.9563501696274701,8.069946341393575e-06
83,0.473562206173273,0.9993574928322763,1.0,0.5596743471069573,0.9562090413452738,1.3882151374877694e-05
83,0.4738079098518806,0.9999175924465885,1.0,0.5596743471069573,0.955752027713081,5.272488354357563e-05
83,0.47371594155658253,0.9997960531615513,1.0,0.5596743471069573,0.955884844475496,3.369020735344286e-05
83,0.4740512818791633,1.0,1.0,0.5596743471069573,0.9556848304206005,0.0004761717158708878
83,0.44811868807694466,0.99925748435436,0.7462839327848164,0.5437044480205393,1.0104865097436504,5.4073124431397446e-06
83,0.4740669526640368,1.0,1.0,0.5596743471069573,0.9556848304206005,0.0005077471490121388
83,0.473772495789702,1.0,1.0,0.5596743471069573,0.9557707404810766,8.591006047609095e-05
83,0.46781251863693735,0.9879965139546983,1.0,0.5188517814680906,0.9679473529859514,1.1072625792252211e-05
83,0.46970032267680856,0.9916627016786539,1.0,0.5344980569667358,0.96405701092903,1.6253943617816624e-05
83,0.4731946299183007,0.9984380912894436,1.0,0.5596743471069573,0.9569603392495069,2.241035224703758e-05
83,0.47347134493038173,0.9991945391987387,1.0,0.5596743471069573,0.9563786572690364,3.655758790765962e-05
83,0.4737303796730908,0.9998628032798147,1.0,0.5596743471069573,0.9558557114975068,5.9001122506341375e-05
83,0.474265972643709,1.0,1.0,0.5596743471069573,0.9556848304206005,0.0009085756593004701
83,0.4731255481354461,1.0,1.0,0.5596743471069573,0.9570776528634041,0.0013928224428035874
83,0.4699337956178712,0.9917294517969172,1.0,0.5344980569667358,0.9639870099073862,0.0004089626692284076
83,0.4686322061657042,0.9898549714530105,1.0,0.5251999041445973,0.9662543102082386,0.00018992638517167926
83,0.47422069914937875,1.0,1.0,0.5596743471069573,0.9556848304206005,0.0008174238868388084
83,0.46968588456030036,0.9916701183584609,1.0,0.5344980569667358,0.9640866459848667,5.18612543225494e-05
83,0.4929153055190286,0.988812086628997,1.0,0.5513885951585341,0.9653702797121044,0.046717756474258465
83,0.4740368437626551,0.9991945391987387,1.0,0.5596743471069573,0.9563420996811287,0.0011043474279621712
83,0.4738191525389941,0.9998702199596217,1.0,0.5596743471069573,0.9557906615022573,0.00011403531665887812
83,0.4481884652378555,0.9999175924465885,0.7462839327848164,0.5437044480205393,1.0103291900330822,0.00037691033861797507
83,0.4688197047214022,0.9903497969116631,1.0,0.5213694104821128,0.9659081256292905,4.0256701975049936e-05
83,0.4740512818791633,1.0,1.0,0.5596743471069573,0.9556848304206005,0.0004761717158708878
83,0.44811868807694466,0.9986162827477874,1.0,0.5596743471069573,1.0104865097436504,0.05367188945355683
83,0.4690400703582254,0.9905724694943386,1.0,0.5251999041445973,0.9654912500102204,7.716765897913813e-05
83,0.4528705705910857,1.0,0.7462839327848164,0.5596743471069573,1.003391703279649,0.0035080312508809497
83,0.46901486645152535,0.9899217215712738,1.0,0.5188517814680906,0.9664061286975846,0.0009401669537117963
83,0.4680756516280821,0.988812086628997,1.0,0.5213694104821128,0.9674032125658466,0.0002707847885431436
83,0.47354096001968965,0.9999258332019296,1.0,0.5596743471069573,0.9562380603806604,0.0004927528952451965
83,0.47392179504873383,0.9999258332019296,1.0,0.5596743471069573,0.9557453074854152,0.00027566280653190667
83,0.44788554954600407,0.9991833175562896,0.7462839327848164,0.5437044480205393,1.011012499787602,0.0004719375312645102
84,0.468749855264624,0.9899217215712738,1.0,0.5251999041445973,0.9660117950428384,7.659281355820724e-07
84,0.4731255481354461,0.9982914330192598,1.0,0.5596743471069573,0.9570803104587273,2.65759532325216e-06
84,0.4734918343791511,0.9991945391987387,1.0,0.5596743471069573,0.9563420996811287,4.827859608091956e-06
84,0.4738079098518806,1.0,1.0,0.5596743471069573,0.9556993028295374,1.4472408936927472e-05
84,0.4737918675002048,0.9999258332019296,1.0,0.5596743471069573,0.9557453074854152,1.3645163595144005e-05
84,0.4739225887212268,1.0,1.0,0.5596743471069573,0.9556848304206005,0.00021678585530382488
84,0.46820557917661115,0.988812086628997,1.0,0.5213694104821128,0.9671347571412009,2.3293638974353215e-06
84,0.4734854486367679,0.9991945391987387,1.0,0.5596743471069573,0.9563501696274701,8.069946341393575e-06
84,0.473562206173273,0.9993574928322763,1.0,0.5596743471069573,0.9562090413452738,1.3882151374877694e-05
84,0.4738079098518806,0.9999175924465885,1.0,0.5596743471069573,0.955752027713081,5.272488354357563e-05
84,0.47371594155658253,0.9997960531615513,1.0,0.5596743471069573,0.955884844475496,3.369020735344286e-05
84,0.4740512818791633,1.0,1.0,0.5596743471069573,0.9556848304206005,0.0004761717158708878
84,0.4740512818791633,1.0,1.0,0.5596743471069573,0.9556848304206005,0.0004761717158708878
84,0.47392179504873383,0.9999258332019296,1.0,0.5596743471069573,0.9557453074854152,0.00027566280653190667
84,0.44811868807694466,0.99925748435436,0.7462839327848164,0.5437044480205393,1.0104865097436504,5.4073124431397446e-06
84,0.4740669526640368,1.0,1.0,0.5596743471069573,0.9556848304206005,0.0005077471490121388
84,0.473772495789702,1.0,1.0,0.5596743471069573,0.9557707404810766,8.591006047609095e-05
84,0.46781251863693735,0.9879965139546983,1.0,0.5188517814680906,0.9679473529859514,1.1072625792252211e-05
84,0.46970032267680856,0.9916627016786539,1.0,0.5344980569667358,0.96405701092903,1.6253943617816624e-05
84,0.4731946299183007,0.9984380912894436,1.0,0.5596743471069573,0.9569603392495069,2.241035224703758e-05
84,0.468749855264624,1.0,1.0,0.5596743471069573,0.9660117950428384,0.010326964622237922
84,0.47201691792069844,0.9964964842099913,1.0,0.5455926991581767,0.9594424697480557,0.00011692033414167913
84,0.47331156471197683,0.9984380912894436,1.0,0.5596743471069573,0.9569603392495069,0.000258828279428136
84,0.4682230137160637,0.9887453365107337,1.0,0.5213694104821128,0.9671856594730392,8.691412226580209e-05
84,0.46973219533276933,0.9916627016786539,1.0,0.5344980569667358,0.9640407569854121,4.916004689814457e-05
84,0.4737583920833158,1.0,1.0,0.5596743471069573,0.955799193612658,0.00011436319205748724
84,0.47328455622733856,0.9992750852788648,1.0,0.5596743471069573,0.9567561061552963,0.0004797810812012804
84,0.46870571660480076,0.9897269311276486,1.0,0.5251999041445973,0.9661667491660844,6.398346851499426e-05
84,0.47357283267565037,0.9999258332019296,1.0,0.5596743471069573,0.9561737031275669,0.000428395642151691
84,0.4738079098518806,0.9893676407035901,1.0,0.5286473484408333,0.966244380837505,0.010545078007967557
84,0.47375045982366926,0.9991945391987387,1.0,0.5596743471069573,0.9563420996811287,0.0005269026067314941
84,0.47775386841408063,1.0,1.0,0.5596743471069573,0.9556848304206005,0.00787902691847564
84,0.4700666554757278,0.9923352672536472,1.0,0.5286473484408333,0.9638672187268735,0.0005615176350041162
84,0.47300972429330324,0.9982914330192598,1.0,0.5596743471069573,0.9573120083217722,0.00023169786304488849
84,0.4692700988398579,0.9909138919789983,1.0,0.5286473484408333,0.9650040083296798,6.315607680962287e-05
84,0.49690154059526975,1.0,1.0,0.5596743471069573,0.9556848304206005,0.04440190579428549
84,0.4699166164218498,0.9923592347906032,1.0,0.5596743471069573,0.9636132736922599,0.0016505070030219393
84,0.472794729505971,0.9974639716307104,1.0,0.5596743471069573,0.9577578616903645,1.0533179174099239e-05
84,0.4743300671013736,1.0,1.0,0.5344980569667358,0.9573831006775969,0.0027358612799758264
84,0.4780296453911738,1.0,1.0,0.5596743471069573,0.9556848304206005,0.008425819405792012
85,0.468749855264624,0.9899217215712738,1.0,0.5251999041445973,0.9660117950428384,7.659281355820724e-07
85,0.4731255481354461,0.9982914330192598,1.0,0.5596743471069573,0.9570803104587273,2.65759532325216e-06
85,0.4734918343791511,0.9991945391987387,1.0,0.5596743471069573,0.9563420996811287,4.827859608091956e-06
85,0.4738079098518806,1.0,1.0,0.5596743471069573,0.9556993028295374,1.4472408936927472e-05
85,0.4737918675002048,0.9999258332019296,1.0,0.5596743471069573,0.9557453074854152,1.3645163595144005e-05
85,0.4739225887212268,1.0,1.0,0.5596743471069573,0.9556848304206005,0.00021678585530382488
85,0.46820557917661115,0.988812086628997,1.0,0.5213694104821128,0.9671347571412009,2.3293638974353215e-06
85,0.4734854486367679,0.9991945391987387,1.0,0.5596743471069573,0.9563501696274701,8.069946341393575e-06
85,0.473562206173273,0.9993574928322763,1.0,0.5596743471069573,0.9562090413452738,1.3882151374877694e-05
85,0.4738079098518806,0.9999175924465885,1.0,0.5596743471069573,0.955752027713081,5.272488354357563e-05
85,0.47371594155658253,0.9997960531615513,1.0,0.5596743471069573,0.955884844475496,3.369020735344286e-05
85,0.4740512818791633,1.0,1.0,0.5596743471069573,0.9556848304206005,0.0004761717158708878
85,0.4740512818791633,1.0,1.0,0.5596743471069573,0.9556848304206005,0.0004761717158708878
85,0.47392179504873383,0.9999258332019296,1.0,0.5596743471069573,0.9557453074854152,0.00027566280653190667
85,0.44811868807694466,0.99925748435436,0.7462839327848164,0.5437044480205393,1.0104865097436504,5.4073124431397446e-06
85,0.472794729505971,0.9974639716307104,1.0,0.5596743471069573,0.9577578616903645,1.0533179174099239e-05
85,0.4731946299183007,0.9984380912894436,1.0,0.5596743471069573,0.9569603392495069,2.241035224703758e-05
85,0.473772495789702,1.0,1.0,0.5596743471069573,0.9557707404810766,8.591006047609095e-05
85,0.4740669526640368,1.0,1.0,0.5596743471069573,0.9556848304206005,0.0005077471490121388
85,0.46781251863693735,0.9879965139546983,1.0,0.5188517814680906,0.9679473529859514,1.1072625792252211e-05
85,0.4736207824309041,0.9998164478453961,1.0,0.5596743471069573,0.9560768993202827,0.00024238049036484632
85,0.47418565121229195,0.9999332498817367,1.0,0.5596743471069573,0.9557392593752216,0.0008012768283851557
85,0.4788722461761589,1.0,1.0,0.5596743471069573,0.9556848304206005,0.010092571218977997
85,0.47347134493038173,0.9991945391987387,1.0,0.5596743471069573,0.9563786572690364,3.655758790765962e-05
85,0.4696617175759426,0.9921299803055641,1.0,0.5251999041445973,0.9642499711007895,0.00011371692779171827
85,0.4686873024416751,0.9891968625592285,1.0,0.5229340380319774,0.9667294492735494,0.0005887265547570575
85,0.4741399071239326,1.0,1.0,0.5596743471069573,0.9556848304206005,0.0006547173302201559
85,0.4734854486367679,1.0,1.0,0.5596743471069573,0.9563501696274701,0.0006653392068696196
85,0.47300789903652635,0.9982246829009965,1.0,0.5596743471069573,0.9573157024254662,0.0001807765370933634
85,0.47265228826742245,0.9976568289160725,1.0,0.5596743471069573,0.9580359608076744,0.00043611713719016176
85,0.4680834505277036,0.9882964777834274,1.0,0.5251999041445973,0.9673870943276912,7.492665583930247e-05
85,0.4735189742114591,0.999016347740395,1.0,0.5596743471069573,0.9564876500126062,0.00020519084811909671
85,0.47425340735070187,1.0,1.0,0.5596743471069573,0.9556848304206005,0.0008832789651995743
85,0.4692875333793104,0.9909295494141463,1.0,0.5286473484408333,0.9649914680389535,8.646438236070697e-05
85,0.47870797638069834,1.0,1.0,0.5596743471069573,0.9556848304206005,0.009768088957666898
85,0.4690418297007028,0.9902870422464227,1.0,0.5286473484408333,0.9655063880631622,9.592691133686326e-05
85,0.47344145813215494,0.9984749851738637,1.0,0.5596743471069573,0.9569301644067174,0.0004911341065345631
85,0.47394878520199535,1.0,1.0,0.5596743471069573,0.9556848304206005,0.0002695972581032713
85,0.46781251863693735,0.9879965139546983,1.0,0.5188517814680906,0.9679473529859514,1.1072625792252211e-05
85,0.46781251863693735,0.9998628032798147,1.0,0.5596743471069573,0.9679473529859514,0.01215064261095089
86,0.468749855264624,0.9899217215712738,1.0,0.5251999041445973,0.9660117950428384,7.659281355820724e-07
86,0.4731255481354461,0.9982914330192598,1.0,0.5596743471069573,0.9570803104587273,2.65759532325216e-06
86,0.4734918343791511,0.9991945391987387,1.0,0.5596743471069573,0.9563420996811287,4.827859608091956e-06
86,0.4738079098518806,1.0,1.0,0.5596743471069573,0.9556993028295374,1.4472408936927472e-05
86,0.4737918675002048,0.9999258332019296,1.0,0.5596743471069573,0.9557453074854152,1.3645163595144005e-05
86,0.4739225887212268,1.0,1.0,0.5596743471069573,0.9556848304206005,0.00021678585530382488
86,0.46820557917661115,0.988812086628997,1.0,0.5213694104821128,0.9671347571412009,2.3293638974353215e-06
86,0.4734854486367679,0.9991945391987387,1.0,0.5596743471069573,0.9563501696274701,8.069946341393575e-06
86,0.473562206173273,0.9993574928322763,1.0,0.5596743471069573,0.9562090413452738,1.3882151374877694e-05
86,0.4738079098518806,0.9999175924465885,1.0,0.5596743471069573,0.955752027713081,5.272488354357563e-05
86,0.47371594155658253,0.9997960531615513,1.0,0.5596743471069573,0.955884844475496,3.369020735344286e-05
86,0.47394878520199535,1.0,1.0,0.5596743471069573,0.9556848304206005,0.0002695972581032713
86,0.44811868807694466,0.99925748435436,0.7462839327848164,0.5437044480205393,1.0104865097436504,5.4073124431397446e-06
86,0.472794729505971,0.9974639716307104,1.0,0.5596743471069573,0.9577578616903645,1.0533179174099239e-05
86,0.4731946299183007,0.9984380912894436,1.0,0.5596743471069573,0.9569603392495069,2.241035224703758e-05
86,0.473772495789702,1.0,1.0,0.5596743471069573,0.9557707404810766,8.591006047609095e-05
86,0.47347134493038173,0.9991945391987387,1.0,0.5596743471069573,0.9563786572690364,3.655758790765962e-05
86,0.4740512818791633,1.0,1.0,0.5596743471069573,0.9556848304206005,0.0004761717158708878
86,0.4740512818791633,1.0,1.0,0.5596743471069573,0.9556848304206005,0.0004761717158708878
86,0.47392179504873383,0.9999258332019296,1.0,0.5596743471069573,0.9557453074854152,0.00027566280653190667
86,0.4681023681941996,0.9887379198309266,1.0,0.5213694104821128,0.9673479988057982,0.00015642425623352274
86,0.47399362910044884,1.0,1.0,0.5596743471069573,0.9556848304206005,0.00035998780552015663
86,0.4499711193384468,0.9977698272083676,0.7716555395063348,0.5453014379291811,1.0063265609927898,0.0021147277299538025
86,0.4776156938029667,1.0,1.0,0.5596743471069573,0.9556848304206005,0.007604825924380498
86,0.4733680204307324,0.9992177967106,1.0,0.5596743471069573,0.9565874110119253,0.00026430469964677794
86,0.47401090232475923,1.0,1.0,0.5596743471069573,0.9556848304206005,0.0003948003808850187
86,0.44756673613672276,0.9979259333129296,0.7462839327848164,0.5437044480205393,1.0117326702451863,0.00018271284217741268
86,0.46939582176822076,0.9909295494141463,1.0,0.5286473484408333,0.9649914680389535,0.00030906544361708477
86,0.473562206173273,0.9975665182981246,1.0,0.5596743471069573,0.9576738322574976,0.0014786730635986123
86,0.45088010988459676,0.9998527038016105,0.7716555395063348,0.5453014379291811,1.0042977703936937,0.0017602659117965658
86,0.4737457362473115,0.9997856000034231,1.0,0.5596743471069573,0.9558596809132717,3.495369282280336e-05
86,0.4694915371908421,0.9915298064523859,1.0,0.5286473484408333,0.9645110111914292,2.527877297309189e-05
86,0.47369072067109985,0.9998533417298162,1.0,0.5596743471069573,0.9559357389961066,0.00013131186920434246
86,0.468749855264624,0.9898475547732034,1.0,0.5251999041445973,0.9660703125681889,5.8517525350465505e-05
86,0.4740368437626551,0.9984380912894436,1.0,0.5596743471069573,0.9569603392495069,0.001722586996340314
86,0.47333394535196066,1.0,1.0,0.5596743471069573,0.9566562752707294,0.0009714448501288997
86,0.47357443691081796,0.9999332498817367,1.0,0.5596743471069573,0.9561704640855957,0.0004312047103740557
86,0.47304377301684397,0.998144774749076,1.0,0.5596743471069573,0.9572431029609918,4.278603809815262e-05
86,0.4777921646885138,1.0,1.0,0.5596743471069573,0.9556848304206005,0.007954995998269987
86,0.4739081506047186,0.9999332498817367,1.0,0.5596743471069573,0.9557392593752216,0.0002421054584597071
87,0.468749855264624,0.9899217215712738,1.0,0.5251999041445973,0.9660117950428384,7.659281355820724e-07
87,0.4731255481354461,0.9982914330192598,1.0,0.5596743471069573,0.9570803104587273,2.65759532325216e-06
87,0.4734918343791511,0.9991945391987387,1.0,0.5596743471069573,0.9563420996811287,4.827859608091956e-06
87,0.4738079098518806,1.0,1.0,0.5596743471069573,0.9556993028295374,1.4472408936927472e-05
87,0.4737918675002048,0.9999258332019296,1.0,0.5596743471069573,0.9557453074854152,1.3645163595144005e-05
87,0.4739225887212268,1.0,1.0,0.5596743471069573,0.9556848304206005,0.00021678585530382488
87,0.46820557917661115,0.988812086628997,1.0,0.5213694104821128,0.9671347571412009,2.3293638974353215e-06
87,0.4734854486367679,0.9991945391987387,1.0,0.5596743471069573,0.9563501696274701,8.069946341393575e-06
87,0.473562206173273,0.9993574928322763,1.0,0.5596743471069573,0.9562090413452738,1.3882151374877694e-05
87,0.4738079098518806,0.9999175924465885,1.0,0.5596743471069573,0.955752027713081,5.272488354357563e-05
87,0.47371594155658253,0.9997960531615513,1.0,0.5596743471069573,0.955884844475496,3.369020735344286e-05
87,0.4737457362473115,0.9997856000034231,1.0,0.5596743471069573,0.9558596809132717,3.495369282280336e-05
87,0.47394878520199535,1.0,1.0,0.5596743471069573,0.9556848304206005,0.0002695972581032713
87,0.4739081506047186,0.9999332498817367,1.0,0.5596743471069573,0.9557392593752216,0.0002421054584597071
87,0.44811868807694466,0.99925748435436,0.7462839327848164,0.5437044480205393,1.0104865097436504,5.4073124431397446e-06
87,0.47399362910044884,1.0,1.0,0.5596743471069573,0.9556848304206005,0.00035998780552015663
87,0.472794729505971,0.9974639716307104,1.0,0.5596743471069573,0.9577578616903645,1.0533179174099239e-05
87,0.47392179504873383,0.9999258332019296,1.0,0.5596743471069573,0.9557453074854152,0.00027566280653190667
87,0.473772495789702,1.0,1.0,0.5596743471069573,0.9557707404810766,8.591006047609095e-05
87,0.47347134493038173,0.9991945391987387,1.0,0.5596743471069573,0.9563786572690364,3.655758790765962e-05
87,0.47453671426601784,1.0,1.0,0.5596743471069573,0.9556848304206005,0.0014533125865814345
87,0.4685292091645259,0.989323592961685,1.0,0.5213694104821128,0.966724751576959,0.0002580292198767209
87,0.47279355086339403,0.9991945391987387,1.0,0.5596743471069573,0.9577497161109682,0.0014076164298394422
87,0.47382054861091366,1.0,1.0,0.5596743471069573,0.9556848304206005,1.1020054837440618e-05
87,0.47361894449743813,0.9993351603853018,1.0,0.5596743471069573,0.9562272741396527,0.00014666465163704068
87,0.45056197951470545,0.999391811025361,0.7716555395063348,0.5453014379291811,1.0050068795395906,0.002099485829151204
87,0.4483398213876915,0.9997615740072411,0.7462839327848164,0.5437044480205393,1.0100772054432319,8.909494097508741e-05
87,0.47287650462457315,0.9976106299008942,1.0,0.5596743471069573,0.9576376913653479,5.598728347122606e-05
87,0.49248984551764524,0.991523646697152,1.0,0.5430202576186095,0.9636341559325754,0.04418801246769066
87,0.47385067648611373,1.0,1.0,0.5596743471069573,0.9556848304206005,7.178270150798305e-05
87,0.4746125240493056,1.0,1.0,0.5596743471069573,0.9556848304206005,0.0016057318354536498
87,0.46859900525262416,0.9997856000034231,1.0,0.5213694104821128,0.9663227707148517,0.007844833921590744
87,0.4740869721153685,1.0,1.0,0.5596743471069573,0.9556848304206005,0.000548081775812781
87,0.47788317781773204,1.0,1.0,0.5596743471069573,0.9556848304206005,0.008135491696188546
87,0.4749468007311405,0.99925748435436,1.0,0.5596743471069573,0.9562906972318157,0.0028830978422010878
87,0.4734918343791511,0.9991203724006683,1.0,0.5596743471069573,0.9564026742912084,6.540246968778085e-05
87,0.46912887290824634,0.9909295494141463,1.0,0.5286473484408333,0.9652313367623273,0.00023986872337378173
87,0.44842159650629365,0.9999258332019296,0.7462839327848164,0.5437044480205393,1.0099456823113524,0.0001417553943252603
87,0.47381030800409724,0.9999258332019296,1.0,0.5596743471069573,0.9557453074854152,5.084184991499541e-05
87,0.4736955651435448,0.999939924893563,1.0,0.5596743471069573,0.9559259626657425,0.00019214651298504748
88,0.468749855264624,0.9899217215712738,1.0,0.5251999041445973,0.9660117950428384,7.659281355820724e-07
88,0.4731255481354461,0.9982914330192598,1.0,0.5596743471069573,0.9570803104587273,2.65759532325216e-06
88,0.4734918343791511,0.9991945391987387,1.0,0.5596743471069573,0.9563420996811287,4.827859608091956e-06
88,0.47382054861091366,1.0,1.0,0.5596743471069573,0.9556848304206005,1.1020054837440618e-05
88,0.46820557917661115,0.988812086628997,1.0,0.5213694104821128,0.9671347571412009,2.3293638974353215e-06
88,0.4734854486367679,0.9991945391987387,1.0,0.5596743471069573,0.9563501696274701,8.069946341393575e-06
88,0.4738079098518806,1.0,1.0,0.5596743471069573,0.9556993028295374,1.4472408936927472e-05
88,0.4737918675002048,0.9999258332019296,1.0,0.5596743471069573,0.9557453074854152,1.3645163595144005e-05
88,0.47385067648611373,1.0,1.0,0.5596743471069573,0.9556848304206005,7.178270150798305e-05
88,0.44811868807694466,0.99925748435436,0.7462839327848164,0.5437044480205393,1.0104865097436504,5.4073124431397446e-06
88,0.472794729505971,0.9974639716307104,1.0,0.5596743471069573,0.9577578616903645,1.0533179174099239e-05
88,0.473562206173273,0.9993574928322763,1.0,0.5596743471069573,0.9562090413452738,1.3882151374877694e-05
88,0.47371594155658253,0.9997960531615513,1.0,0.5596743471069573,0.955884844475496,3.369020735344286e-05
88,0.4737457362473115,0.9997856000034231,1.0,0.5596743471069573,0.9558596809132717,3.495369282280336e-05
88,0.47381030800409724,0.9999258332019296,1.0,0.5596743471069573,0.9557453074854152,5.084184991499541e-05
88,0.4739225887212268,1.0,1.0,0.5596743471069573,0.9556848304206005,0.00021678585530382488
88,0.47347134493038173,0.9991945391987387,1.0,0.5596743471069573,0.9563786572690364,3.655758790765962e-05
88,0.4738079098518806,0.9999175924465885,1.0,0.5596743471069573,0.955752027713081,5.272488354357563e-05
88,0.47394878520199535,1.0,1.0,0.5596743471069573,0.9556848304206005,0.0002695972581032713
88,0.4739081506047186,0.9999332498817367,1.0,0.5596743471069573,0.9557392593752216,0.0002421054584597071
88,0.47390728043217833,0.9999258332019296,1.0,0.5596743471069573,0.9557453074854152,0.0002463991170587043
88,0.4688963081771829,0.9905162557104062,1.0,0.5213694104821128,0.9657758216190531,6.57462489469518e-05
88,0.47375618314513623,0.9999776675530254,1.0,0.5596743471069573,0.9558036501272144,0.00010061033437169797
88,0.45099051868378726,1.0,0.7716555395063348,0.5453014379291811,1.0040519042257383,0.001632540326351739
88,0.46820557917661115,0.988812086628997,1.0,0.5596743471069573,0.9671347571412009,0.0022245461249060794
88,0.4734854486367679,1.0,1.0,0.5596743471069573,0.9563501696274701,0.0006653392068696196
88,0.4730416816912078,0.9979959263549264,1.0,0.5596743471069573,0.957322151570361,7.481662069996897e-05
88,0.4737918675002048,0.9976569316276297,1.0,0.5596743471069573,0.9575997595298322,0.001868097208012176
88,0.4970546466829295,1.0,1.0,0.5596743471069573,0.9556848304206005,0.04468260523848355
88,0.4734533444083413,0.9991945391987387,1.0,0.5596743471069573,0.9564150184337976,7.291875266890457e-05
88,0.47316975495365055,0.9984696244776035,1.0,0.5596743471069573,0.9569882359949857,5.3687309928718285e-05
88,0.47854530687002333,1.0,1.0,0.5596743471069573,0.9556848304206005,0.009446548215457984
88,0.4731679239279615,0.9983817436372077,1.0,0.5596743471069573,0.9570064292822681,1.449001419073781e-05
88,0.47362692718487476,0.9993574928322763,1.0,0.5596743471069573,0.9562090413452738,0.00014454600156799113
88,0.4502242575178361,0.9985262751176627,0.7716555395063348,0.5453014379291811,1.0057607548002059,0.002157803008175918
88,0.4685120187884075,0.9893089693194398,1.0,0.5251999041445973,0.9665021834034622,1.0988099530262474e-06
88,0.4690638623161996,0.9906631274475022,1.0,0.5596743471069573,0.9653651144109002,0.001995628623823187
88,0.4740334205453292,1.0,1.0,0.5596743471069573,0.9556848304206005,0.00044017994828893237
88,0.4741551027899554,1.0,1.0,0.5596743471069573,0.9556848304206005,0.0006853240209933054
88,0.468747696927629,0.9899884716895371,1.0,0.5251999041445973,0.9660162430198718,5.856141863502806e-05
89,0.468749855264624,0.9899217215712738,1.0,0.5251999041445973,0.9660117950428384,7.659281355820724e-07
89,0.4731255481354461,0.9982914330192598,1.0,0.5596743471069573,0.9570803104587273,2.65759532325216e-06
89,0.4734918343791511,0.9991945391987387,1.0,0.5596743471069573,0.9563420996811287,4.827859608091956e-06
89,0.47382054861091366,1.0,1.0,0.5596743471069573,0.9556848304206005,1.1020054837440618e-05
89,0.4685120187884075,0.9893089693194398,1.0,0.5251999041445973,0.9665021834034622,1.0988099530262474e-06
89,0.4734854486367679,0.9991945391987387,1.0,0.5596743471069573,0.9563501696274701,8.069946341393575e-06
89,0.4738079098518806,1.0,1.0,0.5596743471069573,0.9556993028295374,1.4472408936927472e-05
89,0.4737918675002048,0.9999258332019296,1.0,0.5596743471069573,0.9557453074854152,1.3645163595144005e-05
89,0.47385067648611373,1.0,1.0,0.5596743471069573,0.9556848304206005,7.178270150798305e-05
89,0.46820557917661115,0.988812086628997,1.0,0.5213694104821128,0.9671347571412009,2.3293638974353215e-06
89,0.472794729505971,0.9974639716307104,1.0,0.5596743471069573,0.9577578616903645,1.0533179174099239e-05
89,0.473562206173273,0.9993574928322763,1.0,0.5596743471069573,0.9562090413452738,1.3882151374877694e-05
89,0.47371594155658253,0.9997960531615513,1.0,0.5596743471069573,0.955884844475496,3.369020735344286e-05
89,0.4737457362473115,0.9997856000034231,1.0,0.5596743471069573,0.9558596809132717,3.495369282280336e-05
89,0.47381030800409724,0.9999258332019296,1.0,0.5596743471069573,0.9557453074854152,5.084184991499541e-05
89,0.4739225887212268,1.0,1.0,0.5596743471069573,0.9556848304206005,0.00021678585530382488
89,0.44811868807694466,0.99925748435436,0.7462839327848164,0.5437044480205393,1.0104865097436504,5.4073124431397446e-06
89,0.47394878520199535,1.0,1.0,0.5596743471069573,0.9556848304206005,0.0002695972581032713
89,0.4731679239279615,0.9983817436372077,1.0,0.5596743471069573,0.9570064292822681,1.449001419073781e-05
89,0.4739081506047186,0.9999332498817367,1.0,0.5596743471069573,0.9557392593752216,0.0002421054584597071
89,0.4786156786641452,1.0,1.0,0.5596743471069573,0.9556848304206005,0.009585675470194732
89,0.4680370998236851,0.9881197643179429,1.0,0.5251999041445973,0.9674828967177189,2.8997689410559246e-05
89,0.4734918343791511,0.9818375042414358,1.0,0.49417290547847326,0.9742886346655182,0.017951362843997565
89,0.4740696466985011,1.0,1.0,0.5596743471069573,0.9556848304206005,0.0005131752121549926
89,0.4740161163292373,1.0,1.0,0.5596743471069573,0.9556848304206005,0.0004053082229443783
89,0.47372215941461976,0.9997856000034231,1.0,0.5596743471069573,0.955872297973011,1.2617059739317149e-05
89,0.47388103551703853,0.9999332498817367,1.0,0.5596743471069573,0.9557392593752216,0.00018743268805954116
89,0.47389516385477803,0.9999908436051765,1.0,0.5596743471069573,0.9556922962395067,0.0001689576229902956
89,0.4736123077961323,0.9992083351606015,1.0,0.5596743471069573,0.956330833029947,0.00023682604082841952
89,0.4734806503847627,0.9991130376403986,1.0,0.5213694104821128,0.9590028983887136,0.002643037110474533
89,0.4971593014769919,0.9974639716307104,1.0,0.5596743471069573,0.9577578616903645,0.04694740753574678
89,0.4686000771289667,0.9893156443312662,1.0,0.5251999041445973,0.9664957429075782,0.0001751825605124102
89,0.47417502077927215,1.0,1.0,0.5596743471069573,0.9556848304206005,0.0007254393140649906
89,0.47787531708452335,1.0,1.0,0.5596743471069573,0.9556848304206005,0.008119905135694827
89,0.4698697862681407,0.9924672596968126,1.0,0.5286473484408333,0.9637618188430388,5.2505441595851465e-05
89,0.4739225887212268,0.9994217435490487,1.0,0.5596743471069573,0.9561565899224328,0.0006885453571361388
89,0.47399167050408136,0.99925748435436,1.0,0.5596743471069573,0.9562906972318157,0.00096190708795163
89,0.4727565912927072,0.9973826920745574,1.0,0.5596743471069573,0.9578245918904073,1.1532133181724191e-07
89,0.4691707248806092,0.9904448225057592,1.0,0.5286473484408333,0.9653798774493938,0.00023464332092992812
89,0.46919692136137775,0.9904448225057592,1.0,0.5286473484408333,0.9653798774493938,0.0002885298819018667
90,0.4731255481354461,0.9982914330192598,1.0,0.5596743471069573,0.9570803104587273,2.65759532325216e-06
90,0.4734918343791511,0.9991945391987387,1.0,0.5596743471069573,0.9563420996811287,4.827859608091956e-06
90,0.47382054861091366,1.0,1.0,0.5596743471069573,0.9556848304206005,1.1020054837440618e-05
90,0.4727565912927072,0.9973826920745574,1.0,0.5596743471069573,0.9578245918904073,1.1532133181724191e-07
90,0.4734854486367679,0.9991945391987387,1.0,0.5596743471069573,0.9563501696274701,8.069946341393575e-06
90,0.4738079098518806,1.0,1.0,0.5596743471069573,0.9556993028295374,1.4472408936927472e-05
90,0.4737918675002048,0.9999258332019296,1.0,0.5596743471069573,0.9557453074854152,1.3645163595144005e-05
90,0.47385067648611373,1.0,1.0,0.5596743471069573,0.9556848304206005,7.178270150798305e-05
90,0.47372215941461976,0.9997856000034231,1.0,0.5596743471069573,0.955872297973011,1.2617059739317149e-05
90,0.468749855264624,0.9899217215712738,1.0,0.5251999041445973,0.9660117950428384,7.659281355820724e-07
90,0.472794729505971,0.9974639716307104,1.0,0.5596743471069573,0.9577578616903645,1.0533179174099239e-05
90,0.4737457362473115,0.9997856000034231,1.0,0.5596743471069573,0.9558596809132717,3.495369282280336e-05
90,0.47381030800409724,0.9999258332019296,1.0,0.5596743471069573,0.9557453074854152,5.084184991499541e-05
90,0.4739225887212268,1.0,1.0,0.5596743471069573,0.9556848304206005,0.00021678585530382488
90,0.47389516385477803,0.9999908436051765,1.0,0.5596743471069573,0.9556922962395067,0.0001689576229902956
90,0.473562206173273,0.9993574928322763,1.0,0.5596743471069573,0.9562090413452738,1.3882151374877694e-05
90,0.47371594155658253,0.9997960531615513,1.0,0.5596743471069573,0.955884844475496,3.369020735344286e-05
90,0.4685120187884075,0.9893089693194398,1.0,0.5251999041445973,0.9665021834034622,1.0988099530262474e-06
90,0.47394878520199535,1.0,1.0,0.5596743471069573,0.9556848304206005,0.0002695972581032713
90,0.46820557917661115,0.988812086628997,1.0,0.5213694104821128,0.9671347571412009,2.3293638974353215e-06
90,0.4731255481354461,0.9891254171648359,1.0,0.5251999041445973,0.9666480006666869,0.009570347803282808
90,0.47873109159611876,1.0,1.0,0.5596743471069573,0.9556848304206005,0.00981376192436334
90,0.47376505227854876,0.999935241044245,1.0,0.5596743471069573,0.9557857569752596,4.8121326189365377e-05
90,0.47413730274856525,1.0,1.0,0.5596743471069573,0.9556848304206005,0.0006494714723600525
90,0.4728329615583199,0.9974412014374796,1.0,0.5596743471069573,0.9577765225290236,0.00010663499361152073
90,0.47423541146444687,1.0,1.0,0.5596743471069573,0.9556848304206005,0.0008470469596081331
90,0.4737918675002048,0.9992659288840413,1.0,0.5596743471069573,0.9562838017289962,0.0005521394071761332
90,0.47476080954104166,1.0,1.0,0.5596743471069573,0.9556848304206005,0.0019037262889712858
90,0.47380890827569844,0.9998545625244735,1.0,0.5596743471069573,0.9558034314499637,0.0001061424975989933
90,0.47414444989475196,1.0,1.0,0.5596743471069573,0.9556848304206005,0.0006638674593024696
90,0.472794729505971,0.9999175924465885,1.0,0.5596743471069573,0.9577473285111904,0.0019953007981093895
90,0.4686049855075234,0.989367478682362,1.0,0.5251999041445973,0.9664542648612688,0.00014382618864927643
90,0.4736551728923889,0.9994160021951984,1.0,0.5596743471069573,0.9561612766335494,0.00015379474517696057
90,0.4739225887212268,0.9970225142204442,1.0,0.5596743471069573,0.9581198008647732,0.0026517562994765598
90,0.46798813099858644,0.9878275145803166,1.0,0.5286473484408333,0.9675841311241407,0.00010043117637570376
90,0.47368495996511484,0.9996265887666895,1.0,0.5596743471069573,0.9559894084292698,4.2043848256012595e-05
90,0.468703638639569,0.9897164779695204,1.0,0.5251999041445973,0.9661751073989138,6.805855142266726e-05
90,0.472834305913819,0.9975702560690313,1.0,0.5251999041445973,0.9599446853394245,0.002277520636854269
90,0.4729451617594998,0.9980984730223406,1.0,0.5596743471069573,0.9574426925823684,0.00020448089411650994
90,0.478401196358254,1.0,1.0,0.5213694104821128,0.9583107375248034,0.011787416561695241
91,0.4731255481354461,0.9982914330192598,1.0,0.5596743471069573,0.9570803104587273,2.65759532325216e-06
91,0.4734918343791511,0.9991945391987387,1.0,0.5596743471069573,0.9563420996811287,4.827859608091956e-06
91,0.47382054861091366,1.0,1.0,0.5596743471069573,0.9556848304206005,1.1020054837440618e-05
91,0.4727565912927072,0.9973826920745574,1.0,0.5596743471069573,0.9578245918904073,1.1532133181724191e-07
91,0.4734854486367679,0.9991945391987387,1.0,0.5596743471069573,0.9563501696274701,8.069946341393575e-06
91,0.4738079098518806,1.0,1.0,0.5596743471069573,0.9556993028295374,1.4472408936927472e-05
91,0.4737918675002048,0.9999258332019296,1.0,0.5596743471069573,0.9557453074854152,1.3645163595144005e-05
91,0.47385067648611373,1.0,1.0,0.5596743471069573,0.9556848304206005,7.178270150798305e-05
91,0.47372215941461976,0.9997856000034231,1.0,0.5596743471069573,0.955872297973011,1.2617059739317149e-05
91,0.468749855264624,0.9899217215712738,1.0,0.5251999041445973,0.9660117950428384,7.659281355820724e-07
91,0.472794729505971,0.9974639716307104,1.0,0.5596743471069573,0.9577578616903645,1.0533179174099239e-05
91,0.4737457362473115,0.9997856000034231,1.0,0.5596743471069573,0.9558596809132717,3.495369282280336e-05
91,0.47381030800409724,0.9999258332019296,1.0,0.5596743471069573,0.9557453074854152,5.084184991499541e-05
91,0.47376505227854876,0.999935241044245,1.0,0.5596743471069573,0.9557857569752596,4.8121326189365377e-05
91,0.4739225887212268,1.0,1.0,0.5596743471069573,0.9556848304206005,0.00021678585530382488
91,0.47389516385477803,0.9999908436051765,1.0,0.5596743471069573,0.9556922962395067,0.0001689576229902956
91,0.473562206173273,0.9993574928322763,1.0,0.5596743471069573,0.9562090413452738,1.3882151374877694e-05
91,0.47371594155658253,0.9997960531615513,1.0,0.5596743471069573,0.955884844475496,3.369020735344286e-05
91,0.4685120187884075,0.9893089693194398,1.0,0.5251999041445973,0.9665021834034622,1.0988099530262474e-06
91,0.47394878520199535,1.0,1.0,0.5596743471069573,0.9556848304206005,0.0002695972581032713
91,0.47353453102700405,0.9992676685990578,1.0,0.5596743471069573,0.9562823811540213,3.133830412149763e-05
91,0.469081916423089,0.9907395884215059,1.0,0.5251999041445973,0.9653578754495962,2.991618008063579e-05
91,0.4684472977768057,0.9893089693194398,1.0,0.5251999041445973,0.9666357160317611,0.00013463143825198642
91,0.4742332531274519,1.0,1.0,0.5596743471069573,0.9556848304206005,0.0008427012885816598
91,0.46893958525062013,0.990124088612885,1.0,0.5286473484408333,0.9656370890917874,1.6136301809299702e-05
91,0.4737476678504352,0.9998005641075053,1.0,0.5596743471069573,0.9558474747428555,2.6644689928967402e-05
91,0.47824012601354493,0.9999258332019296,1.0,0.5596743471069573,0.9557453074854152,0.008903199308580856
91,0.47351305352857365,0.9991945391987387,1.0,0.5596743471069573,0.9563420996811287,4.768341189975711e-05
91,0.47383920761066584,0.9997978836082573,1.0,0.5596743471069573,0.9558496611904007,0.00021348366942286479
91,0.47390136957180423,1.0,1.0,0.5596743471069573,0.9556848304206005,0.0001740043390113799
91,0.4685694688886777,0.9897287615743545,1.0,0.5251999041445973,0.9663836830509721,0.00021839747222485162
91,0.47407633542566135,1.0,1.0,0.5596743471069573,0.9556848304206005,0.0005266516970625634
91,0.474208408483552,1.0,1.0,0.5596743471069573,0.9556848304206005,0.000792675367057516
91,0.4783554915118655,1.0,1.0,0.5596743471069573,0.9556848304206005,0.009071073152976172
91,0.4786323156933529,1.0,1.0,0.5596743471069573,0.9556848304206005,0.009618561421947835
91,0.47476253879743235,1.0,1.0,0.5596743471069573,0.9556848304206005,0.0019072003037290397
91,0.473562206173273,0.9997422810473258,1.0,0.5596743471069573,0.956195159193899,0.00030014109083731366
91,0.473074323277977,0.9997960531615513,1.0,0.5596743471069573,0.957181285979468,0.0013301317113254552
91,0.47409915632452926,1.0,1.0,0.5596743471069573,0.9556848304206005,0.0005726285098510697
91,0.4692661411453877,0.9909962995324098,1.0,0.5286473484408333,0.9649489903662604,1.097912108238841e-05
92,0.4731255481354461,0.9982914330192598,1.0,0.5596743471069573,0.9570803104587273,2.65759532325216e-06
92,0.4734918343791511,0.9991945391987387,1.0,0.5596743471069573,0.9563420996811287,4.827859608091956e-06
92,0.47382054861091366,1.0,1.0,0.5596743471069573,0.9556848304206005,1.1020054837440618e-05
92,0.4727565912927072,0.9973826920745574,1.0,0.5596743471069573,0.9578245918904073,1.1532133181724191e-07
92,0.4734854486367679,0.9991945391987387,1.0,0.5596743471069573,0.9563501696274701,8.069946341393575e-06
92,0.4738079098518806,1.0,1.0,0.5596743471069573,0.9556993028295374,1.4472408936927472e-05
92,0.4737918675002048,0.9999258332019296,1.0,0.5596743471069573,0.9557453074854152,1.3645163595144005e-05
92,0.47385067648611373,1.0,1.0,0.5596743471069573,0.9556848304206005,7.178270150798305e-05
92,0.47372215941461976,0.9997856000034231,1.0,0.5596743471069573,0.955872297973011,1.2617059739317149e-05
92,0.468749855264624,0.9899217215712738,1.0,0.5251999041445973,0.9660117950428384,7.659281355820724e-07
92,0.472794729505971,0.9974639716307104,1.0,0.5596743471069573,0.9577578616903645,1.0533179174099239e-05
92,0.47381030800409724,0.9999258332019296,1.0,0.5596743471069573,0.9557453074854152,5.084184991499541e-05
92,0.47376505227854876,0.999935241044245,1.0,0.5596743471069573,0.9557857569752596,4.8121326189365377e-05
92,0.4737476678504352,0.9998005641075053,1.0,0.5596743471069573,0.9558474747428555,2.6644689928967402e-05
92,0.47389516385477803,0.9999908436051765,1.0,0.5596743471069573,0.9556922962395067,0.0001689576229902956
92,0.47390136957180423,1.0,1.0,0.5596743471069573,0.9556848304206005,0.0001740043390113799
92,0.473562206173273,0.9993574928322763,1.0,0.5596743471069573,0.9562090413452738,1.3882151374877694e-05
92,0.4685120187884075,0.9893089693194398,1.0,0.5251999041445973,0.9665021834034622,1.0988099530262474e-06
92,0.4692661411453877,0.9909962995324098,1.0,0.5286473484408333,0.9649489903662604,1.097912108238841e-05
92,0.4739225887212268,1.0,1.0,0.5596743471069573,0.9556848304206005,0.00021678585530382488
92,0.4681392693950285,0.9883935210448569,1.0,0.5286473484408333,0.9672717473459598,0.0002439541904346587
92,0.46812022841624495,0.9883122414887038,1.0,0.5286473484408333,0.9673110915136794,0.0002178614247797528
92,0.47432881765146107,1.0,1.0,0.5596743471069573,0.9556848304206005,0.0010350763456862255
92,0.4769469059183058,1.0,1.0,0.5596743471069573,0.9556848304206005,0.006275402436149435
92,0.46900779870774706,0.990353792364686,1.0,0.5286473484408333,0.9654805108964636,2.7649013740638217e-05
92,0.4699125529023738,0.9924672596968126,1.0,0.5286473484408333,0.9637618188430388,0.00014021240615991193
92,0.47396023505323,1.0,1.0,0.5596743471069573,0.9556848304206005,0.0002926780177427979
92,0.47339072343701605,0.9992103263231098,1.0,0.5596743471069573,0.9565415347222518,0.00021232777529955893
92,0.47783949315554414,1.0,1.0,0.5596743471069573,0.9556848304206005,0.008048865594171395
92,0.47438762663737,1.0,1.0,0.5596743471069573,0.9556848304206005,0.0011534225686157251
92,0.4699187566609886,0.9925340098150759,1.0,0.5286473484408333,0.963708527565295,9.964263770856352e-05
92,0.4731399862519543,0.9983581831375231,1.0,0.5596743471069573,0.9570484471335319,2.274480128683365e-05
92,0.47434380663233694,1.0,1.0,0.5596743471069573,0.9556848304206005,0.0010652427074616666
92,0.47382608207192345,0.9998441853349928,1.0,0.5596743471069573,0.9558118951361485,0.00014924537119798131
92,0.4738449934335084,0.9998872578150181,1.0,0.5596743471069573,0.9557767661607802,0.00015225731139334453
92,0.47828993631440014,1.0,1.0,0.5596743471069573,0.9556848304206005,0.008941328730315834
92,0.4734511042261575,0.9992030062568226,1.0,0.5596743471069573,0.9564195438089863,8.435889753244386e-05
92,0.46899160559558395,0.9900855559310144,1.0,0.5317500483074457,0.9655138465339982,3.4960193625699354e-05
92,0.4692661411453877,0.9909962995324098,1.0,0.5596743471069573,0.9649489903662604,0.0018562111921899271
92,0.4739225887212268,0.9932851265470447,1.0,0.5286473484408333,0.9631093524243759,0.007641307859079238
93,0.4731255481354461,0.9982914330192598,1.0,0.5596743471069573,0.9570803104587273,2.65759532325216e-06
93,0.4734918343791511,0.9991945391987387,1.0,0.5596743471069573,0.9563420996811287,4.827859608091956e-06
93,0.47382054861091366,1.0,1.0,0.5596743471069573,0.9556848304206005,1.1020054837440618e-05
93,0.4727565912927072,0.9973826920745574,1.0,0.5596743471069573,0.9578245918904073,1.1532133181724191e-07
93,0.4734854486367679,0.9991945391987387,1.0,0.5596743471069573,0.9563501696274701,8.069946341393575e-06
93,0.4738079098518806,1.0,1.0,0.5596743471069573,0.9556993028295374,1.4472408936927472e-05
93,0.4737918675002048,0.9999258332019296,1.0,0.5596743471069573,0.9557453074854152,1.3645163595144005e-05
93,0.47385067648611373,1.0,1.0,0.5596743471069573,0.9556848304206005,7.178270150798305e-05
93,0.47372215941461976,0.9997856000034231,1.0,0.5596743471069573,0.955872297973011,1.2617059739317149e-05
93,0.468749855264624,0.9899217215712738,1.0,0.5251999041445973,0.9660117950428384,7.659281355820724e-07
93,0.472794729505971,0.9974639716307104,1.0,0.5596743471069573,0.9577578616903645,1.0533179174099239e-05
93,0.47381030800409724,0.9999258332019296,1.0,0.5596743471069573,0.9557453074854152,5.084184991499541e-05
93,0.47376505227854876,0.999935241044245,1.0,0.5596743471069573,0.9557857569752596,4.8121326189365377e-05
93,0.4737476678504352,0.9998005641075053,1.0,0.5596743471069573,0.9558474747428555,2.6644689928967402e-05
93,0.47389516385477803,0.9999908436051765,1.0,0.5596743471069573,0.9556922962395067,0.0001689576229902956
93,0.47390136957180423,1.0,1.0,0.5596743471069573,0.9556848304206005,0.0001740043390113799
93,0.473562206173273,0.9993574928322763,1.0,0.5596743471069573,0.9562090413452738,1.3882151374877694e-05
93,0.4685120187884075,0.9893089693194398,1.0,0.5251999041445973,0.9665021834034622,1.0988099530262474e-06
93,0.4692661411453877,0.9909962995324098,1.0,0.5286473484408333,0.9649489903662604,1.097912108238841e-05
93,0.4739225887212268,1.0,1.0,0.5596743471069573,0.9556848304206005,0.00021678585530382488
93,0.47354821051744694,0.9993072813837206,1.0,0.5596743471069573,0.956250036430085,2.661701256967408e-05
93,0.4734918343791511,0.9999917592446589,1.0,0.5596743471069573,0.9563372718215206,0.0006457221700569837
93,0.4745222761495096,1.0,1.0,0.5596743471069573,0.9556848304206005,0.0014242785317145623
93,0.4727565912927072,0.9813743719199055,1.0,0.49762034977470926,0.9744478322976629,0.0166232404072556
93,0.47462642296431345,1.0,1.0,0.5596743471069573,0.9556848304206005,0.0016336709969340113
93,0.4773979299254797,1.0,1.0,0.5596743471069573,0.9556848304206005,0.0071723615910165295
93,0.4734061149062382,0.9990683293200828,1.0,0.5596743471069573,0.9565104354628703,6.525040347227229e-05
93,0.4687642933811322,0.9899884716895371,1.0,0.5251999041445973,0.9659820415163598,2.4359915123062237e-05
93,0.4638803423250866,0.9802997939587696,1.0,0.49417290547847326,0.9761523560806021,0.0006583032169917846
93,0.46830472625648567,0.9887770145952238,1.0,0.5251999041445973,0.9669300003206208,2.986448238595507e-06
93,0.4738183902739187,1.0,1.0,0.5596743471069573,0.9556848304206005,6.666770587582249e-06
93,0.47866767152893,1.0,1.0,0.5596743471069573,0.9556848304206005,0.009688440725212799
93,0.4729510172896758,0.9977175744676394,1.0,0.5596743471069573,0.9575500843270294,0.00011924568801124913
93,0.468356429188611,0.9891968068501386,1.0,0.5251999041445973,0.9668232587175294,0.00023240519516787295
93,0.47250451441236957,0.9967390569095752,1.0,0.5596743471069573,0.9583523689860168,1.678634915358579e-05
93,0.4747396584386284,1.0,1.0,0.5596743471069573,0.9556848304206005,0.0018612324264675184
93,0.4727127740950347,0.9973972215124471,1.0,0.5596743471069573,0.9579133755909747,0.00010080781622656687
93,0.47340920680830806,0.9989204023572236,1.0,0.5596743471069573,0.9565660416194788,6.185326069196861e-05
93,0.47382819913401963,0.9909962995324098,1.0,0.5596743471069573,0.9630927791740704,0.007434399305196182
93,0.47176442905478366,0.9951083944978121,1.0,0.5596743471069573,0.9598389815520395,0.00014613003767216526
94,0.4731255481354461,0.9982914330192598,1.0,0.5596743471069573,0.9570803104587273,2.65759532325216e-06
94,0.4734918343791511,0.9991945391987387,1.0,0.5596743471069573,0.9563420996811287,4.827859608091956e-06
94,0.4727565912927072,0.9973826920745574,1.0,0.5596743471069573,0.9578245918904073,1.1532133181724191e-07
94,0.4738183902739187,1.0,1.0,0.5596743471069573,0.9556848304206005,6.666770587582249e-06
94,0.468749855264624,0.9899217215712738,1.0,0.5251999041445973,0.9660117950428384,7.659281355820724e-07
94,0.47382054861091366,1.0,1.0,0.5596743471069573,0.9556848304206005,1.1020054837440618e-05
94,0.4734854486367679,0.9991945391987387,1.0,0.5596743471069573,0.9563501696274701,8.069946341393575e-06
94,0.4685120187884075,0.9893089693194398,1.0,0.5251999041445973,0.9665021834034622,1.0988099530262474e-06
94,0.4738079098518806,1.0,1.0,0.5596743471069573,0.9556993028295374,1.4472408936927472e-05
94,0.4737918675002048,0.9999258332019296,1.0,0.5596743471069573,0.9557453074854152,1.3645163595144005e-05
94,0.47385067648611373,1.0,1.0,0.5596743471069573,0.9556848304206005,7.178270150798305e-05
94,0.47372215941461976,0.9997856000034231,1.0,0.5596743471069573,0.955872297973011,1.2617059739317149e-05
94,0.472794729505971,0.9974639716307104,1.0,0.5596743471069573,0.9577578616903645,1.0533179174099239e-05
94,0.46830472625648567,0.9887770145952238,1.0,0.5251999041445973,0.9669300003206208,2.986448238595507e-06
94,0.47390136957180423,1.0,1.0,0.5596743471069573,0.9556848304206005,0.0001740043390113799
94,0.4692661411453877,0.9909962995324098,1.0,0.5286473484408333,0.9649489903662604,1.097912108238841e-05
94,0.473562206173273,0.9993574928322763,1.0,0.5596743471069573,0.9562090413452738,1.3882151374877694e-05
94,0.47389516385477803,0.9999908436051765,1.0,0.5596743471069573,0.9556922962395067,0.0001689576229902956
94,0.47381030800409724,0.9999258332019296,1.0,0.5596743471069573,0.9557453074854152,5.084184991499541e-05
94,0.4737476678504352,0.9998005641075053,1.0,0.5596743471069573,0.9558474747428555,2.6644689928967402e-05
94,0.4698402600438049,0.992089629576088,1.0,0.5317500483074457,0.963868441630425,9.856573627708975e-05
94,0.47388693145529603,0.9999332498817367,1.0,0.5596743471069573,0.9557392593752216,0.00019932133530042861
94,0.47342519560888185,0.999016347740395,1.0,0.5596743471069573,0.9564876500126062,1.5765288744695738e-05
94,0.47399463440332584,1.0,1.0,0.5596743471069573,0.9556848304206005,0.00036201396940682695
94,0.4741201960843494,1.0,1.0,0.5596743471069573,0.9556848304206005,0.000615012975758833
94,0.47401453284521616,1.0,1.0,0.5596743471069573,0.9556848304206005,0.00040211703417036837
94,0.4730564519126727,0.9982996737746009,1.0,0.5596743471069573,0.9572174468569254,0.00014387853733521805
94,0.47345750998721364,0.999121387598201,1.0,0.5596743471069573,0.9564066036930838,4.758609805755043e-06
94,0.4786233576927559,1.0,1.0,0.5596743471069573,0.9556848304206005,0.009600854676030446
94,0.46931374305299306,0.9910912087779075,1.0,0.5317500483074457,0.9648511167939107,0.00018117269822115478
94,0.477097896804426,1.0,1.0,0.5596743471069573,0.9556848304206005,0.006575869429363945
94,0.47748832321781576,1.0,1.0,0.5596743471069573,0.9556848304206005,0.007351924442149604
94,0.46495247852238186,0.9825433058715778,1.0,0.49727560534508564,0.9739014415869228,0.00035151475210215555
94,0.47305049159799806,0.9981076067956927,1.0,0.5596743471069573,0.9572307360472453,1.2284964095998774e-06
94,0.47484106740004006,1.0,1.0,0.5596743471069573,0.9556848304206005,0.0020649348163396253
94,0.4768014080385704,1.0,1.0,0.5596743471069573,0.9556848304206005,0.005985686306637428
94,0.47463618006293334,0.9993574928322763,1.0,0.5596743471069573,0.9562090413452738,0.002177494356609855
94,0.4644904068084276,0.9813743719199055,1.0,0.49762034977470926,0.9748702717301756,0.0004224394325127445
94,0.46947343367730954,0.9915282542566257,1.0,0.5286473484408333,0.9645229242576937,1.0671410228257905e-05
94,0.4737476678504352,1.0,1.0,0.5596743471069573,0.9558208300529265,0.00013599963232602263
95,0.4731255481354461,0.9982914330192598,1.0,0.5596743471069573,0.9570803104587273,2.65759532325216e-06
95,0.4734918343791511,0.9991945391987387,1.0,0.5596743471069573,0.9563420996811287,4.827859608091956e-06
95,0.4727565912927072,0.9973826920745574,1.0,0.5596743471069573,0.9578245918904073,1.1532133181724191e-07
95,0.4738183902739187,1.0,1.0,0.5596743471069573,0.9556848304206005,6.666770587582249e-06
95,0.47345750998721364,0.999121387598201,1.0,0.5596743471069573,0.9564066036930838,4.758609805755043e-06
95,0.47305049159799806,0.9981076067956927,1.0,0.5596743471069573,0.9572307360472453,1.2284964095998774e-06
95,0.468749855264624,0.9899217215712738,1.0,0.5251999041445973,0.9660117950428384,7.659281355820724e-07
95,0.47382054861091366,1.0,1.0,0.5596743471069573,0.9556848304206005,1.1020054837440618e-05
95,0.4734854486367679,0.9991945391987387,1.0,0.5596743471069573,0.9563501696274701,8.069946341393575e-06
95,0.4685120187884075,0.9893089693194398,1.0,0.5251999041445973,0.9665021834034622,1.0988099530262474e-06
95,0.4738079098518806,1.0,1.0,0.5596743471069573,0.9556993028295374,1.4472408936927472e-05
95,0.4737918675002048,0.9999258332019296,1.0,0.5596743471069573,0.9557453074854152,1.3645163595144005e-05
95,0.47385067648611373,1.0,1.0,0.5596743471069573,0.9556848304206005,7.178270150798305e-05
95,0.47372215941461976,0.9997856000034231,1.0,0.5596743471069573,0.955872297973011,1.2617059739317149e-05
95,0.472794729505971,0.9974639716307104,1.0,0.5596743471069573,0.9577578616903645,1.0533179174099239e-05
95,0.46830472625648567,0.9887770145952238,1.0,0.5251999041445973,0.9669300003206208,2.986448238595507e-06
95,0.47390136957180423,1.0,1.0,0.5596743471069573,0.9556848304206005,0.0001740043390113799
95,0.46947343367730954,0.9915282542566257,1.0,0.5286473484408333,0.9645229242576937,1.0671410228257905e-05
95,0.473562206173273,0.9993574928322763,1.0,0.5596743471069573,0.9562090413452738,1.3882151374877694e-05
95,0.47381030800409724,0.9999258332019296,1.0,0.5596743471069573,0.9557453074854152,5.084184991499541e-05
95,0.4737578113338871,0.9982914330192598,1.0,0.5596743471069573,0.9570803104587273,0.0012799451929140782
95,0.4769456633893159,1.0,1.0,0.5596743471069573,0.9556848304206005,0.006272929054324972
95,0.4699632459880643,0.9924672596968126,1.0,0.5286473484408333,0.9637618188430388,0.0002441544760587444
95,0.4742177571139514,1.0,1.0,0.5596743471069573,0.9556848304206005,0.0008114999126933586
95,0.46994781757388204,0.992632703298023,1.0,0.5286473484408333,0.9636297468029698,8.04500950993825e-05
95,0.46888232606572733,0.9898394004616736,1.0,0.5317500483074457,0.9657388729278903,6.1729918474418e-05
95,0.468749855264624,1.0,1.0,0.5596743471069573,0.9660117950428384,0.010326964622237922
95,0.4739235752162252,1.0,1.0,0.5596743471069573,0.9556848304206005,0.00021877470855868886
95,0.4740416819216605,1.0,1.0,0.5596743471069573,0.9556848304206005,0.0004568275044645187
95,0.4685120187884075,0.99031472487789,1.0,0.5251999041445973,0.9665021834034622,0.0008051438770639852
95,0.47374797241425776,0.9998523501216864,1.0,0.5596743471069573,0.9558202155733677,1.4979691671301865e-05
95,0.47008971755909557,0.9929992144210286,1.0,0.5286473484408333,0.9633373212265315,7.887885041379938e-05
95,0.47385067648611373,1.0,1.0,0.5596743471069573,0.9556848304206005,7.178270150798305e-05
95,0.4769609525349463,1.0,1.0,0.5596743471069573,0.9556848304206005,0.006303362775818666
95,0.4732325485539385,0.9985446972707452,1.0,0.5596743471069573,0.9568731542268737,1.1901755798127134e-05
95,0.47734733039204796,1.0,1.0,0.5251999041445973,0.9580369850396755,0.009423972465064212
95,0.47370487883747436,0.999955658317309,1.0,0.5562269028107213,0.9559473794710578,4.0211633518638656e-05
95,0.4693454748759175,0.9911225094110656,1.0,0.5286473484408333,0.9648369558146752,5.107132055270913e-05
95,0.4725414820970226,0.9969121136663781,1.0,0.5596743471069573,0.9582606104939341,5.024504905870586e-05
95,0.47381030800409724,0.9992696721820012,1.0,0.5596743471069573,0.9562807451221998,0.0005862794866996479
96,0.4731255481354461,0.9982914330192598,1.0,0.5596743471069573,0.9570803104587273,2.65759532325216e-06
96,0.4734918343791511,0.9991945391987387,1.0,0.5596743471069573,0.9563420996811287,4.827859608091956e-06
96,0.4727565912927072,0.9973826920745574,1.0,0.5596743471069573,0.9578245918904073,1.1532133181724191e-07
96,0.4738183902739187,1.0,1.0,0.5596743471069573,0.9556848304206005,6.666770587582249e-06
96,0.47345750998721364,0.999121387598201,1.0,0.5596743471069573,0.9564066036930838,4.758609805755043e-06
96,0.47305049159799806,0.9981076067956927,1.0,0.5596743471069573,0.9572307360472453,1.2284964095998774e-06
96,0.468749855264624,0.9899217215712738,1.0,0.5251999041445973,0.9660117950428384,7.659281355820724e-07
96,0.47382054861091366,1.0,1.0,0.5596743471069573,0.9556848304206005,1.1020054837440618e-05
96,0.4734854486367679,0.9991945391987387,1.0,0.5596743471069573,0.9563501696274701,8.069946341393575e-06
96,0.4685120187884075,0.9893089693194398,1.0,0.5251999041445973,0.9665021834034622,1.0988099530262474e-06
96,0.4738079098518806,1.0,1.0,0.5596743471069573,0.9556993028295374,1.4472408936927472e-05
96,0.4737918675002048,0.9999258332019296,1.0,0.5596743471069573,0.9557453074854152,1.3645163595144005e-05
96,0.47385067648611373,1.0,1.0,0.5596743471069573,0.9556848304206005,7.178270150798305e-05
96,0.47372215941461976,0.9997856000034231,1.0,0.5596743471069573,0.955872297973011,1.2617059739317149e-05
96,0.47385067648611373,1.0,1.0,0.5596743471069573,0.9556848304206005,7.178270150798305e-05
96,0.472794729505971,0.9974639716307104,1.0,0.5596743471069573,0.9577578616903645,1.0533179174099239e-05
96,0.4732325485539385,0.9985446972707452,1.0,0.5596743471069573,0.9568731542268737,1.1901755798127134e-05
96,0.46830472625648567,0.9887770145952238,1.0,0.5251999041445973,0.9669300003206208,2.986448238595507e-06
96,0.47390136957180423,1.0,1.0,0.5596743471069573,0.9556848304206005,0.0001740043390113799
96,0.46947343367730954,0.9915282542566257,1.0,0.5286473484408333,0.9645229242576937,1.0671410228257905e-05
96,0.4731255481354461,0.992181738668062,1.0,0.5286473484408333,0.9639898511395804,0.006912198276176285
96,0.47283283312116703,0.9976568289160725,1.0,0.5596743471069573,0.9576701476704638,7.03039999795374e-05
96,0.4728680379917902,0.9977175744676394,1.0,0.5596743471069573,0.957598849441638,4.876511460860655e-05
96,0.46982728352631964,0.9923190054182448,1.0,0.5286473484408333,0.963880206225213,8.371123707406891e-05
96,0.46853588928475,0.9893757194377031,1.0,0.5251999041445973,0.9664529430201483,5.272042465032101e-06
96,0.4777051161319209,1.0,1.0,0.5596743471069573,0.9556848304206005,0.00778229842571343
96,0.4684811268356638,0.9892431328789559,1.0,0.5251999041445973,0.966565915191153,1.2141048176594893e-05
96,0.4733450544328465,0.9986902275436708,1.0,0.5596743471069573,0.9567541659987427,0.00012034278876693616
96,0.47447100578951956,1.0,1.0,0.5596743471069573,0.9556848304206005,0.0013211631014363734
96,0.4721424657479162,0.9958449817918913,1.0,0.5596743471069573,0.9590867978833081,1.634358751168019e-05
96,0.473423285826817,0.9992009184807944,1.0,0.5596743471069573,0.9564757431163442,0.00013885319731199441
96,0.4702724822505314,0.9932731219135784,1.0,0.5596743471069573,0.9628840857248907,0.0016772879236284233
96,0.4689476376247452,1.0,1.0,0.5286473484408333,0.965604371959765,0.0078115655830625075
96,0.46947236768216843,0.9914968164291642,1.0,0.5317500483074457,0.9645251143264162,0.00018097464776800631
96,0.46848918525898386,0.9892209824334062,1.0,0.5286473484408333,0.9665492894129284,0.00018706084677955204
96,0.47345425319985734,0.999016347740395,1.0,0.5596743471069573,0.9564876500126062,7.446740950778352e-05
96,0.47016752303466824,0.9985446972707452,1.0,0.5286473484408333,0.9630990379566773,0.004160055043327837
96,0.4696617175759426,0.9922041471036344,1.0,0.5251999041445973,0.9641909600901937,5.470591719591855e-05
96,0.4691438924077947,0.9908943746473051,1.0,0.5251999041445973,0.9652343835234998,3.3948349854040494e-05
96,0.4734004061653119,0.9989475940391882,1.0,0.5596743471069573,0.9565438232877355,2.1853254580372905e-05
97,0.4731255481354461,0.9982914330192598,1.0,0.5596743471069573,0.9570803104587273,2.65759532325216e-06
97,0.4734918343791511,0.9991945391987387,1.0,0.5596743471069573,0.9563420996811287,4.827859608091956e-06
97,0.4727565912927072,0.9973826920745574,1.0,0.5596743471069573,0.9578245918904073,1.1532133181724191e-07
97,0.4738183902739187,1.0,1.0,0.5596743471069573,0.9556848304206005,6.666770587582249e-06
97,0.47345750998721364,0.999121387598201,1.0,0.5596743471069573,0.9564066036930838,4.758609805755043e-06
97,0.47305049159799806,0.9981076067956927,1.0,0.5596743471069573,0.9572307360472453,1.2284964095998774e-06
97,0.468749855264624,0.9899217215712738,1.0,0.5251999041445973,0.9660117950428384,7.659281355820724e-07
97,0.47382054861091366,1.0,1.0,0.5596743471069573,0.9556848304206005,1.1020054837440618e-05
97,0.4734854486367679,0.9991945391987387,1.0,0.5596743471069573,0.9563501696274701,8.069946341393575e-06
97,0.4685120187884075,0.9893089693194398,1.0,0.5251999041445973,0.9665021834034622,1.0988099530262474e-06
97,0.46853588928475,0.9893757194377031,1.0,0.5251999041445973,0.9664529430201483,5.272042465032101e-06
97,0.4738079098518806,1.0,1.0,0.5596743471069573,0.9556993028295374,1.4472408936927472e-05
97,0.4737918675002048,0.9999258332019296,1.0,0.5596743471069573,0.9557453074854152,1.3645163595144005e-05
97,0.47385067648611373,1.0,1.0,0.5596743471069573,0.9556848304206005,7.178270150798305e-05
97,0.47372215941461976,0.9997856000034231,1.0,0.5596743471069573,0.955872297973011,1.2617059739317149e-05
97,0.47385067648611373,1.0,1.0,0.5596743471069573,0.9556848304206005,7.178270150798305e-05
97,0.472794729505971,0.9974639716307104,1.0,0.5596743471069573,0.9577578616903645,1.0533179174099239e-05
97,0.4732325485539385,0.9985446972707452,1.0,0.5596743471069573,0.9568731542268737,1.1901755798127134e-05
97,0.46830472625648567,0.9887770145952238,1.0,0.5251999041445973,0.9669300003206208,2.986448238595507e-06
97,0.47390136957180423,1.0,1.0,0.5596743471069573,0.9556848304206005,0.0001740043390113799
97,0.473934790234045,1.0,1.0,0.5596743471069573,0.9556848304206005,0.0002413845043348628
97,0.47350990823691136,0.9990217608372586,1.0,0.5596743471069573,0.9564832277226057,0.00018245926349547137
97,0.4735374581562726,0.9991945391987387,1.0,0.5596743471069573,0.9563420996811287,9.696781115553499e-05
97,0.4781201601294676,1.0,1.0,0.5596743471069573,0.9556848304206005,0.008605148596336765
97,0.47450664809576837,0.999121387598201,1.0,0.5596743471069573,0.9564018450832781,0.002109864266649053
97,0.4735275321048795,0.9995436491837779,1.0,0.5562269028107213,0.9562821554684011,1.6978854121108e-05
97,0.4693997344071882,0.991168823549115,1.0,0.5286473484408333,0.9647998788397896,0.00012551726722087597
97,0.4693810300981288,0.9914715864554189,1.0,0.5251999041445973,0.9647742109777067,6.140821087352588e-05
97,0.47411482539647115,1.0,1.0,0.5596743471069573,0.9556848304206005,0.0006041941158416719
97,0.4730547584344881,0.9893089693194398,1.0,0.5596743471069573,0.964496061538124,0.00727518795980564
97,0.4731399862519543,0.9893757194377031,1.0,0.5596743471069573,0.9644404573110148,0.007392010177482922
97,0.469312865474091,0.9909962995324098,1.0,0.5286473484408333,0.964938011245178,8.509025401592929e-05
97,0.47320272352898085,0.9999258332019296,1.0,0.5596743471069573,0.9569215615294487,0.0011762540440335423
97,0.4737824351203705,0.9999258332019296,1.0,0.5596743471069573,0.955750689671446,5.382186030855607e-06
97,0.46399560437437215,0.9803598690652066,1.0,0.49417290547847326,0.9759098681784032,0.00046297944897211174
97,0.4727181013218974,0.9973826920745574,1.0,0.5596743471069573,0.9579025805276135,7.810395853802277e-05
97,0.46834223965421873,0.9887295805131926,1.0,0.5286473484408333,0.9668525509117625,9.519991768369707e-05
97,0.4690537621042209,0.9904098278602598,1.0,0.5286473484408333,0.9654079332102345,2.2031433238201004e-05
97,0.46830472625648567,0.9896326866926715,1.0,0.5286473484408333,0.9669300003206208,0.0008985094444770025
97,0.4786016987551461,1.0,1.0,0.5596743471069573,0.9556848304206005,0.009558040006097612
98,0.4731255481354461,0.9982914330192598,1.0,0.5596743471069573,0.9570803104587273,2.65759532325216e-06
98,0.4734918343791511,0.9991945391987387,1.0,0.5596743471069573,0.9563420996811287,4.827859608091956e-06
98,0.4727565912927072,0.9973826920745574,1.0,0.5596743471069573,0.9578245918904073,1.1532133181724191e-07
98,0.4738183902739187,1.0,1.0,0.5596743471069573,0.9556848304206005,6.666770587582249e-06
98,0.47345750998721364,0.999121387598201,1.0,0.5596743471069573,0.9564066036930838,4.758609805755043e-06
98,0.47305049159799806,0.9981076067956927,1.0,0.5596743471069573,0.9572307360472453,1.2284964095998774e-06
98,0.4737824351203705,0.9999258332019296,1.0,0.5596743471069573,0.955750689671446,5.382186030855607e-06
98,0.468749855264624,0.9899217215712738,1.0,0.5251999041445973,0.9660117950428384,7.659281355820724e-07
98,0.47382054861091366,1.0,1.0,0.5596743471069573,0.9556848304206005,1.1020054837440618e-05
98,0.4734854486367679,0.9991945391987387,1.0,0.5596743471069573,0.9563501696274701,8.069946341393575e-06
98,0.4685120187884075,0.9893089693194398,1.0,0.5251999041445973,0.9665021834034622,1.0988099530262474e-06
98,0.46853588928475,0.9893757194377031,1.0,0.5251999041445973,0.9664529430201483,5.272042465032101e-06
98,0.4738079098518806,1.0,1.0,0.5596743471069573,0.9556993028295374,1.4472408936927472e-05
98,0.4737918675002048,0.9999258332019296,1.0,0.5596743471069573,0.9557453074854152,1.3645163595144005e-05
98,0.47385067648611373,1.0,1.0,0.5596743471069573,0.9556848304206005,7.178270150798305e-05
98,0.47372215941461976,0.9997856000034231,1.0,0.5596743471069573,0.955872297973011,1.2617059739317149e-05
98,0.47385067648611373,1.0,1.0,0.5596743471069573,0.9556848304206005,7.178270150798305e-05
98,0.472794729505971,0.9974639716307104,1.0,0.5596743471069573,0.9577578616903645,1.0533179174099239e-05
98,0.4732325485539385,0.9985446972707452,1.0,0.5596743471069573,0.9568731542268737,1.1901755798127134e-05
98,0.46830472625648567,0.9887770145952238,1.0,0.5251999041445973,0.9669300003206208,2.986448238595507e-06
98,0.4735590079438162,0.9993418353971282,1.0,0.5596743471069573,0.9562218243998604,2.0207443640840594e-05
98,0.47288133727934006,0.9976569316276297,1.0,0.5596743471069573,0.9575997595298322,2.7841543139062175e-05
98,0.46856494687572553,0.9893757194377031,1.0,0.5251999041445973,0.9664476709776832,5.466157920841486e-05
98,0.4685619241237854,0.9892209824334062,1.0,0.5596743471069573,0.9663992437213839,0.00182987582497951
98,0.47443530423774266,0.999121387598201,1.0,0.5596743471069573,0.9564018450832781,0.0019663613046164707
98,0.4685641512435396,0.9891689251275819,1.0,0.5286473484408333,0.966404067786528,9.41743157178987e-06
98,0.4741101255028145,1.0,1.0,0.5596743471069573,0.9556848304206005,0.0005947263209703513
98,0.47344850603171246,0.999016347740395,1.0,0.5596743471069573,0.9564876500126062,6.285755691604056e-05
98,0.4782829835868768,1.0,1.0,0.5596743471069573,0.9556848304206005,0.008927566062995829
98,0.472771667979847,0.997491385314862,1.0,0.5596743471069573,0.9577940468669758,5.865036147267855e-05
98,0.47370772129811156,0.9997188498851598,1.0,0.5596743471069573,0.9559141332153157,1.2701253232050291e-05
98,0.4689628949646907,0.9904536762954897,1.0,0.5251999041445973,0.9655860840581698,1.3127279184788065e-05
98,0.47880974548058397,1.0,1.0,0.5596743471069573,0.9556848304206005,0.009969139784332337
98,0.4721330107281715,0.9958333092189473,1.0,0.5596743471069573,0.9590963949203747,6.734108921380155e-06
98,0.4689746142521013,0.9901976211511045,1.0,0.5286473484408333,0.9655781051582106,2.9277248099091047e-05
98,0.472781736077306,0.9974485285150413,1.0,0.5596743471069573,0.9577736502165697,3.1325346621091654e-06
98,0.4741091698817005,1.0,1.0,0.5596743471069573,0.9556848304206005,0.0005928012279214911
98,0.4692661411453877,0.9909295494141463,1.0,0.5286473484408333,0.9649914680389535,4.247767269316416e-05
98,0.4777931912523289,1.0,1.0,0.5596743471069573,0.9556848304206005,0.007957032245688778
98,0.46830472625648567,0.9887770145952238,1.0,0.5286473484408333,0.9669300003206208,0.0002108068597109769
99,0.4731255481354461,0.9982914330192598,1.0,0.5596743471069573,0.9570803104587273,2.65759532325216e-06
99,0.4734918343791511,0.9991945391987387,1.0,0.5596743471069573,0.9563420996811287,4.827859608091956e-06
99,0.4727565912927072,0.9973826920745574,1.0,0.5596743471069573,0.9578245918904073,1.1532133181724191e-07
99,0.4738183902739187,1.0,1.0,0.5596743471069573,0.9556848304206005,6.666770587582249e-06
99,0.47345750998721364,0.999121387598201,1.0,0.5596743471069573,0.9564066036930838,4.758609805755043e-06
99,0.47305049159799806,0.9981076067956927,1.0,0.5596743471069573,0.9572307360472453,1.2284964095998774e-06
99,0.4737824351203705,0.9999258332019296,1.0,0.5596743471069573,0.955750689671446,5.382186030855607e-06
99,0.468749855264624,0.9899217215712738,1.0,0.5251999041445973,0.9660117950428384,7.659281355820724e-07
99,0.47382054861091366,1.0,1.0,0.5596743471069573,0.9556848304206005,1.1020054837440618e-05
99,0.472781736077306,0.9974485285150413,1.0,0.5596743471069573,0.9577736502165697,3.1325346621091654e-06
99,0.4734854486367679,0.9991945391987387,1.0,0.5596743471069573,0.9563501696274701,8.069946341393575e-06
99,0.4685120187884075,0.9893089693194398,1.0,0.5251999041445973,0.9665021834034622,1.0988099530262474e-06
99,0.47385067648611373,1.0,1.0,0.5596743471069573,0.9556848304206005,7.178270150798305e-05
99,0.47385067648611373,1.0,1.0,0.5596743471069573,0.9556848304206005,7.178270150798305e-05
99,0.4721330107281715,0.9958333092189473,1.0,0.5596743471069573,0.9590963949203747,6.734108921380155e-06
99,0.4738079098518806,1.0,1.0,0.5596743471069573,0.9556993028295374,1.4472408936927472e-05
99,0.46853588928475,0.9893757194377031,1.0,0.5251999041445973,0.9664529430201483,5.272042465032101e-06
99,0.472794729505971,0.9974639716307104,1.0,0.5596743471069573,0.9577578616903645,1.0533179174099239e-05
99,0.4732325485539385,0.9985446972707452,1.0,0.5596743471069573,0.9568731542268737,1.1901755798127134e-05
99,0.47372215941461976,0.9997856000034231,1.0,0.5596743471069573,0.955872297973011,1.2617059739317149e-05
99,0.4731288049228024,0.9983964728770658,1.0,0.5596743471069573,0.9570710648088198,7.668393353199576e-05
99,0.47465523552869754,1.0,1.0,0.5596743471069573,0.9556848304206005,0.0016915838952676898
99,0.4744807254158015,1.0,1.0,0.5596743471069573,0.9556848304206005,0.0013407130170957071
99,0.472781736077306,0.9974485285150413,1.0,0.5596743471069573,0.9577736502165697,3.1325346621091654e-06
99,0.47345750998721364,1.0,1.0,0.5596743471069573,0.9564066036930838,0.0007217732724833503
99,0.47478043664184566,1.0,1.0,0.5596743471069573,0.9556848304206005,0.0019431549519733915
99,0.47334068121268563,0.9989976470502073,1.0,0.5562269028107213,0.9567262322690925,8.357066748987396e-05
99,0.4731757732204767,0.9984211815910726,1.0,0.5596743471069573,0.9569760641745597,1.8940423865965172e-06
99,0.473756775873898,0.9997602959671733,1.0,0.5596743471069573,0.9558803221636535,7.786786590624484e-05
99,0.47210397577710633,0.9958449817918913,1.0,0.5596743471069573,0.9591486459561218,6.18480728137305e-05
99,0.4718330348955901,0.9950863677380946,1.0,0.5596743471069573,0.9597109886379122,1.1570353720569138e-05
99,0.47420452633512383,1.0,1.0,0.5596743471069573,0.9556848304206005,0.000784857995301036
99,0.4727203188481371,0.997381778396778,1.0,0.5596743471069573,0.9578980870162956,7.286155594765642e-05
99,0.47235407973135785,0.9963471591713003,1.0,0.5596743471069573,0.958674127136946,3.333509561875836e-05
99,0.4730982238746146,0.9958333092189473,1.0,0.5596743471069573,0.9590963949203747,0.001963465080546123
99,0.47283283312116703,0.9976568289160725,1.0,0.5596743471069573,0.9576701476704638,7.03039999795374e-05
99,0.46784922612586594,0.9876921473530743,1.0,0.5251999041445973,0.967871407756841,7.433275599477707e-05
99,0.4727508441245623,0.9974639716307104,1.0,0.5596743471069573,0.9578362360345472,7.837434418267453e-05
99,0.46988813883636676,0.9924796022161401,1.0,0.5286473484408333,0.963751964408315,8.029090331740374e-05
99,0.47245694381927145,0.9997856000034231,1.0,0.5596743471069573,0.9584320752221728,0.0025723943089011048
100,0.4734918343791511,0.9991945391987387,1.0,0.5596743471069573,0.9563420996811287,4.827859608091956e-06
100,0.4727565912927072,0.9973826920745574,1.0,0.5596743471069573,0.9578245918904073,1.1532133181724191e-07
100,0.4738183902739187,1.0,1.0,0.5596743471069573,0.9556848304206005,6.666770587582249e-06
100,0.47345750998721364,0.999121387598201,1.0,0.5596743471069573,0.9564066036930838,4.758609805755043e-06
100,0.47305049159799806,0.9981076067956927,1.0,0.5596743471069573,0.9572307360472453,1.2284964095998774e-06
100,0.4737824351203705,0.9999258332019296,1.0,0.5596743471069573,0.955750689671446,5.382186030855607e-06
100,0.4731757732204767,0.9984211815910726,1.0,0.5596743471069573,0.9569760641745597,1.8940423865965172e-06
100,0.468749855264624,0.9899217215712738,1.0,0.5251999041445973,0.9660117950428384,7.659281355820724e-07
100,0.47382054861091366,1.0,1.0,0.5596743471069573,0.9556848304206005,1.1020054837440618e-05
100,0.4734854486367679,0.9991945391987387,1.0,0.5596743471069573,0.9563501696274701,8.069946341393575e-06
100,0.4731255481354461,0.9982914330192598,1.0,0.5596743471069573,0.9570803104587273,2.65759532325216e-06
100,0.4685120187884075,0.9893089693194398,1.0,0.5251999041445973,0.9665021834034622,1.0988099530262474e-06
100,0.47385067648611373,1.0,1.0,0.5596743471069573,0.9556848304206005,7.178270150798305e-05
100,0.47385067648611373,1.0,1.0,0.5596743471069573,0.9556848304206005,7.178270150798305e-05
100,0.4738079098518806,1.0,1.0,0.5596743471069573,0.9556993028295374,1.4472408936927472e-05
100,0.47372215941461976,0.9997856000034231,1.0,0.5596743471069573,0.955872297973011,1.2617059739317149e-05
100,0.4732325485539385,0.9985446972707452,1.0,0.5596743471069573,0.9568731542268737,1.1901755798127134e-05
100,0.472781736077306,0.9974485285150413,1.0,0.5596743471069573,0.9577736502165697,3.1325346621091654e-06
100,0.472794729505971,0.9974639716307104,1.0,0.5596743471069573,0.9577578616903645,1.0533179174099239e-05
100,0.472781736077306,0.9974485285150413,1.0,0.5596743471069573,0.9577736502165697,3.1325346621091654e-06
100,0.4732434571586188,0.9985699105715504,1.0,0.5596743471069573,0.9568525368844746,1.334075872649887e-05
100,0.4737104653288213,0.9997717011993209,1.0,0.5596743471069573,0.9558958947762471,2.4876326944811566e-05
100,0.47721587471420596,1.0,1.0,0.5596743471069573,0.9556848304206005,0.006810509341968696
100,0.4740160597199106,1.0,1.0,0.5596743471069573,0.9556848304206005,0.0004051941387708258
100,0.4783799983562856,1.0,1.0,0.5596743471069573,0.9556848304206005,0.009119567061807055
100,0.469254766262258,0.9909295494141463,1.0,0.5286473484408333,0.9649914680389535,1.9087005709406135e-05
100,0.4740531417760614,1.0,1.0,0.5596743471069573,0.9556848304206005,0.0004799193750699704
100,0.47245303101289476,0.9967236137939061,1.0,0.5251999041445973,0.9606116070334874,0.002171594177557412
100,0.46935805178354084,0.9914272947461176,1.0,0.5251999041445973,0.9648095028281736,4.947071449623586e-05
100,0.47251026158051446,0.9967390569095752,1.0,0.5596743471069573,0.9583523689860168,2.8442637215020383e-05
100,0.4723876989341353,0.99647587543901,1.0,0.5596743471069573,0.9585725668542979,4.147004200594218e-06
100,0.4738815684388574,1.0,1.0,0.5596743471069573,0.9556848304206005,0.00013407833614587084
100,0.4740221542240591,1.0,1.0,0.5596743471069573,0.9556848304206005,0.0004174761716717601
100,0.4684000388835166,0.9887992539785684,1.0,0.5286473484408333,0.9667332440639208,3.1939432659000566e-05
100,0.47345373005595925,0.9992009184807944,1.0,0.5596743471069573,0.9564142393942645,7.734947523230229e-05
100,0.474740898628832,1.0,1.0,0.5596743471069573,0.9556848304206005,0.0018637241491800127
100,0.47272833963240835,0.9973131938565184,1.0,0.5596743471069573,0.9578818343543555,3.900124707634234e-07
100,0.4737392976636918,0.9998041056479396,1.0,0.5596743471069573,0.955844585973457,6.868153644146169e-06
100,0.4695720718219358,0.9916878448438251,1.0,0.5286473484408333,0.9643846110627343,6.429415161157692e-05
100,0.47309649054447056,0.9982914330192598,1.0,0.5596743471069573,0.9571364365818754,5.612612314809251e-05
101,0.4734918343791511,0.9991945391987387,1.0,0.5596743471069573,0.9563420996811287,4.827859608091956e-06
101,0.4727565912927072,0.9973826920745574,1.0,0.5596743471069573,0.9578245918904073,1.1532133181724191e-07
101,0.4738183902739187,1.0,1.0,0.5596743471069573,0.9556848304206005,6.666770587582249e-06
101,0.47345750998721364,0.999121387598201,1.0,0.5596743471069573,0.9564066036930838,4.758609805755043e-06
101,0.47305049159799806,0.9981076067956927,1.0,0.5596743471069573,0.9572307360472453,1.2284964095998774e-06
101,0.4737824351203705,0.9999258332019296,1.0,0.5596743471069573,0.955750689671446,5.382186030855607e-06
101,0.4731757732204767,0.9984211815910726,1.0,0.5596743471069573,0.9569760641745597,1.8940423865965172e-06
101,0.47272833963240835,0.9973131938565184,1.0,0.5596743471069573,0.9578818343543555,3.900124707634234e-07
101,0.47382054861091366,1.0,1.0,0.5596743471069573,0.9556848304206005,1.1020054837440618e-05
101,0.4737392976636918,0.9998041056479396,1.0,0.5596743471069573,0.955844585973457,6.868153644146169e-06
101,0.4731255481354461,0.9982914330192598,1.0,0.5596743471069573,0.9570803104587273,2.65759532325216e-06
101,0.468749855264624,0.9899217215712738,1.0,0.5251999041445973,0.9660117950428384,7.659281355820724e-07
101,0.47385067648611373,1.0,1.0,0.5596743471069573,0.9556848304206005,7.178270150798305e-05
101,0.47385067648611373,1.0,1.0,0.5596743471069573,0.9556848304206005,7.178270150798305e-05
101,0.4738079098518806,1.0,1.0,0.5596743471069573,0.9556993028295374,1.4472408936927472e-05
101,0.4734854486367679,0.9991945391987387,1.0,0.5596743471069573,0.9563501696274701,8.069946341393575e-06
101,0.47372215941461976,0.9997856000034231,1.0,0.5596743471069573,0.955872297973011,1.2617059739317149e-05
101,0.472781736077306,0.9974485285150413,1.0,0.5596743471069573,0.9577736502165697,3.1325346621091654e-06
101,0.472781736077306,0.9974485285150413,1.0,0.5596743471069573,0.9577736502165697,3.1325346621091654e-06
101,0.4685120187884075,0.9893089693194398,1.0,0.5251999041445973,0.9665021834034622,1.0988099530262474e-06
101,0.4734918343791511,0.9980371948998742,1.0,0.5596743471069573,0.9572883690050698,0.0009510971835491322
101,0.4693396579668163,0.9911103218689007,1.0,0.5286473484408333,0.9648467131779013,4.8871305609266e-05
101,0.47354908650938254,0.9992750852788648,1.0,0.5596743471069573,0.956276325074095,5.467452072949186e-05
101,0.47752511077607274,1.0,1.0,0.5596743471069573,0.9556848304206005,0.007424982070252106
101,0.47305049159799806,1.0,1.0,0.5596743471069573,0.9572295075508357,0.0015446771302352058
101,0.47418033410544824,1.0,1.0,0.5596743471069573,0.9556848304206005,0.0007361399069707453
101,0.4739340556382633,1.0,1.0,0.5596743471069573,0.9556848304206005,0.0002399035710378694
101,0.47272833963240835,0.9990217608372586,1.0,0.5596743471069573,0.9578818343543555,0.0013986066317497325
101,0.47349798007756355,0.9992298113550302,1.0,0.5596743471069573,0.9563248591805209,1.1564344180370334e-05
101,0.47181012287978097,0.9950304029859078,1.0,0.5596743471069573,0.9597570743626141,1.1051211059931454e-05
101,0.47310652833534056,0.9982392796766604,1.0,0.5596743471069573,0.9571229820769531,6.852835578663452e-06
101,0.47334184462286905,0.9989284276012818,1.0,0.5596743471069573,0.9566403103034347,8.082623917526899e-05
101,0.4686956071294483,0.9897955116926179,1.0,0.5251999041445973,0.9661236039386971,1.1686676271605023e-05
101,0.4748030669479846,1.0,1.0,0.5596743471069573,0.9556848304206005,0.001988612674448831
101,0.4735078343789417,0.9992390484413047,1.0,0.5596743471069573,0.9563057517481746,7.94906482415314e-07
101,0.4684712222327208,0.9889755588954228,1.0,0.5286473484408333,0.9665863507080715,2.6833077284460494e-05
101,0.4723737062035547,0.9964378060880902,1.0,0.5596743471069573,0.9586009618463676,1.2806663441944366e-06
101,0.47466285406080894,1.0,1.0,0.5596743471069573,0.9556848304206005,0.0017068958753504448
101,0.46893888397014605,0.9901414821668382,1.0,0.5286473484408333,0.9656231361068288,7.392670154926506e-07
101,0.4738121865153039,1.0,1.0,0.5596743471069573,0.9556906766178026,5.846197202119541e-06
102,0.4727565912927072,0.9973826920745574,1.0,0.5596743471069573,0.9578245918904073,1.1532133181724191e-07
102,0.4738183902739187,1.0,1.0,0.5596743471069573,0.9556848304206005,6.666770587582249e-06
102,0.4737824351203705,0.9999258332019296,1.0,0.5596743471069573,0.955750689671446,5.382186030855607e-06
102,0.4735078343789417,0.9992390484413047,1.0,0.5596743471069573,0.9563057517481746,7.94906482415314e-07
102,0.4738121865153039,1.0,1.0,0.5596743471069573,0.9556906766178026,5.846197202119541e-06
102,0.47272833963240835,0.9973131938565184,1.0,0.5596743471069573,0.9578818343543555,3.900124707634234e-07
102,0.47382054861091366,1.0,1.0,0.5596743471069573,0.9556848304206005,1.1020054837440618e-05
102,0.4734918343791511,0.9991945391987387,1.0,0.5596743471069573,0.9563420996811287,4.827859608091956e-06
102,0.47345750998721364,0.999121387598201,1.0,0.5596743471069573,0.9564066036930838,4.758609805755043e-06
102,0.47305049159799806,0.9981076067956927,1.0,0.5596743471069573,0.9572307360472453,1.2284964095998774e-06
102,0.4731757732204767,0.9984211815910726,1.0,0.5596743471069573,0.9569760641745597,1.8940423865965172e-06
102,0.4737392976636918,0.9998041056479396,1.0,0.5596743471069573,0.955844585973457,6.868153644146169e-06
102,0.46893888397014605,0.9901414821668382,1.0,0.5286473484408333,0.9656231361068288,7.392670154926506e-07
102,0.47385067648611373,1.0,1.0,0.5596743471069573,0.9556848304206005,7.178270150798305e-05
102,0.47385067648611373,1.0,1.0,0.5596743471069573,0.9556848304206005,7.178270150798305e-05
102,0.4723737062035547,0.9964378060880902,1.0,0.5596743471069573,0.9586009618463676,1.2806663441944366e-06
102,0.4738079098518806,1.0,1.0,0.5596743471069573,0.9556993028295374,1.4472408936927472e-05
102,0.4731255481354461,0.9982914330192598,1.0,0.5596743471069573,0.9570803104587273,2.65759532325216e-06
102,0.4734854486367679,0.9991945391987387,1.0,0.5596743471069573,0.9563501696274701,8.069946341393575e-06
102,0.47349798007756355,0.9992298113550302,1.0,0.5596743471069573,0.9563248591805209,1.1564344180370334e-05
102,0.4727565912927072,0.9999194539198739,1.0,0.5596743471069573,0.9578245918904073,0.0020740821940081755
102,0.4734179807552873,0.9990154340626156,1.0,0.5596743471069573,0.95648839645661,1.935174861911193e-06
102,0.473532179434194,0.9993068302195272,1.0,0.5596743471069573,0.9562557916572035,5.3868559086733825e-06
102,0.4691002787057557,0.9903218731488931,1.0,0.5317500483074457,0.965290172839575,1.5265906374573035e-06
102,0.4728583464527816,0.9977280118105998,1.0,0.5596743471069573,0.9576184760521314,7.694080015896443e-05
102,0.47272833963240835,1.0,1.0,0.5596743471069573,0.9578818343543555,0.002197003933754993
102,0.4741876197070847,1.0,1.0,0.5596743471069573,0.9556848304206005,0.0007508121072529184
102,0.46886770062094185,0.9899651772499839,1.0,0.5596743471069573,0.9657689973329503,0.001819245069381692
102,0.4737820586401038,1.0,1.0,0.5596743471069573,0.9557514491372536,6.6618716653144e-05
102,0.4747635289349709,1.0,1.0,0.5596743471069573,0.9556848304206005,0.0019091894435333545
102,0.4741592343825685,1.0,1.0,0.5596743471069573,0.9556848304206005,0.0006936454215097365
102,0.47369832010079055,0.9997123695872945,1.0,0.5596743471069573,0.9559204031460229,9.83153785827362e-07
102,0.4738684496211164,1.0,1.0,0.5596743471069573,0.9556848304206005,0.00010762437800104774
102,0.4689098263791705,0.9901414821668382,1.0,0.5286473484408333,0.9656822349131611,5.909880633225839e-05
102,0.4732293503244817,0.9985290398355972,1.0,0.5596743471069573,0.9568859581003984,1.823886677920772e-05
102,0.46890039399933625,0.9901414821668382,1.0,0.5286473484408333,0.9657016605347558,7.852442792699588e-05
102,0.4733809551480092,0.9988509041391845,1.0,0.5596743471069573,0.9566228341319808,6.1561027698942e-05
102,0.4741503239595495,1.0,1.0,0.5596743471069573,0.9556848304206005,0.0006756988442537804
102,0.47370902020666655,0.9997114040623571,1.0,0.5596743471069573,0.9559202076956853,2.139681213741973e-05
102,0.4731569346924497,0.9983881229192635,1.0,0.5596743471069573,0.9570141657409666,1.2954706891110668e-05
103,0.4727565912927072,0.9973826920745574,1.0,0.5596743471069573,0.9578245918904073,1.1532133181724191e-07
103,0.4738183902739187,1.0,1.0,0.5596743471069573,0.9556848304206005,6.666770587582249e-06
103,0.4737824351203705,0.9999258332019296,1.0,0.5596743471069573,0.955750689671446,5.382186030855607e-06
103,0.4735078343789417,0.9992390484413047,1.0,0.5596743471069573,0.9563057517481746,7.94906482415314e-07
103,0.4738121865153039,1.0,1.0,0.5596743471069573,0.9556906766178026,5.846197202119541e-06
103,0.47369832010079055,0.9997123695872945,1.0,0.5596743471069573,0.9559204031460229,9.83153785827362e-07
103,0.47272833963240835,0.9973131938565184,1.0,0.5596743471069573,0.9578818343543555,3.900124707634234e-07
103,0.47382054861091366,1.0,1.0,0.5596743471069573,0.9556848304206005,1.1020054837440618e-05
103,0.4737392976636918,0.9998041056479396,1.0,0.5596743471069573,0.955844585973457,6.868153644146169e-06
103,0.4734918343791511,0.9991945391987387,1.0,0.5596743471069573,0.9563420996811287,4.827859608091956e-06
103,0.47345750998721364,0.999121387598201,1.0,0.5596743471069573,0.9564066036930838,4.758609805755043e-06
103,0.47305049159799806,0.9981076067956927,1.0,0.5596743471069573,0.9572307360472453,1.2284964095998774e-06
103,0.4731757732204767,0.9984211815910726,1.0,0.5596743471069573,0.9569760641745597,1.8940423865965172e-06
103,0.4734179807552873,0.9990154340626156,1.0,0.5596743471069573,0.95648839645661,1.935174861911193e-06
103,0.473532179434194,0.9993068302195272,1.0,0.5596743471069573,0.9562557916572035,5.3868559086733825e-06
103,0.46893888397014605,0.9901414821668382,1.0,0.5286473484408333,0.9656231361068288,7.392670154926506e-07
103,0.47385067648611373,1.0,1.0,0.5596743471069573,0.9556848304206005,7.178270150798305e-05
103,0.47385067648611373,1.0,1.0,0.5596743471069573,0.9556848304206005,7.178270150798305e-05
103,0.4738079098518806,1.0,1.0,0.5596743471069573,0.9556993028295374,1.4472408936927472e-05
103,0.4723737062035547,0.9964378060880902,1.0,0.5596743471069573,0.9586009618463676,1.2806663441944366e-06
103,0.4730873714046092,0.9981901692502733,1.0,0.5596743471069573,0.9571631680718772,8.281914847807492e-06
103,0.47411221715321117,1.0,1.0,0.5596743471069573,0.9556848304206005,0.000598939911168217
103,0.47285656743221355,0.9976444228671016,1.0,0.5596743471069573,0.9576220788845312,1.207213049470024e-05
103,0.4734568044662981,0.9991249888612066,1.0,0.5596743471069573,0.9564080288808832,9.125276430044238e-06
103,0.4693504924729954,0.991159779647889,1.0,0.5286473484408333,0.9648071187000957,3.154826103890507e-05
103,0.477843373621931,1.0,1.0,0.5596743471069573,0.9556848304206005,0.008056561148203967
103,0.4680533338793635,0.9877414449550989,1.0,0.5317500483074457,0.9674493403470176,7.846789623866535e-05
103,0.4730031205588387,0.9979032902385366,1.0,0.5596743471069573,0.9573979939725448,7.262033875965468e-05
103,0.4751025421324549,1.0,1.0,0.5596743471069573,0.9556848304206005,0.002589763636207776
103,0.4736659604625972,0.9996456194690312,1.0,0.5596743471069573,0.955985709165252,1.1828892988452466e-05
103,0.47383409706503093,1.0,1.0,0.5596743471069573,0.9556848304206005,3.8345869555533874e-05
103,0.47258197215099595,0.9969527185864595,1.0,0.5596743471069573,0.9581785082851242,1.4544935922344848e-06
103,0.47240160487107835,0.9965224426948993,1.0,0.5596743471069573,0.9585443496562521,1.416609531834645e-05
103,0.4736944711037096,0.9997123695872945,1.0,0.5596743471069573,0.955928170462422,8.750470184892833e-06
103,0.47276796617583694,0.9973826920745574,1.0,0.5596743471069573,0.9578244765690754,2.2930112259289537e-05
103,0.4738412441062794,1.0,1.0,0.5596743471069573,0.9556848304206005,5.2760074554791814e-05
103,0.47290135260913824,0.9977420042482479,1.0,0.5596743471069573,0.957531389200726,1.3146692813270633e-06
103,0.47399075272063174,1.0,1.0,0.5596743471069573,0.9556848304206005,0.0003541904833687104
103,0.47317455770850264,0.9983292792699274,1.0,0.5596743471069573,0.957049347627004,7.082512951983588e-05
103,0.4737041233594885,0.999741132628565,1.0,0.5596743471069573,0.9559086923478498,1.2737387107386589e-05
104,0.4727565912927072,0.9973826920745574,1.0,0.5596743471069573,0.9578245918904073,1.1532133181724191e-07
104,0.4738183902739187,1.0,1.0,0.5596743471069573,0.9556848304206005,6.666770587582249e-06
104,0.4737824351203705,0.9999258332019296,1.0,0.5596743471069573,0.955750689671446,5.382186030855607e-06
104,0.4735078343789417,0.9992390484413047,1.0,0.5596743471069573,0.9563057517481746,7.94906482415314e-07
104,0.4738121865153039,1.0,1.0,0.5596743471069573,0.9556906766178026,5.846197202119541e-06
104,0.47369832010079055,0.9997123695872945,1.0,0.5596743471069573,0.9559204031460229,9.83153785827362e-07
104,0.47272833963240835,0.9973131938565184,1.0,0.5596743471069573,0.9578818343543555,3.900124707634234e-07
104,0.47382054861091366,1.0,1.0,0.5596743471069573,0.9556848304206005,1.1020054837440618e-05
104,0.4737392976636918,0.9998041056479396,1.0,0.5596743471069573,0.955844585973457,6.868153644146169e-06
104,0.4734918343791511,0.9991945391987387,1.0,0.5596743471069573,0.9563420996811287,4.827859608091956e-06
104,0.47345750998721364,0.999121387598201,1.0,0.5596743471069573,0.9564066036930838,4.758609805755043e-06
104,0.47305049159799806,0.9981076067956927,1.0,0.5596743471069573,0.9572307360472453,1.2284964095998774e-06
104,0.4731757732204767,0.9984211815910726,1.0,0.5596743471069573,0.9569760641745597,1.8940423865965172e-06
104,0.4734179807552873,0.9990154340626156,1.0,0.5596743471069573,0.95648839645661,1.935174861911193e-06
104,0.473532179434194,0.9993068302195272,1.0,0.5596743471069573,0.9562557916572035,5.3868559086733825e-06
104,0.46893888397014605,0.9901414821668382,1.0,0.5286473484408333,0.9656231361068288,7.392670154926506e-07
104,0.47383409706503093,1.0,1.0,0.5596743471069573,0.9556848304206005,3.8345869555533874e-05
104,0.4723737062035547,0.9964378060880902,1.0,0.5596743471069573,0.9586009618463676,1.2806663441944366e-06
104,0.4738079098518806,1.0,1.0,0.5596743471069573,0.9556993028295374,1.4472408936927472e-05
104,0.4730873714046092,0.9981901692502733,1.0,0.5596743471069573,0.9571631680718772,8.281914847807492e-06
104,0.4730256204352393,0.998013864333419,1.0,0.5596743471069573,0.9573074671394796,2.7629522362238035e-05
104,0.4727441159743315,0.9973859801188062,1.0,0.5596743471069573,0.957849868073236,2.808652129226985e-05
104,0.4682616508356386,0.9882499964410703,1.0,0.5317500483074457,0.9670189482763848,5.930186442226759e-05
104,0.47335238078883646,0.9988391291457613,1.0,0.5596743471069573,0.956632457197049,1.3440377007012394e-05
104,0.47334721037014066,0.9988471706224634,1.0,0.5596743471069573,0.9566294660647625,3.5807561226119944e-06
104,0.4729211007457674,0.997786505683405,1.0,0.5596743471069573,0.9574936270856812,2.222272690866056e-06
104,0.47315882983311414,0.9983693375882369,1.0,0.5596743471069573,0.9570165776124656,6.244995481408111e-06
104,0.4691406237607986,0.9904341641696816,1.0,0.5317500483074457,0.9652071600218821,8.878475401319363e-06
104,0.47385868226549827,1.0,1.0,0.5596743471069573,0.9556848304206005,8.792765675980085e-05
104,0.47280701171507744,0.9975106098428299,1.0,0.5596743471069573,0.9577224489035628,2.805931214377999e-06
104,0.4728693846232797,0.9976553420258846,1.0,0.5596743471069573,0.9576010617233758,4.939319698360478e-06
104,0.4744418700794881,1.0,1.0,0.5596743471069573,0.9556848304206005,0.0012625551564582338
104,0.4750495809250371,1.0,1.0,0.5596743471069573,0.9556848304206005,0.0024835072212113785
104,0.4734179807552873,0.9975847766409003,1.0,0.5596743471069573,0.9576588727036202,0.0011724114218720771
104,0.47349377688244654,0.9991945391987387,1.0,0.5596743471069573,0.9563420996811287,8.751223311787015e-06
104,0.4731085707181944,0.9982542832318791,1.0,0.5596743471069573,0.9571119974253636,1.2916431648690718e-06
104,0.47392302838397565,1.0,1.0,0.5596743471069573,0.9556848304206005,0.0002176722517878149
104,0.4733840901767518,0.998929733077044,1.0,0.5596743471069573,0.9565584173491074,3.4791579355264446e-06
104,0.47335669428420946,0.9988559316172236,1.0,0.5596743471069573,0.9566187255152937,8.425951696700018e-06
104,0.4729661976636535,0.9978587426561248,1.0,0.5596743471069573,0.9574344706759742,3.4361840120400444e-05
105,0.4727565912927072,0.9973826920745574,1.0,0.5596743471069573,0.9578245918904073,1.1532133181724191e-07
105,0.4738183902739187,1.0,1.0,0.5596743471069573,0.9556848304206005,6.666770587582249e-06
105,0.4737824351203705,0.9999258332019296,1.0,0.5596743471069573,0.955750689671446,5.382186030855607e-06
105,0.4735078343789417,0.9992390484413047,1.0,0.5596743471069573,0.9563057517481746,7.94906482415314e-07
105,0.4738121865153039,1.0,1.0,0.5596743471069573,0.9556906766178026,5.846197202119541e-06
105,0.47369832010079055,0.9997123695872945,1.0,0.5596743471069573,0.9559204031460229,9.83153785827362e-07
105,0.47272833963240835,0.9973131938565184,1.0,0.5596743471069573,0.9578818343543555,3.900124707634234e-07
105,0.47382054861091366,1.0,1.0,0.5596743471069573,0.9556848304206005,1.1020054837440618e-05
105,0.4737392976636918,0.9998041056479396,1.0,0.5596743471069573,0.955844585973457,6.868153644146169e-06
105,0.4734918343791511,0.9991945391987387,1.0,0.5596743471069573,0.9563420996811287,4.827859608091956e-06
105,0.47345750998721364,0.999121387598201,1.0,0.5596743471069573,0.9564066036930838,4.758609805755043e-06
105,0.47305049159799806,0.9981076067956927,1.0,0.5596743471069573,0.9572307360472453,1.2284964095998774e-06
105,0.4731757732204767,0.9984211815910726,1.0,0.5596743471069573,0.9569760641745597,1.8940423865965172e-06
105,0.4734179807552873,0.9990154340626156,1.0,0.5596743471069573,0.95648839645661,1.935174861911193e-06
105,0.473532179434194,0.9993068302195272,1.0,0.5596743471069573,0.9562557916572035,5.3868559086733825e-06
105,0.4731085707181944,0.9982542832318791,1.0,0.5596743471069573,0.9571119974253636,1.2916431648690718e-06
105,0.46893888397014605,0.9901414821668382,1.0,0.5286473484408333,0.9656231361068288,7.392670154926506e-07
105,0.47383409706503093,1.0,1.0,0.5596743471069573,0.9556848304206005,3.8345869555533874e-05
105,0.4723737062035547,0.9964378060880902,1.0,0.5596743471069573,0.9586009618463676,1.2806663441944366e-06
105,0.4738079098518806,1.0,1.0,0.5596743471069573,0.9556993028295374,1.4472408936927472e-05
105,0.47311241971527535,0.9982542832318791,1.0,0.5596743471069573,0.9571107057821987,6.494923247113427e-06
105,0.46893135808409725,0.9901414821668382,1.0,0.5286473484408333,0.9656378941273885,1.4758020559724194e-05
105,0.47792424188321997,1.0,1.0,0.5596743471069573,0.9556848304206005,0.008216906750306063
105,0.47402595379260404,1.0,1.0,0.5596743471069573,0.9556848304206005,0.0004251331443639872
105,0.4731312450018502,0.9983067891920018,1.0,0.5596743471069573,0.9570677469604774,1.6180527891984653e-06
105,0.4744516444913172,1.0,1.0,0.5596743471069573,0.9556848304206005,0.0012822176794274887
105,0.4728617278783594,0.9973131938565184,1.0,0.5596743471069573,0.9578814443418847,0.00026981620196731004
105,0.4729350624135973,0.9978181118732701,1.0,0.5596743471069573,0.9574677430434743,4.6046416218858965e-06
105,0.47450301606830203,1.0,1.0,0.5596743471069573,0.9556848304206005,0.0013855450883824005
105,0.4735911807496614,0.9994681162098159,1.0,0.5596743471069573,0.9561366586331834,1.7921095075146276e-05
105,0.4734932499028064,0.999216028775138,1.0,0.5596743471069573,0.9563344128197754,9.86274479475302e-06
105,0.47475969040428534,1.0,1.0,0.5596743471069573,0.9556848304206005,0.0019014779694310757
105,0.47383511377366294,1.0,1.0,0.5596743471069573,0.9556848304206005,4.039640148045809e-05
105,0.47344586996500987,0.9990875972777424,1.0,0.5596743471069573,0.9564301176675116,6.71925287298869e-07
105,0.4687674468204821,0.9897154931354474,1.0,0.5286473484408333,0.965975543271238,1.054072253503513e-05
105,0.47426724306905405,1.0,1.0,0.5596743471069573,0.9556848304206005,0.0009111332298855634
105,0.47345556748391815,0.999121387598201,1.0,0.5596743471069573,0.956410527657872,8.682574593965597e-06
105,0.472065944810619,0.9956721615135858,1.0,0.5596743471069573,0.9592289114567256,2.9937754677522577e-06
105,0.4727285649056992,0.9973567924543961,1.0,0.5596743471069573,0.9578813778869265,3.567229614276357e-05
105,0.46920834186157107,0.990580740520328,1.0,0.5317500483074457,0.9650803570068929,1.2499699301837808e-05
106,0.4727565912927072,0.9973826920745574,1.0,0.5596743471069573,0.9578245918904073,1.1532133181724191e-07
106,0.4738183902739187,1.0,1.0,0.5596743471069573,0.9556848304206005,6.666770587582249e-06
106,0.4737824351203705,0.9999258332019296,1.0,0.5596743471069573,0.955750689671446,5.382186030855607e-06
106,0.4735078343789417,0.9992390484413047,1.0,0.5596743471069573,0.9563057517481746,7.94906482415314e-07
106,0.4738121865153039,1.0,1.0,0.5596743471069573,0.9556906766178026,5.846197202119541e-06
106,0.47369832010079055,0.9997123695872945,1.0,0.5596743471069573,0.9559204031460229,9.83153785827362e-07
106,0.47344586996500987,0.9990875972777424,1.0,0.5596743471069573,0.9564301176675116,6.71925287298869e-07
106,0.47272833963240835,0.9973131938565184,1.0,0.5596743471069573,0.9578818343543555,3.900124707634234e-07
106,0.47382054861091366,1.0,1.0,0.5596743471069573,0.9556848304206005,1.1020054837440618e-05
106,0.4737392976636918,0.9998041056479396,1.0,0.5596743471069573,0.955844585973457,6.868153644146169e-06
106,0.4734918343791511,0.9991945391987387,1.0,0.5596743471069573,0.9563420996811287,4.827859608091956e-06
106,0.47345750998721364,0.999121387598201,1.0,0.5596743471069573,0.9564066036930838,4.758609805755043e-06
106,0.473532179434194,0.9993068302195272,1.0,0.5596743471069573,0.9562557916572035,5.3868559086733825e-06
106,0.47305049159799806,0.9981076067956927,1.0,0.5596743471069573,0.9572307360472453,1.2284964095998774e-06
106,0.4731757732204767,0.9984211815910726,1.0,0.5596743471069573,0.9569760641745597,1.8940423865965172e-06
106,0.4734179807552873,0.9990154340626156,1.0,0.5596743471069573,0.95648839645661,1.935174861911193e-06
106,0.4731085707181944,0.9982542832318791,1.0,0.5596743471069573,0.9571119974253636,1.2916431648690718e-06
106,0.4731312450018502,0.9983067891920018,1.0,0.5596743471069573,0.9570677469604774,1.6180527891984653e-06
106,0.46893888397014605,0.9901414821668382,1.0,0.5286473484408333,0.9656231361068288,7.392670154926506e-07
106,0.47383409706503093,1.0,1.0,0.5596743471069573,0.9556848304206005,3.8345869555533874e-05
106,0.4738898650375696,1.0,1.0,0.5596743471069573,0.9556848304206005,0.00015080758424190766
106,0.47312434433780703,0.9983305776597898,1.0,0.5596743471069573,0.9570800880114371,3.180258345658604e-05
106,0.4731616371084757,0.9984211815910726,1.0,0.5596743471069573,0.9570046546597891,3.048452761600373e-05
106,0.4741429267568642,1.0,1.0,0.5596743471069573,0.9556848304206005,0.0006607995476514139
106,0.4738258179210211,1.0,1.0,0.5596743471069573,0.9556848304206005,2.1647887824327583e-05
106,0.472894330411702,0.9977363251882468,1.0,0.5596743471069573,0.9575456079680483,1.0881954220387513e-05
106,0.474229998776768,1.0,1.0,0.5596743471069573,0.9556848304206005,0.0008361487905588216
106,0.47347088178825814,0.9991403925755251,1.0,0.5596743471069573,0.9563863222302038,6.729445894193553e-06
106,0.473243998462081,0.9985890065078438,1.0,0.5596743471069573,0.9568381016789718,1.179171627341269e-06
106,0.4730640424995679,0.9981398908328083,1.0,0.5596743471069573,0.957204313905174,2.226157248319538e-06
106,0.4728871573683507,0.9977070322558172,1.0,0.5596743471069573,0.9575601326089384,1.4131287260354952e-06
106,0.4735727026404401,0.9993957921395589,1.0,0.5596743471069573,0.9561777746851368,3.8090081290187427e-06
106,0.47339702773515957,0.9989711790749269,1.0,0.5596743471069573,0.9565287963173706,4.24339008864294e-06
106,0.4735169792887797,0.9992500173587231,1.0,0.5596743471069573,0.9562967946121661,1.0306638480783725e-05
106,0.4777293624825899,1.0,1.0,0.5596743471069573,0.9556848304206005,0.007830407625079472
106,0.4696260292422145,0.9918346929748364,1.0,0.5286473484408333,0.9642671970805274,5.767521327415537e-05
106,0.47037192502433445,0.9934712926812175,1.0,0.5317500483074457,0.9627619408985667,8.142145609546514e-05
106,0.47340793044160123,0.9990397238582837,1.0,0.5596743471069573,0.9565067672131318,3.821423800021151e-05
106,0.4735669397020833,0.9993855537552352,1.0,0.5596743471069573,0.9561861328283338,5.312638748922183e-07
106,0.47374544328798146,0.9998089854435035,1.0,0.5596743471069573,0.9558406056474883,1.528735481903798e-05
107,0.4727565912927072,0.9973826920745574,1.0,0.5596743471069573,0.9578245918904073,1.1532133181724191e-07
107,0.4738183902739187,1.0,1.0,0.5596743471069573,0.9556848304206005,6.666770587582249e-06
107,0.4737824351203705,0.9999258332019296,1.0,0.5596743471069573,0.955750689671446,5.382186030855607e-06
107,0.4738121865153039,1.0,1.0,0.5596743471069573,0.9556906766178026,5.846197202119541e-06
107,0.47369832010079055,0.9997123695872945,1.0,0.5596743471069573,0.9559204031460229,9.83153785827362e-07
107,0.4735669397020833,0.9993855537552352,1.0,0.5596743471069573,0.9561861328283338,5.312638748922183e-07
107,0.47272833963240835,0.9973131938565184,1.0,0.5596743471069573,0.9578818343543555,3.900124707634234e-07
107,0.47382054861091366,1.0,1.0,0.5596743471069573,0.9556848304206005,1.1020054837440618e-05
107,0.4737392976636918,0.9998041056479396,1.0,0.5596743471069573,0.955844585973457,6.868153644146169e-06
107,0.4735727026404401,0.9993957921395589,1.0,0.5596743471069573,0.9561777746851368,3.8090081290187427e-06
107,0.4735078343789417,0.9992390484413047,1.0,0.5596743471069573,0.9563057517481746,7.94906482415314e-07
107,0.47344586996500987,0.9990875972777424,1.0,0.5596743471069573,0.9564301176675116,6.71925287298869e-07
107,0.4738258179210211,1.0,1.0,0.5596743471069573,0.9556848304206005,2.1647887824327583e-05
107,0.47374544328798146,0.9998089854435035,1.0,0.5596743471069573,0.9558406056474883,1.528735481903798e-05
107,0.473532179434194,0.9993068302195272,1.0,0.5596743471069573,0.9562557916572035,5.3868559086733825e-06
107,0.4734918343791511,0.9991945391987387,1.0,0.5596743471069573,0.9563420996811287,4.827859608091956e-06
107,0.47345750998721364,0.999121387598201,1.0,0.5596743471069573,0.9564066036930838,4.758609805755043e-06
107,0.4734179807552873,0.9990154340626156,1.0,0.5596743471069573,0.95648839645661,1.935174861911193e-06
107,0.46893888397014605,0.9901414821668382,1.0,0.5286473484408333,0.9656231361068288,7.392670154926506e-07
107,0.473243998462081,0.9985890065078438,1.0,0.5596743471069573,0.9568381016789718,1.179171627341269e-06
107,0.4736262299012993,0.9995208570186784,1.0,0.5596743471069573,0.9560756913257047,9.788441566738193e-06
107,0.473572470763944,0.9993899455712426,1.0,0.5596743471069573,0.9561825475319952,8.11368109210342e-06
107,0.47332039722948716,0.9987685501673479,1.0,0.5596743471069573,0.9566901423336729,6.48413917581081e-06
107,0.4728608286875329,0.9976444228671016,1.0,0.5596743471069573,0.9576134491315016,3.4423774650793604e-06
107,0.47369832010079055,0.9998820436415838,1.0,0.5596743471069573,0.9559204031460229,0.0001393845801163085
107,0.4735669397020833,0.9907653349692638,1.0,0.5286473484408333,0.9651230097400831,0.008937408175624273
107,0.47302324138648116,0.9980359044166275,1.0,0.5596743471069573,0.9572894253565425,4.773144274605734e-06
107,0.4728683545735817,0.9976444228671016,1.0,0.5596743471069573,0.9576100067540365,1.1798417593467114e-05
107,0.47388207370199265,1.0,1.0,0.5596743471069573,0.9556848304206005,0.0001350971646575383
107,0.47382687023012593,1.0,1.0,0.5596743471069573,0.9556848304206005,2.3770293979819e-05
107,0.47341204941313175,0.9990147036201174,1.0,0.5596743471069573,0.9564984450250095,9.451820472961003e-06
107,0.4737893470353996,0.9999199342719715,1.0,0.5596743471069573,0.9557501179739954,1.3371350411128802e-05
107,0.47328929041463624,0.9986949012666371,1.0,0.5596743471069573,0.9567503452516015,3.8092739680362087e-06
107,0.4735055391291784,0.9992471711107156,1.0,0.5596743471069573,0.956309592391944,1.0473573814229198e-05
107,0.47744730568318156,1.0,1.0,0.5596743471069573,0.9556848304206005,0.007270453089664786
107,0.47385312488995474,1.0,1.0,0.5596743471069573,0.9556848304206005,7.672036368366886e-05
107,0.4738692810985977,1.0,1.0,0.5596743471069573,0.9556848304206005,0.00010930108708195885
107,0.47355684960682126,0.9993418353971282,1.0,0.5596743471069573,0.9562218243998604,1.5849349524144074e-05
107,0.47393123513210056,1.0,1.0,0.5596743471069573,0.9556848304206005,0.00023421743326335065
107,0.4744132619454263,1.0,1.0,0.5596743471069573,0.9556848304206005,0.0012050014526835406
108,0.4727565912927072,0.9973826920745574,1.0,0.5596743471069573,0.9578245918904073,1.1532133181724191e-07
108,0.4738183902739187,1.0,1.0,0.5596743471069573,0.9556848304206005,6.666770587582249e-06
108,0.4737824351203705,0.9999258332019296,1.0,0.5596743471069573,0.955750689671446,5.382186030855607e-06
108,0.4738121865153039,1.0,1.0,0.5596743471069573,0.9556906766178026,5.846197202119541e-06
108,0.47369832010079055,0.9997123695872945,1.0,0.5596743471069573,0.9559204031460229,9.83153785827362e-07
108,0.4735669397020833,0.9993855537552352,1.0,0.5596743471069573,0.9561861328283338,5.312638748922183e-07
108,0.47272833963240835,0.9973131938565184,1.0,0.5596743471069573,0.9578818343543555,3.900124707634234e-07
108,0.47382054861091366,1.0,1.0,0.5596743471069573,0.9556848304206005,1.1020054837440618e-05
108,0.4737392976636918,0.9998041056479396,1.0,0.5596743471069573,0.955844585973457,6.868153644146169e-06
108,0.4735727026404401,0.9993957921395589,1.0,0.5596743471069573,0.9561777746851368,3.8090081290187427e-06
108,0.4735078343789417,0.9992390484413047,1.0,0.5596743471069573,0.9563057517481746,7.94906482415314e-07
108,0.47344586996500987,0.9990875972777424,1.0,0.5596743471069573,0.9564301176675116,6.71925287298869e-07
108,0.4738258179210211,1.0,1.0,0.5596743471069573,0.9556848304206005,2.1647887824327583e-05
108,0.46893888397014605,0.9901414821668382,1.0,0.5286473484408333,0.9656231361068288,7.392670154926506e-07
108,0.473243998462081,0.9985890065078438,1.0,0.5596743471069573,0.9568381016789718,1.179171627341269e-06
108,0.4737893470353996,0.9999199342719715,1.0,0.5596743471069573,0.9557501179739954,1.3371350411128802e-05
108,0.4736262299012993,0.9995208570186784,1.0,0.5596743471069573,0.9560756913257047,9.788441566738193e-06
108,0.473572470763944,0.9993899455712426,1.0,0.5596743471069573,0.9561825475319952,8.11368109210342e-06
108,0.4734179807552873,0.9990154340626156,1.0,0.5596743471069573,0.95648839645661,1.935174861911193e-06
108,0.473532179434194,0.9993068302195272,1.0,0.5596743471069573,0.9562557916572035,5.3868559086733825e-06
108,0.47381051653833317,0.9999978923571553,1.0,0.5596743471069573,0.9556940450137372,7.496103579751612e-06
108,0.4738183902739187,0.9967320201448441,1.0,0.5596743471069573,0.9583581441205804,0.0026799804705675
108,0.47348416062181764,0.9991859498115797,1.0,0.5596743471069573,0.9563527711787277,3.656706022980849e-06
108,0.4729846037340766,0.9979317410604391,1.0,0.5596743471069573,0.957374699413727,1.1847549135968194e-05
108,0.4735272014785194,0.9993028775851205,1.0,0.5596743471069573,0.956265844298149,1.2212194784533281e-05
108,0.47348870537865406,0.9991788375499682,1.0,0.5596743471069573,0.9563549230147965,1.1331338634068544e-05
108,0.46928921012286007,0.9907819934611481,1.0,0.5317500483074457,0.9649185005507454,1.6944444623745447e-05
108,0.4735332608732107,0.9993015968375398,1.0,0.5596743471069573,0.9562546778314888,1.070038453399036e-06
108,0.4685581115179902,0.9889895767925544,1.0,0.5596743471069573,0.9664071072056746,0.0016448812151064196
108,0.47320417050561914,0.9984874709941446,1.0,0.5596743471069573,0.9569199529844822,1.31755591670224e-06
108,0.4735481758910175,0.9993396255182672,1.0,0.5596743471069573,0.956223628623024,1.3928526743089975e-07
108,0.47341692844618244,0.9989889732284943,1.0,0.5596743471069573,0.9565100146601481,2.1427304427446003e-05
108,0.4740187979691711,1.0,1.0,0.5596743471069573,0.9556848304206005,0.0004107124721434152
108,0.4735997634991426,0.9994576129104609,1.0,0.5596743471069573,0.9561273107070571,7.979534793256526e-06
108,0.4736499368771707,0.9995945492846022,1.0,0.5596743471069573,0.9560180501779965,2.4977043420193468e-06
108,0.4737893470353996,0.997208905915599,1.0,0.5596743471069573,0.957966944190011,0.002230197566426728
108,0.4737836688043025,0.9999174375454194,1.0,0.5596743471069573,0.955752154034009,3.953039028670169e-06
108,0.47297937095646325,0.9979297671932033,1.0,0.5596743471069573,0.9573763155057554,2.871917304747562e-06
108,0.46907874830333746,0.9902693420782864,1.0,0.5317500483074457,0.9653344790161018,3.5520520825782498e-06
108,0.47261359159420085,0.9970543264850834,1.0,0.5596743471069573,0.9581144029115217,2.0694791289077585e-05
109,0.4727565912927072,0.9973826920745574,1.0,0.5596743471069573,0.9578245918904073,1.1532133181724191e-07
109,0.4738183902739187,1.0,1.0,0.5596743471069573,0.9556848304206005,6.666770587582249e-06
109,0.4737824351203705,0.9999258332019296,1.0,0.5596743471069573,0.955750689671446,5.382186030855607e-06
109,0.4738121865153039,1.0,1.0,0.5596743471069573,0.9556906766178026,5.846197202119541e-06
109,0.47369832010079055,0.9997123695872945,1.0,0.5596743471069573,0.9559204031460229,9.83153785827362e-07
109,0.4735669397020833,0.9993855537552352,1.0,0.5596743471069573,0.9561861328283338,5.312638748922183e-07
109,0.4735481758910175,0.9993396255182672,1.0,0.5596743471069573,0.956223628623024,1.3928526743089975e-07
109,0.4737836688043025,0.9999174375454194,1.0,0.5596743471069573,0.955752154034009,3.953039028670169e-06
109,0.47382054861091366,1.0,1.0,0.5596743471069573,0.9556848304206005,1.1020054837440618e-05
109,0.47381051653833317,0.9999978923571553,1.0,0.5596743471069573,0.9556940450137372,7.496103579751612e-06
109,0.4736499368771707,0.9995945492846022,1.0,0.5596743471069573,0.9560180501779965,2.4977043420193468e-06
109,0.47272833963240835,0.9973131938565184,1.0,0.5596743471069573,0.9578818343543555,3.900124707634234e-07
109,0.4735078343789417,0.9992390484413047,1.0,0.5596743471069573,0.9563057517481746,7.94906482415314e-07
109,0.47344586996500987,0.9990875972777424,1.0,0.5596743471069573,0.9564301176675116,6.71925287298869e-07
109,0.4735332608732107,0.9993015968375398,1.0,0.5596743471069573,0.9562546778314888,1.070038453399036e-06
109,0.4737392976636918,0.9998041056479396,1.0,0.5596743471069573,0.955844585973457,6.868153644146169e-06
109,0.4738258179210211,1.0,1.0,0.5596743471069573,0.9556848304206005,2.1647887824327583e-05
109,0.46893888397014605,0.9901414821668382,1.0,0.5286473484408333,0.9656231361068288,7.392670154926506e-07
109,0.473243998462081,0.9985890065078438,1.0,0.5596743471069573,0.9568381016789718,1.179171627341269e-06
109,0.4737893470353996,0.9999199342719715,1.0,0.5596743471069573,0.9557501179739954,1.3371350411128802e-05
109,0.4738473608195072,1.0,1.0,0.5596743471069573,0.9556848304206005,6.509596116410776e-05
109,0.4738183902739187,0.9992694632416017,1.0,0.5596743471069573,0.9562809157328199,0.0006027520828070232
109,0.4738205963580542,0.999994240481094,1.0,0.5596743471069573,0.9556895265242421,1.5812462210829104e-05
109,0.47471325687902416,1.0,1.0,0.5596743471069573,0.9556848304206005,0.0018081847599942247
109,0.47372537027048917,0.9997724536805682,1.0,0.5596743471069573,0.9558704046270359,4.5854460940519814e-06
109,0.4739269568154167,1.0,1.0,0.5596743471069573,0.9556848304206005,0.0002255922216547468
109,0.47363011824393386,0.9995525319015615,1.0,0.5596743471069573,0.9560580539073508,8.212935762585971e-06
109,0.4691254976408187,0.9999174375454194,1.0,0.5317500483074457,0.9652382814155184,0.0075983027734575215
109,0.4736816877402908,0.9996444211266702,1.0,0.5596743471069573,0.955974858045761,2.0889716341399023e-05
109,0.47362819311336035,0.9995296478760402,1.0,0.5596743471069573,0.9560685168089308,6.576864784668679e-06
109,0.47395510595396645,1.0,1.0,0.5596743471069573,0.9556848304206005,0.00028233885035455764
109,0.4735713391074159,0.9993804437663747,1.0,0.5596743471069573,0.9561903044508492,1.3585704412122368e-05
109,0.47347200887967705,0.9991596564329681,1.0,0.5596743471069573,0.9563773161402636,6.7276081575640134e-06
109,0.47368312870312074,0.9996688554937248,1.0,0.5596743471069573,0.9559549215718572,3.861292248052983e-06
109,0.4737124854550983,0.9997411326285651,1.0,0.5596743471069573,0.9558959549607424,4.136560926903954e-06
109,0.4738453783412539,1.0,1.0,0.5596743471069573,0.9556848304206005,6.10978313425603e-05
109,0.46918713495297076,0.9907520323605413,1.0,0.5286473484408333,0.9651336675193629,2.218986442059645e-05
109,0.4732452672511929,0.9985852131864987,1.0,0.5596743471069573,0.9568400241851823,4.487826662180616e-06
109,0.47257764179012035,0.9969460197046415,1.0,0.5596743471069573,0.9581872883423009,4.739077828164184e-06
109,0.47382595775972297,1.0,1.0,0.5596743471069573,0.9556848304206005,2.1929929566510964e-05
110,0.4727565912927072,0.9973826920745574,1.0,0.5596743471069573,0.9578245918904073,1.1532133181724191e-07
110,0.4738183902739187,1.0,1.0,0.5596743471069573,0.9556848304206005,6.666770587582249e-06
110,0.4737824351203705,0.9999258332019296,1.0,0.5596743471069573,0.955750689671446,5.382186030855607e-06
110,0.4738121865153039,1.0,1.0,0.5596743471069573,0.9556906766178026,5.846197202119541e-06
110,0.47369832010079055,0.9997123695872945,1.0,0.5596743471069573,0.9559204031460229,9.83153785827362e-07
110,0.4735669397020833,0.9993855537552352,1.0,0.5596743471069573,0.9561861328283338,5.312638748922183e-07
110,0.4735481758910175,0.9993396255182672,1.0,0.5596743471069573,0.956223628623024,1.3928526743089975e-07
110,0.4737836688043025,0.9999174375454194,1.0,0.5596743471069573,0.955752154034009,3.953039028670169e-06
110,0.47382054861091366,1.0,1.0,0.5596743471069573,0.9556848304206005,1.1020054837440618e-05
110,0.47381051653833317,0.9999978923571553,1.0,0.5596743471069573,0.9556940450137372,7.496103579751612e-06
110,0.4736499368771707,0.9995945492846022,1.0,0.5596743471069573,0.9560180501779965,2.4977043420193468e-06
110,0.47368312870312074,0.9996688554937248,1.0,0.5596743471069573,0.9559549215718572,3.861292248052983e-06
110,0.47272833963240835,0.9973131938565184,1.0,0.5596743471069573,0.9578818343543555,3.900124707634234e-07
110,0.4735078343789417,0.9992390484413047,1.0,0.5596743471069573,0.9563057517481746,7.94906482415314e-07
110,0.47344586996500987,0.9990875972777424,1.0,0.5596743471069573,0.9564301176675116,6.71925287298869e-07
110,0.4735332608732107,0.9993015968375398,1.0,0.5596743471069573,0.9562546778314888,1.070038453399036e-06
110,0.4737392976636918,0.9998041056479396,1.0,0.5596743471069573,0.955844585973457,6.868153644146169e-06
110,0.47372537027048917,0.9997724536805682,1.0,0.5596743471069573,0.9558704046270359,4.5854460940519814e-06
110,0.4737124854550983,0.9997411326285651,1.0,0.5596743471069573,0.9558959549607424,4.136560926903954e-06
110,0.4738258179210211,1.0,1.0,0.5596743471069573,0.9556848304206005,2.1647887824327583e-05
110,0.47338022006329616,0.9989144431619563,1.0,0.5596743471069573,0.9565709110413705,8.15254852004621e-06
110,0.47369689994753983,0.999670752372285,1.0,0.5596743471069573,0.9559533739126225,3.0104897168592437e-05
110,0.4735974681967387,0.9994640638062362,1.0,0.5596743471069573,0.9561239650293725,1.919795736715635e-06
110,0.4730890767054802,0.99819742448739,1.0,0.5596743471069573,0.9571572310200394,5.7950315679455855e-06
110,0.47365734258756204,0.9995903454427237,1.0,0.5596743471069573,0.9560189829103053,1.5880231602038997e-05
110,0.47374598254608397,0.9993855537552352,1.0,0.5596743471069573,0.9561861328283338,0.00036190253760082225
110,0.4727339230151617,0.9973131938565184,1.0,0.5596743471069573,0.9578814443418847,1.0923372590010416e-05
110,0.47479601080551964,1.0,1.0,0.5596743471069573,0.9556848304206005,0.001974439395370342
110,0.4739903307415757,1.0,1.0,0.5596743471069573,0.9556848304206005,0.00035333998179809534
110,0.4737700499484824,0.999863693952794,1.0,0.5596743471069573,0.9557959839579498,2.0309303704557635e-05
110,0.47268120846166234,0.9972004088603932,1.0,0.5596743471069573,0.9579773450101331,3.4337720510313474e-06
110,0.473739333189129,0.999821587440301,1.0,0.5596743471069573,0.9558376461420983,7.319445318398898e-06
110,0.4727255671167349,0.9973132783608264,1.0,0.5596743471069573,0.9578874522912266,6.077222445832753e-06
110,0.4735078343789417,0.9988873675889073,1.0,0.5596743471069573,0.9565930359663737,0.0002880791246815395
110,0.4734397611368579,0.9990838067410803,1.0,0.5596743471069573,0.9564424585558262,9.91650544091005e-06
110,0.473695752762434,0.9996980673755166,1.0,0.5596743471069573,0.955931088310055,5.504262372446611e-06
110,0.474099734843747,1.0,1.0,0.5596743471069573,0.9556848304206005,0.0005737939835313011
110,0.4738746839940535,1.0,1.0,0.5596743471069573,0.9556848304206005,0.00012019610816793591
110,0.4727732664749656,0.9974270348814456,1.0,0.5596743471069573,0.9577908084666391,2.6756010845785383e-06
110,0.4734244979740039,0.9990415954626194,1.0,0.5596743471069573,0.956473294173833,6.2701606545756405e-06
111,0.4727565912927072,0.9973826920745574,1.0,0.5596743471069573,0.9578245918904073,1.1532133181724191e-07
111,0.4738183902739187,1.0,1.0,0.5596743471069573,0.9556848304206005,6.666770587582249e-06
111,0.4737824351203705,0.9999258332019296,1.0,0.5596743471069573,0.955750689671446,5.382186030855607e-06
111,0.4738121865153039,1.0,1.0,0.5596743471069573,0.9556906766178026,5.846197202119541e-06
111,0.47369832010079055,0.9997123695872945,1.0,0.5596743471069573,0.9559204031460229,9.83153785827362e-07
111,0.4735669397020833,0.9993855537552352,1.0,0.5596743471069573,0.9561861328283338,5.312638748922183e-07
111,0.4735481758910175,0.9993396255182672,1.0,0.5596743471069573,0.956223628623024,1.3928526743089975e-07
111,0.4737836688043025,0.9999174375454194,1.0,0.5596743471069573,0.955752154034009,3.953039028670169e-06
111,0.47382054861091366,1.0,1.0,0.5596743471069573,0.9556848304206005,1.1020054837440618e-05
111,0.47272833963240835,0.9973131938565184,1.0,0.5596743471069573,0.9578818343543555,3.900124707634234e-07
111,0.47344586996500987,0.9990875972777424,1.0,0.5596743471069573,0.9564301176675116,6.71925287298869e-07
111,0.47381051653833317,0.9999978923571553,1.0,0.5596743471069573,0.9556940450137372,7.496103579751612e-06
111,0.47372537027048917,0.9997724536805682,1.0,0.5596743471069573,0.9558704046270359,4.5854460940519814e-06
111,0.4737392976636918,0.9998041056479396,1.0,0.5596743471069573,0.955844585973457,6.868153644146169e-06
111,0.4736499368771707,0.9995945492846022,1.0,0.5596743471069573,0.9560180501779965,2.4977043420193468e-06
111,0.4735974681967387,0.9994640638062362,1.0,0.5596743471069573,0.9561239650293725,1.919795736715635e-06
111,0.47368312870312074,0.9996688554937248,1.0,0.5596743471069573,0.9559549215718572,3.861292248052983e-06
111,0.4735332608732107,0.9993015968375398,1.0,0.5596743471069573,0.9562546778314888,1.070038453399036e-06
111,0.473739333189129,0.999821587440301,1.0,0.5596743471069573,0.9558376461420983,7.319445318398898e-06
111,0.4735078343789417,0.9992390484413047,1.0,0.5596743471069573,0.9563057517481746,7.94906482415314e-07
111,0.4727565912927072,1.0,1.0,0.5596743471069573,0.9578245918904073,0.002139761469806767
111,0.47350326390879327,1.0,1.0,0.5596743471069573,0.9563141875346608,0.0006293571140603138
111,0.47249223304982424,0.996720753701519,1.0,0.5596743471069573,0.9583673907592789,6.8983654243348624e-06
111,0.4737263149405118,0.9997731745835278,1.0,0.5596743471069573,0.9558698165650238,5.903501083870388e-06
111,0.47369832010079055,0.9970582222918778,1.0,0.5596743471069573,0.9580905128541268,0.00217010970810394
111,0.47283834529151914,0.9975720612279534,1.0,0.5596743471069573,0.9576692907273403,1.0307212737648008e-05
111,0.4737178269311573,0.9997546632409716,1.0,0.5596743471069573,0.9558849170871079,3.876988132867076e-06
111,0.4735208365556791,0.9992611689973079,1.0,0.5596743471069573,0.9562876884690047,8.990336702985324e-06
111,0.47365770641572996,0.9996090289581876,1.0,0.5596743471069573,0.9560037369306362,1.3685814961306164e-06
111,0.4735564636820999,0.9993551424668226,1.0,0.5596743471069573,0.956210960206795,4.2058966407410026e-06
111,0.47359074435886994,0.9994344101731605,1.0,0.5596743471069573,0.9561462502506101,8.710584092908036e-06
111,0.473219564450358,0.9985345956574541,1.0,0.5596743471069573,0.9568875066383191,6.091859310886072e-06
111,0.47353458006388993,0.9993188036369719,1.0,0.5596743471069573,0.9562509438252982,1.03150910746308e-05
111,0.4725688646908838,0.9969236485104475,1.0,0.5596743471069573,0.9582050849123408,4.182752474490847e-06
111,0.4735284998827113,0.9992940005250048,1.0,0.5596743471069573,0.9562632222393321,2.3419770558419373e-06
111,0.47381848997701465,1.0,1.0,0.5596743471069573,0.9556848304206005,6.86786884240842e-06
111,0.4739454607680764,1.0,1.0,0.5596743471069573,0.9556848304206005,0.00026289561189296595
111,0.47298289680735905,0.9979356936948458,1.0,0.5596743471069573,0.9573714632370967,5.1563887465411185e-06
111,0.4738447115715413,1.0,1.0,0.5596743471069573,0.9556848304206005,5.975312717121373e-05
111,0.4737182839084622,0.9992390484413047,1.0,0.5596743471069573,0.9563057517481746,0.00042563374985604696
112,0.4727565912927072,0.9973826920745574,1.0,0.5596743471069573,0.9578245918904073,1.1532133181724191e-07
112,0.4738183902739187,1.0,1.0,0.5596743471069573,0.9556848304206005,6.666770587582249e-06
112,0.4737824351203705,0.9999258332019296,1.0,0.5596743471069573,0.955750689671446,5.382186030855607e-06
112,0.4738121865153039,1.0,1.0,0.5596743471069573,0.9556906766178026,5.846197202119541e-06
112,0.47369832010079055,0.9997123695872945,1.0,0.5596743471069573,0.9559204031460229,9.83153785827362e-07
112,0.4735669397020833,0.9993855537552352,1.0,0.5596743471069573,0.9561861328283338,5.312638748922183e-07
112,0.4735481758910175,0.9993396255182672,1.0,0.5596743471069573,0.956223628623024,1.3928526743089975e-07
112,0.4737836688043025,0.9999174375454194,1.0,0.5596743471069573,0.955752154034009,3.953039028670169e-06
112,0.4737178269311573,0.9997546632409716,1.0,0.5596743471069573,0.9558849170871079,3.876988132867076e-06
112,0.47381848997701465,1.0,1.0,0.5596743471069573,0.9556848304206005,6.86786884240842e-06
112,0.47368312870312074,0.9996688554937248,1.0,0.5596743471069573,0.9559549215718572,3.861292248052983e-06
112,0.47365770641572996,0.9996090289581876,1.0,0.5596743471069573,0.9560037369306362,1.3685814961306164e-06
112,0.47272833963240835,0.9973131938565184,1.0,0.5596743471069573,0.9578818343543555,3.900124707634234e-07
112,0.47344586996500987,0.9990875972777424,1.0,0.5596743471069573,0.9564301176675116,6.71925287298869e-07
112,0.4735332608732107,0.9993015968375398,1.0,0.5596743471069573,0.9562546778314888,1.070038453399036e-06
112,0.4735078343789417,0.9992390484413047,1.0,0.5596743471069573,0.9563057517481746,7.94906482415314e-07
112,0.47372537027048917,0.9997724536805682,1.0,0.5596743471069573,0.9558704046270359,4.5854460940519814e-06
112,0.4737263149405118,0.9997731745835278,1.0,0.5596743471069573,0.9558698165650238,5.903501083870388e-06
112,0.47382054861091366,1.0,1.0,0.5596743471069573,0.9556848304206005,1.1020054837440618e-05
112,0.4735974681967387,0.9994640638062362,1.0,0.5596743471069573,0.9561239650293725,1.919795736715635e-06
112,0.4736273408400937,0.9995309393944465,1.0,0.5596743471069573,0.9560674627675988,3.8024286175275535e-06
112,0.47350099231159576,0.9992409767991038,1.0,0.5596743471069573,0.9563187754038713,1.4598352514494373e-05
112,0.47332762760617336,0.998793463028889,1.0,0.5596743471069573,0.9566697797900354,7.355390316821087e-07
112,0.474799535554374,1.0,1.0,0.5596743471069573,0.9556848304206005,0.001981519414092636
112,0.4735113313554147,0.9992478159834025,1.0,0.5596743471069573,0.9562985922230325,6.978858815287481e-07
112,0.47384181617459437,1.0,1.0,0.5596743471069573,0.9556848304206005,5.391380731611939e-05
112,0.4735481758910175,0.9999067616318409,1.0,0.5596743471069573,0.9562234893377566,0.00046262906914373847
112,0.47364363288510836,0.9995712469784676,1.0,0.5596743471069573,0.9560345680823894,3.793717327726931e-06
112,0.47297143150965,0.9979221300066625,1.0,0.5596743471069573,0.9573895143593543,6.9458924401022415e-06
112,0.4729415308871622,0.9978391350287836,1.0,0.5596743471069573,0.9574505269365683,4.838638053561439e-07
112,0.47366816757021996,0.9996191216186656,1.0,0.5596743471069573,0.9559955014319581,1.4246784628024756e-05
112,0.47446632591025506,0.9996090289581876,1.0,0.5596743471069573,0.9560037369306362,0.0016306562843629857
112,0.4739078657525394,1.0,1.0,0.5596743471069573,0.9556848304206005,0.00018710218240280962
112,0.47352383073828874,0.9992855498343208,1.0,0.5596743471069573,0.9562726513974681,4.87098916235329e-06
112,0.47372749177826984,0.9997808499528968,1.0,0.5596743471069573,0.955863555590243,2.0170913465067386e-06
112,0.47368404844828504,0.9996687709894168,1.0,0.5596743471069573,0.9559549905188813,5.7863950072567505e-06
112,0.4730912350424752,0.99819742448739,1.0,0.5596743471069573,0.9571572310200394,1.016174816870219e-05
112,0.4737263149405118,0.9997731745835278,1.0,0.5596743471069573,0.9558698165650238,5.903501083870388e-06
112,0.4729849560930456,0.9979417567027326,1.0,0.5596743471069573,0.9573664992648462,4.36060557462703e-06
112,0.47454824077772584,1.0,1.0,0.5596743471069573,0.9556848304206005,0.0014764903371116134
113,0.4727565912927072,0.9973826920745574,1.0,0.5596743471069573,0.9578245918904073,1.1532133181724191e-07
113,0.4738183902739187,1.0,1.0,0.5596743471069573,0.9556848304206005,6.666770587582249e-06
113,0.4737824351203705,0.9999258332019296,1.0,0.5596743471069573,0.955750689671446,5.382186030855607e-06
113,0.4738121865153039,1.0,1.0,0.5596743471069573,0.9556906766178026,5.846197202119541e-06
113,0.47369832010079055,0.9997123695872945,1.0,0.5596743471069573,0.9559204031460229,9.83153785827362e-07
113,0.4735669397020833,0.9993855537552352,1.0,0.5596743471069573,0.9561861328283338,5.312638748922183e-07
113,0.4735481758910175,0.9993396255182672,1.0,0.5596743471069573,0.956223628623024,1.3928526743089975e-07
113,0.4737836688043025,0.9999174375454194,1.0,0.5596743471069573,0.955752154034009,3.953039028670169e-06
113,0.47372749177826984,0.9997808499528968,1.0,0.5596743471069573,0.955863555590243,2.0170913465067386e-06
113,0.47381848997701465,1.0,1.0,0.5596743471069573,0.9556848304206005,6.86786884240842e-06
113,0.47272833963240835,0.9973131938565184,1.0,0.5596743471069573,0.9578818343543555,3.900124707634234e-07
113,0.4729415308871622,0.9978391350287836,1.0,0.5596743471069573,0.9574505269365683,4.838638053561439e-07
113,0.47365770641572996,0.9996090289581876,1.0,0.5596743471069573,0.9560037369306362,1.3685814961306164e-06
113,0.47344586996500987,0.9990875972777424,1.0,0.5596743471069573,0.9564301176675116,6.71925287298869e-07
113,0.47368312870312074,0.9996688554937248,1.0,0.5596743471069573,0.9559549215718572,3.861292248052983e-06
113,0.47372537027048917,0.9997724536805682,1.0,0.5596743471069573,0.9558704046270359,4.5854460940519814e-06
113,0.4737263149405118,0.9997731745835278,1.0,0.5596743471069573,0.9558698165650238,5.903501083870388e-06
113,0.4735332608732107,0.9993015968375398,1.0,0.5596743471069573,0.9562546778314888,1.070038453399036e-06
113,0.4737178269311573,0.9997546632409716,1.0,0.5596743471069573,0.9558849170871079,3.876988132867076e-06
113,0.4737263149405118,0.9997731745835278,1.0,0.5596743471069573,0.9558698165650238,5.903501083870388e-06
113,0.47381848997701465,1.0,1.0,0.5596743471069573,0.9556848304206005,6.86786884240842e-06
113,0.47384364380923466,1.0,1.0,0.5596743471069573,0.9556848304206005,5.7599715496348125e-05
113,0.47205028564469254,0.9956420564752877,1.0,0.5596743471069573,0.9592577377610901,4.0652832919985116e-06
113,0.47367698361639704,0.9996434571963352,1.0,0.5596743471069573,0.9559756445551962,1.2182570712560015e-05
113,0.4747065055806348,0.9997123695872945,1.0,0.5596743471069573,0.9559194199922371,0.002029208252859571
113,0.4727565912927072,0.9973826920745574,1.0,0.5596743471069573,0.9578245918904073,1.1532133181724191e-07
113,0.47258369283515655,0.9969589209158318,1.0,0.5596743471069573,0.958175019543122,3.053808535380398e-06
113,0.4735132095471621,0.9992532623802921,1.0,0.5596743471069573,0.9562941447894914,4.361116512363594e-08
113,0.4740087378984389,1.0,1.0,0.5596743471069573,0.9556848304206005,0.00039043832019936
113,0.47381848997701465,1.0,1.0,0.5596743471069573,0.9556848304206005,6.86786884240842e-06
113,0.47369157242142595,0.9996930309119295,1.0,0.5596743471069573,0.9559351973384732,1.1772215341432357e-06
113,0.4737599425362815,0.9998534166560372,1.0,0.5596743471069573,0.9558043660172018,8.300405791139553e-06
113,0.47180679503800244,0.9950388727545465,1.0,0.5596743471069573,0.9597527926235911,2.693259380959212e-06
113,0.4729358577716225,0.9978391350287836,1.0,0.5596743471069573,0.9574615281919754,1.1001255407094845e-05
113,0.4729303399532782,0.9978071120459466,1.0,0.5596743471069573,0.9574767512192774,4.052040104340904e-06
113,0.47384451300164787,1.0,1.0,0.5596743471069573,0.9556848304206005,5.935266169332376e-05
113,0.4740304004180944,1.0,1.0,0.5596743471069573,0.9556848304206005,0.0004340939243204778
113,0.4735332608732107,1.0,1.0,0.5596743471069573,0.9562536077930354,0.000568777372434881
113,0.4736010909154325,0.9994646281145917,1.0,0.5596743471069573,0.9561215846263194,4.933279750485298e-06
113,0.47364132402902603,0.9995604642089748,1.0,0.5596743471069573,0.9560433675512693,7.932829622081528e-06
114,0.4738183902739187,1.0,1.0,0.5596743471069573,0.9556848304206005,6.666770587582249e-06
114,0.4737824351203705,0.9999258332019296,1.0,0.5596743471069573,0.955750689671446,5.382186030855607e-06
114,0.4738121865153039,1.0,1.0,0.5596743471069573,0.9556906766178026,5.846197202119541e-06
114,0.47369832010079055,0.9997123695872945,1.0,0.5596743471069573,0.9559204031460229,9.83153785827362e-07
114,0.4735669397020833,0.9993855537552352,1.0,0.5596743471069573,0.9561861328283338,5.312638748922183e-07
114,0.4735481758910175,0.9993396255182672,1.0,0.5596743471069573,0.956223628623024,1.3928526743089975e-07
114,0.4737836688043025,0.9999174375454194,1.0,0.5596743471069573,0.955752154034009,3.953039028670169e-06
114,0.47372749177826984,0.9997808499528968,1.0,0.5596743471069573,0.955863555590243,2.0170913465067386e-06
114,0.4735132095471621,0.9992532623802921,1.0,0.5596743471069573,0.9562941447894914,4.361116512363594e-08
114,0.47381848997701465,1.0,1.0,0.5596743471069573,0.9556848304206005,6.86786884240842e-06
114,0.47381848997701465,1.0,1.0,0.5596743471069573,0.9556848304206005,6.86786884240842e-06
114,0.4727565912927072,0.9973826920745574,1.0,0.5596743471069573,0.9578245918904073,1.1532133181724191e-07
114,0.4727565912927072,0.9973826920745574,1.0,0.5596743471069573,0.9578245918904073,1.1532133181724191e-07
114,0.4729415308871622,0.9978391350287836,1.0,0.5596743471069573,0.9574505269365683,4.838638053561439e-07
114,0.47344586996500987,0.9990875972777424,1.0,0.5596743471069573,0.9564301176675116,6.71925287298869e-07
114,0.47369157242142595,0.9996930309119295,1.0,0.5596743471069573,0.9559351973384732,1.1772215341432357e-06
114,0.4737178269311573,0.9997546632409716,1.0,0.5596743471069573,0.9558849170871079,3.876988132867076e-06
114,0.47372537027048917,0.9997724536805682,1.0,0.5596743471069573,0.9558704046270359,4.5854460940519814e-06
114,0.4735332608732107,0.9993015968375398,1.0,0.5596743471069573,0.9562546778314888,1.070038453399036e-06
114,0.4737263149405118,0.9997731745835278,1.0,0.5596743471069573,0.9558698165650238,5.903501083870388e-06
114,0.47318033443704205,0.9984227331429926,1.0,0.5596743471069573,0.9569729010579306,6.061643466837019e-06
114,0.4722605744581528,0.9961556217536224,1.0,0.5596743471069573,0.9588314764004185,8.781931237766827e-07
114,0.4728612028659067,0.997638400533755,1.0,0.5596743471069573,0.9576149403640611,2.248998771325894e-06
114,0.4727203986763877,0.9972942447580153,1.0,0.5596743471069573,0.9578979252561334,9.469378997595257e-07
114,0.4739003902358205,1.0,1.0,0.5596743471069573,0.9556848304206005,0.0001720297338999588
114,0.4738777476628453,1.0,1.0,0.5596743471069573,0.9556848304206005,0.0001263739326320401
114,0.47469039105701843,1.0,1.0,0.5596743471069573,0.9556848304206005,0.0017622365504663673
114,0.47275639573727457,0.9973752340244607,1.0,0.5596743471069573,0.9578305895614256,5.601467384264147e-06
114,0.47355951538294205,0.9993632291665819,1.0,0.5596743471069573,0.9562043581833061,3.7658377126659204e-06
114,0.4736516599284664,1.0,1.0,0.5596743471069573,0.9560145723729427,0.0003297419523422551
114,0.4736274353471919,0.9995295345595555,1.0,0.5596743471069573,0.9560686092895534,5.139722464408969e-06
114,0.47365579705872735,0.9996014723130918,1.0,0.5596743471069573,0.9560099031778448,3.681081270356934e-06
114,0.4737812776336431,0.9999165124621194,1.0,0.5596743471069573,0.9557530246491834,1.1621475337619813e-07
114,0.4735174906941927,0.9992550688311057,1.0,0.5596743471069573,0.9562926696836943,7.2145125873390725e-06
114,0.47344586996500987,0.9998289694500941,1.0,0.5596743471069573,0.9564301176675116,0.0006058120640060061
114,0.47373300947890823,0.9997891138888687,1.0,0.5596743471069573,0.9558568146156602,6.409302977239406e-06
114,0.47296830714260224,0.9979058851470469,1.0,0.5596743471069573,0.9573958692952569,3.0545453943986445e-08
114,0.47339642095711926,0.998957112353613,1.0,0.5596743471069573,0.9565360461558822,6.023803329147093e-06
114,0.47283340512586797,0.9975672532368699,1.0,0.5596743471069573,0.9576732300917359,4.240951569145501e-06
114,0.47180655559237017,0.9950271149416591,1.0,0.5596743471069573,0.9597597821549244,6.502449051315473e-06
115,0.4738183902739187,1.0,1.0,0.5596743471069573,0.9556848304206005,6.666770587582249e-06
115,0.4737824351203705,0.9999258332019296,1.0,0.5596743471069573,0.955750689671446,5.382186030855607e-06
115,0.4738121865153039,1.0,1.0,0.5596743471069573,0.9556906766178026,5.846197202119541e-06
115,0.4737836688043025,0.9999174375454194,1.0,0.5596743471069573,0.955752154034009,3.953039028670169e-06
115,0.4735132095471621,0.9992532623802921,1.0,0.5596743471069573,0.9562941447894914,4.361116512363594e-08
115,0.4737812776336431,0.9999165124621194,1.0,0.5596743471069573,0.9557530246491834,1.1621475337619813e-07
115,0.47296830714260224,0.9979058851470469,1.0,0.5596743471069573,0.9573958692952569,3.0545453943986445e-08
115,0.47381848997701465,1.0,1.0,0.5596743471069573,0.9556848304206005,6.86786884240842e-06
115,0.47381848997701465,1.0,1.0,0.5596743471069573,0.9556848304206005,6.86786884240842e-06
115,0.47369832010079055,0.9997123695872945,1.0,0.5596743471069573,0.9559204031460229,9.83153785827362e-07
115,0.4735669397020833,0.9993855537552352,1.0,0.5596743471069573,0.9561861328283338,5.312638748922183e-07
115,0.4735481758910175,0.9993396255182672,1.0,0.5596743471069573,0.956223628623024,1.3928526743089975e-07
115,0.47372749177826984,0.9997808499528968,1.0,0.5596743471069573,0.955863555590243,2.0170913465067386e-06
115,0.47373300947890823,0.9997891138888687,1.0,0.5596743471069573,0.9558568146156602,6.409302977239406e-06
115,0.4727565912927072,0.9973826920745574,1.0,0.5596743471069573,0.9578245918904073,1.1532133181724191e-07
115,0.4727565912927072,0.9973826920745574,1.0,0.5596743471069573,0.9578245918904073,1.1532133181724191e-07
115,0.4738777476628453,1.0,1.0,0.5596743471069573,0.9556848304206005,0.0001263739326320401
115,0.4729415308871622,0.9978391350287836,1.0,0.5596743471069573,0.9574505269365683,4.838638053561439e-07
115,0.4737263149405118,0.9997731745835278,1.0,0.5596743471069573,0.9558698165650238,5.903501083870388e-06
115,0.47344586996500987,0.9990875972777424,1.0,0.5596743471069573,0.9564301176675116,6.71925287298869e-07
115,0.4728847326839647,0.9977049932624025,1.0,0.5596743471069573,0.9575650424335463,4.652787452319451e-06
115,0.4737550231239117,0.9998548801330773,1.0,0.5596743471069573,0.9558059904771086,2.8180674953581786e-06
115,0.4730885742147644,0.9980552215259053,1.0,0.5596743471069573,0.9572736132269977,0.00012116060076450275
115,0.473297675721304,0.9987272853836424,1.0,0.5596743471069573,0.9567295855181192,5.713151686959073e-06
115,0.4733377170764082,0.9988287299063074,1.0,0.5596743471069573,0.9566486522909339,7.696169429971533e-06
115,0.47406954251686007,1.0,1.0,0.5596743471069573,0.9556848304206005,0.000512965303393953
115,0.47302333953324616,0.9980363700711765,1.0,0.5596743471069573,0.9572890441851662,4.590598174813998e-06
115,0.4725952069941801,0.9969855900833907,1.0,0.5596743471069573,0.9581516748723323,1.5863650130176765e-06
115,0.47344840052628456,0.9990962750953876,1.0,0.5596743471069573,0.956425005589807,2.6482534396521373e-06
115,0.4738104493111224,0.9999849928277218,1.0,0.5596743471069573,0.9556970668398702,2.8862262427820085e-06
115,0.4734135103268165,0.9990208471594791,1.0,0.5596743471069573,0.9564954933524561,1.1519193935494165e-05
115,0.47359319421181467,0.9993396255182672,1.0,0.5596743471069573,0.956223628623024,9.10349658473919e-05
115,0.4736891526424073,0.999681934311302,1.0,0.5596743471069573,0.9559442507114158,5.347330700566921e-06
115,0.4744568053467083,1.0,1.0,0.5596743471069573,0.9556848304206005,0.0012925990962463496
115,0.47345273939140253,0.9991087860951597,1.0,0.5596743471069573,0.9564162406197463,4.102576629971821e-06
115,0.4728918215888251,0.9975799271169503,1.0,0.5596743471069573,0.9576628459962993,0.00011215798200736593
115,0.4738777476628453,1.0,1.0,0.5596743471069573,0.9556848304206005,0.0001263739326320401
115,0.47411893708232045,1.0,1.0,0.5596743471069573,0.9556848304206005,0.000612476829780717
115,0.4737263149405118,0.9980351123147,1.0,0.5596743471069573,0.9572900737491394,0.0014261606851995179
115,0.4738321542699904,0.9998845087091044,1.0,0.5596743471069573,0.95577900818119,0.0001286053117488528
116,0.4738183902739187,1.0,1.0,0.5596743471069573,0.9556848304206005,6.666770587582249e-06
116,0.4738121865153039,1.0,1.0,0.5596743471069573,0.9556906766178026,5.846197202119541e-06
116,0.4735132095471621,0.9992532623802921,1.0,0.5596743471069573,0.9562941447894914,4.361116512363594e-08
116,0.4737812776336431,0.9999165124621194,1.0,0.5596743471069573,0.9557530246491834,1.1621475337619813e-07
116,0.47296830714260224,0.9979058851470469,1.0,0.5596743471069573,0.9573958692952569,3.0545453943986445e-08
116,0.4738104493111224,0.9999849928277218,1.0,0.5596743471069573,0.9556970668398702,2.8862262427820085e-06
116,0.47381848997701465,1.0,1.0,0.5596743471069573,0.9556848304206005,6.86786884240842e-06
116,0.47381848997701465,1.0,1.0,0.5596743471069573,0.9556848304206005,6.86786884240842e-06
116,0.47369832010079055,0.9997123695872945,1.0,0.5596743471069573,0.9559204031460229,9.83153785827362e-07
116,0.4735669397020833,0.9993855537552352,1.0,0.5596743471069573,0.9561861328283338,5.312638748922183e-07
116,0.4735481758910175,0.9993396255182672,1.0,0.5596743471069573,0.956223628623024,1.3928526743089975e-07
116,0.47372749177826984,0.9997808499528968,1.0,0.5596743471069573,0.955863555590243,2.0170913465067386e-06
116,0.4737550231239117,0.9998548801330773,1.0,0.5596743471069573,0.9558059904771086,2.8180674953581786e-06
116,0.4727565912927072,0.9973826920745574,1.0,0.5596743471069573,0.9578245918904073,1.1532133181724191e-07
116,0.4727565912927072,0.9973826920745574,1.0,0.5596743471069573,0.9578245918904073,1.1532133181724191e-07
116,0.4737824351203705,0.9999258332019296,1.0,0.5596743471069573,0.955750689671446,5.382186030855607e-06
116,0.4737836688043025,0.9999174375454194,1.0,0.5596743471069573,0.955752154034009,3.953039028670169e-06
116,0.4738777476628453,1.0,1.0,0.5596743471069573,0.9556848304206005,0.0001263739326320401
116,0.4738777476628453,1.0,1.0,0.5596743471069573,0.9556848304206005,0.0001263739326320401
116,0.4729415308871622,0.9978391350287836,1.0,0.5596743471069573,0.9574505269365683,4.838638053561439e-07
116,0.47375757032346943,0.9998506636211416,1.0,0.5596743471069573,0.9558066113938702,5.759892355072793e-06
116,0.4738121865153039,1.0,1.0,0.5596743471069573,0.9556906766178026,5.846197202119541e-06
116,0.4736484385081846,0.9997202025030265,1.0,0.5596743471069573,0.956021074505065,0.00010804477805204105
116,0.473902525873923,1.0,1.0,0.5596743471069573,0.9556848304206005,0.00017633574500752758
116,0.47296830714260224,0.9999849928277218,1.0,0.5596743471069573,0.9573958387498029,0.001698771909932728
116,0.47375640249177314,0.9998475994138517,1.0,0.5596743471069573,0.955809110577443,5.902982117778066e-06
116,0.4724768641280214,0.9968296904542691,1.0,0.5596743471069573,0.9583916663381333,0.00011367380938098748
116,0.47297589487889985,0.9980552215259053,1.0,0.5596743471069573,0.9573804796855881,0.00010686645859048216
116,0.47395372027313254,1.0,1.0,0.5596743471069573,0.9556848304206005,0.0002795455756912091
116,0.4735669397020833,1.0,1.0,0.5596743471069573,0.9561856015644589,0.0005007711438583806
116,0.4719139961945924,0.9954379136004627,1.0,0.5596743471069573,0.9595347727936617,0.00011315581850290801
116,0.47383445548964753,1.0,1.0,0.5596743471069573,0.9556848304206005,3.906875329717785e-05
116,0.47283848967157754,0.9975799271169503,1.0,0.5596743471069573,0.9576628459962993,4.154900487995938e-06
116,0.47396352895107263,0.9973826920745574,1.0,0.5596743471069573,0.9578244765690754,0.002438963841953967
116,0.4737001479150822,0.9997058657511466,1.0,0.5596743471069573,0.9559247260411479,8.011399294849397e-06
116,0.47289627227017234,0.9977195616511942,1.0,0.5596743471069573,0.9575484566402406,6.7806508410317434e-06
116,0.47402410637291487,1.0,1.0,0.5596743471069573,0.9556848304206005,0.00042141019959052173
116,0.4735750766455883,0.9994022423513854,1.0,0.5596743471069573,0.9561725091186037,3.3366877447704724e-06
116,0.4744623879259086,1.0,1.0,0.5596743471069573,0.9556848304206005,0.0013038285853352871
116,0.473803085883278,0.9998162714126575,1.0,0.5596743471069573,0.9558346627388206,0.00012562957286699206
117,0.4738183902739187,1.0,1.0,0.5596743471069573,0.9556848304206005,6.666770587582249e-06
117,0.4738121865153039,1.0,1.0,0.5596743471069573,0.9556906766178026,5.846197202119541e-06
117,0.4735132095471621,0.9992532623802921,1.0,0.5596743471069573,0.9562941447894914,4.361116512363594e-08
117,0.4737812776336431,0.9999165124621194,1.0,0.5596743471069573,0.9557530246491834,1.1621475337619813e-07
117,0.47296830714260224,0.9979058851470469,1.0,0.5596743471069573,0.9573958692952569,3.0545453943986445e-08
117,0.4738104493111224,0.9999849928277218,1.0,0.5596743471069573,0.9556970668398702,2.8862262427820085e-06
117,0.4738121865153039,1.0,1.0,0.5596743471069573,0.9556906766178026,5.846197202119541e-06
117,0.47381848997701465,1.0,1.0,0.5596743471069573,0.9556848304206005,6.86786884240842e-06
117,0.47381848997701465,1.0,1.0,0.5596743471069573,0.9556848304206005,6.86786884240842e-06
117,0.47369832010079055,0.9997123695872945,1.0,0.5596743471069573,0.9559204031460229,9.83153785827362e-07
117,0.4735669397020833,0.9993855537552352,1.0,0.5596743471069573,0.9561861328283338,5.312638748922183e-07
117,0.4735481758910175,0.9993396255182672,1.0,0.5596743471069573,0.956223628623024,1.3928526743089975e-07
117,0.47372749177826984,0.9997808499528968,1.0,0.5596743471069573,0.955863555590243,2.0170913465067386e-06
117,0.4737550231239117,0.9998548801330773,1.0,0.5596743471069573,0.9558059904771086,2.8180674953581786e-06
117,0.4727565912927072,0.9973826920745574,1.0,0.5596743471069573,0.9578245918904073,1.1532133181724191e-07
117,0.4727565912927072,0.9973826920745574,1.0,0.5596743471069573,0.9578245918904073,1.1532133181724191e-07
117,0.4737824351203705,0.9999258332019296,1.0,0.5596743471069573,0.955750689671446,5.382186030855607e-06
117,0.4737836688043025,0.9999174375454194,1.0,0.5596743471069573,0.955752154034009,3.953039028670169e-06
117,0.47383445548964753,1.0,1.0,0.5596743471069573,0.9556848304206005,3.906875329717785e-05
117,0.4729415308871622,0.9978391350287836,1.0,0.5596743471069573,0.9574505269365683,4.838638053561439e-07
117,0.4747348190715581,1.0,1.0,0.5596743471069573,0.9556848304206005,0.0018515093088113943
117,0.47365261208398,0.999638063378172,1.0,0.5596743471069573,0.956012650554038,3.2604938200564426e-05
117,0.47367265416088933,0.999638063378172,1.0,0.5596743471069573,0.9559800456158374,7.845948841178618e-06
117,0.4735612665865436,0.9993855537552352,1.0,0.5596743471069573,0.9561970563682326,1.092353989884387e-05
117,0.47373596125197326,0.9998027649576071,1.0,0.5596743471069573,0.9558456795474968,1.2299859186715167e-06
117,0.4738104493111224,1.0,1.0,0.5596743471069573,0.9556941806136274,9.35019302694684e-06
117,0.4738121865153039,1.0,1.0,0.5596743471069573,0.9556906766178026,5.846197202119541e-06
117,0.4732161935412431,0.9985111988865207,1.0,0.5596743471069573,0.956900548032717,6.22510016434763e-06
117,0.4740616829216257,1.0,1.0,0.5596743471069573,0.9556848304206005,0.0004971292540070227
117,0.4737811879008567,0.9999165124621194,1.0,0.5596743471069573,0.9557532056660409,2.9723161087957806e-07
117,0.4729101918317212,0.9977648288196611,1.0,0.5596743471069573,0.9575134918637525,2.1114575431413485e-06
117,0.4727491484944671,0.9973663899818089,1.0,0.5596743471069573,0.9578396715477572,1.8328464019834456e-06
117,0.47368143267083135,0.9996710341740233,1.0,0.5596743471069573,0.9559544830945014,1.3391028244047476e-06
117,0.47451675495913703,1.0,1.0,0.5596743471069573,0.9556848304206005,0.0014131753322893514
117,0.4728844197893105,0.9976444228671016,1.0,0.5596743471069573,0.9576100067540365,4.4330725959107475e-05
117,0.47373092066777384,0.9997940803790052,1.0,0.5596743471069573,0.95585461992245,1.8564684708399781e-06
117,0.4737669086722735,0.9999165124621194,1.0,0.5596743471069573,0.9557820118536708,2.9103419240783523e-05
117,0.47389471524034527,1.0,1.0,0.5596743471069573,0.9556848304206005,0.00016058725388368167
117,0.47449545268740473,1.0,1.0,0.5596743471069573,0.9556848304206005,0.0013703337119004289
117,0.4737680661590009,0.9999258332019296,1.0,0.5596743471069573,0.9557796767342955,3.436924888033932e-05
118,0.4738183902739187,1.0,1.0,0.5596743471069573,0.9556848304206005,6.666770587582249e-06
118,0.4738121865153039,1.0,1.0,0.5596743471069573,0.9556906766178026,5.846197202119541e-06
118,0.4735132095471621,0.9992532623802921,1.0,0.5596743471069573,0.9562941447894914,4.361116512363594e-08
118,0.4737812776336431,0.9999165124621194,1.0,0.5596743471069573,0.9557530246491834,1.1621475337619813e-07
118,0.47296830714260224,0.9979058851470469,1.0,0.5596743471069573,0.9573958692952569,3.0545453943986445e-08
118,0.4738104493111224,0.9999849928277218,1.0,0.5596743471069573,0.9556970668398702,2.8862262427820085e-06
118,0.4738121865153039,1.0,1.0,0.5596743471069573,0.9556906766178026,5.846197202119541e-06
118,0.4738121865153039,1.0,1.0,0.5596743471069573,0.9556906766178026,5.846197202119541e-06
118,0.47381848997701465,1.0,1.0,0.5596743471069573,0.9556848304206005,6.86786884240842e-06
118,0.47381848997701465,1.0,1.0,0.5596743471069573,0.9556848304206005,6.86786884240842e-06
118,0.4735481758910175,0.9993396255182672,1.0,0.5596743471069573,0.956223628623024,1.3928526743089975e-07
118,0.4737811879008567,0.9999165124621194,1.0,0.5596743471069573,0.9557532056660409,2.9723161087957806e-07
118,0.4727565912927072,0.9973826920745574,1.0,0.5596743471069573,0.9578245918904073,1.1532133181724191e-07
118,0.4727565912927072,0.9973826920745574,1.0,0.5596743471069573,0.9578245918904073,1.1532133181724191e-07
118,0.4737824351203705,0.9999258332019296,1.0,0.5596743471069573,0.955750689671446,5.382186030855607e-06
118,0.4737836688043025,0.9999174375454194,1.0,0.5596743471069573,0.955752154034009,3.953039028670169e-06
118,0.47383445548964753,1.0,1.0,0.5596743471069573,0.9556848304206005,3.906875329717785e-05
118,0.4729415308871622,0.9978391350287836,1.0,0.5596743471069573,0.9574505269365683,4.838638053561439e-07
118,0.4738104493111224,1.0,1.0,0.5596743471069573,0.9556941806136274,9.35019302694684e-06
118,0.4735669397020833,0.9993855537552352,1.0,0.5596743471069573,0.9561861328283338,5.312638748922183e-07
118,0.47392401595847894,1.0,1.0,0.5596743471069573,0.9556848304206005,0.00021966327771261174
118,0.4730533254260435,0.9981152966323422,1.0,0.5596743471069573,0.9572244423187917,6.69055557178666e-07
118,0.47348826473464395,0.9991922566581227,1.0,0.5596743471069573,0.9563444816814821,5.179039604952251e-07
118,0.4735920947295764,0.9994469983797116,1.0,0.5596743471069573,0.9561359748501173,1.1614540268434226e-06
118,0.47300000462413355,0.997980449723172,1.0,0.5596743471069573,0.9573348215118892,3.141401739736871e-06
118,0.473778089672929,0.9999332498817367,1.0,0.5596743471069573,0.9557594557255775,2.0196350355883297e-05
118,0.4738121865153039,0.99551149516195,1.0,0.5596743471069573,0.9593610748716394,0.0036703982538367486
118,0.4735761869611271,0.9993946862605262,1.0,0.5596743471069573,0.9561786774653566,1.1746805762435919e-05
118,0.4745704510817239,1.0,1.0,0.5596743471069573,0.9556848304206005,0.0015211481054530074
118,0.47476065873187756,1.0,1.0,0.5596743471069573,0.9556848304206005,0.0019034233175095894
118,0.4735481758910175,0.9992444486043823,1.0,0.5596743471069573,0.956301341990778,7.78526530214041e-05
118,0.47297574994084235,0.9979221872397954,1.0,0.5596743471069573,0.9573825216068207,1.7485428368546607e-06
118,0.4738115718086848,0.999993381493551,1.0,0.5596743471069573,0.9556919164975743,1.6895812867678828e-06
118,0.473812816861475,1.0,1.0,0.5596743471069573,0.9556894051959751,4.5747753746328e-06
118,0.4738037108812118,0.9999174375454194,1.0,0.5596743471069573,0.955752154034009,4.4381550815209e-05
118,0.47286278116113795,0.9976444228671016,1.0,0.5596743471069573,0.9576100067540365,5.116554040451859e-07
118,0.47275554955465254,1.0,1.0,0.5596743471069573,0.9578267024998456,0.0021418720792450996
118,0.4747885677542609,0.9978391350287836,1.0,0.5596743471069573,0.9574505269365683,0.0037251850136259534
118,0.4730142429314742,0.997977029108117,1.0,0.5596743471069573,0.9573376218507531,3.4758595197859066e-05
118,0.47294420468646436,0.9978315789379244,1.0,0.5596743471069573,0.9574567146238663,1.2084513618337844e-05
119,0.4738183902739187,1.0,1.0,0.5596743471069573,0.9556848304206005,6.666770587582249e-06
119,0.4735132095471621,0.9992532623802921,1.0,0.5596743471069573,0.9562941447894914,4.361116512363594e-08
119,0.4737812776336431,0.9999165124621194,1.0,0.5596743471069573,0.9557530246491834,1.1621475337619813e-07
119,0.47296830714260224,0.9979058851470469,1.0,0.5596743471069573,0.9573958692952569,3.0545453943986445e-08
119,0.4738115718086848,0.999993381493551,1.0,0.5596743471069573,0.9556919164975743,1.6895812867678828e-06
119,0.473812816861475,1.0,1.0,0.5596743471069573,0.9556894051959751,4.5747753746328e-06
119,0.47381848997701465,1.0,1.0,0.5596743471069573,0.9556848304206005,6.86786884240842e-06
119,0.47381848997701465,1.0,1.0,0.5596743471069573,0.9556848304206005,6.86786884240842e-06
119,0.4735481758910175,0.9993396255182672,1.0,0.5596743471069573,0.956223628623024,1.3928526743089975e-07
119,0.4737811879008567,0.9999165124621194,1.0,0.5596743471069573,0.9557532056660409,2.9723161087957806e-07
119,0.4727565912927072,0.9973826920745574,1.0,0.5596743471069573,0.9578245918904073,1.1532133181724191e-07
119,0.4727565912927072,0.9973826920745574,1.0,0.5596743471069573,0.9578245918904073,1.1532133181724191e-07
119,0.4738104493111224,0.9999849928277218,1.0,0.5596743471069573,0.9556970668398702,2.8862262427820085e-06
119,0.4738121865153039,1.0,1.0,0.5596743471069573,0.9556906766178026,5.846197202119541e-06
119,0.4738121865153039,1.0,1.0,0.5596743471069573,0.9556906766178026,5.846197202119541e-06
119,0.4738121865153039,1.0,1.0,0.5596743471069573,0.9556906766178026,5.846197202119541e-06
119,0.47383445548964753,1.0,1.0,0.5596743471069573,0.9556848304206005,3.906875329717785e-05
119,0.4729415308871622,0.9978391350287836,1.0,0.5596743471069573,0.9574505269365683,4.838638053561439e-07
119,0.4738104493111224,1.0,1.0,0.5596743471069573,0.9556941806136274,9.35019302694684e-06
119,0.47348826473464395,0.9991922566581227,1.0,0.5596743471069573,0.9563444816814821,5.179039604952251e-07
119,0.4738183902739187,0.9973075532904649,1.0,0.5596743471069573,0.9578860682690022,0.0022079046189893425
119,0.473560223434944,0.9993274705486521,1.0,0.5596743471069573,0.9562335525122275,3.438984697634595e-05
119,0.473381730256008,0.9989288268594636,1.0,0.5596743471069573,0.9565597068454993,5.490187318102357e-07
119,0.4727565912927072,0.9973826920745574,1.0,0.5596743471069573,0.9578245918904073,1.1532133181724191e-07
119,0.4735438273229337,0.999993381493551,1.0,0.5596743471069573,0.9562322703685672,0.0005420434522795947
119,0.47458355482488984,1.0,1.0,0.5596743471069573,0.9556848304206005,0.0015474935522723499
119,0.47286215081496685,0.9976444228671016,1.0,0.5596743471069573,0.9576107716344607,7.648804242199603e-07
119,0.47284841219976836,1.0,1.0,0.5596743471069573,0.9576385950246512,0.001953764604050723
119,0.47278449004570966,0.9974578308586499,1.0,0.5596743471069573,0.957768071187603,5.17703901359301e-06
119,0.4732571995243808,0.9986186131663817,1.0,0.5596743471069573,0.9568127148969384,1.30331243763937e-06
119,0.47386227348314225,1.0,1.0,0.5596743471069573,0.9556848304206005,9.516975355150503e-05
119,0.47322455312554473,0.9985404264345257,1.0,0.5596743471069573,0.9568774192476306,7.725826457471996e-07
119,0.4727287732992125,0.9973075532904649,1.0,0.5596743471069573,0.9578860682690022,5.1126459117423195e-06
119,0.4730997603768246,0.9982387599006612,1.0,0.5596743471069573,0.95712982132661,6.413948952621595e-06
119,0.4732711020867071,0.998655406690915,1.0,0.5596743471069573,0.9567833047970858,6.717847702564228e-07
119,0.472515410774382,0.9967857670009128,1.0,0.5596743471069573,0.958314035671218,5.525705341069553e-07
119,0.47383445548964753,0.9985661040364732,1.0,0.5596743471069573,0.9568556494858439,0.0012098878185405892
119,0.4731519432133793,0.998356384702513,1.0,0.5596743471069573,0.9570271735322924,2.9118459602406332e-06
119,0.473023013067223,0.9980552215259053,1.0,0.5596743471069573,0.9572851142754554,1.1501048457707164e-05
119,0.47365204434200514,0.9995892013411964,1.0,0.5596743471069573,0.9560199165298189,6.120053335223474e-06
120,0.4738183902739187,1.0,1.0,0.5596743471069573,0.9556848304206005,6.666770587582249e-06
120,0.4735132095471621,0.9992532623802921,1.0,0.5596743471069573,0.9562941447894914,4.361116512363594e-08
120,0.4737812776336431,0.9999165124621194,1.0,0.5596743471069573,0.9557530246491834,1.1621475337619813e-07
120,0.47296830714260224,0.9979058851470469,1.0,0.5596743471069573,0.9573958692952569,3.0545453943986445e-08
120,0.4738115718086848,0.999993381493551,1.0,0.5596743471069573,0.9556919164975743,1.6895812867678828e-06
120,0.473812816861475,1.0,1.0,0.5596743471069573,0.9556894051959751,4.5747753746328e-06
120,0.47381848997701465,1.0,1.0,0.5596743471069573,0.9556848304206005,6.86786884240842e-06
120,0.47381848997701465,1.0,1.0,0.5596743471069573,0.9556848304206005,6.86786884240842e-06
120,0.4735481758910175,0.9993396255182672,1.0,0.5596743471069573,0.956223628623024,1.3928526743089975e-07
120,0.4737811879008567,0.9999165124621194,1.0,0.5596743471069573,0.9557532056660409,2.9723161087957806e-07
120,0.4727565912927072,0.9973826920745574,1.0,0.5596743471069573,0.9578245918904073,1.1532133181724191e-07
120,0.4727565912927072,0.9973826920745574,1.0,0.5596743471069573,0.9578245918904073,1.1532133181724191e-07
120,0.4727565912927072,0.9973826920745574,1.0,0.5596743471069573,0.9578245918904073,1.1532133181724191e-07
120,0.4738104493111224,0.9999849928277218,1.0,0.5596743471069573,0.9556970668398702,2.8862262427820085e-06
120,0.4738121865153039,1.0,1.0,0.5596743471069573,0.9556906766178026,5.846197202119541e-06
120,0.4738121865153039,1.0,1.0,0.5596743471069573,0.9556906766178026,5.846197202119541e-06
120,0.4738121865153039,1.0,1.0,0.5596743471069573,0.9556906766178026,5.846197202119541e-06
120,0.47383445548964753,1.0,1.0,0.5596743471069573,0.9556848304206005,3.906875329717785e-05
120,0.4729415308871622,0.9978391350287836,1.0,0.5596743471069573,0.9574505269365683,4.838638053561439e-07
120,0.4738104493111224,1.0,1.0,0.5596743471069573,0.9556941806136274,9.35019302694684e-06
120,0.47275771184021836,0.9973886487303616,1.0,0.5596743471069573,0.9578223216197518,2.7273592078103093e-06
120,0.47199149518682515,0.9954835578958853,1.0,0.5596743471069573,0.959384060294452,6.839021325255601e-06
120,0.47381227624809025,1.0,1.0,0.5596743471069573,0.9556904956246299,5.665204029448034e-06
120,0.4735332516240714,0.9992532623802921,1.0,0.5596743471069573,0.9562941447894914,4.051831873319589e-05
120,0.4728255688177664,0.9975609353292211,1.0,0.5596743471069573,0.9576848609325089,6.454288321355861e-06
120,0.4727844092862019,0.9974578308586499,1.0,0.5596743471069573,0.9577682347904551,5.340641865747564e-06
120,0.47286278116113795,0.9976444228671016,1.0,0.5596743471069573,0.9576100067540365,5.116554040451859e-07
120,0.4737905912240122,0.9999248612159075,1.0,0.5596743471069573,0.9557461001214788,1.186329187574664e-05
120,0.4738377948281676,1.0,1.0,0.5596743471069573,0.9556848304206005,4.580359954964308e-05
120,0.4740852016979897,1.0,1.0,0.5596743471069573,0.9556848304206005,0.0005445149260370208
120,0.47256372708278227,0.9969036419031979,1.0,0.5596743471069573,0.9582173158915349,1.8135859101153784e-06
120,0.47241964901358846,0.9965487686946854,1.0,0.5596743471069573,0.9585085689114975,8.310067822758782e-07
120,0.47381226362551776,0.9999940433441958,1.0,0.5596743471069573,0.9556905210846558,8.338211514580252e-07
120,0.4740875692483423,1.0,1.0,0.5596743471069573,0.9556848304206005,0.0005492848101948944
120,0.4737971131145288,0.999993381493551,1.0,0.5596743471069573,0.955721081000093,3.085408380543164e-05
120,0.47254679972434416,0.9968634938250904,1.0,0.5596743471069573,0.9582502559866889,4.2891737161987464e-07
120,0.47286788696512366,0.9976444228671016,1.0,0.5596743471069573,0.9576100067540365,1.0851470183759204e-05
120,0.47383445548964753,0.9976444228671016,1.0,0.5596743471069573,0.9576100067540365,0.0019642450867332073
120,0.4735379052234593,0.9993221754285598,1.0,0.5596743471069573,0.9562442290788443,6.35330589537908e-06
120,0.4745673438805176,1.0,1.0,0.5596743471069573,0.9556848304206005,0.0015149007760134614
121,0.4738183902739187,1.0,1.0,0.5596743471069573,0.9556848304206005,6.666770587582249e-06
121,0.4735132095471621,0.9992532623802921,1.0,0.5596743471069573,0.9562941447894914,4.361116512363594e-08
121,0.4737812776336431,0.9999165124621194,1.0,0.5596743471069573,0.9557530246491834,1.1621475337619813e-07
121,0.47296830714260224,0.9979058851470469,1.0,0.5596743471069573,0.9573958692952569,3.0545453943986445e-08
121,0.473812816861475,1.0,1.0,0.5596743471069573,0.9556894051959751,4.5747753746328e-06
121,0.47381226362551776,0.9999940433441958,1.0,0.5596743471069573,0.9556905210846558,8.338211514580252e-07
121,0.47381848997701465,1.0,1.0,0.5596743471069573,0.9556848304206005,6.86786884240842e-06
121,0.47381848997701465,1.0,1.0,0.5596743471069573,0.9556848304206005,6.86786884240842e-06
121,0.4735481758910175,0.9993396255182672,1.0,0.5596743471069573,0.956223628623024,1.3928526743089975e-07
121,0.4737811879008567,0.9999165124621194,1.0,0.5596743471069573,0.9557532056660409,2.9723161087957806e-07
121,0.4727565912927072,0.9973826920745574,1.0,0.5596743471069573,0.9578245918904073,1.1532133181724191e-07
121,0.4727565912927072,0.9973826920745574,1.0,0.5596743471069573,0.9578245918904073,1.1532133181724191e-07
121,0.4727565912927072,0.9973826920745574,1.0,0.5596743471069573,0.9578245918904073,1.1532133181724191e-07
121,0.47381227624809025,1.0,1.0,0.5596743471069573,0.9556904956246299,5.665204029448034e-06
121,0.4738115718086848,0.999993381493551,1.0,0.5596743471069573,0.9556919164975743,1.6895812867678828e-06
121,0.47383445548964753,1.0,1.0,0.5596743471069573,0.9556848304206005,3.906875329717785e-05
121,0.47254679972434416,0.9968634938250904,1.0,0.5596743471069573,0.9582502559866889,4.2891737161987464e-07
121,0.4729415308871622,0.9978391350287836,1.0,0.5596743471069573,0.9574505269365683,4.838638053561439e-07
121,0.4738121865153039,1.0,1.0,0.5596743471069573,0.9556906766178026,5.846197202119541e-06
121,0.4738104493111224,0.9999849928277218,1.0,0.5596743471069573,0.9556970668398702,2.8862262427820085e-06
121,0.4740475056370229,1.0,1.0,0.5596743471069573,0.9556848304206005,0.00046856256459526513
121,0.4738071099726023,0.9999308178717116,1.0,0.5596743471069573,0.9557412426064898,4.032636919437671e-05
121,0.4726677550206868,0.9971771444425814,1.0,0.5596743471069573,0.958004611713865,1.1624516415675856e-05
121,0.47188682245217106,0.995231900374876,1.0,0.5596743471069573,0.9595911700224652,1.1421348606877046e-06
121,0.47378501149055274,0.9999308178717116,1.0,0.5596743471069573,0.9557454924458825,4.24983939262269e-06
121,0.47296942964016464,0.9979142738128761,1.0,0.5596743471069573,0.9573935665638525,4.565723310312464e-06
121,0.47274454374878067,0.9973948470441725,1.0,0.5596743471069573,0.9578490013393853,3.44873978322946e-05
121,0.47456994074655384,1.0,1.0,0.5596743471069573,0.9556848304206005,0.0015201220327032416
121,0.4740010760370445,1.0,1.0,0.5596743471069573,0.9556848304206005,0.0003749967240138652
121,0.4727559572972423,0.9973767354187533,1.0,0.5596743471069573,0.9578293589359244,3.482542515587106e-06
121,0.4738128976209827,1.0,1.0,0.5596743471069573,0.95568924230255,4.411881949550889e-06
121,0.4725910725998275,0.9969728240314863,1.0,0.5596743471069573,0.9581605605973638,5.034742975862372e-07
121,0.4746241589060234,1.0,1.0,0.5596743471069573,0.9556848304206005,0.00162911996978643
121,0.47381227624809025,0.999990949483526,1.0,0.5596743471069573,0.9556922099090511,1.7142844211948116e-06
121,0.4717911084120191,0.999993381493551,1.0,0.5596743471069573,0.9597847035324532,0.0040944766161655766
121,0.47383445548964753,0.9976444228671016,1.0,0.5596743471069573,0.9576100067540365,0.0019642450867332073
121,0.473643911224742,0.9995291262347594,1.0,0.5596743471069573,0.9560689425345458,3.8729986597263455e-05
121,0.4738055802621719,0.9999864935449496,1.0,0.5596743471069573,0.9557040017764231,8.158595007135006e-06
121,0.4745835647951995,1.0,1.0,0.5596743471069573,0.9556848304206005,0.0015475135973084253
121,0.4738372972392544,1.0,1.0,0.5596743471069573,0.9556848304206005,4.480005806695164e-05
122,0.4738183902739187,1.0,1.0,0.5596743471069573,0.9556848304206005,6.666770587582249e-06
122,0.4735132095471621,0.9992532623802921,1.0,0.5596743471069573,0.9562941447894914,4.361116512363594e-08
122,0.4737812776336431,0.9999165124621194,1.0,0.5596743471069573,0.9557530246491834,1.1621475337619813e-07
122,0.47296830714260224,0.9979058851470469,1.0,0.5596743471069573,0.9573958692952569,3.0545453943986445e-08
122,0.47381226362551776,0.9999940433441958,1.0,0.5596743471069573,0.9556905210846558,8.338211514580252e-07
122,0.4738128976209827,1.0,1.0,0.5596743471069573,0.95568924230255,4.411881949550889e-06
122,0.47381848997701465,1.0,1.0,0.5596743471069573,0.9556848304206005,6.86786884240842e-06
122,0.47381848997701465,1.0,1.0,0.5596743471069573,0.9556848304206005,6.86786884240842e-06
122,0.4735481758910175,0.9993396255182672,1.0,0.5596743471069573,0.956223628623024,1.3928526743089975e-07
122,0.4737811879008567,0.9999165124621194,1.0,0.5596743471069573,0.9557532056660409,2.9723161087957806e-07
122,0.4727565912927072,0.9973826920745574,1.0,0.5596743471069573,0.9578245918904073,1.1532133181724191e-07
122,0.4727565912927072,0.9973826920745574,1.0,0.5596743471069573,0.9578245918904073,1.1532133181724191e-07
122,0.4727565912927072,0.9973826920745574,1.0,0.5596743471069573,0.9578245918904073,1.1532133181724191e-07
122,0.4738115718086848,0.999993381493551,1.0,0.5596743471069573,0.9556919164975743,1.6895812867678828e-06
122,0.473812816861475,1.0,1.0,0.5596743471069573,0.9556894051959751,4.5747753746328e-06
122,0.47383445548964753,1.0,1.0,0.5596743471069573,0.9556848304206005,3.906875329717785e-05
122,0.4729415308871622,0.9978391350287836,1.0,0.5596743471069573,0.9574505269365683,4.838638053561439e-07
122,0.47254679972434416,0.9968634938250904,1.0,0.5596743471069573,0.9582502559866889,4.2891737161987464e-07
122,0.47381227624809025,0.999990949483526,1.0,0.5596743471069573,0.9556922099090511,1.7142844211948116e-06
122,0.47381227624809025,1.0,1.0,0.5596743471069573,0.9556904956246299,5.665204029448034e-06
122,0.4727509989366752,0.9973826920745574,1.0,0.5596743471069573,0.9578359223712201,1.1445802144627315e-05
122,0.4727373439892497,0.997334367590331,1.0,0.5596743471069573,0.9578640873658761,4.98047458274975e-07
122,0.4737812776336431,0.9977195616511942,1.0,0.5596743471069573,0.9575484566402406,0.0017954319910571392
122,0.47256116868571374,0.9968634938250904,1.0,0.5596743471069573,0.9582502559866889,2.956600190340275e-05
122,0.47353690915460384,0.9993213176358139,1.0,0.5596743471069573,0.9562462405061996,7.66437434374101e-06
122,0.4738128976209827,0.9978331783729795,1.0,0.5596743471069573,0.9574554048377297,0.001766162535179694
122,0.47305843123002916,0.9981152966323422,1.0,0.5596743471069573,0.9572244423187917,1.1000542375128042e-05
122,0.4737928741662919,0.999990949483526,1.0,0.5596743471069573,0.9557296316820548,3.742177300369853e-05
122,0.4738116236304068,0.9993396255182672,1.0,0.5596743471069573,0.956223628623024,0.0005318166513800238
122,0.47291364349447496,0.9977693572349149,1.0,0.5596743471069573,0.9575076715768254,1.1683328654532588e-06
122,0.4737866905241023,0.9999165124621194,1.0,0.5596743471069573,0.9557529084344301,1.0803016455729342e-05
122,0.47404925076973503,1.0,1.0,0.5596743471069573,0.9556848304206005,0.00047207903287349584
122,0.47302986079161236,0.9980611781817094,1.0,0.5596743471069573,0.9572712563245012,2.518828482567237e-06
122,0.4738011492182583,0.9999246579269461,1.0,0.5596743471069573,0.9557462658999445,3.3326267633193574e-05
122,0.47272924577566194,0.997313509946269,1.0,0.5596743471069573,0.9578811852247631,1.1869703905320605e-06
122,0.47476239270793497,1.0,1.0,0.5596743471069573,0.9556848304206005,0.0019069068160887381
122,0.4729415308871622,0.9973848808835799,1.0,0.5596743471069573,0.9578226825286463,0.00037263945588339453
122,0.4727514854887215,0.9973826920745574,1.0,0.5596743471069573,0.9578349365741547,1.046000507931577e-05
122,0.47343913330058235,0.999990949483526,1.0,0.5596743471069573,0.9564437269116242,0.0007515170025730322
122,0.4735962059326788,0.9994056629664404,1.0,0.5596743471069573,0.9561697167609655,4.3203398434554785e-05
123,0.4738183902739187,1.0,1.0,0.5596743471069573,0.9556848304206005,6.666770587582249e-06
123,0.4735132095471621,0.9992532623802921,1.0,0.5596743471069573,0.9562941447894914,4.361116512363594e-08
123,0.4737812776336431,0.9999165124621194,1.0,0.5596743471069573,0.9557530246491834,1.1621475337619813e-07
123,0.47296830714260224,0.9979058851470469,1.0,0.5596743471069573,0.9573958692952569,3.0545453943986445e-08
123,0.47381226362551776,0.9999940433441958,1.0,0.5596743471069573,0.9556905210846558,8.338211514580252e-07
123,0.4738128976209827,1.0,1.0,0.5596743471069573,0.95568924230255,4.411881949550889e-06
123,0.47381848997701465,1.0,1.0,0.5596743471069573,0.9556848304206005,6.86786884240842e-06
123,0.47381848997701465,1.0,1.0,0.5596743471069573,0.9556848304206005,6.86786884240842e-06
123,0.4735481758910175,0.9993396255182672,1.0,0.5596743471069573,0.956223628623024,1.3928526743089975e-07
123,0.4737811879008567,0.9999165124621194,1.0,0.5596743471069573,0.9557532056660409,2.9723161087957806e-07
123,0.4727565912927072,0.9973826920745574,1.0,0.5596743471069573,0.9578245918904073,1.1532133181724191e-07
123,0.4727565912927072,0.9973826920745574,1.0,0.5596743471069573,0.9578245918904073,1.1532133181724191e-07
123,0.4727565912927072,0.9973826920745574,1.0,0.5596743471069573,0.9578245918904073,1.1532133181724191e-07
123,0.4738115718086848,0.999993381493551,1.0,0.5596743471069573,0.9556919164975743,1.6895812867678828e-06
123,0.473812816861475,1.0,1.0,0.5596743471069573,0.9556894051959751,4.5747753746328e-06
123,0.47383445548964753,1.0,1.0,0.5596743471069573,0.9556848304206005,3.906875329717785e-05
123,0.4729415308871622,0.9978391350287836,1.0,0.5596743471069573,0.9574505269365683,4.838638053561439e-07
123,0.47254679972434416,0.9968634938250904,1.0,0.5596743471069573,0.9582502559866889,4.2891737161987464e-07
123,0.47381227624809025,0.999990949483526,1.0,0.5596743471069573,0.9556922099090511,1.7142844211948116e-06
123,0.47381227624809025,1.0,1.0,0.5596743471069573,0.9556904956246299,5.665204029448034e-06
123,0.47384072161412344,1.0,1.0,0.5596743471069573,0.9556848304206005,5.1706323289990586e-05
123,0.4738123489316472,1.0,1.0,0.5596743471069573,0.9556903490202103,5.5185996098439105e-06
123,0.47288433902980276,0.9999165124621194,1.0,0.5596743471069573,0.9575658395617919,0.0018129311273618054
123,0.4737978946641482,0.9999940433441958,1.0,0.5596743471069573,0.9557195044978462,2.9817234341811272e-05
123,0.4737928741662919,0.999990949483526,1.0,0.5596743471069573,0.9557296316820548,3.742177300369853e-05
123,0.47378501149055274,0.9999308178717116,1.0,0.5596743471069573,0.9557454924458825,4.24983939262269e-06
123,0.473548673803379,0.9993449865084909,1.0,0.5596743471069573,0.9562224839173614,3.2321823260073046e-06
123,0.4737816858132182,0.9999218734523432,1.0,0.5596743471069573,0.955752201234361,3.66463902912173e-06
123,0.47386635004741867,1.0,1.0,0.5596743471069573,0.9556848304206005,0.00010339047372920351
123,0.47303423289703717,0.9980552215259053,1.0,0.5596743471069573,0.9572736132269977,1.1204657168084609e-05
123,0.47275771184021836,0.9973886487303616,1.0,0.5596743471069573,0.9578223216197518,2.7273592078103093e-06
123,0.473837892058813,1.0,1.0,0.5596743471069573,0.9556848304206005,4.599969488239264e-05
123,0.4735752970324036,0.9994056629664404,1.0,0.5596743471069573,0.9561697167609655,9.89300694476114e-07
123,0.4725268384069426,0.9968553483602638,1.0,0.5596743471069573,0.9582903071592358,3.336777952422931e-05
123,0.4729738994986342,1.0,1.0,0.5596743471069573,0.9573845186782552,0.0016996882576547634
123,0.47379000496887,0.9999248612159075,1.0,0.5596743471069573,0.9557461001214788,1.0680691770570405e-05
123,0.4738400816190125,1.0,1.0,0.5596743471069573,0.9556848304206005,5.0415591353769607e-05
123,0.47251330861530977,0.9967883550409978,1.0,0.5596743471069573,0.9583177465306054,5.834667025528262e-06
123,0.4738463887300171,1.0,1.0,0.5596743471069573,0.9556848304206005,6.313552014247659e-05
123,0.47449377329048437,1.0,1.0,0.5596743471069573,0.9556848304206005,0.001366956064155267
124,0.4738183902739187,1.0,1.0,0.5596743471069573,0.9556848304206005,6.666770587582249e-06
124,0.4735132095471621,0.9992532623802921,1.0,0.5596743471069573,0.9562941447894914,4.361116512363594e-08
124,0.4737812776336431,0.9999165124621194,1.0,0.5596743471069573,0.9557530246491834,1.1621475337619813e-07
124,0.47296830714260224,0.9979058851470469,1.0,0.5596743471069573,0.9573958692952569,3.0545453943986445e-08
124,0.47381226362551776,0.9999940433441958,1.0,0.5596743471069573,0.9556905210846558,8.338211514580252e-07
124,0.4738128976209827,1.0,1.0,0.5596743471069573,0.95568924230255,4.411881949550889e-06
124,0.47381848997701465,1.0,1.0,0.5596743471069573,0.9556848304206005,6.86786884240842e-06
124,0.47381848997701465,1.0,1.0,0.5596743471069573,0.9556848304206005,6.86786884240842e-06
124,0.4735481758910175,0.9993396255182672,1.0,0.5596743471069573,0.956223628623024,1.3928526743089975e-07
124,0.4737811879008567,0.9999165124621194,1.0,0.5596743471069573,0.9557532056660409,2.9723161087957806e-07
124,0.4727565912927072,0.9973826920745574,1.0,0.5596743471069573,0.9578245918904073,1.1532133181724191e-07
124,0.4727565912927072,0.9973826920745574,1.0,0.5596743471069573,0.9578245918904073,1.1532133181724191e-07
124,0.4727565912927072,0.9973826920745574,1.0,0.5596743471069573,0.9578245918904073,1.1532133181724191e-07
124,0.4738115718086848,0.999993381493551,1.0,0.5596743471069573,0.9556919164975743,1.6895812867678828e-06
124,0.473812816861475,1.0,1.0,0.5596743471069573,0.9556894051959751,4.5747753746328e-06
124,0.47383445548964753,1.0,1.0,0.5596743471069573,0.9556848304206005,3.906875329717785e-05
124,0.47254679972434416,0.9968634938250904,1.0,0.5596743471069573,0.9582502559866889,4.2891737161987464e-07
124,0.4738123489316472,1.0,1.0,0.5596743471069573,0.9556903490202103,5.5185996098439105e-06
124,0.4729415308871622,0.9978391350287836,1.0,0.5596743471069573,0.9574505269365683,4.838638053561439e-07
124,0.4735752970324036,0.9994056629664404,1.0,0.5596743471069573,0.9561697167609655,9.89300694476114e-07
124,0.4738183902739187,0.9987331335150926,1.0,0.5596743471069573,0.956719091906128,0.0010409282561151256
124,0.47495741884838616,1.0,1.0,0.5596743471069573,0.9556848304206005,0.0022985453493861163
124,0.47292212880536383,0.9978391350287836,1.0,0.5596743471069573,0.9574893233747044,3.879643813609057e-05
124,0.47473370875601933,1.0,1.0,0.5596743471069573,0.9556848304206005,0.001849278466686477
124,0.4747885677542609,1.0,1.0,0.5596743471069573,0.9556848304206005,0.001959488497658146
124,0.4735435914154384,0.9993279361422629,1.0,0.5596743471069573,0.9562331723752464,4.256358372423108e-07
124,0.474025412338406,1.0,1.0,0.5596743471069573,0.9556848304206005,0.00042404200165568895
124,0.47359246522211634,0.9994492340375991,1.0,0.5596743471069573,0.9561341499722572,8.456276034962684e-08
124,0.47276210527626805,0.9973880530647812,1.0,0.5596743471069573,0.9578200824887728,6.662028951387455e-06
124,0.4727621182335379,0.9973826920745574,1.0,0.5596743471069573,0.9578244765690754,1.1082360610537023e-05
124,0.47299777181103236,0.997979617148202,1.0,0.5596743471069573,0.9573361992492245,6.961388619997066e-07
124,0.47461811495416756,1.0,1.0,0.5596743471069573,0.9556848304206005,0.0016169706931619121
124,0.47478463736469356,1.0,1.0,0.5596743471069573,0.9556848304206005,0.001951593313544886
124,0.4725468804838519,0.9968634938250904,1.0,0.5596743471069573,0.9582502559866889,5.926847931325696e-07
124,0.47275708511310915,0.9973826920745574,1.0,0.5596743471069573,0.9578244765690754,8.851783727115148e-07
124,0.47350819347596274,0.9992532623802921,1.0,0.5596743471069573,0.9563042316034276,1.0086813936216465e-05
124,0.4727250244652048,0.9973115481134873,1.0,0.5596743471069573,0.9578885518714554,5.758415798085004e-06
124,0.47273599597984073,0.9973767354187533,1.0,0.5596743471069573,0.9578663206719411,3.696173601674957e-05
124,0.4744933053606566,1.0,1.0,0.5596743471069573,0.9556848304206005,0.001366014946983407
124,0.4745432452506215,1.0,1.0,0.5596743471069573,0.9556848304206005,0.001466445365101765
125,0.4738183902739187,1.0,1.0,0.5596743471069573,0.9556848304206005,6.666770587582249e-06
125,0.4735132095471621,0.9992532623802921,1.0,0.5596743471069573,0.9562941447894914,4.361116512363594e-08
125,0.4737812776336431,0.9999165124621194,1.0,0.5596743471069573,0.9557530246491834,1.1621475337619813e-07
125,0.47296830714260224,0.9979058851470469,1.0,0.5596743471069573,0.9573958692952569,3.0545453943986445e-08
125,0.47381226362551776,0.9999940433441958,1.0,0.5596743471069573,0.9556905210846558,8.338211514580252e-07
125,0.4738128976209827,1.0,1.0,0.5596743471069573,0.95568924230255,4.411881949550889e-06
125,0.47359246522211634,0.9994492340375991,1.0,0.5596743471069573,0.9561341499722572,8.456276034962684e-08
125,0.47381848997701465,1.0,1.0,0.5596743471069573,0.9556848304206005,6.86786884240842e-06
125,0.47381848997701465,1.0,1.0,0.5596743471069573,0.9556848304206005,6.86786884240842e-06
125,0.4737811879008567,0.9999165124621194,1.0,0.5596743471069573,0.9557532056660409,2.9723161087957806e-07
125,0.4738115718086848,0.999993381493551,1.0,0.5596743471069573,0.9556919164975743,1.6895812867678828e-06
125,0.473812816861475,1.0,1.0,0.5596743471069573,0.9556894051959751,4.5747753746328e-06
125,0.4735481758910175,0.9993396255182672,1.0,0.5596743471069573,0.956223628623024,1.3928526743089975e-07
125,0.4727565912927072,0.9973826920745574,1.0,0.5596743471069573,0.9578245918904073,1.1532133181724191e-07
125,0.4727565912927072,0.9973826920745574,1.0,0.5596743471069573,0.9578245918904073,1.1532133181724191e-07
125,0.4727565912927072,0.9973826920745574,1.0,0.5596743471069573,0.9578245918904073,1.1532133181724191e-07
125,0.47383445548964753,1.0,1.0,0.5596743471069573,0.9556848304206005,3.906875329717785e-05
125,0.4735752970324036,0.9994056629664404,1.0,0.5596743471069573,0.9561697167609655,9.89300694476114e-07
125,0.4738123489316472,1.0,1.0,0.5596743471069573,0.9556903490202103,5.5185996098439105e-06
125,0.4735435914154384,0.9993279361422629,1.0,0.5596743471069573,0.9562331723752464,4.256358372423108e-07
125,0.47338475276749803,0.9989347892011998,1.0,0.5596743471069573,0.9565542859741285,6.866609945088697e-07
125,0.4735132095471621,1.0,1.0,0.5596743471069573,0.9562941011783263,0.0006092707577257661
125,0.4738123489316472,1.0,1.0,0.5596743471069573,0.9556903490202103,5.5185996098439105e-06
125,0.47296830714260224,1.0,1.0,0.5596743471069573,0.9573958387498029,0.001711008329202457
125,0.47318207498876647,0.9984407884772506,1.0,0.5596743471069573,0.9569633193101169,5.186117436273285e-06
125,0.47405456652695066,1.0,1.0,0.5596743471069573,0.9556848304206005,0.00048279020290209473
125,0.47362180466674164,0.9995291262347594,1.0,0.5596743471069573,0.9560748357833884,5.893248842592236e-06
125,0.47286788696512366,0.9976444228671016,1.0,0.5596743471069573,0.9576100067540365,1.0851470183759204e-05
125,0.4727231899164591,1.0,1.0,0.5596743471069573,0.957892269254641,0.0022074388340405093
125,0.4737811879008567,0.9981401122332625,1.0,0.5596743471069573,0.9572041327108666,0.001450927044825634
125,0.4730662034405464,0.9981401122332625,1.0,0.5596743471069573,0.9572041327108666,6.417410595593864e-06
125,0.47318222473898647,0.9984356038349178,1.0,0.5596743471069573,0.9569630164554029,6.426814490589905e-07
125,0.4735718699092499,0.999443277381795,1.0,0.5596743471069573,0.9561756470181798,3.66348486122714e-05
125,0.4727845554609109,0.9974578308586499,1.0,0.5596743471069573,0.9577679386693339,5.044520744457159e-06
125,0.47180097220961686,0.9950271149416591,1.0,0.5596743471069573,0.9597646376093402,4.85545441575308e-06
125,0.4734932368694453,0.9992479013900684,1.0,0.5596743471069573,0.9563344391438087,3.591666275715166e-05
125,0.4728591406863085,0.9976360741133137,1.0,0.5596743471069573,0.9576168675970278,2.136914256656297e-08
125,0.47406030632640134,1.0,1.0,0.5596743471069573,0.9556848304206005,0.0004943555418706058
125,0.47360676674187346,1.0,1.0,0.5596743471069573,0.9561051929964355,0.00042036257583499825
125,0.47201975612698044,0.9955620182718627,1.0,0.5596743471069573,0.9593197810879918,2.7089625487253244e-07
126,0.4738183902739187,1.0,1.0,0.5596743471069573,0.9556848304206005,6.666770587582249e-06
126,0.4735132095471621,0.9992532623802921,1.0,0.5596743471069573,0.9562941447894914,4.361116512363594e-08
126,0.4737812776336431,0.9999165124621194,1.0,0.5596743471069573,0.9557530246491834,1.1621475337619813e-07
126,0.47296830714260224,0.9979058851470469,1.0,0.5596743471069573,0.9573958692952569,3.0545453943986445e-08
126,0.47381226362551776,0.9999940433441958,1.0,0.5596743471069573,0.9556905210846558,8.338211514580252e-07
126,0.4738128976209827,1.0,1.0,0.5596743471069573,0.95568924230255,4.411881949550889e-06
126,0.47359246522211634,0.9994492340375991,1.0,0.5596743471069573,0.9561341499722572,8.456276034962684e-08
126,0.4728591406863085,0.9976360741133137,1.0,0.5596743471069573,0.9576168675970278,2.136914256656297e-08
126,0.47381848997701465,1.0,1.0,0.5596743471069573,0.9556848304206005,6.86786884240842e-06
126,0.47381848997701465,1.0,1.0,0.5596743471069573,0.9556848304206005,6.86786884240842e-06
126,0.4737811879008567,0.9999165124621194,1.0,0.5596743471069573,0.9557532056660409,2.9723161087957806e-07
126,0.4738115718086848,0.999993381493551,1.0,0.5596743471069573,0.9556919164975743,1.6895812867678828e-06
126,0.473812816861475,1.0,1.0,0.5596743471069573,0.9556894051959751,4.5747753746328e-06
126,0.4735481758910175,0.9993396255182672,1.0,0.5596743471069573,0.956223628623024,1.3928526743089975e-07
126,0.4727565912927072,0.9973826920745574,1.0,0.5596743471069573,0.9578245918904073,1.1532133181724191e-07
126,0.4727565912927072,0.9973826920745574,1.0,0.5596743471069573,0.9578245918904073,1.1532133181724191e-07
126,0.4727565912927072,0.9973826920745574,1.0,0.5596743471069573,0.9578245918904073,1.1532133181724191e-07
126,0.47383445548964753,1.0,1.0,0.5596743471069573,0.9556848304206005,3.906875329717785e-05
126,0.47201975612698044,0.9955620182718627,1.0,0.5596743471069573,0.9593197810879918,2.7089625487253244e-07
126,0.4738123489316472,1.0,1.0,0.5596743471069573,0.9556903490202103,5.5185996098439105e-06
126,0.4740560995388724,1.0,1.0,0.5596743471069573,0.9556848304206005,0.00048587915400655213
126,0.4738400592059947,1.0,1.0,0.5596743471069573,0.9556848304206005,5.037038907362845e-05
126,0.4737812776336431,0.9973886487303616,1.0,0.5596743471069573,0.957819594260544,0.002066569611360536
126,0.4740555463029152,0.9979058851470469,1.0,0.5596743471069573,0.9573958692952569,0.0021958032850234455
126,0.4737830094870219,0.9999201078028397,1.0,0.5596743471069573,0.9557499764613745,4.4544549659963906e-07
126,0.473812816861475,1.0,1.0,0.5596743471069573,0.9556894051959751,4.5747753746328e-06
126,0.4720461701952677,0.9956254467982412,1.0,0.5596743471069573,0.9592673343724012,1.233495696362219e-06
126,0.47302890136438847,0.9976360741133137,1.0,0.5596743471069573,0.9576168462278852,0.000343648305102473
126,0.47381848997701465,1.0,1.0,0.5596743471069573,0.9556848304206005,6.86786884240842e-06
126,0.4747630246270952,1.0,1.0,0.5596743471069573,0.9556848304206005,0.0019081763137370755
126,0.4731288599527471,0.9983081379710508,1.0,0.5596743471069573,0.957070953491223,4.310002291285642e-06
126,0.4740301401724253,1.0,1.0,0.5596743471069573,0.9556848304206005,0.0004335694853756511
126,0.47450379497410783,1.0,1.0,0.5596743471069573,0.9556848304206005,0.0013871115863959282
126,0.47299777181103236,0.997979617148202,1.0,0.5596743471069573,0.9573361992492245,6.961388619997066e-07
126,0.4727565912927072,1.0,1.0,0.5596743471069573,0.9578245918904073,0.002139761469806767
126,0.4728566401157705,0.9973826920745574,1.0,0.5596743471069573,0.9578244765690754,0.00020254488217852362
126,0.47262603894368294,0.9970591871694614,1.0,0.5596743471069573,0.9580897214838737,5.520208058440446e-07
126,0.4735816670000519,1.0,1.0,0.5596743471069573,0.9561558663968647,0.00047103597626418914
126,0.47289627227017234,0.9977195616511942,1.0,0.5596743471069573,0.9575484566402406,6.7806508410317434e-06
126,0.4747629219610045,1.0,1.0,0.5596743471069573,0.9556848304206005,0.0019079700623308993
127,0.4738183902739187,1.0,1.0,0.5596743471069573,0.9556848304206005,6.666770587582249e-06
127,0.4735132095471621,0.9992532623802921,1.0,0.5596743471069573,0.9562941447894914,4.361116512363594e-08
127,0.4737812776336431,0.9999165124621194,1.0,0.5596743471069573,0.9557530246491834,1.1621475337619813e-07
127,0.47296830714260224,0.9979058851470469,1.0,0.5596743471069573,0.9573958692952569,3.0545453943986445e-08
127,0.47381226362551776,0.9999940433441958,1.0,0.5596743471069573,0.9556905210846558,8.338211514580252e-07
127,0.4738128976209827,1.0,1.0,0.5596743471069573,0.95568924230255,4.411881949550889e-06
127,0.47359246522211634,0.9994492340375991,1.0,0.5596743471069573,0.9561341499722572,8.456276034962684e-08
127,0.4728591406863085,0.9976360741133137,1.0,0.5596743471069573,0.9576168675970278,2.136914256656297e-08
127,0.4737830094870219,0.9999201078028397,1.0,0.5596743471069573,0.9557499764613745,4.4544549659963906e-07
127,0.47381848997701465,1.0,1.0,0.5596743471069573,0.9556848304206005,6.86786884240842e-06
127,0.47381848997701465,1.0,1.0,0.5596743471069573,0.9556848304206005,6.86786884240842e-06
127,0.47381848997701465,1.0,1.0,0.5596743471069573,0.9556848304206005,6.86786884240842e-06
127,0.4737811879008567,0.9999165124621194,1.0,0.5596743471069573,0.9557532056660409,2.9723161087957806e-07
127,0.4738115718086848,0.999993381493551,1.0,0.5596743471069573,0.9556919164975743,1.6895812867678828e-06
127,0.473812816861475,1.0,1.0,0.5596743471069573,0.9556894051959751,4.5747753746328e-06
127,0.473812816861475,1.0,1.0,0.5596743471069573,0.9556894051959751,4.5747753746328e-06
127,0.4735481758910175,0.9993396255182672,1.0,0.5596743471069573,0.956223628623024,1.3928526743089975e-07
127,0.4727565912927072,0.9973826920745574,1.0,0.5596743471069573,0.9578245918904073,1.1532133181724191e-07
127,0.4727565912927072,0.9973826920745574,1.0,0.5596743471069573,0.9578245918904073,1.1532133181724191e-07
127,0.4727565912927072,0.9973826920745574,1.0,0.5596743471069573,0.9578245918904073,1.1532133181724191e-07
127,0.47354705534350633,0.999333668862463,1.0,0.5596743471069573,0.9562284918869769,2.7398514867993384e-06
127,0.47454817403799304,1.0,1.0,0.5596743471069573,0.9556848304206005,0.0014763561387035606
127,0.47306060159684343,0.9981339289819275,1.0,0.5596743471069573,0.957209193118894,1.429664613361581e-07
127,0.47374770576510095,0.999841373678027,1.0,0.5596743471069573,0.9558207535573007,6.565189813678707e-06
127,0.4731717294220107,0.9984015745132078,1.0,0.5596743471069573,0.9569902078583359,5.965218978887243e-06
127,0.4738128976209827,0.9994492340375991,1.0,0.5596743471069573,0.9561341499722572,0.000444907669707173
127,0.47381274734311296,0.9999942392862969,1.0,0.5596743471069573,0.9556895454158453,1.7917403227762918e-08
127,0.4747635006328737,1.0,1.0,0.5596743471069573,0.9556848304206005,0.0019091325860646213
127,0.47380721314512775,0.9999946390097763,1.0,0.5596743471069573,0.9557007081313946,1.1506554784435075e-05
127,0.4746762312231105,1.0,1.0,0.5596743471069573,0.9556848304206005,0.0017337805533608197
127,0.47391898283805023,1.0,1.0,0.5596743471069573,0.9556848304206005,0.00020951603437424637
127,0.47449944640602404,1.0,1.0,0.5596743471069573,0.9556848304206005,0.0013783658889556794
127,0.4735868615057691,0.9994438730473754,1.0,0.5596743471069573,0.9561453788654152,6.8529181866949784e-06
127,0.4720441651542279,0.999993381493551,1.0,0.5596743471069573,0.9592701754274316,0.003579948511144071
127,0.472664296838466,0.9971546482396768,1.0,0.5596743471069573,0.9580116208206049,1.8672499568772594e-07
127,0.473776783135525,0.9999141511470355,1.0,0.5596743471069573,0.9557620914298162,7.257349394884649e-06
127,0.4738060372740209,0.9999880866883917,1.0,0.5596743471069573,0.9557030799476205,8.535783350582804e-06
127,0.4738400378732412,1.0,1.0,0.5596743471069573,0.9556848304206005,5.0327365452407236e-05
127,0.47180097220961686,0.9950271149416591,1.0,0.5596743471069573,0.9597646376093402,4.85545441575308e-06
127,0.47356053278112287,0.9993773310601548,1.0,0.5596743471069573,0.9561985380427667,5.692462661799347e-06
128,0.4738183902739187,1.0,1.0,0.5596743471069573,0.9556848304206005,6.666770587582249e-06
128,0.4738128976209827,1.0,1.0,0.5596743471069573,0.95568924230255,4.411881949550889e-06
128,0.47381274734311296,0.9999942392862969,1.0,0.5596743471069573,0.9556895454158453,1.7917403227762918e-08
128,0.47381848997701465,1.0,1.0,0.5596743471069573,0.9556848304206005,6.86786884240842e-06
128,0.47381848997701465,1.0,1.0,0.5596743471069573,0.9556848304206005,6.86786884240842e-06
128,0.47381848997701465,1.0,1.0,0.5596743471069573,0.9556848304206005,6.86786884240842e-06
128,0.473812816861475,1.0,1.0,0.5596743471069573,0.9556894051959751,4.5747753746328e-06
128,0.473812816861475,1.0,1.0,0.5596743471069573,0.9556894051959751,4.5747753746328e-06
128,0.4735132095471621,0.9992532623802921,1.0,0.5596743471069573,0.9562941447894914,4.361116512363594e-08
128,0.4737812776336431,0.9999165124621194,1.0,0.5596743471069573,0.9557530246491834,1.1621475337619813e-07
128,0.47296830714260224,0.9979058851470469,1.0,0.5596743471069573,0.9573958692952569,3.0545453943986445e-08
128,0.47381226362551776,0.9999940433441958,1.0,0.5596743471069573,0.9556905210846558,8.338211514580252e-07
128,0.47359246522211634,0.9994492340375991,1.0,0.5596743471069573,0.9561341499722572,8.456276034962684e-08
128,0.4728591406863085,0.9976360741133137,1.0,0.5596743471069573,0.9576168675970278,2.136914256656297e-08
128,0.4737830094870219,0.9999201078028397,1.0,0.5596743471069573,0.9557499764613745,4.4544549659963906e-07
128,0.4738400378732412,1.0,1.0,0.5596743471069573,0.9556848304206005,5.0327365452407236e-05
128,0.4727565912927072,0.9973826920745574,1.0,0.5596743471069573,0.9578245918904073,1.1532133181724191e-07
128,0.4727565912927072,0.9973826920745574,1.0,0.5596743471069573,0.9578245918904073,1.1532133181724191e-07
128,0.4738115718086848,0.999993381493551,1.0,0.5596743471069573,0.9556919164975743,1.6895812867678828e-06
128,0.4735481758910175,0.9993396255182672,1.0,0.5596743471069573,0.956223628623024,1.3928526743089975e-07
128,0.4740149940880932,1.0,1.0,0.5596743471069573,0.9556848304206005,0.0004030465772263403
128,0.4743714555382861,1.0,1.0,0.5596743471069573,0.9556848304206005,0.0011208830433927508
128,0.473812816861475,1.0,1.0,0.5596743471069573,0.9556894051959751,4.5747753746328e-06
128,0.47381848997701465,0.9994976921273901,1.0,0.5596743471069573,0.9560945975834099,0.00041663503165179083
128,0.4737793257524406,0.9999248612159075,1.0,0.5596743471069573,0.9557569621708474,1.0862049368620674e-05
128,0.4718059882808162,0.9950271149416591,1.0,0.5596743471069573,0.9597597821549244,5.348417231210156e-06
128,0.4735487436910371,0.9993279361422629,1.0,0.5596743471069573,0.9562331723752464,1.0829579893512076e-05
128,0.4738127271286886,1.0,1.0,0.5596743471069573,0.9556895861887348,4.755768134301341e-06
128,0.47254524105630324,0.9968602580184421,1.0,0.5596743471069573,0.9582529878108669,7.684235370231107e-08
128,0.4740168791359944,1.0,1.0,0.5596743471069573,0.9556848304206005,0.0004068454966258406
128,0.4746706275067633,1.0,1.0,0.5596743471069573,0.9556848304206005,0.0017225186998321984
128,0.4726243995161343,0.9970559513628131,1.0,0.5596743471069573,0.95809249285851,1.1743490091475906e-07
128,0.47383165673212163,0.9994492340375991,1.0,0.5596743471069573,0.9561341499722572,0.0004827436403901375
128,0.4738400378732412,1.0,1.0,0.5596743471069573,0.9556848304206005,5.0327365452407236e-05
128,0.4735869512385555,0.9994438730473754,1.0,0.5596743471069573,0.9561451976999743,6.671752745823767e-06
128,0.47264988491831295,0.9971257290822744,1.0,0.5596743471069573,0.9580408322673782,5.683224793995301e-06
128,0.4747690929889056,1.0,1.0,0.5596743471069573,0.9556848304206005,0.001920367212211116
128,0.4738448187016609,1.0,1.0,0.5596743471069573,0.9556848304206005,5.996918150918962e-05
128,0.4746705579884013,1.0,1.0,0.5596743471069573,0.9556848304206005,0.0017223789863065608
128,0.47378485995042574,0.9999244614924282,1.0,0.5596743471069573,0.9557464260887998,6.279476424397856e-07
129,0.4738183902739187,1.0,1.0,0.5596743471069573,0.9556848304206005,6.666770587582249e-06
129,0.4738128976209827,1.0,1.0,0.5596743471069573,0.95568924230255,4.411881949550889e-06
129,0.47381274734311296,0.9999942392862969,1.0,0.5596743471069573,0.9556895454158453,1.7917403227762918e-08
129,0.47381848997701465,1.0,1.0,0.5596743471069573,0.9556848304206005,6.86786884240842e-06
129,0.47381848997701465,1.0,1.0,0.5596743471069573,0.9556848304206005,6.86786884240842e-06
129,0.47381848997701465,1.0,1.0,0.5596743471069573,0.9556848304206005,6.86786884240842e-06
129,0.473812816861475,1.0,1.0,0.5596743471069573,0.9556894051959751,4.5747753746328e-06
129,0.473812816861475,1.0,1.0,0.5596743471069573,0.9556894051959751,4.5747753746328e-06
129,0.473812816861475,1.0,1.0,0.5596743471069573,0.9556894051959751,4.5747753746328e-06
129,0.4735132095471621,0.9992532623802921,1.0,0.5596743471069573,0.9562941447894914,4.361116512363594e-08
129,0.4737812776336431,0.9999165124621194,1.0,0.5596743471069573,0.9557530246491834,1.1621475337619813e-07
129,0.47296830714260224,0.9979058851470469,1.0,0.5596743471069573,0.9573958692952569,3.0545453943986445e-08
129,0.47381226362551776,0.9999940433441958,1.0,0.5596743471069573,0.9556905210846558,8.338211514580252e-07
129,0.47359246522211634,0.9994492340375991,1.0,0.5596743471069573,0.9561341499722572,8.456276034962684e-08
129,0.4728591406863085,0.9976360741133137,1.0,0.5596743471069573,0.9576168675970278,2.136914256656297e-08
129,0.4737830094870219,0.9999201078028397,1.0,0.5596743471069573,0.9557499764613745,4.4544549659963906e-07
129,0.47378485995042574,0.9999244614924282,1.0,0.5596743471069573,0.9557464260887998,6.279476424397856e-07
129,0.4738400378732412,1.0,1.0,0.5596743471069573,0.9556848304206005,5.0327365452407236e-05
129,0.4738400378732412,1.0,1.0,0.5596743471069573,0.9556848304206005,5.0327365452407236e-05
129,0.47254524105630324,0.9968602580184421,1.0,0.5596743471069573,0.9582529878108669,7.684235370231107e-08
129,0.47379325607351336,0.9999320153431854,1.0,0.5596743471069573,0.9557402661031953,1.1404799449277192e-05
129,0.47379332875707036,0.9999320153431854,1.0,0.5596743471069573,0.9557402661031953,1.1551415640020934e-05
129,0.47362273224604634,0.9995172186944137,1.0,0.5596743471069573,0.9560786607224303,5.697389769410144e-06
129,0.4738619237560517,1.0,1.0,0.5596743471069573,0.9556848304206005,9.446449411976143e-05
129,0.4735975438598415,0.9994544186799319,1.0,0.5596743471069573,0.9561299179880998,6.105711431780847e-06
129,0.4726776717523601,0.997174232216598,1.0,0.5596743471069573,0.9579953751773809,1.0862307239234426e-05
129,0.4728541075658798,0.9976360741133137,1.0,0.5596743471069573,0.9576270605951045,1.0214367219263387e-05
129,0.47305739459520546,0.9981265788371417,1.0,0.5596743471069573,0.9572155393671037,3.3076638994433694e-07
129,0.47381274734311296,0.9999942392862969,1.0,0.5596743471069573,0.9556895454158453,1.7917403227762918e-08
129,0.4745779118940841,1.0,1.0,0.5596743471069573,0.9556848304206005,0.0015361484584008878
129,0.47359757102610206,0.9994492340375991,1.0,0.5596743471069573,0.9561341499722572,1.0392540272019524e-05
129,0.4738201553940781,1.0,1.0,0.5596743471069573,0.9556848304206005,1.022695427710385e-05
129,0.47294380823201265,0.9979058851470469,1.0,0.5596743471069573,0.9574454327070437,4.956341178685708e-05
129,0.4727060570574088,0.9972493710006904,1.0,0.5596743471069573,0.9579337670074916,6.779701421377737e-06
129,0.4738645367838308,0.9976360741133137,1.0,0.5596743471069573,0.9576168462278852,0.0020317497064190615
129,0.47383724625370255,0.9999942392862969,1.0,0.5596743471069573,0.955689527498442,4.939430770201092e-05
129,0.47389396902483116,0.9999244614924282,1.0,0.5596743471069573,0.9557464260887998,0.00022067830911165487
129,0.4738172796967171,0.9999940433441958,1.0,0.5596743471069573,0.9556896872635043,9.283605741927659e-06
129,0.473813284469933,1.0,1.0,0.5596743471069573,0.9556884620218118,3.6316012113069007e-06
129,0.4726497951855266,0.9971257290822744,1.0,0.5596743471069573,0.9580410141518814,5.865109297120696e-06
130,0.4738183902739187,1.0,1.0,0.5596743471069573,0.9556848304206005,6.666770587582249e-06
130,0.47381274734311296,0.9999942392862969,1.0,0.5596743471069573,0.9556895454158453,1.7917403227762918e-08
130,0.47381274734311296,0.9999942392862969,1.0,0.5596743471069573,0.9556895454158453,1.7917403227762918e-08
130,0.473813284469933,1.0,1.0,0.5596743471069573,0.9556884620218118,3.6316012113069007e-06
130,0.47381848997701465,1.0,1.0,0.5596743471069573,0.9556848304206005,6.86786884240842e-06
130,0.47381848997701465,1.0,1.0,0.5596743471069573,0.9556848304206005,6.86786884240842e-06
130,0.47381848997701465,1.0,1.0,0.5596743471069573,0.9556848304206005,6.86786884240842e-06
130,0.4735132095471621,0.9992532623802921,1.0,0.5596743471069573,0.9562941447894914,4.361116512363594e-08
130,0.4737812776336431,0.9999165124621194,1.0,0.5596743471069573,0.9557530246491834,1.1621475337619813e-07
130,0.47296830714260224,0.9979058851470469,1.0,0.5596743471069573,0.9573958692952569,3.0545453943986445e-08
130,0.47381226362551776,0.9999940433441958,1.0,0.5596743471069573,0.9556905210846558,8.338211514580252e-07
130,0.47359246522211634,0.9994492340375991,1.0,0.5596743471069573,0.9561341499722572,8.456276034962684e-08
130,0.4728591406863085,0.9976360741133137,1.0,0.5596743471069573,0.9576168675970278,2.136914256656297e-08
130,0.4737830094870219,0.9999201078028397,1.0,0.5596743471069573,0.9557499764613745,4.4544549659963906e-07
130,0.47378485995042574,0.9999244614924282,1.0,0.5596743471069573,0.9557464260887998,6.279476424397856e-07
130,0.4738128976209827,1.0,1.0,0.5596743471069573,0.95568924230255,4.411881949550889e-06
130,0.4738201553940781,1.0,1.0,0.5596743471069573,0.9556848304206005,1.022695427710385e-05
130,0.47254524105630324,0.9968602580184421,1.0,0.5596743471069573,0.9582529878108669,7.684235370231107e-08
130,0.47305739459520546,0.9981265788371417,1.0,0.5596743471069573,0.9572155393671037,3.3076638994433694e-07
130,0.473812816861475,1.0,1.0,0.5596743471069573,0.9556894051959751,4.5747753746328e-06
130,0.4740235776734866,1.0,1.0,0.5596743471069573,0.9556848304206005,0.0004203447521172743
130,0.47465163731472015,1.0,1.0,0.5596743471069573,0.9556848304206005,0.001684351913837756
130,0.47350834683294096,0.9992480439451026,1.0,0.5596743471069573,0.9563039218814811,5.515809003986405e-06
130,0.47296830714260224,0.9979058851470469,1.0,0.5596743471069573,0.9573958692952569,3.0545453943986445e-08
130,0.47398321564030704,1.0,1.0,0.5596743471069573,0.9556848304206005,0.00033899922022473383
130,0.47384006434609494,1.0,1.0,0.5596743471069573,0.9556848304206005,5.038075556074162e-05
130,0.47381848997701465,0.9968602580184421,1.0,0.5596743471069573,0.9582529109685132,0.0025749484167550962
130,0.47378779896756423,0.9999371999855181,1.0,0.5596743471069573,0.9557398694252196,3.8312206551704975e-06
130,0.47398423718152793,1.0,1.0,0.5596743471069573,0.9556848304206005,0.0003410582025034081
130,0.4746763119826182,1.0,1.0,0.5596743471069573,0.9556848304206005,0.0017339428547334945
130,0.47381226362551776,1.0,1.0,0.5596743471069573,0.9556905210846558,5.690664055313377e-06
130,0.4737811879008567,0.9999165124621194,1.0,0.5596743471069573,0.9557532056660409,2.9723161087957806e-07
130,0.4738249949532615,1.0,1.0,0.5596743471069573,0.9556848304206005,1.9988034513640507e-05
130,0.4737838783204691,0.9999189045601033,1.0,0.5596743471069573,0.9557509576943415,3.179349240212126e-06
130,0.4743031595072168,1.0,1.0,0.5596743471069573,0.9556848304206005,0.0009834331285788478
130,0.4738178259808381,0.9999994239286297,1.0,0.5596743471069573,0.9556853001259494,5.998311552901647e-06
130,0.4738201553940781,0.9981871996097865,1.0,0.5596743471069573,0.9571655981909521,0.0014909947246287691
130,0.4744610951067598,1.0,1.0,0.5596743471069573,0.9556848304206005,0.0013012280727863201
130,0.47305739459520546,0.9999948153576672,1.0,0.5596743471069573,0.9572155393671037,0.0015264815788810226
130,0.4738072333595521,0.9999888782960732,1.0,0.5596743471069573,0.9557006673575561,6.7686527418509e-06
131,0.4738183902739187,1.0,1.0,0.5596743471069573,0.9556848304206005,6.666770587582249e-06
131,0.47381274734311296,0.9999942392862969,1.0,0.5596743471069573,0.9556895454158453,1.7917403227762918e-08
131,0.47381274734311296,0.9999942392862969,1.0,0.5596743471069573,0.9556895454158453,1.7917403227762918e-08
131,0.473813284469933,1.0,1.0,0.5596743471069573,0.9556884620218118,3.6316012113069007e-06
131,0.4738178259808381,0.9999994239286297,1.0,0.5596743471069573,0.9556853001259494,5.998311552901647e-06
131,0.47381848997701465,1.0,1.0,0.5596743471069573,0.9556848304206005,6.86786884240842e-06
131,0.47381848997701465,1.0,1.0,0.5596743471069573,0.9556848304206005,6.86786884240842e-06
131,0.47381848997701465,1.0,1.0,0.5596743471069573,0.9556848304206005,6.86786884240842e-06
131,0.4735132095471621,0.9992532623802921,1.0,0.5596743471069573,0.9562941447894914,4.361116512363594e-08
131,0.4737812776336431,0.9999165124621194,1.0,0.5596743471069573,0.9557530246491834,1.1621475337619813e-07
131,0.47296830714260224,0.9979058851470469,1.0,0.5596743471069573,0.9573958692952569,3.0545453943986445e-08
131,0.47381226362551776,0.9999940433441958,1.0,0.5596743471069573,0.9556905210846558,8.338211514580252e-07
131,0.47359246522211634,0.9994492340375991,1.0,0.5596743471069573,0.9561341499722572,8.456276034962684e-08
131,0.4728591406863085,0.9976360741133137,1.0,0.5596743471069573,0.9576168675970278,2.136914256656297e-08
131,0.4737830094870219,0.9999201078028397,1.0,0.5596743471069573,0.9557499764613745,4.4544549659963906e-07
131,0.47378485995042574,0.9999244614924282,1.0,0.5596743471069573,0.9557464260887998,6.279476424397856e-07
131,0.47296830714260224,0.9979058851470469,1.0,0.5596743471069573,0.9573958692952569,3.0545453943986445e-08
131,0.4738128976209827,1.0,1.0,0.5596743471069573,0.95568924230255,4.411881949550889e-06
131,0.4738201553940781,1.0,1.0,0.5596743471069573,0.9556848304206005,1.022695427710385e-05
131,0.47254524105630324,0.9968602580184421,1.0,0.5596743471069573,0.9582529878108669,7.684235370231107e-08
131,0.4739882822298342,1.0,1.0,0.5596743471069573,0.9556848304206005,0.00034921117135178203
131,0.4738118582781328,0.9999942392862969,1.0,0.5596743471069573,0.9556913386805981,1.8111821560307106e-06
131,0.4735086086882013,0.9992523976346911,1.0,0.5596743471069573,0.9563033930353158,8.542112754250653e-06
131,0.4730601592136185,1.0,1.0,0.5596743471069573,0.957209945288532,0.0015251148679314985
131,0.4726772509047479,0.997174232216598,1.0,0.5596743471069573,0.9579953751773809,1.0009366901653216e-05
131,0.4738352851679902,1.0,1.0,0.5596743471069573,0.9556848304206005,4.074207441706612e-05
131,0.4738512273570862,1.0,1.0,0.5596743471069573,0.9556848304206005,7.289363983076225e-05
131,0.4729270493051374,0.9978022891846342,1.0,0.5596743471069573,0.9574807009059618,1.3395877644928333e-06
131,0.4738108968797091,0.9999898855967084,1.0,0.5596743471069573,0.9556932778511631,2.0047560733704728e-07
131,0.4737202401663503,0.99975717006964,1.0,0.5596743471069573,0.9558828721231868,6.701492657135155e-06
131,0.4738145516777309,0.9999946390097763,1.0,0.5596743471069573,0.9556892015766102,3.2955249867905323e-06
131,0.4729749743884709,0.9979110697893797,1.0,0.5596743471069573,0.9573916242107422,9.281298526397919e-06
131,0.47381769073075536,0.9999942392862969,1.0,0.5596743471069573,0.955689527498442,9.95288776350911e-06
131,0.47254464345974434,0.9976360741133137,1.0,0.5596743471069573,0.9582541996512608,0.000637353423375564
131,0.47458531994504927,1.0,1.0,0.5596743471069573,0.9556848304206005,0.001551042265167224
131,0.47371464781031836,0.99975717006964,1.0,0.5596743471069573,0.9558874550606862,4.582937499386652e-06
131,0.47296821740981587,0.9979058851470469,1.0,0.5596743471069573,0.9573960203894838,1.5109422690784413e-07
131,0.4738128976209827,0.9995043106338392,1.0,0.5596743471069573,0.9560891957337536,0.0003999534312035813
131,0.47293646443439513,0.9978339821696026,1.0,0.5596743471069573,0.9574603000010706,5.553395217683388e-06
131,0.47382399399026587,1.0,1.0,0.5596743471069573,0.9556848304206005,1.7969172755649687e-05
132,0.4738183902739187,1.0,1.0,0.5596743471069573,0.9556848304206005,6.666770587582249e-06
132,0.47381274734311296,0.9999942392862969,1.0,0.5596743471069573,0.9556895454158453,1.7917403227762918e-08
132,0.47381274734311296,0.9999942392862969,1.0,0.5596743471069573,0.9556895454158453,1.7917403227762918e-08
132,0.473813284469933,1.0,1.0,0.5596743471069573,0.9556884620218118,3.6316012113069007e-06
132,0.4738178259808381,0.9999994239286297,1.0,0.5596743471069573,0.9556853001259494,5.998311552901647e-06
132,0.4738145516777309,0.9999946390097763,1.0,0.5596743471069573,0.9556892015766102,3.2955249867905323e-06
132,0.47381848997701465,1.0,1.0,0.5596743471069573,0.9556848304206005,6.86786884240842e-06
132,0.47381848997701465,1.0,1.0,0.5596743471069573,0.9556848304206005,6.86786884240842e-06
132,0.47381848997701465,1.0,1.0,0.5596743471069573,0.9556848304206005,6.86786884240842e-06
132,0.4735132095471621,0.9992532623802921,1.0,0.5596743471069573,0.9562941447894914,4.361116512363594e-08
132,0.4737812776336431,0.9999165124621194,1.0,0.5596743471069573,0.9557530246491834,1.1621475337619813e-07
132,0.47296830714260224,0.9979058851470469,1.0,0.5596743471069573,0.9573958692952569,3.0545453943986445e-08
132,0.47381226362551776,0.9999940433441958,1.0,0.5596743471069573,0.9556905210846558,8.338211514580252e-07
132,0.47359246522211634,0.9994492340375991,1.0,0.5596743471069573,0.9561341499722572,8.456276034962684e-08
132,0.4728591406863085,0.9976360741133137,1.0,0.5596743471069573,0.9576168675970278,2.136914256656297e-08
132,0.47296830714260224,0.9979058851470469,1.0,0.5596743471069573,0.9573958692952569,3.0545453943986445e-08
132,0.4738108968797091,0.9999898855967084,1.0,0.5596743471069573,0.9556932778511631,2.0047560733704728e-07
132,0.4738128976209827,1.0,1.0,0.5596743471069573,0.95568924230255,4.411881949550889e-06
132,0.4738201553940781,1.0,1.0,0.5596743471069573,0.9556848304206005,1.022695427710385e-05
132,0.47254524105630324,0.9968602580184421,1.0,0.5596743471069573,0.9582529878108669,7.684235370231107e-08
132,0.4738183902739187,0.9994544186799319,1.0,0.5596743471069573,0.9561299179880998,0.0004517543380868627
132,0.472967958978547,0.9979058851470469,1.0,0.5596743471069573,0.9573965435138586,6.742186017261176e-07
132,0.4740168791359944,1.0,1.0,0.5596743471069573,0.9556848304206005,0.0004068454966258406
132,0.47382306075096725,1.0,1.0,0.5596743471069573,0.9556848304206005,1.6086896557521158e-05
132,0.4736201008180349,0.9995043106338392,1.0,0.5596743471069573,0.9560891957337536,1.092047035533561e-05
132,0.4730533254260435,0.9981152966323422,1.0,0.5596743471069573,0.9572244423187917,6.69055557178666e-07
132,0.4730529014405231,0.998120481274675,1.0,0.5596743471069573,0.9572246311990331,4.432183651426058e-06
132,0.4738145215221389,1.0,1.0,0.5596743471069573,0.9556859668755807,1.1364549802328483e-06
132,0.47269872312624645,0.9972390059316426,1.0,0.5596743471069573,0.9579422650350451,4.154705746106657e-07
132,0.47409525701011773,1.0,1.0,0.5596743471069573,0.9556848304206005,0.000564772951900272
132,0.4746693279171735,1.0,1.0,0.5596743471069573,0.9556848304206005,0.0017199068616242652
132,0.4728273006711452,0.9975645306699413,1.0,0.5596743471069573,0.9576813531617936,5.892353735492684e-06
132,0.4736282992248293,0.9995377290789038,1.0,0.5596743471069573,0.9560619215765842,1.958281201641654e-07
132,0.47168182669466774,0.9947327247204244,1.0,0.5596743471069573,0.9600070714816324,4.778561349172428e-06
132,0.4738057285091976,0.9999847009543756,1.0,0.5596743471069573,0.955703702750331,6.397921637035786e-06
132,0.47408855740750844,1.0,1.0,0.5596743471069573,0.9556848304206005,0.0005512756322207935
132,0.47351764507103195,0.9992527439160589,1.0,0.5596743471069573,0.956294568156333,9.424754654707712e-06
132,0.4730538233195064,1.0,1.0,0.5596743471069573,0.9572227657764861,0.0015379353558856446
132,0.4730600595105225,0.9981243995953046,1.0,0.5596743471069573,0.9572169921458262,6.845113788456203e-06
132,0.4745784490209041,1.0,1.0,0.5596743471069573,0.9556848304206005,0.0015372283617284266
133,0.4738183902739187,1.0,1.0,0.5596743471069573,0.9556848304206005,6.666770587582249e-06
133,0.47381274734311296,0.9999942392862969,1.0,0.5596743471069573,0.9556895454158453,1.7917403227762918e-08
133,0.47381274734311296,0.9999942392862969,1.0,0.5596743471069573,0.9556895454158453,1.7917403227762918e-08
133,0.4738178259808381,0.9999994239286297,1.0,0.5596743471069573,0.9556853001259494,5.998311552901647e-06
133,0.4738145215221389,1.0,1.0,0.5596743471069573,0.9556859668755807,1.1364549802328483e-06
133,0.47381848997701465,1.0,1.0,0.5596743471069573,0.9556848304206005,6.86786884240842e-06
133,0.47381848997701465,1.0,1.0,0.5596743471069573,0.9556848304206005,6.86786884240842e-06
133,0.47381848997701465,1.0,1.0,0.5596743471069573,0.9556848304206005,6.86786884240842e-06
133,0.4735132095471621,0.9992532623802921,1.0,0.5596743471069573,0.9562941447894914,4.361116512363594e-08
133,0.4737812776336431,0.9999165124621194,1.0,0.5596743471069573,0.9557530246491834,1.1621475337619813e-07
133,0.47296830714260224,0.9979058851470469,1.0,0.5596743471069573,0.9573958692952569,3.0545453943986445e-08
133,0.47381226362551776,0.9999940433441958,1.0,0.5596743471069573,0.9556905210846558,8.338211514580252e-07
133,0.47359246522211634,0.9994492340375991,1.0,0.5596743471069573,0.9561341499722572,8.456276034962684e-08
133,0.4728591406863085,0.9976360741133137,1.0,0.5596743471069573,0.9576168675970278,2.136914256656297e-08
133,0.47296830714260224,0.9979058851470469,1.0,0.5596743471069573,0.9573958692952569,3.0545453943986445e-08
133,0.4738108968797091,0.9999898855967084,1.0,0.5596743471069573,0.9556932778511631,2.0047560733704728e-07
133,0.473813284469933,1.0,1.0,0.5596743471069573,0.9556884620218118,3.6316012113069007e-06
133,0.4738145516777309,0.9999946390097763,1.0,0.5596743471069573,0.9556892015766102,3.2955249867905323e-06
133,0.4738201553940781,1.0,1.0,0.5596743471069573,0.9556848304206005,1.022695427710385e-05
133,0.47254524105630324,0.9968602580184421,1.0,0.5596743471069573,0.9582529878108669,7.684235370231107e-08
133,0.4737471598695558,0.9998236255084237,1.0,0.5596743471069573,0.955828664349506,6.809406625674086e-06
133,0.4740161091527826,1.0,1.0,0.5596743471069573,0.9556848304206005,0.0004052937603130635
133,0.47381274734311296,0.9999942392862969,1.0,0.5596743471069573,0.9556895454158453,1.7917403227762918e-08
133,0.4738126576103266,0.9999942392862969,1.0,0.5596743471069573,0.955689726408658,1.9891021596496472e-07
133,0.4717852448758436,0.9949807392931171,1.0,0.5596743471069573,0.9597979756471695,1.3435256410732066e-06
133,0.47359655258193095,1.0,1.0,0.5596743471069573,0.9561258135252152,0.0004409831046147117
133,0.47381800656287665,0.9999908970370376,1.0,0.5596743471069573,0.955692252672553,1.3315087699750094e-05
133,0.47296024398589065,0.997877651344315,1.0,0.5596743471069573,0.9574189873591374,6.826661000158829e-06
133,0.4740161696225214,1.0,1.0,0.5596743471069573,0.9556848304206005,0.0004054156243077367
133,0.47380865998329835,0.9999947577505301,1.0,0.5596743471069573,0.9556977897713517,8.685012131359748e-06
133,0.47492660406572446,1.0,1.0,0.5596743471069573,0.9556848304206005,0.002236686546670641
133,0.4745778514243453,1.0,1.0,0.5596743471069573,0.9556848304206005,0.0015360268827283585
133,0.47182247284674833,0.9950801173636449,1.0,0.5596743471069573,0.9597209017715014,4.766346839768509e-06
133,0.4749637500094784,0.9976360741133137,1.0,0.5596743471069573,0.9576168462278852,0.004243269583663611
133,0.4738236998634335,1.0,1.0,0.5596743471069573,0.9556848304206005,1.737594099837647e-05
133,0.47227048866943594,0.996188194160705,1.0,0.5596743471069573,0.9588104698076947,5.756126425948693e-06
133,0.4745743402846959,1.0,1.0,0.5596743471069573,0.9556848304206005,0.0015289676100199712
133,0.4735868615057691,0.9994438730473754,1.0,0.5596743471069573,0.9561453788654152,6.8529181866949784e-06
133,0.4738201553940781,0.9979758392888067,1.0,0.5596743471069573,0.9573385959190405,0.001663992452717089
133,0.473821364286748,0.9999994815357668,1.0,0.5596743471069573,0.9556852531553901,1.3087966669989015e-05
134,0.4738183902739187,1.0,1.0,0.5596743471069573,0.9556848304206005,6.666770587582249e-06
134,0.47381274734311296,0.9999942392862969,1.0,0.5596743471069573,0.9556895454158453,1.7917403227762918e-08
134,0.47381274734311296,0.9999942392862969,1.0,0.5596743471069573,0.9556895454158453,1.7917403227762918e-08
134,0.4738178259808381,0.9999994239286297,1.0,0.5596743471069573,0.9556853001259494,5.998311552901647e-06
134,0.4738145215221389,1.0,1.0,0.5596743471069573,0.9556859668755807,1.1364549802328483e-06
134,0.47381274734311296,0.9999942392862969,1.0,0.5596743471069573,0.9556895454158453,1.7917403227762918e-08
134,0.47381848997701465,1.0,1.0,0.5596743471069573,0.9556848304206005,6.86786884240842e-06
134,0.47381848997701465,1.0,1.0,0.5596743471069573,0.9556848304206005,6.86786884240842e-06
134,0.47381848997701465,1.0,1.0,0.5596743471069573,0.9556848304206005,6.86786884240842e-06
134,0.473813284469933,1.0,1.0,0.5596743471069573,0.9556884620218118,3.6316012113069007e-06
134,0.4738145516777309,0.9999946390097763,1.0,0.5596743471069573,0.9556892015766102,3.2955249867905323e-06
134,0.4735132095471621,0.9992532623802921,1.0,0.5596743471069573,0.9562941447894914,4.361116512363594e-08
134,0.4737812776336431,0.9999165124621194,1.0,0.5596743471069573,0.9557530246491834,1.1621475337619813e-07
134,0.47296830714260224,0.9979058851470469,1.0,0.5596743471069573,0.9573958692952569,3.0545453943986445e-08
134,0.47359246522211634,0.9994492340375991,1.0,0.5596743471069573,0.9561341499722572,8.456276034962684e-08
134,0.4728591406863085,0.9976360741133137,1.0,0.5596743471069573,0.9576168675970278,2.136914256656297e-08
134,0.47296830714260224,0.9979058851470469,1.0,0.5596743471069573,0.9573958692952569,3.0545453943986445e-08
134,0.4738126576103266,0.9999942392862969,1.0,0.5596743471069573,0.955689726408658,1.9891021596496472e-07
134,0.4738201553940781,1.0,1.0,0.5596743471069573,0.9556848304206005,1.022695427710385e-05
134,0.47254524105630324,0.9968602580184421,1.0,0.5596743471069573,0.9582529878108669,7.684235370231107e-08
134,0.4738212958810962,0.9999951751087987,1.0,0.5596743471069573,0.9556887644589002,1.6461299646053362e-05
134,0.47292143488139576,0.9977889791641017,1.0,0.5596743471069573,0.9574916013575456,8.730459104544508e-07
134,0.4746779358837744,1.0,1.0,0.5596743471069573,0.9556848304206005,0.00173720637685848
134,0.4738178259808381,0.998120481274675,1.0,0.5596743471069573,0.9572201990153817,0.0015408972009851585
134,0.4735472820595027,0.9993327610334642,1.0,0.5596743471069573,0.9562292330817878,3.938849946649725e-06
134,0.47182298071052087,0.9950806358278781,1.0,0.5596743471069573,0.9597198687411136,4.1602413086705425e-06
134,0.4728575439251852,0.9976308894709809,1.0,0.5596743471069573,0.9576210936530205,9.9234342609833e-07
134,0.47358789444816374,0.9994445678594996,1.0,0.5596743471069573,0.9561432934170607,5.334621521413396e-06
134,0.47382075299063703,1.0,1.0,0.5596743471069573,0.9556848304206005,1.1432278969381038e-05
134,0.4738150352404456,0.9999951751087987,1.0,0.5596743471069573,0.9556887644589002,3.833754270377021e-06
134,0.47244654119347607,0.9966234662541971,1.0,0.5596743471069573,0.9584531785837987,5.9329995950596626e-06
134,0.47265571840690007,0.9971403847471528,1.0,0.5596743471069573,0.9580290081847922,5.877586668590062e-06
134,0.47254007268579173,0.9999165124621194,1.0,0.5596743471069573,0.9582634686288135,0.002510560194383449
134,0.47296313877209073,0.9979058851470469,1.0,0.5596743471069573,0.9574063008260298,1.0431530772958553e-05
134,0.47377659267726957,0.9999165124621194,1.0,0.5596743471069573,0.9557624756463076,9.567211877503645e-06
134,0.4745835647951995,1.0,1.0,0.5596743471069573,0.9556848304206005,0.0015475135973084253
134,0.4728591406863085,0.9979058851470469,1.0,0.5596743471069573,0.9576168675970278,0.00022099830177091384
134,0.47351318240712925,0.9992580872714935,1.0,0.5596743471069573,0.9562941559895843,3.951082335529321e-06
134,0.47458305693142694,1.0,1.0,0.5596743471069573,0.9556848304206005,0.001546492549950873
134,0.47409490778094543,1.0,1.0,0.5596743471069573,0.9556848304206005,0.0005640693885821113
135,0.4738183902739187,1.0,1.0,0.5596743471069573,0.9556848304206005,6.666770587582249e-06
135,0.47381274734311296,0.9999942392862969,1.0,0.5596743471069573,0.9556895454158453,1.7917403227762918e-08
135,0.47381274734311296,0.9999942392862969,1.0,0.5596743471069573,0.9556895454158453,1.7917403227762918e-08
135,0.4738178259808381,0.9999994239286297,1.0,0.5596743471069573,0.9556853001259494,5.998311552901647e-06
135,0.4738145215221389,1.0,1.0,0.5596743471069573,0.9556859668755807,1.1364549802328483e-06
135,0.47381274734311296,0.9999942392862969,1.0,0.5596743471069573,0.9556895454158453,1.7917403227762918e-08
135,0.47381848997701465,1.0,1.0,0.5596743471069573,0.9556848304206005,6.86786884240842e-06
135,0.47381848997701465,1.0,1.0,0.5596743471069573,0.9556848304206005,6.86786884240842e-06
135,0.47381848997701465,1.0,1.0,0.5596743471069573,0.9556848304206005,6.86786884240842e-06
135,0.473813284469933,1.0,1.0,0.5596743471069573,0.9556884620218118,3.6316012113069007e-06
135,0.4738145516777309,0.9999946390097763,1.0,0.5596743471069573,0.9556892015766102,3.2955249867905323e-06
135,0.4735132095471621,0.9992532623802921,1.0,0.5596743471069573,0.9562941447894914,4.361116512363594e-08
135,0.4737812776336431,0.9999165124621194,1.0,0.5596743471069573,0.9557530246491834,1.1621475337619813e-07
135,0.47296830714260224,0.9979058851470469,1.0,0.5596743471069573,0.9573958692952569,3.0545453943986445e-08
135,0.47359246522211634,0.9994492340375991,1.0,0.5596743471069573,0.9561341499722572,8.456276034962684e-08
135,0.4728591406863085,0.9976360741133137,1.0,0.5596743471069573,0.9576168675970278,2.136914256656297e-08
135,0.47296830714260224,0.9979058851470469,1.0,0.5596743471069573,0.9573958692952569,3.0545453943986445e-08
135,0.4738126576103266,0.9999942392862969,1.0,0.5596743471069573,0.955689726408658,1.9891021596496472e-07
135,0.4738201553940781,1.0,1.0,0.5596743471069573,0.9556848304206005,1.022695427710385e-05
135,0.47254524105630324,0.9968602580184421,1.0,0.5596743471069573,0.9582529878108669,7.684235370231107e-08
135,0.47431056755818196,1.0,1.0,0.5596743471069573,0.9556848304206005,0.0009983441954545258
135,0.4740109204925022,1.0,1.0,0.5596743471069573,0.9556848304206005,0.00039483699494380353
135,0.4745745177025985,1.0,1.0,0.5596743471069573,0.9556848304206005,0.001529324317608105
135,0.4738183549546783,1.0,1.0,0.5596743471069573,0.9556848304206005,6.595532683006944e-06
135,0.47378652676366234,0.9999216971044522,1.0,0.5596743471069573,0.9557486804046982,6.244642278496748e-06
135,0.47381789238045574,0.9999994815357668,1.0,0.5596743471069573,0.9556852531553901,6.08526742629234e-06
135,0.4738197200482424,0.999999823652109,1.0,0.5596743471069573,0.9556849742074971,9.492666791399706e-06
135,0.474953422241734,1.0,1.0,0.5596743471069573,0.9556848304206005,0.0022905228575320624
135,0.47381848997701465,0.9976360741133137,1.0,0.5596743471069573,0.9576168462278852,0.0019388836761271566
135,0.4733223351790091,0.9987815997763763,1.0,0.5596743471069573,0.9566797411922845,2.650917555468979e-07
135,0.47381791571362447,0.9999994239286297,1.0,0.5596743471069573,0.9556853001259494,6.179300417130662e-06
135,0.4735132095471621,0.9978307463629544,1.0,0.5596743471069573,0.957457396425736,0.001163295247409768
135,0.4738235686147398,1.0,1.0,0.5596743471069573,0.9556848304206005,1.711122199099524e-05
135,0.47296830714260224,0.9999211786402189,1.0,0.5596743471069573,0.9573958387498029,0.0016467355441045495
135,0.47350855801370173,0.9992485962021926,1.0,0.5596743471069573,0.9563034953781245,5.5402712425545175e-06
135,0.473538084689032,0.9993221754285598,1.0,0.5596743471069573,0.9562438666731088,5.990900159846824e-06
135,0.4729683968753886,0.9979058851470469,1.0,0.5596743471069573,0.9573958692952569,2.121850659619895e-07
135,0.4738126576103266,0.9976360741133137,1.0,0.5596743471069573,0.9576168462278852,0.0019271198192272188
135,0.4728545454627214,0.9976360741133137,1.0,0.5596743471069573,0.9576261737645382,9.327536652947721e-06
135,0.47379183265555525,0.9968602580184421,1.0,0.5596743471069573,0.9582529109685132,0.0025211783581560177
136,0.47381274734311296,0.9999942392862969,1.0,0.5596743471069573,0.9556895454158453,1.7917403227762918e-08
136,0.47381274734311296,0.9999942392862969,1.0,0.5596743471069573,0.9556895454158453,1.7917403227762918e-08
136,0.4738178259808381,0.9999994239286297,1.0,0.5596743471069573,0.9556853001259494,5.998311552901647e-06
136,0.4738145215221389,1.0,1.0,0.5596743471069573,0.9556859668755807,1.1364549802328483e-06
136,0.47381274734311296,0.9999942392862969,1.0,0.5596743471069573,0.9556895454158453,1.7917403227762918e-08
136,0.4738183549546783,1.0,1.0,0.5596743471069573,0.9556848304206005,6.595532683006944e-06
136,0.47381789238045574,0.9999994815357668,1.0,0.5596743471069573,0.9556852531553901,6.08526742629234e-06
136,0.473813284469933,1.0,1.0,0.5596743471069573,0.9556884620218118,3.6316012113069007e-06
136,0.4738145516777309,0.9999946390097763,1.0,0.5596743471069573,0.9556892015766102,3.2955249867905323e-06
136,0.4735132095471621,0.9992532623802921,1.0,0.5596743471069573,0.9562941447894914,4.361116512363594e-08
136,0.4737812776336431,0.9999165124621194,1.0,0.5596743471069573,0.9557530246491834,1.1621475337619813e-07
136,0.47296830714260224,0.9979058851470469,1.0,0.5596743471069573,0.9573958692952569,3.0545453943986445e-08
136,0.47359246522211634,0.9994492340375991,1.0,0.5596743471069573,0.9561341499722572,8.456276034962684e-08
136,0.4728591406863085,0.9976360741133137,1.0,0.5596743471069573,0.9576168675970278,2.136914256656297e-08
136,0.47296830714260224,0.9979058851470469,1.0,0.5596743471069573,0.9573958692952569,3.0545453943986445e-08
136,0.4738126576103266,0.9999942392862969,1.0,0.5596743471069573,0.955689726408658,1.9891021596496472e-07
136,0.4738183902739187,1.0,1.0,0.5596743471069573,0.9556848304206005,6.666770587582249e-06
136,0.47381791571362447,0.9999994239286297,1.0,0.5596743471069573,0.9556853001259494,6.179300417130662e-06
136,0.47254524105630324,0.9968602580184421,1.0,0.5596743471069573,0.9582529878108669,7.684235370231107e-08
136,0.47381848997701465,1.0,1.0,0.5596743471069573,0.9556848304206005,6.86786884240842e-06
136,0.4737879064811919,0.9999242851445372,1.0,0.5596743471069573,0.9557465698974217,6.917352073476657e-06
136,0.47178362097468746,0.9949803795419857,1.0,0.5596743471069573,0.9597999357861492,1.6638456042938898e-06
136,0.4738178259808381,1.0,1.0,0.5596743471069573,0.9556848304206005,5.5286062039527906e-06
136,0.4738145215221389,0.9999161527109881,1.0,0.5596743471069573,0.9557532018099062,6.723493432547745e-05
136,0.474059087258671,1.0,1.0,0.5596743471069573,0.9556848304206005,0.0004918992196250027
136,0.47251699907728806,0.9967903038766823,1.0,0.5596743471069573,0.9583103126096512,5.07519910541987e-08
136,0.4745835195056494,1.0,1.0,0.5596743471069573,0.9556848304206005,0.0015474225438943945
136,0.47364845910354464,0.9995794494179318,1.0,0.5596743471069573,0.9560278744643927,6.841529394785439e-06
136,0.4735301479433218,0.9992960048009125,1.0,0.5596743471069573,0.9562598940885197,6.503376567268404e-07
136,0.47301620281545825,0.9980318090944617,1.0,0.5596743471069573,0.9572988967898519,6.119105444901685e-06
136,0.47408281477360675,1.0,1.0,0.5596743471069573,0.9556848304206005,0.0005397059609526522
136,0.47296830714260224,0.9975697153122741,1.0,0.5596743471069573,0.9576712128178211,0.00027537406801814157
136,0.4738151492742898,0.9999951574740095,1.0,0.5596743471069573,0.9556887788377264,4.0781393055855375e-06
136,0.47378394119045203,0.9999191005022044,1.0,0.5596743471069573,0.9557507979052673,3.146385583963074e-06
136,0.47381283707589933,0.9999942392862969,1.0,0.5596743471069573,0.955689527498442,1.6307534100867827e-07
136,0.47359603683150453,0.9994492340375991,1.0,0.5596743471069573,0.9561341499722572,7.2952172667228865e-06
136,0.4738183902739187,1.0,1.0,0.5596743471069573,0.9556848304206005,6.666770587582249e-06
136,0.4738081521195258,0.9999994239286297,1.0,0.5596743471069573,0.9556988141612481,1.3514035298700655e-05
136,0.47209866109171084,0.9957513707456559,1.0,0.5596743471069573,0.9591637699966161,4.326354099304375e-06
136,0.47220782754800456,0.9960211817793891,1.0,0.5596743471069573,0.958941955879915,4.253663848263756e-06
137,0.47381274734311296,0.9999942392862969,1.0,0.5596743471069573,0.9556895454158453,1.7917403227762918e-08
137,0.47381274734311296,0.9999942392862969,1.0,0.5596743471069573,0.9556895454158453,1.7917403227762918e-08
137,0.4738145215221389,1.0,1.0,0.5596743471069573,0.9556859668755807,1.1364549802328483e-06
137,0.47381274734311296,0.9999942392862969,1.0,0.5596743471069573,0.9556895454158453,1.7917403227762918e-08
137,0.4738178259808381,1.0,1.0,0.5596743471069573,0.9556848304206005,5.5286062039527906e-06
137,0.47381283707589933,0.9999942392862969,1.0,0.5596743471069573,0.955689527498442,1.6307534100867827e-07
137,0.473813284469933,1.0,1.0,0.5596743471069573,0.9556884620218118,3.6316012113069007e-06
137,0.4738145516777309,0.9999946390097763,1.0,0.5596743471069573,0.9556892015766102,3.2955249867905323e-06
137,0.4735132095471621,0.9992532623802921,1.0,0.5596743471069573,0.9562941447894914,4.361116512363594e-08
137,0.4737812776336431,0.9999165124621194,1.0,0.5596743471069573,0.9557530246491834,1.1621475337619813e-07
137,0.47296830714260224,0.9979058851470469,1.0,0.5596743471069573,0.9573958692952569,3.0545453943986445e-08
137,0.47359246522211634,0.9994492340375991,1.0,0.5596743471069573,0.9561341499722572,8.456276034962684e-08
137,0.4728591406863085,0.9976360741133137,1.0,0.5596743471069573,0.9576168675970278,2.136914256656297e-08
137,0.47296830714260224,0.9979058851470469,1.0,0.5596743471069573,0.9573958692952569,3.0545453943986445e-08
137,0.4738178259808381,0.9999994239286297,1.0,0.5596743471069573,0.9556853001259494,5.998311552901647e-06
137,0.4738183549546783,1.0,1.0,0.5596743471069573,0.9556848304206005,6.595532683006944e-06
137,0.47381789238045574,0.9999994815357668,1.0,0.5596743471069573,0.9556852531553901,6.08526742629234e-06
137,0.4738126576103266,0.9999942392862969,1.0,0.5596743471069573,0.955689726408658,1.9891021596496472e-07
137,0.47251699907728806,0.9967903038766823,1.0,0.5596743471069573,0.9583103126096512,5.07519910541987e-08
137,0.4738183902739187,1.0,1.0,0.5596743471069573,0.9556848304206005,6.666770587582249e-06
137,0.4727486425927498,0.9973685590126343,1.0,0.5596743471069573,0.957840696559127,4.635745307624006e-06
137,0.47381274734311296,0.9971112734890141,1.0,0.5596743471069573,0.9580470037635025,0.0023574583476572153
137,0.4738130739271269,0.9999947059041068,1.0,0.5596743471069573,0.9556891470331228,2.603431429326619e-07
137,0.47286421932403366,0.9976412587556465,1.0,0.5596743471069573,0.9576125988468969,6.016208935477607e-06
137,0.47294933298147745,0.9978667059882792,1.0,0.5596743471069573,0.9574342483247815,6.298468549825742e-06
137,0.4745791186321432,1.0,1.0,0.5596743471069573,0.9556848304206005,0.0015385746239883202
137,0.47438009722624097,1.0,1.0,0.5596743471069573,0.9556848304206005,0.0011382721450794442
137,0.473815380941849,1.0,1.0,0.5596743471069573,0.9556848304206005,5.969951945017371e-07
137,0.4721084372503221,0.9957831767402306,1.0,0.5596743471069573,0.9591395819029358,1.9661548518179472e-06
137,0.4745726627640649,1.0,1.0,0.5596743471069573,0.9556848304206005,0.0015255948575053635
137,0.47467556410818956,1.0,1.0,0.5596743471069573,0.9556848304206005,0.0017324398587348355
137,0.4729354136301267,0.9978307463629544,1.0,0.5596743471069573,0.9574624273599847,5.030934248639873e-06
137,0.47264674439616466,0.9971106974176438,1.0,0.5596743471069573,0.9580474761943568,2.7818240933008553e-07
137,0.4738122394793404,0.9999942392862969,1.0,0.5596743471069573,0.9556905697880679,1.042289625829973e-06
137,0.4723471168674274,0.996369720511639,1.0,0.5596743471069573,0.958655596828319,6.734730900737063e-07
137,0.47251242830333545,0.9967851192343495,1.0,0.5596743471069573,0.958319531919804,4.964674114482648e-06
137,0.47275321336670245,0.9973737436549671,1.0,0.5596743471069573,0.9578318111540586,3.7539564878841247e-07
137,0.47296830714260224,0.9979064036112801,1.0,0.5596743471069573,0.9573958387498029,3.9396498252575185e-07
137,0.4730526704031456,0.998114720560972,1.0,0.5596743471069573,0.9572250987044122,1.8490474273935575e-07
137,0.4738126576103266,0.9999942392862969,1.0,0.5596743471069573,0.955689726408658,1.9891021596496472e-07
138,0.47381274734311296,0.9999942392862969,1.0,0.5596743471069573,0.9556895454158453,1.7917403227762918e-08
138,0.47381274734311296,0.9999942392862969,1.0,0.5596743471069573,0.9556895454158453,1.7917403227762918e-08
138,0.47381274734311296,0.9999942392862969,1.0,0.5596743471069573,0.9556895454158453,1.7917403227762918e-08
138,0.47381283707589933,0.9999942392862969,1.0,0.5596743471069573,0.955689527498442,1.6307534100867827e-07
138,0.4738130739271269,0.9999947059041068,1.0,0.5596743471069573,0.9556891470331228,2.603431429326619e-07
138,0.473815380941849,1.0,1.0,0.5596743471069573,0.9556848304206005,5.969951945017371e-07
138,0.4735132095471621,0.9992532623802921,1.0,0.5596743471069573,0.9562941447894914,4.361116512363594e-08
138,0.4737812776336431,0.9999165124621194,1.0,0.5596743471069573,0.9557530246491834,1.1621475337619813e-07
138,0.47296830714260224,0.9979058851470469,1.0,0.5596743471069573,0.9573958692952569,3.0545453943986445e-08
138,0.47359246522211634,0.9994492340375991,1.0,0.5596743471069573,0.9561341499722572,8.456276034962684e-08
138,0.4728591406863085,0.9976360741133137,1.0,0.5596743471069573,0.9576168675970278,2.136914256656297e-08
138,0.47296830714260224,0.9979058851470469,1.0,0.5596743471069573,0.9573958692952569,3.0545453943986445e-08
138,0.4738126576103266,0.9999942392862969,1.0,0.5596743471069573,0.955689726408658,1.9891021596496472e-07
138,0.4738126576103266,0.9999942392862969,1.0,0.5596743471069573,0.955689726408658,1.9891021596496472e-07
138,0.4738145215221389,1.0,1.0,0.5596743471069573,0.9556859668755807,1.1364549802328483e-06
138,0.4738178259808381,1.0,1.0,0.5596743471069573,0.9556848304206005,5.5286062039527906e-06
138,0.47251699907728806,0.9967903038766823,1.0,0.5596743471069573,0.9583103126096512,5.07519910541987e-08
138,0.4738183549546783,1.0,1.0,0.5596743471069573,0.9556848304206005,6.595532683006944e-06
138,0.4730526704031456,0.998114720560972,1.0,0.5596743471069573,0.9572250987044122,1.8490474273935575e-07
138,0.4738122394793404,0.9999942392862969,1.0,0.5596743471069573,0.9556905697880679,1.042289625829973e-06
138,0.4726150234348929,0.9970329705934663,1.0,0.5596743471069573,0.9581115001955292,2.7593846263496147e-07
138,0.473811141608711,0.9999890546439641,1.0,0.5596743471069573,0.95569375491477,9.706903728590177e-07
138,0.47285876436842095,0.9976360741133137,1.0,0.5596743471069573,0.95761762970272,7.834748347868015e-07
138,0.47358789444816374,0.9994440493952663,1.0,0.5596743471069573,0.9561432934170607,4.911416739084018e-06
138,0.4738130739271269,1.0,1.0,0.5596743471069573,0.9556888866899799,4.0562693793821936e-06
138,0.4732378103994503,1.0,1.0,0.5596743471069573,0.9568506133041167,0.0011657828835162087
138,0.47305843953372634,0.998120481274675,1.0,0.5596743471069573,0.9572201990153817,6.774041139800957e-06
138,0.4727342999905001,0.9973268853819142,1.0,0.5596743471069573,0.9578702207540762,4.6362519467990637e-07
138,0.47296830714260224,0.9999942392862969,1.0,0.5596743471069573,0.9573958387498029,0.0017063112513608925
138,0.47382003247530935,1.0,1.0,0.5596743471069573,0.9556848304206005,9.979032413731659e-06
138,0.47305275116265333,0.998114720560972,1.0,0.5596743471069573,0.957224935287061,2.1487391532737377e-08
138,0.47296830714260224,0.9976360741133137,1.0,0.5596743471069573,0.9576168462278852,0.00022100747808229126
138,0.4740838383878057,1.0,1.0,0.5596743471069573,0.9556848304206005,0.0005417682546446922
138,0.4729399036445716,0.9978359310052871,1.0,0.5596743471069573,0.9574533373676049,1.8666573353698368e-07
138,0.47286181729785487,0.9976360741133137,1.0,0.5596743471069573,0.9576168462278852,5.399175011411295e-06
138,0.47359246522211634,0.9994492340375991,1.0,0.5596743471069573,0.9561341499722572,8.456276034962684e-08
138,0.4737053506991541,0.9997285605895869,1.0,0.5596743471069573,0.9559062156507837,4.524495222923974e-09
138,0.47325100507155027,0.9986052252848,1.0,0.5596743471069573,0.956823935431425,2.7423477444443733e-07
138,0.4728594346119211,0.9976364940693425,1.0,0.5596743471069573,0.9576165021883821,2.2983827807632196e-07
138,0.4745745177025985,1.0,1.0,0.5596743471069573,0.9556848304206005,0.001529324317608105
139,0.47381274734311296,0.9999942392862969,1.0,0.5596743471069573,0.9556895454158453,1.7917403227762918e-08
139,0.47381274734311296,0.9999942392862969,1.0,0.5596743471069573,0.9556895454158453,1.7917403227762918e-08
139,0.47381274734311296,0.9999942392862969,1.0,0.5596743471069573,0.9556895454158453,1.7917403227762918e-08
139,0.47381283707589933,0.9999942392862969,1.0,0.5596743471069573,0.955689527498442,1.6307534100867827e-07
139,0.4738130739271269,0.9999947059041068,1.0,0.5596743471069573,0.9556891470331228,2.603431429326619e-07
139,0.473815380941849,1.0,1.0,0.5596743471069573,0.9556848304206005,5.969951945017371e-07
139,0.4737053506991541,0.9997285605895869,1.0,0.5596743471069573,0.9559062156507837,4.524495222923974e-09
139,0.4737812776336431,0.9999165124621194,1.0,0.5596743471069573,0.9557530246491834,1.1621475337619813e-07
139,0.4738126576103266,0.9999942392862969,1.0,0.5596743471069573,0.955689726408658,1.9891021596496472e-07
139,0.4738126576103266,0.9999942392862969,1.0,0.5596743471069573,0.955689726408658,1.9891021596496472e-07
139,0.4738145215221389,1.0,1.0,0.5596743471069573,0.9556859668755807,1.1364549802328483e-06
139,0.4738178259808381,1.0,1.0,0.5596743471069573,0.9556848304206005,5.5286062039527906e-06
139,0.4735132095471621,0.9992532623802921,1.0,0.5596743471069573,0.9562941447894914,4.361116512363594e-08
139,0.47359246522211634,0.9994492340375991,1.0,0.5596743471069573,0.9561341499722572,8.456276034962684e-08
139,0.4728591406863085,0.9976360741133137,1.0,0.5596743471069573,0.9576168675970278,2.136914256656297e-08
139,0.47305275116265333,0.998114720560972,1.0,0.5596743471069573,0.957224935287061,2.1487391532737377e-08
139,0.47359246522211634,0.9994492340375991,1.0,0.5596743471069573,0.9561341499722572,8.456276034962684e-08
139,0.4738183549546783,1.0,1.0,0.5596743471069573,0.9556848304206005,6.595532683006944e-06
139,0.47296830714260224,0.9979058851470469,1.0,0.5596743471069573,0.9573958692952569,3.0545453943986445e-08
139,0.47296830714260224,0.9979058851470469,1.0,0.5596743471069573,0.9573958692952569,3.0545453943986445e-08
139,0.47370572538427436,0.9997289805456158,1.0,0.5596743471069573,0.9559058685254648,4.089639902282727e-07
139,0.47305460610118694,0.998120481274675,1.0,0.5596743471069573,0.9572211818231032,9.828077215390252e-07
139,0.472967932457482,0.9979054651910181,1.0,0.5596743471069573,0.9573965971986312,3.8404959756821455e-07
139,0.472942984279832,0.9978438572219291,1.0,0.5596743471069573,0.9574471007500779,4.4077270167086624e-07
139,0.47401363485074594,1.0,1.0,0.5596743471069573,0.9556848304206005,0.0004003073001684898
139,0.4730243476646227,0.9980447664192122,1.0,0.5596743471069573,0.9572824133780747,2.421400856489342e-07
139,0.4738172283842792,0.9997285605895869,1.0,0.5596743471069573,0.9559062111262885,0.00022570397230781136
139,0.4737812776336431,0.9999165124621194,1.0,0.5596743471069573,0.9557530246491834,1.1621475337619813e-07
139,0.473814751447758,0.9999998905464396,1.0,0.5596743471069573,0.9556855031148251,5.834502498913707e-07
139,0.4731274806035899,0.9982979544089815,1.0,0.5596743471069573,0.9570749750021124,1.2312797901259387e-06
139,0.4737053506991541,0.9997285605895869,1.0,0.5596743471069573,0.9559062156507837,4.524495222923974e-09
139,0.474082250599961,1.0,1.0,0.5596743471069573,0.9556848304206005,0.0005385693064897668
139,0.47381273836983434,0.9999942392862969,1.0,0.5596743471069573,0.9556895635151235,3.601668141506309e-08
139,0.4737767068596905,0.9999113278197866,1.0,0.5596743471069573,0.9557622453030437,5.108795036234959e-06
139,0.4739094043226759,1.0,1.0,0.5596743471069573,0.9556848304206005,0.00019020425265847685
139,0.4746395236247671,1.0,1.0,0.5596743471069573,0.9556848304206005,0.001660004034210849
139,0.47457466686870986,1.0,1.0,0.5596743471069573,0.9556848304206005,0.0015296242233470148
139,0.47285922144581627,0.9976360741133137,1.0,0.5596743471069573,0.9576168462278852,1.4218200150573068e-07
139,0.4742815086349388,1.0,1.0,0.5596743471069573,0.9556848304206005,0.0009398511680838162
139,0.4733942113132194,0.998958729313771,1.0,0.5596743471069573,0.9565347250005164,2.378896838406419e-07
140,0.47381274734311296,0.9999942392862969,1.0,0.5596743471069573,0.9556895454158453,1.7917403227762918e-08
140,0.47381274734311296,0.9999942392862969,1.0,0.5596743471069573,0.9556895454158453,1.7917403227762918e-08
140,0.47381274734311296,0.9999942392862969,1.0,0.5596743471069573,0.9556895454158453,1.7917403227762918e-08
140,0.47381283707589933,0.9999942392862969,1.0,0.5596743471069573,0.955689527498442,1.6307534100867827e-07
140,0.4738130739271269,0.9999947059041068,1.0,0.5596743471069573,0.9556891470331228,2.603431429326619e-07
140,0.473815380941849,1.0,1.0,0.5596743471069573,0.9556848304206005,5.969951945017371e-07
140,0.4737053506991541,0.9997285605895869,1.0,0.5596743471069573,0.9559062156507837,4.524495222923974e-09
140,0.473814751447758,0.9999998905464396,1.0,0.5596743471069573,0.9556855031148251,5.834502498913707e-07
140,0.4737053506991541,0.9997285605895869,1.0,0.5596743471069573,0.9559062156507837,4.524495222923974e-09
140,0.47381273836983434,0.9999942392862969,1.0,0.5596743471069573,0.9556895635151235,3.601668141506309e-08
140,0.4738178259808381,1.0,1.0,0.5596743471069573,0.9556848304206005,5.5286062039527906e-06
140,0.4738145215221389,1.0,1.0,0.5596743471069573,0.9556859668755807,1.1364549802328483e-06
140,0.4728591406863085,0.9976360741133137,1.0,0.5596743471069573,0.9576168675970278,2.136914256656297e-08
140,0.47305275116265333,0.998114720560972,1.0,0.5596743471069573,0.957224935287061,2.1487391532737377e-08
140,0.4738183549546783,1.0,1.0,0.5596743471069573,0.9556848304206005,6.595532683006944e-06
140,0.47296830714260224,0.9979058851470469,1.0,0.5596743471069573,0.9573958692952569,3.0545453943986445e-08
140,0.47296830714260224,0.9979058851470469,1.0,0.5596743471069573,0.9573958692952569,3.0545453943986445e-08
140,0.4738126576103266,0.9999942392862969,1.0,0.5596743471069573,0.955689726408658,1.9891021596496472e-07
140,0.4735132095471621,0.9992532623802921,1.0,0.5596743471069573,0.9562941447894914,4.361116512363594e-08
140,0.4737812776336431,0.9999165124621194,1.0,0.5596743471069573,0.9557530246491834,1.1621475337619813e-07
140,0.47365230370501593,0.9995974519998394,1.0,0.5596743471069573,0.9560132729814765,8.917682348119627e-08
140,0.47354657913609377,0.9993284011643846,1.0,0.5596743471069573,0.956232792705215,6.079070992481839e-06
140,0.4729179847921103,0.9977889791641017,1.0,0.5596743471069573,0.9574977135154167,6.112157871052126e-06
140,0.4729636556091419,0.9979007005047141,1.0,0.5596743471069573,0.9574052546081179,5.140184235363776e-06
140,0.47384335058771193,1.0,1.0,0.5596743471069573,0.9556848304206005,5.700835873079235e-05
140,0.4734149558064758,1.0,1.0,0.5596743471069573,0.9564925728811867,0.000807742460586236
140,0.47391300518844426,1.0,1.0,0.5596743471069573,0.9556848304206005,0.00019746425153233105
140,0.47381814178857345,0.9999995800439712,1.0,0.5596743471069573,0.9556851728357464,6.507997625693207e-06
140,0.4738413640072484,1.0,1.0,0.5596743471069573,0.9556848304206005,5.300188799628458e-05
140,0.47286094438048903,0.997641160247442,1.0,0.5596743471069573,0.9576132148361303,5.35289405911854e-07
140,0.47380950418688467,0.9999941407780926,1.0,0.5596743471069573,0.9556960869699247,6.4791509808426184e-06
140,0.473815380941849,1.0,1.0,0.5596743471069573,0.9556848304206005,5.969951945017371e-07
140,0.4737814845667003,0.9999164139539151,1.0,0.5596743471069573,0.9557529887674194,3.815615117197524e-07
140,0.47296830714260224,0.9979058851470469,1.0,0.5596743471069573,0.9573958692952569,3.0545453943986445e-08
140,0.4738128281026207,1.0,1.0,0.5596743471069573,0.9556893825223723,4.552101771859718e-06
140,0.4738132234195691,0.9999942392862969,1.0,0.5596743471069573,0.955689527498442,9.42337120113379e-07
140,0.47308267066229953,0.9981898593450644,1.0,0.5596743471069573,0.957164396838227,9.751650953404578e-07
140,0.47390973090668986,1.0,1.0,0.5596743471069573,0.9556848304206005,0.00019086270984836062
140,0.4735132095471621,0.9999942392862969,1.0,0.5596743471069573,0.9562941011783263,0.0006045736798842016
140,0.4728716501630393,0.9976667743200079,1.0,0.5596743471069573,0.9575916965394424,1.6200243779795898e-07
141,0.47381274734311296,0.9999942392862969,1.0,0.5596743471069573,0.9556895454158453,1.7917403227762918e-08
141,0.47381274734311296,0.9999942392862969,1.0,0.5596743471069573,0.9556895454158453,1.7917403227762918e-08
141,0.47381274734311296,0.9999942392862969,1.0,0.5596743471069573,0.9556895454158453,1.7917403227762918e-08
141,0.47381283707589933,0.9999942392862969,1.0,0.5596743471069573,0.955689527498442,1.6307534100867827e-07
141,0.4738130739271269,0.9999947059041068,1.0,0.5596743471069573,0.9556891470331228,2.603431429326619e-07
141,0.473815380941849,1.0,1.0,0.5596743471069573,0.9556848304206005,5.969951945017371e-07
141,0.4737053506991541,0.9997285605895869,1.0,0.5596743471069573,0.9559062156507837,4.524495222923974e-09
141,0.473814751447758,0.9999998905464396,1.0,0.5596743471069573,0.9556855031148251,5.834502498913707e-07
141,0.4737053506991541,0.9997285605895869,1.0,0.5596743471069573,0.9559062156507837,4.524495222923974e-09
141,0.473815380941849,1.0,1.0,0.5596743471069573,0.9556848304206005,5.969951945017371e-07
141,0.47381273836983434,0.9999942392862969,1.0,0.5596743471069573,0.9556895635151235,3.601668141506309e-08
141,0.4728591406863085,0.9976360741133137,1.0,0.5596743471069573,0.9576168675970278,2.136914256656297e-08
141,0.47305275116265333,0.998114720560972,1.0,0.5596743471069573,0.957224935287061,2.1487391532737377e-08
141,0.4738178259808381,1.0,1.0,0.5596743471069573,0.9556848304206005,5.5286062039527906e-06
141,0.4738145215221389,1.0,1.0,0.5596743471069573,0.9556859668755807,1.1364549802328483e-06
141,0.4738132234195691,0.9999942392862969,1.0,0.5596743471069573,0.955689527498442,9.42337120113379e-07
141,0.47296830714260224,0.9979058851470469,1.0,0.5596743471069573,0.9573958692952569,3.0545453943986445e-08
141,0.47296830714260224,0.9979058851470469,1.0,0.5596743471069573,0.9573958692952569,3.0545453943986445e-08
141,0.4738183549546783,1.0,1.0,0.5596743471069573,0.9556848304206005,6.595532683006944e-06
141,0.4738128281026207,1.0,1.0,0.5596743471069573,0.9556893825223723,4.552101771859718e-06
141,0.47381274734311296,0.9997557045306282,1.0,0.5596743471069573,0.9558840676461678,0.0001945222303225691
141,0.47381123223882526,0.9999890546439641,1.0,0.5596743471069573,0.95569375491477,1.1534942833124617e-06
141,0.4738085031531743,0.999989521261774,1.0,0.5596743471069573,0.9556981061063301,4.7316608244862834e-06
141,0.47294528183513745,0.9978438572219291,1.0,0.5596743471069573,0.9574466599773762,4.210479241928411e-06
141,0.47381842763823523,1.0,1.0,0.5596743471069573,0.9556848304206005,6.742133341064438e-06
141,0.4738131220282333,1.0,1.0,0.5596743471069573,0.9556887896692546,3.959248654150649e-06
141,0.47381273836983434,0.9999942392862969,1.0,0.5596743471069573,0.9556895635151235,3.601668141506309e-08
141,0.47380360050981846,0.9999713905199469,1.0,0.5596743471069573,0.9557081580900993,1.6297711091795009e-07
141,0.47467306143887544,1.0,1.0,0.5596743471069573,0.9556848304206005,0.0017274102340018027
141,0.4745727435235726,1.0,1.0,0.5596743471069573,0.9556848304206005,0.0015257572297254773
141,0.4738108863325688,0.9999948153576672,1.0,0.5596743471069573,0.9556932991251172,4.241336894583725e-06
141,0.4730521551028168,0.9981152966323422,1.0,0.5596743471069573,0.957226141419051,1.699100259378028e-06
141,0.47285836720856944,0.9976360741133137,1.0,0.5596743471069573,0.9576184340181371,1.5877902518335318e-06
141,0.4730511583315519,0.998111001457651,1.0,0.5596743471069573,0.9572281584007092,2.0071839823554427e-07
141,0.47381080557306104,0.9999890546439641,1.0,0.5596743471069573,0.95569375491477,2.928948447111779e-07
141,0.47296838790211,0.9979058851470469,1.0,0.5596743471069573,0.9573958692952569,1.940211078466092e-07
141,0.47380777317626116,0.9999948153576672,1.0,0.5596743471069573,0.9556995785126337,1.0520724410989502e-05
141,0.47361920955032516,0.9995207774809715,1.0,0.5596743471069573,0.9560800744338621,4.318194161689881e-06
141,0.4729679513573487,0.9979110697893797,1.0,0.5596743471069573,0.9573965589409269,4.934730184702474e-06
141,0.47314970206782886,0.9983542513440398,1.0,0.5596743471069573,0.9570289187215429,1.239442000144919e-07
142,0.47381274734311296,0.9999942392862969,1.0,0.5596743471069573,0.9556895454158453,1.7917403227762918e-08
142,0.47381274734311296,0.9999942392862969,1.0,0.5596743471069573,0.9556895454158453,1.7917403227762918e-08
142,0.47381274734311296,0.9999942392862969,1.0,0.5596743471069573,0.9556895454158453,1.7917403227762918e-08
142,0.47381283707589933,0.9999942392862969,1.0,0.5596743471069573,0.955689527498442,1.6307534100867827e-07
142,0.4738130739271269,0.9999947059041068,1.0,0.5596743471069573,0.9556891470331228,2.603431429326619e-07
142,0.473815380941849,1.0,1.0,0.5596743471069573,0.9556848304206005,5.969951945017371e-07
142,0.4737053506991541,0.9997285605895869,1.0,0.5596743471069573,0.9559062156507837,4.524495222923974e-09
142,0.473814751447758,0.9999998905464396,1.0,0.5596743471069573,0.9556855031148251,5.834502498913707e-07
142,0.4737053506991541,0.9997285605895869,1.0,0.5596743471069573,0.9559062156507837,4.524495222923974e-09
142,0.473815380941849,1.0,1.0,0.5596743471069573,0.9556848304206005,5.969951945017371e-07
142,0.47381273836983434,0.9999942392862969,1.0,0.5596743471069573,0.9556895635151235,3.601668141506309e-08
142,0.47381273836983434,0.9999942392862969,1.0,0.5596743471069573,0.9556895635151235,3.601668141506309e-08
142,0.4728591406863085,0.9976360741133137,1.0,0.5596743471069573,0.9576168675970278,2.136914256656297e-08
142,0.47305275116265333,0.998114720560972,1.0,0.5596743471069573,0.957224935287061,2.1487391532737377e-08
142,0.4738178259808381,1.0,1.0,0.5596743471069573,0.9556848304206005,5.5286062039527906e-06
142,0.4738145215221389,1.0,1.0,0.5596743471069573,0.9556859668755807,1.1364549802328483e-06
142,0.4738132234195691,0.9999942392862969,1.0,0.5596743471069573,0.955689527498442,9.42337120113379e-07
142,0.47296830714260224,0.9979058851470469,1.0,0.5596743471069573,0.9573958692952569,3.0545453943986445e-08
142,0.47296830714260224,0.9979058851470469,1.0,0.5596743471069573,0.9573958692952569,3.0545453943986445e-08
142,0.4738183549546783,1.0,1.0,0.5596743471069573,0.9556848304206005,6.595532683006944e-06
142,0.47381432297894743,0.9999998905464396,1.0,0.5596743471069573,0.9556863673382352,1.4476736599489115e-06
142,0.47467098436095834,1.0,1.0,0.5596743471069573,0.9556848304206005,0.0017232358817610427
142,0.4738149133891492,0.9999990039726009,1.0,0.5596743471069573,0.9556856425414897,4.6606273118587893e-07
142,0.4738150789402857,0.9999995800439712,1.0,0.5596743471069573,0.9556851728357464,3.302736861776623e-07
142,0.4746781977069256,0.9999947059041068,1.0,0.5596743471069573,0.9556891470331228,0.0017420491681133798
142,0.4730510372012592,0.9981096344268435,1.0,0.5596743471069573,0.9572290765279546,6.730176955738187e-07
142,0.47305245723704076,0.9997285605895869,1.0,0.5596743471069573,0.9572255300475797,0.0013193189212912237
142,0.4737099214731067,0.9999998905464396,1.0,0.5596743471069573,0.9558969922188386,0.00021207255426336502
142,0.4738127554190637,0.9999942392862969,1.0,0.5596743471069573,0.9556895291264955,1.628053469815427e-09
142,0.4739113276678132,1.0,1.0,0.5596743471069573,0.9556848304206005,0.0001940820792302178
142,0.47381467068825023,0.9999998905464396,1.0,0.5596743471069573,0.9556856660069756,7.463424003262276e-07
142,0.4737071543933346,0.9997336467237152,1.0,0.5596743471069573,0.9559025759285235,5.140595114028201e-07
142,0.47312872126554467,0.9983033470130791,1.0,0.5596743471069573,0.9570712340353684,6.709244418923177e-07
142,0.4738151086086968,0.9999994239286297,1.0,0.5596743471069573,0.9556853001259494,5.174050597966939e-07
142,0.4738178259808381,0.9973969632862747,1.0,0.5596743471069573,0.957812779422191,0.002133477607794476
142,0.4738110244084402,0.9999891531521685,1.0,0.5596743471069573,0.9556936745934512,6.539721635334672e-07
142,0.47295449237871034,0.997871890630612,1.0,0.5596743471069573,0.9574238038027807,9.936441813795938e-08
142,0.47449910517111044,1.0,1.0,0.5596743471069573,0.9556848304206005,0.0013776796017114235
142,0.4744970624135898,0.9979058851470469,1.0,0.5596743471069573,0.9573958692952569,0.003084610088224582
142,0.4738169519828482,0.9999998905464396,1.0,0.5596743471069573,0.9556849196645752,3.855013742448676e-06
143,0.47381283707589933,0.9999942392862969,1.0,0.5596743471069573,0.955689527498442,1.6307534100867827e-07
143,0.4738130739271269,0.9999947059041068,1.0,0.5596743471069573,0.9556891470331228,2.603431429326619e-07
143,0.473815380941849,1.0,1.0,0.5596743471069573,0.9556848304206005,5.969951945017371e-07
143,0.473815380941849,1.0,1.0,0.5596743471069573,0.9556848304206005,5.969951945017371e-07
143,0.4738150789402857,0.9999995800439712,1.0,0.5596743471069573,0.9556851728357464,3.302736861776623e-07
143,0.4738127554190637,0.9999942392862969,1.0,0.5596743471069573,0.9556895291264955,1.628053469815427e-09
143,0.4738178259808381,1.0,1.0,0.5596743471069573,0.9556848304206005,5.5286062039527906e-06
143,0.4738169519828482,0.9999998905464396,1.0,0.5596743471069573,0.9556849196645752,3.855013742448676e-06
143,0.4738149133891492,0.9999990039726009,1.0,0.5596743471069573,0.9556856425414897,4.6606273118587893e-07
143,0.4738151086086968,0.9999994239286297,1.0,0.5596743471069573,0.9556853001259494,5.174050597966939e-07
143,0.47381274734311296,0.9999942392862969,1.0,0.5596743471069573,0.9556895454158453,1.7917403227762918e-08
143,0.47381274734311296,0.9999942392862969,1.0,0.5596743471069573,0.9556895454158453,1.7917403227762918e-08
143,0.47381274734311296,0.9999942392862969,1.0,0.5596743471069573,0.9556895454158453,1.7917403227762918e-08
143,0.4737053506991541,0.9997285605895869,1.0,0.5596743471069573,0.9559062156507837,4.524495222923974e-09
143,0.4737053506991541,0.9997285605895869,1.0,0.5596743471069573,0.9559062156507837,4.524495222923974e-09
143,0.4738183549546783,1.0,1.0,0.5596743471069573,0.9556848304206005,6.595532683006944e-06
143,0.4728591406863085,0.9976360741133137,1.0,0.5596743471069573,0.9576168675970278,2.136914256656297e-08
143,0.473814751447758,0.9999998905464396,1.0,0.5596743471069573,0.9556855031148251,5.834502498913707e-07
143,0.47305275116265333,0.998114720560972,1.0,0.5596743471069573,0.957224935287061,2.1487391532737377e-08
143,0.47381273836983434,0.9999942392862969,1.0,0.5596743471069573,0.9556895635151235,3.601668141506309e-08
143,0.47381566759910587,1.0,1.0,0.5596743471069573,0.9556848304206005,1.1751816896277134e-06
143,0.4738077821495398,0.9999890546439641,1.0,0.5596743471069573,0.9556995604129762,5.80549820616838e-06
143,0.4739094940554623,1.0,1.0,0.5596743471069573,0.9556848304206005,0.00019038517158087576
143,0.473815380941849,0.997641160247442,1.0,0.5596743471069573,0.9576126795467244,0.0019284461213183723
143,0.47467361885702225,1.0,1.0,0.5596743471069573,0.9556848304206005,0.0017285304841169191
143,0.4738127554190637,0.9999947577505301,1.0,0.5596743471069573,0.9556895291264955,4.243672752091143e-07
143,0.4738188631160474,1.0,1.0,0.5596743471069573,0.9556848304206005,7.620478705727685e-06
143,0.47305676594311724,0.998116762171354,1.0,0.5596743471069573,0.9572232428628873,6.431437988951849e-06
143,0.47371641694756395,0.9997555950770678,1.0,0.5596743471069573,0.9558841569337623,2.717221150305704e-07
143,0.47370038460825303,0.9997233759472541,1.0,0.5596743471069573,0.9559162370003625,5.796210562958315e-06
143,0.47285706437305863,0.9999942392862969,1.0,0.5596743471069573,0.9576210724883916,0.0019315449899495185
143,0.4729523939412549,0.9978670839487052,1.0,0.5596743471069573,0.9574280517862821,4.11422503843184e-07
143,0.4738129610696159,0.9999949138658717,1.0,0.5596743471069573,0.955689114325519,1.3685768973648038e-07
143,0.47305623696927707,0.9997285605895869,1.0,0.5596743471069573,0.9572178817895018,0.0013116706632133601
143,0.47380827357030236,0.9999890546439641,1.0,0.5596743471069573,0.9556985691879766,4.814273206532604e-06
143,0.47381478651733194,0.9999985275039704,1.0,0.5596743471069573,0.9556860310355191,5.986561043558325e-07
143,0.4731307629612951,0.9976360741133137,1.0,0.5596743471069573,0.9576168462278852,0.0005497422310182243
143,0.4738176447010795,0.9999998905464396,1.0,0.5596743471069573,0.9556849196645752,5.252213071904599e-06
143,0.47381653151887465,0.9999993254204254,1.0,0.5596743471069573,0.9556853804456182,3.467725057437754e-06
143,0.47370526993964635,0.9997285605895869,1.0,0.5596743471069573,0.9559063786181817,1.6749189324372082e-07
144,0.473815380941849,1.0,1.0,0.5596743471069573,0.9556848304206005,5.969951945017371e-07
144,0.473815380941849,1.0,1.0,0.5596743471069573,0.9556848304206005,5.969951945017371e-07
144,0.4738150789402857,0.9999995800439712,1.0,0.5596743471069573,0.9556851728357464,3.302736861776623e-07
144,0.4738127554190637,0.9999942392862969,1.0,0.5596743471069573,0.9556895291264955,1.628053469815427e-09
144,0.4738129610696159,0.9999949138658717,1.0,0.5596743471069573,0.955689114325519,1.3685768973648038e-07
144,0.47381566759910587,1.0,1.0,0.5596743471069573,0.9556848304206005,1.1751816896277134e-06
144,0.4738149133891492,0.9999990039726009,1.0,0.5596743471069573,0.9556856425414897,4.6606273118587893e-07
144,0.4738151086086968,0.9999994239286297,1.0,0.5596743471069573,0.9556853001259494,5.174050597966939e-07
144,0.47381274734311296,0.9999942392862969,1.0,0.5596743471069573,0.9556895454158453,1.7917403227762918e-08
144,0.47381274734311296,0.9999942392862969,1.0,0.5596743471069573,0.9556895454158453,1.7917403227762918e-08
144,0.47381274734311296,0.9999942392862969,1.0,0.5596743471069573,0.9556895454158453,1.7917403227762918e-08
144,0.4737053506991541,0.9997285605895869,1.0,0.5596743471069573,0.9559062156507837,4.524495222923974e-09
144,0.4737053506991541,0.9997285605895869,1.0,0.5596743471069573,0.9559062156507837,4.524495222923974e-09
144,0.47381283707589933,0.9999942392862969,1.0,0.5596743471069573,0.955689527498442,1.6307534100867827e-07
144,0.4738130739271269,0.9999947059041068,1.0,0.5596743471069573,0.9556891470331228,2.603431429326619e-07
144,0.4738178259808381,1.0,1.0,0.5596743471069573,0.9556848304206005,5.5286062039527906e-06
144,0.4728591406863085,0.9976360741133137,1.0,0.5596743471069573,0.9576168675970278,2.136914256656297e-08
144,0.47305275116265333,0.998114720560972,1.0,0.5596743471069573,0.957224935287061,2.1487391532737377e-08
144,0.47381273836983434,0.9999942392862969,1.0,0.5596743471069573,0.9556895635151235,3.601668141506309e-08
144,0.47381653151887465,0.9999993254204254,1.0,0.5596743471069573,0.9556853804456182,3.467725057437754e-06
144,0.4737052618636956,0.9997285605895869,1.0,0.5596743471069573,0.9559063949149245,1.837886359767893e-07
144,0.47390961804917886,1.0,1.0,0.5596743471069573,0.9556848304206005,0.00019063516715533968
144,0.47456358861432735,1.0,1.0,0.5596743471069573,0.9556848304206005,0.0015073503398760346
144,0.47381521070633154,0.9999946172467229,1.0,0.5596743471069573,0.9556892193215062,4.642531438170394e-06
144,0.4738129610696159,0.9981199052033047,1.0,0.5596743471069573,0.9572206704913614,0.0015315561658424404
144,0.4738108867371388,0.9999899510686234,1.0,0.5596743471069573,0.9556932983090853,2.74317732751328e-07
144,0.47390978798107486,1.0,1.0,0.5596743471069573,0.9556848304206005,0.0001909777828682513
144,0.4738156756750566,0.9999994239286297,1.0,0.5596743471069573,0.9556853001259494,1.6611761876061948e-06
144,0.474400077952685,1.0,1.0,0.5596743471069573,0.9556848304206005,0.001178475624179054
144,0.4746755763744056,1.0,1.0,0.5596743471069573,0.9556848304206005,0.0017324645100686986
144,0.4729521391890773,0.9978667059882792,1.0,0.5596743471069573,0.9574285674978316,6.176415998648821e-07
144,0.4728567704474461,0.9976308894709809,1.0,0.5596743471069573,0.9576216677412828,5.74088262261796e-07
144,0.4728625545204448,0.9976406516340293,1.0,0.5596743471069573,0.9576130962129286,3.142136783096383e-06
144,0.4730503809237909,0.9981095359186392,1.0,0.5596743471069573,0.9572297315029152,5.743508542099818e-07
144,0.4738170346102428,0.9999947059041068,1.0,0.5596743471069573,0.9556891470331228,8.249040368002447e-06
144,0.4738128021257199,1.0,1.0,0.5596743471069573,0.9556894349182724,4.604497671922836e-06
144,0.4738177368390904,1.0,1.0,0.5596743471069573,0.9556848304206005,5.348809382410558e-06
144,0.473909501323818,1.0,1.0,0.5596743471069573,0.9556848304206005,0.00019039982601065653
144,0.4738147922830288,0.9999991600879423,1.0,0.5596743471069573,0.9556855152511797,9.450118765297333e-08
144,0.4745020057346563,1.0,1.0,0.5596743471069573,0.9556848304206005,0.0013835131461304995
145,0.473815380941849,1.0,1.0,0.5596743471069573,0.9556848304206005,5.969951945017371e-07
145,0.473815380941849,1.0,1.0,0.5596743471069573,0.9556848304206005,5.969951945017371e-07
145,0.4738150789402857,0.9999995800439712,1.0,0.5596743471069573,0.9556851728357464,3.302736861776623e-07
145,0.4738127554190637,0.9999942392862969,1.0,0.5596743471069573,0.9556895291264955,1.628053469815427e-09
145,0.4738147922830288,0.9999991600879423,1.0,0.5596743471069573,0.9556855152511797,9.450118765297333e-08
145,0.47381566759910587,1.0,1.0,0.5596743471069573,0.9556848304206005,1.1751816896277134e-06
145,0.4738151086086968,0.9999994239286297,1.0,0.5596743471069573,0.9556853001259494,5.174050597966939e-07
145,0.47381274734311296,0.9999942392862969,1.0,0.5596743471069573,0.9556895454158453,1.7917403227762918e-08
145,0.47381274734311296,0.9999942392862969,1.0,0.5596743471069573,0.9556895454158453,1.7917403227762918e-08
145,0.47381274734311296,0.9999942392862969,1.0,0.5596743471069573,0.9556895454158453,1.7917403227762918e-08
145,0.4737053506991541,0.9997285605895869,1.0,0.5596743471069573,0.9559062156507837,4.524495222923974e-09
145,0.4737053506991541,0.9997285605895869,1.0,0.5596743471069573,0.9559062156507837,4.524495222923974e-09
145,0.4738129610696159,0.9999949138658717,1.0,0.5596743471069573,0.955689114325519,1.3685768973648038e-07
145,0.4738149133891492,0.9999990039726009,1.0,0.5596743471069573,0.9556856425414897,4.6606273118587893e-07
145,0.4738177368390904,1.0,1.0,0.5596743471069573,0.9556848304206005,5.348809382410558e-06
145,0.4728591406863085,0.9976360741133137,1.0,0.5596743471069573,0.9576168675970278,2.136914256656297e-08
145,0.47305275116265333,0.998114720560972,1.0,0.5596743471069573,0.957224935287061,2.1487391532737377e-08
145,0.4738156756750566,0.9999994239286297,1.0,0.5596743471069573,0.9556853001259494,1.6611761876061948e-06
145,0.47381273836983434,0.9999942392862969,1.0,0.5596743471069573,0.9556895635151235,3.601668141506309e-08
145,0.4738130739271269,0.9999947059041068,1.0,0.5596743471069573,0.9556891470331228,2.603431429326619e-07
145,0.47295187312159537,0.9978667059882792,1.0,0.5596743471069573,0.9574291061162874,1.1562600557013525e-06
145,0.4744988771205028,1.0,1.0,0.5596743471069573,0.9556848304206005,0.001377220948729052
145,0.47381538364945736,0.9999994239286297,1.0,0.5596743471069573,0.9556853001259494,1.0721617814679618e-06
145,0.47446693971071513,1.0,1.0,0.5596743471069573,0.9556848304206005,0.0013129844117396594
145,0.4731294349380027,0.998304144929534,1.0,0.5596743471069573,0.9570699103096674,1.1992867388066486e-07
145,0.4744967439055266,1.0,1.0,0.5596743471069573,0.9556848304206005,0.0013729306278653652
145,0.473820365069484,1.0,1.0,0.5596743471069573,0.9556848304206005,1.0649860244682507e-05
145,0.4738122256261255,0.999993483365445,1.0,0.5596743471069573,0.955690597730333,4.538773201723245e-07
145,0.4738183176995613,1.0,1.0,0.5596743471069573,0.9556848304206005,6.520390158915035e-06
145,0.4738177225149857,1.0,1.0,0.5596743471069573,0.9556848304206005,5.319917991797318e-06
145,0.4738124312766777,0.9999945359054457,1.0,0.5596743471069573,0.9556901829284288,8.972838464460509e-07
145,0.4739117745615384,0.9997285605895869,1.0,0.5596743471069573,0.9559062111262885,0.0004163638024533567
145,0.47467596043015897,1.0,1.0,0.5596743471069573,0.9556848304206005,0.0017332363437496667
145,0.4739095966765286,1.0,1.0,0.5596743471069573,0.9556848304206005,0.00019059207572325043
145,0.4738170580501294,1.0,1.0,0.5596743471069573,0.9556848304206005,3.979705695766889e-06
145,0.4728591406863085,0.9999898105648161,1.0,0.5596743471069573,0.9576168675970278,0.0019237290422878806
145,0.4738124820832261,0.9999947577505301,1.0,0.5596743471069573,0.955690080450505,9.756912846548005e-07
145,0.4738127087014232,0.9999943954016384,1.0,0.5596743471069573,0.9556896233568928,2.231499737215259e-07
145,0.4738146581428559,0.999998683619312,1.0,0.5596743471069573,0.9556859037450877,2.12434011936935e-07
145,0.4737161858620332,0.9997557610432297,1.0,0.5596743471069573,0.9558843515054769,3.299598962946959e-07
146,0.473815380941849,1.0,1.0,0.5596743471069573,0.9556848304206005,5.969951945017371e-07
146,0.473815380941849,1.0,1.0,0.5596743471069573,0.9556848304206005,5.969951945017371e-07
146,0.4738150789402857,0.9999995800439712,1.0,0.5596743471069573,0.9556851728357464,3.302736861776623e-07
146,0.4738127554190637,0.9999942392862969,1.0,0.5596743471069573,0.9556895291264955,1.628053469815427e-09
146,0.4738147922830288,0.9999991600879423,1.0,0.5596743471069573,0.9556855152511797,9.450118765297333e-08
146,0.47381566759910587,1.0,1.0,0.5596743471069573,0.9556848304206005,1.1751816896277134e-06
146,0.4738151086086968,0.9999994239286297,1.0,0.5596743471069573,0.9556853001259494,5.174050597966939e-07
146,0.47381274734311296,0.9999942392862969,1.0,0.5596743471069573,0.9556895454158453,1.7917403227762918e-08
146,0.47381274734311296,0.9999942392862969,1.0,0.5596743471069573,0.9556895454158453,1.7917403227762918e-08
146,0.47381274734311296,0.9999942392862969,1.0,0.5596743471069573,0.9556895454158453,1.7917403227762918e-08
146,0.4737053506991541,0.9997285605895869,1.0,0.5596743471069573,0.9559062156507837,4.524495222923974e-09
146,0.4737053506991541,0.9997285605895869,1.0,0.5596743471069573,0.9559062156507837,4.524495222923974e-09
146,0.4738129610696159,0.9999949138658717,1.0,0.5596743471069573,0.955689114325519,1.3685768973648038e-07
146,0.4738149133891492,0.9999990039726009,1.0,0.5596743471069573,0.9556856425414897,4.6606273118587893e-07
146,0.4738146581428559,0.999998683619312,1.0,0.5596743471069573,0.9556859037450877,2.12434011936935e-07
146,0.4738170580501294,1.0,1.0,0.5596743471069573,0.9556848304206005,3.979705695766889e-06
146,0.4728591406863085,0.9976360741133137,1.0,0.5596743471069573,0.9576168675970278,2.136914256656297e-08
146,0.47305275116265333,0.998114720560972,1.0,0.5596743471069573,0.957224935287061,2.1487391532737377e-08
146,0.47381538364945736,0.9999994239286297,1.0,0.5596743471069573,0.9556853001259494,1.0721617814679618e-06
146,0.47381273836983434,0.9999942392862969,1.0,0.5596743471069573,0.9556895635151235,3.601668141506309e-08
146,0.47371663794383295,0.9997562229948614,1.0,0.5596743471069573,0.9558836447051967,2.054284288233177e-07
146,0.4739115294617014,1.0,1.0,0.5596743471069573,0.9556848304206005,0.00019448893194606853
146,0.47381722138777327,0.9999995800439712,1.0,0.5596743471069573,0.9556851728357464,4.6515699436699975e-06
146,0.4721943128176767,0.9959917647836697,1.0,0.5596743471069573,0.9589661340238639,9.859363254705045e-07
146,0.4738146581428559,0.9999991600879423,1.0,0.5596743471069573,0.9556856913110757,1.760598959954507e-07
146,0.47360869371959113,0.9994894497625479,1.0,0.5596743471069573,0.9561013248832979,2.200421711506806e-08
146,0.47312638054183687,0.9982974877911717,1.0,0.5596743471069573,0.9570759690055898,6.122437472555475e-07
146,0.4738132585104319,0.9999947577505303,1.0,0.5596743471069573,0.9556891047592202,5.903767047454878e-07
146,0.47381462217358844,0.9999954224792845,1.0,0.5596743471069573,0.9556885627612081,2.798899998768256e-06
146,0.47381248281515065,0.9999937208220637,1.0,0.5596743471069573,0.9556900789741973,1.2873609511743211e-07
146,0.47370297802344413,0.9997238944114875,1.0,0.5596743471069573,0.9559110035781544,9.857566800608453e-07
146,0.4738127392671622,0.9999942392862969,1.0,0.5596743471069573,0.9556895617051956,3.420675354082192e-08
146,0.4730554690385684,0.998116762171354,1.0,0.5596743471069573,0.9572232428628873,3.8071816055307295e-06
146,0.4737057561184109,0.9997292268679729,1.0,0.5596743471069573,0.955905667575412,2.7003329960972877e-07
146,0.4739093953493973,1.0,1.0,0.5596743471069573,0.9556848304206005,0.0001901861607624955
146,0.4737187194015387,0.9997603131015907,1.0,0.5596743471069573,0.9558803081862491,1.0689354983384192e-06
146,0.4739117826374891,1.0,1.0,0.5596743471069573,0.9556848304206005,0.00019499937930822497
146,0.4738127006254725,0.9999943954016384,1.0,0.5596743471069573,0.9556896396462456,2.3943932658809786e-07
146,0.4730545916085776,0.9981191492824528,1.0,0.5596743471069573,0.9572212891629674,7.801421586517421e-08
146,0.4738135432035331,0.9999949952071489,1.0,0.5596743471069573,0.9556889111448031,9.709922358380751e-07
147,0.473815380941849,1.0,1.0,0.5596743471069573,0.9556848304206005,5.969951945017371e-07
147,0.473815380941849,1.0,1.0,0.5596743471069573,0.9556848304206005,5.969951945017371e-07
147,0.4738150789402857,0.9999995800439712,1.0,0.5596743471069573,0.9556851728357464,3.302736861776623e-07
147,0.4738127554190637,0.9999942392862969,1.0,0.5596743471069573,0.9556895291264955,1.628053469815427e-09
147,0.4738147922830288,0.9999991600879423,1.0,0.5596743471069573,0.9556855152511797,9.450118765297333e-08
147,0.47381566759910587,1.0,1.0,0.5596743471069573,0.9556848304206005,1.1751816896277134e-06
147,0.4738151086086968,0.9999994239286297,1.0,0.5596743471069573,0.9556853001259494,5.174050597966939e-07
147,0.47381274734311296,0.9999942392862969,1.0,0.5596743471069573,0.9556895454158453,1.7917403227762918e-08
147,0.47381274734311296,0.9999942392862969,1.0,0.5596743471069573,0.9556895454158453,1.7917403227762918e-08
147,0.47381274734311296,0.9999942392862969,1.0,0.5596743471069573,0.9556895454158453,1.7917403227762918e-08
147,0.4737053506991541,0.9997285605895869,1.0,0.5596743471069573,0.9559062156507837,4.524495222923974e-09
147,0.4737053506991541,0.9997285605895869,1.0,0.5596743471069573,0.9559062156507837,4.524495222923974e-09
147,0.4738129610696159,0.9999949138658717,1.0,0.5596743471069573,0.955689114325519,1.3685768973648038e-07
147,0.4738149133891492,0.9999990039726009,1.0,0.5596743471069573,0.9556856425414897,4.6606273118587893e-07
147,0.4738146581428559,0.9999991600879423,1.0,0.5596743471069573,0.9556856913110757,1.760598959954507e-07
147,0.4738170580501294,1.0,1.0,0.5596743471069573,0.9556848304206005,3.979705695766889e-06
147,0.4728591406863085,0.9976360741133137,1.0,0.5596743471069573,0.9576168675970278,2.136914256656297e-08
147,0.47381538364945736,0.9999994239286297,1.0,0.5596743471069573,0.9556853001259494,1.0721617814679618e-06
147,0.47360869371959113,0.9994894497625479,1.0,0.5596743471069573,0.9561013248832979,2.200421711506806e-08
147,0.47305275116265333,0.998114720560972,1.0,0.5596743471069573,0.957224935287061,2.1487391532737377e-08
147,0.4737072567827569,0.9997327601498764,1.0,0.5596743471069573,0.9559027851310036,4.1581597587381225e-07
147,0.47391271687354597,1.0,1.0,0.5596743471069573,0.9556848304206005,0.00019688296043707254
147,0.47400140214948944,0.9999995800439712,1.0,0.5596743471069573,0.9556851728357464,0.00037599639127650075
147,0.47391566447112504,1.0,1.0,0.5596743471069573,0.9556848304206005,0.00020282577719965555
147,0.4738173303832816,1.0,1.0,0.5596743471069573,0.9556848304206005,4.528996659480811e-06
147,0.4738151879357941,0.9999999160087942,1.0,0.5596743471069573,0.9556848989036067,2.7618539644169715e-07
147,0.47381300533464416,0.9999946172467229,1.0,0.5596743471069573,0.9556892193215062,1.942793228515427e-07
147,0.47467703901658803,1.0,1.0,0.5596743471069573,0.9556848304206005,0.0017354039633238338
147,0.4738144670628816,0.9999986680077778,1.0,0.5596743471069573,0.9556860767201537,1.6024602467190618e-07
147,0.4739138610588741,1.0,1.0,0.5596743471069573,0.9556848304206005,0.00019918982541455854
147,0.4738173800505188,1.0,1.0,0.5596743471069573,0.9556848304206005,4.629174496173505e-06
147,0.4738151253871653,0.9999994815357668,1.0,0.5596743471069573,0.9556852531553901,5.04276659873959e-07
147,0.4721730189848694,0.9999949138658717,1.0,0.5596743471069573,0.9590083950386922,0.003319417570862959
147,0.4738172889305541,1.0,1.0,0.5596743471069573,0.9556848304206005,4.445387310481053e-06
147,0.47449911243946613,1.0,1.0,0.5596743471069573,0.9556848304206005,0.0013776942197447628
147,0.47381778546977565,1.0,1.0,0.5596743471069573,0.9556848304206005,5.446896346295027e-06
147,0.4739153288989066,1.0,1.0,0.5596743471069573,0.9556848304206005,0.00020214921496208849
147,0.47399811532405123,0.9999994239286297,1.0,0.5596743471069573,0.9556853001259494,0.0003694993207609132
147,0.4738158963931662,1.0,1.0,0.5596743471069573,0.9556848304206005,1.6366578559079414e-06
147,0.4738145467105,0.9999993425873525,1.0,0.5596743471069573,0.9556859160705488,5.496221606726692e-07
148,0.473815380941849,1.0,1.0,0.5596743471069573,0.9556848304206005,5.969951945017371e-07
148,0.473815380941849,1.0,1.0,0.5596743471069573,0.9556848304206005,5.969951945017371e-07
148,0.4738127554190637,0.9999942392862969,1.0,0.5596743471069573,0.9556895291264955,1.628053469815427e-09
148,0.4738147922830288,0.9999991600879423,1.0,0.5596743471069573,0.9556855152511797,9.450118765297333e-08
148,0.4738151879357941,0.9999999160087942,1.0,0.5596743471069573,0.9556848989036067,2.7618539644169715e-07
148,0.47381566759910587,1.0,1.0,0.5596743471069573,0.9556848304206005,1.1751816896277134e-06
148,0.47381274734311296,0.9999942392862969,1.0,0.5596743471069573,0.9556895454158453,1.7917403227762918e-08
148,0.47381274734311296,0.9999942392862969,1.0,0.5596743471069573,0.9556895454158453,1.7917403227762918e-08
148,0.47381274734311296,0.9999942392862969,1.0,0.5596743471069573,0.9556895454158453,1.7917403227762918e-08
148,0.4737053506991541,0.9997285605895869,1.0,0.5596743471069573,0.9559062156507837,4.524495222923974e-09
148,0.4737053506991541,0.9997285605895869,1.0,0.5596743471069573,0.9559062156507837,4.524495222923974e-09
148,0.4738129610696159,0.9999949138658717,1.0,0.5596743471069573,0.955689114325519,1.3685768973648038e-07
148,0.4738146581428559,0.9999991600879423,1.0,0.5596743471069573,0.9556856913110757,1.760598959954507e-07
148,0.4738144670628816,0.9999986680077778,1.0,0.5596743471069573,0.9556860767201537,1.6024602467190618e-07
148,0.4738150789402857,0.9999995800439712,1.0,0.5596743471069573,0.9556851728357464,3.302736861776623e-07
148,0.4738158963931662,1.0,1.0,0.5596743471069573,0.9556848304206005,1.6366578559079414e-06
148,0.4728591406863085,0.9976360741133137,1.0,0.5596743471069573,0.9576168675970278,2.136914256656297e-08
148,0.47360869371959113,0.9994894497625479,1.0,0.5596743471069573,0.9561013248832979,2.200421711506806e-08
148,0.47305275116265333,0.998114720560972,1.0,0.5596743471069573,0.957224935287061,2.1487391532737377e-08
148,0.4738151253871653,0.9999994815357668,1.0,0.5596743471069573,0.9556852531553901,5.04276659873959e-07
148,0.47380200767871705,0.9999676714166259,1.0,0.5596743471069573,0.9557112080192037,1.7339284674733335e-08
148,0.4746743347381428,1.0,1.0,0.5596743471069573,0.9556848304206005,0.0017299691953627239
148,0.47361132194998473,0.9994946344048807,1.0,0.5596743471069573,0.9560970932396913,1.0960920865388246e-06
148,0.47312936265810335,0.9983035844696978,1.0,0.5596743471069573,0.9570703688398775,4.322474809193011e-07
148,0.4739131555683431,1.0,1.0,0.5596743471069573,0.9556848304206005,0.00019776744229937915
148,0.4745766679518467,1.0,1.0,0.5596743471069573,0.9556848304206005,0.001533647480321032
148,0.47305407858754484,0.998116762171354,1.0,0.5596743471069573,0.9572232428628873,9.936201089688623e-07
148,0.47305310725014205,0.9981154008897387,1.0,0.5596743471069573,0.9572243569902407,1.4224769662174452e-07
148,0.4737142056525975,0.9997509963569259,1.0,0.5596743471069573,0.9558883472716704,4.3887846468138036e-07
148,0.4738149299442629,0.9999999160087942,1.0,0.5596743471069573,0.9556851430870781,2.4418347133181584e-07
148,0.4737053506991541,0.9999995571278519,1.0,0.5596743471069573,0.9559062156507837,0.0002210241301531246
148,0.474574336354674,1.0,1.0,0.5596743471069573,0.9556848304206005,0.0015289597085108575
148,0.4731318998307525,0.9983084331472075,1.0,0.5596743471069573,0.9570664019979671,1.5976988320121066e-06
148,0.4738144670628816,1.0,1.0,0.5596743471069573,0.9556860767201537,1.2462995532258603e-06
148,0.4738149659884782,0.9999995800439712,1.0,0.5596743471069573,0.9556851728357464,1.024498775814564e-07
148,0.47381274734311296,0.9999942392862969,1.0,0.5596743471069573,0.9556895454158453,1.7917403227762918e-08
148,0.4728591406863085,0.9977934541882746,1.0,0.5596743471069573,0.9576168675970278,0.00012893116367485025
148,0.4737164155836972,0.9997556205394225,1.0,0.5596743471069573,0.9558841361626464,2.481989345159974e-07
148,0.4729526609060647,0.9978674619091311,1.0,0.5596743471069573,0.9574275113524959,1.804809365291149e-07
148,0.4721727738850324,0.9959393226181884,1.0,0.5596743471069573,0.9590092403442695,3.474945772241611e-07
149,0.473815380941849,1.0,1.0,0.5596743471069573,0.9556848304206005,5.969951945017371e-07
149,0.473815380941849,1.0,1.0,0.5596743471069573,0.9556848304206005,5.969951945017371e-07
149,0.4738127554190637,0.9999942392862969,1.0,0.5596743471069573,0.9556895291264955,1.628053469815427e-09
149,0.4738147922830288,0.9999991600879423,1.0,0.5596743471069573,0.9556855152511797,9.450118765297333e-08
149,0.4738151879357941,0.9999999160087942,1.0,0.5596743471069573,0.9556848989036067,2.7618539644169715e-07
149,0.4738149299442629,0.9999999160087942,1.0,0.5596743471069573,0.9556851430870781,2.4418347133181584e-07
149,0.4738149659884782,0.9999995800439712,1.0,0.5596743471069573,0.9556851728357464,1.024498775814564e-07
149,0.47381566759910587,1.0,1.0,0.5596743471069573,0.9556848304206005,1.1751816896277134e-06
149,0.47381274734311296,0.9999942392862969,1.0,0.5596743471069573,0.9556895454158453,1.7917403227762918e-08
149,0.47381274734311296,0.9999942392862969,1.0,0.5596743471069573,0.9556895454158453,1.7917403227762918e-08
149,0.47381274734311296,0.9999942392862969,1.0,0.5596743471069573,0.9556895454158453,1.7917403227762918e-08
149,0.4737053506991541,0.9997285605895869,1.0,0.5596743471069573,0.9559062156507837,4.524495222923974e-09
149,0.4737053506991541,0.9997285605895869,1.0,0.5596743471069573,0.9559062156507837,4.524495222923974e-09
149,0.47380200767871705,0.9999676714166259,1.0,0.5596743471069573,0.9557112080192037,1.7339284674733335e-08
149,0.47381274734311296,0.9999942392862969,1.0,0.5596743471069573,0.9556895454158453,1.7917403227762918e-08
149,0.4738129610696159,0.9999949138658717,1.0,0.5596743471069573,0.955689114325519,1.3685768973648038e-07
149,0.4738146581428559,0.9999991600879423,1.0,0.5596743471069573,0.9556856913110757,1.760598959954507e-07
149,0.4738144670628816,0.9999986680077778,1.0,0.5596743471069573,0.9556860767201537,1.6024602467190618e-07
149,0.4738150789402857,0.9999995800439712,1.0,0.5596743471069573,0.9556851728357464,3.302736861776623e-07
149,0.4738158963931662,1.0,1.0,0.5596743471069573,0.9556848304206005,1.6366578559079414e-06
149,0.47381487918770143,0.9999992776756303,1.0,0.5596743471069573,0.9556854193748294,1.7391171014402573e-07
149,0.47391185218371273,1.0,1.0,0.5596743471069573,0.9556848304206005,0.00019513959675376835
149,0.4737159387700528,0.9997552845745994,1.0,0.5596743471069573,0.9558848500982782,4.3986960229780436e-07
149,0.47381776408931076,1.0,1.0,0.5596743471069573,0.9556848304206005,5.4037724471767135e-06
149,0.4739140442984375,1.0,1.0,0.5596743471069573,0.9556848304206005,0.00019955926534420687
149,0.47381691938620996,1.0,1.0,0.5596743471069573,0.9556848304206005,3.7000228756411957e-06
149,0.4738054132423294,0.9999756689612672,1.0,0.5596743471069573,0.9557046694390177,3.3077000727299577e-07
149,0.4739137576411806,1.0,1.0,0.5596743471069573,0.9556848304206005,0.00019898131886808557
149,0.4738147922830288,0.999999504451886,1.0,0.5596743471069573,0.9556854207499921,1.8627948894511803e-07
149,0.47381274734311296,0.9999995800439712,1.0,0.5596743471069573,0.9556895454158453,4.372580098888079e-06
149,0.4737165892891466,0.9997560404954513,1.0,0.5596743471069573,0.9558837935803686,2.56126315267835e-07
149,0.47381537367349336,1.0,1.0,0.5596743471069573,0.9556848304206005,5.823349422673374e-07
149,0.4738127520592531,0.9999953384880788,1.0,0.5596743471069573,0.9556895359032987,9.046584575900241e-07
149,0.4738159980497929,1.0,1.0,0.5596743471069573,0.9556848304206005,1.841698483273646e-06
149,0.47381410745319225,0.9999987172157943,1.0,0.5596743471069573,0.9556868020551893,9.257033729559438e-07
149,0.4739142730924978,1.0,1.0,0.5596743471069573,0.9556848304206005,0.00020002054994083807
149,0.47371372012468754,0.9997499438169252,1.0,0.5596743471069573,0.9558893269994061,5.599795992461409e-07
149,0.4739139571626883,0.9999986680077778,1.0,0.5596743471069573,0.955685916474129,0.0002004696394620753
149,0.4738123237220831,0.9999941636942118,1.0,0.5596743471069573,0.9556903998684805,8.107346233243717e-07
149,0.47380289400744413,0.9999708202837575,1.0,0.5596743471069573,0.9557094201991896,7.971349101909553e-07
