gen,sA,sB,sRail,pRail,Tmax,DeltaT
0,0.9529465585543074,0.5639427949737498,0.9986029140551091,0.1462644989287385,1.2842525598144707,0.9490636431947543
0,0.6583117669371801,0.24584566521383,0.18749641699377806,0.3554181364499496,4.341794037466823,3.8565875738266726
0,0.6385225450649907,0.4726875207535836,0.07258000461670504,0.5106895672732849,4.234867542238244,3.7346234602368185
0,0.7003740812335236,0.8968258672986733,0.4703887466380668,0.4293560379061871,1.3430300531741617,0.8869635981236563
0,0.5755998319221884,0.37890054450155286,0.4783774396441303,0.22416715439249338,2.2800695186553446,1.7251403706187882
0,0.05114489581299448,0.3179808024380719,0.8425386162863527,0.39914562227712375,6.245337165532014,3.8168682359525197
0,0.1528599636740272,0.4352641579720587,0.4284234619141387,0.3575558467001058,2.2184461573641614,0.12883999021209513
0,0.7565440375828577,0.5182331459964875,0.6774468386266284,0.2781511662936696,1.6642333743452236,1.2420277807464428
0,0.8953018051576114,0.4062536708560084,0.8188461944376413,0.4033655989260625,1.9938072073817534,1.6370368728458
0,0.3998122850442107,0.10237667035594178,0.7349859231659495,0.31979106191143514,6.188310441363549,5.389392709110134
0,0.5298431362324312,0.48704578998035186,0.6820681235109296,0.32242509219424764,1.7509258461976218,1.1480736009804253
0,0.21512320518299088,0.30410853821838424,0.17402849542521803,0.26726613631747004,4.226422404740904,2.741612232184311
0,0.4999471439321489,0.9757762517617175,0.9125415803950754,0.27238155780499773,1.0159693344767646,0.377067546295047
0,0.9629003056464241,0.13218898645719845,0.7623329932194474,0.349037259920988,5.0698276616080955,4.738103678669555
0,0.7264028133363114,0.734975634374781,0.17716422613882832,0.4120198677155317,2.5389402657541273,2.0992157512155454
0,0.9139059226742469,0.47561467946781777,0.8816715023721813,0.49149049898442754,1.8131113168430484,1.4636036524115532
0,0.11680242554573235,0.7987974916524053,0.16314168629775266,0.3042370050061051,3.1335937391292985,0.3989148943500678
0,0.25517502834994943,0.3888200518249022,0.7678668866363136,0.3294909434891357,2.0001994877472984,0.7484425046788548
0,0.8630702802830792,0.14221979706290983,0.6400228434370029,0.0798359214915737,3.415810754205933,3.0457167632291675
0,0.546853108471387,0.9615367668682983,0.8991637125476915,0.052473586929654245,1.0551830514952494,0.47108264251657983
0,1.0,0.754195893244591,0.05,0.23575397528706052,9.94566023006521,9.626243105491133
0,1.0,0.08090326733605507,0.6617038494686692,0.3554181364499496,8.129772514558292,7.810355389984215
0,1.0,0.16496953618912008,0.7990577275261523,0.3493743203563523,4.134328115120693,3.8149109905466165
0,0.05,0.4477491957697776,1.0,0.4762473840637942,6.388342370103038,4.52351782380974
0,0.7272373520426243,0.8904814208515586,0.5012261621663837,0.19375061902072466,1.5237435798864274,1.0845236696918903
0,0.8572754808457248,0.3912064008409901,1.0,0.23362032739171518,1.734883465094779,1.3622878040060178
0,0.1528599636740272,0.4598719843495063,0.0605399235540595,0.3127723934854757,7.643734076517922,5.554127909365856
0,0.23242419318000634,0.5817173793625356,0.05,0.2781511662936696,9.364841274879614,7.990556097639786
0,0.8814541383587815,0.8027946797801297,0.6429179043174338,0.4435035414598269,1.273941145172465,0.9115659396673255
0,0.15486223573073565,1.0,1.0,0.056840848920869935,2.062588863732324,1.0931694592878656
0,0.33404706338813817,0.3856447992839452,0.05,0.2700985571405441,9.977211893273754,9.021007935970434
0,0.21512320518299088,0.5139134983477791,1.0,0.2758370834906,1.4848101725565932,0.014770870013621318
0,0.5990256908146975,0.23323533487004974,0.2144753711948157,0.2085646012209035,4.314402562454816,3.781174807354952
0,0.8127299507830212,0.05,1.0,0.24772819635918458,10.652503715729898,10.259486177502426
0,0.7264028133363114,0.625396363333586,0.5102184805500737,0.4152038561433979,1.6366984925414498,1.1969739780028679
0,0.20179675661951124,0.05,0.8816715023721813,0.36480865584343947,12.876891744352653,11.294026248090534
0,0.11680242554573235,1.0,0.3790851049104051,0.5117798868374276,2.7346788447792307,1.4682301315937936
0,0.21942804147297343,0.17343201637268152,0.7678668866363136,0.1785140298203647,3.231649424428353,1.7759689138899775
0,1.0,0.3488139993061465,0.6400228434370029,0.5003701753645464,2.486842916121874,2.167425791547797
0,0.787719191266904,0.6154912671746328,0.27984086202038677,0.24866083631499708,2.442946988509976,2.0374508065846975
1,0.4999471439321489,0.9757762517617175,0.9125415803950754,0.27238155780499773,1.0159693344767646,0.377067546295047
1,0.21512320518299088,0.5139134983477791,1.0,0.2758370834906,1.4848101725565932,0.014770870013621318
1,0.546853108471387,0.9615367668682983,0.8991637125476915,0.052473586929654245,1.0551830514952494,0.47108264251657983
1,0.1528599636740272,0.4352641579720587,0.4284234619141387,0.3575558467001058,2.2184461573641614,0.12883999021209513
1,0.7003740812335236,0.8968258672986733,0.4703887466380668,0.4293560379061871,1.3430300531741617,0.8869635981236563
1,0.25517502834994943,0.3888200518249022,0.7678668866363136,0.3294909434891357,2.0001994877472984,0.7484425046788548
1,0.8814541383587815,0.8027946797801297,0.6429179043174338,0.4435035414598269,1.273941145172465,0.9115659396673255
1,0.11680242554573235,0.7987974916524053,0.16314168629775266,0.3042370050061051,3.1335937391292985,0.3989148943500678
1,0.9529465585543074,0.5639427949737498,0.9986029140551091,0.1462644989287385,1.2842525598144707,0.9490636431947543
1,0.7272373520426243,0.8904814208515586,0.5012261621663837,0.19375061902072466,1.5237435798864274,1.0845236696918903
1,0.5298431362324312,0.48704578998035186,0.6820681235109296,0.32242509219424764,1.7509258461976218,1.1480736009804253
1,0.15486223573073565,1.0,1.0,0.056840848920869935,2.062588863732324,1.0931694592878656
1,0.7264028133363114,0.625396363333586,0.5102184805500737,0.4152038561433979,1.6366984925414498,1.1969739780028679
1,0.7565440375828577,0.5182331459964875,0.6774468386266284,0.2781511662936696,1.6642333743452236,1.2420277807464428
1,0.8572754808457248,0.3912064008409901,1.0,0.23362032739171518,1.734883465094779,1.3622878040060178
1,0.9139059226742469,0.47561467946781777,0.8816715023721813,0.49149049898442754,1.8131113168430484,1.4636036524115532
1,0.8953018051576114,0.4062536708560084,0.8188461944376413,0.4033655989260625,1.9938072073817534,1.6370368728458
1,0.11680242554573235,1.0,0.3790851049104051,0.5117798868374276,2.7346788447792307,1.4682301315937936
1,0.5755998319221884,0.37890054450155286,0.4783774396441303,0.22416715439249338,2.2800695186553446,1.7251403706187882
1,0.21942804147297343,0.17343201637268152,0.7678668866363136,0.1785140298203647,3.231649424428353,1.7759689138899775
1,0.3485735154703168,1.0,0.9706864664866666,0.043156944096263555,0.9900946299463869,0.07373951459529104
1,0.463180741223857,0.12279516409627483,0.5094534805224055,0.2758370834906,5.209710877125171,4.520094285209269
1,0.27977447695846447,0.7141694228857162,0.31841792820918297,0.31696975820438095,2.011981531684901,0.8702865235329595
1,0.2345878263042044,0.5880265254090691,0.6039450538026864,0.14081182912959067,1.6168175628372699,0.2552075911515417
1,1.0,0.5268296420999886,0.06132202649981899,0.5117798868374276,4.530825847362895,4.211408722788818
1,0.05,0.7291489212620866,0.7678668866363136,0.40029335478289335,6.388342370103038,5.0931504010490185
1,0.05,1.0,0.05,0.2608278933256969,9.3062510850443,2.9179087149412624
1,1.0,0.05,1.0,0.1360474682714866,8.597929308213505,8.278512183639428
1,0.6077630864982415,0.907143280568806,0.05,0.5117798868374276,4.613151479606394,4.087589576516288
1,0.057833307094541486,0.4759583795539226,1.0,0.0,5.523065088570336,4.248561111823101
1,0.7042484338945079,0.5903925335210854,0.2614689446107491,0.34176528960297536,2.390029889922215,1.9364724390755677
1,0.9133123982037921,1.0,1.0,0.16007344050315991,0.9647796146616126,0.6150448194568656
1,0.5268603080411577,0.3291493317735142,0.21925167874723633,0.5117798868374276,3.1976389588157716,2.5913736558271916
1,0.22100600160456463,0.05,0.05471121407393287,0.49874118818589974,18.819270367924993,17.373983266537923
1,0.5769540728837208,1.0,0.05,0.5117798868374276,4.5343394048436885,3.9807128003145564
1,0.12437211697936745,1.0,0.6774468386266284,0.11904963566990887,2.5682373998526224,1.3252965644976755
1,0.05,0.27300927852338025,0.2547053797094402,0.5117798868374276,6.388342370103038,2.8291835057422188
1,0.5498641385019136,0.3025646015994766,1.0,0.2495666551668565,2.1419951779756534,1.5610932752204862
1,0.9788700055495694,1.0,0.4783774396441303,0.22416715439249338,1.4817152735284966,1.1554031761546977
1,0.05,1.0,1.0,0.0,6.388342370103038,5.414902388348905
2,0.21512320518299088,0.5139134983477791,1.0,0.2758370834906,1.4848101725565932,0.014770870013621318
2,0.3485735154703168,1.0,0.9706864664866666,0.043156944096263555,0.9900946299463869,0.07373951459529104
2,0.9133123982037921,1.0,1.0,0.16007344050315991,0.9647796146616126,0.6150448194568656
2,0.4999471439321489,0.9757762517617175,0.9125415803950754,0.27238155780499773,1.0159693344767646,0.377067546295047
2,0.1528599636740272,0.4352641579720587,0.4284234619141387,0.3575558467001058,2.2184461573641614,0.12883999021209513
2,0.2345878263042044,0.5880265254090691,0.6039450538026864,0.14081182912959067,1.6168175628372699,0.2552075911515417
2,0.546853108471387,0.9615367668682983,0.8991637125476915,0.052473586929654245,1.0551830514952494,0.47108264251657983
2,0.11680242554573235,0.7987974916524053,0.16314168629775266,0.3042370050061051,3.1335937391292985,0.3989148943500678
2,0.7003740812335236,0.8968258672986733,0.4703887466380668,0.4293560379061871,1.3430300531741617,0.8869635981236563
2,0.25517502834994943,0.3888200518249022,0.7678668866363136,0.3294909434891357,2.0001994877472984,0.7484425046788548
2,0.8814541383587815,0.8027946797801297,0.6429179043174338,0.4435035414598269,1.273941145172465,0.9115659396673255
2,0.27977447695846447,0.7141694228857162,0.31841792820918297,0.31696975820438095,2.011981531684901,0.8702865235329595
2,0.9529465585543074,0.5639427949737498,0.9986029140551091,0.1462644989287385,1.2842525598144707,0.9490636431947543
2,0.7272373520426243,0.8904814208515586,0.5012261621663837,0.19375061902072466,1.5237435798864274,1.0845236696918903
2,0.9788700055495694,1.0,0.4783774396441303,0.22416715439249338,1.4817152735284966,1.1554031761546977
2,0.5298431362324312,0.48704578998035186,0.6820681235109296,0.32242509219424764,1.7509258461976218,1.1480736009804253
2,0.15486223573073565,1.0,1.0,0.056840848920869935,2.062588863732324,1.0931694592878656
2,0.7264028133363114,0.625396363333586,0.5102184805500737,0.4152038561433979,1.6366984925414498,1.1969739780028679
2,0.7565440375828577,0.5182331459964875,0.6774468386266284,0.2781511662936696,1.6642333743452236,1.2420277807464428
2,0.8572754808457248,0.3912064008409901,1.0,0.23362032739171518,1.734883465094779,1.3622878040060178
2,0.8486275957911877,0.47643345046404667,0.9829459208765858,0.2528927534037965,1.5359288848336479,1.1595363115762292
2,1.0,0.8027946797801297,0.6429179043174338,0.5117798868374276,1.251830321207127,0.9324131966330498
2,0.5139679614411085,0.07472919598449179,0.6946977125097641,0.3038438955454455,8.129956685718177,7.508483854266949
2,0.49927744494995113,1.0,0.7733691455964398,0.0,1.178570479424004,0.5388117090558479
2,1.0,1.0,1.0,0.1840377740330485,0.9640015443874987,0.6445844198134216
2,0.2345878263042044,0.6645305781782351,1.0,0.06733800133324735,1.3616099716857282,0.22308952493958611
2,0.9793225755405175,0.2289193476041858,1.0,0.22222499147438896,2.5970496236410807,2.2708883234269637
2,0.11680242554573235,0.8207141737742498,0.6259070891943949,0.3939783573160839,2.7346788447792307,1.4494133699168468
2,0.7003740812335236,0.06448803084022087,0.07197401033655643,0.3402203964638935,14.312860315181853,13.856793860131347
2,0.25517502834994943,0.6578947675563825,0.9510946678187964,0.11950929255285178,1.2517569830684436,0.0549669477053234
2,0.9585322428709788,1.0,1.0,0.1557872604137488,0.9649279707217401,0.6316923107469163
2,0.27977447695846447,1.0,0.8991637125476915,0.0,1.1416950081519415,0.08975385905472999
2,0.7497254309849042,0.5639427949737498,0.9986029140551091,0.26403062221945994,1.3691920662104256,0.9431465950732989
2,0.7272373520426243,1.0,1.0,0.0,0.9734399817541335,0.5342200715595964
2,0.5708777209775096,0.8245960531945841,0.721630481961866,0.24951690346411187,1.2448740829570957,0.6853547452834526
2,0.23930014891118148,0.5082034965453759,1.0,0.06379220649368378,1.3347970112515557,0.04371210162526884
2,0.3907888835556311,0.9871844635959227,0.958646385424021,0.0,1.0071860084465336,0.1898210896446444
2,1.0,0.5722886583538254,1.0,0.10387311933906448,1.2441663827365335,0.9247492581624563
2,0.6121491056392306,0.5182331459964875,1.0,0.010730191496723496,1.235919598304493,0.7141233211733685
2,0.8572754808457248,0.5845944616060468,0.9622312437484647,0.09545326841768677,1.2489373567619309,0.8763416956731696
3,0.21512320518299088,0.5139134983477791,1.0,0.2758370834906,1.4848101725565932,0.014770870013621318
3,0.3485735154703168,1.0,0.9706864664866666,0.043156944096263555,0.9900946299463869,0.07373951459529104
3,0.9133123982037921,1.0,1.0,0.16007344050315991,0.9647796146616126,0.6150448194568656
3,1.0,1.0,1.0,0.1840377740330485,0.9640015443874987,0.6445844198134216
3,0.25517502834994943,0.6578947675563825,0.9510946678187964,0.11950929255285178,1.2517569830684436,0.0549669477053234
3,0.7272373520426243,1.0,1.0,0.0,0.9734399817541335,0.5342200715595964
3,0.23930014891118148,0.5082034965453759,1.0,0.06379220649368378,1.3347970112515557,0.04371210162526884
3,0.27977447695846447,1.0,0.8991637125476915,0.0,1.1416950081519415,0.08975385905472999
3,0.3907888835556311,0.9871844635959227,0.958646385424021,0.0,1.0071860084465336,0.1898210896446444
3,0.9585322428709788,1.0,1.0,0.1557872604137488,0.9649279707217401,0.6316923107469163
3,0.1528599636740272,0.4352641579720587,0.4284234619141387,0.3575558467001058,2.2184461573641614,0.12883999021209513
3,0.4999471439321489,0.9757762517617175,0.9125415803950754,0.27238155780499773,1.0159693344767646,0.377067546295047
3,0.2345878263042044,0.6645305781782351,1.0,0.06733800133324735,1.3616099716857282,0.22308952493958611
3,0.546853108471387,0.9615367668682983,0.8991637125476915,0.052473586929654245,1.0551830514952494,0.47108264251657983
3,0.2345878263042044,0.5880265254090691,0.6039450538026864,0.14081182912959067,1.6168175628372699,0.2552075911515417
3,0.49927744494995113,1.0,0.7733691455964398,0.0,1.178570479424004,0.5388117090558479
3,0.11680242554573235,0.7987974916524053,0.16314168629775266,0.3042370050061051,3.1335937391292985,0.3989148943500678
3,0.5708777209775096,0.8245960531945841,0.721630481961866,0.24951690346411187,1.2448740829570957,0.6853547452834526
3,0.6121491056392306,0.5182331459964875,1.0,0.010730191496723496,1.235919598304493,0.7141233211733685
3,0.25517502834994943,0.3888200518249022,0.7678668866363136,0.3294909434891357,2.0001994877472984,0.7484425046788548
3,0.7886915827583841,0.6892857540582111,1.0,0.0,1.0967004689107223,0.691704230239881
3,0.05,0.3566358689789794,0.9559852010369168,0.043156944096263555,6.388342370103038,4.822445848356231
3,0.21464668693897046,0.4789222057707755,0.470609681308746,0.28295901234345805,2.0230210511539983,0.5349145820510941
3,0.6518032058029433,1.0,0.9778762901921236,0.0,0.9892769511024213,0.4992254730493803
3,0.9157079675252844,0.983876937292965,1.0,0.22084700098311522,0.9708823229352483,0.6220624634685841
3,0.05,0.37728606906123263,1.0,0.16385694685939206,6.388342370103038,4.716435071694278
3,0.8854656796680365,0.8218082075470348,1.0,0.333912716822777,1.0894309101929263,0.7286974206097827
3,0.25941611869622877,0.3169793258475783,1.0,0.26017328311681953,2.0871557934144276,0.8558632844233691
3,0.17111638994161882,0.9871844635959227,0.7685570459534787,0.37720989200643673,1.8666658590436986,0.8013547008235233
3,0.05,0.2905352338272581,0.05,0.5117798868374276,6.414467052240534,0.02612468213749608
3,0.9178642572821447,0.6980775203604116,1.0,0.21639146161367143,1.1704433619461965,0.8224429664505613
3,0.9083682828303706,0.9757762517617175,1.0,0.0,0.9802281581157761,0.6285898077028917
3,0.2345878263042044,1.0,1.0,0.052515077205593313,1.3616099716857282,0.39193269332500846
3,0.08841971524922464,0.593127710096933,0.4749882591852551,0.13299063358240512,3.6125101780825415,1.7464757955369477
3,0.8205541145103042,1.0,0.9822889476237575,0.0,0.9860612544136111,0.5967912247400069
3,0.5708777209775096,0.8934497006868335,0.7733691455964398,0.18339045844740287,1.1687676774864668,0.6092483398128238
3,0.9802800796272059,0.8970823096500494,1.0,0.3042370050061051,1.0259346605528932,0.7000919435519277
3,0.6387486503690916,1.0,0.24682751766797728,0.025559929363954622,3.029443009095175,2.529376004321299
3,0.8857769380440065,0.4917377421748528,0.5763337744298025,0.5058380360631438,1.890681334558994,1.5300746052415293
3,0.8094762476439868,1.0,0.9706864664866666,0.0,0.9945791179491026,0.599981839241329
4,0.21512320518299088,0.5139134983477791,1.0,0.2758370834906,1.4848101725565932,0.014770870013621318
4,0.3485735154703168,1.0,0.9706864664866666,0.043156944096263555,0.9900946299463869,0.07373951459529104
4,0.9133123982037921,1.0,1.0,0.16007344050315991,0.9647796146616126,0.6150448194568656
4,1.0,1.0,1.0,0.1840377740330485,0.9640015443874987,0.6445844198134216
4,0.25517502834994943,0.6578947675563825,0.9510946678187964,0.11950929255285178,1.2517569830684436,0.0549669477053234
4,0.7272373520426243,1.0,1.0,0.0,0.9734399817541335,0.5342200715595964
4,0.23930014891118148,0.5082034965453759,1.0,0.06379220649368378,1.3347970112515557,0.04371210162526884
4,0.6518032058029433,1.0,0.9778762901921236,0.0,0.9892769511024213,0.4992254730493803
4,0.05,0.2905352338272581,0.05,0.5117798868374276,6.414467052240534,0.02612468213749608
4,0.27977447695846447,1.0,0.8991637125476915,0.0,1.1416950081519415,0.08975385905472999
4,0.3907888835556311,0.9871844635959227,0.958646385424021,0.0,1.0071860084465336,0.1898210896446444
4,0.9585322428709788,1.0,1.0,0.1557872604137488,0.9649279707217401,0.6316923107469163
4,0.9157079675252844,0.983876937292965,1.0,0.22084700098311522,0.9708823229352483,0.6220624634685841
4,0.8205541145103042,1.0,0.9822889476237575,0.0,0.9860612544136111,0.5967912247400069
4,0.1528599636740272,0.4352641579720587,0.4284234619141387,0.3575558467001058,2.2184461573641614,0.12883999021209513
4,0.4999471439321489,0.9757762517617175,0.9125415803950754,0.27238155780499773,1.0159693344767646,0.377067546295047
4,0.2345878263042044,0.6645305781782351,1.0,0.06733800133324735,1.3616099716857282,0.22308952493958611
4,0.9083682828303706,0.9757762517617175,1.0,0.0,0.9802281581157761,0.6285898077028917
4,0.8094762476439868,1.0,0.9706864664866666,0.0,0.9945791179491026,0.599981839241329
4,0.2345878263042044,0.5880265254090691,0.6039450538026864,0.14081182912959067,1.6168175628372699,0.2552075911515417
4,0.4055203547421985,0.7066160472370757,0.9559852010369168,0.0928338364458114,1.145073319535528,0.3574010846636556
4,0.3517936608667058,0.5357148717622334,1.0,0.03069368146610202,1.2326305653586922,0.3246633120586001
4,0.05,0.05,0.05,0.5117798868374276,19.163146232992965,12.774803862889927
4,0.23217934464569623,0.34535864773749725,0.17138218016200013,0.5117798868374276,3.3276323545687263,1.951897902371061
4,0.3450932106028753,0.3730156932082018,0.16009454331050477,0.46060189815368485,3.423756399573314,2.498159737124122
4,1.0,0.9757762517617175,1.0,0.16563399662974365,0.9752718706153339,0.6558547460412568
4,0.23930014891118148,1.0,1.0,0.0,1.3347970112515557,0.3613570294974222
4,0.05,0.3339069978220231,0.18901479896308326,0.4203815361893656,6.388342370103038,2.873676739178749
4,0.7357882920238552,1.0,0.9619363430535054,0.0,1.0011388622472275,0.5670233321117971
4,0.46950071632678536,1.0,0.6212519680939788,0.14081182912959067,1.306381119976153,0.6260474951157438
4,1.0,1.0,0.9778762901921236,0.0834618952529213,0.9819167497865545,0.6624996252124774
4,0.42215097721871003,0.910130847045732,0.39812269611780016,0.5117798868374276,1.3187323242424378,0.5620904084963393
4,0.9157079675252844,0.05,0.4548056420761388,0.5117798868374276,15.812591401648797,15.463771542182133
4,0.05,0.6645305781782351,0.9935291586650886,0.10617925101988455,6.388342370103038,5.229253085609635
4,0.6757981126536851,1.0,0.9800886611729113,0.0,0.987661080010819,0.5150093835351158
4,0.29476570133096647,0.4352641579720587,0.42195262057922733,0.27238155780499773,2.240517951532394,1.1568873853994017
4,0.31705637175687085,0.6098278988235234,1.0,0.3064458257593343,1.3241157487805792,0.3166699052667077
4,0.37033276482568833,0.9948609983778371,1.0,0.0,0.9748524489372624,0.1123386387392189
4,0.8287373316190603,1.0,0.9255458927096916,0.10136728468573672,1.015262700145625,0.6298364470721213
4,0.8139259514800661,1.0,0.9706864664866666,0.14406609645284393,0.9821377770375548,0.5896977474252576
5,0.21512320518299088,0.5139134983477791,1.0,0.2758370834906,1.4848101725565932,0.014770870013621318
5,0.3485735154703168,1.0,0.9706864664866666,0.043156944096263555,0.9900946299463869,0.07373951459529104
5,0.9133123982037921,1.0,1.0,0.16007344050315991,0.9647796146616126,0.6150448194568656
5,1.0,1.0,1.0,0.1840377740330485,0.9640015443874987,0.6445844198134216
5,0.25517502834994943,0.6578947675563825,0.9510946678187964,0.11950929255285178,1.2517569830684436,0.0549669477053234
5,0.7272373520426243,1.0,1.0,0.0,0.9734399817541335,0.5342200715595964
5,0.23930014891118148,0.5082034965453759,1.0,0.06379220649368378,1.3347970112515557,0.04371210162526884
5,0.37033276482568833,0.9948609983778371,1.0,0.0,0.9748524489372624,0.1123386387392189
5,0.05,0.2905352338272581,0.05,0.5117798868374276,6.414467052240534,0.02612468213749608
5,0.27977447695846447,1.0,0.8991637125476915,0.0,1.1416950081519415,0.08975385905472999
5,0.9585322428709788,1.0,1.0,0.1557872604137488,0.9649279707217401,0.6316923107469163
5,0.9157079675252844,0.983876937292965,1.0,0.22084700098311522,0.9708823229352483,0.6220624634685841
5,0.6518032058029433,1.0,0.9778762901921236,0.0,0.9892769511024213,0.4992254730493803
5,0.3907888835556311,0.9871844635959227,0.958646385424021,0.0,1.0071860084465336,0.1898210896446444
5,0.6757981126536851,1.0,0.9800886611729113,0.0,0.987661080010819,0.5150093835351158
5,0.8139259514800661,1.0,0.9706864664866666,0.14406609645284393,0.9821377770375548,0.5896977474252576
5,0.1528599636740272,0.4352641579720587,0.4284234619141387,0.3575558467001058,2.2184461573641614,0.12883999021209513
5,1.0,0.9757762517617175,1.0,0.16563399662974365,0.9752718706153339,0.6558547460412568
5,0.2345878263042044,0.6645305781782351,1.0,0.06733800133324735,1.3616099716857282,0.22308952493958611
5,0.4999471439321489,0.9757762517617175,0.9125415803950754,0.27238155780499773,1.0159693344767646,0.377067546295047
5,0.8979845898883967,1.0,0.9883190852877497,0.07534898284191453,0.975769919704937,0.620065458699111
5,0.693290004799932,0.3487919449699193,0.18221825311838113,0.5117798868374276,3.240377531960326,2.779650964115252
5,1.0,1.0,1.0,0.14020853437237393,0.9654931382338998,0.6460760136598227
5,0.05,0.9884660172363304,0.8818567982563991,0.1840377740330485,6.388342370103038,5.349988894010345
5,1.0,1.0,1.0,0.0,0.9734399817541335,0.6540228571800564
5,0.09489922262577671,0.23167782815118287,1.0,0.31559137647478736,3.3658560385391136,0.493266372718669
5,1.0,1.0,1.0,0.28813219290568787,0.9613971725656644,0.6419800479915873
5,0.9299953590201755,1.0,0.9559852010369168,0.2709923784363664,0.9815089541503543,0.6380479664669698
5,0.9833408919246603,1.0,1.0,0.13815809968488107,0.9655707134532074,0.6407422361756264
5,0.27977447695846447,0.7164791025505873,0.05,0.2635265116958876,9.46284387085645,8.321148862704508
5,0.9502658126600707,1.0,0.9334682133682854,0.08665311060852854,1.011523831039962,0.675389330248843
5,0.29533706626924877,0.5789879028835243,1.0,0.0,1.172272357484847,0.0907382045019689
5,0.5460101441112495,1.0,1.0,0.0,0.9734399817541335,0.3884378023011984
5,0.7613001045152638,1.0,1.0,0.0,0.9734399817541335,0.5538720313762648
5,0.05,0.6578947675563825,0.8723820901743642,0.21558209761058045,6.388342370103038,5.1054725946256525
5,0.15441389544124892,1.0,0.9820797950556202,0.0,2.068577584369328,1.0823645637044017
5,0.05,0.5139134983477791,1.0,0.11020308686085634,6.388342370103038,5.065126210920132
5,1.0,1.0,1.0,0.1062961861570125,0.9668836499566956,0.6474665253826185
5,0.30379878136543026,0.36148171044453226,0.14500000000000002,0.5117798868374276,3.428017652130211,2.376607497005635
5,1.0,1.0,1.0,0.2738550074151719,0.9616952237503744,0.6422780991762973
6,0.21512320518299088,0.5139134983477791,1.0,0.2758370834906,1.4848101725565932,0.014770870013621318
6,0.3485735154703168,1.0,0.9706864664866666,0.043156944096263555,0.9900946299463869,0.07373951459529104
6,0.9133123982037921,1.0,1.0,0.16007344050315991,0.9647796146616126,0.6150448194568656
6,0.25517502834994943,0.6578947675563825,0.9510946678187964,0.11950929255285178,1.2517569830684436,0.0549669477053234
6,0.23930014891118148,0.5082034965453759,1.0,0.06379220649368378,1.3347970112515557,0.04371210162526884
6,0.37033276482568833,0.9948609983778371,1.0,0.0,0.9748524489372624,0.1123386387392189
6,1.0,1.0,1.0,0.28813219290568787,0.9613971725656644,0.6419800479915873
6,0.5460101441112495,1.0,1.0,0.0,0.9734399817541335,0.3884378023011984
6,0.05,0.2905352338272581,0.05,0.5117798868374276,6.414467052240534,0.02612468213749608
6,0.27977447695846447,1.0,0.8991637125476915,0.0,1.1416950081519415,0.08975385905472999
6,0.9585322428709788,1.0,1.0,0.1557872604137488,0.9649279707217401,0.6316923107469163
6,0.9157079675252844,0.983876937292965,1.0,0.22084700098311522,0.9708823229352483,0.6220624634685841
6,0.3907888835556311,0.9871844635959227,0.958646385424021,0.0,1.0071860084465336,0.1898210896446444
6,1.0,1.0,1.0,0.2738550074151719,0.9616952237503744,0.6422780991762973
6,0.7272373520426243,1.0,1.0,0.0,0.9734399817541335,0.5342200715595964
6,0.6518032058029433,1.0,0.9778762901921236,0.0,0.9892769511024213,0.4992254730493803
6,0.6757981126536851,1.0,0.9800886611729113,0.0,0.987661080010819,0.5150093835351158
6,0.29533706626924877,0.5789879028835243,1.0,0.0,1.172272357484847,0.0907382045019689
6,1.0,1.0,1.0,0.1840377740330485,0.9640015443874987,0.6445844198134216
6,0.4999471439321489,0.9757762517617175,0.9125415803950754,0.27238155780499773,1.0159693344767646,0.377067546295047
6,0.07748206257311,0.6578947675563825,0.9247124876567963,0.15835054223948897,4.122465383128327,2.893468424232509
6,0.31175160418517006,0.5984299430265139,0.9706864664866666,0.043156944096263555,1.2004089228473098,0.1758203735637509
6,0.3410816639076935,1.0,0.9138764147004153,0.11950929255285178,1.0210187650902858,0.08453592899313678
6,0.25517502834994943,1.0,1.0,0.2464695066736547,1.2517569830684436,0.28944373001374024
6,0.5115165732241916,1.0,0.8723820901743642,0.11639931943580975,1.0518171820759046,0.4273660088603568
6,1.0,1.0,1.0,0.21644202157085649,0.9630711338204377,0.6436540092463606
6,0.6428012462259205,0.983876937292965,0.9935291586650886,0.25968825066975243,0.9734238331704952,0.47650954392172035
6,0.6879490399303126,0.9289838217944276,1.0,0.0,0.9943431041186104,0.5300396370165312
6,0.46326482774272604,0.9781986265855457,0.9212874223555678,0.5117798868374276,0.9913981986691875,0.3019067780483434
6,1.0,1.0,1.0,0.0,0.9734399817541335,0.6540228571800564
6,1.0,1.0,0.9627817468816189,0.1266247881887331,0.9881868348107913,0.6687697102367142
6,1.0,1.0,1.0,0.22084700098311522,0.9629541402110274,0.6435370156369503
6,0.5684881651020043,0.9730596249633828,1.0,0.24514340202449797,0.9763953026144507,0.4145241082083019
6,0.9154102130911916,1.0,1.0,0.2738550074151719,0.9616952237503744,0.6127619040466963
6,0.37168951298114317,0.36148171044453226,0.16491133882708875,0.5117798868374276,3.271289155583953,2.411923709751927
6,0.9815894931430516,1.0,1.0,0.0,0.9734399817541335,0.6480319300182577
6,0.05,0.5082034965453759,1.0,0.0,6.388342370103038,5.150290224274552
6,0.9635731047574453,0.5573831468908383,1.0,0.0,1.1905781299131737,0.8590857678028728
6,0.09961154523275378,0.07535074651832363,1.0,0.3120455816352238,7.992078928222668,4.785451413906811
6,0.05,0.9757762517617175,0.14500000000000002,0.32039336378131095,6.388342370103038,3.174767548502879
7,0.21512320518299088,0.5139134983477791,1.0,0.2758370834906,1.4848101725565932,0.014770870013621318
7,0.3485735154703168,1.0,0.9706864664866666,0.043156944096263555,0.9900946299463869,0.07373951459529104
7,0.25517502834994943,0.6578947675563825,0.9510946678187964,0.11950929255285178,1.2517569830684436,0.0549669477053234
7,0.23930014891118148,0.5082034965453759,1.0,0.06379220649368378,1.3347970112515557,0.04371210162526884
7,0.37033276482568833,0.9948609983778371,1.0,0.0,0.9748524489372624,0.1123386387392189
7,1.0,1.0,1.0,0.28813219290568787,0.9613971725656644,0.6419800479915873
7,0.5460101441112495,1.0,1.0,0.0,0.9734399817541335,0.3884378023011984
7,0.6428012462259205,0.983876937292965,0.9935291586650886,0.25968825066975243,0.9734238331704952,0.47650954392172035
7,0.9154102130911916,1.0,1.0,0.2738550074151719,0.9616952237503744,0.6127619040466963
7,0.05,0.2905352338272581,0.05,0.5117798868374276,6.414467052240534,0.02612468213749608
7,0.3410816639076935,1.0,0.9138764147004153,0.11950929255285178,1.0210187650902858,0.08453592899313678
7,0.3907888835556311,0.9871844635959227,0.958646385424021,0.0,1.0071860084465336,0.1898210896446444
7,0.46326482774272604,0.9781986265855457,0.9212874223555678,0.5117798868374276,0.9913981986691875,0.3019067780483434
7,0.5684881651020043,0.9730596249633828,1.0,0.24514340202449797,0.9763953026144507,0.4145241082083019
7,0.7272373520426243,1.0,1.0,0.0,0.9734399817541335,0.5342200715595964
7,0.9133123982037921,1.0,1.0,0.16007344050315991,0.9647796146616126,0.6150448194568656
7,1.0,1.0,1.0,0.2738550074151719,0.9616952237503744,0.6422780991762973
7,0.27977447695846447,1.0,0.8991637125476915,0.0,1.1416950081519415,0.08975385905472999
7,1.0,1.0,1.0,0.22084700098311522,0.9629541402110274,0.6435370156369503
7,0.4999471439321489,0.9757762517617175,0.9125415803950754,0.27238155780499773,1.0159693344767646,0.377067546295047
7,0.5688684194942963,1.0,1.0,0.18074198282319492,0.9641036605652238,0.4026080433257415
7,1.0,1.0,0.9653022213186511,0.5117798868374276,0.9649228999241595,0.6455057753500824
7,0.5644091242114552,1.0,0.8430350948204263,0.3318578155649966,1.0291172799087076,0.4631853864903914
7,0.6727707066324804,1.0,1.0,0.11307069852448157,0.9665864260567132,0.4918078406192736
7,1.0,1.0,1.0,0.0,0.9734399817541335,0.6540228571800564
7,0.7871953677024454,0.5139134983477791,1.0,0.5117798868374276,1.6864045713070663,1.280638559980046
7,0.05,0.5412600841838033,0.9935291586650886,0.0,6.388342370103038,5.178591802154305
7,0.9831125164240895,1.0,1.0,0.03650773315527732,0.9706928143387707,0.6457888799138305
7,0.6918116432223599,1.0,1.0,0.012750081070877507,0.9724036347098827,0.5106925207656539
7,0.960849876105819,1.0,0.9125415803950754,0.02412818266345773,1.036327091287167,0.7038952176883355
7,0.6496521069394146,1.0,1.0,0.0,0.9734399817541335,0.4817658672705666
7,0.3907888835556311,0.9781986265855457,0.9212874223555678,0.0,1.0393405248068823,0.2219756060049931
7,0.13491371917416595,0.6921052908007443,0.9559852010369168,0.0,2.3675659116148076,1.2402526348524354
7,0.5456428512071214,1.0,0.9925889923448474,0.0,0.9786664202782376,0.39327045366481217
7,0.5808821115652534,0.983876937292965,0.929158680120011,0.22084700098311522,1.0074141140389503,0.45753124110470655
7,0.05,1.0,0.9138764147004153,0.0,6.388342370103038,5.348934486547632
7,1.0,1.0,1.0,0.21941507929475845,0.9629919399206456,0.6435748153465685
7,0.05,0.9833270156141676,0.9627817468816189,0.0,6.388342370103038,5.38320612648346
7,0.05,0.3345413354079151,0.14500000000000002,0.5117798868374276,6.388342370103038,2.788801532652032
7,1.0,1.0,1.0,0.48689449379049154,0.9584223928274612,0.6390052682533841
8,0.21512320518299088,0.5139134983477791,1.0,0.2758370834906,1.4848101725565932,0.014770870013621318
8,0.3485735154703168,1.0,0.9706864664866666,0.043156944096263555,0.9900946299463869,0.07373951459529104
8,0.25517502834994943,0.6578947675563825,0.9510946678187964,0.11950929255285178,1.2517569830684436,0.0549669477053234
8,0.23930014891118148,0.5082034965453759,1.0,0.06379220649368378,1.3347970112515557,0.04371210162526884
8,0.37033276482568833,0.9948609983778371,1.0,0.0,0.9748524489372624,0.1123386387392189
8,0.5460101441112495,1.0,1.0,0.0,0.9734399817541335,0.3884378023011984
8,0.9154102130911916,1.0,1.0,0.2738550074151719,0.9616952237503744,0.6127619040466963
8,0.5688684194942963,1.0,1.0,0.18074198282319492,0.9641036605652238,0.4026080433257415
8,1.0,1.0,1.0,0.48689449379049154,0.9584223928274612,0.6390052682533841
8,0.05,0.2905352338272581,0.05,0.5117798868374276,6.414467052240534,0.02612468213749608
8,0.3410816639076935,1.0,0.9138764147004153,0.11950929255285178,1.0210187650902858,0.08453592899313678
8,0.3907888835556311,0.9871844635959227,0.958646385424021,0.0,1.0071860084465336,0.1898210896446444
8,0.46326482774272604,0.9781986265855457,0.9212874223555678,0.5117798868374276,0.9913981986691875,0.3019067780483434
8,0.5456428512071214,1.0,0.9925889923448474,0.0,0.9786664202782376,0.39327045366481217
8,0.6428012462259205,0.983876937292965,0.9935291586650886,0.25968825066975243,0.9734238331704952,0.47650954392172035
8,0.5684881651020043,0.9730596249633828,1.0,0.24514340202449797,0.9763953026144507,0.4145241082083019
8,0.9133123982037921,1.0,1.0,0.16007344050315991,0.9647796146616126,0.6150448194568656
8,0.6727707066324804,1.0,1.0,0.11307069852448157,0.9665864260567132,0.4918078406192736
8,1.0,1.0,1.0,0.28813219290568787,0.9613971725656644,0.6419800479915873
8,0.27977447695846447,1.0,0.8991637125476915,0.0,1.1416950081519415,0.08975385905472999
8,0.05,0.36148171044453226,0.11568646648666658,0.5037588422499484,6.388342370103038,2.584033619958134
8,0.5906276688496678,1.0,0.9532621402560055,0.13758503872693137,0.9931673943275343,0.4523577756809928
8,0.07902856656638274,0.4966695137817063,0.9627817468816189,0.0,4.041793173401365,2.764186131086367
8,0.10146956347018699,0.5082034965453759,0.8231237559933375,0.11950929255285178,3.1479106721438916,1.6834923413819696
8,0.6506312028848169,0.9629381260629672,1.0,0.22062906182204817,0.9815724066059974,0.4906381830607621
8,0.6604717829911572,1.0,0.9224887732303737,0.23088736027644613,1.0021119107005931,0.5184922729875445
8,0.7835124775858195,1.0,1.0,0.24582972512487736,0.9623284787938824,0.5546551696590771
8,1.0,1.0,1.0,0.5117798868374276,0.9581573298546371,0.63874020528056
8,0.09473649768314381,0.27900125106358853,0.0902929736512452,0.40422152353986096,5.654486176809561,2.2828487473768093
8,0.5529732733853822,1.0,0.9510946678187964,0.0,1.0094340143304334,0.43179827732574816
8,0.1862624185340988,1.0,0.8991637125476915,0.06090415586884202,1.7148769230661638,0.6740226736917216
8,0.05,0.48966716081482364,1.0,0.05826110090120576,6.388342370103038,5.077583152131993
8,0.2151075518142459,1.0,0.9933300931103627,0.0,1.4849182221385036,0.5067779551058305
8,0.9969126721716931,0.9953748985400535,1.0,0.0,0.9747105459030193,0.6543042219696864
8,0.12448070183254833,0.9884660172363304,0.9627817468816189,0.0,2.5659971194344458,1.5623065853908333
8,0.5949571865850405,0.9803787639269911,0.929158680120011,0.5117798868374276,0.9879171622701735,0.45104302820008413
8,1.0,1.0,1.0,0.0,0.9734399817541335,0.6540228571800564
8,0.05,0.05,0.05,0.4566704655941188,19.17537934432874,12.787036974225702
8,0.05,0.6578947675563825,0.867011916001356,0.11950929255285178,6.388342370103038,5.1323616486017976
8,0.06160718313434205,0.5082034965453759,0.9736178198379999,0.10263345618032098,5.184738263592212,3.8437552913365844
9,0.21512320518299088,0.5139134983477791,1.0,0.2758370834906,1.4848101725565932,0.014770870013621318
9,0.3485735154703168,1.0,0.9706864664866666,0.043156944096263555,0.9900946299463869,0.07373951459529104
9,0.25517502834994943,0.6578947675563825,0.9510946678187964,0.11950929255285178,1.2517569830684436,0.0549669477053234
9,0.23930014891118148,0.5082034965453759,1.0,0.06379220649368378,1.3347970112515557,0.04371210162526884
9,0.37033276482568833,0.9948609983778371,1.0,0.0,0.9748524489372624,0.1123386387392189
9,0.5460101441112495,1.0,1.0,0.0,0.9734399817541335,0.3884378023011984
9,0.9154102130911916,1.0,1.0,0.2738550074151719,0.9616952237503744,0.6127619040466963
9,0.5688684194942963,1.0,1.0,0.18074198282319492,0.9641036605652238,0.4026080433257415
9,0.7835124775858195,1.0,1.0,0.24582972512487736,0.9623284787938824,0.5546551696590771
9,1.0,1.0,1.0,0.5117798868374276,0.9581573298546371,0.63874020528056
9,0.05,0.2905352338272581,0.05,0.5117798868374276,6.414467052240534,0.02612468213749608
9,0.3410816639076935,1.0,0.9138764147004153,0.11950929255285178,1.0210187650902858,0.08453592899313678
9,0.3907888835556311,0.9871844635959227,0.958646385424021,0.0,1.0071860084465336,0.1898210896446444
9,0.46326482774272604,0.9781986265855457,0.9212874223555678,0.5117798868374276,0.9913981986691875,0.3019067780483434
9,0.5456428512071214,1.0,0.9925889923448474,0.0,0.9786664202782376,0.39327045366481217
9,0.6428012462259205,0.983876937292965,0.9935291586650886,0.25968825066975243,0.9734238331704952,0.47650954392172035
9,0.5684881651020043,0.9730596249633828,1.0,0.24514340202449797,0.9763953026144507,0.4145241082083019
9,0.6727707066324804,1.0,1.0,0.11307069852448157,0.9665864260567132,0.4918078406192736
9,0.9133123982037921,1.0,1.0,0.16007344050315991,0.9647796146616126,0.6150448194568656
9,1.0,1.0,1.0,0.48689449379049154,0.9584223928274612,0.6390052682533841
9,1.0,1.0,1.0,0.25525331932714035,0.9621079752053967,0.6426908506313196
9,0.4540730952191812,0.9730596249633828,0.9933300931103627,0.14337977335246455,0.9804290755558863,0.27698038512893464
9,0.05,0.3345413354079151,0.14500000000000002,0.5117798868374276,6.388342370103038,2.788801532652032
9,1.0,1.0,1.0,0.06379220649368378,0.9690186337352189,0.6496015091611418
9,0.30029478102837737,0.9854892435636685,0.9867652351434272,0.0,1.063678571888438,0.0768237541172474
9,0.07835459080408935,0.5552315315348784,0.9271111795569881,0.0,4.076559108266885,2.8290464045882935
9,0.05,0.31478157136021356,0.05,0.2738550074151719,10.224238892780456,3.8358965226774178
9,0.9586116670511733,1.0,1.0,0.18074198282319492,0.9641036605652238,0.6308956102784387
9,1.0,1.0,1.0,0.0,0.9734399817541335,0.6540228571800564
9,0.1015065875571376,0.3345413354079151,0.14500000000000002,0.5117798868374276,3.5995408374510056,0.45277835204154027
9,0.05,1.0,0.9933300931103627,0.0,6.388342370103038,5.410202103070365
9,0.26534164307420727,1.0,0.8949052421935677,0.32999207470201664,1.2037956801238627,0.19973764940713434
9,0.7458505672651284,0.9730596249633828,1.0,0.20630215233786076,0.9763515439252654,0.5480926694479442
9,0.7279818189514748,0.5128285980053224,1.0,0.2078583029465277,1.4108962636515243,0.9721255194662015
9,0.6410533766876627,1.0,1.0,0.0,0.9734399817541335,0.47517082662439897
9,0.6428012462259205,1.0,1.0,0.1952440851365867,0.9636651326884731,0.46675084343969825
9,0.14504323257641327,0.31015646990026696,0.12084131987998897,0.21384577322461817,5.560970436611309,3.3587503328708928
9,1.0,1.0,1.0,0.5117798868374276,0.9581573298546371,0.63874020528056
9,0.5003966616101584,0.6480091125799976,1.0,0.35322871815562895,1.2934261154030118,0.6550982671968357
9,0.05,0.34535864773749725,0.13852915866508864,0.48689449379049154,6.388342370103038,2.6919030051742725
10,0.21512320518299088,0.5139134983477791,1.0,0.2758370834906,1.4848101725565932,0.014770870013621318
10,0.3485735154703168,1.0,0.9706864664866666,0.043156944096263555,0.9900946299463869,0.07373951459529104
10,0.25517502834994943,0.6578947675563825,0.9510946678187964,0.11950929255285178,1.2517569830684436,0.0549669477053234
10,0.23930014891118148,0.5082034965453759,1.0,0.06379220649368378,1.3347970112515557,0.04371210162526884
10,0.37033276482568833,0.9948609983778371,1.0,0.0,0.9748524489372624,0.1123386387392189
10,0.5460101441112495,1.0,1.0,0.0,0.9734399817541335,0.3884378023011984
10,0.9154102130911916,1.0,1.0,0.2738550074151719,0.9616952237503744,0.6127619040466963
10,0.5688684194942963,1.0,1.0,0.18074198282319492,0.9641036605652238,0.4026080433257415
10,0.7835124775858195,1.0,1.0,0.24582972512487736,0.9623284787938824,0.5546551696590771
10,1.0,1.0,1.0,0.5117798868374276,0.9581573298546371,0.63874020528056
10,0.6428012462259205,1.0,1.0,0.1952440851365867,0.9636651326884731,0.46675084343969825
10,1.0,1.0,1.0,0.5117798868374276,0.9581573298546371,0.63874020528056
10,0.05,0.2905352338272581,0.05,0.5117798868374276,6.414467052240534,0.02612468213749608
10,1.0,1.0,1.0,0.48689449379049154,0.9584223928274612,0.6390052682533841
10,0.30029478102837737,0.9854892435636685,0.9867652351434272,0.0,1.063678571888438,0.0768237541172474
10,0.4540730952191812,0.9730596249633828,0.9933300931103627,0.14337977335246455,0.9804290755558863,0.27698038512893464
10,0.3907888835556311,0.9871844635959227,0.958646385424021,0.0,1.0071860084465336,0.1898210896446444
10,0.6727707066324804,1.0,1.0,0.11307069852448157,0.9665864260567132,0.4918078406192736
10,0.9133123982037921,1.0,1.0,0.16007344050315991,0.9647796146616126,0.6150448194568656
10,0.5456428512071214,1.0,0.9925889923448474,0.0,0.9786664202782376,0.39327045366481217
10,0.8104478088871647,1.0,1.0,0.13687842693629082,0.9656195209992442,0.5714952837606175
10,0.13924958502915197,0.36148171044453226,0.14500000000000002,0.3979529200552384,3.9019465924340753,1.6081004561401824
10,0.567402100562493,0.9948609983778371,0.9925889923448474,0.0,0.9800788874613665,0.41713221522681876
10,1.0,1.0,1.0,0.0,0.9734399817541335,0.6540228571800564
10,0.21041451816342865,0.9869403192073016,0.9806777039739318,0.0,1.5180374727154804,0.5271870960575034
10,0.8376400163986829,1.0,1.0,0.0,0.9734399817541335,0.5921101524015984
10,1.0,1.0,1.0,0.5117798868374276,0.9581573298546371,0.63874020528056
10,0.39886359608837396,0.5984299430265139,0.09401479896308326,0.5117798868374276,3.288621824930519,2.487803883094822
10,0.3756400100911862,0.804098563553694,0.14500000000000002,0.40318891230936943,2.871061315155974,2.0207335666138833
10,0.6647716669563073,0.9869403192073016,0.9880887116290844,0.3851308651184581,0.9720467648057183,0.4915552813532552
10,0.985000549822749,1.0,1.0,0.1389111433760881,0.9655421334771086,0.6412609697491367
10,1.0,1.0,1.0,0.426194296236763,0.9591492461208808,0.6397321215468037
10,1.0,1.0,1.0,0.5117798868374276,0.9581573298546371,0.63874020528056
10,1.0,1.0,1.0,0.0,0.9734399817541335,0.6540228571800564
10,1.0,0.9854892435636685,1.0,0.5117798868374276,0.969494207945441,0.6500770833713639
10,0.4540730952191812,1.0,1.0,0.275738483065357,0.9616550068798089,0.2582063164528572
10,0.38753355116071947,0.9730596249633828,0.9933300931103627,0.13032788127041195,0.9806687314017264,0.15643784065029975
10,0.6327548431103254,1.0,0.9925889923448474,0.17571967662292803,0.9681766226321122,0.46337270391600105
10,0.19214084293236955,0.6494601882236308,0.9391833794478808,0.11950929255285178,1.662411376760289,0.4502643797838566
10,1.0,1.0,1.0,0.40422152353986096,0.9594449391499619,0.6400278145758848
11,0.21512320518299088,0.5139134983477791,1.0,0.2758370834906,1.4848101725565932,0.014770870013621318
11,0.3485735154703168,1.0,0.9706864664866666,0.043156944096263555,0.9900946299463869,0.07373951459529104
11,0.25517502834994943,0.6578947675563825,0.9510946678187964,0.11950929255285178,1.2517569830684436,0.0549669477053234
11,0.23930014891118148,0.5082034965453759,1.0,0.06379220649368378,1.3347970112515557,0.04371210162526884
11,0.37033276482568833,0.9948609983778371,1.0,0.0,0.9748524489372624,0.1123386387392189
11,1.0,1.0,1.0,0.5117798868374276,0.9581573298546371,0.63874020528056
11,1.0,1.0,1.0,0.5117798868374276,0.9581573298546371,0.63874020528056
11,1.0,1.0,1.0,0.5117798868374276,0.9581573298546371,0.63874020528056
11,1.0,1.0,1.0,0.5117798868374276,0.9581573298546371,0.63874020528056
11,0.4540730952191812,1.0,1.0,0.275738483065357,0.9616550068798089,0.2582063164528572
11,0.05,0.2905352338272581,0.05,0.5117798868374276,6.414467052240534,0.02612468213749608
11,0.30029478102837737,0.9854892435636685,0.9867652351434272,0.0,1.063678571888438,0.0768237541172474
11,0.38753355116071947,0.9730596249633828,0.9933300931103627,0.13032788127041195,0.9806687314017264,0.15643784065029975
11,1.0,1.0,1.0,0.48689449379049154,0.9584223928274612,0.6390052682533841
11,0.5460101441112495,1.0,1.0,0.0,0.9734399817541335,0.3884378023011984
11,0.9154102130911916,1.0,1.0,0.2738550074151719,0.9616952237503744,0.6127619040466963
11,0.5688684194942963,1.0,1.0,0.18074198282319492,0.9641036605652238,0.4026080433257415
11,0.7835124775858195,1.0,1.0,0.24582972512487736,0.9623284787938824,0.5546551696590771
11,0.6428012462259205,1.0,1.0,0.1952440851365867,0.9636651326884731,0.46675084343969825
11,0.4540730952191812,0.9730596249633828,0.9933300931103627,0.14337977335246455,0.9804290755558863,0.27698038512893464
11,1.0,1.0,1.0,0.5117798868374276,0.9581573298546371,0.63874020528056
11,0.37033276482568833,0.9948609983778371,1.0,0.0,0.9748524489372624,0.1123386387392189
11,1.0,1.0,1.0,0.5117798868374276,0.9581573298546371,0.63874020528056
11,0.2473895410976248,1.0,1.0,0.0,1.2911504754208485,0.317710493666715
11,0.8172240828024464,1.0,1.0,0.3940451738439696,0.959588575215967,0.568732344685799
11,1.0,1.0,1.0,0.14337977335246455,0.9653746627071491,0.645957538133072
11,0.05,1.0,0.9736178198379999,0.0,6.388342370103038,5.395934446616862
11,1.0,1.0,1.0,0.43933492870153434,0.9589812414848871,0.6395641169108099
11,1.0,1.0,1.0,0.23501375772853467,0.9625917362372685,0.6431746116631913
11,0.5939313346945201,1.0,1.0,0.0,0.9734399817541335,0.4356385463070874
11,1.0,0.2905352338272581,0.9939970837993264,0.5117798868374276,2.839421670288862,2.5200045457147846
11,0.05,0.3345413354079151,0.1383300931103627,0.42826199488322136,6.388342370103038,2.3692183773563524
11,0.19722864150910469,1.0,0.9736178198379999,0.0,1.6195270668090158,0.6271191433228405
11,1.0,0.36148171044453226,0.14500000000000002,0.1952440851365867,4.750597896898992,4.4311807723249155
11,0.1607852557920736,0.519390153285633,0.994091627829758,0.0,1.9866070513328367,0.7559830634185338
11,0.33495042468948816,0.7163516283336997,0.9619881172375904,0.26600175321955283,1.1880307406728516,0.23440566545170194
11,0.05,0.653269666096436,0.9510946678187964,0.0,6.388342370103038,5.233776963341199
11,0.5302039034371088,1.0,1.0,0.48987087454538714,0.9583897670597005,0.3559477212347011
11,0.624612511150378,1.0,0.9706864664866666,0.0,0.9945791179491026,0.4831946697032222
11,0.5787889908802539,1.0,1.0,0.06339982009573644,0.9690408227498912,0.41716936462862353
12,0.21512320518299088,0.5139134983477791,1.0,0.2758370834906,1.4848101725565932,0.014770870013621318
12,0.3485735154703168,1.0,0.9706864664866666,0.043156944096263555,0.9900946299463869,0.07373951459529104
12,0.25517502834994943,0.6578947675563825,0.9510946678187964,0.11950929255285178,1.2517569830684436,0.0549669477053234
12,0.23930014891118148,0.5082034965453759,1.0,0.06379220649368378,1.3347970112515557,0.04371210162526884
12,0.37033276482568833,0.9948609983778371,1.0,0.0,0.9748524489372624,0.1123386387392189
12,1.0,1.0,1.0,0.5117798868374276,0.9581573298546371,0.63874020528056
12,1.0,1.0,1.0,0.5117798868374276,0.9581573298546371,0.63874020528056
12,1.0,1.0,1.0,0.5117798868374276,0.9581573298546371,0.63874020528056
12,1.0,1.0,1.0,0.5117798868374276,0.9581573298546371,0.63874020528056
12,0.4540730952191812,1.0,1.0,0.275738483065357,0.9616550068798089,0.2582063164528572
12,1.0,1.0,1.0,0.5117798868374276,0.9581573298546371,0.63874020528056
12,0.37033276482568833,0.9948609983778371,1.0,0.0,0.9748524489372624,0.1123386387392189
12,1.0,1.0,1.0,0.5117798868374276,0.9581573298546371,0.63874020528056
12,0.5302039034371088,1.0,1.0,0.48987087454538714,0.9583897670597005,0.3559477212347011
12,0.05,0.2905352338272581,0.05,0.5117798868374276,6.414467052240534,0.02612468213749608
12,1.0,1.0,1.0,0.48689449379049154,0.9584223928274612,0.6390052682533841
12,0.30029478102837737,0.9854892435636685,0.9867652351434272,0.0,1.063678571888438,0.0768237541172474
12,0.4540730952191812,0.9730596249633828,0.9933300931103627,0.14337977335246455,0.9804290755558863,0.27698038512893464
12,0.38753355116071947,0.9730596249633828,0.9933300931103627,0.13032788127041195,0.9806687314017264,0.15643784065029975
12,0.6428012462259205,1.0,1.0,0.1952440851365867,0.9636651326884731,0.46675084343969825
12,0.5742835188297857,0.9757536624670445,0.9939970837993264,0.0,0.9844620637382668,0.4282609646919845
12,0.05,0.5092883968878326,1.0,0.10011740686767195,6.388342370103038,5.06729374041684
12,0.35273548670925065,0.9730596249633828,0.9933300931103627,0.4085438838203849,0.9798347386402242,0.07429181476866786
12,0.16022540657597145,0.6578947675563825,0.9247124876567963,0.0,1.9935485247059928,0.8209277236440498
12,0.5771835130933979,1.0,1.0,0.4920617757745912,0.9583659158311493,0.404959387241687
12,1.0,1.0,1.0,0.40422152353986096,0.9594449391499619,0.6400278145758848
12,0.05,0.05,0.17138218016200013,0.5117798868374276,16.496991901874466,10.108649531771428
12,0.664560495581292,0.9948609983778371,1.0,0.004403695839362093,0.9745050257044225,0.4938608608215017
12,1.0,1.0,1.0,0.5117798868374276,0.9581573298546371,0.63874020528056
12,0.05,0.9706146608448817,0.9939970837993264,0.0,6.388342370103038,5.402396580269983
12,0.05,1.0,1.0,0.5117798868374276,6.388342370103038,5.430185040248401
12,0.5444912949319999,1.0,0.9559852010369168,0.5117798868374276,0.9668232280460769,0.38018919499555504
12,0.11677454557822597,0.6690814242966396,0.9451862956485544,0.0,2.735331750395796,1.5860573300762368
12,0.7117005116568804,0.3661068119044788,0.14500000000000002,0.5117798868374276,3.4011095890604723,2.952301250141249
12,0.05,0.9706146608448817,0.9939970837993264,0.0,6.388342370103038,5.402396580269983
12,0.7931492517322905,0.9948609983778371,1.0,0.01971811106283641,0.973380240140531,0.5706601672246882
12,0.05,0.6651649157641271,0.9493152941472794,0.0,6.388342370103038,5.239882812156834
12,0.6103868945436514,1.0,0.9706864664866666,0.42662774534279657,0.9673991071369608,0.4440963835275359
12,0.905050378226022,1.0,0.9736178198379999,0.13032788127041195,0.9813106459529934,0.6283831932661581
12,0.4332994883431195,0.9953748985400535,1.0,0.05117798868374274,0.9712496116273389,0.23407559515727683
13,0.21512320518299088,0.5139134983477791,1.0,0.2758370834906,1.4848101725565932,0.014770870013621318
13,0.3485735154703168,1.0,0.9706864664866666,0.043156944096263555,0.9900946299463869,0.07373951459529104
13,0.25517502834994943,0.6578947675563825,0.9510946678187964,0.11950929255285178,1.2517569830684436,0.0549669477053234
13,0.23930014891118148,0.5082034965453759,1.0,0.06379220649368378,1.3347970112515557,0.04371210162526884
13,0.37033276482568833,0.9948609983778371,1.0,0.0,0.9748524489372624,0.1123386387392189
13,1.0,1.0,1.0,0.5117798868374276,0.9581573298546371,0.63874020528056
13,1.0,1.0,1.0,0.5117798868374276,0.9581573298546371,0.63874020528056
13,1.0,1.0,1.0,0.5117798868374276,0.9581573298546371,0.63874020528056
13,1.0,1.0,1.0,0.5117798868374276,0.9581573298546371,0.63874020528056
13,0.4540730952191812,1.0,1.0,0.275738483065357,0.9616550068798089,0.2582063164528572
13,1.0,1.0,1.0,0.5117798868374276,0.9581573298546371,0.63874020528056
13,0.37033276482568833,0.9948609983778371,1.0,0.0,0.9748524489372624,0.1123386387392189
13,1.0,1.0,1.0,0.5117798868374276,0.9581573298546371,0.63874020528056
13,0.5302039034371088,1.0,1.0,0.48987087454538714,0.9583897670597005,0.3559477212347011
13,0.35273548670925065,0.9730596249633828,0.9933300931103627,0.4085438838203849,0.9798347386402242,0.07429181476866786
13,0.5771835130933979,1.0,1.0,0.4920617757745912,0.9583659158311493,0.404959387241687
13,1.0,1.0,1.0,0.5117798868374276,0.9581573298546371,0.63874020528056
13,0.4332994883431195,0.9953748985400535,1.0,0.05117798868374274,0.9712496116273389,0.23407559515727683
13,0.05,0.2905352338272581,0.05,0.5117798868374276,6.414467052240534,0.02612468213749608
13,1.0,1.0,1.0,0.48689449379049154,0.9584223928274612,0.6390052682533841
13,0.5302039034371088,1.0,1.0,0.48987087454538714,0.9583897670597005,0.3559477212347011
13,0.3485735154703168,0.5139134983477791,1.0,0.2982339372328424,1.4903331482765887,0.5739780329254929
13,0.23930014891118148,0.5082034965453759,1.0,0.06379220649368378,1.3347970112515557,0.04371210162526884
13,1.0,1.0,1.0,0.5117798868374276,0.9581573298546371,0.63874020528056
13,0.9087961523410625,0.9757536624670445,0.9939970837993264,0.5117798868374276,0.978426062400156,0.6269532665270642
13,1.0,1.0,1.0,0.5117798868374276,0.9581573298546371,0.63874020528056
13,0.21512320518299088,0.5139134983477791,1.0,0.25344022974835756,1.4848101725565932,0.034988156606412746
13,1.0,1.0,1.0,0.5117798868374276,0.9581573298546371,0.63874020528056
13,0.8761489466263662,0.5867684860459567,1.0,0.3674583734936851,1.4018629356178653,1.0372935028075554
13,1.0,1.0,1.0,0.5117798868374276,0.9581573298546371,0.63874020528056
13,0.9370332764825688,0.9994860998377837,1.0,0.46060189815368485,0.9590921143532708,0.618210811021505
13,1.0,1.0,0.9559852010369168,0.0,1.005668889877084,0.6862517653030069
13,1.0,1.0,1.0,0.05117798868374274,0.9697583512609034,0.6503412266868263
13,0.3670228782041418,1.0,1.0,0.45868926127363613,0.9587449300713464,0.08845279573322729
13,1.0,1.0,1.0,0.5117798868374276,0.9581573298546371,0.63874020528056
13,0.9194359983661311,0.9776847264233294,0.9933300931103627,0.5117798868374276,0.9769946876428371,0.6295891856680353
13,0.4332994883431195,0.9953748985400535,1.0,0.05117798868374274,0.9712496116273389,0.23407559515727683
13,1.0,1.0,1.0,0.4920617757745912,0.9583659158311493,0.6389487912570722
13,0.13724567402689325,0.21990301590716738,0.9510946678187964,0.17692227839716718,2.5560686087000692,0.22873024389619045
13,1.0,1.0,1.0,0.5117798868374276,0.9581573298546371,0.63874020528056
14,0.21512320518299088,0.5139134983477791,1.0,0.2758370834906,1.4848101725565932,0.014770870013621318
14,1.0,1.0,1.0,0.5117798868374276,0.9581573298546371,0.63874020528056
14,0.25517502834994943,0.6578947675563825,0.9510946678187964,0.11950929255285178,1.2517569830684436,0.0549669477053234
14,0.3485735154703168,1.0,0.9706864664866666,0.043156944096263555,0.9900946299463869,0.07373951459529104
14,0.3670228782041418,1.0,1.0,0.45868926127363613,0.9587449300713464,0.08845279573322729
14,0.5771835130933979,1.0,1.0,0.4920617757745912,0.9583659158311493,0.404959387241687
14,0.5302039034371088,1.0,1.0,0.48987087454538714,0.9583897670597005,0.3559477212347011
14,1.0,1.0,1.0,0.5117798868374276,0.9581573298546371,0.63874020528056
14,0.23930014891118148,0.5082034965453759,1.0,0.06379220649368378,1.3347970112515557,0.04371210162526884
14,0.23930014891118148,0.5082034965453759,1.0,0.06379220649368378,1.3347970112515557,0.04371210162526884
14,0.35273548670925065,0.9730596249633828,0.9933300931103627,0.4085438838203849,0.9798347386402242,0.07429181476866786
14,0.5302039034371088,1.0,1.0,0.48987087454538714,0.9583897670597005,0.3559477212347011
14,1.0,1.0,1.0,0.5117798868374276,0.9581573298546371,0.63874020528056
14,1.0,1.0,1.0,0.5117798868374276,0.9581573298546371,0.63874020528056
14,1.0,1.0,1.0,0.5117798868374276,0.9581573298546371,0.63874020528056
14,1.0,1.0,1.0,0.5117798868374276,0.9581573298546371,0.63874020528056
14,1.0,1.0,1.0,0.5117798868374276,0.9581573298546371,0.63874020528056
14,1.0,1.0,1.0,0.5117798868374276,0.9581573298546371,0.63874020528056
14,1.0,1.0,1.0,0.5117798868374276,0.9581573298546371,0.63874020528056
14,1.0,1.0,1.0,0.5117798868374276,0.9581573298546371,0.63874020528056
14,0.21512320518299088,1.0,1.0,0.4920617757745912,1.4848101725565932,0.5264442567254439
14,1.0,1.0,1.0,0.5117798868374276,0.9581573298546371,0.63874020528056
14,0.7848026147992633,0.6578947675563825,1.0,0.3236186464980123,1.2645742157618676,0.8575710808803769
14,0.9577183513093398,1.0,1.0,0.043156944096263555,0.9702587802071458,0.6367399287376236
14,0.5302039034371088,1.0,1.0,0.48987087454538714,0.9583897670597005,0.3559477212347011
14,0.3153701340200633,0.5573831468908383,1.0,0.10859097452805816,1.2648645653077972,0.2520320570134609
14,0.5302039034371088,0.5082034965453759,1.0,0.1115737695010961,1.3326654531196973,0.7302234072946979
14,1.0,0.5139134983477791,1.0,0.5117798868374276,1.6864045713070663,1.3669874467329892
14,0.5302039034371088,1.0,1.0,0.48987087454538714,0.9583897670597005,0.3559477212347011
14,1.0,1.0,1.0,0.5117798868374276,0.9581573298546371,0.63874020528056
14,1.0,1.0,1.0,0.5117798868374276,0.9581573298546371,0.63874020528056
14,0.3670228782041418,1.0,1.0,0.45868926127363613,0.9587449300713464,0.08845279573322729
14,0.23930014891118148,0.5082034965453759,1.0,0.06379220649368378,1.3347970112515557,0.04371210162526884
14,0.05,0.5573831468908383,1.0,0.0866819622360177,6.388342370103038,5.139036633970464
14,0.05,0.6578947675563825,1.0,0.09979118149001537,6.388342370103038,5.230338672497153
14,0.32681426611494524,1.0,0.9706864664866666,0.23399733339348816,0.9773659140197533,0.0006761505620203057
14,0.25517502834994943,0.6578947675563825,0.9510946678187964,0.11950929255285178,1.2517569830684436,0.0549669477053234
14,1.0,0.6921052908007443,0.9559852010369168,0.15873635198130936,1.1781747256274784,0.8587576010534013
14,0.5302039034371088,1.0,1.0,0.48987087454538714,0.9583897670597005,0.3559477212347011
14,0.5228727773398876,0.9456813480323747,1.0,0.2564226184429922,0.9918633201641716,0.3809745186709319
15,1.0,1.0,1.0,0.5117798868374276,0.9581573298546371,0.63874020528056
15,0.32681426611494524,1.0,0.9706864664866666,0.23399733339348816,0.9773659140197533,0.0006761505620203057
15,1.0,1.0,1.0,0.5117798868374276,0.9581573298546371,0.63874020528056
15,0.3670228782041418,1.0,1.0,0.45868926127363613,0.9587449300713464,0.08845279573322729
15,0.5771835130933979,1.0,1.0,0.4920617757745912,0.9583659158311493,0.404959387241687
15,0.5302039034371088,1.0,1.0,0.48987087454538714,0.9583897670597005,0.3559477212347011
15,1.0,1.0,1.0,0.5117798868374276,0.9581573298546371,0.63874020528056
15,0.3670228782041418,1.0,1.0,0.45868926127363613,0.9587449300713464,0.08845279573322729
15,0.5302039034371088,1.0,1.0,0.48987087454538714,0.9583897670597005,0.3559477212347011
15,1.0,1.0,1.0,0.5117798868374276,0.9581573298546371,0.63874020528056
15,0.5302039034371088,1.0,1.0,0.48987087454538714,0.9583897670597005,0.3559477212347011
15,1.0,1.0,1.0,0.5117798868374276,0.9581573298546371,0.63874020528056
15,0.5302039034371088,1.0,1.0,0.48987087454538714,0.9583897670597005,0.3559477212347011
15,1.0,1.0,1.0,0.5117798868374276,0.9581573298546371,0.63874020528056
15,0.5302039034371088,1.0,1.0,0.48987087454538714,0.9583897670597005,0.3559477212347011
15,1.0,1.0,1.0,0.5117798868374276,0.9581573298546371,0.63874020528056
15,1.0,1.0,1.0,0.5117798868374276,0.9581573298546371,0.63874020528056
15,1.0,1.0,1.0,0.5117798868374276,0.9581573298546371,0.63874020528056
15,1.0,1.0,1.0,0.5117798868374276,0.9581573298546371,0.63874020528056
15,1.0,1.0,1.0,0.5117798868374276,0.9581573298546371,0.63874020528056
15,0.4303205903837276,1.0,1.0,0.46399832383001527,0.9586823065160995,0.21640519663766
15,1.0,1.0,1.0,0.5117798868374276,0.9581573298546371,0.63874020528056
15,0.10738741653050665,1.0,1.0,0.47015276348255075,2.974437156967241,2.015826310537954
15,1.0,1.0,1.0,0.5117798868374276,0.9581573298546371,0.63874020528056
15,0.5771835130933979,1.0,1.0,0.4920617757745912,0.9583659158311493,0.404959387241687
15,0.10738741653050665,1.0,1.0,0.47015276348255075,2.974437156967241,2.015826310537954
15,0.4303205903837276,1.0,1.0,0.46399832383001527,0.9586823065160995,0.21640519663766
15,1.0,1.0,1.0,0.5117798868374276,0.9581573298546371,0.63874020528056
15,1.0,1.0,1.0,0.5117798868374276,0.9581573298546371,0.63874020528056
15,1.0,1.0,1.0,0.5117798868374276,0.9581573298546371,0.63874020528056
15,1.0,1.0,1.0,0.5117798868374276,0.9581573298546371,0.63874020528056
15,0.05,1.0,1.0,0.5117798868374276,6.388342370103038,5.430185040248401
15,1.0,1.0,1.0,0.5117798868374276,0.9581573298546371,0.63874020528056
15,1.0,1.0,1.0,0.5117798868374276,0.9581573298546371,0.63874020528056
15,1.0,1.0,1.0,0.5117798868374276,0.9581573298546371,0.63874020528056
15,0.5302039034371088,1.0,1.0,0.48987087454538714,0.9583897670597005,0.3559477212347011
15,1.0,1.0,1.0,0.5117798868374276,0.9581573298546371,0.63874020528056
15,1.0,1.0,1.0,0.4920617757745912,0.9583659158311493,0.6389487912570722
15,1.0,1.0,1.0,0.5117798868374276,0.9581573298546371,0.63874020528056
15,0.9638122491197231,1.0,0.9736178198379999,0.3095571517452944,0.9715574543501206,0.640147343248278
16,1.0,1.0,1.0,0.5117798868374276,0.9581573298546371,0.63874020528056
16,1.0,1.0,1.0,0.5117798868374276,0.9581573298546371,0.63874020528056
16,0.32681426611494524,1.0,0.9706864664866666,0.23399733339348816,0.9773659140197533,0.0006761505620203057
16,0.3670228782041418,1.0,1.0,0.45868926127363613,0.9587449300713464,0.08845279573322729
16,0.5771835130933979,1.0,1.0,0.4920617757745912,0.9583659158311493,0.404959387241687
16,1.0,1.0,1.0,0.5117798868374276,0.9581573298546371,0.63874020528056
16,0.4303205903837276,1.0,1.0,0.46399832383001527,0.9586823065160995,0.21640519663766
16,0.5302039034371088,1.0,1.0,0.48987087454538714,0.9583897670597005,0.3559477212347011
16,0.4303205903837276,1.0,1.0,0.46399832383001527,0.9586823065160995,0.21640519663766
16,0.3670228782041418,1.0,1.0,0.45868926127363613,0.9587449300713464,0.08845279573322729
16,0.5771835130933979,1.0,1.0,0.4920617757745912,0.9583659158311493,0.404959387241687
16,0.5302039034371088,1.0,1.0,0.48987087454538714,0.9583897670597005,0.3559477212347011
16,0.5302039034371088,1.0,1.0,0.48987087454538714,0.9583897670597005,0.3559477212347011
16,1.0,1.0,1.0,0.5117798868374276,0.9581573298546371,0.63874020528056
16,1.0,1.0,1.0,0.5117798868374276,0.9581573298546371,0.63874020528056
16,1.0,1.0,1.0,0.5117798868374276,0.9581573298546371,0.63874020528056
16,1.0,1.0,1.0,0.5117798868374276,0.9581573298546371,0.63874020528056
16,1.0,1.0,1.0,0.5117798868374276,0.9581573298546371,0.63874020528056
16,1.0,1.0,1.0,0.5117798868374276,0.9581573298546371,0.63874020528056
16,1.0,1.0,1.0,0.5117798868374276,0.9581573298546371,0.63874020528056
16,0.6194651617840581,1.0,1.0,0.49403358688087484,0.9583445678453583,0.44271085011062716
16,0.05,1.0,1.0,0.41621676082260295,6.388342370103038,5.429061222095338
16,0.3670228782041418,1.0,1.0,0.45868926127363613,0.9587449300713464,0.08845279573322729
16,0.5771835130933979,1.0,1.0,0.4920617757745912,0.9583659158311493,0.404959387241687
16,0.5771835130933979,1.0,1.0,0.41621676082260295,0.9592811480077004,0.4058746194182381
16,1.0,1.0,1.0,0.5117798868374276,0.9581573298546371,0.63874020528056
16,0.8169493264100528,1.0,1.0,0.2814936998007185,0.9615338289440477,0.5705461456490118
16,0.06447204443875276,1.0,1.0,0.4490583690679201,4.954350722390754,3.995489806881715
16,0.4303205903837276,1.0,1.0,0.5117798868374276,0.9581573298546371,0.21588021997619755
16,1.0,1.0,1.0,0.5117798868374276,0.9581573298546371,0.63874020528056
16,1.0,1.0,1.0,0.5117798868374276,0.9581573298546371,0.63874020528056
16,0.5302039034371088,1.0,1.0,0.49403358688087484,0.9583445678453583,0.3559025220203589
16,1.0,1.0,1.0,0.5117798868374276,0.9581573298546371,0.63874020528056
16,1.0,1.0,1.0,0.5117798868374276,0.9581573298546371,0.63874020528056
16,0.9430320590383727,1.0,1.0,0.5117798868374276,0.9581573298546371,0.619444428746591
16,1.0,1.0,1.0,0.5117798868374276,0.9581573298546371,0.63874020528056
16,0.34715322984716157,1.0,0.9736178198379999,0.259584687508678,0.9739432265253554,0.05383908659263059
16,0.7475577164200837,1.0,1.0,0.4764355612301889,0.9585391232598008,0.5312582358443874
16,0.5302039034371088,1.0,1.0,0.48987087454538714,0.9583897670597005,0.3559477212347011
16,0.5771835130933979,1.0,1.0,0.4920617757745912,0.9583659158311493,0.404959387241687
17,0.32681426611494524,1.0,0.9706864664866666,0.23399733339348816,0.9773659140197533,0.0006761505620203057
17,0.3670228782041418,1.0,1.0,0.45868926127363613,0.9587449300713464,0.08845279573322729
17,0.3670228782041418,1.0,1.0,0.45868926127363613,0.9587449300713464,0.08845279573322729
17,0.3670228782041418,1.0,1.0,0.45868926127363613,0.9587449300713464,0.08845279573322729
17,0.4303205903837276,1.0,1.0,0.5117798868374276,0.9581573298546371,0.21588021997619755
17,0.34715322984716157,1.0,0.9736178198379999,0.259584687508678,0.9739432265253554,0.05383908659263059
17,0.4303205903837276,1.0,1.0,0.46399832383001527,0.9586823065160995,0.21640519663766
17,0.4303205903837276,1.0,1.0,0.46399832383001527,0.9586823065160995,0.21640519663766
17,0.5302039034371088,1.0,1.0,0.49403358688087484,0.9583445678453583,0.3559025220203589
17,0.9430320590383727,1.0,1.0,0.5117798868374276,0.9581573298546371,0.619444428746591
17,1.0,1.0,1.0,0.5117798868374276,0.9581573298546371,0.63874020528056
17,1.0,1.0,1.0,0.5117798868374276,0.9581573298546371,0.63874020528056
17,0.5302039034371088,1.0,1.0,0.48987087454538714,0.9583897670597005,0.3559477212347011
17,0.6194651617840581,1.0,1.0,0.49403358688087484,0.9583445678453583,0.44271085011062716
17,1.0,1.0,1.0,0.5117798868374276,0.9581573298546371,0.63874020528056
17,1.0,1.0,1.0,0.5117798868374276,0.9581573298546371,0.63874020528056
17,0.5771835130933979,1.0,1.0,0.4920617757745912,0.9583659158311493,0.404959387241687
17,0.5302039034371088,1.0,1.0,0.48987087454538714,0.9583897670597005,0.3559477212347011
17,0.5771835130933979,1.0,1.0,0.4920617757745912,0.9583659158311493,0.404959387241687
17,1.0,1.0,1.0,0.5117798868374276,0.9581573298546371,0.63874020528056
17,0.6194651617840581,1.0,1.0,0.5117798868374276,0.9581573298546371,0.442523612119906
17,0.6133712639736748,1.0,1.0,0.5117798868374276,0.9581573298546371,0.4374007454926303
17,0.3670228782041418,1.0,0.9736178198379999,0.45868926127363613,0.9652837415448858,0.09499160720676669
17,1.0,1.0,1.0,0.5117798868374276,0.9581573298546371,0.63874020528056
17,0.46017857004604595,1.0,1.0,0.5117798868374276,0.9581573298546371,0.2640417299747525
17,1.0,1.0,1.0,0.5117798868374276,0.9581573298546371,0.63874020528056
17,1.0,1.0,1.0,0.5117798868374276,0.9581573298546371,0.63874020528056
17,0.8352543937690475,1.0,0.9762560378541999,0.3045223185043894,0.9706919611241518,0.5882729916534016
17,0.5681940149185936,1.0,1.0,0.49403358688087484,0.9583445678453583,0.3961824965375571
17,0.15436702618679576,1.0,1.0,0.4723436647117548,2.0692056504202507,1.1106199541006756
17,0.7095042325984895,1.0,1.0,0.4746609312345336,0.9585592582334965,0.5083616275957442
17,1.0,1.0,1.0,0.5117798868374276,0.9581573298546371,0.63874020528056
17,0.17787830680381134,1.0,1.0,0.42865399822277656,1.7957058892520577,0.8365885759817583
17,0.05,1.0,0.9736178198379999,0.2420574776750457,6.388342370103038,5.413514446457988
17,0.14966906522116685,1.0,1.0,0.4721245745888344,2.134155927862139,1.1755677232793367
17,1.0,1.0,1.0,0.5117798868374276,0.9581573298546371,0.63874020528056
17,0.3733526494221004,1.0,1.0,0.5070017305366864,0.9582068934553681,0.10266957630395213
17,0.05,1.0,1.0,0.44271759131273863,6.388342370103038,5.429403364453425
17,0.9143763592524998,1.0,1.0,0.46097301278936276,0.958717879291598,0.6093900327085028
17,0.6670784948414409,1.0,1.0,0.4723436647117548,0.9585856963195752,0.47975580315897015
18,0.32681426611494524,1.0,0.9706864664866666,0.23399733339348816,0.9773659140197533,0.0006761505620203057
18,0.3670228782041418,1.0,1.0,0.45868926127363613,0.9587449300713464,0.08845279573322729
18,0.3670228782041418,1.0,1.0,0.45868926127363613,0.9587449300713464,0.08845279573322729
18,0.3670228782041418,1.0,1.0,0.45868926127363613,0.9587449300713464,0.08845279573322729
18,0.4303205903837276,1.0,1.0,0.5117798868374276,0.9581573298546371,0.21588021997619755
18,0.34715322984716157,1.0,0.9736178198379999,0.259584687508678,0.9739432265253554,0.05383908659263059
18,0.3733526494221004,1.0,1.0,0.5070017305366864,0.9582068934553681,0.10266957630395213
18,0.3670228782041418,1.0,0.9736178198379999,0.45868926127363613,0.9652837415448858,0.09499160720676669
18,0.46017857004604595,1.0,1.0,0.5117798868374276,0.9581573298546371,0.2640417299747525
18,0.4303205903837276,1.0,1.0,0.46399832383001527,0.9586823065160995,0.21640519663766
18,0.4303205903837276,1.0,1.0,0.46399832383001527,0.9586823065160995,0.21640519663766
18,0.5302039034371088,1.0,1.0,0.49403358688087484,0.9583445678453583,0.3559025220203589
18,0.6133712639736748,1.0,1.0,0.5117798868374276,0.9581573298546371,0.4374007454926303
18,0.5302039034371088,1.0,1.0,0.48987087454538714,0.9583897670597005,0.3559477212347011
18,0.5302039034371088,1.0,1.0,0.48987087454538714,0.9583897670597005,0.3559477212347011
18,0.5681940149185936,1.0,1.0,0.49403358688087484,0.9583445678453583,0.3961824965375571
18,0.6194651617840581,1.0,1.0,0.5117798868374276,0.9581573298546371,0.442523612119906
18,0.5771835130933979,1.0,1.0,0.4920617757745912,0.9583659158311493,0.404959387241687
18,0.5771835130933979,1.0,1.0,0.4920617757745912,0.9583659158311493,0.404959387241687
18,0.9430320590383727,1.0,1.0,0.5117798868374276,0.9581573298546371,0.619444428746591
18,0.93733526494221,1.0,1.0,0.46829866450068236,0.958632248023984,0.6178607690245077
18,0.9785868327968539,1.0,1.0,0.5117798868374276,0.9581573298546371,0.6317508078557906
18,0.5202155721317706,1.0,1.0,0.4442802127671789,0.958919631154072,0.3449104753524521
18,0.3670228782041418,1.0,0.9736178198379999,0.2617755887378821,0.9738345452343264,0.1035424108962073
18,0.7183496417069054,1.0,1.0,0.47664400538242185,0.9585367645930727,0.5138826492379684
18,1.0,1.0,1.0,0.5117798868374276,0.9581573298546371,0.63874020528056
18,1.0,1.0,1.0,0.5117798868374276,0.9581573298546371,0.63874020528056
18,0.6646424108391393,1.0,1.0,0.47307682080142355,0.9585773136104501,0.4779923867328052
18,0.3157517313386773,1.0,1.0,0.45438892060296904,1.0116084638005578,0.05281212921426248
18,0.13766969471461477,1.0,0.9469425043408665,0.46399832383001527,2.320170196029463,1.3482646390775748
18,0.5295311413159611,1.0,1.0,0.46399832383001527,0.9586823065160995,0.35547486625774327
18,0.2755431192494807,1.0,0.9706864664866666,0.2727003994294922,1.1592273637762736,0.18460342698316268
18,0.5356250391263444,1.0,0.9762560378541999,0.46399832383001527,0.9644222094070447,0.3680775634992479
18,0.05,1.0,1.0,0.44271759131273863,6.388342370103038,5.429403364453425
18,0.32132975808560027,1.0,0.9706864664866666,0.48987087454538714,0.9940477526963305,0.029312345348751823
18,0.4041211708087888,1.0,0.9736178198379999,0.26436284380941927,0.9737067253083544,0.18330734221286182
18,0.1091215801312852,1.0,0.9472356396759998,0.20868496317409063,2.927167308079971,1.9365169355500165
18,0.4303205903837276,1.0,1.0,0.4602518827280764,0.9587264025415139,0.21644929266307433
18,0.4921504196155146,1.0,1.0,0.4920617757745912,0.9583659158311493,0.3093425451023162
18,0.5504706555083095,1.0,0.9736178198379999,0.5117798868374276,0.9632575414821599,0.38299568534692274
19,0.32681426611494524,1.0,0.9706864664866666,0.23399733339348816,0.9773659140197533,0.0006761505620203057
19,0.3670228782041418,1.0,1.0,0.45868926127363613,0.9587449300713464,0.08845279573322729
19,0.3670228782041418,1.0,1.0,0.45868926127363613,0.9587449300713464,0.08845279573322729
19,0.3670228782041418,1.0,1.0,0.45868926127363613,0.9587449300713464,0.08845279573322729
19,0.4303205903837276,1.0,1.0,0.5117798868374276,0.9581573298546371,0.21588021997619755
19,0.34715322984716157,1.0,0.9736178198379999,0.259584687508678,0.9739432265253554,0.05383908659263059
19,0.3733526494221004,1.0,1.0,0.5070017305366864,0.9582068934553681,0.10266957630395213
19,0.32132975808560027,1.0,0.9706864664866666,0.48987087454538714,0.9940477526963305,0.029312345348751823
19,0.3670228782041418,1.0,0.9736178198379999,0.45868926127363613,0.9652837415448858,0.09499160720676669
19,0.46017857004604595,1.0,1.0,0.5117798868374276,0.9581573298546371,0.2640417299747525
19,0.4303205903837276,1.0,1.0,0.46399832383001527,0.9586823065160995,0.21640519663766
19,0.4303205903837276,1.0,1.0,0.46399832383001527,0.9586823065160995,0.21640519663766
19,0.3157517313386773,1.0,1.0,0.45438892060296904,1.0116084638005578,0.05281212921426248
19,0.3670228782041418,1.0,0.9736178198379999,0.2617755887378821,0.9738345452343264,0.1035424108962073
19,0.4041211708087888,1.0,0.9736178198379999,0.26436284380941927,0.9737067253083544,0.18330734221286182
19,0.5302039034371088,1.0,1.0,0.49403358688087484,0.9583445678453583,0.3559025220203589
19,0.6133712639736748,1.0,1.0,0.5117798868374276,0.9581573298546371,0.4374007454926303
19,0.4921504196155146,1.0,1.0,0.4920617757745912,0.9583659158311493,0.3093425451023162
19,0.4303205903837276,1.0,1.0,0.4602518827280764,0.9587264025415139,0.21644929266307433
19,0.2755431192494807,1.0,0.9706864664866666,0.2727003994294922,1.1592273637762736,0.18460342698316268
19,0.41829402506960633,1.0,1.0,0.4166143982458871,0.9592758172710958,0.1956571543539697
19,0.39693212703954533,1.0,1.0,0.5117798868374276,0.9581573298546371,0.15344261333345
19,0.2086070431911479,1.0,1.0,0.41621676082260295,1.5311905028519097,0.5719093548442093
19,0.6252671607131581,1.0,1.0,0.5117798868374276,0.9581573298546371,0.4473082969095371
19,0.4935670333902282,1.0,0.9762560378541999,0.3368861111196324,0.9693171192189747,0.32215654600906707
19,0.4796376654743773,1.0,0.9973617819838,0.29181085178874167,0.9624025841998738,0.29644753683797564
19,0.4314719777420546,1.0,0.9762560378541999,0.44688512054490337,0.9650436439844456,0.2247473081140453
19,0.32132975808560027,1.0,1.0,0.48987087454538714,0.9940477526963305,0.03565798563663003
19,0.5395245551390091,1.0,1.0,0.5117798868374276,0.9581573298546371,0.36612287793027254
19,0.2572582480991185,1.0,0.9498738576921998,0.23255295076290441,1.2416205350539669,0.2542994973000161
19,0.11079751301852822,1.0,0.9706864664866666,0.2727003994294922,2.8828907193719115,1.9082667825788007
19,0.09403818414609758,1.0,0.9762560378541999,0.22938505231337808,3.3966747061020834,2.422495408727855
19,0.3503937437323902,1.0,0.9944304286324667,0.4566726721186957,0.960131778301673,0.04853695192300578
19,0.3670228782041418,1.0,1.0,0.5060731868577643,0.9582165967413008,0.08792446240318164
19,0.19631679532342752,1.0,0.9469425043408665,0.024767953954166283,1.6270493960550463,0.6177107697129423
19,0.2880600620906577,1.0,1.0,0.5117798868374276,1.108855984638759,0.1506986547841218
19,0.3272086172431823,1.0,1.0,0.41234645421900257,0.9761879947064922,0.016854633800729824
19,0.5950661966146801,1.0,1.0,0.4920617757745912,0.9583659158311493,0.42159013160096404
19,0.5503484639217182,1.0,1.0,0.5117798868374276,0.9581573298546371,0.37776664058665066
19,0.3607443761592684,1.0,0.9973617819838,0.4366693644556773,0.9597113725014885,0.07427241595062373
20,0.32681426611494524,1.0,0.9706864664866666,0.23399733339348816,0.9773659140197533,0.0006761505620203057
20,0.3733526494221004,1.0,1.0,0.5070017305366864,0.9582068934553681,0.10266957630395213
20,0.39693212703954533,1.0,1.0,0.5117798868374276,0.9581573298546371,0.15344261333345
20,0.3503937437323902,1.0,0.9944304286324667,0.4566726721186957,0.960131778301673,0.04853695192300578
20,0.3670228782041418,1.0,1.0,0.5060731868577643,0.9582165967413008,0.08792446240318164
20,0.3272086172431823,1.0,1.0,0.41234645421900257,0.9761879947064922,0.016854633800729824
20,0.3607443761592684,1.0,0.9973617819838,0.4366693644556773,0.9597113725014885,0.07427241595062373
20,0.4303205903837276,1.0,1.0,0.5117798868374276,0.9581573298546371,0.21588021997619755
20,0.34715322984716157,1.0,0.9736178198379999,0.259584687508678,0.9739432265253554,0.05383908659263059
20,0.3670228782041418,1.0,1.0,0.45868926127363613,0.9587449300713464,0.08845279573322729
20,0.3670228782041418,1.0,1.0,0.45868926127363613,0.9587449300713464,0.08845279573322729
20,0.3670228782041418,1.0,1.0,0.45868926127363613,0.9587449300713464,0.08845279573322729
20,0.32132975808560027,1.0,0.9706864664866666,0.48987087454538714,0.9940477526963305,0.029312345348751823
20,0.46017857004604595,1.0,1.0,0.5117798868374276,0.9581573298546371,0.2640417299747525
20,0.4303205903837276,1.0,1.0,0.46399832383001527,0.9586823065160995,0.21640519663766
20,0.4303205903837276,1.0,1.0,0.46399832383001527,0.9586823065160995,0.21640519663766
20,0.3670228782041418,1.0,0.9736178198379999,0.45868926127363613,0.9652837415448858,0.09499160720676669
20,0.41829402506960633,1.0,1.0,0.4166143982458871,0.9592758172710958,0.1956571543539697
20,0.32132975808560027,1.0,1.0,0.48987087454538714,0.9940477526963305,0.03565798563663003
20,0.5395245551390091,1.0,1.0,0.5117798868374276,0.9581573298546371,0.36612287793027254
20,0.3784797641086468,1.0,1.0,0.3736433881829985,0.9598903411620732,0.11594264741468874
20,0.36410641570743607,1.0,0.9812686520849799,0.2813100751246202,0.9695299897772212,0.09226688691312146
20,0.3037764351976412,1.0,0.9973617819838,0.47453674118065137,1.0514874981470814,0.09233043257343088
20,0.6266959077317955,1.0,1.0,0.48371643489285165,0.9584575165981669,0.4487731219132258
20,0.4253003663114969,1.0,1.0,0.43206456528183895,0.9590734095374114,0.20803449811425723
20,0.471444398490415,1.0,1.0,0.41234645421900257,0.9593333609057624,0.28180463166695335
20,0.3067059917644062,1.0,0.9736178198379999,0.3409332865703974,1.0414440292298168,0.07129779878607345
20,0.434628217518341,1.0,1.0,0.5117798868374276,0.9581573298546371,0.223236974286387
20,0.5467690610804581,1.0,1.0,0.4763907831815321,0.9585396301230393,0.37434943531188625
20,0.4571927720798141,1.0,1.0,0.45868926127363613,0.9587449300713464,0.26009625559255667
20,0.5141607130414414,1.0,1.0,0.5117798868374276,0.9581573298546371,0.33691747980310394
20,0.3733526494221004,1.0,1.0,0.5117798868374276,0.9581573298546371,0.10262001270322108
20,0.3166161308072707,1.0,0.9496100358905798,0.07717985955270781,1.0088466531071403,0.0075064973847625005
20,0.37904944351826314,1.0,1.0,0.3325857704489653,0.9605600935302805,0.11788078212951081
20,0.3306453272697907,1.0,1.0,0.47186789764867054,0.9660415484015707,0.007450403338139955
20,0.3607443761592684,1.0,0.9973617819838,0.4366693644556773,0.9597113725014885,0.07427241595062373
20,0.3951947512055356,1.0,1.0,0.5117798868374276,0.9581573298546371,0.14990488441890015
20,0.3670228782041418,1.0,1.0,0.5060731868577643,0.9582165967413008,0.08792446240318164
20,0.3674737902645183,1.0,0.9706864664866666,0.452003497820413,0.9663143038833495,0.09709006943020848
20,0.5395245551390091,1.0,1.0,0.5117798868374276,0.9581573298546371,0.36612287793027254
21,0.32681426611494524,1.0,0.9706864664866666,0.23399733339348816,0.9773659140197533,0.0006761505620203057
21,0.3503937437323902,1.0,0.9944304286324667,0.4566726721186957,0.960131778301673,0.04853695192300578
21,0.3670228782041418,1.0,1.0,0.5060731868577643,0.9582165967413008,0.08792446240318164
21,0.3607443761592684,1.0,0.9973617819838,0.4366693644556773,0.9597113725014885,0.07427241595062373
21,0.3733526494221004,1.0,1.0,0.5117798868374276,0.9581573298546371,0.10262001270322108
21,0.3306453272697907,1.0,1.0,0.47186789764867054,0.9660415484015707,0.007450403338139955
21,0.3607443761592684,1.0,0.9973617819838,0.4366693644556773,0.9597113725014885,0.07427241595062373
21,0.3670228782041418,1.0,1.0,0.5060731868577643,0.9582165967413008,0.08792446240318164
21,0.3733526494221004,1.0,1.0,0.5070017305366864,0.9582068934553681,0.10266957630395213
21,0.3951947512055356,1.0,1.0,0.5117798868374276,0.9581573298546371,0.14990488441890015
21,0.3272086172431823,1.0,1.0,0.41234645421900257,0.9761879947064922,0.016854633800729824
21,0.34715322984716157,1.0,0.9736178198379999,0.259584687508678,0.9739432265253554,0.05383908659263059
21,0.3166161308072707,1.0,0.9496100358905798,0.07717985955270781,1.0088466531071403,0.0075064973847625005
21,0.3670228782041418,1.0,1.0,0.45868926127363613,0.9587449300713464,0.08845279573322729
21,0.3670228782041418,1.0,1.0,0.45868926127363613,0.9587449300713464,0.08845279573322729
21,0.3670228782041418,1.0,1.0,0.45868926127363613,0.9587449300713464,0.08845279573322729
21,0.39693212703954533,1.0,1.0,0.5117798868374276,0.9581573298546371,0.15344261333345
21,0.32132975808560027,1.0,0.9706864664866666,0.48987087454538714,0.9940477526963305,0.029312345348751823
21,0.36410641570743607,1.0,0.9812686520849799,0.2813100751246202,0.9695299897772212,0.09226688691312146
21,0.3784797641086468,1.0,1.0,0.3736433881829985,0.9598903411620732,0.11594264741468874
21,0.3416681925028874,1.0,1.0,0.4109076982662238,0.959352923344178,0.024477711172006922
21,0.3503937437323902,1.0,0.9736178198379999,0.2617755887378821,0.9738345452343264,0.062239718855659265
21,0.3670228782041418,1.0,0.9683120702720865,0.4222714044018119,0.9682892931241696,0.09799715878605042
21,0.36834389507597154,1.0,0.9706864664866666,0.3191870820794036,0.9722990945025486,0.10512814828544625
21,0.3251383332277022,1.0,0.99498738576922,0.40909276802677746,0.9824037686980298,0.02156049688816508
21,0.37267353004452786,1.0,1.0,0.5117798868374276,0.9581573298546371,0.10106097531012936
21,0.361731904962318,1.0,0.9736178198379999,0.5117798868374276,0.9632575414821599,0.08023583499556575
21,0.3878894920444289,1.0,0.99498738576922,0.49858285738335995,0.9593104496221381,0.1358359017902684
21,0.3847964530204814,1.0,0.99498738576922,0.4923974838807869,0.9594081472669828,0.12931441444767566
21,0.3342830823632258,1.0,1.0,0.5117798868374276,0.9581573298546371,0.002628495790301444
21,0.31441343400624555,1.0,0.9736178198379999,0.2287999272204937,1.0159143641147184,0.040398072518298855
21,0.31962056805258104,1.0,0.9709796018217999,0.4647328164002532,0.999363482269962,0.033658160199895315
21,0.4121793815800103,1.0,1.0,0.07717985955270781,0.9682909215386877,0.19334404551077145
21,0.2890587483049911,1.0,0.9736178198379999,0.22366389723879668,1.1050249323415962,0.1292372036806757
21,0.3691443191294429,1.0,1.0,0.28416317816998027,0.9614784809151116,0.09618784125014657
21,0.3670228782041418,1.0,0.99762560378542,0.46906983286441345,0.9591729581098221,0.08888082377170292
21,0.31492058746608886,1.0,0.9704226446850466,0.5045540311994345,1.0142783183827613,0.05008882962493766
21,0.3912353329433826,1.0,1.0,0.5117798868374276,0.9581573298546371,0.14172512861660036
21,0.331191380692721,1.0,0.9712434236234199,0.3163080661540889,0.9722121380816027,0.007763355444350695
21,0.36165066481143116,1.0,1.0,0.5117798868374276,0.9581573298546371,0.07493726394705202
22,0.32681426611494524,1.0,0.9706864664866666,0.23399733339348816,0.9773659140197533,0.0006761505620203057
22,0.3342830823632258,1.0,1.0,0.5117798868374276,0.9581573298546371,0.002628495790301444
22,0.3306453272697907,1.0,1.0,0.47186789764867054,0.9660415484015707,0.007450403338139955
22,0.3416681925028874,1.0,1.0,0.4109076982662238,0.959352923344178,0.024477711172006922
22,0.36165066481143116,1.0,1.0,0.5117798868374276,0.9581573298546371,0.07493726394705202
22,0.3166161308072707,1.0,0.9496100358905798,0.07717985955270781,1.0088466531071403,0.0075064973847625005
22,0.331191380692721,1.0,0.9712434236234199,0.3163080661540889,0.9722121380816027,0.007763355444350695
22,0.3503937437323902,1.0,0.9944304286324667,0.4566726721186957,0.960131778301673,0.04853695192300578
22,0.3607443761592684,1.0,0.9973617819838,0.4366693644556773,0.9597113725014885,0.07427241595062373
22,0.3607443761592684,1.0,0.9973617819838,0.4366693644556773,0.9597113725014885,0.07427241595062373
22,0.3670228782041418,1.0,1.0,0.5060731868577643,0.9582165967413008,0.08792446240318164
22,0.3670228782041418,1.0,1.0,0.5060731868577643,0.9582165967413008,0.08792446240318164
22,0.37267353004452786,1.0,1.0,0.5117798868374276,0.9581573298546371,0.10106097531012936
22,0.3272086172431823,1.0,1.0,0.41234645421900257,0.9761879947064922,0.016854633800729824
22,0.3733526494221004,1.0,1.0,0.5117798868374276,0.9581573298546371,0.10262001270322108
22,0.361731904962318,1.0,0.9736178198379999,0.5117798868374276,0.9632575414821599,0.08023583499556575
22,0.3503937437323902,1.0,0.9736178198379999,0.2617755887378821,0.9738345452343264,0.062239718855659265
22,0.34715322984716157,1.0,0.9736178198379999,0.259584687508678,0.9739432265253554,0.05383908659263059
22,0.3670228782041418,1.0,1.0,0.45868926127363613,0.9587449300713464,0.08845279573322729
22,0.3670228782041418,1.0,1.0,0.45868926127363613,0.9587449300713464,0.08845279573322729
22,0.3368332004494478,1.0,1.0,0.4160437282479208,0.9592834696334999,0.010988813646528706
22,0.35509372431888236,1.0,0.99498738576922,0.41685145731951434,0.9606991069439235,0.06117004709739904
22,0.330125079739888,1.0,1.0,0.5117798868374276,0.9675639432714572,0.009406613416820142
22,0.3416681925028874,1.0,0.9994987385769221,0.4109076982662238,0.9594979068370881,0.024622694664917066
22,0.35663441352746383,1.0,1.0,0.5117798868374276,0.9581573298546371,0.06251430752680598
22,0.3771541071752787,1.0,1.0,0.07717985955270781,0.9682909215386877,0.1213768406106649
22,0.37722722331107683,1.0,1.0,0.5117798868374276,0.9581573298546371,0.11140740220336565
22,0.3584579253782264,1.0,0.9736178198379999,0.4566726721186957,0.9653624141771912,0.07427561880120692
22,0.3503937437323902,1.0,0.9944304286324667,0.4140271390929804,0.9609122810158894,0.04931745463722226
22,0.3850071032818312,1.0,1.0,0.5117798868374276,0.9581573298546371,0.12851776907480283
22,0.3598556002365238,1.0,1.0,0.369069894312102,0.9599606544478594,0.07233482954497117
22,0.386366267155835,1.0,1.0,0.5104850064799267,0.9581707010382488,0.1314496562169597
22,0.3273057141955826,1.0,0.9448055477477444,0.09399348504836469,1.002853484762497,0.026955081330630515
22,0.342318237793722,1.0,0.9736178198379999,0.41234645421900257,0.9671279261848897,0.034027995491532126
22,0.32491154129440486,1.0,0.9973617819838,0.39496083810650706,0.9830894976456943,0.022707139760892114
22,0.35957206550929727,1.0,1.0,0.5117798868374276,0.9581573298546371,0.06983158198891615
22,0.37788021557502743,1.0,0.9965673852255887,0.5117798868374276,0.9588056424018538,0.11351893279694769
22,0.3342830823632258,1.0,1.0,0.5117798868374276,0.9581573298546371,0.002628495790301444
22,0.37900330126248644,1.0,1.0,0.5117798868374276,0.9581573298546371,0.11537542535219181
22,0.3050276710752062,1.0,0.9490794609339885,0.07066867754414491,1.0471742537993087,0.04477114789782766
23,0.32681426611494524,1.0,0.9706864664866666,0.23399733339348816,0.9773659140197533,0.0006761505620203057
23,0.3342830823632258,1.0,1.0,0.5117798868374276,0.9581573298546371,0.002628495790301444
23,0.3342830823632258,1.0,1.0,0.5117798868374276,0.9581573298546371,0.002628495790301444
23,0.3306453272697907,1.0,1.0,0.47186789764867054,0.9660415484015707,0.007450403338139955
23,0.3368332004494478,1.0,1.0,0.4160437282479208,0.9592834696334999,0.010988813646528706
23,0.35663441352746383,1.0,1.0,0.5117798868374276,0.9581573298546371,0.06251430752680598
23,0.3166161308072707,1.0,0.9496100358905798,0.07717985955270781,1.0088466531071403,0.0075064973847625005
23,0.331191380692721,1.0,0.9712434236234199,0.3163080661540889,0.9722121380816027,0.007763355444350695
23,0.330125079739888,1.0,1.0,0.5117798868374276,0.9675639432714572,0.009406613416820142
23,0.3416681925028874,1.0,1.0,0.4109076982662238,0.959352923344178,0.024477711172006922
23,0.35957206550929727,1.0,1.0,0.5117798868374276,0.9581573298546371,0.06983158198891615
23,0.3272086172431823,1.0,1.0,0.41234645421900257,0.9761879947064922,0.016854633800729824
23,0.3416681925028874,1.0,0.9994987385769221,0.4109076982662238,0.9594979068370881,0.024622694664917066
23,0.36165066481143116,1.0,1.0,0.5117798868374276,0.9581573298546371,0.07493726394705202
23,0.32491154129440486,1.0,0.9973617819838,0.39496083810650706,0.9830894976456943,0.022707139760892114
23,0.37267353004452786,1.0,1.0,0.5117798868374276,0.9581573298546371,0.10106097531012936
23,0.342318237793722,1.0,0.9736178198379999,0.41234645421900257,0.9671279261848897,0.034027995491532126
23,0.3503937437323902,1.0,0.9944304286324667,0.4566726721186957,0.960131778301673,0.04853695192300578
23,0.3598556002365238,1.0,1.0,0.369069894312102,0.9599606544478594,0.07233482954497117
23,0.3670228782041418,1.0,1.0,0.5060731868577643,0.9582165967413008,0.08792446240318164
23,0.3954049003741608,1.0,1.0,0.5117798868374276,0.9581573298546371,0.15033445314416716
23,0.32170171746361814,1.0,0.9496100358905798,0.08231588953440482,1.000802799378385,0.007904388953456798
23,0.39003814429011,1.0,1.0,0.37763419358497125,0.9598298041440689,0.14089163424811657
23,0.32395187043685514,1.0,1.0,0.5117798868374276,0.9860017893298548,0.027844459475217742
23,0.3821189210353523,1.0,1.0,0.5117798868374276,0.9581573298546371,0.12224707659598555
23,0.34965148679951025,1.0,1.0,0.5117798868374276,0.9581573298546371,0.044627326296786785
23,0.3270514424757792,1.0,1.0,0.5117798868374276,0.976657132281239,0.018499802426601875
23,0.36980005599005594,1.0,0.9730608627012466,0.3391344772513166,0.9704377120152717,0.10668142302669681
23,0.3472372783645788,1.0,1.0,0.36066594580554906,0.9600925378034928,0.040211108372855575
23,0.34954236549778966,1.0,0.9973617819838,0.39496083810650706,0.9603823578848022,0.04656716548375717
23,0.3410341287564901,1.0,0.9995488647192299,0.38108292793458715,0.9599220322403532,0.023308664183704808
23,0.3440294865141098,1.0,0.9754909546295019,0.25310449816771263,0.9733857280276677,0.04492716128811203
23,0.3273425482364337,1.0,0.9994987385769221,0.33585524822242274,0.9757885909991644,0.015102559448867292
23,0.354681810236622,1.0,1.0,0.5117798868374276,0.9581573298546371,0.05758359087483156
23,0.3271685972706394,1.0,1.0,0.39496083810650706,0.9763074041392781,0.016731934813351224
23,0.3372919263954861,1.0,1.0,0.38108292793458715,0.9597780925615249,0.012773142398673998
23,0.3444507240063417,1.0,1.0,0.5117798868374276,0.9581573298546371,0.03083419854866165
23,0.32740406982029807,1.0,0.9745702165418481,0.3309040593469994,0.9756052332923264,0.005384798192845763
23,0.33936072014427987,1.0,1.0,0.5117798868374276,0.9581573298546371,0.016925463607825764
23,0.36243443584153623,1.0,0.9736178198379999,0.41234645421900257,0.9671279261848897,0.08581783965701939
24,0.32681426611494524,1.0,0.9706864664866666,0.23399733339348816,0.9773659140197533,0.0006761505620203057
24,0.3342830823632258,1.0,1.0,0.5117798868374276,0.9581573298546371,0.002628495790301444
24,0.3342830823632258,1.0,1.0,0.5117798868374276,0.9581573298546371,0.002628495790301444
24,0.3306453272697907,1.0,1.0,0.47186789764867054,0.9660415484015707,0.007450403338139955
24,0.3368332004494478,1.0,1.0,0.4160437282479208,0.9592834696334999,0.010988813646528706
24,0.32740406982029807,1.0,0.9745702165418481,0.3309040593469994,0.9756052332923264,0.005384798192845763
24,0.33936072014427987,1.0,1.0,0.5117798868374276,0.9581573298546371,0.016925463607825764
24,0.331191380692721,1.0,0.9712434236234199,0.3163080661540889,0.9722121380816027,0.007763355444350695
24,0.330125079739888,1.0,1.0,0.5117798868374276,0.9675639432714572,0.009406613416820142
24,0.3372919263954861,1.0,1.0,0.38108292793458715,0.9597780925615249,0.012773142398673998
24,0.3166161308072707,1.0,0.9496100358905798,0.07717985955270781,1.0088466531071403,0.0075064973847625005
24,0.3416681925028874,1.0,1.0,0.4109076982662238,0.959352923344178,0.024477711172006922
24,0.3444507240063417,1.0,1.0,0.5117798868374276,0.9581573298546371,0.03083419854866165
24,0.32170171746361814,1.0,0.9496100358905798,0.08231588953440482,1.000802799378385,0.007904388953456798
24,0.3410341287564901,1.0,0.9995488647192299,0.38108292793458715,0.9599220322403532,0.023308664183704808
24,0.3273425482364337,1.0,0.9994987385769221,0.33585524822242274,0.9757885909991644,0.015102559448867292
24,0.3416681925028874,1.0,0.9994987385769221,0.4109076982662238,0.9594979068370881,0.024622694664917066
24,0.34965148679951025,1.0,1.0,0.5117798868374276,0.9581573298546371,0.044627326296786785
24,0.3271685972706394,1.0,1.0,0.39496083810650706,0.9763074041392781,0.016731934813351224
24,0.354681810236622,1.0,1.0,0.5117798868374276,0.9581573298546371,0.05758359087483156
24,0.31832290480173997,1.0,0.999954886471923,0.43116298590772256,1.0034374500603351,0.04434034780450191
24,0.315059634904315,1.0,1.0,0.21822798520986636,1.0138306799494388,0.0508072349642289
24,0.31428634492339275,1.0,0.955100167582292,0.11568867340575642,1.0163251730043408,0.022382020249633205
24,0.334933583053725,1.0,0.9712434236234199,0.3163080661540889,0.9722121380816027,0.018539111245756468
24,0.32643427492221255,1.0,0.9492040141378867,0.0,1.010899989824956,0.032396356923337644
24,0.34571208367951206,1.0,0.9994987385769221,0.43770022735288694,0.9591333450916071,0.03519363037319978
24,0.34803521111092656,1.0,1.0,0.5117798868374276,0.9581573298546371,0.04038489253099953
24,0.3379259901418834,1.0,1.0,0.4109076982662238,0.959352923344178,0.014124875586874586
24,0.3245107779813971,1.0,0.999954886471923,0.3753388165069728,0.9843035904573301,0.024424412414378205
24,0.3562980859252057,1.0,0.9995488647192299,0.4209949171233442,0.9593434275297457,0.06285496291290782
24,0.341199969725975,1.0,1.0,0.44682848853610513,0.9588882187194618,0.022730093576992294
24,0.3518568487168858,1.0,1.0,0.5117798868374276,0.9581573298546371,0.05035313291913179
24,0.35480302798479013,1.0,1.0,0.5117798868374276,0.9581573298546371,0.057891270099022174
24,0.32170171746361814,1.0,0.9546490323015218,0.0,1.006693749630901,0.013795339205972756
24,0.3136965412180399,1.0,0.9512164175271105,0.01878194745224518,1.0182360399480532,0.011355707855129182
24,0.3336189436773321,1.0,0.9541477708784438,0.060310890963384656,0.9999579926637986,0.04252697746043077
24,0.34329717223289363,1.0,1.0,0.5117798868374276,0.9581573298546371,0.027718194904927218
24,0.34803521111092656,1.0,1.0,0.5117798868374276,0.9581573298546371,0.04038489253099953
24,0.3483893635030028,1.0,1.0,0.5117798868374276,0.9581573298546371,0.041317846682810355
24,0.32791740110862944,1.0,0.9712434236234199,0.2803872758842076,0.9740779929321369,9.717162609479413e-05
25,0.3342830823632258,1.0,1.0,0.5117798868374276,0.9581573298546371,0.002628495790301444
25,0.3342830823632258,1.0,1.0,0.5117798868374276,0.9581573298546371,0.002628495790301444
25,0.32791740110862944,1.0,0.9712434236234199,0.2803872758842076,0.9740779929321369,9.717162609479413e-05
25,0.3306453272697907,1.0,1.0,0.47186789764867054,0.9660415484015707,0.007450403338139955
25,0.3368332004494478,1.0,1.0,0.4160437282479208,0.9592834696334999,0.010988813646528706
25,0.33936072014427987,1.0,1.0,0.5117798868374276,0.9581573298546371,0.016925463607825764
25,0.32681426611494524,1.0,0.9706864664866666,0.23399733339348816,0.9773659140197533,0.0006761505620203057
25,0.32740406982029807,1.0,0.9745702165418481,0.3309040593469994,0.9756052332923264,0.005384798192845763
25,0.331191380692721,1.0,0.9712434236234199,0.3163080661540889,0.9722121380816027,0.007763355444350695
25,0.330125079739888,1.0,1.0,0.5117798868374276,0.9675639432714572,0.009406613416820142
25,0.3372919263954861,1.0,1.0,0.38108292793458715,0.9597780925615249,0.012773142398673998
25,0.3379259901418834,1.0,1.0,0.4109076982662238,0.959352923344178,0.014124875586874586
25,0.341199969725975,1.0,1.0,0.44682848853610513,0.9588882187194618,0.022730093576992294
25,0.34329717223289363,1.0,1.0,0.5117798868374276,0.9581573298546371,0.027718194904927218
25,0.3166161308072707,1.0,0.9496100358905798,0.07717985955270781,1.0088466531071403,0.0075064973847625005
25,0.32170171746361814,1.0,0.9496100358905798,0.08231588953440482,1.000802799378385,0.007904388953456798
25,0.3444507240063417,1.0,1.0,0.5117798868374276,0.9581573298546371,0.03083419854866165
25,0.3273425482364337,1.0,0.9994987385769221,0.33585524822242274,0.9757885909991644,0.015102559448867292
25,0.334933583053725,1.0,0.9712434236234199,0.3163080661540889,0.9722121380816027,0.018539111245756468
25,0.3410341287564901,1.0,0.9995488647192299,0.38108292793458715,0.9599220322403532,0.023308664183704808
25,0.33336925123878924,1.0,1.0,0.4336361921094212,0.9590533227921505,0.0009051950077116899
25,0.31957920845603316,1.0,0.9237291171516577,0.0240185139319564,1.0273738736937146,0.02788105487992132
25,0.32420240942002065,1.0,1.0,0.2803872758842076,0.9852398212575693,0.023682893932824967
25,0.3212174245934651,1.0,0.9685788234270579,0.21369315902588282,0.9943953828263062,0.015474125436323427
25,0.3240187313768406,1.0,0.9771131948876632,0.3489916420960422,0.9857983288509549,0.017294969227228618
25,0.34087257176756586,1.0,1.0,0.443236409509117,0.958932563468336,0.021875286315978126
25,0.32169376858832477,1.0,0.9754909546295019,0.1669419554371565,0.9929229443960199,0.014982034429957602
25,0.3250474419588339,1.0,0.9994987385769221,0.42201779095297887,0.982678472982011,0.023335069360430394
25,0.33457541961866516,1.0,1.0,0.49957418190803643,0.958285173507535,0.003591238421513432
25,0.31886248282858537,1.0,0.9741190812610779,0.25873442732405116,1.0017394365691734,0.027987140657315
25,0.3472560055217757,1.0,0.9712885371514969,0.3570129778950369,0.9702897327361215,0.05045791155936019
25,0.3470809587406162,1.0,1.0,0.5117798868374276,0.9581573298546371,0.037861600776890825
25,0.3401553428412383,1.0,1.0,0.5117798868374276,0.9581573298546371,0.01912423607329472
25,0.34194858914731063,1.0,1.0,0.5117798868374276,0.9581573298546371,0.024048712077063827
25,0.32327145923519285,1.0,0.9706864664866666,0.23399733339348816,0.9880770936633428,0.011387330205609891
25,0.33092130881773807,1.0,0.9745702165418481,0.3900750638883656,0.967732797588992,0.002496907916549884
25,0.3245600167329794,1.0,0.9736178198379999,0.15993060960741792,0.9841542625138864,0.00473545902189465
25,0.3372382111366949,1.0,0.9741190812610778,0.4534825112349792,0.9653568571407682,0.018201068151995847
25,0.3466032146181815,1.0,0.9995488647192299,0.3308411754739124,0.9607572107465945,0.03919298254461345
25,0.34458206949531117,1.0,1.0,0.5117798868374276,0.9581573298546371,0.031187669377654603
26,0.3342830823632258,1.0,1.0,0.5117798868374276,0.9581573298546371,0.002628495790301444
26,0.3342830823632258,1.0,1.0,0.5117798868374276,0.9581573298546371,0.002628495790301444
26,0.32791740110862944,1.0,0.9712434236234199,0.2803872758842076,0.9740779929321369,9.717162609479413e-05
26,0.33336925123878924,1.0,1.0,0.4336361921094212,0.9590533227921505,0.0009051950077116899
26,0.33936072014427987,1.0,1.0,0.5117798868374276,0.9581573298546371,0.016925463607825764
26,0.33457541961866516,1.0,1.0,0.49957418190803643,0.958285173507535,0.003591238421513432
26,0.32681426611494524,1.0,0.9706864664866666,0.23399733339348816,0.9773659140197533,0.0006761505620203057
26,0.33092130881773807,1.0,0.9745702165418481,0.3900750638883656,0.967732797588992,0.002496907916549884
26,0.3401553428412383,1.0,1.0,0.5117798868374276,0.9581573298546371,0.01912423607329472
26,0.3306453272697907,1.0,1.0,0.47186789764867054,0.9660415484015707,0.007450403338139955
26,0.3368332004494478,1.0,1.0,0.4160437282479208,0.9592834696334999,0.010988813646528706
26,0.32740406982029807,1.0,0.9745702165418481,0.3309040593469994,0.9756052332923264,0.005384798192845763
26,0.3245600167329794,1.0,0.9736178198379999,0.15993060960741792,0.9841542625138864,0.00473545902189465
26,0.34194858914731063,1.0,1.0,0.5117798868374276,0.9581573298546371,0.024048712077063827
26,0.3166161308072707,1.0,0.9496100358905798,0.07717985955270781,1.0088466531071403,0.0075064973847625005
26,0.331191380692721,1.0,0.9712434236234199,0.3163080661540889,0.9722121380816027,0.007763355444350695
26,0.3379259901418834,1.0,1.0,0.4109076982662238,0.959352923344178,0.014124875586874586
26,0.330125079739888,1.0,1.0,0.5117798868374276,0.9675639432714572,0.009406613416820142
26,0.34087257176756586,1.0,1.0,0.443236409509117,0.958932563468336,0.021875286315978126
26,0.3372919263954861,1.0,1.0,0.38108292793458715,0.9597780925615249,0.012773142398673998
26,0.3554872890734455,1.0,1.0,0.5117798868374276,0.9581573298546371,0.05962415071481175
26,0.34691115159803887,1.0,1.0,0.5117798868374276,0.9581573298546371,0.037411131580641466
26,0.3206698405191928,1.0,0.9546490323015218,0.035888838128125045,1.0022829945942655,0.006189556620066594
26,0.32118600481021936,1.0,0.9496100358905798,0.07717985955270781,1.0013401557223778,0.006847496903893302
26,0.32423719131376827,1.0,0.9706864664866666,0.11637007038093176,0.9851341316340737,0.0010638322856703075
26,0.33975039470702384,1.0,0.9712434236234199,0.3522288564239702,0.970525361832757,0.030373035508650226
26,0.32989099185485304,1.0,0.9771131948876632,0.4397766118101256,0.9682505185403254,0.0031796337825098497
26,0.3331331829494348,1.0,1.0,0.5117798868374276,0.9588271006408583,0.0006697707862212132
26,0.3332995716400337,1.0,1.0,0.4266402179365062,0.9591434400949385,0.000795001891366609
26,0.3404741936518607,1.0,1.0,0.5117798868374276,0.9581573298546371,0.020003631539549205
26,0.3267326509094668,1.0,0.9741190812610778,0.3035265369795296,0.977610052214801,0.005983820312713939
26,0.35201319523163843,1.0,1.0,0.3309040593469994,0.9605894924872828,0.053188496408416164
26,0.3206821351968456,1.0,0.9481880363798479,0.0808997612474539,1.0019279372217658,0.005872688614387167
26,0.331191380692721,1.0,0.9712434236234199,0.3163080661540889,0.9722121380816027,0.007763355444350695
26,0.32659467209886084,1.0,1.0,0.5117798868374276,0.9780230701950429,0.01986574034040578
26,0.3333990593239796,1.0,1.0,0.5117798868374276,0.9581573298546371,9.486686178539205e-05
26,0.32538401144555656,1.0,0.9771131948876632,0.4109076982662238,0.9816620137319725,0.01553771610845045
26,0.31379903144139576,1.0,0.9507310147256631,0.0,1.0179034728322425,0.00818794196159689
26,0.33466351117874205,1.0,0.9745702165418481,0.3900750638883656,0.967732797588992,0.013290161121066513
26,0.326264788997515,1.0,0.9771131948876632,0.39003984125388064,0.9790119396454858,0.012105445448928553
27,0.3333990593239796,1.0,1.0,0.5117798868374276,0.9581573298546371,9.486686178539205e-05
27,0.3342830823632258,1.0,1.0,0.5117798868374276,0.9581573298546371,0.002628495790301444
27,0.3342830823632258,1.0,1.0,0.5117798868374276,0.9581573298546371,0.002628495790301444
27,0.32791740110862944,1.0,0.9712434236234199,0.2803872758842076,0.9740779929321369,9.717162609479413e-05
27,0.3331331829494348,1.0,1.0,0.5117798868374276,0.9588271006408583,0.0006697707862212132
27,0.33936072014427987,1.0,1.0,0.5117798868374276,0.9581573298546371,0.016925463607825764
27,0.33457541961866516,1.0,1.0,0.49957418190803643,0.958285173507535,0.003591238421513432
27,0.33336925123878924,1.0,1.0,0.4336361921094212,0.9590533227921505,0.0009051950077116899
27,0.32681426611494524,1.0,0.9706864664866666,0.23399733339348816,0.9773659140197533,0.0006761505620203057
27,0.3332995716400337,1.0,1.0,0.4266402179365062,0.9591434400949385,0.000795001891366609
27,0.3401553428412383,1.0,1.0,0.5117798868374276,0.9581573298546371,0.01912423607329472
27,0.33092130881773807,1.0,0.9745702165418481,0.3900750638883656,0.967732797588992,0.002496907916549884
27,0.3306453272697907,1.0,1.0,0.47186789764867054,0.9660415484015707,0.007450403338139955
27,0.3368332004494478,1.0,1.0,0.4160437282479208,0.9592834696334999,0.010988813646528706
27,0.32423719131376827,1.0,0.9706864664866666,0.11637007038093176,0.9851341316340737,0.0010638322856703075
27,0.3404741936518607,1.0,1.0,0.5117798868374276,0.9581573298546371,0.020003631539549205
27,0.32989099185485304,1.0,0.9771131948876632,0.4397766118101256,0.9682505185403254,0.0031796337825098497
27,0.330125079739888,1.0,1.0,0.5117798868374276,0.9675639432714572,0.009406613416820142
27,0.3379259901418834,1.0,1.0,0.4109076982662238,0.959352923344178,0.014124875586874586
27,0.3372919263954861,1.0,1.0,0.38108292793458715,0.9597780925615249,0.012773142398673998
27,0.31700569285544095,1.0,0.9500883418855635,0.1423520925704434,1.0076069013421347,0.012898734076534302
27,0.32523931747059104,1.0,0.9706864664866666,0.11637007038093176,0.9840702993484034,0.0019715592713276386
27,0.3240444245743552,1.0,1.0,0.5117798868374276,0.9857201657684459,0.027562835913808814
27,0.3251539864573179,1.0,0.9481880363798479,0.07012701934740073,1.0030855511949435,0.020729076371077793
27,0.3331331829494348,1.0,0.9706864664866666,0.11637007038093176,0.9840702993484034,0.0252431987075451
27,0.3311526489176832,1.0,0.9794018753988969,0.5117798868374276,0.9645615850360668,0.0024457357698328686
27,0.3432833624394861,1.0,1.0,0.2984164652353644,0.9611918023977888,0.030715237226866865
27,0.3467784068435915,1.0,1.0,0.5117798868374276,0.9581573298546371,0.03705867529953022
27,0.3332243580980088,1.0,1.0,0.5117798868374276,0.9585647512628165,0.0004074214081793981
27,0.32828083075181297,1.0,0.994215944439103,0.14257030482314675,0.9729996210530505,0.004351927105963549
27,0.33987451920217293,1.0,1.0,0.5117798868374276,0.9581573298546371,0.018348353578656384
27,0.3436551032710201,1.0,1.0,0.5117798868374276,0.9581573298546371,0.028687285837513565
27,0.3377866627275816,1.0,1.0,0.3941526238248712,0.9595870353981363,0.013969107891389165
27,0.3300055456157165,1.0,1.0,0.49957418190803643,0.967914412861211,0.0096292393536761
27,0.3316596034696334,1.0,0.9712434236234199,0.2803872758842076,0.9739808213060421,0.01089360601407574
27,0.32188077372113005,1.0,0.9448055477477444,0.025743983535590154,1.0108245174115602,0.018478437810410586
27,0.3297132083602771,1.0,1.0,0.5117798868374276,0.9687726054811097,0.010615275626472576
27,0.33438512318192204,1.0,1.0,0.4859844087552599,0.9584324205737677,0.0031951752718040183
27,0.3288025607595023,1.0,0.9712434236234199,0.4109076982662238,0.9714557063795844,0.0035433378586231523
27,0.33717561057878975,1.0,0.9736178198379999,0.2617755887378821,0.9738345452343264,0.026502905802112564
28,0.3333990593239796,1.0,1.0,0.5117798868374276,0.9581573298546371,9.486686178539205e-05
28,0.3342830823632258,1.0,1.0,0.5117798868374276,0.9581573298546371,0.002628495790301444
28,0.3342830823632258,1.0,1.0,0.5117798868374276,0.9581573298546371,0.002628495790301444
28,0.32791740110862944,1.0,0.9712434236234199,0.2803872758842076,0.9740779929321369,9.717162609479413e-05
28,0.3332243580980088,1.0,1.0,0.5117798868374276,0.9585647512628165,0.0004074214081793981
28,0.33936072014427987,1.0,1.0,0.5117798868374276,0.9581573298546371,0.016925463607825764
28,0.33457541961866516,1.0,1.0,0.49957418190803643,0.958285173507535,0.003591238421513432
28,0.33438512318192204,1.0,1.0,0.4859844087552599,0.9584324205737677,0.0031951752718040183
28,0.3331331829494348,1.0,1.0,0.5117798868374276,0.9588271006408583,0.0006697707862212132
28,0.33987451920217293,1.0,1.0,0.5117798868374276,0.9581573298546371,0.018348353578656384
28,0.33336925123878924,1.0,1.0,0.4336361921094212,0.9590533227921505,0.0009051950077116899
28,0.32681426611494524,1.0,0.9706864664866666,0.23399733339348816,0.9773659140197533,0.0006761505620203057
28,0.3332995716400337,1.0,1.0,0.4266402179365062,0.9591434400949385,0.000795001891366609
28,0.3401553428412383,1.0,1.0,0.5117798868374276,0.9581573298546371,0.01912423607329472
28,0.3368332004494478,1.0,1.0,0.4160437282479208,0.9592834696334999,0.010988813646528706
28,0.32423719131376827,1.0,0.9706864664866666,0.11637007038093176,0.9851341316340737,0.0010638322856703075
28,0.32523931747059104,1.0,0.9706864664866666,0.11637007038093176,0.9840702993484034,0.0019715592713276386
28,0.3311526489176832,1.0,0.9794018753988969,0.5117798868374276,0.9645615850360668,0.0024457357698328686
28,0.3404741936518607,1.0,1.0,0.5117798868374276,0.9581573298546371,0.020003631539549205
28,0.33092130881773807,1.0,0.9745702165418481,0.3900750638883656,0.967732797588992,0.002496907916549884
28,0.3306316394855326,1.0,0.9706864664866666,0.1866993956361375,0.9794211954052905,0.013339653951997765
28,0.3391106542657164,1.0,1.0,0.5117798868374276,0.9581573298546371,0.01623138346050479
28,0.32883168585744893,1.0,0.9712434236234199,0.32750067086546236,0.9716784595140759,0.00030879637098590873
28,0.32523931747059104,1.0,0.9706864664866666,0.11637007038093176,0.9840702993484034,0.0019715592713276386
28,0.35088866676152086,1.0,1.0,0.5117798868374276,0.9581573298546371,0.04784829385412437
28,0.3226078449546001,1.0,0.9741190812610778,0.22538284225152322,0.9901095986935331,0.014663867390739993
28,0.3382506542293666,1.0,1.0,0.5117798868374276,0.9581573298546371,0.013836543020096959
28,0.34225771703984964,1.0,1.0,0.4859844087552599,0.9584324205737677,0.02516749166921628
28,0.3331061477088938,1.0,1.0,0.4446213265458733,0.9589154131556196,1.0493112737264276e-05
28,0.3344671808156387,1.0,1.0,0.4859844087552599,0.9584324205737677,0.003429531621990556
28,0.340005968956163,1.0,1.0,0.4336361921094212,0.9590533227921505,0.01960768619148512
28,0.33332776757640753,1.0,0.9706864664866666,0.472238905191778,0.9654649994815281,0.0071976272260557694
28,0.33384541617720304,1.0,1.0,0.4859844087552599,0.9584324205737677,0.0016509029651264884
28,0.3233229065649488,1.0,0.9706864664866666,0.5117798868374276,0.9879198702595178,0.02407852525234344
28,0.3356302401735969,1.0,1.0,0.3801522389903588,0.9597919931528471,0.008098475379866632
28,0.32423719131376827,1.0,1.0,0.5117798868374276,0.9851341316340737,0.02697680177943662
28,0.32523931747059104,1.0,0.9741190812610778,0.22538284225152322,0.9820987400770758,0.006653008774282654
28,0.3399469543097139,1.0,1.0,0.5117798868374276,0.9581573298546371,0.01854860589214602
28,0.3300868705086046,1.0,0.9994987385769221,0.36416440188447935,0.967675943710375,0.0074703094776724654
28,0.34028460979338165,1.0,1.0,0.5117798868374276,0.9581573298546371,0.01948095495550295
29,0.3333990593239796,1.0,1.0,0.5117798868374276,0.9581573298546371,9.486686178539205e-05
29,0.3331061477088938,1.0,1.0,0.4446213265458733,0.9589154131556196,1.0493112737264276e-05
29,0.3342830823632258,1.0,1.0,0.5117798868374276,0.9581573298546371,0.002628495790301444
29,0.3342830823632258,1.0,1.0,0.5117798868374276,0.9581573298546371,0.002628495790301444
29,0.3332243580980088,1.0,1.0,0.5117798868374276,0.9585647512628165,0.0004074214081793981
29,0.33384541617720304,1.0,1.0,0.4859844087552599,0.9584324205737677,0.0016509029651264884
29,0.32791740110862944,1.0,0.9712434236234199,0.2803872758842076,0.9740779929321369,9.717162609479413e-05
29,0.32883168585744893,1.0,0.9712434236234199,0.32750067086546236,0.9716784595140759,0.00030879637098590873
29,0.33457541961866516,1.0,1.0,0.49957418190803643,0.958285173507535,0.003591238421513432
29,0.3382506542293666,1.0,1.0,0.5117798868374276,0.9581573298546371,0.013836543020096959
29,0.3331331829494348,1.0,1.0,0.5117798868374276,0.9588271006408583,0.0006697707862212132
29,0.33438512318192204,1.0,1.0,0.4859844087552599,0.9584324205737677,0.0031951752718040183
29,0.3391106542657164,1.0,1.0,0.5117798868374276,0.9581573298546371,0.01623138346050479
29,0.33336925123878924,1.0,1.0,0.4336361921094212,0.9590533227921505,0.0009051950077116899
29,0.32681426611494524,1.0,0.9706864664866666,0.23399733339348816,0.9773659140197533,0.0006761505620203057
29,0.3332995716400337,1.0,1.0,0.4266402179365062,0.9591434400949385,0.000795001891366609
29,0.3344671808156387,1.0,1.0,0.4859844087552599,0.9584324205737677,0.003429531621990556
29,0.33936072014427987,1.0,1.0,0.5117798868374276,0.9581573298546371,0.016925463607825764
29,0.32423719131376827,1.0,0.9706864664866666,0.11637007038093176,0.9851341316340737,0.0010638322856703075
29,0.3311526489176832,1.0,0.9794018753988969,0.5117798868374276,0.9645615850360668,0.0024457357698328686
29,0.3310849567298608,1.0,0.9794018753988969,0.5117798868374276,0.9647587950948632,0.0026429458286292284
29,0.3331061477088938,1.0,1.0,0.4266402179365062,0.9591434400949385,0.000238520052056157
29,0.32247904240167874,1.0,0.9521481543456738,0.17681277464333064,0.9905210410574833,1.597901030581106e-05
29,0.31674033827356696,1.0,0.9448055477477444,0.025743983535590154,1.0108245174115602,0.0023734763282980964
29,0.3260196719423447,1.0,0.9892247786276593,0.11637007038093176,0.9797480072620707,0.006945369212231989
29,0.3378729878019607,1.0,0.99762560378542,0.5117798868374276,0.9586053026428358,0.013228976390499803
29,0.3302746014976763,1.0,1.0,0.4859844087552599,0.9671259081925367,0.008693487618769091
29,0.337284570916627,1.0,1.0,0.32750067086546236,0.9606494989814229,0.01362389659943608
29,0.32953533302936705,1.0,1.0,0.4446213265458733,0.9692955258783537,0.010380112722734092
29,0.3352876940069958,1.0,0.9799031368219748,0.5117798868374276,0.9620175418611071,0.009351727844790214
29,0.33547067472381037,1.0,1.0,0.5117798868374276,0.9581573298546371,0.006011142399292568
29,0.33438512318192204,1.0,1.0,0.5117798868374276,0.9581573298546371,0.002920084552673452
29,0.33525008402440226,1.0,0.9741190812610778,0.3459285924626589,0.9697397292862391,0.01696704059253018
29,0.33508205226861015,1.0,1.0,0.4266402179365062,0.9591434400949385,0.00589296971704123
29,0.3374996183642831,1.0,1.0,0.5117798868374276,0.9581573298546371,0.011735151675145161
29,0.34019395086219495,1.0,1.0,0.5117798868374276,0.9581573298546371,0.019230805308771304
29,0.3392276506170661,1.0,1.0,0.5117798868374276,0.9581573298546371,0.016556244651638297
29,0.32982099413405974,1.0,0.9994987385769221,0.36416440188447935,0.968456009793019,0.008250375560316492
29,0.3325673550006929,1.0,1.0,0.4995490909999287,0.9604584428690252,0.002173002337834018
29,0.32925861511891164,1.0,0.9794018753988969,0.2677848977346525,0.9709168200056558,0.0008066717623768094
30,0.3333990593239796,1.0,1.0,0.5117798868374276,0.9581573298546371,9.486686178539205e-05
30,0.3331061477088938,1.0,1.0,0.4446213265458733,0.9589154131556196,1.0493112737264276e-05
30,0.3342830823632258,1.0,1.0,0.5117798868374276,0.9581573298546371,0.002628495790301444
30,0.3342830823632258,1.0,1.0,0.5117798868374276,0.9581573298546371,0.002628495790301444
30,0.3332243580980088,1.0,1.0,0.5117798868374276,0.9585647512628165,0.0004074214081793981
30,0.33384541617720304,1.0,1.0,0.4859844087552599,0.9584324205737677,0.0016509029651264884
30,0.32791740110862944,1.0,0.9712434236234199,0.2803872758842076,0.9740779929321369,9.717162609479413e-05
30,0.3331061477088938,1.0,1.0,0.4266402179365062,0.9591434400949385,0.000238520052056157
30,0.32247904240167874,1.0,0.9521481543456738,0.17681277464333064,0.9905210410574833,1.597901030581106e-05
30,0.33438512318192204,1.0,1.0,0.5117798868374276,0.9581573298546371,0.002920084552673452
30,0.3331331829494348,1.0,1.0,0.5117798868374276,0.9588271006408583,0.0006697707862212132
30,0.32883168585744893,1.0,0.9712434236234199,0.32750067086546236,0.9716784595140759,0.00030879637098590873
30,0.33457541961866516,1.0,1.0,0.49957418190803643,0.958285173507535,0.003591238421513432
30,0.33438512318192204,1.0,1.0,0.4859844087552599,0.9584324205737677,0.0031951752718040183
30,0.33547067472381037,1.0,1.0,0.5117798868374276,0.9581573298546371,0.006011142399292568
30,0.33336925123878924,1.0,1.0,0.4336361921094212,0.9590533227921505,0.0009051950077116899
30,0.3332995716400337,1.0,1.0,0.4266402179365062,0.9591434400949385,0.000795001891366609
30,0.32681426611494524,1.0,0.9706864664866666,0.23399733339348816,0.9773659140197533,0.0006761505620203057
30,0.3374996183642831,1.0,1.0,0.5117798868374276,0.9581573298546371,0.011735151675145161
30,0.32925861511891164,1.0,0.9794018753988969,0.2677848977346525,0.9709168200056558,0.0008066717623768094
30,0.33791830699921294,1.0,1.0,0.5117798868374276,0.9581573298546371,0.012907790743432068
30,0.3352075711939149,1.0,1.0,0.5117798868374276,0.9581573298546371,0.005263805394772003
30,0.3383392467717724,1.0,1.0,0.5117798868374276,0.9581573298546371,0.014083808981416146
30,0.32349838368663425,1.0,0.9569333389111064,0.19549914221702464,0.9873839871036962,0.0010213271560033377
30,0.33365499695555706,1.0,0.9994987385769221,0.4276268831126508,0.959267218668242,0.0019396592110307864
30,0.3382952390996047,1.0,1.0,0.5117798868374276,0.9581573298546371,0.013960997682041731
30,0.32791740110862944,1.0,1.0,0.4859844087552599,0.9740779929321369,0.015645572358369275
30,0.3249299845155091,1.0,0.9545589426965264,0.2760345679903206,0.9830336968954448,0.0012024327621219522
30,0.3334773527685951,1.0,1.0,0.5007947524009756,0.9582722050972505,0.0004346749507729841
30,0.33394058154502515,1.0,1.0,0.4034242876625553,0.9594560337990161,0.002947176866578749
30,0.3290499096202058,1.0,0.9741190812610778,0.32674246725348055,0.9707254570938636,0.00014558954315846417
30,0.3321494796766615,1.0,0.9965673852255887,0.4190347529774352,0.9616667900331242,0.001455518762429442
30,0.33457541961866516,1.0,1.0,0.4104202618354703,0.9593595698371475,0.004665634751126024
30,0.3366189379045787,1.0,1.0,0.5117798868374276,0.9581573298546371,0.009259071387844875
30,0.33547067472381037,1.0,1.0,0.5117798868374276,0.9581573298546371,0.006011142399292568
30,0.32692065546514876,1.0,0.9706864664866666,0.3106230354043174,0.977047851142883,0.0043316063094197554
30,0.33449151253212556,1.0,1.0,0.5117798868374276,0.9581573298546371,0.003223910107901129
30,0.3285539692340891,1.0,0.9741190812610778,0.23399733339348816,0.9749980669870782,0.002807334773691772
30,0.3347688186674729,1.0,1.0,0.5117798868374276,0.9581573298546371,0.00401493030030442
30,0.3297459706062684,1.0,0.9712434236234199,0.37461406584671714,0.9695095743619786,0.0008332222672433609
31,0.3333990593239796,1.0,1.0,0.5117798868374276,0.9581573298546371,9.486686178539205e-05
31,0.3331061477088938,1.0,1.0,0.4446213265458733,0.9589154131556196,1.0493112737264276e-05
31,0.3342830823632258,1.0,1.0,0.5117798868374276,0.9581573298546371,0.002628495790301444
31,0.3342830823632258,1.0,1.0,0.5117798868374276,0.9581573298546371,0.002628495790301444
31,0.3332243580980088,1.0,1.0,0.5117798868374276,0.9585647512628165,0.0004074214081793981
31,0.3334773527685951,1.0,1.0,0.5007947524009756,0.9582722050972505,0.0004346749507729841
31,0.32791740110862944,1.0,0.9712434236234199,0.2803872758842076,0.9740779929321369,9.717162609479413e-05
31,0.3331061477088938,1.0,1.0,0.4266402179365062,0.9591434400949385,0.000238520052056157
31,0.32247904240167874,1.0,0.9521481543456738,0.17681277464333064,0.9905210410574833,1.597901030581106e-05
31,0.3290499096202058,1.0,0.9741190812610778,0.32674246725348055,0.9707254570938636,0.00014558954315846417
31,0.33438512318192204,1.0,1.0,0.5117798868374276,0.9581573298546371,0.002920084552673452
31,0.33384541617720304,1.0,1.0,0.4859844087552599,0.9584324205737677,0.0016509029651264884
31,0.3331331829494348,1.0,1.0,0.5117798868374276,0.9588271006408583,0.0006697707862212132
31,0.32883168585744893,1.0,0.9712434236234199,0.32750067086546236,0.9716784595140759,0.00030879637098590873
31,0.33449151253212556,1.0,1.0,0.5117798868374276,0.9581573298546371,0.003223910107901129
31,0.33438512318192204,1.0,1.0,0.4859844087552599,0.9584324205737677,0.0031951752718040183
31,0.33336925123878924,1.0,1.0,0.4336361921094212,0.9590533227921505,0.0009051950077116899
31,0.3332995716400337,1.0,1.0,0.4266402179365062,0.9591434400949385,0.000795001891366609
31,0.32681426611494524,1.0,0.9706864664866666,0.23399733339348816,0.9773659140197533,0.0006761505620203057
31,0.3347688186674729,1.0,1.0,0.5117798868374276,0.9581573298546371,0.00401493030030442
31,0.3281280370670099,1.0,0.9828142576500285,0.35036530215534134,0.973452700888253,0.0070798000391925076
31,0.33197940149965527,1.0,1.0,0.4498561482104571,0.9621594667874792,0.003308278009025445
31,0.34438999186235025,1.0,1.0,0.5117798868374276,0.9581573298546371,0.030670667891254944
31,0.3336737541550763,1.0,1.0,0.500112369150192,0.9582794502170116,0.0010057061521125954
31,0.3295969896958699,1.0,1.0,0.41856283572063835,0.9691142028303014,0.00986441655315995
31,0.3389429226814734,1.0,1.0,0.5117798868374276,0.9581573298546371,0.01576525562543385
31,0.3227846175379883,1.0,0.9569333389111064,0.18451400778057264,0.9895673664385041,0.002381075084723294
31,0.33432241154304204,1.0,1.0,0.505483510081804,0.958222771052535,0.00280634394604784
31,0.33302795671152763,1.0,0.9521481543456738,0.5117798868374276,0.9676166558476793,0.008486596352263676
31,0.3227456152733969,1.0,0.9569333389111064,0.13216579113473398,0.9913572238500918,0.0016702729267463745
31,0.33803943980463397,1.0,1.0,0.5117798868374276,0.9581573298546371,0.013246510770370201
31,0.3331320268315993,1.0,1.0,0.4775788221270247,0.9588304282017638,0.00030422526749707135
31,0.33584156547035554,1.0,1.0,0.5117798868374276,0.9581573298546371,0.0070626567011014
31,0.3333990593239796,1.0,1.0,0.5117798868374276,0.9581573298546371,9.486686178539205e-05
31,0.33507857150471715,1.0,1.0,0.5018932658446208,0.9582605689465562,0.005000196294713266
31,0.32345603878937823,1.0,0.9521481543456738,0.2534384766541599,0.9875132494093666,0.002920709326240556
31,0.3338813611953247,1.0,1.0,0.5117798868374276,0.9581573298546371,0.001478817483433481
31,0.333556838390799,1.0,1.0,0.4336361921094212,0.9590533227921505,0.0014440425361355036
31,0.33304979544188146,1.0,1.0,0.4859844087552599,0.9590671674505402,0.0006347468767725628
31,0.3401133430003128,1.0,1.0,0.5117798868374276,0.9581573298546371,0.01900827696360885
32,0.3333990593239796,1.0,1.0,0.5117798868374276,0.9581573298546371,9.486686178539205e-05
32,0.3331061477088938,1.0,1.0,0.4446213265458733,0.9589154131556196,1.0493112737264276e-05
32,0.3333990593239796,1.0,1.0,0.5117798868374276,0.9581573298546371,9.486686178539205e-05
32,0.32247904240167874,1.0,0.9521481543456738,0.17681277464333064,0.9905210410574833,1.597901030581106e-05
32,0.3332243580980088,1.0,1.0,0.5117798868374276,0.9585647512628165,0.0004074214081793981
32,0.3334773527685951,1.0,1.0,0.5007947524009756,0.9582722050972505,0.0004346749507729841
32,0.32791740110862944,1.0,0.9712434236234199,0.2803872758842076,0.9740779929321369,9.717162609479413e-05
32,0.3331061477088938,1.0,1.0,0.4266402179365062,0.9591434400949385,0.000238520052056157
32,0.3290499096202058,1.0,0.9741190812610778,0.32674246725348055,0.9707254570938636,0.00014558954315846417
32,0.3331320268315993,1.0,1.0,0.4775788221270247,0.9588304282017638,0.00030422526749707135
32,0.3338813611953247,1.0,1.0,0.5117798868374276,0.9581573298546371,0.001478817483433481
32,0.3331331829494348,1.0,1.0,0.5117798868374276,0.9588271006408583,0.0006697707862212132
32,0.3336737541550763,1.0,1.0,0.500112369150192,0.9582794502170116,0.0010057061521125954
32,0.32883168585744893,1.0,0.9712434236234199,0.32750067086546236,0.9716784595140759,0.00030879637098590873
32,0.33304979544188146,1.0,1.0,0.4859844087552599,0.9590671674505402,0.0006347468767725628
32,0.3342830823632258,1.0,1.0,0.5117798868374276,0.9581573298546371,0.002628495790301444
32,0.3342830823632258,1.0,1.0,0.5117798868374276,0.9581573298546371,0.002628495790301444
32,0.32681426611494524,1.0,0.9706864664866666,0.23399733339348816,0.9773659140197533,0.0006761505620203057
32,0.33438512318192204,1.0,1.0,0.5117798868374276,0.9581573298546371,0.002920084552673452
32,0.3332995716400337,1.0,1.0,0.4266402179365062,0.9591434400949385,0.000795001891366609
32,0.33442735835532417,1.0,1.0,0.4574211761758688,0.9587600244474406,0.003643417034593588
32,0.33726936620071496,1.0,1.0,0.5117798868374276,0.9581573298546371,0.011089033837692663
32,0.3377523378493616,1.0,1.0,0.5117798868374276,0.9581573298546371,0.012443301695219677
32,0.3290720151005912,1.0,0.9712434236234199,0.358281629104825,0.9706602484115646,0.00041204795891813806
32,0.32336767139437433,1.0,0.9569333389111064,0.21977662758201527,0.9877831093268282,0.003188343709843
32,0.3341215027283448,1.0,1.0,0.43515418482659834,0.959034007334298,0.0030430838851022157
32,0.33329836634875487,1.0,1.0,0.5042148588720159,0.9583519038341534,0.00011581694599838155
32,0.3381794880229108,1.0,1.0,0.5117798868374276,0.9581573298546371,0.013637820950137769
32,0.3272197089708416,1.0,0.9712434236234199,0.2199445716218087,0.9771914182995918,0.0010365133216571065
32,0.3334811169576963,1.0,1.0,0.5117798868374276,0.9581573298546371,0.0003306113595471505
32,0.33931283982065397,1.0,1.0,0.5117798868374276,0.9581573298546371,0.01679264668803604
32,0.33322036836713864,1.0,1.0,0.500112369150192,0.9585762283984622,0.00029677818145068535
32,0.3277363658894259,1.0,0.9736178198379999,0.3384012907487114,0.9746160547427486,0.004358102249493068
32,0.3339307385565327,1.0,1.0,0.5007947524009756,0.9582722050972505,0.0017351539779461023
32,0.3339913073597667,1.0,1.0,0.5032659199473355,0.9582460758578774,0.0018824912419971307
32,0.3333956248910776,1.0,1.0,0.5117798868374276,0.9581573298546371,8.499750241308668e-05
32,0.33541086907851625,1.0,1.0,0.5117798868374276,0.9581573298546371,0.005841369376904271
32,0.3332249777859537,1.0,1.0,0.23399733339348816,0.9626170579768563,0.004054089326564592
32,0.3323105269735722,1.0,1.0,0.4446213265458733,0.9612007384818595,0.0022853253262399287
32,0.3350831561613612,1.0,1.0,0.5117798868374276,0.9581573298546371,0.004909999850290947
33,0.3331061477088938,1.0,1.0,0.4446213265458733,0.9589154131556196,1.0493112737264276e-05
33,0.3333956248910776,1.0,1.0,0.5117798868374276,0.9581573298546371,8.499750241308668e-05
33,0.32247904240167874,1.0,0.9521481543456738,0.17681277464333064,0.9905210410574833,1.597901030581106e-05
33,0.3333990593239796,1.0,1.0,0.5117798868374276,0.9581573298546371,9.486686178539205e-05
33,0.3333990593239796,1.0,1.0,0.5117798868374276,0.9581573298546371,9.486686178539205e-05
33,0.32791740110862944,1.0,0.9712434236234199,0.2803872758842076,0.9740779929321369,9.717162609479413e-05
33,0.33329836634875487,1.0,1.0,0.5042148588720159,0.9583519038341534,0.00011581694599838155
33,0.3334811169576963,1.0,1.0,0.5117798868374276,0.9581573298546371,0.0003306113595471505
33,0.3331061477088938,1.0,1.0,0.4266402179365062,0.9591434400949385,0.000238520052056157
33,0.3290499096202058,1.0,0.9741190812610778,0.32674246725348055,0.9707254570938636,0.00014558954315846417
33,0.33322036836713864,1.0,1.0,0.500112369150192,0.9585762283984622,0.00029677818145068535
33,0.3332243580980088,1.0,1.0,0.5117798868374276,0.9585647512628165,0.0004074214081793981
33,0.3334773527685951,1.0,1.0,0.5007947524009756,0.9582722050972505,0.0004346749507729841
33,0.3338813611953247,1.0,1.0,0.5117798868374276,0.9581573298546371,0.001478817483433481
33,0.3331320268315993,1.0,1.0,0.4775788221270247,0.9588304282017638,0.00030422526749707135
33,0.3342830823632258,1.0,1.0,0.5117798868374276,0.9581573298546371,0.002628495790301444
33,0.3342830823632258,1.0,1.0,0.5117798868374276,0.9581573298546371,0.002628495790301444
33,0.3336737541550763,1.0,1.0,0.500112369150192,0.9582794502170116,0.0010057061521125954
33,0.3331331829494348,1.0,1.0,0.5117798868374276,0.9588271006408583,0.0006697707862212132
33,0.3339913073597667,1.0,1.0,0.5032659199473355,0.9582460758578774,0.0018824912419971307
33,0.3331071882149457,1.0,1.0,0.4574211761758688,0.9589019247716758,0.00014190032423522236
33,0.3333956248910776,1.0,1.0,0.5117798868374276,0.9581573298546371,8.499750241308668e-05
33,0.3329833617722112,1.0,1.0,0.4843873472958952,0.9592585113989691,0.0008084345835995821
33,0.3284221713628813,1.0,0.97670717313497,0.31104514450147236,0.9725808784327838,0.0023553406719265535
33,0.33339564728517657,1.0,1.0,0.5117798868374276,0.9581573298546371,8.506185588241788e-05
33,0.33263884468266436,1.0,1.0,0.500112369150192,0.9602520241974879,0.0019725739804763442
33,0.33406515923011165,1.0,1.0,0.5042148588720159,0.958236086888155,0.0020839258143318107
33,0.3276781123715391,1.0,0.9712434236234199,0.2803872758842076,0.9747893187218211,0.0008084974157789304
33,0.3331061477088938,1.0,1.0,0.500112369150192,0.9589049200428823,0.0006254698258707503
33,0.3329125452389023,1.0,1.0,0.5117798868374276,0.9594625630728751,0.0013052332182380555
33,0.33404583674337196,1.0,1.0,0.5117798868374276,0.9581573298546371,0.0019498612889491396
33,0.33802654966785495,1.0,1.0,0.5117798868374276,0.9581573298546371,0.013210478009991089
33,0.33687497237782804,1.0,1.0,0.5007947524009756,0.9582722050972505,0.010095136047819087
33,0.3338813611953247,1.0,1.0,0.4699162519259418,0.9586135704211642,0.0019350580499606362
33,0.32384573892500546,1.0,0.9569333389111064,0.19864196817550472,0.9863249242292433,0.0001950675485682396
33,0.33892479975358186,1.0,1.0,0.5117798868374276,0.9581573298546371,0.015714864200643386
33,0.3283545637824518,1.0,0.9712434236234199,0.5117798868374276,0.9727811309860152,0.009050979820948934
33,0.33330502360747427,1.0,1.0,0.5117798868374276,0.958332762218825,0.00017543236418793295
33,0.3335544529208698,1.0,1.0,0.5117798868374276,0.9581573298546371,0.000541201097230104
33,0.32791740110862944,1.0,1.0,0.29657027363263794,0.9740779929321369,0.012849875439201797
34,0.3331061477088938,1.0,1.0,0.4446213265458733,0.9589154131556196,1.0493112737264276e-05
34,0.3333956248910776,1.0,1.0,0.5117798868374276,0.9581573298546371,8.499750241308668e-05
34,0.3333956248910776,1.0,1.0,0.5117798868374276,0.9581573298546371,8.499750241308668e-05
34,0.32247904240167874,1.0,0.9521481543456738,0.17681277464333064,0.9905210410574833,1.597901030581106e-05
34,0.33339564728517657,1.0,1.0,0.5117798868374276,0.9581573298546371,8.506185588241788e-05
34,0.3333990593239796,1.0,1.0,0.5117798868374276,0.9581573298546371,9.486686178539205e-05
34,0.3333990593239796,1.0,1.0,0.5117798868374276,0.9581573298546371,9.486686178539205e-05
34,0.32791740110862944,1.0,0.9712434236234199,0.2803872758842076,0.9740779929321369,9.717162609479413e-05
34,0.33329836634875487,1.0,1.0,0.5042148588720159,0.9583519038341534,0.00011581694599838155
34,0.3334811169576963,1.0,1.0,0.5117798868374276,0.9581573298546371,0.0003306113595471505
34,0.33330502360747427,1.0,1.0,0.5117798868374276,0.958332762218825,0.00017543236418793295
34,0.3331071882149457,1.0,1.0,0.4574211761758688,0.9589019247716758,0.00014190032423522236
34,0.3334773527685951,1.0,1.0,0.5007947524009756,0.9582722050972505,0.0004346749507729841
34,0.3335544529208698,1.0,1.0,0.5117798868374276,0.9581573298546371,0.000541201097230104
34,0.33322036836713864,1.0,1.0,0.500112369150192,0.9585762283984622,0.00029677818145068535
34,0.3332243580980088,1.0,1.0,0.5117798868374276,0.9585647512628165,0.0004074214081793981
34,0.3290499096202058,1.0,0.9741190812610778,0.32674246725348055,0.9707254570938636,0.00014558954315846417
34,0.3338813611953247,1.0,1.0,0.5117798868374276,0.9581573298546371,0.001478817483433481
34,0.3331061477088938,1.0,1.0,0.4266402179365062,0.9591434400949385,0.000238520052056157
34,0.3336737541550763,1.0,1.0,0.500112369150192,0.9582794502170116,0.0010057061521125954
34,0.3331061477088938,1.0,0.9521481543456738,0.17681277464333064,0.9905210410574833,0.031616121014600984
34,0.3331363753258491,1.0,1.0,0.4628570472420247,0.9588179124007289,0.00012222114739635082
34,0.3235741350835206,1.0,0.9569333389111064,0.21030948586274034,0.9871528322988294,0.001876787573596994
34,0.33675780249476495,1.0,1.0,0.5117798868374276,0.9581573298546371,0.009650356657029402
34,0.33800067054514943,1.0,1.0,0.5117798868374276,0.9581573298546371,0.013138127871107352
34,0.329046818630594,1.0,0.9741190812610778,0.32674246725348055,0.9707345758639742,0.00015470831326902523
34,0.3340069022533607,1.0,1.0,0.5117798868374276,0.9581573298546371,0.001838398173154454
34,0.3334068857444479,1.0,1.0,0.5117798868374276,0.9581573298546371,0.00011735649822763872
34,0.3332314685177085,1.0,1.0,0.5117798868374276,0.9585442976192855,0.000386967764648416
34,0.3334811169576963,1.0,0.9569333389111064,0.2208102517812524,0.9845209801180581,0.026694261622968174
34,0.3429341629389646,1.0,1.0,0.5117798868374276,0.9581573298546371,0.026733288503236308
34,0.33316438559247774,1.0,1.0,0.5012791209189156,0.9587373013076605,0.00047023107535193454
34,0.3329598187484841,1.0,1.0,0.4396696648877931,0.9593263389401762,0.0003492950821429863
34,0.3236522418058616,1.0,0.9569333389111064,0.21030948586274034,0.986914603539739,0.0016385588145065855
34,0.33314779250410054,1.0,1.0,0.5117798868374276,0.9587850531255664,0.0006277232709293035
34,0.3291929534815493,1.0,0.97670717313497,0.2908874985503165,0.9710980547816682,0.0007944059792542868
34,0.33337441374452154,1.0,1.0,0.5117798868374276,0.9581573298546371,2.4039577167345172e-05
34,0.33365924534465485,1.0,1.0,0.5117798868374276,0.9581573298546371,0.0008419597792912459
34,0.3334802794300314,1.0,1.0,0.5117798868374276,0.9581573298546371,0.0003282058008919897
34,0.3331823374251959,1.0,1.0,0.45512209246438534,0.958787527020246,0.00010188238723107812
35,0.3331061477088938,1.0,1.0,0.4446213265458733,0.9589154131556196,1.0493112737264276e-05
35,0.33337441374452154,1.0,1.0,0.5117798868374276,0.9581573298546371,2.4039577167345172e-05
35,0.32247904240167874,1.0,0.9521481543456738,0.17681277464333064,0.9905210410574833,1.597901030581106e-05
35,0.3333956248910776,1.0,1.0,0.5117798868374276,0.9581573298546371,8.499750241308668e-05
35,0.3333956248910776,1.0,1.0,0.5117798868374276,0.9581573298546371,8.499750241308668e-05
35,0.33339564728517657,1.0,1.0,0.5117798868374276,0.9581573298546371,8.506185588241788e-05
35,0.3333990593239796,1.0,1.0,0.5117798868374276,0.9581573298546371,9.486686178539205e-05
35,0.3333990593239796,1.0,1.0,0.5117798868374276,0.9581573298546371,9.486686178539205e-05
35,0.32791740110862944,1.0,0.9712434236234199,0.2803872758842076,0.9740779929321369,9.717162609479413e-05
35,0.33329836634875487,1.0,1.0,0.5042148588720159,0.9583519038341534,0.00011581694599838155
35,0.3334068857444479,1.0,1.0,0.5117798868374276,0.9581573298546371,0.00011735649822763872
35,0.3331823374251959,1.0,1.0,0.45512209246438534,0.958787527020246,0.00010188238723107812
35,0.33330502360747427,1.0,1.0,0.5117798868374276,0.958332762218825,0.00017543236418793295
35,0.3334802794300314,1.0,1.0,0.5117798868374276,0.9581573298546371,0.0003282058008919897
35,0.3331363753258491,1.0,1.0,0.4628570472420247,0.9588179124007289,0.00012222114739635082
35,0.33322036836713864,1.0,1.0,0.500112369150192,0.9585762283984622,0.00029677818145068535
35,0.3334811169576963,1.0,1.0,0.5117798868374276,0.9581573298546371,0.0003306113595471505
35,0.3331071882149457,1.0,1.0,0.4574211761758688,0.9589019247716758,0.00014190032423522236
35,0.3335544529208698,1.0,1.0,0.5117798868374276,0.9581573298546371,0.000541201097230104
35,0.3290499096202058,1.0,0.9741190812610778,0.32674246725348055,0.9707254570938636,0.00014558954315846417
35,0.3331061477088938,1.0,0.9569333389111064,0.15595077520118156,0.9894071214724094,0.030502201429527087
35,0.3336637726954296,1.0,1.0,0.5117798868374276,0.9581573298546371,0.0008549492100417
35,0.3286229543584193,1.0,0.9521481543456738,0.31402730289804165,0.9802916879572916,0.008305039778330858
35,0.3333956248910776,1.0,1.0,0.46078787190168957,0.9587200659061523,0.0006477335539283313
35,0.32939078887407786,1.0,0.97670717313497,0.3452462092118752,0.9697208747567094,0.000916627298757744
35,0.33339564728517657,1.0,1.0,0.4628570472420247,0.9586956912533325,0.0006234232545778706
35,0.3333990593239796,1.0,0.9521481543456738,0.17681277464333064,0.9905210410574833,0.032458578064631594
35,0.33330905663726806,1.0,1.0,0.46966557241089524,0.9586164595109833,0.0002952930903936668
35,0.33329810642818736,1.0,1.0,0.4956133414816113,0.9583526511992454,2.510657346566081e-05
35,0.33355681035021373,1.0,1.0,0.5117798868374276,0.9581573298546371,0.0005479690968190898
35,0.33156895184389534,1.0,0.9945362504884498,0.397998113914357,0.9633505252944408,0.0021591412654704545
35,0.34304529260759764,1.0,1.0,0.5117798868374276,0.9581573298546371,0.02703502371721833
35,0.33340215031359144,1.0,1.0,0.5117798868374276,0.9581573298546371,0.00010374911137167597
35,0.3331283287304061,1.0,1.0,0.4446213265458733,0.9589154131556196,7.434085176616367e-05
35,0.3284729351658712,1.0,0.9741190812610778,0.3035265369795296,0.9724305710598817,0.0008043391577946535
35,0.3331735409810532,1.0,1.0,0.467749331201565,0.9587109558407215,7.234608316908364e-05
35,0.3332118360355425,1.0,1.0,0.46078787190168957,0.9587200659061523,0.0001192918903625273
35,0.3332405753087798,1.0,1.0,0.5117798868374276,0.9585181025420002,0.00036077268736312007
35,0.3286229767525183,1.0,0.9741190812610778,0.31402730289804165,0.9719865819426758,0.0008378868918782478
35,0.3382252613165545,1.0,1.0,0.5117798868374276,0.9581573298546371,0.013765646318760871
36,0.3331061477088938,1.0,1.0,0.4446213265458733,0.9589154131556196,1.0493112737264276e-05
36,0.33337441374452154,1.0,1.0,0.5117798868374276,0.9581573298546371,2.4039577167345172e-05
36,0.32247904240167874,1.0,0.9521481543456738,0.17681277464333064,0.9905210410574833,1.597901030581106e-05
36,0.3333956248910776,1.0,1.0,0.5117798868374276,0.9581573298546371,8.499750241308668e-05
36,0.3333956248910776,1.0,1.0,0.5117798868374276,0.9581573298546371,8.499750241308668e-05
36,0.33329810642818736,1.0,1.0,0.4956133414816113,0.9583526511992454,2.510657346566081e-05
36,0.33339564728517657,1.0,1.0,0.5117798868374276,0.9581573298546371,8.506185588241788e-05
36,0.3331735409810532,1.0,1.0,0.467749331201565,0.9587109558407215,7.234608316908364e-05
36,0.3333990593239796,1.0,1.0,0.5117798868374276,0.9581573298546371,9.486686178539205e-05
36,0.3333990593239796,1.0,1.0,0.5117798868374276,0.9581573298546371,9.486686178539205e-05
36,0.3331283287304061,1.0,1.0,0.4446213265458733,0.9589154131556196,7.434085176616367e-05
36,0.3331823374251959,1.0,1.0,0.45512209246438534,0.958787527020246,0.00010188238723107812
36,0.33340215031359144,1.0,1.0,0.5117798868374276,0.9581573298546371,0.00010374911137167597
36,0.32791740110862944,1.0,0.9712434236234199,0.2803872758842076,0.9740779929321369,9.717162609479413e-05
36,0.33329836634875487,1.0,1.0,0.5042148588720159,0.9583519038341534,0.00011581694599838155
36,0.3334068857444479,1.0,1.0,0.5117798868374276,0.9581573298546371,0.00011735649822763872
36,0.33330502360747427,1.0,1.0,0.5117798868374276,0.958332762218825,0.00017543236418793295
36,0.3334802794300314,1.0,1.0,0.5117798868374276,0.9581573298546371,0.0003282058008919897
36,0.3332118360355425,1.0,1.0,0.46078787190168957,0.9587200659061523,0.0001192918903625273
36,0.3334811169576963,1.0,1.0,0.5117798868374276,0.9581573298546371,0.0003306113595471505
36,0.3333148493053607,1.0,1.0,0.46588707339526336,0.9586602476083785,0.0003557358206027761
36,0.33337441374452154,1.0,1.0,0.4405722016441507,0.9589657458449974,0.0008324555675276457
36,0.33339255629556475,1.0,1.0,0.5117798868374276,0.9581573298546371,7.617925978675721e-05
36,0.31763640761407663,1.0,0.9262672356067516,0.0,1.0291614117949257,0.023555265172165107
36,0.33312922254684973,1.0,1.0,0.4513371825750287,0.958838499644787,5.310433051297636e-06
36,0.3332022546398804,1.0,1.0,0.47215238676515126,0.9586283390551686,4.0452964199966246e-05
36,0.333456278836021,1.0,1.0,0.5117798868374276,0.9581573298546371,0.0002592658248656843
36,0.33340711967295866,1.0,1.0,0.5117798868374276,0.9581573298546371,0.00011802868802313071
36,0.3334998393878689,1.0,1.0,0.5117798868374276,0.9581573298546371,0.0003843830310227281
36,0.3333990593239796,1.0,1.0,0.4092292790222211,0.9593758501033125,0.0013133871104608064
36,0.33319263101295366,1.0,1.0,0.467749331201565,0.9586560271869281,1.7417429375665705e-05
36,0.3332367989477054,1.0,1.0,0.46078787190168957,0.9587200659061523,0.00019110108708031426
36,0.3333893994297194,1.0,1.0,0.4972299960171929,0.9583101970815755,0.00021997441167564968
36,0.3336561745097321,1.0,1.0,0.5117798868374276,0.9581573298546371,0.0008331490403141739
36,0.32256680901827994,1.0,0.9521481543456738,0.1913626654635653,0.9902355573265359,0.0008933067345694434
36,0.3334687229865242,1.0,1.0,0.5117798868374276,0.9581573298546371,0.00029501198880266255
36,0.31809247686817044,1.0,0.9281767625345263,0.0,1.027606675158633,0.02344232951235603
36,0.3226740921105841,1.0,0.9521481543456738,0.22780478957906866,0.9899063225507426,0.0034017699908436283
36,0.33329143278838524,1.0,1.0,0.47533776272192424,0.9585515674730624,0.0001797267605289088
36,0.33315418545901265,1.0,1.0,0.4513371825750287,0.9588331892117357,6.653438300652237e-05
37,0.33337441374452154,1.0,1.0,0.5117798868374276,0.9581573298546371,2.4039577167345172e-05
37,0.33312922254684973,1.0,1.0,0.4513371825750287,0.958838499644787,5.310433051297636e-06
37,0.33319263101295366,1.0,1.0,0.467749331201565,0.9586560271869281,1.7417429375665705e-05
37,0.33329810642818736,1.0,1.0,0.4956133414816113,0.9583526511992454,2.510657346566081e-05
37,0.33339255629556475,1.0,1.0,0.5117798868374276,0.9581573298546371,7.617925978675721e-05
37,0.3331061477088938,1.0,1.0,0.4446213265458733,0.9589154131556196,1.0493112737264276e-05
37,0.3332022546398804,1.0,1.0,0.47215238676515126,0.9586283390551686,4.0452964199966246e-05
37,0.3333956248910776,1.0,1.0,0.5117798868374276,0.9581573298546371,8.499750241308668e-05
37,0.3333956248910776,1.0,1.0,0.5117798868374276,0.9581573298546371,8.499750241308668e-05
37,0.32247904240167874,1.0,0.9521481543456738,0.17681277464333064,0.9905210410574833,1.597901030581106e-05
37,0.3331735409810532,1.0,1.0,0.467749331201565,0.9587109558407215,7.234608316908364e-05
37,0.33315418545901265,1.0,1.0,0.4513371825750287,0.9588331892117357,6.653438300652237e-05
37,0.33339564728517657,1.0,1.0,0.5117798868374276,0.9581573298546371,8.506185588241788e-05
37,0.3331283287304061,1.0,1.0,0.4446213265458733,0.9589154131556196,7.434085176616367e-05
37,0.3333990593239796,1.0,1.0,0.5117798868374276,0.9581573298546371,9.486686178539205e-05
37,0.3333990593239796,1.0,1.0,0.5117798868374276,0.9581573298546371,9.486686178539205e-05
37,0.3331823374251959,1.0,1.0,0.45512209246438534,0.958787527020246,0.00010188238723107812
37,0.33340215031359144,1.0,1.0,0.5117798868374276,0.9581573298546371,0.00010374911137167597
37,0.32791740110862944,1.0,0.9712434236234199,0.2803872758842076,0.9740779929321369,9.717162609479413e-05
37,0.33329836634875487,1.0,1.0,0.5042148588720159,0.9583519038341534,0.00011581694599838155
37,0.33329558445810425,1.0,1.0,0.5042148588720159,0.9583599028305926,0.00012381594243759952
37,0.3380286323133687,1.0,1.0,0.5117798868374276,0.9581573298546371,0.013216299970404521
37,0.33315929721417453,1.0,1.0,0.4573814530012686,0.9587604981419865,8.553934942368002e-06
37,0.32242117034738593,1.0,0.9521481543456738,0.1559975704532081,0.9922604011971761,0.001577551312777592
37,0.3330544488939712,1.0,1.0,0.4351706372192124,0.959053767319973,1.9968871751707695e-05
37,0.33348991693019264,1.0,1.0,0.5117798868374276,0.9581573298546371,0.0003558860330105107
37,0.333103056719282,1.0,1.0,0.4446213265458733,0.9589154131556196,1.595070291071643e-06
37,0.3336420643159444,1.0,1.0,0.5117798868374276,0.9581573298546371,0.0007926624497034407
37,0.3329650419363374,1.0,1.0,0.40072365862822634,0.9594938145495496,0.00018252446145927692
37,0.333205036530531,1.0,1.0,0.47215238676515126,0.9586203355770893,3.2449486120578186e-05
37,0.333339970938936,1.0,1.0,0.49096468264730503,0.9583778419877167,0.000145551285995138
37,0.3328913283565626,1.0,1.0,0.4513371825750287,0.9595237145734246,0.0006905253616888984
37,0.3225361100211723,1.0,0.9521481543456738,0.1915837084072133,0.99032980797777,0.0010052484849399912
37,0.32347342195360684,1.0,0.9569333389111064,0.20274445789732864,0.9874601813556276,0.0016323880539901303
37,0.3333765572532761,1.0,1.0,0.5117798868374276,0.9581573298546371,3.020007959286808e-05
37,0.33772323531718795,1.0,1.0,0.5117798868374276,0.9581573298546371,0.012361806938650077
37,0.3235734623865802,1.0,0.9569333389111064,0.21030948586274034,0.9871548845520738,0.0018788398268413387
37,0.3430206462430244,1.0,1.0,0.5117798868374276,0.9581573298546371,0.02696812168084295
37,0.32376268176401113,1.0,0.9569333389111064,0.2613015007984783,0.9865779532297602,0.004863795365243173
37,0.33318984912230304,1.0,1.0,0.467749331201565,0.9586640312609964,2.5421503443978644e-05
38,0.33337441374452154,1.0,1.0,0.5117798868374276,0.9581573298546371,2.4039577167345172e-05
38,0.33312922254684973,1.0,1.0,0.4513371825750287,0.958838499644787,5.310433051297636e-06
38,0.33319263101295366,1.0,1.0,0.467749331201565,0.9586560271869281,1.7417429375665705e-05
38,0.33315929721417453,1.0,1.0,0.4573814530012686,0.9587604981419865,8.553934942368002e-06
38,0.333103056719282,1.0,1.0,0.4446213265458733,0.9589154131556196,1.595070291071643e-06
38,0.33329810642818736,1.0,1.0,0.4956133414816113,0.9583526511992454,2.510657346566081e-05
38,0.3333765572532761,1.0,1.0,0.5117798868374276,0.9581573298546371,3.020007959286808e-05
38,0.3331061477088938,1.0,1.0,0.4446213265458733,0.9589154131556196,1.0493112737264276e-05
38,0.33318984912230304,1.0,1.0,0.467749331201565,0.9586640312609964,2.5421503443978644e-05
38,0.33339255629556475,1.0,1.0,0.5117798868374276,0.9581573298546371,7.617925978675721e-05
38,0.333205036530531,1.0,1.0,0.47215238676515126,0.9586203355770893,3.2449486120578186e-05
38,0.32247904240167874,1.0,0.9521481543456738,0.17681277464333064,0.9905210410574833,1.597901030581106e-05
38,0.3330544488939712,1.0,1.0,0.4351706372192124,0.959053767319973,1.9968871751707695e-05
38,0.3333956248910776,1.0,1.0,0.5117798868374276,0.9581573298546371,8.499750241308668e-05
38,0.3333956248910776,1.0,1.0,0.5117798868374276,0.9581573298546371,8.499750241308668e-05
38,0.3332022546398804,1.0,1.0,0.47215238676515126,0.9586283390551686,4.0452964199966246e-05
38,0.33339564728517657,1.0,1.0,0.5117798868374276,0.9581573298546371,8.506185588241788e-05
38,0.3331735409810532,1.0,1.0,0.467749331201565,0.9587109558407215,7.234608316908364e-05
38,0.33315418545901265,1.0,1.0,0.4513371825750287,0.9588331892117357,6.653438300652237e-05
38,0.3333990593239796,1.0,1.0,0.5117798868374276,0.9581573298546371,9.486686178539205e-05
38,0.3334239932797066,1.0,1.0,0.5117798868374276,0.9581573298546371,0.00016651223658081804
38,0.33328162937956574,1.0,1.0,0.4513371825750287,0.9588331892117357,0.0004331581937691009
38,0.33328018093497125,1.0,1.0,0.480286076610922,0.9584957660220133,9.15697718500974e-05
38,0.33330915104728864,1.0,1.0,0.4870019326400774,0.9584212106225602,0.00010031564702550622
38,0.3332900414111707,1.0,1.0,0.4867022775853859,0.9584245087270886,4.866712472173518e-05
38,0.33306811756137633,1.0,1.0,0.43913338722644,0.9590144090438769,3.063827849170142e-05
38,0.33349022300537573,1.0,1.0,0.5117798868374276,0.9581573298546371,0.0003567650970165426
38,0.3333713429095988,1.0,1.0,0.5117798868374276,0.9581573298546371,1.521377608337815e-05
38,0.3335561607539758,1.0,1.0,0.5117798868374276,0.9581573298546371,0.0005461041651839693
38,0.3223841145279684,1.0,0.9521481543456738,0.5117798868374276,0.9907967220108996,0.023180066163220325
38,0.33360834219438934,1.0,1.0,0.5117798868374276,0.9581573298546371,0.0006958891874474515
38,0.33288834073397455,1.0,1.0,0.39554313714693606,0.9595671538087329,3.482765489526418e-05
38,0.33296561808843866,1.0,1.0,0.41170968250275236,0.9593420086693716,3.237854009929819e-05
38,0.32243529535889903,1.0,0.9521481543456738,0.16830715424933584,0.991223865118325,0.0005844143494032616
38,0.3334226085687906,1.0,1.0,0.5117798868374276,0.9581573298546371,0.00016253368112439937
38,0.33311206167282836,1.0,1.0,0.4513371825750287,0.9588878959547471,5.4706743011445624e-05
38,0.33329725986472547,1.0,1.0,0.49096468264730503,0.9583778419877167,2.275660603612284e-05
38,0.3332712833780923,1.0,1.0,0.48245906225331026,0.9584714957551586,4.171237448380438e-05
38,0.33350773379349835,1.0,1.0,0.5117798868374276,0.9581573298546371,0.00040705431373766476
38,0.33328351598865685,1.0,1.0,0.4867022775853859,0.9584245087270886,2.990289854576389e-05
39,0.33312922254684973,1.0,1.0,0.4513371825750287,0.958838499644787,5.310433051297636e-06
39,0.33315929721417453,1.0,1.0,0.4573814530012686,0.9587604981419865,8.553934942368002e-06
39,0.333103056719282,1.0,1.0,0.4446213265458733,0.9589154131556196,1.595070291071643e-06
39,0.3333713429095988,1.0,1.0,0.5117798868374276,0.9581573298546371,1.521377608337815e-05
39,0.3331061477088938,1.0,1.0,0.4446213265458733,0.9589154131556196,1.0493112737264276e-05
39,0.33337441374452154,1.0,1.0,0.5117798868374276,0.9581573298546371,2.4039577167345172e-05
39,0.33319263101295366,1.0,1.0,0.467749331201565,0.9586560271869281,1.7417429375665705e-05
39,0.33329725986472547,1.0,1.0,0.49096468264730503,0.9583778419877167,2.275660603612284e-05
39,0.32247904240167874,1.0,0.9521481543456738,0.17681277464333064,0.9905210410574833,1.597901030581106e-05
39,0.33329810642818736,1.0,1.0,0.4956133414816113,0.9583526511992454,2.510657346566081e-05
39,0.3333765572532761,1.0,1.0,0.5117798868374276,0.9581573298546371,3.020007959286808e-05
39,0.3330544488939712,1.0,1.0,0.4351706372192124,0.959053767319973,1.9968871751707695e-05
39,0.33318984912230304,1.0,1.0,0.467749331201565,0.9586640312609964,2.5421503443978644e-05
39,0.33328351598865685,1.0,1.0,0.4867022775853859,0.9584245087270886,2.990289854576389e-05
39,0.33339255629556475,1.0,1.0,0.5117798868374276,0.9581573298546371,7.617925978675721e-05
39,0.33306811756137633,1.0,1.0,0.43913338722644,0.9590144090438769,3.063827849170142e-05
39,0.3333956248910776,1.0,1.0,0.5117798868374276,0.9581573298546371,8.499750241308668e-05
39,0.3333956248910776,1.0,1.0,0.5117798868374276,0.9581573298546371,8.499750241308668e-05
39,0.3332900414111707,1.0,1.0,0.4867022775853859,0.9584245087270886,4.866712472173518e-05
39,0.333205036530531,1.0,1.0,0.47215238676515126,0.9586203355770893,3.2449486120578186e-05
39,0.33329347865170394,1.0,1.0,0.4892100385105901,0.9583969885386162,3.1030622819838705e-05
39,0.3333705810024831,1.0,1.0,0.5075960938865519,0.9582006946426975,5.638876295721573e-05
39,0.3330474145665715,1.0,1.0,0.4287673342481912,0.9591158473639416,4.182377450689945e-05
39,0.3332242700728649,1.0,1.0,0.4739070309018662,0.95856784135631,2.8368772441167422e-06
39,0.3427215122773434,1.0,1.0,0.5117798868374276,0.9581573298546371,0.02615536172896038
39,0.3331899106167845,1.0,1.0,0.4657361857906873,0.9586638543272256,1.8486893943459037e-06
39,0.33322685710254724,1.0,1.0,0.4761151367723789,0.9585575625935795,1.4810949430787979e-05
39,0.3333135164075581,1.0,1.0,0.49603336796565267,0.9583230304118816,1.4686430356403157e-05
39,0.3334525269072405,1.0,1.0,0.5117798868374276,0.9581573298546371,0.000248487782972151
39,0.3330400497559114,1.0,1.0,0.4351706372192124,0.9590952324457771,6.143399755575984e-05
39,0.3335589692996438,1.0,1.0,0.5117798868374276,0.9581573298546371,0.000554167191812005
39,0.33321099718232294,1.0,1.0,0.4641324292585484,0.9586807365046315,7.754922712477352e-05
39,0.33351516819119964,1.0,1.0,0.5117798868374276,0.9581573298546371,0.0004284035569045441
39,0.33299431508711164,1.0,1.0,0.4187907407490219,0.9592467511890532,1.9793063034012626e-05
39,0.3329375231029918,1.0,1.0,0.40499382647359694,0.9594342166895169,4.363506590610022e-05
39,0.33339905290376404,1.0,1.0,0.5117798868374276,0.9581573298546371,9.484841252027643e-05
39,0.33324167658179765,1.0,1.0,0.47790490113721823,0.9585225251311622,7.590230529985753e-06
39,0.3332869414623677,1.0,1.0,0.4916505914743836,0.9583847555910789,1.4373969441150436e-05
39,0.33294530700191316,1.0,1.0,0.40499382647359694,0.9594342166895169,6.606457349778161e-05
39,0.33303245097670214,1.0,1.0,0.4300714357256386,0.9591171160576256,1.810168421878533e-05
40,0.333103056719282,1.0,1.0,0.4446213265458733,0.9589154131556196,1.595070291071643e-06
40,0.3333713429095988,1.0,1.0,0.5117798868374276,0.9581573298546371,1.521377608337815e-05
40,0.3332242700728649,1.0,1.0,0.4739070309018662,0.95856784135631,2.8368772441167422e-06
40,0.3331899106167845,1.0,1.0,0.4657361857906873,0.9586638543272256,1.8486893943459037e-06
40,0.3333135164075581,1.0,1.0,0.49603336796565267,0.9583230304118816,1.4686430356403157e-05
40,0.33324167658179765,1.0,1.0,0.47790490113721823,0.9585225251311622,7.590230529985753e-06
40,0.3332869414623677,1.0,1.0,0.4916505914743836,0.9583847555910789,1.4373969441150436e-05
40,0.33337441374452154,1.0,1.0,0.5117798868374276,0.9581573298546371,2.4039577167345172e-05
40,0.33312922254684973,1.0,1.0,0.4513371825750287,0.958838499644787,5.310433051297636e-06
40,0.33329725986472547,1.0,1.0,0.49096468264730503,0.9583778419877167,2.275660603612284e-05
40,0.33315929721417453,1.0,1.0,0.4573814530012686,0.9587604981419865,8.553934942368002e-06
40,0.33322685710254724,1.0,1.0,0.4761151367723789,0.9585575625935795,1.4810949430787979e-05
40,0.33329810642818736,1.0,1.0,0.4956133414816113,0.9583526511992454,2.510657346566081e-05
40,0.3333765572532761,1.0,1.0,0.5117798868374276,0.9581573298546371,3.020007959286808e-05
40,0.3331061477088938,1.0,1.0,0.4446213265458733,0.9589154131556196,1.0493112737264276e-05
40,0.33319263101295366,1.0,1.0,0.467749331201565,0.9586560271869281,1.7417429375665705e-05
40,0.33339255629556475,1.0,1.0,0.5117798868374276,0.9581573298546371,7.617925978675721e-05
40,0.32247904240167874,1.0,0.9521481543456738,0.17681277464333064,0.9905210410574833,1.597901030581106e-05
40,0.33303245097670214,1.0,1.0,0.4300714357256386,0.9591171160576256,1.810168421878533e-05
40,0.3333705810024831,1.0,1.0,0.5075960938865519,0.9582006946426975,5.638876295721573e-05
40,0.33341962349615706,1.0,1.0,0.4446213265458733,0.9589154131556196,0.0009120401502739073
40,0.33340084416858295,1.0,1.0,0.5117798868374276,0.9581573298546371,9.999580084329995e-05
40,0.3233003135003353,1.0,0.9569333389111064,0.14315092557118603,0.9904440723781545,0.002455163715453512
40,0.3225501783008847,1.0,1.0,0.19098464162792808,0.9902866139644342,0.026495537357435817
40,0.33302891528842116,1.0,1.0,0.4261502232235186,0.9591498203715392,2.2521597093927426e-05
40,0.33324167658179765,1.0,1.0,0.50600530596041,0.9585149349006322,0.0002976278835717938
40,0.3223439130971878,1.0,0.9521481543456738,0.1427272043013254,0.9934055988810425,0.002485308705534872
40,0.3330690393952511,1.0,1.0,0.4384528654786134,0.959011754783464,1.943295643735965e-05
40,0.33329594197241785,1.0,1.0,0.4513371825750287,0.9588331892117357,0.00047431437860323555
40,0.33336831245318643,1.0,1.0,0.5103248977554041,0.9581723574657739,2.1531477482406025e-05
40,0.3334649740079879,1.0,1.0,0.5117798868374276,0.9581573298546371,0.0002842432258454153
40,0.33301612268076325,1.0,1.0,0.4300714357256386,0.9591641430542105,6.512868080366108e-05
40,0.3333228029696801,1.0,1.0,0.495416050021282,0.9583296667332684,4.802176501927935e-05
40,0.3333765572532761,1.0,1.0,0.42669491847192687,0.9591427283950762,0.0010155986200319767
40,0.3334932569482971,1.0,1.0,0.4446213265458733,0.9589154131556196,0.0011235619541933861
40,0.333434126170805,1.0,1.0,0.5117798868374276,0.9581573298546371,0.0001956250832786388
40,0.33327396667933623,1.0,1.0,0.484890446715596,0.9584445066819075,2.2439943033081278e-05
40,0.3329875088707756,1.0,0.9521481543456738,0.41923890751648485,0.9733509210178775,0.014104356432159793
40,0.33310414382902914,1.0,1.0,0.44700250201957703,0.9589106885999273,2.4606712194619185e-05
40,0.3329828306408,1.0,1.0,0.4134643266394673,0.959318218814476,5.817732963309119e-05
41,0.333103056719282,1.0,1.0,0.4446213265458733,0.9589154131556196,1.595070291071643e-06
41,0.3333713429095988,1.0,1.0,0.5117798868374276,0.9581573298546371,1.521377608337815e-05
41,0.3332242700728649,1.0,1.0,0.4739070309018662,0.95856784135631,2.8368772441167422e-06
41,0.3331899106167845,1.0,1.0,0.4657361857906873,0.9586638543272256,1.8486893943459037e-06
41,0.3333135164075581,1.0,1.0,0.49603336796565267,0.9583230304118816,1.4686430356403157e-05
41,0.33324167658179765,1.0,1.0,0.47790490113721823,0.9585225251311622,7.590230529985753e-06
41,0.3332869414623677,1.0,1.0,0.4916505914743836,0.9583847555910789,1.4373969441150436e-05
41,0.33337441374452154,1.0,1.0,0.5117798868374276,0.9581573298546371,2.4039577167345172e-05
41,0.33336831245318643,1.0,1.0,0.5103248977554041,0.9581723574657739,2.1531477482406025e-05
41,0.33312922254684973,1.0,1.0,0.4513371825750287,0.958838499644787,5.310433051297636e-06
41,0.33315929721417453,1.0,1.0,0.4573814530012686,0.9587604981419865,8.553934942368002e-06
41,0.33322685710254724,1.0,1.0,0.4761151367723789,0.9585575625935795,1.4810949430787979e-05
41,0.3333765572532761,1.0,1.0,0.5117798868374276,0.9581573298546371,3.020007959286808e-05
41,0.33329725986472547,1.0,1.0,0.49096468264730503,0.9583778419877167,2.275660603612284e-05
41,0.33329810642818736,1.0,1.0,0.4956133414816113,0.9583526511992454,2.510657346566081e-05
41,0.33327396667933623,1.0,1.0,0.484890446715596,0.9584445066819075,2.2439943033081278e-05
41,0.3331061477088938,1.0,1.0,0.4446213265458733,0.9589154131556196,1.0493112737264276e-05
41,0.33319263101295366,1.0,1.0,0.467749331201565,0.9586560271869281,1.7417429375665705e-05
41,0.33339255629556475,1.0,1.0,0.5117798868374276,0.9581573298546371,7.617925978675721e-05
41,0.32247904240167874,1.0,0.9521481543456738,0.17681277464333064,0.9905210410574833,1.597901030581106e-05
41,0.33339231321460283,1.0,1.0,0.5090810484740446,0.9581852493100522,0.00010340016494214677
41,0.33321739292059005,1.0,1.0,0.4718887905033421,0.9585909056389202,6.117686297879565e-06
41,0.3331870573188564,1.0,1.0,0.4649457982431255,0.9586720639905993,8.374393339893871e-07
41,0.3427912518790408,1.0,1.0,0.5117798868374276,0.9581573298546371,0.026344974052765036
41,0.33306424386429717,1.0,1.0,0.439265087174529,0.9590255628418978,4.34450326582958e-05
41,0.3332441440252837,1.0,1.0,0.481581949110917,0.9585078377573885,2.6562507019156634e-05
41,0.33343777623048193,1.0,1.0,0.5117798868374276,0.9581573298546371,0.00020611164967709872
41,0.33334774536190315,1.0,1.0,0.5085109068683829,0.9582099425586488,1.8770121853028954e-05
41,0.333253353886526,1.0,1.0,0.48398903142012706,0.9584813482290583,2.6856080807879934e-05
41,0.333026931661114,1.0,1.0,0.4232958826592633,0.9591871680032322,5.415632417093974e-05
41,0.33331843603945954,1.0,1.0,0.49480084720303225,0.9583362910815804,4.209130504539971e-05
41,0.3237321839943741,1.0,0.9569333389111064,0.24993698593501668,0.9866708955708101,0.004184481215427138
41,0.3333327176977868,1.0,1.0,0.5002962686303531,0.9582774964107672,2.4354800954196065e-05
41,0.3236282977309416,1.0,1.0,0.22470848907839897,0.9869876217439549,0.024134324573034438
41,0.3330352365188222,1.0,1.0,0.42575723262701826,0.9591549441006488,4.585020051250943e-05
41,0.33327396667933623,1.0,1.0,0.41466038753922707,0.9593020728718653,0.0008800061329908848
41,0.3329800487501493,1.0,1.0,0.4134643266394673,0.959318218814476,5.016316619299577e-05
41,0.3334325177076795,1.0,1.0,0.5117798868374276,0.9581573298546371,0.00019100392010085177
41,0.333265008465378,1.0,1.0,0.48627815220531506,0.95844782926927,1.8647963377027565e-05
41,0.32247904240167874,1.0,1.0,0.47623932741339886,0.9905050620471775,0.031963717071677
42,0.3333713429095988,1.0,1.0,0.5117798868374276,0.9581573298546371,1.521377608337815e-05
42,0.3332242700728649,1.0,1.0,0.4739070309018662,0.95856784135631,2.8368772441167422e-06
42,0.3331899106167845,1.0,1.0,0.4657361857906873,0.9586638543272256,1.8486893943459037e-06
42,0.3333135164075581,1.0,1.0,0.49603336796565267,0.9583230304118816,1.4686430356403157e-05
42,0.33324167658179765,1.0,1.0,0.47790490113721823,0.9585225251311622,7.590230529985753e-06
42,0.3332869414623677,1.0,1.0,0.4916505914743836,0.9583847555910789,1.4373969441150436e-05
42,0.3331870573188564,1.0,1.0,0.4649457982431255,0.9586720639905993,8.374393339893871e-07
42,0.33337441374452154,1.0,1.0,0.5117798868374276,0.9581573298546371,2.4039577167345172e-05
42,0.33336831245318643,1.0,1.0,0.5103248977554041,0.9581723574657739,2.1531477482406025e-05
42,0.33334774536190315,1.0,1.0,0.5085109068683829,0.9582099425586488,1.8770121853028954e-05
42,0.33321739292059005,1.0,1.0,0.4718887905033421,0.9585909056389202,6.117686297879565e-06
42,0.33322685710254724,1.0,1.0,0.4761151367723789,0.9585575625935795,1.4810949430787979e-05
42,0.333265008465378,1.0,1.0,0.48627815220531506,0.95844782926927,1.8647963377027565e-05
42,0.333103056719282,1.0,1.0,0.4446213265458733,0.9589154131556196,1.595070291071643e-06
42,0.33312922254684973,1.0,1.0,0.4513371825750287,0.958838499644787,5.310433051297636e-06
42,0.3333765572532761,1.0,1.0,0.5117798868374276,0.9581573298546371,3.020007959286808e-05
42,0.33315929721417453,1.0,1.0,0.4573814530012686,0.9587604981419865,8.553934942368002e-06
42,0.33319263101295366,1.0,1.0,0.467749331201565,0.9586560271869281,1.7417429375665705e-05
42,0.3333327176977868,1.0,1.0,0.5002962686303531,0.9582774964107672,2.4354800954196065e-05
42,0.33327396667933623,1.0,1.0,0.484890446715596,0.9584445066819075,2.2439943033081278e-05
42,0.33316014605732214,1.0,1.0,0.4586909431750897,0.9587495014478328,4.591361413841533e-06
42,0.33310798475392367,1.0,1.0,0.44839510060288845,0.9588996318132605,3.06129592246851e-05
42,0.3330914690950881,1.0,1.0,0.44180875584332235,0.9589503135354169,3.1366464086080015e-06
42,0.3333135164075581,1.0,1.0,0.46757288771477457,0.9586406551492486,0.0003323111677233648
42,0.3331081022046987,1.0,1.0,0.44466387986403444,0.9589148872532103,1.55935389147821e-05
42,0.3330662954497855,1.0,1.0,0.43598529600413377,0.9590234675086382,3.8119679253156846e-06
42,0.3332807520253203,1.0,1.0,0.4898341751157119,0.9584025539849498,1.2386214210846624e-05
42,0.33337441374452154,1.0,1.0,0.4953039184178609,0.9583308733363713,0.000197583058901607
42,0.33329166276723504,1.0,1.0,0.49146702334327386,0.9583723768911738,1.197477069170283e-06
42,0.33338075174266635,1.0,1.0,0.5117798868374276,0.9581573298546371,4.225492693277211e-05
42,0.33336639232416354,1.0,1.0,0.5098986076889341,0.9581767710597869,2.04262992192783e-05
42,0.3332552247005535,1.0,1.0,0.48553495207550235,0.9584759675471871,3.8585647596733885e-05
42,0.3334827632545375,1.0,1.0,0.5117798868374276,0.9581573298546371,0.0003353398411063413
42,0.3335920149875034,1.0,1.0,0.5117798868374276,0.9581573298546371,0.0006490275412512903
42,0.3334623558400761,1.0,1.0,0.5117798868374276,0.9581573298546371,0.00027672251915233925
42,0.3331639852374806,1.0,1.0,0.4616724389613957,0.9587384533987791,2.882462717823664e-05
42,0.3331807154297812,1.0,1.0,0.4639350929071088,0.9586903117210035,7.264741027412924e-06
42,0.3332445428432576,1.0,1.0,0.4837528125254882,0.9585066906413714,4.957777963898735e-05
42,0.33326352165580897,1.0,1.0,0.48724914594548285,0.9584521052530098,3.361355889019979e-05
42,0.33342596217254006,1.0,1.0,0.5117798868374276,0.9581573298546371,0.00017216920833362792
43,0.3333713429095988,1.0,1.0,0.5117798868374276,0.9581573298546371,1.521377608337815e-05
43,0.3333135164075581,1.0,1.0,0.49603336796565267,0.9583230304118816,1.4686430356403157e-05
43,0.3331870573188564,1.0,1.0,0.4649457982431255,0.9586720639905993,8.374393339893871e-07
43,0.33329166276723504,1.0,1.0,0.49146702334327386,0.9583723768911738,1.197477069170283e-06
43,0.33337441374452154,1.0,1.0,0.5117798868374276,0.9581573298546371,2.4039577167345172e-05
43,0.33336831245318643,1.0,1.0,0.5103248977554041,0.9581723574657739,2.1531477482406025e-05
43,0.33334774536190315,1.0,1.0,0.5085109068683829,0.9582099425586488,1.8770121853028954e-05
43,0.33336639232416354,1.0,1.0,0.5098986076889341,0.9581767710597869,2.04262992192783e-05
43,0.3332242700728649,1.0,1.0,0.4739070309018662,0.95856784135631,2.8368772441167422e-06
43,0.3331899106167845,1.0,1.0,0.4657361857906873,0.9586638543272256,1.8486893943459037e-06
43,0.33324167658179765,1.0,1.0,0.47790490113721823,0.9585225251311622,7.590230529985753e-06
43,0.3332869414623677,1.0,1.0,0.4916505914743836,0.9583847555910789,1.4373969441150436e-05
43,0.333103056719282,1.0,1.0,0.4446213265458733,0.9589154131556196,1.595070291071643e-06
43,0.3332807520253203,1.0,1.0,0.4898341751157119,0.9584025539849498,1.2386214210846624e-05
43,0.3333765572532761,1.0,1.0,0.5117798868374276,0.9581573298546371,3.020007959286808e-05
43,0.3330914690950881,1.0,1.0,0.44180875584332235,0.9589503135354169,3.1366464086080015e-06
43,0.3333327176977868,1.0,1.0,0.5002962686303531,0.9582774964107672,2.4354800954196065e-05
43,0.33322685710254724,1.0,1.0,0.4761151367723789,0.9585575625935795,1.4810949430787979e-05
43,0.33321739292059005,1.0,1.0,0.4718887905033421,0.9585909056389202,6.117686297879565e-06
43,0.33316014605732214,1.0,1.0,0.4586909431750897,0.9587495014478328,4.591361413841533e-06
43,0.3333895514587406,1.0,1.0,0.5117798868374276,0.9581573298546371,6.754408360742925e-05
43,0.33319342426429543,1.0,1.0,0.46651121000038526,0.9586537448634421,7.61501022683575e-07
43,0.33314351294692474,1.0,1.0,0.4559806228279198,0.9587973696656831,2.013330918604339e-05
43,0.33352279486483577,1.0,1.0,0.5117798868374276,0.9581573298546371,0.0004503039668414255
43,0.33302998484135,1.0,1.0,0.42504462207783256,0.959164249882859,4.003142386621583e-05
43,0.3334974866652009,1.0,1.0,0.5117798868374276,0.9581573298546371,0.00037762623612580537
43,0.3332743850798813,1.0,1.0,0.48826876335845215,0.9584208635131485,1.3566965425204636e-05
43,0.3332385861651848,1.0,1.0,0.4771873903105718,0.9585306221246144,6.798065905755379e-06
43,0.3331729691781178,1.0,1.0,0.4624725945180163,0.9587126012135092,1.2391667702615905e-05
43,0.3329608135782208,1.0,1.0,0.4089147726086474,0.9593801589008669,5.668626305244118e-05
43,0.33343958556196146,1.0,1.0,0.5117798868374276,0.9581573298546371,0.00021130974661820456
43,0.33337731869602455,1.0,1.0,0.5117798868374276,0.9581573298546371,3.238846768038872e-05
43,0.3335044256393759,1.0,1.0,0.5117798868374276,0.9581573298546371,0.00039755403347374596
43,0.3332373552821515,1.0,1.0,0.4776943164954223,0.9585273645702684,2.464652590128402e-06
43,0.3331406264317352,1.0,1.0,0.4534719484480058,0.9588073755049177,1.6982869778248144e-06
43,0.3333203378206831,1.0,1.0,0.49779797760562333,0.9583041198589388,1.5387693298007932e-05
43,0.3330715455778629,1.0,1.0,0.43623771363932157,0.959020271404368,1.5732663850243078e-05
43,0.33330436797135676,1.0,1.0,0.49434021673200856,0.9583412580852216,6.6107498785106245e-06
43,0.3331659449746459,1.0,1.0,0.46009033298806074,0.9587328139407202,4.499664136625725e-06
43,0.3333512280799417,1.0,1.0,0.5019288604286722,0.9582601924656786,6.026089472255247e-05
44,0.3333713429095988,1.0,1.0,0.5117798868374276,0.9581573298546371,1.521377608337815e-05
44,0.3333135164075581,1.0,1.0,0.49603336796565267,0.9583230304118816,1.4686430356403157e-05
44,0.33329166276723504,1.0,1.0,0.49146702334327386,0.9583723768911738,1.197477069170283e-06
44,0.33319342426429543,1.0,1.0,0.46651121000038526,0.9586537448634421,7.61501022683575e-07
44,0.33330436797135676,1.0,1.0,0.49434021673200856,0.9583412580852216,6.6107498785106245e-06
44,0.33337441374452154,1.0,1.0,0.5117798868374276,0.9581573298546371,2.4039577167345172e-05
44,0.33336831245318643,1.0,1.0,0.5103248977554041,0.9581723574657739,2.1531477482406025e-05
44,0.33334774536190315,1.0,1.0,0.5085109068683829,0.9582099425586488,1.8770121853028954e-05
44,0.33336639232416354,1.0,1.0,0.5098986076889341,0.9581767710597869,2.04262992192783e-05
44,0.3333203378206831,1.0,1.0,0.49779797760562333,0.9583041198589388,1.5387693298007932e-05
44,0.3332373552821515,1.0,1.0,0.4776943164954223,0.9585273645702684,2.464652590128402e-06
44,0.3331870573188564,1.0,1.0,0.4649457982431255,0.9586720639905993,8.374393339893871e-07
44,0.3331899106167845,1.0,1.0,0.4657361857906873,0.9586638543272256,1.8486893943459037e-06
44,0.33324167658179765,1.0,1.0,0.47790490113721823,0.9585225251311622,7.590230529985753e-06
44,0.3332869414623677,1.0,1.0,0.4916505914743836,0.9583847555910789,1.4373969441150436e-05
44,0.3332807520253203,1.0,1.0,0.4898341751157119,0.9584025539849498,1.2386214210846624e-05
44,0.3333765572532761,1.0,1.0,0.5117798868374276,0.9581573298546371,3.020007959286808e-05
44,0.333103056719282,1.0,1.0,0.4446213265458733,0.9589154131556196,1.595070291071643e-06
44,0.3332743850798813,1.0,1.0,0.48826876335845215,0.9584208635131485,1.3566965425204636e-05
44,0.3333327176977868,1.0,1.0,0.5002962686303531,0.9582774964107672,2.4354800954196065e-05
44,0.3329382370291994,1.0,1.0,0.4038795173925352,0.9594496953988443,6.117101589042662e-05
44,0.33323352316115423,1.0,1.0,0.4803528160236686,0.9585383874493424,4.3368958782097344e-05
44,0.33335456064356445,1.0,1.0,0.5105309560989314,0.9581903523942995,2.012660758221596e-05
44,0.3333985063284354,1.0,1.0,0.5117798868374276,0.9581573298546371,9.327775967038487e-05
44,0.33330436797135676,1.0,1.0,0.5117798868374276,0.9583346473353431,0.0001773174807060407
44,0.33339184359629936,1.0,1.0,0.5117798868374276,0.9581573298546371,7.413114810295163e-05
44,0.3332897599531397,1.0,1.0,0.4907822918491483,0.9583798280689342,3.177133041543101e-06
44,0.3332779776715179,1.0,1.0,0.4874383756803344,0.9584164116980716,5.879544925813107e-06
44,0.3332302047012215,1.0,1.0,0.4774787244897862,0.9585479330162757,2.060044362506286e-05
44,0.33339779504620215,1.0,1.0,0.5117798868374276,0.9581573298546371,9.123379313358271e-05
44,0.3332172789200309,1.0,1.0,0.47277941739058754,0.9585851159044076,4.403877948644386e-06
44,0.3332805208778417,1.0,1.0,0.48921856142101705,0.958403218687263,6.323366061766755e-06
44,0.33335855055814634,1.0,1.0,0.5108942066850507,0.9581788839689618,1.2413251833209848e-05
44,0.3334165280266731,1.0,1.0,0.5117798868374276,0.9581573298546371,0.00014506265854652423
44,0.3334044298259142,1.0,1.0,0.5117798868374276,0.9581573298546371,0.00011029939907403197
44,0.33310425079900235,1.0,1.0,0.4454789383456917,0.9589103806643482,5.554261313323039e-06
44,0.3332053200022918,1.0,1.0,0.46866855028287646,0.9586279698235621,8.44978505321059e-06
44,0.3333010296031063,1.0,1.0,0.4941237951994928,0.9583442460874206,6.522284672350054e-07
44,0.33341506065561816,1.0,1.0,0.5117798868374276,0.9581573298546371,0.00014084641389278119
44,0.3332852133462471,1.0,1.0,0.4912669304145606,0.9583897249088721,1.5172027019061396e-05
45,0.3333713429095988,1.0,1.0,0.5117798868374276,0.9581573298546371,1.521377608337815e-05
45,0.33330436797135676,1.0,1.0,0.49434021673200856,0.9583412580852216,6.6107498785106245e-06
45,0.33335855055814634,1.0,1.0,0.5108942066850507,0.9581788839689618,1.2413251833209848e-05
45,0.3333010296031063,1.0,1.0,0.4941237951994928,0.9583442460874206,6.522284672350054e-07
45,0.33337441374452154,1.0,1.0,0.5117798868374276,0.9581573298546371,2.4039577167345172e-05
45,0.33336831245318643,1.0,1.0,0.5103248977554041,0.9581723574657739,2.1531477482406025e-05
45,0.33336639232416354,1.0,1.0,0.5098986076889341,0.9581767710597869,2.04262992192783e-05
45,0.3333135164075581,1.0,1.0,0.49603336796565267,0.9583230304118816,1.4686430356403157e-05
45,0.33334774536190315,1.0,1.0,0.5085109068683829,0.9582099425586488,1.8770121853028954e-05
45,0.3333203378206831,1.0,1.0,0.49779797760562333,0.9583041198589388,1.5387693298007932e-05
45,0.33335456064356445,1.0,1.0,0.5105309560989314,0.9581903523942995,2.012660758221596e-05
45,0.33329166276723504,1.0,1.0,0.49146702334327386,0.9583723768911738,1.197477069170283e-06
45,0.33319342426429543,1.0,1.0,0.46651121000038526,0.9586537448634421,7.61501022683575e-07
45,0.3333765572532761,1.0,1.0,0.5117798868374276,0.9581573298546371,3.020007959286808e-05
45,0.3333327176977868,1.0,1.0,0.5002962686303531,0.9582774964107672,2.4354800954196065e-05
45,0.3332373552821515,1.0,1.0,0.4776943164954223,0.9585273645702684,2.464652590128402e-06
45,0.3332897599531397,1.0,1.0,0.4907822918491483,0.9583798280689342,3.177133041543101e-06
45,0.3331870573188564,1.0,1.0,0.4649457982431255,0.9586720639905993,8.374393339893871e-07
45,0.3331899106167845,1.0,1.0,0.4657361857906873,0.9586638543272256,1.8486893943459037e-06
45,0.33339184359629936,1.0,1.0,0.5117798868374276,0.9581573298546371,7.413114810295163e-05
45,0.33314282677496176,1.0,1.0,0.45392749169176144,0.9588018869494783,2.542455528220522e-06
45,0.3332146163769379,1.0,1.0,0.4692563888840071,0.9586211796154136,2.8404160535178136e-05
45,0.3333182366318938,1.0,1.0,0.4940060890126228,0.9583448647882321,5.0091712393118826e-05
45,0.3333207356858803,1.0,1.0,0.4941237951994928,0.9583435938589534,5.6005545744808316e-05
45,0.33350844359477033,1.0,1.0,0.5117798868374276,0.9581573298546371,0.00040909268000643983
45,0.33336831245318643,1.0,1.0,0.5110685380446219,0.9581646698356219,1.3843847330385906e-05
45,0.3330728351181075,1.0,1.0,0.4367877073984112,0.959013315380625,1.2489566570628163e-05
45,0.33322626118257964,1.0,1.0,0.47182764878547817,0.9585916063391429,3.2329524157548306e-05
45,0.33334774536190315,1.0,1.0,0.48033766487077556,0.9584951881830475,0.00028524562439868895
45,0.3334949186970656,1.0,1.0,0.5117798868374276,0.9581573298546371,0.0003702511679785081
45,0.33317218647136937,1.0,1.0,0.463569128028245,0.9587148534748053,2.7518342012422536e-05
45,0.333299343319265,1.0,1.0,0.49146702334327386,0.9583723768911738,2.3282188104323254e-05
45,0.333420219646174,1.0,1.0,0.46651121000038526,0.9586529833624194,0.0006513232517685319
45,0.33328954052853377,1.0,1.0,0.5117798868374276,0.9583772818930417,0.00021995203840463606
45,0.3333327176977868,1.0,1.0,0.48110287352962283,0.9584866265104901,0.0002334849006770945
45,0.33317676340038915,1.0,1.0,0.4625340533961131,0.9587016833792181,2.1964523377882017e-06
45,0.33318859095404085,1.0,1.0,0.4627957255376844,0.9586964116176777,2.876030279175268e-05
45,0.3334568211102985,1.0,1.0,0.5117798868374276,0.9581573298546371,0.00026082357821222146
45,0.333464035383418,1.0,1.0,0.5117798868374276,0.9581573298546371,0.00028154703340532716
45,0.3333266997655454,1.0,1.0,0.5117798868374276,0.9582704420614812,0.0001131122068440682
46,0.3333713429095988,1.0,1.0,0.5117798868374276,0.9581573298546371,1.521377608337815e-05
46,0.33330436797135676,1.0,1.0,0.49434021673200856,0.9583412580852216,6.6107498785106245e-06
46,0.33335855055814634,1.0,1.0,0.5108942066850507,0.9581788839689618,1.2413251833209848e-05
46,0.3333010296031063,1.0,1.0,0.4941237951994928,0.9583442460874206,6.522284672350054e-07
46,0.33336831245318643,1.0,1.0,0.5110685380446219,0.9581646698356219,1.3843847330385906e-05
46,0.33337441374452154,1.0,1.0,0.5117798868374276,0.9581573298546371,2.4039577167345172e-05
46,0.33329166276723504,1.0,1.0,0.49146702334327386,0.9583723768911738,1.197477069170283e-06
46,0.33319342426429543,1.0,1.0,0.46651121000038526,0.9586537448634421,7.61501022683575e-07
46,0.33336831245318643,1.0,1.0,0.5103248977554041,0.9581723574657739,2.1531477482406025e-05
46,0.33336639232416354,1.0,1.0,0.5098986076889341,0.9581767710597869,2.04262992192783e-05
46,0.3333135164075581,1.0,1.0,0.49603336796565267,0.9583230304118816,1.4686430356403157e-05
46,0.33334774536190315,1.0,1.0,0.5085109068683829,0.9582099425586488,1.8770121853028954e-05
46,0.3333203378206831,1.0,1.0,0.49779797760562333,0.9583041198589388,1.5387693298007932e-05
46,0.33335456064356445,1.0,1.0,0.5105309560989314,0.9581903523942995,2.012660758221596e-05
46,0.3333765572532761,1.0,1.0,0.5117798868374276,0.9581573298546371,3.020007959286808e-05
46,0.3331870573188564,1.0,1.0,0.4649457982431255,0.9586720639905993,8.374393339893871e-07
46,0.3332897599531397,1.0,1.0,0.4907822918491483,0.9583798280689342,3.177133041543101e-06
46,0.333299343319265,1.0,1.0,0.49146702334327386,0.9583723768911738,2.3282188104323254e-05
46,0.3333327176977868,1.0,1.0,0.5002962686303531,0.9582774964107672,2.4354800954196065e-05
46,0.3332373552821515,1.0,1.0,0.4776943164954223,0.9585273645702684,2.464652590128402e-06
46,0.3332968175425552,1.0,1.0,0.48988625275264336,0.9583895991608824,3.324193477460824e-05
46,0.33330436797135676,1.0,1.0,0.4556472978707514,0.9587812287936667,0.00044658145832354723
46,0.33343469118893937,1.0,1.0,0.5117798868374276,0.9581573298546371,0.0001972483868758479
46,0.3334203563050231,1.0,1.0,0.5117798868374276,0.9581573298546371,0.00015606239968757318
46,0.33336831245318643,1.0,1.0,0.4940060890126228,0.9583448647882321,0.00019403879994062123
46,0.3333088234982485,1.0,1.0,0.49603336796565267,0.9583230304118816,1.1936758345099108e-06
46,0.33332365909252804,1.0,1.0,0.49904072098096275,0.9582908545214346,1.1670845044609024e-05
46,0.33330351282188597,1.0,1.0,0.49278696089988355,0.9583580515911037,2.0945477702372095e-05
46,0.3333710660910745,1.0,1.0,0.5111396729239025,0.9581639352298418,2.1023546891485445e-05
46,0.3334248880797228,1.0,1.0,0.5117798868374276,0.9581573298546371,0.00016908316102948184
46,0.33339800615808673,1.0,1.0,0.5117798868374276,0.9581573298546371,9.184045284593712e-05
46,0.33323283309526885,1.0,1.0,0.4751084424455611,0.9585541716333053,1.3799221578292276e-05
46,0.33336679479772924,1.0,1.0,0.5079338030848071,0.9581971768239774,4.198884508521683e-05
46,0.3334503204177281,1.0,1.0,0.5117798868374276,0.9581573298546371,0.00024214916016063182
46,0.33334150340332286,1.0,1.0,0.5004531668539672,0.9582758302191722,4.7944780042996626e-05
46,0.33334042709534567,1.0,1.0,0.5063656143010118,0.9582309794182273,1.7441074265600598e-05
46,0.3331476593758899,1.0,1.0,0.45388268823078076,0.9588024264491067,1.699018611012182e-05
46,0.33325370170871327,1.0,1.0,0.48220691309526237,0.958480347846838,6.043078428552562e-06
46,0.33337553173150863,1.0,1.0,0.5117798868374276,0.9581573298546371,2.725271204151447e-05
46,0.33334750305414895,1.0,1.0,0.5114269951954363,0.9582106390741362,4.9669629854975916e-05
47,0.3333713429095988,1.0,1.0,0.5117798868374276,0.9581573298546371,1.521377608337815e-05
47,0.33335855055814634,1.0,1.0,0.5108942066850507,0.9581788839689618,1.2413251833209848e-05
47,0.3333010296031063,1.0,1.0,0.4941237951994928,0.9583442460874206,6.522284672350054e-07
47,0.33336831245318643,1.0,1.0,0.5110685380446219,0.9581646698356219,1.3843847330385906e-05
47,0.3333088234982485,1.0,1.0,0.49603336796565267,0.9583230304118816,1.1936758345099108e-06
47,0.33332365909252804,1.0,1.0,0.49904072098096275,0.9582908545214346,1.1670845044609024e-05
47,0.33337441374452154,1.0,1.0,0.5117798868374276,0.9581573298546371,2.4039577167345172e-05
47,0.3333710660910745,1.0,1.0,0.5111396729239025,0.9581639352298418,2.1023546891485445e-05
47,0.33319342426429543,1.0,1.0,0.46651121000038526,0.9586537448634421,7.61501022683575e-07
47,0.33336639232416354,1.0,1.0,0.5098986076889341,0.9581767710597869,2.04262992192783e-05
47,0.33334774536190315,1.0,1.0,0.5085109068683829,0.9582099425586488,1.8770121853028954e-05
47,0.33335456064356445,1.0,1.0,0.5105309560989314,0.9581903523942995,2.012660758221596e-05
47,0.33334042709534567,1.0,1.0,0.5063656143010118,0.9582309794182273,1.7441074265600598e-05
47,0.33330436797135676,1.0,1.0,0.49434021673200856,0.9583412580852216,6.6107498785106245e-06
47,0.33329166276723504,1.0,1.0,0.49146702334327386,0.9583723768911738,1.197477069170283e-06
47,0.3333135164075581,1.0,1.0,0.49603336796565267,0.9583230304118816,1.4686430356403157e-05
47,0.3333203378206831,1.0,1.0,0.49779797760562333,0.9583041198589388,1.5387693298007932e-05
47,0.33337553173150863,1.0,1.0,0.5117798868374276,0.9581573298546371,2.725271204151447e-05
47,0.3331870573188564,1.0,1.0,0.4649457982431255,0.9586720639905993,8.374393339893871e-07
47,0.33330351282188597,1.0,1.0,0.49278696089988355,0.9583580515911037,2.0945477702372095e-05
47,0.33340633227210187,1.0,1.0,0.5117798868374276,0.9581573298546371,0.00011576610062957737
47,0.3332937194588176,1.0,1.0,0.4949093303010061,0.958365265489489,3.014330804484988e-05
47,0.333308804189769,1.0,1.0,0.4984928758384888,0.9583218922513447,2.5195241865172413e-05
47,0.33331495725174365,1.0,1.0,0.4978514122731464,0.9583042014341501,6.528418424744942e-07
47,0.3332262480102011,1.0,1.0,0.49603336796565267,0.9585593147066751,0.00023628429479349844
47,0.33319144004165346,1.0,1.0,0.4661449824492183,0.958659453841021,2.2095109742936714e-06
47,0.3331662597225261,1.0,1.0,0.45893912574114976,0.9587419621170503,1.0053907661400352e-05
47,0.3332952993522112,1.0,1.0,0.492714924617959,0.9583607226262982,1.8905163788884849e-06
47,0.33325323896314024,1.0,1.0,0.48033766487077556,0.9584951881830475,1.3509418803070439e-05
47,0.33343001354960183,1.0,1.0,0.5117798868374276,0.9581573298546371,0.00018380930951233942
47,0.3333809578308751,1.0,1.0,0.5117798868374276,0.9581573298546371,4.2847210968033345e-05
47,0.3334043284242723,1.0,1.0,0.5117798868374276,0.9581573298546371,0.00011000801850913344
47,0.33330505476465705,1.0,1.0,0.49700086546848415,0.9583326726343782,2.0021355236599092e-05
47,0.3331520276415672,1.0,1.0,0.45371601323066835,0.9588044340535835,3.156931695635912e-05
47,0.33337268562840094,1.0,1.0,0.5107269495173086,0.9581681992842963,2.9942296442042604e-05
47,0.3333260973465563,1.0,1.0,0.5000713488729478,0.958279886157983,7.712217978572689e-06
47,0.33340810070300864,1.0,1.0,0.5117798868374276,0.9581573298546371,0.00012084765174569245
47,0.3333705732750751,1.0,1.0,0.510381956588515,0.9581717670767796,2.743898760459995e-05
47,0.333414944480051,1.0,1.0,0.5117798868374276,0.9581573298546371,0.0001405126012973268
47,0.33336601700747726,1.0,1.0,0.5092632268764417,0.9581833585280883,2.593503710168754e-05
48,0.3333713429095988,1.0,1.0,0.5117798868374276,0.9581573298546371,1.521377608337815e-05
48,0.33335855055814634,1.0,1.0,0.5108942066850507,0.9581788839689618,1.2413251833209848e-05
48,0.3333010296031063,1.0,1.0,0.4941237951994928,0.9583442460874206,6.522284672350054e-07
48,0.33336831245318643,1.0,1.0,0.5110685380446219,0.9581646698356219,1.3843847330385906e-05
48,0.33331495725174365,1.0,1.0,0.4978514122731464,0.9583042014341501,6.528418424744942e-07
48,0.3333260973465563,1.0,1.0,0.5000713488729478,0.958279886157983,7.712217978572689e-06
48,0.33337441374452154,1.0,1.0,0.5117798868374276,0.9581573298546371,2.4039577167345172e-05
48,0.3333710660910745,1.0,1.0,0.5111396729239025,0.9581639352298418,2.1023546891485445e-05
48,0.33336639232416354,1.0,1.0,0.5098986076889341,0.9581767710597869,2.04262992192783e-05
48,0.33334774536190315,1.0,1.0,0.5085109068683829,0.9582099425586488,1.8770121853028954e-05
48,0.33335456064356445,1.0,1.0,0.5105309560989314,0.9581903523942995,2.012660758221596e-05
48,0.33334042709534567,1.0,1.0,0.5063656143010118,0.9582309794182273,1.7441074265600598e-05
48,0.3333088234982485,1.0,1.0,0.49603336796565267,0.9583230304118816,1.1936758345099108e-06
48,0.33319342426429543,1.0,1.0,0.46651121000038526,0.9586537448634421,7.61501022683575e-07
48,0.33332365909252804,1.0,1.0,0.49904072098096275,0.9582908545214346,1.1670845044609024e-05
48,0.33337553173150863,1.0,1.0,0.5117798868374276,0.9581573298546371,2.725271204151447e-05
48,0.3331870573188564,1.0,1.0,0.4649457982431255,0.9586720639905993,8.374393339893871e-07
48,0.33336601700747726,1.0,1.0,0.5092632268764417,0.9581833585280883,2.593503710168754e-05
48,0.3333203378206831,1.0,1.0,0.49779797760562333,0.9583041198589388,1.5387693298007932e-05
48,0.33329166276723504,1.0,1.0,0.49146702334327386,0.9583723768911738,1.197477069170283e-06
48,0.33323876354312926,1.0,1.0,0.4752707090533386,0.9585523287668622,2.901491585960425e-05
48,0.3333641236312766,1.0,1.0,0.5100867356037835,0.9581748226768151,1.1957231136672242e-05
48,0.33333311182036746,1.0,1.0,0.5023575904182536,0.9582556605787499,3.651977289687025e-06
48,0.33324489842260135,1.0,1.0,0.47841808302009536,0.958516743573524,1.1075679029248775e-05
48,0.33350514473190507,1.0,1.0,0.5117798868374276,0.9581573298546371,0.00039961912274855127
48,0.3333906607972668,1.0,1.0,0.5117798868374276,0.9581573298546371,7.073207305252627e-05
48,0.3333738328313321,1.0,1.0,0.5117798868374276,0.9581573298546371,2.2370003226357404e-05
48,0.3333305590992079,1.0,1.0,0.5075888741267911,0.95825934711305,5.857723051172492e-05
48,0.33313286969922334,1.0,1.0,0.451260941439769,0.9588341139769347,6.111735488811831e-06
48,0.3333178295514081,1.0,1.0,0.5003565225170189,0.9582959434395757,1.908698022934363e-05
48,0.33347443139324473,1.0,1.0,0.5117798868374276,0.9581573298546371,0.00031140865121959127
48,0.3334050349787657,1.0,1.0,0.5117798868374276,0.9581573298546371,0.00011203831969563982
48,0.33345636307196996,1.0,1.0,0.5117798868374276,0.9581573298546371,0.00025950780391026385
48,0.3333084857132308,1.0,1.0,0.49546152523440945,0.9583291774945463,6.369565830888213e-06
48,0.33318729051080026,1.0,1.0,0.46469316569289154,0.9586741780681384,2.7850353091496416e-06
48,0.333348420050357,1.0,1.0,0.5041171050123487,0.9582371147476074,2.9111580729379583e-05
48,0.33336419789553806,1.0,1.0,0.5089710425861476,0.9581863914649621,2.3739471291417402e-05
48,0.33329597650236714,1.0,1.0,0.4934175365313807,0.9583587755457555,7.549940537199262e-06
48,0.33329374172026316,1.0,1.0,0.4949003650301934,0.9583652014780977,2.9982708988018913e-05
48,0.3334014747504927,1.0,1.0,0.5117798868374276,0.9581573298546371,0.0001018078312849946
49,0.3333713429095988,1.0,1.0,0.5117798868374276,0.9581573298546371,1.521377608337815e-05
49,0.3333010296031063,1.0,1.0,0.4941237951994928,0.9583442460874206,6.522284672350054e-07
49,0.33336831245318643,1.0,1.0,0.5110685380446219,0.9581646698356219,1.3843847330385906e-05
49,0.33331495725174365,1.0,1.0,0.4978514122731464,0.9583042014341501,6.528418424744942e-07
49,0.3333641236312766,1.0,1.0,0.5100867356037835,0.9581748226768151,1.1957231136672242e-05
49,0.33333311182036746,1.0,1.0,0.5023575904182536,0.9582556605787499,3.651977289687025e-06
49,0.3333710660910745,1.0,1.0,0.5111396729239025,0.9581639352298418,2.1023546891485445e-05
49,0.3333738328313321,1.0,1.0,0.5117798868374276,0.9581573298546371,2.2370003226357404e-05
49,0.3333088234982485,1.0,1.0,0.49603336796565267,0.9583230304118816,1.1936758345099108e-06
49,0.33319342426429543,1.0,1.0,0.46651121000038526,0.9586537448634421,7.61501022683575e-07
49,0.33335855055814634,1.0,1.0,0.5108942066850507,0.9581788839689618,1.2413251833209848e-05
49,0.33336639232416354,1.0,1.0,0.5098986076889341,0.9581767710597869,2.04262992192783e-05
49,0.3333260973465563,1.0,1.0,0.5000713488729478,0.958279886157983,7.712217978572689e-06
49,0.33337441374452154,1.0,1.0,0.5117798868374276,0.9581573298546371,2.4039577167345172e-05
49,0.3331870573188564,1.0,1.0,0.4649457982431255,0.9586720639905993,8.374393339893871e-07
49,0.33329166276723504,1.0,1.0,0.49146702334327386,0.9583723768911738,1.197477069170283e-06
49,0.33332365909252804,1.0,1.0,0.49904072098096275,0.9582908545214346,1.1670845044609024e-05
49,0.3333084857132308,1.0,1.0,0.49546152523440945,0.9583291774945463,6.369565830888213e-06
49,0.33334042709534567,1.0,1.0,0.5063656143010118,0.9582309794182273,1.7441074265600598e-05
49,0.33335456064356445,1.0,1.0,0.5105309560989314,0.9581903523942995,2.012660758221596e-05
49,0.3333725188434063,1.0,1.0,0.5117798868374276,0.9581573298546371,1.859351388311392e-05
49,0.3333269855474085,1.0,1.0,0.5062343033383297,0.958269620476901,5.470908499649596e-05
49,0.33331558729557004,1.0,1.0,0.4975825555969304,0.9583064237367104,4.033719929075197e-06
49,0.33338968330132507,1.0,1.0,0.5117798868374276,0.9581573298546371,6.792297065594255e-05
49,0.33332528016366153,1.0,1.0,0.5012872125812189,0.9582745232476428,7.538740965706836e-06
49,0.33337635867541604,1.0,1.0,0.5110531628642871,0.9581648286319836,3.712814210143911e-05
49,0.3333710660910745,1.0,1.0,0.5117798868374276,0.9581573298546371,1.4418171686791936e-05
49,0.3331561201164763,1.0,1.0,0.45670969963290353,0.9587685166462896,7.429432702599215e-06
49,0.3333778776771438,1.0,1.0,0.5108838477409227,0.9581665777528787,4.324287249113379e-05
49,0.3333834275721539,1.0,1.0,0.5117798868374276,0.9581573298546371,4.994502893007624e-05
49,0.3333738328313321,1.0,1.0,0.5117798868374276,0.9581573298546371,2.2370003226357404e-05
49,0.3333185117985622,1.0,1.0,0.4974594681742307,0.9583077407085224,1.3758740197489239e-05
49,0.3332947316673636,1.0,1.0,0.4946644130972703,0.9583623549559076,2.4593327862310055e-05
49,0.33339508206391255,1.0,1.0,0.5117798868374276,0.9581573298546371,8.343758832163317e-05
49,0.3333181679303264,1.0,1.0,0.49840050706743766,0.9582976829041293,2.71231024584484e-06
49,0.33329166276723504,1.0,1.0,0.4687331680060508,0.9586272228811348,0.0002560434670301204
49,0.3331606133363827,1.0,1.0,0.4564978446754137,0.9587710485962708,2.2891855906648217e-05
49,0.33352469552135755,1.0,1.0,0.5117798868374276,0.9581573298546371,0.00045576164995664303
49,0.33328934586592707,1.0,1.0,0.49377321506447275,0.9583778416475663,3.0461243642809777e-05
49,0.3334286724023813,1.0,1.0,0.5117798868374276,0.9581573298546371,0.0001799560610459272
50,0.3333010296031063,1.0,1.0,0.4941237951994928,0.9583442460874206,6.522284672350054e-07
50,0.33336831245318643,1.0,1.0,0.5110685380446219,0.9581646698356219,1.3843847330385906e-05
50,0.33331495725174365,1.0,1.0,0.4978514122731464,0.9583042014341501,6.528418424744942e-07
50,0.3333641236312766,1.0,1.0,0.5100867356037835,0.9581748226768151,1.1957231136672242e-05
50,0.33333311182036746,1.0,1.0,0.5023575904182536,0.9582556605787499,3.651977289687025e-06
50,0.3333710660910745,1.0,1.0,0.5117798868374276,0.9581573298546371,1.4418171686791936e-05
50,0.3333181679303264,1.0,1.0,0.49840050706743766,0.9582976829041293,2.71231024584484e-06
50,0.3333088234982485,1.0,1.0,0.49603336796565267,0.9583230304118816,1.1936758345099108e-06
50,0.33319342426429543,1.0,1.0,0.46651121000038526,0.9586537448634421,7.61501022683575e-07
50,0.33335855055814634,1.0,1.0,0.5108942066850507,0.9581788839689618,1.2413251833209848e-05
50,0.33332528016366153,1.0,1.0,0.5012872125812189,0.9582745232476428,7.538740965706836e-06
50,0.3333713429095988,1.0,1.0,0.5117798868374276,0.9581573298546371,1.521377608337815e-05
50,0.33331558729557004,1.0,1.0,0.4975825555969304,0.9583064237367104,4.033719929075197e-06
50,0.33329166276723504,1.0,1.0,0.49146702334327386,0.9583723768911738,1.197477069170283e-06
50,0.3331870573188564,1.0,1.0,0.4649457982431255,0.9586720639905993,8.374393339893871e-07
50,0.3333260973465563,1.0,1.0,0.5000713488729478,0.958279886157983,7.712217978572689e-06
50,0.33334042709534567,1.0,1.0,0.5063656143010118,0.9582309794182273,1.7441074265600598e-05
50,0.3333725188434063,1.0,1.0,0.5117798868374276,0.9581573298546371,1.859351388311392e-05
50,0.3333084857132308,1.0,1.0,0.49546152523440945,0.9583291774945463,6.369565830888213e-06
50,0.3333738328313321,1.0,1.0,0.5117798868374276,0.9581573298546371,2.2370003226357404e-05
50,0.3331285489190811,1.0,1.0,0.45077393125852805,0.9588404385366627,4.127199341175114e-07
50,0.3333062189716937,1.0,1.0,0.4963275761628667,0.9583293252691804,9.453868795694653e-06
50,0.3334278507164277,1.0,1.0,0.5117798868374276,0.9581573298546371,0.00017759526080729504
50,0.3333489922105573,1.0,1.0,0.5077543035130652,0.9582063584986948,7.312263965886245e-06
50,0.33330816607771324,1.0,1.0,0.5023575904182536,0.9583237269401197,6.806636136980071e-05
50,0.33332057693659384,1.0,1.0,0.49900273505196535,0.9582912593506399,3.214637554038724e-06
50,0.3333153244315568,1.0,1.0,0.4985329109367689,0.9583031457672461,6.875996544697394e-06
50,0.3333733886623552,1.0,1.0,0.5117798868374276,0.9581573298546371,2.1093435155772333e-05
50,0.3333645031173419,1.0,1.0,0.5096239973899213,0.9581796168193943,1.7842100086706836e-05
50,0.33335855055814634,1.0,1.0,0.5020346898840032,0.9582590733236734,8.018935471165722e-05
50,0.33335119196106844,1.0,1.0,0.5084308776649331,0.9582000353926992,8.030841495365593e-06
50,0.3333479568364634,1.0,1.0,0.5057631490802886,0.9582198418627008,1.0507188460628925e-05
50,0.3332084348090853,1.0,1.0,0.47032672889128385,0.9586105589370706,1.7150105493524137e-06
50,0.3332930711082697,1.0,1.0,0.49416787569818854,0.9583671297846003,2.401178182886987e-05
50,0.3332927136409131,1.0,1.0,0.4911639938952186,0.9583756727563615,7.515091614229696e-06
50,0.3332522182430155,1.0,1.0,0.481289658249812,0.95848461450325,7.519231992603181e-08
50,0.33351846754663755,1.0,1.0,0.5117798868374276,0.9581573298546371,0.00043787795919114636
50,0.3334086489690514,1.0,1.0,0.5117798868374276,0.9581573298546371,0.000122423072392297
50,0.33337603443140557,1.0,1.0,0.5117798868374276,0.9581573298546371,2.869748263045757e-05
50,0.3331429664665803,1.0,1.0,0.45388268823078076,0.9588024264491067,3.483993456621093e-06
51,0.3333010296031063,1.0,1.0,0.4941237951994928,0.9583442460874206,6.522284672350054e-07
51,0.33336831245318643,1.0,1.0,0.5110685380446219,0.9581646698356219,1.3843847330385906e-05
51,0.33331495725174365,1.0,1.0,0.4978514122731464,0.9583042014341501,6.528418424744942e-07
51,0.3333641236312766,1.0,1.0,0.5100867356037835,0.9581748226768151,1.1957231136672242e-05
51,0.33333311182036746,1.0,1.0,0.5023575904182536,0.9582556605787499,3.651977289687025e-06
51,0.3333710660910745,1.0,1.0,0.5117798868374276,0.9581573298546371,1.4418171686791936e-05
51,0.3333181679303264,1.0,1.0,0.49840050706743766,0.9582976829041293,2.71231024584484e-06
51,0.3333489922105573,1.0,1.0,0.5077543035130652,0.9582063584986948,7.312263965886245e-06
51,0.33332057693659384,1.0,1.0,0.49900273505196535,0.9582912593506399,3.214637554038724e-06
51,0.33335119196106844,1.0,1.0,0.5084308776649331,0.9582000353926992,8.030841495365593e-06
51,0.3332522182430155,1.0,1.0,0.481289658249812,0.95848461450325,7.519231992603181e-08
51,0.3333088234982485,1.0,1.0,0.49603336796565267,0.9583230304118816,1.1936758345099108e-06
51,0.33335855055814634,1.0,1.0,0.5108942066850507,0.9581788839689618,1.2413251833209848e-05
51,0.3333713429095988,1.0,1.0,0.5117798868374276,0.9581573298546371,1.521377608337815e-05
51,0.33332528016366153,1.0,1.0,0.5012872125812189,0.9582745232476428,7.538740965706836e-06
51,0.33331558729557004,1.0,1.0,0.4975825555969304,0.9583064237367104,4.033719929075197e-06
51,0.3333153244315568,1.0,1.0,0.4985329109367689,0.9583031457672461,6.875996544697394e-06
51,0.3333479568364634,1.0,1.0,0.5057631490802886,0.9582198418627008,1.0507188460628925e-05
51,0.33319342426429543,1.0,1.0,0.46651121000038526,0.9586537448634421,7.61501022683575e-07
51,0.3331285489190811,1.0,1.0,0.45077393125852805,0.9588404385366627,4.127199341175114e-07
51,0.3335610094515332,1.0,1.0,0.5117798868374276,0.9581573298546371,0.0005600241590245636
51,0.3332813499395798,1.0,1.0,0.4897364893265062,0.9584008345891547,9.600023445410777e-06
51,0.3334209192009638,1.0,1.0,0.5117798868374276,0.9581573298546371,0.00015767973978819683
51,0.33331342048757234,1.0,1.0,0.49949297880558485,0.9583086197607671,2.2582006061089288e-05
51,0.3332789800665189,1.0,1.0,0.4872885812809171,0.9584180581379015,1.040857256029426e-05
51,0.33313286969922334,1.0,1.0,0.451260941439769,0.9588341139769347,6.111735488811831e-06
51,0.3333181679303264,1.0,1.0,0.4908117940885026,0.9583795067493486,8.453615546510918e-05
51,0.3335022745414841,1.0,1.0,0.5117798868374276,0.9581573298546371,0.0003913764593290736
51,0.33336372684484206,1.0,1.0,0.5117798868374276,0.958164005899769,6.676045131936981e-06
51,0.33319927510427294,1.0,1.0,0.46876079867438986,0.9586369113044962,1.0007777173193233e-05
51,0.3332522182430155,1.0,1.0,0.5008904097509831,0.95848461450325,0.0002134240007203303
51,0.33329252710270196,1.0,1.0,0.4928487248920642,0.9583686940472542,1.1311555343063162e-05
51,0.3333047266558364,1.0,1.0,0.49397536429254085,0.9583451966026426,1.1580575096092893e-05
51,0.33321847962662704,1.0,1.0,0.4736815842575721,0.9585816617758447,1.1250305920418313e-05
51,0.33331789582294863,1.0,1.0,0.4991462597340291,0.9582957529075069,6.022937133809414e-06
51,0.3330787787993558,1.0,1.0,0.43812590038421034,0.9589964361906818,1.2723430869332475e-05
51,0.33354172320119524,1.0,1.0,0.5117798868374276,0.9581573298546371,0.0005046533912298479
51,0.33332289518485975,1.0,1.0,0.4988233487711145,0.9582931716783394,1.1791822733586699e-05
51,0.3333557775694128,1.0,1.0,0.5077136826783337,0.9581994694041817,1.2614914170816505e-05
51,0.3333406138665576,1.0,1.0,0.5057584472872517,0.9582304425200716,1.0551424201921122e-05
52,0.3333010296031063,1.0,1.0,0.4941237951994928,0.9583442460874206,6.522284672350054e-07
52,0.33331495725174365,1.0,1.0,0.4978514122731464,0.9583042014341501,6.528418424744942e-07
52,0.33333311182036746,1.0,1.0,0.5023575904182536,0.9582556605787499,3.651977289687025e-06
52,0.3333710660910745,1.0,1.0,0.5117798868374276,0.9581573298546371,1.4418171686791936e-05
52,0.3333181679303264,1.0,1.0,0.49840050706743766,0.9582976829041293,2.71231024584484e-06
52,0.33332057693659384,1.0,1.0,0.49900273505196535,0.9582912593506399,3.214637554038724e-06
52,0.3332522182430155,1.0,1.0,0.481289658249812,0.95848461450325,7.519231992603181e-08
52,0.33336372684484206,1.0,1.0,0.5117798868374276,0.958164005899769,6.676045131936981e-06
52,0.3333088234982485,1.0,1.0,0.49603336796565267,0.9583230304118816,1.1936758345099108e-06
52,0.3333713429095988,1.0,1.0,0.5117798868374276,0.9581573298546371,1.521377608337815e-05
52,0.33331558729557004,1.0,1.0,0.4975825555969304,0.9583064237367104,4.033719929075197e-06
52,0.33331789582294863,1.0,1.0,0.4991462597340291,0.9582957529075069,6.022937133809414e-06
52,0.33319342426429543,1.0,1.0,0.46651121000038526,0.9586537448634421,7.61501022683575e-07
52,0.3331285489190811,1.0,1.0,0.45077393125852805,0.9588404385366627,4.127199341175114e-07
52,0.33336831245318643,1.0,1.0,0.5110685380446219,0.9581646698356219,1.3843847330385906e-05
52,0.3333641236312766,1.0,1.0,0.5100867356037835,0.9581748226768151,1.1957231136672242e-05
52,0.3333489922105573,1.0,1.0,0.5077543035130652,0.9582063584986948,7.312263965886245e-06
52,0.33335119196106844,1.0,1.0,0.5084308776649331,0.9582000353926992,8.030841495365593e-06
52,0.3334209192009638,1.0,1.0,0.5117798868374276,0.9581573298546371,0.00015767973978819683
52,0.33313286969922334,1.0,1.0,0.451260941439769,0.9588341139769347,6.111735488811831e-06
52,0.33337194673779086,1.0,1.0,0.5117798868374276,0.9581573298546371,1.69492347074085e-05
52,0.3334975196387669,1.0,1.0,0.5117798868374276,0.9581573298546371,0.00037772093371812865
52,0.33319615167506655,1.0,1.0,0.46715142391391035,0.9586458977063591,3.528067613611796e-07
52,0.33352685573031043,1.0,1.0,0.5117798868374276,0.9581573298546371,0.0004619645552402796
52,0.3332593198253547,1.0,1.0,0.48341068861233294,0.9584641896959439,3.278222557301369e-06
52,0.33314841541154655,1.0,1.0,0.45439695625045423,0.9587962379568048,1.297752878492986e-05
52,0.3333234162010943,1.0,1.0,0.5007824996107735,0.9582798819705777,7.546895085197569e-06
52,0.33330017885266383,1.0,1.0,0.49520866125521046,0.9583466922660929,1.4793625103259878e-05
52,0.3333088234982485,1.0,1.0,0.49840050706743766,0.9583218367360471,2.415383191778364e-05
52,0.33346902730262146,1.0,1.0,0.5117798868374276,0.9581573298546371,0.00029588611172726154
52,0.33328842656318225,1.0,1.0,0.49151574041186613,0.9583804851218293,8.637849098547257e-06
52,0.33331789582294863,1.0,1.0,0.5072194973634716,0.9582957529075069,9.113172626973309e-05
52,0.3333128795771029,1.0,1.0,0.46651121000038526,0.9586529833624194,0.0003428084287335764
52,0.333207599580787,1.0,1.0,0.481289658249812,0.9586129618194312,0.00012842250850120251
52,0.3331915817582525,1.0,1.0,0.46666441373266937,0.9586590460937535,7.843950044383874e-06
52,0.3334621671206679,1.0,1.0,0.5117798868374276,0.9581573298546371,0.0002761804166931947
52,0.3335156554924442,1.0,1.0,0.5117798868374276,0.9581573298546371,0.0004298028990004088
52,0.33310512784701557,1.0,1.0,0.44284252463870427,0.9589374534834294,2.9597578898421517e-05
52,0.3332880337735429,1.0,1.0,0.4891024888196738,0.9583981650208143,1.655041971837523e-05
52,0.33313286969922334,1.0,1.0,0.4921843272845023,0.9588280022414459,0.0004634164763721582
53,0.3333010296031063,1.0,1.0,0.4941237951994928,0.9583442460874206,6.522284672350054e-07
53,0.33331495725174365,1.0,1.0,0.4978514122731464,0.9583042014341501,6.528418424744942e-07
53,0.33333311182036746,1.0,1.0,0.5023575904182536,0.9582556605787499,3.651977289687025e-06
53,0.3333710660910745,1.0,1.0,0.5117798868374276,0.9581573298546371,1.4418171686791936e-05
53,0.3333181679303264,1.0,1.0,0.49840050706743766,0.9582976829041293,2.71231024584484e-06
53,0.33332057693659384,1.0,1.0,0.49900273505196535,0.9582912593506399,3.214637554038724e-06
53,0.3332522182430155,1.0,1.0,0.481289658249812,0.95848461450325,7.519231992603181e-08
53,0.33336372684484206,1.0,1.0,0.5117798868374276,0.958164005899769,6.676045131936981e-06
53,0.3333088234982485,1.0,1.0,0.49603336796565267,0.9583230304118816,1.1936758345099108e-06
53,0.3333713429095988,1.0,1.0,0.5117798868374276,0.9581573298546371,1.521377608337815e-05
53,0.33331558729557004,1.0,1.0,0.4975825555969304,0.9583064237367104,4.033719929075197e-06
53,0.33331789582294863,1.0,1.0,0.4991462597340291,0.9582957529075069,6.022937133809414e-06
53,0.33319615167506655,1.0,1.0,0.46715142391391035,0.9586458977063591,3.528067613611796e-07
53,0.33336831245318643,1.0,1.0,0.5110685380446219,0.9581646698356219,1.3843847330385906e-05
53,0.3333641236312766,1.0,1.0,0.5100867356037835,0.9581748226768151,1.1957231136672242e-05
53,0.3333489922105573,1.0,1.0,0.5077543035130652,0.9582063584986948,7.312263965886245e-06
53,0.33335119196106844,1.0,1.0,0.5084308776649331,0.9582000353926992,8.030841495365593e-06
53,0.33337194673779086,1.0,1.0,0.5117798868374276,0.9581573298546371,1.69492347074085e-05
53,0.3331285489190811,1.0,1.0,0.45077393125852805,0.9588404385366627,4.127199341175114e-07
53,0.3333234162010943,1.0,1.0,0.5007824996107735,0.9582798819705777,7.546895085197569e-06
53,0.333363988222288,1.0,1.0,0.5096239973899213,0.9581796168193943,1.6362177915896225e-05
53,0.3333537472991188,1.0,1.0,0.5100326657678604,0.9581926902675196,1.730770325381048e-05
53,0.33334879939325873,1.0,1.0,0.5073131091833646,0.9582069127492615,3.2679593757745096e-06
53,0.33326414941903165,1.0,1.0,0.48311225257782403,0.9584642278635546,1.3928028203991083e-05
53,0.33326385674620285,1.0,1.0,0.48277993039477735,0.9584679239408133,1.678239294577999e-05
53,0.3333070914839775,1.0,1.0,0.49542312799137694,0.9583295905820587,2.773972691105797e-06
53,0.3333815118496428,1.0,1.0,0.5117798868374276,0.9581573298546371,4.443942104725984e-05
53,0.33326872443066635,1.0,1.0,0.4863519756662304,0.958437142521332,8.774907106712249e-06
53,0.33313406131916873,1.0,1.0,0.4519752138236847,0.9588254579551441,8.854397480773102e-07
53,0.33330016280107194,1.0,1.0,0.49373351491578,0.9583478094184954,1.0709988398360792e-06
53,0.333305360939175,1.0,1.0,0.49579140436774083,0.9583317923093742,6.162016402466719e-06
53,0.3334862444056908,1.0,1.0,0.5117798868374276,0.9581573298546371,0.00034533822386162427
53,0.33333027065937537,1.0,1.0,0.5007824996107735,0.9582723350754925,1.2158754329361088e-05
53,0.3333625524273268,1.0,1.0,0.5100655643214308,0.9581750418938726,7.660436232903578e-06
53,0.33353529857222614,1.0,1.0,0.5117798868374276,0.9581573298546371,0.00048620687856548717
53,0.3335335900308494,1.0,1.0,0.5117798868374276,0.9581573298546371,0.000481301163570369
53,0.33331354679221614,1.0,1.0,0.49900228872098007,0.9583082566227258,1.6992515141978082e-05
53,0.333460972683036,1.0,1.0,0.5117798868374276,0.9581573298546371,0.0002727493426483152
53,0.33319406653985323,1.0,1.0,0.4666825894706388,0.958651896931775,9.060581118713884e-07
53,0.33333103414572673,1.0,1.0,0.5009502566948647,0.9582705558620922,1.2574411758725645e-05
54,0.3333010296031063,1.0,1.0,0.4941237951994928,0.9583442460874206,6.522284672350054e-07
54,0.33331495725174365,1.0,1.0,0.4978514122731464,0.9583042014341501,6.528418424744942e-07
54,0.3333710660910745,1.0,1.0,0.5117798868374276,0.9581573298546371,1.4418171686791936e-05
54,0.3333181679303264,1.0,1.0,0.49840050706743766,0.9582976829041293,2.71231024584484e-06
54,0.33332057693659384,1.0,1.0,0.49900273505196535,0.9582912593506399,3.214637554038724e-06
54,0.3332522182430155,1.0,1.0,0.481289658249812,0.95848461450325,7.519231992603181e-08
54,0.33336372684484206,1.0,1.0,0.5117798868374276,0.958164005899769,6.676045131936981e-06
54,0.33334879939325873,1.0,1.0,0.5073131091833646,0.9582069127492615,3.2679593757745096e-06
54,0.3333088234982485,1.0,1.0,0.49603336796565267,0.9583230304118816,1.1936758345099108e-06
54,0.33330016280107194,1.0,1.0,0.49373351491578,0.9583478094184954,1.0709988398360792e-06
54,0.3333713429095988,1.0,1.0,0.5117798868374276,0.9581573298546371,1.521377608337815e-05
54,0.33319615167506655,1.0,1.0,0.46715142391391035,0.9586458977063591,3.528067613611796e-07
54,0.33336831245318643,1.0,1.0,0.5110685380446219,0.9581646698356219,1.3843847330385906e-05
54,0.3333641236312766,1.0,1.0,0.5100867356037835,0.9581748226768151,1.1957231136672242e-05
54,0.3333489922105573,1.0,1.0,0.5077543035130652,0.9582063584986948,7.312263965886245e-06
54,0.3333625524273268,1.0,1.0,0.5100655643214308,0.9581750418938726,7.660436232903578e-06
54,0.33333311182036746,1.0,1.0,0.5023575904182536,0.9582556605787499,3.651977289687025e-06
54,0.33337194673779086,1.0,1.0,0.5117798868374276,0.9581573298546371,1.69492347074085e-05
54,0.3331285489190811,1.0,1.0,0.45077393125852805,0.9588404385366627,4.127199341175114e-07
54,0.33319406653985323,1.0,1.0,0.4666825894706388,0.958651896931775,9.060581118713884e-07
54,0.33330803091620376,1.0,1.0,0.4941237951994928,0.9583435938589534,1.9478303891706794e-05
54,0.33338818423577177,1.0,1.0,0.4978514122731464,0.9583035485923076,0.00020983370075322583
54,0.3333060873194715,1.0,1.0,0.49515998570042985,0.9583324226619847,2.71886330927007e-06
54,0.3333181679303264,1.0,1.0,0.5027546653149841,0.9582949705938835,4.3502761558400493e-05
54,0.33319319973781886,1.0,1.0,0.466292309186926,0.9586555297050597,1.1388405973811189e-06
54,0.3333759747505593,1.0,1.0,0.5117798868374276,0.9581573298546371,2.8525958790215356e-05
54,0.33311425656791027,1.0,1.0,0.44591688947319763,0.958899430010101,1.7852182780497827e-05
54,0.33332017716273976,1.0,1.0,0.49746802586622685,0.9583076491318396,1.8455077879564463e-05
54,0.33339701189185583,1.0,1.0,0.5117798868374276,0.9581573298546371,8.898328218664986e-05
54,0.3332438366595785,1.0,1.0,0.4793306203449565,0.9585087218320635,2.239240406098908e-06
54,0.33330943959197645,1.0,1.0,0.4962542203910993,0.9583206588164674,5.934556083220244e-07
54,0.3333341952152412,1.0,1.0,0.5011019239336119,0.9582689479688875,2.0053855306678692e-05
54,0.3333173878084955,1.0,1.0,0.5110685380446219,0.9582972134616489,0.000132543626026993
54,0.3334066888097754,1.0,1.0,0.5117798868374276,0.9581573298546371,0.00011679060889757675
54,0.3332191722957301,1.0,1.0,0.47300898540539726,0.9585796691537115,1.5806329515255513e-06
54,0.33333187406586,1.0,1.0,0.5018042863407912,0.9582615102286085,5.94336935288986e-06
54,0.33336430211373597,1.0,1.0,0.5102560507271479,0.9581730699435965,1.0717496049861275e-05
54,0.3332017288372261,1.0,1.0,0.4682254797350359,0.9586330950120601,3.2432116682246104e-06
54,0.3332098581528369,1.0,1.0,0.4694779966913209,0.9586186226211835,1.2158497972092341e-05
54,0.3335743300022632,1.0,1.0,0.5117798868374276,0.9581573298546371,0.0005982636825847543
55,0.33331495725174365,1.0,1.0,0.4978514122731464,0.9583042014341501,6.528418424744942e-07
55,0.3333710660910745,1.0,1.0,0.5117798868374276,0.9581573298546371,1.4418171686791936e-05
55,0.3333181679303264,1.0,1.0,0.49840050706743766,0.9582976829041293,2.71231024584484e-06
55,0.33332057693659384,1.0,1.0,0.49900273505196535,0.9582912593506399,3.214637554038724e-06
55,0.3332522182430155,1.0,1.0,0.481289658249812,0.95848461450325,7.519231992603181e-08
55,0.33336372684484206,1.0,1.0,0.5117798868374276,0.958164005899769,6.676045131936981e-06
55,0.33334879939325873,1.0,1.0,0.5073131091833646,0.9582069127492615,3.2679593757745096e-06
55,0.33330943959197645,1.0,1.0,0.4962542203910993,0.9583206588164674,5.934556083220244e-07
55,0.3333713429095988,1.0,1.0,0.5117798868374276,0.9581573298546371,1.521377608337815e-05
55,0.33319615167506655,1.0,1.0,0.46715142391391035,0.9586458977063591,3.528067613611796e-07
55,0.33336831245318643,1.0,1.0,0.5110685380446219,0.9581646698356219,1.3843847330385906e-05
55,0.3333489922105573,1.0,1.0,0.5077543035130652,0.9582063584986948,7.312263965886245e-06
55,0.3333625524273268,1.0,1.0,0.5100655643214308,0.9581750418938726,7.660436232903578e-06
55,0.33336430211373597,1.0,1.0,0.5102560507271479,0.9581730699435965,1.0717496049861275e-05
55,0.33333311182036746,1.0,1.0,0.5023575904182536,0.9582556605787499,3.651977289687025e-06
55,0.3333010296031063,1.0,1.0,0.4941237951994928,0.9583442460874206,6.522284672350054e-07
55,0.3333088234982485,1.0,1.0,0.49603336796565267,0.9583230304118816,1.1936758345099108e-06
55,0.33337194673779086,1.0,1.0,0.5117798868374276,0.9581573298546371,1.69492347074085e-05
55,0.3331285489190811,1.0,1.0,0.45077393125852805,0.9588404385366627,4.127199341175114e-07
55,0.3333641236312766,1.0,1.0,0.5100867356037835,0.9581748226768151,1.1957231136672242e-05
55,0.33358081788212085,1.0,1.0,0.5117798868374276,0.9581573298546371,0.0006168874397861623
55,0.33326232220397833,1.0,1.0,0.4857861371908595,0.9584555548392732,2.094638022132056e-05
55,0.33331284860399824,1.0,1.0,0.49709543824292646,0.958311638138834,1.374154151800866e-06
55,0.33334249486006734,1.0,1.0,0.5062304674027854,0.9582250353929708,1.008388370227209e-05
55,0.33335643184292174,1.0,1.0,0.5080748097586436,0.9581957089112212,1.0735039712717054e-05
55,0.33334862585769,1.0,1.0,0.506916034286634,0.9582077880002532,3.76424933445918e-07
55,0.3333190022188256,1.0,1.0,0.49883129728682,0.9582930869249785,5.149176294239055e-07
55,0.33342524966906256,1.0,1.0,0.5117798868374276,0.9581573298546371,0.00017012206956124043
55,0.3332566451061059,1.0,1.0,0.48245873794549965,0.9584718823335776,3.829667588606256e-07
55,0.3333791984141138,1.0,1.0,0.5117798868374276,0.9581573298546371,3.7790738689591485e-05
55,0.3332849795798711,1.0,1.0,0.5110685380446219,0.958390397124261,0.0002257272886391215
55,0.33336011753933664,1.0,1.0,0.5110486482517009,0.9581743799860177,9.504725475673048e-06
55,0.3331644711055295,1.0,1.0,0.5100655643214308,0.9587370552293439,0.0005620133354713452
55,0.33335147641713336,1.0,1.0,0.5081568618455015,0.9581992177397713,4.36276281190473e-06
55,0.3334144171298606,1.0,1.0,0.5117798868374276,0.9581573298546371,0.00013899733883859788
55,0.3332671556999283,1.0,1.0,0.48542120273584805,0.9584416540064146,3.0155397438003106e-06
55,0.3333713240286635,1.0,1.0,0.5115383621598184,0.9581598204893749,1.7650145148206953e-05
55,0.33341206911413857,1.0,1.0,0.5117798868374276,0.9581573298546371,0.00013225060616639528
55,0.333367610143692,1.0,1.0,0.5111017548223679,0.9581643267910601,1.1482255076189496e-05
55,0.3333641236312766,1.0,1.0,0.46352839892198416,0.9586878126387391,0.0005249471930607319
56,0.3333710660910745,1.0,1.0,0.5117798868374276,0.9581573298546371,1.4418171686791936e-05
56,0.3332522182430155,1.0,1.0,0.481289658249812,0.95848461450325,7.519231992603181e-08
56,0.33336372684484206,1.0,1.0,0.5117798868374276,0.958164005899769,6.676045131936981e-06
56,0.33334879939325873,1.0,1.0,0.5073131091833646,0.9582069127492615,3.2679593757745096e-06
56,0.33334862585769,1.0,1.0,0.506916034286634,0.9582077880002532,3.76424933445918e-07
56,0.33335147641713336,1.0,1.0,0.5081568618455015,0.9581992177397713,4.36276281190473e-06
56,0.3333713429095988,1.0,1.0,0.5117798868374276,0.9581573298546371,1.521377608337815e-05
56,0.33319615167506655,1.0,1.0,0.46715142391391035,0.9586458977063591,3.528067613611796e-07
56,0.3333625524273268,1.0,1.0,0.5100655643214308,0.9581750418938726,7.660436232903578e-06
56,0.33336430211373597,1.0,1.0,0.5102560507271479,0.9581730699435965,1.0717496049861275e-05
56,0.33336011753933664,1.0,1.0,0.5110486482517009,0.9581743799860177,9.504725475673048e-06
56,0.333367610143692,1.0,1.0,0.5111017548223679,0.9581643267910601,1.1482255076189496e-05
56,0.33332057693659384,1.0,1.0,0.49900273505196535,0.9582912593506399,3.214637554038724e-06
56,0.33333311182036746,1.0,1.0,0.5023575904182536,0.9582556605787499,3.651977289687025e-06
56,0.3333190022188256,1.0,1.0,0.49883129728682,0.9582930869249785,5.149176294239055e-07
56,0.3332566451061059,1.0,1.0,0.48245873794549965,0.9584718823335776,3.829667588606256e-07
56,0.3333489922105573,1.0,1.0,0.5077543035130652,0.9582063584986948,7.312263965886245e-06
56,0.33337194673779086,1.0,1.0,0.5117798868374276,0.9581573298546371,1.69492347074085e-05
56,0.3331285489190811,1.0,1.0,0.45077393125852805,0.9588404385366627,4.127199341175114e-07
56,0.33330943959197645,1.0,1.0,0.4962542203910993,0.9583206588164674,5.934556083220244e-07
56,0.3333710660910745,1.0,1.0,0.47897028904366334,0.9585105313027987,0.00036761961984843605
56,0.3333068394414667,1.0,1.0,0.481289658249812,0.95848453931093,0.00015699802667512586
56,0.3332236856297268,1.0,1.0,0.473985153548482,0.9585669511175234,2.6540521458340294e-07
56,0.33356913533582244,1.0,1.0,0.5117798868374276,0.9581573298546371,0.0005833516316655629
56,0.3330882967556663,1.0,1.0,0.43912020066298124,0.9589839363030853,2.7626382526069193e-05
56,0.333072835933221,1.0,1.0,0.4368008314568326,0.9590131495281107,1.2326060974121589e-05
56,0.3333383459319485,1.0,1.0,0.5070961887859111,0.9582369620339651,3.105435518091504e-05
56,0.3333285858296558,1.0,1.0,0.5028959343979773,0.9582650199058058,1.504269586205531e-05
56,0.33332646897109475,1.0,1.0,0.4995436734181859,0.958285498188746,1.4392623102432722e-05
56,0.33356706484805276,1.0,1.0,0.5117798868374276,0.9581573298546371,0.0005774078637895697
56,0.3332140934707604,1.0,1.0,0.47201134510299264,0.9585942797552435,4.77827326472724e-06
56,0.3331017314620913,1.0,1.0,0.44314030055163794,0.9589337561421136,1.6122983764521592e-05
56,0.33339858303882924,1.0,1.0,0.5117798868374276,0.9581573298546371,9.349819693171835e-05
56,0.3333810582535572,1.0,1.0,0.5117798868374276,0.9581573298546371,4.313581892401164e-05
56,0.3333190022188256,1.0,1.0,0.5117798868374276,0.9582925720073491,0.00013524215271198958
56,0.3333279748402478,1.0,1.0,0.48245873794549965,0.9584714993668187,0.00020472296344997698
56,0.3332048803162478,1.0,1.0,0.4698999476902653,0.9586207850008432,7.026732920745182e-06
56,0.33334473307321355,1.0,1.0,0.5081090659319012,0.9582186014774112,2.3249099901478942e-05
56,0.33321431521971756,1.0,1.0,0.4715696201521374,0.9585945647005722,9.228749479062159e-07
56,0.3332331554635265,1.0,1.0,0.47814703978230316,0.9585394451240795,1.9648948791028964e-05
57,0.3333710660910745,1.0,1.0,0.5117798868374276,0.9581573298546371,1.4418171686791936e-05
57,0.3332522182430155,1.0,1.0,0.481289658249812,0.95848461450325,7.519231992603181e-08
57,0.33336372684484206,1.0,1.0,0.5117798868374276,0.958164005899769,6.676045131936981e-06
57,0.33334879939325873,1.0,1.0,0.5073131091833646,0.9582069127492615,3.2679593757745096e-06
57,0.33334862585769,1.0,1.0,0.506916034286634,0.9582077880002532,3.76424933445918e-07
57,0.33335147641713336,1.0,1.0,0.5081568618455015,0.9581992177397713,4.36276281190473e-06
57,0.3333713429095988,1.0,1.0,0.5117798868374276,0.9581573298546371,1.521377608337815e-05
57,0.3332236856297268,1.0,1.0,0.473985153548482,0.9585669511175234,2.6540521458340294e-07
57,0.3333625524273268,1.0,1.0,0.5100655643214308,0.9581750418938726,7.660436232903578e-06
57,0.33336430211373597,1.0,1.0,0.5102560507271479,0.9581730699435965,1.0717496049861275e-05
57,0.33336011753933664,1.0,1.0,0.5110486482517009,0.9581743799860177,9.504725475673048e-06
57,0.333367610143692,1.0,1.0,0.5111017548223679,0.9581643267910601,1.1482255076189496e-05
57,0.33332057693659384,1.0,1.0,0.49900273505196535,0.9582912593506399,3.214637554038724e-06
57,0.33333311182036746,1.0,1.0,0.5023575904182536,0.9582556605787499,3.651977289687025e-06
57,0.3333190022188256,1.0,1.0,0.49883129728682,0.9582930869249785,5.149176294239055e-07
57,0.3332566451061059,1.0,1.0,0.48245873794549965,0.9584718823335776,3.829667588606256e-07
57,0.3333489922105573,1.0,1.0,0.5077543035130652,0.9582063584986948,7.312263965886245e-06
57,0.33337194673779086,1.0,1.0,0.5117798868374276,0.9581573298546371,1.69492347074085e-05
57,0.33319615167506655,1.0,1.0,0.46715142391391035,0.9586458977063591,3.528067613611796e-07
57,0.33330943959197645,1.0,1.0,0.4962542203910993,0.9583206588164674,5.934556083220244e-07
57,0.33320551128839015,1.0,1.0,0.47161427020626207,0.958618969715717,2.4917087677378547e-05
57,0.3331631539621867,1.0,1.0,0.4588371184207998,0.9587431735380099,2.3279911863793856e-06
57,0.3333651539947793,1.0,1.0,0.5117798868374276,0.9581599039602581,2.5741056209893642e-06
57,0.3333653015626103,1.0,1.0,0.5117798868374276,0.9581594798202,2.1499655629142467e-06
57,0.33335851203136585,1.0,1.0,0.5098369271365129,0.9581789947072392,1.5846342295011695e-06
57,0.33324765088913144,1.0,1.0,0.48061952984106887,0.9584977510952171,5.718659122133651e-06
57,0.33340890497148784,1.0,1.0,0.5117798868374276,0.9581573298546371,0.00012315868342704928
57,0.3333524495940909,1.0,1.0,0.5094074495942769,0.9581964204080051,1.4558096562589107e-05
57,0.3333345395701841,1.0,1.0,0.5100655643214308,0.9582479041839365,7.286229006386868e-05
57,0.333350240465335,1.0,1.0,0.5066289610092812,0.9582107860828801,8.01565917751823e-06
57,0.33308645886536575,1.0,1.0,0.43819700421303065,0.9589955411297109,3.3939920813574886e-05
57,0.3332983394821047,1.0,1.0,0.49458869828105306,0.9583519810853791,1.340314122300068e-05
57,0.333345130888725,1.0,1.0,0.5075263531001878,0.9582174579352185,1.6036438440059086e-05
57,0.33338081270224385,1.0,1.0,0.5023575904182536,0.9582556605787499,0.00014076084496117414
57,0.3332464587746358,1.0,1.0,0.47909675278399694,0.9585091098981589,7.929992133504093e-06
57,0.33336741549914906,1.0,1.0,0.5110150260057986,0.9581652225404382,1.1818563989351993e-05
57,0.3333489922105573,1.0,1.0,0.5117798868374276,0.9582063584986948,4.9028644057758086e-05
57,0.3333189623289488,1.0,1.0,0.49928980832931813,0.9582926866908109,4.485778975826804e-06
57,0.3332818252135031,1.0,1.0,0.4887402254578636,0.958402130284915,2.6624157218879674e-06
57,0.33330943959197645,1.0,1.0,0.5032105097018222,0.9583200653608591,7.340546384748681e-05
58,0.3333710660910745,1.0,1.0,0.5117798868374276,0.9581573298546371,1.4418171686791936e-05
58,0.3332522182430155,1.0,1.0,0.481289658249812,0.95848461450325,7.519231992603181e-08
58,0.33334862585769,1.0,1.0,0.506916034286634,0.9582077880002532,3.76424933445918e-07
58,0.3333653015626103,1.0,1.0,0.5117798868374276,0.9581594798202,2.1499655629142467e-06
58,0.33335851203136585,1.0,1.0,0.5098369271365129,0.9581789947072392,1.5846342295011695e-06
58,0.3333713429095988,1.0,1.0,0.5117798868374276,0.9581573298546371,1.521377608337815e-05
58,0.3332236856297268,1.0,1.0,0.473985153548482,0.9585669511175234,2.6540521458340294e-07
58,0.3333190022188256,1.0,1.0,0.49883129728682,0.9582930869249785,5.149176294239055e-07
58,0.3332566451061059,1.0,1.0,0.48245873794549965,0.9584718823335776,3.829667588606256e-07
58,0.3333651539947793,1.0,1.0,0.5117798868374276,0.9581599039602581,2.5741056209893642e-06
58,0.33337194673779086,1.0,1.0,0.5117798868374276,0.9581573298546371,1.69492347074085e-05
58,0.33319615167506655,1.0,1.0,0.46715142391391035,0.9586458977063591,3.528067613611796e-07
58,0.33330943959197645,1.0,1.0,0.4962542203910993,0.9583206588164674,5.934556083220244e-07
58,0.33336372684484206,1.0,1.0,0.5117798868374276,0.958164005899769,6.676045131936981e-06
58,0.33334879939325873,1.0,1.0,0.5073131091833646,0.9582069127492615,3.2679593757745096e-06
58,0.33335147641713336,1.0,1.0,0.5081568618455015,0.9581992177397713,4.36276281190473e-06
58,0.33332057693659384,1.0,1.0,0.49900273505196535,0.9582912593506399,3.214637554038724e-06
58,0.33340890497148784,1.0,1.0,0.5117798868374276,0.9581573298546371,0.00012315868342704928
58,0.3331631539621867,1.0,1.0,0.4588371184207998,0.9587431735380099,2.3279911863793856e-06
58,0.333367610143692,1.0,1.0,0.5111017548223679,0.9581643267910601,1.1482255076189496e-05
58,0.333189544044432,1.0,1.0,0.4642343806723892,0.958679543317079,1.4634275893987692e-05
58,0.3333607170934725,1.0,1.0,0.481289658249812,0.95848453931093,0.0003118826155737997
58,0.33329789180156677,1.0,1.0,0.506916034286634,0.9583532683288322,0.00014548032857897297
58,0.3333546036247621,1.0,1.0,0.5086646980174573,0.9581902288496765,6.549920071874382e-07
58,0.3332468402680398,1.0,1.0,0.48112059235389454,0.9585000826356763,1.3654166700183268e-05
58,0.3331959618117825,1.0,1.0,0.46731655844811654,0.9586464439664543,2.815601797823142e-06
58,0.33341422501722595,1.0,1.0,0.5117798868374276,0.9581573298546371,0.00013844533052120855
58,0.33331750264985543,1.0,1.0,0.4980033042089972,0.9583019251637857,5.041874281963565e-06
58,0.33345075851847766,1.0,1.0,0.5117798868374276,0.9581573298546371,0.0002434077068776963
58,0.3334591807450583,1.0,1.0,0.5117798868374276,0.9581573298546371,0.00026760187677543623
58,0.33347282017860846,1.0,1.0,0.5117798868374276,0.9581573298546371,0.00030678070174516847
58,0.33319615167506655,1.0,1.0,0.4588371184207998,0.9587431735380099,9.727583165075604e-05
58,0.33330943959197645,1.0,1.0,0.5117798868374276,0.9583200653608591,0.0001627355062220337
58,0.3333355072597882,1.0,1.0,0.501874819972704,0.958260764060766,1.5641718283831985e-05
58,0.3333666258511252,1.0,1.0,0.5117798868374276,0.9581573298546371,1.6562930496011319e-06
58,0.33325063017585266,1.0,1.0,0.5081568618455015,0.9584891820503151,0.000294327073355638
58,0.3333692044972993,1.0,1.0,0.5117798868374276,0.9581573298546371,9.067728842349077e-06
58,0.33335698769435224,1.0,1.0,0.5084514541006341,0.9581917905884406,8.414429014003133e-06
58,0.3332409195892777,1.0,1.0,0.47954099451898874,0.9585171122701902,1.299164190993185e-05
58,0.3331894100692176,1.0,1.0,0.4641313952624626,0.9586807486077104,1.5454088078237227e-05
59,0.3332522182430155,1.0,1.0,0.481289658249812,0.95848461450325,7.519231992603181e-08
59,0.33334862585769,1.0,1.0,0.506916034286634,0.9582077880002532,3.76424933445918e-07
59,0.33335851203136585,1.0,1.0,0.5098369271365129,0.9581789947072392,1.5846342295011695e-06
59,0.3333546036247621,1.0,1.0,0.5086646980174573,0.9581902288496765,6.549920071874382e-07
59,0.3333666258511252,1.0,1.0,0.5117798868374276,0.9581573298546371,1.6562930496011319e-06
59,0.3332236856297268,1.0,1.0,0.473985153548482,0.9585669511175234,2.6540521458340294e-07
59,0.3333190022188256,1.0,1.0,0.49883129728682,0.9582930869249785,5.149176294239055e-07
59,0.3332566451061059,1.0,1.0,0.48245873794549965,0.9584718823335776,3.829667588606256e-07
59,0.3333653015626103,1.0,1.0,0.5117798868374276,0.9581594798202,2.1499655629142467e-06
59,0.3333692044972993,1.0,1.0,0.5117798868374276,0.9581573298546371,9.067728842349077e-06
59,0.33319615167506655,1.0,1.0,0.46715142391391035,0.9586458977063591,3.528067613611796e-07
59,0.33330943959197645,1.0,1.0,0.4962542203910993,0.9583206588164674,5.934556083220244e-07
59,0.3333651539947793,1.0,1.0,0.5117798868374276,0.9581599039602581,2.5741056209893642e-06
59,0.3333710660910745,1.0,1.0,0.5117798868374276,0.9581573298546371,1.4418171686791936e-05
59,0.3331631539621867,1.0,1.0,0.4588371184207998,0.9587431735380099,2.3279911863793856e-06
59,0.3333713429095988,1.0,1.0,0.5117798868374276,0.9581573298546371,1.521377608337815e-05
59,0.33336372684484206,1.0,1.0,0.5117798868374276,0.958164005899769,6.676045131936981e-06
59,0.3331959618117825,1.0,1.0,0.46731655844811654,0.9586464439664543,2.815601797823142e-06
59,0.33332057693659384,1.0,1.0,0.49900273505196535,0.9582912593506399,3.214637554038724e-06
59,0.33335147641713336,1.0,1.0,0.5081568618455015,0.9581992177397713,4.36276281190473e-06
59,0.3333202595957032,1.0,1.0,0.49905789032907255,0.9582906715549984,1.7144941871771735e-06
59,0.3335458171570001,1.0,1.0,0.5117798868374276,0.9581573298546371,0.0005164076616190894
59,0.33306430474497173,1.0,1.0,0.43364116667484703,0.9590532593567016,2.787181465491173e-05
59,0.3332531479502801,1.0,1.0,0.4832623278939637,0.9584819405296898,1.9380719736061813e-05
59,0.33326157499331743,1.0,1.0,0.5117798868374276,0.9584577038065114,0.00030037395187432203
59,0.33350494626263943,1.0,1.0,0.5117798868374276,0.9581573298546371,0.0003990491597808399
59,0.33330743615131037,1.0,1.0,0.4961990651139921,0.9583258256205355,4.574655575906306e-06
59,0.3335218837438724,1.0,1.0,0.5117798868374276,0.9581573298546371,0.00044768768590774943
59,0.3332086202733738,1.0,1.0,0.4711814836105087,0.9586100253733694,1.1006674736968591e-05
59,0.3332074856356351,1.0,1.0,0.4696076862527678,0.9586171269319511,3.837300859288462e-06
59,0.33335375377220067,1.0,1.0,0.5100312231066043,0.9581926716612804,1.7274157335323004e-05
59,0.3333619325189966,1.0,1.0,0.5100312231066043,0.9581753975039451,6.2342713581520215e-06
59,0.333250356138367,1.0,1.0,0.48135294177393484,0.9584899702324126,6.137836628505866e-06
59,0.33320780842787695,1.0,1.0,0.4717628912870476,0.9586123609825906,2.0012378228018157e-05
59,0.3333627670234605,1.0,1.0,0.5103307338937361,0.9581722970751189,5.532420059517484e-06
59,0.3333713429095988,1.0,1.0,0.47442768721374295,0.9585619118311312,0.0004197957525774454
59,0.33337452538396495,1.0,1.0,0.5117798868374276,0.9581573298546371,2.4360433917847146e-05
59,0.333347480201179,1.0,1.0,0.5081568618455015,0.9582107047652249,1.5849788265409614e-05
59,0.3331643458218501,1.0,1.0,0.4588371184207998,0.9587431735380099,5.757783576809672e-06
59,0.33333930164425596,1.0,1.0,0.5081568618455015,0.9582342146865903,3.9359709630870654e-05
60,0.3332522182430155,1.0,1.0,0.481289658249812,0.95848461450325,7.519231992603181e-08
60,0.33334862585769,1.0,1.0,0.506916034286634,0.9582077880002532,3.76424933445918e-07
60,0.33335851203136585,1.0,1.0,0.5098369271365129,0.9581789947072392,1.5846342295011695e-06
60,0.3333546036247621,1.0,1.0,0.5086646980174573,0.9581902288496765,6.549920071874382e-07
60,0.3333666258511252,1.0,1.0,0.5117798868374276,0.9581573298546371,1.6562930496011319e-06
60,0.3332236856297268,1.0,1.0,0.473985153548482,0.9585669511175234,2.6540521458340294e-07
60,0.3333190022188256,1.0,1.0,0.49883129728682,0.9582930869249785,5.149176294239055e-07
60,0.3332566451061059,1.0,1.0,0.48245873794549965,0.9584718823335776,3.829667588606256e-07
60,0.3333653015626103,1.0,1.0,0.5117798868374276,0.9581594798202,2.1499655629142467e-06
60,0.3333692044972993,1.0,1.0,0.5117798868374276,0.9581573298546371,9.067728842349077e-06
60,0.3333202595957032,1.0,1.0,0.49905789032907255,0.9582906715549984,1.7144941871771735e-06
60,0.33319615167506655,1.0,1.0,0.46715142391391035,0.9586458977063591,3.528067613611796e-07
60,0.33330943959197645,1.0,1.0,0.4962542203910993,0.9583206588164674,5.934556083220244e-07
60,0.3333651539947793,1.0,1.0,0.5117798868374276,0.9581599039602581,2.5741056209893642e-06
60,0.3333710660910745,1.0,1.0,0.5117798868374276,0.9581573298546371,1.4418171686791936e-05
60,0.3331631539621867,1.0,1.0,0.4588371184207998,0.9587431735380099,2.3279911863793856e-06
60,0.3333713429095988,1.0,1.0,0.5117798868374276,0.9581573298546371,1.521377608337815e-05
60,0.33332057693659384,1.0,1.0,0.49900273505196535,0.9582912593506399,3.214637554038724e-06
60,0.3331959618117825,1.0,1.0,0.46731655844811654,0.9586464439664543,2.815601797823142e-06
60,0.33336372684484206,1.0,1.0,0.5117798868374276,0.958164005899769,6.676045131936981e-06
60,0.33336017364809967,1.0,1.0,0.5086646980174573,0.9581895738576693,1.535514460293541e-05
60,0.33334862585769,1.0,1.0,0.4890976681872418,0.9583982177614231,0.00019080618610334277
60,0.33332328334032973,1.0,1.0,0.5013318184081675,0.958280263935486,1.3751964446084841e-05
60,0.33324732240561594,1.0,1.0,0.4805270002838989,0.9584986958911352,5.627762393767277e-06
60,0.333208105983373,1.0,1.0,0.47054033138560863,0.9586115049398635,5.118476226528834e-06
60,0.3332236856297268,1.0,1.0,0.49900273505196535,0.9585666857123089,0.0002754263616689956
60,0.33318891986978305,1.0,1.0,0.46532734327869585,0.9586667728261216,6.788388584588745e-08
60,0.33325464311575065,1.0,1.0,0.4831137068131781,0.9584776402472274,1.3428550394989358e-05
60,0.3332438672584233,1.0,1.0,0.5117798868374276,0.9585086338206628,0.0003513039660256734
60,0.3334170687554329,1.0,1.0,0.5117798868374276,0.9581573298546371,0.00014661634260204615
60,0.3335523291973439,1.0,1.0,0.5117798868374276,0.9581573298546371,0.0005351039672827351
60,0.3331387769072605,1.0,1.0,0.46715142391391035,0.9588110003285595,0.00016545542896173604
60,0.33335347198557225,1.0,1.0,0.50846076427943,0.9581934816299899,1.7878490993217255e-06
60,0.33316241660766854,1.0,1.0,0.4590408947786926,0.9587429674304959,2.2135635219244776e-06
60,0.3331215556275523,1.0,1.0,0.4479412577997975,0.9588745722942414,1.4004616780471935e-05
60,0.3332386273545786,1.0,1.0,0.4769121909540978,0.9585337318730557,1.0026291053732983e-05
60,0.33326890182176006,1.0,1.0,0.4848044235335798,0.9584454585677424,8.826199657585576e-06
60,0.33337093328002654,1.0,1.0,0.5117798868374276,0.9581573298546371,1.4036458852562106e-05
60,0.3332863598283103,1.0,1.0,0.4910404311259048,0.9583864281144087,9.410680857135922e-06
60,0.33336372684484206,1.0,1.0,0.5117798868374276,0.958164005899769,6.676045131936981e-06
61,0.3332522182430155,1.0,1.0,0.481289658249812,0.95848461450325,7.519231992603181e-08
61,0.33334862585769,1.0,1.0,0.506916034286634,0.9582077880002532,3.76424933445918e-07
61,0.33335851203136585,1.0,1.0,0.5098369271365129,0.9581789947072392,1.5846342295011695e-06
61,0.3333546036247621,1.0,1.0,0.5086646980174573,0.9581902288496765,6.549920071874382e-07
61,0.3333666258511252,1.0,1.0,0.5117798868374276,0.9581573298546371,1.6562930496011319e-06
61,0.33318891986978305,1.0,1.0,0.46532734327869585,0.9586667728261216,6.788388584588745e-08
61,0.3332236856297268,1.0,1.0,0.473985153548482,0.9585669511175234,2.6540521458340294e-07
61,0.3333190022188256,1.0,1.0,0.49883129728682,0.9582930869249785,5.149176294239055e-07
61,0.3332566451061059,1.0,1.0,0.48245873794549965,0.9584718823335776,3.829667588606256e-07
61,0.3333653015626103,1.0,1.0,0.5117798868374276,0.9581594798202,2.1499655629142467e-06
61,0.3333692044972993,1.0,1.0,0.5117798868374276,0.9581573298546371,9.067728842349077e-06
61,0.3333202595957032,1.0,1.0,0.49905789032907255,0.9582906715549984,1.7144941871771735e-06
61,0.33335347198557225,1.0,1.0,0.50846076427943,0.9581934816299899,1.7878490993217255e-06
61,0.33319615167506655,1.0,1.0,0.46715142391391035,0.9586458977063591,3.528067613611796e-07
61,0.33330943959197645,1.0,1.0,0.4962542203910993,0.9583206588164674,5.934556083220244e-07
61,0.3333651539947793,1.0,1.0,0.5117798868374276,0.9581599039602581,2.5741056209893642e-06
61,0.33337093328002654,1.0,1.0,0.5117798868374276,0.9581573298546371,1.4036458852562106e-05
61,0.33316241660766854,1.0,1.0,0.4590408947786926,0.9587429674304959,2.2135635219244776e-06
61,0.3333710660910745,1.0,1.0,0.5117798868374276,0.9581573298546371,1.4418171686791936e-05
61,0.33332057693659384,1.0,1.0,0.49900273505196535,0.9582912593506399,3.214637554038724e-06
61,0.3333681401754292,1.0,1.0,0.5117798868374276,0.9581573298546371,6.008713825056411e-06
61,0.3333794331697363,1.0,1.0,0.5117798868374276,0.9581573298546371,3.846541722640762e-05
61,0.3332809386703644,1.0,1.0,0.5098369271365129,0.9584020172573255,0.00022460718431582816
61,0.3334071636213416,1.0,1.0,0.5117798868374276,0.9581573298546371,0.00011815497288603094
61,0.33322380515967,1.0,1.0,0.473985153548482,0.9585669511175234,6.092504601928894e-07
61,0.3331964372818681,1.0,1.0,0.46710178416451387,0.9586461211830833,1.0452015604123233e-06
61,0.3334109078785013,1.0,1.0,0.5117798868374276,0.9581573298546371,0.00012891390411562398
61,0.3333242558116576,1.0,1.0,0.49905789032907255,0.9582906715549984,1.3203395882288582e-05
61,0.3332625983411004,1.0,1.0,0.4839456974362645,0.9584549727897916,2.121145171729566e-07
61,0.3333517965511746,1.0,1.0,0.50846076427943,0.9581982975341804,6.603753289868841e-06
61,0.33314607961672277,1.0,1.0,0.45394685190988093,0.958801653844811,1.1671077531749674e-05
61,0.33313139381759654,1.0,1.0,0.4503743744853436,0.9588448820817272,1.263191692790766e-05
61,0.3332279272304182,1.0,1.0,0.4759917375019763,0.9585544842826794,1.0334465034178564e-05
61,0.33330927828285606,1.0,1.0,0.4972540713211421,0.9583205291516276,1.0589852603604122e-05
61,0.33353086866323445,1.0,1.0,0.5117798868374276,0.9581573298546371,0.0004734872285881986
61,0.3334668625663836,1.0,1.0,0.5117798868374276,0.9581573298546371,0.0002896680504903548
61,0.33314621661357685,1.0,1.0,0.4546634274829784,0.9587930348382054,3.4463458854494533e-06
61,0.33340687801454,1.0,1.0,0.5117798868374276,0.9581573298546371,0.00011733428644622457
61,0.333526680820036,1.0,1.0,0.5117798868374276,0.9581573298546371,0.00046146231428534357
61,0.33318725411875827,1.0,1.0,0.46452262034901937,0.958676171715763,4.673973017510491e-06
62,0.3332522182430155,1.0,1.0,0.481289658249812,0.95848461450325,7.519231992603181e-08
62,0.33334862585769,1.0,1.0,0.506916034286634,0.9582077880002532,3.76424933445918e-07
62,0.33335851203136585,1.0,1.0,0.5098369271365129,0.9581789947072392,1.5846342295011695e-06
62,0.3333546036247621,1.0,1.0,0.5086646980174573,0.9581902288496765,6.549920071874382e-07
62,0.3333666258511252,1.0,1.0,0.5117798868374276,0.9581573298546371,1.6562930496011319e-06
62,0.33318891986978305,1.0,1.0,0.46532734327869585,0.9586667728261216,6.788388584588745e-08
62,0.3332625983411004,1.0,1.0,0.4839456974362645,0.9584549727897916,2.121145171729566e-07
62,0.3333190022188256,1.0,1.0,0.49883129728682,0.9582930869249785,5.149176294239055e-07
62,0.3333653015626103,1.0,1.0,0.5117798868374276,0.9581594798202,2.1499655629142467e-06
62,0.3333202595957032,1.0,1.0,0.49905789032907255,0.9582906715549984,1.7144941871771735e-06
62,0.33335347198557225,1.0,1.0,0.50846076427943,0.9581934816299899,1.7878490993217255e-06
62,0.3333681401754292,1.0,1.0,0.5117798868374276,0.9581573298546371,6.008713825056411e-06
62,0.3332236856297268,1.0,1.0,0.473985153548482,0.9585669511175234,2.6540521458340294e-07
62,0.3332566451061059,1.0,1.0,0.48245873794549965,0.9584718823335776,3.829667588606256e-07
62,0.33330943959197645,1.0,1.0,0.4962542203910993,0.9583206588164674,5.934556083220244e-07
62,0.3333651539947793,1.0,1.0,0.5117798868374276,0.9581599039602581,2.5741056209893642e-06
62,0.3333692044972993,1.0,1.0,0.5117798868374276,0.9581573298546371,9.067728842349077e-06
62,0.33319615167506655,1.0,1.0,0.46715142391391035,0.9586458977063591,3.528067613611796e-07
62,0.33322380515967,1.0,1.0,0.473985153548482,0.9585669511175234,6.092504601928894e-07
62,0.33337093328002654,1.0,1.0,0.5117798868374276,0.9581573298546371,1.4036458852562106e-05
62,0.33330774854141315,1.0,1.0,0.49643988727101285,0.9583249274370892,6.261312482713777e-06
62,0.3333039167773603,1.0,1.0,0.4957884779660931,0.9583359446343438,1.0282887245027794e-05
62,0.3334210699390606,1.0,1.0,0.5117798868374276,0.9581573298546371,0.00015811284692091032
62,0.33334384876623213,1.0,1.0,0.5067121005486067,0.95822114347541,1.1225900104161468e-05
62,0.33341544452513283,1.0,1.0,0.5117798868374276,0.9581573298546371,0.00014194940215406238
62,0.33321497569669967,1.0,1.0,0.47080500734995284,0.958603343393744,1.1601629881341502e-05
62,0.33327980491172543,1.0,1.0,0.48732589141077143,0.9584176479883979,1.2370417823870383e-05
62,0.33341056243426276,1.0,1.0,0.5117798868374276,0.9581573298546371,0.00012792129790295537
62,0.3332988433705937,1.0,1.0,0.4950233680956158,0.9583505322278754,1.663843717158997e-05
62,0.3332106643743865,1.0,1.0,0.4711814836105087,0.9586041447220958,5.1260234633643265e-06
62,0.3333616561103423,1.0,1.0,0.5117798868374276,0.9581699577038266,1.2627849189539297e-05
62,0.33333591183979033,1.0,1.0,0.5028153973384233,0.9582508269416163,6.8676505746712024e-06
62,0.3332093966518847,1.0,1.0,0.469972597634569,0.9586129213070561,5.1294968134163454e-06
62,0.3334939473796724,1.0,1.0,0.5117798868374276,0.9581573298546371,0.0003674615663890046
62,0.33320355945239116,1.0,1.0,0.46802984067121933,0.958635360031274,1.0774928338896927e-05
62,0.3332919127452481,1.0,1.0,0.4920543704514809,0.9583704606096173,4.464393774883391e-06
62,0.33324124851569215,1.0,1.0,0.5117798868374276,0.9585161661640362,0.00035883630939914646
62,0.33321378383703626,1.0,1.0,0.47080500734995284,0.958603343393744,8.172879683465695e-06
62,0.3333596436705557,1.0,1.0,0.5100408608745401,0.9581757420252826,4.4432552359641164e-07
62,0.33325752644499324,1.0,1.0,0.4834099938183832,0.9584693475414942,8.428350245504035e-06
63,0.3332522182430155,1.0,1.0,0.481289658249812,0.95848461450325,7.519231992603181e-08
63,0.33334862585769,1.0,1.0,0.506916034286634,0.9582077880002532,3.76424933445918e-07
63,0.3333666258511252,1.0,1.0,0.5117798868374276,0.9581573298546371,1.6562930496011319e-06
63,0.33318891986978305,1.0,1.0,0.46532734327869585,0.9586667728261216,6.788388584588745e-08
63,0.3332625983411004,1.0,1.0,0.4839456974362645,0.9584549727897916,2.121145171729566e-07
63,0.3333596436705557,1.0,1.0,0.5100408608745401,0.9581757420252826,4.4432552359641164e-07
63,0.3333653015626103,1.0,1.0,0.5117798868374276,0.9581594798202,2.1499655629142467e-06
63,0.3333681401754292,1.0,1.0,0.5117798868374276,0.9581573298546371,6.008713825056411e-06
63,0.3332236856297268,1.0,1.0,0.473985153548482,0.9585669511175234,2.6540521458340294e-07
63,0.3332566451061059,1.0,1.0,0.48245873794549965,0.9584718823335776,3.829667588606256e-07
63,0.33335851203136585,1.0,1.0,0.5098369271365129,0.9581789947072392,1.5846342295011695e-06
63,0.3333546036247621,1.0,1.0,0.5086646980174573,0.9581902288496765,6.549920071874382e-07
63,0.3333190022188256,1.0,1.0,0.49883129728682,0.9582930869249785,5.149176294239055e-07
63,0.3333651539947793,1.0,1.0,0.5117798868374276,0.9581599039602581,2.5741056209893642e-06
63,0.3333692044972993,1.0,1.0,0.5117798868374276,0.9581573298546371,9.067728842349077e-06
63,0.33319615167506655,1.0,1.0,0.46715142391391035,0.9586458977063591,3.528067613611796e-07
63,0.3333202595957032,1.0,1.0,0.49905789032907255,0.9582906715549984,1.7144941871771735e-06
63,0.33335347198557225,1.0,1.0,0.50846076427943,0.9581934816299899,1.7878490993217255e-06
63,0.33330943959197645,1.0,1.0,0.4962542203910993,0.9583206588164674,5.934556083220244e-07
63,0.33337093328002654,1.0,1.0,0.5117798868374276,0.9581573298546371,1.4036458852562106e-05
63,0.33325413131196835,1.0,1.0,0.48245873794549965,0.9584791122544254,7.612887606645025e-06
63,0.3332704235848077,1.0,1.0,0.4856388841440288,0.9584362341160462,3.9781142483485965e-06
63,0.3332436117514793,1.0,1.0,0.47776462687737653,0.9585241068694437,1.473813413455094e-05
63,0.33340134157984297,1.0,1.0,0.5117798868374276,0.9581573298546371,0.00010142515473254843
63,0.3334032031576823,1.0,1.0,0.5117798868374276,0.9581573298546371,0.00010677452036189639
63,0.3331794245367676,1.0,1.0,0.5100408608745401,0.9586940261359127,0.0005187284361537481
63,0.3333653015626103,1.0,1.0,0.5074024195417134,0.9582027134851046,4.3233664904551716e-05
63,0.3333026751346465,1.0,1.0,0.4956747774005356,0.958339514695217,1.2630661272994281e-05
63,0.3332832410330875,1.0,1.0,0.489956178543161,0.958395396495163,6.560695471002909e-06
63,0.3333692779923961,1.0,1.0,0.5117798868374276,0.9581573298546371,9.27896366120784e-06
63,0.33335711743784024,1.0,1.0,0.50846076427943,0.9581916937808905,8.690549013645743e-06
63,0.33337786982695633,1.0,1.0,0.5117798868374276,0.9581573298546371,3.3972412920690864e-05
63,0.3334370673159641,1.0,1.0,0.5117798868374276,0.9581573298546371,0.00020407496692498306
63,0.3331774139393705,1.0,1.0,0.46165289095785234,0.9587098591459864,1.0047660805923009e-05
63,0.33316273291703624,1.0,1.0,0.5117798868374276,0.9587420571864892,0.0005847273318521085
63,0.333500663060699,1.0,1.0,0.5117798868374276,0.9581573298546371,0.0003867485182276198
63,0.3333597470461252,1.0,1.0,0.49905789032907255,0.9582906715549984,0.00011522666205876497
63,0.3332934725830375,1.0,1.0,0.4917589677250147,0.9583692040962777,3.228730384607914e-06
63,0.33319011172944646,1.0,1.0,0.46532734327869585,0.9586667728261216,3.497145837472182e-06
63,0.3330779459217384,1.0,1.0,0.4367939315685713,0.9590132367232153,2.7125977954622904e-05
64,0.3332522182430155,1.0,1.0,0.481289658249812,0.95848461450325,7.519231992603181e-08
64,0.33334862585769,1.0,1.0,0.506916034286634,0.9582077880002532,3.76424933445918e-07
64,0.3333666258511252,1.0,1.0,0.5117798868374276,0.9581573298546371,1.6562930496011319e-06
64,0.33318891986978305,1.0,1.0,0.46532734327869585,0.9586667728261216,6.788388584588745e-08
64,0.3332625983411004,1.0,1.0,0.4839456974362645,0.9584549727897916,2.121145171729566e-07
64,0.3333596436705557,1.0,1.0,0.5100408608745401,0.9581757420252826,4.4432552359641164e-07
64,0.3333653015626103,1.0,1.0,0.5117798868374276,0.9581594798202,2.1499655629142467e-06
64,0.3333681401754292,1.0,1.0,0.5117798868374276,0.9581573298546371,6.008713825056411e-06
64,0.3332236856297268,1.0,1.0,0.473985153548482,0.9585669511175234,2.6540521458340294e-07
64,0.3332566451061059,1.0,1.0,0.48245873794549965,0.9584718823335776,3.829667588606256e-07
64,0.33335851203136585,1.0,1.0,0.5098369271365129,0.9581789947072392,1.5846342295011695e-06
64,0.3333546036247621,1.0,1.0,0.5086646980174573,0.9581902288496765,6.549920071874382e-07
64,0.3333190022188256,1.0,1.0,0.49883129728682,0.9582930869249785,5.149176294239055e-07
64,0.3333651539947793,1.0,1.0,0.5117798868374276,0.9581599039602581,2.5741056209893642e-06
64,0.3333692044972993,1.0,1.0,0.5117798868374276,0.9581573298546371,9.067728842349077e-06
64,0.33319615167506655,1.0,1.0,0.46715142391391035,0.9586458977063591,3.528067613611796e-07
64,0.3333202595957032,1.0,1.0,0.49905789032907255,0.9582906715549984,1.7144941871771735e-06
64,0.33335347198557225,1.0,1.0,0.50846076427943,0.9581934816299899,1.7878490993217255e-06
64,0.33330943959197645,1.0,1.0,0.4962542203910993,0.9583206588164674,5.934556083220244e-07
64,0.3333692779923961,1.0,1.0,0.5117798868374276,0.9581573298546371,9.27896366120784e-06
64,0.33349774123717113,1.0,1.0,0.5117798868374276,0.9581573298546371,0.0003783573471208834
64,0.3331606995655269,1.0,1.0,0.45740796748445284,0.9587601819538554,1.22733581040535e-05
64,0.3334027361923091,1.0,1.0,0.5117798868374276,0.9581573298546371,0.00010543267044527127
64,0.3332230566782466,1.0,1.0,0.4737805268257732,0.9585692833213199,7.883346465620278e-07
64,0.3332625983411004,1.0,1.0,0.510541340266053,0.9584547606752745,0.00028464228295232985
64,0.333461424835968,1.0,1.0,0.5117798868374276,0.9581573298546371,0.0002740481745013845
64,0.33321066727989945,1.0,1.0,0.469972597634569,0.9586129213070561,8.7849437465648e-06
64,0.3333964269837562,1.0,1.0,0.5117798868374276,0.9581573298546371,8.730245453270058e-05
64,0.33340997966459973,1.0,1.0,0.473985153548482,0.9585669511175234,0.0005358680144109673
64,0.33336576535117596,1.0,1.0,0.5117798868374276,0.9581581467996692,8.169450320671956e-07
64,0.33333511894393625,1.0,1.0,0.5028282746222963,0.9582506910637528,4.452421940581708e-06
64,0.3333295160271119,1.0,1.0,0.5018185075890178,0.9582623457481382,9.859756997521174e-07
64,0.3332962382211052,1.0,1.0,0.49326701008890145,0.9583580230006624,5.168980662606515e-06
64,0.3334293835706252,1.0,1.0,0.5117798868374276,0.9581573298546371,0.0001819993215326221
64,0.3333692044972993,1.0,1.0,0.47143030975496286,0.958596162792726,0.00044790066693123354
64,0.3333404443642078,1.0,1.0,0.5056774877152594,0.9582309297766105,1.0190846552515787e-05
64,0.3332330850652335,1.0,1.0,0.47755177934956805,0.9585396476236016,1.3139531836015017e-05
64,0.3333026967097379,1.0,1.0,0.50846076427943,0.9583394526607278,0.00014775887983731195
64,0.3332767715979404,1.0,1.0,0.4867291163763808,0.9584242132227533,1.0212740235937545e-05
64,0.333102153016576,1.0,1.0,0.44226360484555605,0.9589446505853725,2.823097675208608e-05
65,0.3332522182430155,1.0,1.0,0.481289658249812,0.95848461450325,7.519231992603181e-08
65,0.33334862585769,1.0,1.0,0.506916034286634,0.9582077880002532,3.76424933445918e-07
65,0.3333666258511252,1.0,1.0,0.5117798868374276,0.9581573298546371,1.6562930496011319e-06
65,0.33318891986978305,1.0,1.0,0.46532734327869585,0.9586667728261216,6.788388584588745e-08
65,0.3332625983411004,1.0,1.0,0.4839456974362645,0.9584549727897916,2.121145171729566e-07
65,0.3333596436705557,1.0,1.0,0.5100408608745401,0.9581757420252826,4.4432552359641164e-07
65,0.33336576535117596,1.0,1.0,0.5117798868374276,0.9581581467996692,8.169450320671956e-07
65,0.3333681401754292,1.0,1.0,0.5117798868374276,0.9581573298546371,6.008713825056411e-06
65,0.3332236856297268,1.0,1.0,0.473985153548482,0.9585669511175234,2.6540521458340294e-07
65,0.3332566451061059,1.0,1.0,0.48245873794549965,0.9584718823335776,3.829667588606256e-07
65,0.3333546036247621,1.0,1.0,0.5086646980174573,0.9581902288496765,6.549920071874382e-07
65,0.3333190022188256,1.0,1.0,0.49883129728682,0.9582930869249785,5.149176294239055e-07
65,0.3333653015626103,1.0,1.0,0.5117798868374276,0.9581594798202,2.1499655629142467e-06
65,0.33335851203136585,1.0,1.0,0.5098369271365129,0.9581789947072392,1.5846342295011695e-06
65,0.3333692044972993,1.0,1.0,0.5117798868374276,0.9581573298546371,9.067728842349077e-06
65,0.33319615167506655,1.0,1.0,0.46715142391391035,0.9586458977063591,3.528067613611796e-07
65,0.3333295160271119,1.0,1.0,0.5018185075890178,0.9582623457481382,9.859756997521174e-07
65,0.33330943959197645,1.0,1.0,0.4962542203910993,0.9583206588164674,5.934556083220244e-07
65,0.3333651539947793,1.0,1.0,0.5117798868374276,0.9581599039602581,2.5741056209893642e-06
65,0.33335347198557225,1.0,1.0,0.50846076427943,0.9581934816299899,1.7878490993217255e-06
65,0.33343180182872245,1.0,1.0,0.5117798868374276,0.9581573298546371,0.00018894716388118127
65,0.33321766844696565,1.0,1.0,0.47295980793676684,0.9585839953314124,5.344947813679113e-06
65,0.3333666258511252,1.0,1.0,0.5117798868374276,0.9581573298546371,1.6562930496011319e-06
65,0.3330948482229925,1.0,1.0,0.4407623899111752,0.958963368750748,2.5920037278415187e-05
65,0.33319147864777826,1.0,1.0,0.4650199122249132,0.9586703610631111,1.1018299740039872e-05
65,0.3333474942185002,1.0,1.0,0.5067121005486067,0.958210664472295,7.468969891455401e-07
65,0.33326886930044813,1.0,1.0,0.48639312998357875,0.958436725895022,8.811819330767356e-06
65,0.33331653593879484,1.0,1.0,0.5117798868374276,0.958299662618141,0.00014233276350394952
65,0.3332236856297268,1.0,1.0,0.4978067870357321,0.9585666857123089,0.00026266003995567555
65,0.33350670571250357,1.0,1.0,0.5117798868374276,0.9581573298546371,0.0004041019147718039
65,0.33326111579932377,1.0,1.0,0.5086646980174573,0.95845902444669,0.00026945058902061447
65,0.3335176729646195,1.0,1.0,0.5117798868374276,0.9581573298546371,0.0004355962610556041
65,0.33337464880018436,1.0,1.0,0.5117798868374276,0.9581573298546371,2.471513739887854e-05
65,0.3333395590395253,1.0,1.0,0.5047753053442601,0.9582334747655508,3.275786937484426e-06
65,0.33334949541517395,1.0,1.0,0.5075095084065464,0.9582049120472422,3.3149715487068576e-06
65,0.333440925946001,1.0,1.0,0.5117798868374276,0.9581573298546371,0.00021516055032078096
65,0.3331973875057911,1.0,1.0,0.46823357167168156,0.9586423420840907,9.340730649509688e-06
65,0.33339008212180454,1.0,1.0,0.5117798868374276,0.9581573298546371,6.906909255932625e-05
65,0.3333458251311861,1.0,1.0,0.5068956409128313,0.9582154623042729,7.461397333985431e-06
65,0.33343903013566645,1.0,1.0,0.5117798868374276,0.9581573298546371,0.00020971404737757382
66,0.3332522182430155,1.0,1.0,0.481289658249812,0.95848461450325,7.519231992603181e-08
66,0.33334862585769,1.0,1.0,0.506916034286634,0.9582077880002532,3.76424933445918e-07
66,0.3333666258511252,1.0,1.0,0.5117798868374276,0.9581573298546371,1.6562930496011319e-06
66,0.33318891986978305,1.0,1.0,0.46532734327869585,0.9586667728261216,6.788388584588745e-08
66,0.3332625983411004,1.0,1.0,0.4839456974362645,0.9584549727897916,2.121145171729566e-07
66,0.3333596436705557,1.0,1.0,0.5100408608745401,0.9581757420252826,4.4432552359641164e-07
66,0.33336576535117596,1.0,1.0,0.5117798868374276,0.9581581467996692,8.169450320671956e-07
66,0.3333666258511252,1.0,1.0,0.5117798868374276,0.9581573298546371,1.6562930496011319e-06
66,0.3332236856297268,1.0,1.0,0.473985153548482,0.9585669511175234,2.6540521458340294e-07
66,0.3332566451061059,1.0,1.0,0.48245873794549965,0.9584718823335776,3.829667588606256e-07
66,0.3333546036247621,1.0,1.0,0.5086646980174573,0.9581902288496765,6.549920071874382e-07
66,0.3333190022188256,1.0,1.0,0.49883129728682,0.9582930869249785,5.149176294239055e-07
66,0.33335851203136585,1.0,1.0,0.5098369271365129,0.9581789947072392,1.5846342295011695e-06
66,0.3333681401754292,1.0,1.0,0.5117798868374276,0.9581573298546371,6.008713825056411e-06
66,0.3333653015626103,1.0,1.0,0.5117798868374276,0.9581594798202,2.1499655629142467e-06
66,0.33319615167506655,1.0,1.0,0.46715142391391035,0.9586458977063591,3.528067613611796e-07
66,0.3333692044972993,1.0,1.0,0.5117798868374276,0.9581573298546371,9.067728842349077e-06
66,0.33330943959197645,1.0,1.0,0.4962542203910993,0.9583206588164674,5.934556083220244e-07
66,0.3333651539947793,1.0,1.0,0.5117798868374276,0.9581599039602581,2.5741056209893642e-06
66,0.3333474942185002,1.0,1.0,0.5067121005486067,0.958210664472295,7.468969891455401e-07
66,0.3332522182430155,1.0,1.0,0.5117798868374276,0.95848461450325,0.0003272846486128689
66,0.3331912655303249,1.0,1.0,0.4658714030496886,0.9586604301536428,4.742078197894628e-07
66,0.33321004356404565,1.0,1.0,0.469972597634569,0.9586129213070561,6.990590283528775e-06
66,0.33318891986978305,1.0,1.0,0.5081512799435304,0.9586667049422357,0.00047179187895141084
66,0.33319854308912317,1.0,1.0,0.4670760070095191,0.958646420469113,7.403102766700975e-06
66,0.3332636590038265,1.0,1.0,0.4843386811085736,0.9584517102459559,1.0942182614437357e-06
66,0.33351872832106305,1.0,1.0,0.5117798868374276,0.9581573298546371,0.00043862678892059304
66,0.3332706840709379,1.0,1.0,0.4871553696214922,0.958431506886077,1.1984022011968243e-05
66,0.33334601689853355,1.0,1.0,0.5063428276200475,0.9582149110619372,1.134483581632928e-06
66,0.33335474518467234,1.0,1.0,0.5085832332271453,0.9581904205623996,5.986105527933105e-07
66,0.3333494003076443,1.0,1.0,0.506916034286634,0.9582077880002532,2.6025686828967665e-06
66,0.3334879696126003,1.0,1.0,0.5117798868374276,0.9581573298546371,0.00035029319678892
66,0.33328384317469956,1.0,1.0,0.48976832013040666,0.9583936649688405,2.7780474962657564e-06
66,0.33327141368644536,1.0,1.0,0.48539085283469247,0.9584389738007841,9.565163940128407e-06
66,0.33335627271207613,1.0,1.0,0.5084811576532327,0.9581914817380817,6.050467696416817e-06
66,0.33319615167506655,1.0,1.0,0.5117798868374276,0.9586458977063591,0.0004885678517220216
66,0.33325531393138336,1.0,1.0,0.48259965514568615,0.958475710910302,5.7805744700933914e-06
66,0.3332285029402337,1.0,1.0,0.4758216671764618,0.9585528282141896,6.750651689646503e-06
66,0.3331997398735098,1.0,1.0,0.4681310132166691,0.9586355741337513,1.3855831054732093e-06
66,0.33335851203136585,1.0,1.0,0.5098369271365129,0.9581789947072392,1.5846342295011695e-06
67,0.3332522182430155,1.0,1.0,0.481289658249812,0.95848461450325,7.519231992603181e-08
67,0.33334862585769,1.0,1.0,0.506916034286634,0.9582077880002532,3.76424933445918e-07
67,0.3333666258511252,1.0,1.0,0.5117798868374276,0.9581573298546371,1.6562930496011319e-06
67,0.33318891986978305,1.0,1.0,0.46532734327869585,0.9586667728261216,6.788388584588745e-08
67,0.3332625983411004,1.0,1.0,0.4839456974362645,0.9584549727897916,2.121145171729566e-07
67,0.3333596436705557,1.0,1.0,0.5100408608745401,0.9581757420252826,4.4432552359641164e-07
67,0.33336576535117596,1.0,1.0,0.5117798868374276,0.9581581467996692,8.169450320671956e-07
67,0.3333666258511252,1.0,1.0,0.5117798868374276,0.9581573298546371,1.6562930496011319e-06
67,0.3332236856297268,1.0,1.0,0.473985153548482,0.9585669511175234,2.6540521458340294e-07
67,0.3332566451061059,1.0,1.0,0.48245873794549965,0.9584718823335776,3.829667588606256e-07
67,0.3333546036247621,1.0,1.0,0.5086646980174573,0.9581902288496765,6.549920071874382e-07
67,0.3333190022188256,1.0,1.0,0.49883129728682,0.9582930869249785,5.149176294239055e-07
67,0.33335474518467234,1.0,1.0,0.5085832332271453,0.9581904205623996,5.986105527933105e-07
67,0.33335851203136585,1.0,1.0,0.5098369271365129,0.9581789947072392,1.5846342295011695e-06
67,0.33335851203136585,1.0,1.0,0.5098369271365129,0.9581789947072392,1.5846342295011695e-06
67,0.3333681401754292,1.0,1.0,0.5117798868374276,0.9581573298546371,6.008713825056411e-06
67,0.3333653015626103,1.0,1.0,0.5117798868374276,0.9581594798202,2.1499655629142467e-06
67,0.33319615167506655,1.0,1.0,0.46715142391391035,0.9586458977063591,3.528067613611796e-07
67,0.3333692044972993,1.0,1.0,0.5117798868374276,0.9581573298546371,9.067728842349077e-06
67,0.3333651539947793,1.0,1.0,0.5117798868374276,0.9581599039602581,2.5741056209893642e-06
67,0.3334567202519289,1.0,1.0,0.5117798868374276,0.9581573298546371,0.0002605338498194998
67,0.3332092691140914,1.0,1.0,0.469972597634569,0.9586129213070561,4.7625840849940815e-06
67,0.3334833913839309,1.0,1.0,0.5117798868374276,0.9581573298546371,0.0003371439373801577
67,0.33324870067707213,1.0,1.0,0.480234652042662,0.9584963421073445,1.6104368849578776e-06
67,0.33328535749900356,1.0,1.0,0.48976832013040666,0.9583908869213442,1.576535693992298e-06
67,0.33307480791359145,1.0,1.0,0.43488482768468256,0.9590374285986067,4.2282927414261096e-05
67,0.33337868134280635,1.0,1.0,0.5117798868374276,0.9581573298546371,3.6304692493493995e-05
67,0.3332592081790762,1.0,1.0,0.48281737291783366,0.9584675073414711,2.9965472441162433e-06
67,0.33320211223924784,1.0,1.0,0.46852460775510996,0.958629634188,8.854437073546606e-07
67,0.3333409491454006,1.0,1.0,0.5054594598407987,0.9582294787189126,6.4556429130169235e-06
67,0.3332752898663612,1.0,1.0,0.5086646980174573,0.9584182615613593,0.00022868770369000035
67,0.33319990131886923,1.0,1.0,0.46802963793365426,0.9586353623791055,2.527330797974514e-07
67,0.3334403459803007,1.0,1.0,0.5085832332271453,0.9581904205623996,0.0002465850721939944
67,0.3333581162659822,1.0,1.0,0.5086646980174573,0.9581895738576693,9.441592777270635e-06
67,0.3332113692354256,1.0,1.0,0.471236433871946,0.9586021169320086,3.729092426074665e-06
67,0.33336740958767414,1.0,1.0,0.5117798868374276,0.9581573298546371,3.908887625692081e-06
67,0.3333337314721716,1.0,1.0,0.5036865704653983,0.9582502272558353,8.582413736579753e-06
67,0.3332876731449994,1.0,1.0,0.4914977790865106,0.9583826516024392,1.0609074505119054e-05
67,0.3332573103458646,1.0,1.0,0.5117798868374276,0.958469969056413,0.00031263920177593274
67,0.3333651539947793,1.0,1.0,0.45706281668496224,0.9587642997363555,0.0006043957760973884
68,0.3332522182430155,1.0,1.0,0.481289658249812,0.95848461450325,7.519231992603181e-08
68,0.33334862585769,1.0,1.0,0.506916034286634,0.9582077880002532,3.76424933445918e-07
68,0.3333666258511252,1.0,1.0,0.5117798868374276,0.9581573298546371,1.6562930496011319e-06
68,0.33318891986978305,1.0,1.0,0.46532734327869585,0.9586667728261216,6.788388584588745e-08
68,0.3332625983411004,1.0,1.0,0.4839456974362645,0.9584549727897916,2.121145171729566e-07
68,0.3333596436705557,1.0,1.0,0.5100408608745401,0.9581757420252826,4.4432552359641164e-07
68,0.33336576535117596,1.0,1.0,0.5117798868374276,0.9581581467996692,8.169450320671956e-07
68,0.3333666258511252,1.0,1.0,0.5117798868374276,0.9581573298546371,1.6562930496011319e-06
68,0.3332236856297268,1.0,1.0,0.473985153548482,0.9585669511175234,2.6540521458340294e-07
68,0.3332566451061059,1.0,1.0,0.48245873794549965,0.9584718823335776,3.829667588606256e-07
68,0.33319990131886923,1.0,1.0,0.46802963793365426,0.9586353623791055,2.527330797974514e-07
68,0.3333546036247621,1.0,1.0,0.5086646980174573,0.9581902288496765,6.549920071874382e-07
68,0.3333190022188256,1.0,1.0,0.49883129728682,0.9582930869249785,5.149176294239055e-07
68,0.33335474518467234,1.0,1.0,0.5085832332271453,0.9581904205623996,5.986105527933105e-07
68,0.33335851203136585,1.0,1.0,0.5098369271365129,0.9581789947072392,1.5846342295011695e-06
68,0.33335851203136585,1.0,1.0,0.5098369271365129,0.9581789947072392,1.5846342295011695e-06
68,0.3333653015626103,1.0,1.0,0.5117798868374276,0.9581594798202,2.1499655629142467e-06
68,0.33336740958767414,1.0,1.0,0.5117798868374276,0.9581573298546371,3.908887625692081e-06
68,0.33319615167506655,1.0,1.0,0.46715142391391035,0.9586458977063591,3.528067613611796e-07
68,0.3333681401754292,1.0,1.0,0.5117798868374276,0.9581573298546371,6.008713825056411e-06
68,0.33303750489887907,1.0,1.0,0.42595211926529986,0.9591524024795347,4.984124884976904e-05
68,0.33322595742550354,1.0,1.0,0.4746494380574062,0.958560150603944,7.616528575615789e-07
68,0.3331874863454095,1.0,1.0,0.46540276018308707,0.958670829563177,4.936516349030029e-06
68,0.33325811075264955,1.0,1.0,0.4840583934195784,0.9584676670393297,1.394410783361888e-05
68,0.33344901130995774,1.0,1.0,0.5117798868374276,0.9581573298546371,0.00023838842265633264
68,0.3332427625879389,1.0,1.0,0.47968336852920107,0.9585118111925746,9.288300358623047e-06
68,0.3334008603938965,1.0,1.0,0.5117798868374276,0.9581573298546371,0.00010004242573979916
68,0.3330472683734447,1.0,1.0,0.42797101246161895,0.959126157289754,5.171270893700175e-05
68,0.3333530025188076,1.0,1.0,0.5082718037699141,0.9581948310703398,1.1720136250392699e-06
68,0.33334831966224954,1.0,1.0,0.48245873794549965,0.9584714993668187,0.0002632076348512147
68,0.33322446007968115,1.0,1.0,0.473985153548482,0.9585669511175234,2.4932186336590334e-06
68,0.3333519840435368,1.0,1.0,0.5080882634056896,0.9581977585997498,2.1897160856765296e-06
68,0.33352075797247205,1.0,1.0,0.49883129728682,0.9582930869249785,0.0005802120875291195
68,0.3334852142895675,1.0,1.0,0.5117798868374276,0.9581573298546371,0.00034237959921978867
68,0.3333710416332573,1.0,1.0,0.5117798868374276,0.9581573298546371,1.4347877386633456e-05
68,0.3330969344715705,1.0,1.0,0.44058843220480026,0.9589655429349699,3.4100226587008287e-05
68,0.3334550907470633,1.0,1.0,0.5117798868374276,0.9581573298546371,0.00025585286719709277
68,0.33329840645313674,1.0,1.0,0.49404945200320566,0.9583517885197388,7.391988204874522e-06
68,0.33319615167506655,1.0,1.0,0.46802963793365426,0.9586458977063591,1.0535327253591298e-05
68,0.3333727364292452,1.0,1.0,0.5117798868374276,0.9581573298546371,1.9218872220228e-05
69,0.3332522182430155,1.0,1.0,0.481289658249812,0.95848461450325,7.519231992603181e-08
69,0.33334862585769,1.0,1.0,0.506916034286634,0.9582077880002532,3.76424933445918e-07
69,0.3333666258511252,1.0,1.0,0.5117798868374276,0.9581573298546371,1.6562930496011319e-06
69,0.33318891986978305,1.0,1.0,0.46532734327869585,0.9586667728261216,6.788388584588745e-08
69,0.3332625983411004,1.0,1.0,0.4839456974362645,0.9584549727897916,2.121145171729566e-07
69,0.3333596436705557,1.0,1.0,0.5100408608745401,0.9581757420252826,4.4432552359641164e-07
69,0.33336576535117596,1.0,1.0,0.5117798868374276,0.9581581467996692,8.169450320671956e-07
69,0.3333666258511252,1.0,1.0,0.5117798868374276,0.9581573298546371,1.6562930496011319e-06
69,0.3332236856297268,1.0,1.0,0.473985153548482,0.9585669511175234,2.6540521458340294e-07
69,0.3332566451061059,1.0,1.0,0.48245873794549965,0.9584718823335776,3.829667588606256e-07
69,0.33319990131886923,1.0,1.0,0.46802963793365426,0.9586353623791055,2.527330797974514e-07
69,0.3333546036247621,1.0,1.0,0.5086646980174573,0.9581902288496765,6.549920071874382e-07
69,0.3333190022188256,1.0,1.0,0.49883129728682,0.9582930869249785,5.149176294239055e-07
69,0.33335474518467234,1.0,1.0,0.5085832332271453,0.9581904205623996,5.986105527933105e-07
69,0.33335851203136585,1.0,1.0,0.5098369271365129,0.9581789947072392,1.5846342295011695e-06
69,0.33335851203136585,1.0,1.0,0.5098369271365129,0.9581789947072392,1.5846342295011695e-06
69,0.3333653015626103,1.0,1.0,0.5117798868374276,0.9581594798202,2.1499655629142467e-06
69,0.33336740958767414,1.0,1.0,0.5117798868374276,0.9581573298546371,3.908887625692081e-06
69,0.33319615167506655,1.0,1.0,0.46715142391391035,0.9586458977063591,3.528067613611796e-07
69,0.3333681401754292,1.0,1.0,0.5117798868374276,0.9581573298546371,6.008713825056411e-06
69,0.33345213679038815,1.0,1.0,0.5117798868374276,0.9581573298546371,0.000247367093254125
69,0.333261406481437,1.0,1.0,0.4839456974362645,0.9584581884456157,3.21565582406258e-06
69,0.3331878458271881,1.0,1.0,0.4651526496844002,0.9586697952376511,9.838154702013213e-07
69,0.33325694562495606,1.0,1.0,0.4822756640147221,0.9584735386750659,2.5206561586887943e-06
69,0.3333492833866695,1.0,1.0,0.506916034286634,0.9582077880002532,2.2664819128159763e-06
69,0.3334582000647772,1.0,1.0,0.5117798868374276,0.9581573298546371,0.0002647847813652682
69,0.33334147890045124,1.0,1.0,0.504503623537595,0.9582330521243726,5.096248960279048e-06
69,0.3332530976009562,1.0,1.0,0.4810687091870104,0.9584870083885458,4.923047246307988e-06
69,0.3333089566650531,1.0,1.0,0.49602762734884676,0.9583230920751756,1.6382170976436683e-06
69,0.3331752668297094,1.0,1.0,0.4614014753796757,0.9587128232018702,6.833486112300946e-06
69,0.333366498447206,1.0,1.0,0.5117798868374276,0.9581573298546371,1.290111120155757e-06
69,0.3333020847113578,1.0,1.0,0.49551247358416367,0.9583412123322623,1.2582888680334747e-05
69,0.3333430864872285,1.0,1.0,0.5054594598407987,0.9582233347068647,3.1163086511298843e-07
69,0.3333650400191949,1.0,1.0,0.5085832332271453,0.9581904205623996,3.018901279794317e-05
69,0.33331954061939356,1.0,1.0,0.4998458685528856,0.9582910241075093,8.740830681253087e-06
69,0.3332629536409324,1.0,1.0,0.4843386811085736,0.9584537388430825,3.122815388056921e-06
69,0.33341187597017646,1.0,1.0,0.5117798868374276,0.9581573298546371,0.000131695626657935
69,0.3334604144229204,1.0,1.0,0.5117798868374276,0.9581573298546371,0.00027114570775821356
69,0.3330962211617782,1.0,1.0,0.4405034326425594,0.9589666056800568,3.310946538137571e-05
69,0.3333116997810422,1.0,1.0,0.49708263355599674,0.9583135669855302,1.791687267438391e-06
70,0.3332522182430155,1.0,1.0,0.481289658249812,0.95848461450325,7.519231992603181e-08
70,0.33334862585769,1.0,1.0,0.506916034286634,0.9582077880002532,3.76424933445918e-07
70,0.33318891986978305,1.0,1.0,0.46532734327869585,0.9586667728261216,6.788388584588745e-08
70,0.3332625983411004,1.0,1.0,0.4839456974362645,0.9584549727897916,2.121145171729566e-07
70,0.3333596436705557,1.0,1.0,0.5100408608745401,0.9581757420252826,4.4432552359641164e-07
70,0.33336576535117596,1.0,1.0,0.5117798868374276,0.9581581467996692,8.169450320671956e-07
70,0.333366498447206,1.0,1.0,0.5117798868374276,0.9581573298546371,1.290111120155757e-06
70,0.3333430864872285,1.0,1.0,0.5054594598407987,0.9582233347068647,3.1163086511298843e-07
70,0.3332236856297268,1.0,1.0,0.473985153548482,0.9585669511175234,2.6540521458340294e-07
70,0.33319990131886923,1.0,1.0,0.46802963793365426,0.9586353623791055,2.527330797974514e-07
70,0.3333546036247621,1.0,1.0,0.5086646980174573,0.9581902288496765,6.549920071874382e-07
70,0.33335474518467234,1.0,1.0,0.5085832332271453,0.9581904205623996,5.986105527933105e-07
70,0.3333666258511252,1.0,1.0,0.5117798868374276,0.9581573298546371,1.6562930496011319e-06
70,0.3333666258511252,1.0,1.0,0.5117798868374276,0.9581573298546371,1.6562930496011319e-06
70,0.33335851203136585,1.0,1.0,0.5098369271365129,0.9581789947072392,1.5846342295011695e-06
70,0.33335851203136585,1.0,1.0,0.5098369271365129,0.9581789947072392,1.5846342295011695e-06
70,0.3332566451061059,1.0,1.0,0.48245873794549965,0.9584718823335776,3.829667588606256e-07
70,0.3333190022188256,1.0,1.0,0.49883129728682,0.9582930869249785,5.149176294239055e-07
70,0.33319615167506655,1.0,1.0,0.46715142391391035,0.9586458977063591,3.528067613611796e-07
70,0.33336740958767414,1.0,1.0,0.5117798868374276,0.9581573298546371,3.908887625692081e-06
70,0.3331455242269621,1.0,1.0,0.45379213882895275,0.9588035170030664,1.1935828788556258e-05
70,0.33336204762245575,1.0,1.0,0.5103318969579685,0.9581722850401788,3.452644847024011e-06
70,0.3334583060838591,1.0,1.0,0.5117798868374276,0.9581573298546371,0.00026508933184743455
70,0.33320250020221975,1.0,1.0,0.4682967692515159,0.9586322699561021,4.637387279293748e-06
70,0.3333596436705557,1.0,1.0,0.4867291163763808,0.9584242132227533,0.0002484711974707343
70,0.33327783053361293,1.0,1.0,0.4881471222424657,0.958410955279152,2.3247397956671634e-06
70,0.33348261693397657,1.0,1.0,0.5117798868374276,0.9581573298546371,0.00033491958216835815
70,0.3333548598481996,1.0,1.0,0.5085832332271453,0.9581904205623996,9.281975416053356e-07
70,0.3333595890581774,1.0,1.0,0.5099756150187091,0.9581759734037748,7.440608873476862e-08
70,0.33318244574112654,1.0,1.0,0.46365217063794006,0.9586863617113539,1.0287422000931912e-06
70,0.33335463052114506,1.0,1.0,0.5085832332271453,0.9581904205623996,2.6902333727374383e-07
70,0.333388175560107,1.0,1.0,0.5117798868374276,0.9581573298546371,6.359003088518556e-05
70,0.3331757406975138,1.0,1.0,0.4614630396169443,0.9587120972020637,7.4710306627867595e-06
70,0.33346545338458733,1.0,1.0,0.5117798868374276,0.9581573298546371,0.00028562022588218827
70,0.3332624836775731,1.0,1.0,0.4839456974362645,0.9584550904447764,1.176549847548003e-07
70,0.3332595293608485,1.0,1.0,0.48344789313377773,0.9584635870657144,3.088844031995386e-06
70,0.333397606453742,1.0,1.0,0.5117798868374276,0.9581573298546371,9.069184550714038e-05
70,0.33335152270595925,1.0,1.0,0.5082718037699141,0.958199084685282,5.425628567312657e-06
70,0.3332629131674045,1.0,1.0,0.46715142391391035,0.9586455448995977,0.00019168965591231935
70,0.33336740958767414,1.0,1.0,0.4251617266475303,0.9591627193249099,0.001009298357898536
71,0.33318891986978305,1.0,1.0,0.46532734327869585,0.9586667728261216,6.788388584588745e-08
71,0.3333596436705557,1.0,1.0,0.5100408608745401,0.9581757420252826,4.4432552359641164e-07
71,0.33336576535117596,1.0,1.0,0.5117798868374276,0.9581581467996692,8.169450320671956e-07
71,0.333366498447206,1.0,1.0,0.5117798868374276,0.9581573298546371,1.290111120155757e-06
71,0.3333595890581774,1.0,1.0,0.5099756150187091,0.9581759734037748,7.440608873476862e-08
71,0.3333666258511252,1.0,1.0,0.5117798868374276,0.9581573298546371,1.6562930496011319e-06
71,0.3333666258511252,1.0,1.0,0.5117798868374276,0.9581573298546371,1.6562930496011319e-06
71,0.3332522182430155,1.0,1.0,0.481289658249812,0.95848461450325,7.519231992603181e-08
71,0.3332625983411004,1.0,1.0,0.4839456974362645,0.9584549727897916,2.121145171729566e-07
71,0.3333546036247621,1.0,1.0,0.5086646980174573,0.9581902288496765,6.549920071874382e-07
71,0.33335851203136585,1.0,1.0,0.5098369271365129,0.9581789947072392,1.5846342295011695e-06
71,0.33335851203136585,1.0,1.0,0.5098369271365129,0.9581789947072392,1.5846342295011695e-06
71,0.33335463052114506,1.0,1.0,0.5085832332271453,0.9581904205623996,2.6902333727374383e-07
71,0.3332624836775731,1.0,1.0,0.4839456974362645,0.9584550904447764,1.176549847548003e-07
71,0.33336740958767414,1.0,1.0,0.5117798868374276,0.9581573298546371,3.908887625692081e-06
71,0.33319990131886923,1.0,1.0,0.46802963793365426,0.9586353623791055,2.527330797974514e-07
71,0.33336204762245575,1.0,1.0,0.5103318969579685,0.9581722850401788,3.452644847024011e-06
71,0.33335474518467234,1.0,1.0,0.5085832332271453,0.9581904205623996,5.986105527933105e-07
71,0.3332236856297268,1.0,1.0,0.473985153548482,0.9585669511175234,2.6540521458340294e-07
71,0.3333430864872285,1.0,1.0,0.5054594598407987,0.9582233347068647,3.1163086511298843e-07
71,0.33326243452643267,1.0,1.0,0.48388697616601656,0.9584556241894076,3.9238708304800696e-07
71,0.3332145549514972,1.0,1.0,0.4714441998807476,0.9585960034256351,3.0512618386380197e-06
71,0.3332104736786963,1.0,1.0,0.47097199575382387,0.9586046933293364,3.2687288383792534e-06
71,0.333366498447206,1.0,1.0,0.5117798868374276,0.9581573298546371,1.290111120155757e-06
71,0.33325483982117304,1.0,1.0,0.48239572140765885,0.9584770745007596,4.873289414231152e-06
71,0.3333606755880759,1.0,1.0,0.5100988596115984,0.9581746971447531,1.9211511745886867e-06
71,0.33335463052114506,1.0,1.0,0.5085832332271453,0.9581904205623996,2.6902333727374383e-07
71,0.3333595404733811,1.0,1.0,0.5100408608745401,0.958176038645049,7.409452900120073e-07
71,0.3333621140166556,1.0,1.0,0.5104680219547721,0.9581708767215138,2.235160263319713e-06
71,0.33344424953789215,1.0,1.0,0.5117798868374276,0.9581573298546371,0.00022470879960367895
71,0.33317842704208356,1.0,1.0,0.4625159472309839,0.9586996998021582,2.8034558290368494e-06
71,0.3334448523777513,1.0,1.0,0.5117798868374276,0.9581573298546371,0.00022644066009125385
71,0.3333455062935705,1.0,1.0,0.5085832332271453,0.9582163788161998,2.5958253800251185e-05
71,0.3333761510644442,1.0,1.0,0.5117798868374276,0.9581573298546371,2.9032687932528667e-05
71,0.33343753578397684,1.0,1.0,0.5117798868374276,0.9581573298546371,0.00020542085755836936
71,0.3333654799719351,1.0,1.0,0.46802963793365426,0.9586353623791055,0.00047639534320875754
71,0.33329766198523586,1.0,1.0,0.49421714975314074,0.9583539291352412,1.1342988311735525e-05
71,0.3331026629578925,1.0,1.0,0.4421384082334059,0.9589462085768516,3.125695739603085e-05
71,0.33326443345378076,1.0,1.0,0.4843386811085736,0.9584506160276944,1.1330607592174857e-06
71,0.3332672628282523,1.0,1.0,0.48517905092300917,0.9584413459166045,3.1172222580977405e-08
72,0.3333596436705557,1.0,1.0,0.5100408608745401,0.9581757420252826,4.4432552359641164e-07
72,0.33336576535117596,1.0,1.0,0.5117798868374276,0.9581581467996692,8.169450320671956e-07
72,0.333366498447206,1.0,1.0,0.5117798868374276,0.9581573298546371,1.290111120155757e-06
72,0.3333595890581774,1.0,1.0,0.5099756150187091,0.9581759734037748,7.440608873476862e-08
72,0.333366498447206,1.0,1.0,0.5117798868374276,0.9581573298546371,1.290111120155757e-06
72,0.3332672628282523,1.0,1.0,0.48517905092300917,0.9584413459166045,3.1172222580977405e-08
72,0.3333546036247621,1.0,1.0,0.5086646980174573,0.9581902288496765,6.549920071874382e-07
72,0.33335463052114506,1.0,1.0,0.5085832332271453,0.9581904205623996,2.6902333727374383e-07
72,0.33335463052114506,1.0,1.0,0.5085832332271453,0.9581904205623996,2.6902333727374383e-07
72,0.3333595404733811,1.0,1.0,0.5100408608745401,0.958176038645049,7.409452900120073e-07
72,0.3333666258511252,1.0,1.0,0.5117798868374276,0.9581573298546371,1.6562930496011319e-06
72,0.3333666258511252,1.0,1.0,0.5117798868374276,0.9581573298546371,1.6562930496011319e-06
72,0.33318891986978305,1.0,1.0,0.46532734327869585,0.9586667728261216,6.788388584588745e-08
72,0.3332522182430155,1.0,1.0,0.481289658249812,0.95848461450325,7.519231992603181e-08
72,0.3332625983411004,1.0,1.0,0.4839456974362645,0.9584549727897916,2.121145171729566e-07
72,0.3332624836775731,1.0,1.0,0.4839456974362645,0.9584550904447764,1.176549847548003e-07
72,0.33336740958767414,1.0,1.0,0.5117798868374276,0.9581573298546371,3.908887625692081e-06
72,0.33319990131886923,1.0,1.0,0.46802963793365426,0.9586353623791055,2.527330797974514e-07
72,0.3333430864872285,1.0,1.0,0.5054594598407987,0.9582233347068647,3.1163086511298843e-07
72,0.3332236856297268,1.0,1.0,0.473985153548482,0.9585669511175234,2.6540521458340294e-07
72,0.33323119050281863,1.0,1.0,0.5100408608745401,0.9585450973331002,0.0003697996333412723
72,0.3332601806253886,1.0,1.0,0.4836139275564105,0.9584617140146222,3.059529071536282e-06
72,0.33352657052092777,1.0,1.0,0.5117798868374276,0.9581573298546371,0.0004611455988894342
72,0.33318880520625577,1.0,1.0,0.46532734327869585,0.9586670348575985,2.620314769608001e-07
72,0.33321722081812993,1.0,1.0,0.4724046628240316,0.9585852830494824,2.8480352098902983e-07
72,0.3332624836775731,1.0,1.0,0.4839456974362645,0.9584550904447764,1.176549847548003e-07
72,0.3331991268689149,1.0,1.0,0.46802963793365426,0.9586373377878628,1.9754087572376733e-06
72,0.33335463052114506,1.0,1.0,0.5085832332271453,0.9581904205623996,2.6902333727374383e-07
72,0.33327234113912474,1.0,1.0,0.486489967924261,0.9584268470759354,1.056208842609152e-07
72,0.33342790357435426,1.0,1.0,0.5117798868374276,0.9581573298546371,0.00017774712818774407
72,0.3333666258511252,1.0,1.0,0.5109736684949525,0.9581656497583293,9.97619674181216e-06
72,0.33329351461153883,1.0,1.0,0.4930804083947011,0.9583658545154001,1.09809130443006e-05
72,0.3332158684092008,1.0,1.0,0.4724046628240316,0.9585891736183753,4.175372413817158e-06
72,0.33311721074922196,1.0,1.0,0.4458038269096132,0.9589008225181387,2.7748334392896368e-05
72,0.3331997156667652,1.0,1.0,0.46820433152794994,0.9586356437780078,2.3039801595459153e-06
72,0.3333003152269396,1.0,1.0,0.4950233680956158,0.9583463001457446,1.2406355040850414e-05
72,0.3333334702552634,1.0,1.0,0.5019355696648209,0.9582601215065885,9.143317578841348e-06
72,0.33327797358049394,1.0,1.0,0.487839134514451,0.9584120100569371,1.4661391961601211e-06
72,0.33333885728528617,1.0,1.0,0.5047025672920918,0.9582354920653232,4.529404977304807e-06
72,0.3333666258511252,1.0,1.0,0.5117798868374276,0.9581573298546371,1.6562930496011319e-06
73,0.3333596436705557,1.0,1.0,0.5100408608745401,0.9581757420252826,4.4432552359641164e-07
73,0.33336576535117596,1.0,1.0,0.5117798868374276,0.9581581467996692,8.169450320671956e-07
73,0.333366498447206,1.0,1.0,0.5117798868374276,0.9581573298546371,1.290111120155757e-06
73,0.3333595890581774,1.0,1.0,0.5099756150187091,0.9581759734037748,7.440608873476862e-08
73,0.333366498447206,1.0,1.0,0.5117798868374276,0.9581573298546371,1.290111120155757e-06
73,0.3332672628282523,1.0,1.0,0.48517905092300917,0.9584413459166045,3.1172222580977405e-08
73,0.3333546036247621,1.0,1.0,0.5086646980174573,0.9581902288496765,6.549920071874382e-07
73,0.33335463052114506,1.0,1.0,0.5085832332271453,0.9581904205623996,2.6902333727374383e-07
73,0.33335463052114506,1.0,1.0,0.5085832332271453,0.9581904205623996,2.6902333727374383e-07
73,0.3333595404733811,1.0,1.0,0.5100408608745401,0.958176038645049,7.409452900120073e-07
73,0.33335463052114506,1.0,1.0,0.5085832332271453,0.9581904205623996,2.6902333727374383e-07
73,0.33327234113912474,1.0,1.0,0.486489967924261,0.9584268470759354,1.056208842609152e-07
73,0.3333666258511252,1.0,1.0,0.5117798868374276,0.9581573298546371,1.6562930496011319e-06
73,0.3333666258511252,1.0,1.0,0.5117798868374276,0.9581573298546371,1.6562930496011319e-06
73,0.3333666258511252,1.0,1.0,0.5117798868374276,0.9581573298546371,1.6562930496011319e-06
73,0.33318891986978305,1.0,1.0,0.46532734327869585,0.9586667728261216,6.788388584588745e-08
73,0.3332522182430155,1.0,1.0,0.481289658249812,0.95848461450325,7.519231992603181e-08
73,0.3332624836775731,1.0,1.0,0.4839456974362645,0.9584550904447764,1.176549847548003e-07
73,0.3332624836775731,1.0,1.0,0.4839456974362645,0.9584550904447764,1.176549847548003e-07
73,0.33336740958767414,1.0,1.0,0.5117798868374276,0.9581573298546371,3.908887625692081e-06
73,0.33327377611058345,1.0,1.0,0.48808827030054575,0.9584226147726845,1.3338671376761368e-05
73,0.3331896252326771,1.0,1.0,0.46532734327869585,0.9586667728261216,2.0973826101444715e-06
73,0.3333545158576178,1.0,1.0,0.5085832332271453,0.9581904811265045,6.05641049533645e-08
73,0.3332166499716948,1.0,1.0,0.4727762675725423,0.9585869252393009,6.17720529927368e-06
73,0.333366498447206,1.0,1.0,0.5099756150187091,0.9581759734037748,1.9933660257875907e-05
73,0.3333595646801258,1.0,1.0,0.5099675425632594,0.9581760570122803,8.794472383666374e-08
73,0.3333554049710994,1.0,1.0,0.5086646980174573,0.9581895738576693,1.6483821591029013e-06
73,0.333243346527619,1.0,1.0,0.4789998148106151,0.9585101994009645,6.780104966352951e-08
73,0.333353266830586,1.0,1.0,0.5084757375079414,0.9581940713292354,2.533235569091019e-06
73,0.3332516636738463,1.0,1.0,0.48114202749829127,0.9584862095320906,2.0628952657197885e-08
73,0.33328262259310293,1.0,1.0,0.5085832332271453,0.9583971748958123,0.00020675433341277305
73,0.3333640626275682,1.0,1.0,0.5113527257571955,0.958163040783978,1.3049300605638692e-06
73,0.3332562215011307,1.0,1.0,0.4823805740696658,0.958473100655789,7.307237867015814e-07
73,0.3333666258511252,1.0,1.0,0.48509758613269716,0.9584422154882878,0.0002865419267003011
73,0.33326655746535827,1.0,1.0,0.48517905092300917,0.9584433744698582,2.059725476288854e-06
73,0.33336588001470324,1.0,1.0,0.5117798868374276,0.9581578172344705,4.873798333804302e-07
73,0.33343948676194546,1.0,1.0,0.5117798868374276,0.9581573298546371,0.00021102590176602654
73,0.3333483465586325,1.0,1.0,0.5070181098605466,0.9582082144184384,1.4919168295213225e-06
73,0.3332890318107588,1.0,1.0,0.49217432399465816,0.9583787447181288,1.4050402355691993e-05
73,0.3332516636738463,1.0,1.0,0.48114202749829127,0.9584862095320906,2.0628952657197885e-08
74,0.3333596436705557,1.0,1.0,0.5100408608745401,0.9581757420252826,4.4432552359641164e-07
74,0.333366498447206,1.0,1.0,0.5117798868374276,0.9581573298546371,1.290111120155757e-06
74,0.3333595890581774,1.0,1.0,0.5099756150187091,0.9581759734037748,7.440608873476862e-08
74,0.333366498447206,1.0,1.0,0.5117798868374276,0.9581573298546371,1.290111120155757e-06
74,0.3332672628282523,1.0,1.0,0.48517905092300917,0.9584413459166045,3.1172222580977405e-08
74,0.3333545158576178,1.0,1.0,0.5085832332271453,0.9581904811265045,6.05641049533645e-08
74,0.3332516636738463,1.0,1.0,0.48114202749829127,0.9584862095320906,2.0628952657197885e-08
74,0.33336588001470324,1.0,1.0,0.5117798868374276,0.9581578172344705,4.873798333804302e-07
74,0.3332516636738463,1.0,1.0,0.48114202749829127,0.9584862095320906,2.0628952657197885e-08
74,0.3333595646801258,1.0,1.0,0.5099675425632594,0.9581760570122803,8.794472383666374e-08
74,0.3333666258511252,1.0,1.0,0.5117798868374276,0.9581573298546371,1.6562930496011319e-06
74,0.3333666258511252,1.0,1.0,0.5117798868374276,0.9581573298546371,1.6562930496011319e-06
74,0.3333666258511252,1.0,1.0,0.5117798868374276,0.9581573298546371,1.6562930496011319e-06
74,0.3332522182430155,1.0,1.0,0.481289658249812,0.95848461450325,7.519231992603181e-08
74,0.33336576535117596,1.0,1.0,0.5117798868374276,0.9581581467996692,8.169450320671956e-07
74,0.3333595404733811,1.0,1.0,0.5100408608745401,0.958176038645049,7.409452900120073e-07
74,0.333243346527619,1.0,1.0,0.4789998148106151,0.9585101994009645,6.780104966352951e-08
74,0.33336740958767414,1.0,1.0,0.5117798868374276,0.9581573298546371,3.908887625692081e-06
74,0.33318891986978305,1.0,1.0,0.46532734327869585,0.9586667728261216,6.788388584588745e-08
74,0.33327234113912474,1.0,1.0,0.486489967924261,0.9584268470759354,1.056208842609152e-07
74,0.3333728880275676,1.0,1.0,0.5117798868374276,0.9581573298546371,1.9654576907224275e-05
74,0.3332770098833701,1.0,1.0,0.487839134514451,0.9584133152384575,1.3051815204168093e-06
74,0.3333595890581774,1.0,1.0,0.5100408608745401,0.9581758989976861,6.012979271163843e-07
74,0.33325233290654277,1.0,1.0,0.481289658249812,0.95848453931093,2.545974986389865e-07
74,0.33346360935285757,1.0,1.0,0.5117798868374276,0.9581573298546371,0.000280323258624704
74,0.3332730123919045,1.0,1.0,0.486489967924261,0.9584268470759354,2.036010050332493e-06
74,0.33337411128272976,1.0,1.0,0.5117798868374276,0.9581573298546371,2.317028737830462e-05
74,0.33336588001470324,1.0,1.0,0.48227782201329633,0.958473514630719,0.00031569739624848214
74,0.3332561777110047,1.0,1.0,0.4824667874693175,0.9584732265999141,1.8168758397774099e-06
74,0.3333410903944319,1.0,1.0,0.5050827798212678,0.9582290726814059,2.10029857961036e-06
74,0.33335954690105024,1.0,1.0,0.510156042200581,0.9581760201699864,1.9150410307533505e-06
74,0.3333666258511252,1.0,1.0,0.5100408608745401,0.958175297699759,1.962413817147013e-05
74,0.33323322198341665,1.0,1.0,0.476122826561361,0.9585426645305741,3.4107497767221773e-06
74,0.33336588001470324,1.0,1.0,0.5117798868374276,0.9581578172344705,4.873798333804302e-07
74,0.3333727168973317,1.0,1.0,0.5117798868374276,0.9581573298546371,1.9162736040856387e-05
74,0.33318880520625577,1.0,1.0,0.46532734327869585,0.9586670348575985,2.620314769608001e-07
74,0.333188214506889,1.0,1.0,0.46532734327869585,0.9586687344495531,1.961623431578907e-06
74,0.33325850220552805,1.0,1.0,0.5117798868374276,0.9584665412018084,0.00030921134717132315
74,0.3331602966470031,1.0,1.0,0.4566241858542372,0.9587695384708611,2.047038133223822e-05
74,0.33351880460380934,1.0,1.0,0.5117798868374276,0.9581573298546371,0.000438845839275781
75,0.3333596436705557,1.0,1.0,0.5100408608745401,0.9581757420252826,4.4432552359641164e-07
75,0.333366498447206,1.0,1.0,0.5117798868374276,0.9581573298546371,1.290111120155757e-06
75,0.3333595890581774,1.0,1.0,0.5099756150187091,0.9581759734037748,7.440608873476862e-08
75,0.333366498447206,1.0,1.0,0.5117798868374276,0.9581573298546371,1.290111120155757e-06
75,0.3332672628282523,1.0,1.0,0.48517905092300917,0.9584413459166045,3.1172222580977405e-08
75,0.3333545158576178,1.0,1.0,0.5085832332271453,0.9581904811265045,6.05641049533645e-08
75,0.3332516636738463,1.0,1.0,0.48114202749829127,0.9584862095320906,2.0628952657197885e-08
75,0.33336588001470324,1.0,1.0,0.5117798868374276,0.9581578172344705,4.873798333804302e-07
75,0.3332516636738463,1.0,1.0,0.48114202749829127,0.9584862095320906,2.0628952657197885e-08
75,0.33336588001470324,1.0,1.0,0.5117798868374276,0.9581578172344705,4.873798333804302e-07
75,0.3333595646801258,1.0,1.0,0.5099675425632594,0.9581760570122803,8.794472383666374e-08
75,0.3333666258511252,1.0,1.0,0.5117798868374276,0.9581573298546371,1.6562930496011319e-06
75,0.3333666258511252,1.0,1.0,0.5117798868374276,0.9581573298546371,1.6562930496011319e-06
75,0.3333666258511252,1.0,1.0,0.5117798868374276,0.9581573298546371,1.6562930496011319e-06
75,0.3332522182430155,1.0,1.0,0.481289658249812,0.95848461450325,7.519231992603181e-08
75,0.333243346527619,1.0,1.0,0.4789998148106151,0.9585101994009645,6.780104966352951e-08
75,0.33336576535117596,1.0,1.0,0.5117798868374276,0.9581581467996692,8.169450320671956e-07
75,0.3333595890581774,1.0,1.0,0.5100408608745401,0.9581758989976861,6.012979271163843e-07
75,0.33336740958767414,1.0,1.0,0.5117798868374276,0.9581573298546371,3.908887625692081e-06
75,0.33318891986978305,1.0,1.0,0.46532734327869585,0.9586667728261216,6.788388584588745e-08
75,0.33337061412427604,1.0,1.0,0.5117798868374276,0.9581573298546371,1.3119170621411769e-05
75,0.33308622836018636,1.0,1.0,0.4377532698734732,0.9590011298633712,3.8865025670187237e-05
75,0.33325095831095225,1.0,1.0,0.48114202749829127,0.9584882382752579,2.0493721198944215e-06
75,0.3330786397314072,1.0,1.0,0.4358252784545646,0.9590254948409084,4.138168346801141e-05
75,0.33335948586100284,1.0,1.0,0.48517905092300917,0.9584413147443819,0.00026511912683213623
75,0.33325732553471954,1.0,1.0,0.48270715086488997,0.9584699253722682,1.1915397681860895e-06
75,0.33316429598095354,1.0,1.0,0.45773784519415517,0.9587562500709101,1.8690890747463662e-05
75,0.33352570073438387,1.0,1.0,0.5117798868374276,0.9581573298546371,0.00045864806646567224
75,0.3333553358840391,1.0,1.0,0.5085832332271453,0.9581904205623996,2.2965048368517316e-06
75,0.3332524381238006,1.0,1.0,0.48114202749829127,0.958486188903138,2.2068104117423104e-06
75,0.33325233492662604,1.0,1.0,0.48114202749829127,0.958486188903138,1.9099997725646745e-06
75,0.333251549010319,1.0,1.0,0.48114202749829127,0.9584865393232338,3.504200958293069e-07
75,0.33325104989806675,1.0,1.0,0.4810091598219226,0.958487974854717,3.0075860246725483e-07
75,0.33346239908482167,1.0,1.0,0.5117798868374276,0.9581573298546371,0.00027684674096306594
75,0.3332735959419053,1.0,1.0,0.48674417428960787,0.9584240474392114,9.145404671340174e-07
75,0.3332407646796896,1.0,1.0,0.4782650392490372,0.9585184669416824,9.09097281787119e-07
75,0.3332068051314445,1.0,1.0,0.469972597634569,0.9586152473953053,2.3260882492381896e-06
75,0.3334362740137983,1.0,1.0,0.5117798868374276,0.9581573298546371,0.00020179583160340187
75,0.33336261506500187,1.0,1.0,0.5106440923224225,0.9581690558728797,1.8544515554275165e-06
75,0.3332453797113337,1.0,1.0,0.47957690413169257,0.9585042835752977,5.659862565288165e-07
76,0.3333596436705557,1.0,1.0,0.5100408608745401,0.9581757420252826,4.4432552359641164e-07
76,0.333366498447206,1.0,1.0,0.5117798868374276,0.9581573298546371,1.290111120155757e-06
76,0.3333595890581774,1.0,1.0,0.5099756150187091,0.9581759734037748,7.440608873476862e-08
76,0.333366498447206,1.0,1.0,0.5117798868374276,0.9581573298546371,1.290111120155757e-06
76,0.3332672628282523,1.0,1.0,0.48517905092300917,0.9584413459166045,3.1172222580977405e-08
76,0.3333545158576178,1.0,1.0,0.5085832332271453,0.9581904811265045,6.05641049533645e-08
76,0.3332516636738463,1.0,1.0,0.48114202749829127,0.9584862095320906,2.0628952657197885e-08
76,0.33336588001470324,1.0,1.0,0.5117798868374276,0.9581578172344705,4.873798333804302e-07
76,0.3332516636738463,1.0,1.0,0.48114202749829127,0.9584862095320906,2.0628952657197885e-08
76,0.33336588001470324,1.0,1.0,0.5117798868374276,0.9581578172344705,4.873798333804302e-07
76,0.3333595646801258,1.0,1.0,0.5099675425632594,0.9581760570122803,8.794472383666374e-08
76,0.3333666258511252,1.0,1.0,0.5117798868374276,0.9581573298546371,1.6562930496011319e-06
76,0.3333666258511252,1.0,1.0,0.5117798868374276,0.9581573298546371,1.6562930496011319e-06
76,0.3333666258511252,1.0,1.0,0.5117798868374276,0.9581573298546371,1.6562930496011319e-06
76,0.3332522182430155,1.0,1.0,0.481289658249812,0.95848461450325,7.519231992603181e-08
76,0.333243346527619,1.0,1.0,0.4789998148106151,0.9585101994009645,6.780104966352951e-08
76,0.33336576535117596,1.0,1.0,0.5117798868374276,0.9581581467996692,8.169450320671956e-07
76,0.3333595890581774,1.0,1.0,0.5100408608745401,0.9581758989976861,6.012979271163843e-07
76,0.33336740958767414,1.0,1.0,0.5117798868374276,0.9581573298546371,3.908887625692081e-06
76,0.33318891986978305,1.0,1.0,0.46532734327869585,0.9586667728261216,6.788388584588745e-08
76,0.3332004281249238,1.0,1.0,0.46823357167168156,0.9586335939973778,5.926439365921965e-07
76,0.333366498447206,1.0,1.0,0.4824667874693175,0.9584714097240743,0.0003153699805573673
76,0.33336599872445516,1.0,1.0,0.5116719707212916,0.9581584425078968,9.664680199472642e-07
76,0.33352570073438387,1.0,1.0,0.5117798868374276,0.9581573298546371,0.00045864806646567224
76,0.33324711973358906,1.0,1.0,0.4798961490957886,0.9585001361884611,8.573639369569008e-07
76,0.33346997714714893,1.0,1.0,0.5117798868374276,0.9581573298546371,0.00029861445163803513
76,0.33345538131893104,1.0,1.0,0.5117798868374276,0.9581573298546371,0.00025668757923369423
76,0.33347124581222704,1.0,1.0,0.5117798868374276,0.9581573298546371,0.000302258549633283
76,0.3331516112768474,1.0,1.0,0.4545169509234141,0.9587947952659093,2.073227845433845e-05
76,0.33336580750830314,1.0,1.0,0.5116647055113868,0.9581585174259258,4.917940363835527e-07
76,0.33325504328707495,1.0,1.0,0.48227782201329633,0.9584764893111105,2.974680391565343e-06
76,0.3333661267388729,1.0,1.0,0.5116470191610589,0.9581586998114663,1.5917093046935449e-06
76,0.3331868771039621,1.0,1.0,0.46476659901297923,0.9586733199322537,7.374128766501897e-07
76,0.3332517211508465,1.0,1.0,0.4810091598219226,0.9584876740961146,1.6298772342882017e-06
76,0.33346305501772844,1.0,1.0,0.5117798868374276,0.9581573298546371,0.0002787309236881308
76,0.33337685359250213,1.0,1.0,0.5117798868374276,0.9581573298546371,3.105176035045343e-05
76,0.3332701379595402,1.0,1.0,0.4860267902402828,0.9584330774149323,1.1243616514500232e-06
76,0.3333550997302985,1.0,1.0,0.5100408608745401,0.9581888028523651,1.3505152606119175e-05
76,0.3333713780609087,1.0,1.0,0.5117798868374276,0.9581573298546371,1.5314804403754323e-05
76,0.3332562787054904,1.0,1.0,0.48245389238094666,0.9584729361312373,1.3828013232242142e-06
77,0.3333596436705557,1.0,1.0,0.5100408608745401,0.9581757420252826,4.4432552359641164e-07
77,0.333366498447206,1.0,1.0,0.5117798868374276,0.9581573298546371,1.290111120155757e-06
77,0.3333595890581774,1.0,1.0,0.5099756150187091,0.9581759734037748,7.440608873476862e-08
77,0.333366498447206,1.0,1.0,0.5117798868374276,0.9581573298546371,1.290111120155757e-06
77,0.3332672628282523,1.0,1.0,0.48517905092300917,0.9584413459166045,3.1172222580977405e-08
77,0.3333545158576178,1.0,1.0,0.5085832332271453,0.9581904811265045,6.05641049533645e-08
77,0.3332516636738463,1.0,1.0,0.48114202749829127,0.9584862095320906,2.0628952657197885e-08
77,0.33336588001470324,1.0,1.0,0.5117798868374276,0.9581578172344705,4.873798333804302e-07
77,0.3332516636738463,1.0,1.0,0.48114202749829127,0.9584862095320906,2.0628952657197885e-08
77,0.33336588001470324,1.0,1.0,0.5117798868374276,0.9581578172344705,4.873798333804302e-07
77,0.3333595646801258,1.0,1.0,0.5099675425632594,0.9581760570122803,8.794472383666374e-08
77,0.3333666258511252,1.0,1.0,0.5117798868374276,0.9581573298546371,1.6562930496011319e-06
77,0.3333666258511252,1.0,1.0,0.5117798868374276,0.9581573298546371,1.6562930496011319e-06
77,0.3333666258511252,1.0,1.0,0.5117798868374276,0.9581573298546371,1.6562930496011319e-06
77,0.3332522182430155,1.0,1.0,0.481289658249812,0.95848461450325,7.519231992603181e-08
77,0.333243346527619,1.0,1.0,0.4789998148106151,0.9585101994009645,6.780104966352951e-08
77,0.33336576535117596,1.0,1.0,0.5117798868374276,0.9581581467996692,8.169450320671956e-07
77,0.33336580750830314,1.0,1.0,0.5116647055113868,0.9581585174259258,4.917940363835527e-07
77,0.33336740958767414,1.0,1.0,0.5117798868374276,0.9581573298546371,3.908887625692081e-06
77,0.33318891986978305,1.0,1.0,0.46532734327869585,0.9586667728261216,6.788388584588745e-08
77,0.3333775248452819,1.0,1.0,0.5117798868374276,0.9581573298546371,3.2980939367210915e-05
77,0.33326719757249224,1.0,1.0,0.4850753877295724,0.9584424609667161,9.273814218779819e-07
77,0.3333650599882819,1.0,1.0,0.5117798868374276,0.9581601741543097,2.844299672566386e-06
77,0.33326919712991704,1.0,1.0,0.4859038044751723,0.9584357831022149,2.4732168905083896e-06
77,0.3332447328114109,1.0,1.0,0.4793616668309035,0.9585061442389006,1.0304035291675007e-08
77,0.33326327455510146,1.0,1.0,0.4842058134322049,0.9584528159049499,7.27370200515054e-07
77,0.33336576535117596,1.0,1.0,0.5117798868374276,0.9581581467996692,8.169450320671956e-07
77,0.33347043277981897,1.0,1.0,0.5117798868374276,0.9581573298546371,0.0002999232085165726
77,0.3333666544646576,1.0,1.0,0.5117798868374276,0.9581573298546371,1.7385334835084976e-06
77,0.3333773697082267,1.0,1.0,0.5117798868374276,0.9581573298546371,3.253507650113896e-05
77,0.3333596436705557,1.0,1.0,0.5100408608745401,0.9581757420252826,4.4432552359641164e-07
77,0.33346877435560185,1.0,1.0,0.5117798868374276,0.9581573298546371,0.0002951595423591469
77,0.33314105093310004,1.0,1.0,0.4515586090817611,0.9588305045422928,2.604907206682494e-05
77,0.3333666258511252,1.0,1.0,0.5117798868374276,0.9581573298546371,1.6562930496011319e-06
77,0.3331945817306563,1.0,1.0,0.46695118791554246,0.95865041464885,2.544666814152663e-06
77,0.333243346527619,1.0,1.0,0.4789998148106151,0.9585101994009645,6.780104966352951e-08
77,0.3333534032801835,1.0,1.0,0.5084097510277887,0.9581936791172656,1.4548701749994564e-06
77,0.33335870493438247,1.0,1.0,0.5101487769906762,0.9581784402425882,4.259901210112993e-06
77,0.33323772798225937,1.0,1.0,0.47747236815730043,0.9585274043165003,1.1117834627372147e-06
77,0.33336576535117596,1.0,1.0,0.5117798868374276,0.9581581467996692,8.169450320671956e-07
78,0.3333596436705557,1.0,1.0,0.5100408608745401,0.9581757420252826,4.4432552359641164e-07
78,0.333366498447206,1.0,1.0,0.5117798868374276,0.9581573298546371,1.290111120155757e-06
78,0.3333595890581774,1.0,1.0,0.5099756150187091,0.9581759734037748,7.440608873476862e-08
78,0.333366498447206,1.0,1.0,0.5117798868374276,0.9581573298546371,1.290111120155757e-06
78,0.3332672628282523,1.0,1.0,0.48517905092300917,0.9584413459166045,3.1172222580977405e-08
78,0.3333545158576178,1.0,1.0,0.5085832332271453,0.9581904811265045,6.05641049533645e-08
78,0.3332516636738463,1.0,1.0,0.48114202749829127,0.9584862095320906,2.0628952657197885e-08
78,0.33336588001470324,1.0,1.0,0.5117798868374276,0.9581578172344705,4.873798333804302e-07
78,0.3332516636738463,1.0,1.0,0.48114202749829127,0.9584862095320906,2.0628952657197885e-08
78,0.33336588001470324,1.0,1.0,0.5117798868374276,0.9581578172344705,4.873798333804302e-07
78,0.3332447328114109,1.0,1.0,0.4793616668309035,0.9585061442389006,1.0304035291675007e-08
78,0.3333596436705557,1.0,1.0,0.5100408608745401,0.9581757420252826,4.4432552359641164e-07
78,0.3333666258511252,1.0,1.0,0.5117798868374276,0.9581573298546371,1.6562930496011319e-06
78,0.3333666258511252,1.0,1.0,0.5117798868374276,0.9581573298546371,1.6562930496011319e-06
78,0.333243346527619,1.0,1.0,0.4789998148106151,0.9585101994009645,6.780104966352951e-08
78,0.333243346527619,1.0,1.0,0.4789998148106151,0.9585101994009645,6.780104966352951e-08
78,0.3333595646801258,1.0,1.0,0.5099675425632594,0.9581760570122803,8.794472383666374e-08
78,0.3332522182430155,1.0,1.0,0.481289658249812,0.95848461450325,7.519231992603181e-08
78,0.33336576535117596,1.0,1.0,0.5117798868374276,0.9581581467996692,8.169450320671956e-07
78,0.33336580750830314,1.0,1.0,0.5116647055113868,0.9581585174259258,4.917940363835527e-07
78,0.33326295532453165,1.0,1.0,0.48422349978253276,0.9584537340011041,1.8415057001508472e-06
78,0.3333393666553985,1.0,1.0,0.504805215191645,0.9582340278022701,4.142807145779415e-06
78,0.33325629237453197,1.0,1.0,0.4824667874693175,0.958472896817932,1.4870938577216108e-06
78,0.333456699963829,1.0,1.0,0.5117798868374276,0.9581573298546371,0.0002604755696714589
78,0.3334578753614452,1.0,1.0,0.5117798868374276,0.9581573298546371,0.00026385203716239314
78,0.3332555470560504,1.0,1.0,0.48227782201329633,0.9584750404208464,1.525790127465676e-06
78,0.3333603255667173,1.0,1.0,0.48114202749829127,0.958486188903138,0.00031240684821942644
78,0.33336588001470324,1.0,1.0,0.5117798868374276,0.9581578172344705,4.873798333804302e-07
78,0.3332664460502071,1.0,1.0,0.4851548102625504,0.9584436948894935,2.1121402952184454e-06
78,0.33325629237453197,1.0,1.0,0.4824667874693175,0.958472896817932,1.4870938577216108e-06
78,0.33334607597863014,1.0,1.0,0.506470225022401,0.9582147412341414,2.2964123792545976e-06
78,0.3332556744599696,1.0,1.0,0.48227782201329633,0.958474673995049,1.1593643300944478e-06
78,0.33334808410743466,1.0,1.0,0.5069357402361262,0.9582089688337324,1.386552734294888e-06
78,0.33324530861994683,1.0,1.0,0.47951091765153986,0.958504488053491,2.982102531579045e-08
78,0.33325734807603674,1.0,1.0,0.4789998148106151,0.9585101994009645,4.033885899834555e-05
78,0.33326792261467936,1.0,1.0,0.48517905092300917,0.9584413147443819,1.8662998902962968e-06
78,0.3333595646801258,1.0,1.0,0.5081465657551815,0.9581949621206732,1.899305311681143e-05
78,0.333469964406757,1.0,1.0,0.5117798868374276,0.9581573298546371,0.00029857785615206023
78,0.3333540470654426,1.0,1.0,0.5085206794311303,0.9581918286193654,7.577822658255684e-07
78,0.33337448299106287,1.0,1.0,0.5117798868374276,0.9581573298546371,2.4238594847680872e-05
79,0.3333596436705557,1.0,1.0,0.5100408608745401,0.9581757420252826,4.4432552359641164e-07
79,0.333366498447206,1.0,1.0,0.5117798868374276,0.9581573298546371,1.290111120155757e-06
79,0.3333595890581774,1.0,1.0,0.5099756150187091,0.9581759734037748,7.440608873476862e-08
79,0.333366498447206,1.0,1.0,0.5117798868374276,0.9581573298546371,1.290111120155757e-06
79,0.3332672628282523,1.0,1.0,0.48517905092300917,0.9584413459166045,3.1172222580977405e-08
79,0.3333545158576178,1.0,1.0,0.5085832332271453,0.9581904811265045,6.05641049533645e-08
79,0.3332516636738463,1.0,1.0,0.48114202749829127,0.9584862095320906,2.0628952657197885e-08
79,0.33336588001470324,1.0,1.0,0.5117798868374276,0.9581578172344705,4.873798333804302e-07
79,0.3332516636738463,1.0,1.0,0.48114202749829127,0.9584862095320906,2.0628952657197885e-08
79,0.33336588001470324,1.0,1.0,0.5117798868374276,0.9581578172344705,4.873798333804302e-07
79,0.3332447328114109,1.0,1.0,0.4793616668309035,0.9585061442389006,1.0304035291675007e-08
79,0.3333596436705557,1.0,1.0,0.5100408608745401,0.9581757420252826,4.4432552359641164e-07
79,0.33336588001470324,1.0,1.0,0.5117798868374276,0.9581578172344705,4.873798333804302e-07
79,0.3333595646801258,1.0,1.0,0.5099675425632594,0.9581760570122803,8.794472383666374e-08
79,0.3333666258511252,1.0,1.0,0.5117798868374276,0.9581573298546371,1.6562930496011319e-06
79,0.3333666258511252,1.0,1.0,0.5117798868374276,0.9581573298546371,1.6562930496011319e-06
79,0.3332522182430155,1.0,1.0,0.481289658249812,0.95848461450325,7.519231992603181e-08
79,0.33324530861994683,1.0,1.0,0.47951091765153986,0.958504488053491,2.982102531579045e-08
79,0.33336576535117596,1.0,1.0,0.5117798868374276,0.9581581467996692,8.169450320671956e-07
79,0.33336580750830314,1.0,1.0,0.5116647055113868,0.9581585174259258,4.917940363835527e-07
79,0.33335966135394146,1.0,1.0,0.5101790202989827,0.9581756911979235,1.8239383198226378e-06
79,0.3333720914708157,1.0,1.0,0.5117798868374276,0.9581573298546371,1.7365210005393372e-05
79,0.33337211779089504,1.0,1.0,0.5117798868374276,0.9581573298546371,1.744085616317559e-05
79,0.33344821695075705,1.0,1.0,0.5117798868374276,0.9581573298546371,0.0002361064139854152
79,0.33335952380241735,1.0,1.0,0.5098719518252723,0.9581770472031732,9.606407351814283e-07
79,0.3332685833541375,1.0,1.0,0.4857709367988036,0.9584375482390971,2.7719990470798095e-06
79,0.33337211115693877,1.0,1.0,0.5117798868374276,0.9581573298546371,1.742178960684182e-05
79,0.33333988488308075,1.0,1.0,0.5049395409302178,0.9582325380813567,4.062890662237528e-06
79,0.33337368290952113,1.0,1.0,0.5117798868374276,0.9581573298546371,2.1939119400626872e-05
79,0.33314893422283515,1.0,1.0,0.45367161728650535,0.9588049689612885,2.3201641984438304e-05
79,0.333272946629372,1.0,1.0,0.4868101607697606,0.9584250001854737,1.6791609469546387e-06
79,0.3333596436705557,1.0,1.0,0.4535679540930686,0.9588062182127065,0.0006304761874239562
79,0.3333658623313175,1.0,1.0,0.5116417274129851,0.9581587543827584,8.863228251332345e-07
79,0.33324599979288977,1.0,1.0,0.4796658136129654,0.9585027198622009,2.1980666409238125e-07
79,0.33334552544116036,1.0,1.0,0.5063342214810133,0.9582163237756105,2.4572165302494398e-06
79,0.333474394269984,1.0,1.0,0.5117798868374276,0.9581573298546371,0.000311302021252291
79,0.33334808410743466,1.0,1.0,0.5069357402361262,0.9582089688337324,1.386552734294888e-06
79,0.333469231310727,1.0,1.0,0.5117798868374276,0.9581573298546371,0.0002964721073140941
79,0.3332629061733912,1.0,1.0,0.48409953265645383,0.9584538753582521,6.085887386264588e-07
79,0.3333595179667905,1.0,1.0,0.5099096285385565,0.9581766568940537,5.535582590088239e-07
80,0.3333596436705557,1.0,1.0,0.5100408608745401,0.9581757420252826,4.4432552359641164e-07
80,0.333366498447206,1.0,1.0,0.5117798868374276,0.9581573298546371,1.290111120155757e-06
80,0.3333595890581774,1.0,1.0,0.5099756150187091,0.9581759734037748,7.440608873476862e-08
80,0.333366498447206,1.0,1.0,0.5117798868374276,0.9581573298546371,1.290111120155757e-06
80,0.3332672628282523,1.0,1.0,0.48517905092300917,0.9584413459166045,3.1172222580977405e-08
80,0.3333545158576178,1.0,1.0,0.5085832332271453,0.9581904811265045,6.05641049533645e-08
80,0.3332516636738463,1.0,1.0,0.48114202749829127,0.9584862095320906,2.0628952657197885e-08
80,0.33336588001470324,1.0,1.0,0.5117798868374276,0.9581578172344705,4.873798333804302e-07
80,0.3332516636738463,1.0,1.0,0.48114202749829127,0.9584862095320906,2.0628952657197885e-08
80,0.33336588001470324,1.0,1.0,0.5117798868374276,0.9581578172344705,4.873798333804302e-07
80,0.3332447328114109,1.0,1.0,0.4793616668309035,0.9585061442389006,1.0304035291675007e-08
80,0.3333596436705557,1.0,1.0,0.5100408608745401,0.9581757420252826,4.4432552359641164e-07
80,0.33336588001470324,1.0,1.0,0.5117798868374276,0.9581578172344705,4.873798333804302e-07
80,0.3333595646801258,1.0,1.0,0.5099675425632594,0.9581760570122803,8.794472383666374e-08
80,0.3333666258511252,1.0,1.0,0.5117798868374276,0.9581573298546371,1.6562930496011319e-06
80,0.3333666258511252,1.0,1.0,0.5117798868374276,0.9581573298546371,1.6562930496011319e-06
80,0.3332522182430155,1.0,1.0,0.481289658249812,0.95848461450325,7.519231992603181e-08
80,0.33324530861994683,1.0,1.0,0.47951091765153986,0.958504488053491,2.982102531579045e-08
80,0.33336576535117596,1.0,1.0,0.5117798868374276,0.9581581467996692,8.169450320671956e-07
80,0.33336580750830314,1.0,1.0,0.5116647055113868,0.9581585174259258,4.917940363835527e-07
80,0.3332629770541421,1.0,1.0,0.4842537430908392,0.9584536715074351,2.1142139104979307e-06
80,0.33325144379306115,1.0,1.0,0.481289658249812,0.9584868419455538,2.30263462375202e-06
80,0.3333494811849389,1.0,1.0,0.5072675358187229,0.9582049529517039,8.328515294087069e-07
80,0.3333595249608038,1.0,1.0,0.5101487769906762,0.9581760832328851,1.902891506921911e-06
80,0.3333595890581774,1.0,1.0,0.48517905092300917,0.9584413147443819,0.00026541574669580736
80,0.3333545158576178,1.0,1.0,0.5116762236439909,0.9581904811265045,3.208247361652372e-05
80,0.33336576535117596,1.0,1.0,0.5117798868374276,0.9581581467996692,8.169450320671956e-07
80,0.3333711697913824,1.0,1.0,0.5117798868374276,0.9581573298546371,1.4716216999999254e-05
80,0.33337228771199845,1.0,1.0,0.5117798868374276,0.9581573298546371,1.7929223650958726e-05
80,0.3332517211508465,1.0,1.0,0.5117798868374276,0.9584860442188803,0.0003287143642431989
80,0.3332453797113337,1.0,1.0,0.47957690413169257,0.9585042835752977,5.659862565288165e-07
80,0.3333596436705557,1.0,1.0,0.48430947662564167,0.9584509396416823,0.00027519761639971385
80,0.3333483465586325,1.0,1.0,0.5070181098605466,0.9582082144184384,1.4919168295213225e-06
80,0.3332576586239222,1.0,1.0,0.48270715202499265,0.9584689673868356,2.3356724654366445e-07
80,0.3334579818171688,1.0,1.0,0.5117798868374276,0.9581573298546371,0.0002641578425367497
80,0.33324992365159095,1.0,1.0,0.48082278253419525,0.9584912141463836,1.4558330471148295e-06
80,0.3332439583614566,1.0,1.0,0.4793616668309035,0.9585083717812724,2.2378464070715864e-06
80,0.3332636462634345,1.0,1.0,0.4843386811085736,0.9584517468867673,1.1308590728287271e-06
80,0.33336576535117596,1.0,1.0,0.5117798868374276,0.9581581467996692,8.169450320671956e-07
80,0.33326240706113897,1.0,1.0,0.48396666498008517,0.9584553107918949,5.70571869862313e-07
81,0.3333596436705557,1.0,1.0,0.5100408608745401,0.9581757420252826,4.4432552359641164e-07
81,0.333366498447206,1.0,1.0,0.5117798868374276,0.9581573298546371,1.290111120155757e-06
81,0.3333595890581774,1.0,1.0,0.5099756150187091,0.9581759734037748,7.440608873476862e-08
81,0.333366498447206,1.0,1.0,0.5117798868374276,0.9581573298546371,1.290111120155757e-06
81,0.3332672628282523,1.0,1.0,0.48517905092300917,0.9584413459166045,3.1172222580977405e-08
81,0.3333545158576178,1.0,1.0,0.5085832332271453,0.9581904811265045,6.05641049533645e-08
81,0.3332516636738463,1.0,1.0,0.48114202749829127,0.9584862095320906,2.0628952657197885e-08
81,0.33336588001470324,1.0,1.0,0.5117798868374276,0.9581578172344705,4.873798333804302e-07
81,0.3332516636738463,1.0,1.0,0.48114202749829127,0.9584862095320906,2.0628952657197885e-08
81,0.33336588001470324,1.0,1.0,0.5117798868374276,0.9581578172344705,4.873798333804302e-07
81,0.3332447328114109,1.0,1.0,0.4793616668309035,0.9585061442389006,1.0304035291675007e-08
81,0.3333596436705557,1.0,1.0,0.5100408608745401,0.9581757420252826,4.4432552359641164e-07
81,0.33336588001470324,1.0,1.0,0.5117798868374276,0.9581578172344705,4.873798333804302e-07
81,0.3333666258511252,1.0,1.0,0.5117798868374276,0.9581573298546371,1.6562930496011319e-06
81,0.3333666258511252,1.0,1.0,0.5117798868374276,0.9581573298546371,1.6562930496011319e-06
81,0.33324530861994683,1.0,1.0,0.47951091765153986,0.958504488053491,2.982102531579045e-08
81,0.3333595646801258,1.0,1.0,0.5099675425632594,0.9581760570122803,8.794472383666374e-08
81,0.3332522182430155,1.0,1.0,0.481289658249812,0.95848461450325,7.519231992603181e-08
81,0.33336576535117596,1.0,1.0,0.5117798868374276,0.9581581467996692,8.169450320671956e-07
81,0.33336580750830314,1.0,1.0,0.5116647055113868,0.9581585174259258,4.917940363835527e-07
81,0.33325734807603674,1.0,1.0,0.48259965514568615,0.9584699303358319,6.979386579786251e-08
81,0.333366498447206,1.0,1.0,0.5101775622367786,0.9581738823530479,1.7842609530971387e-05
81,0.3334748093004918,1.0,1.0,0.5117798868374276,0.9581573298546371,0.00031249412125811116
81,0.333366498447206,1.0,1.0,0.5117798868374276,0.9581573298546371,1.290111120155757e-06
81,0.3333618073152311,1.0,1.0,0.5104660562556838,0.9581708970546641,1.3739536571799604e-06
81,0.33336010728585974,1.0,1.0,0.5101099407572819,0.9581745824139402,1.7295643317538634e-07
81,0.3332516636738463,1.0,1.0,0.5117798868374276,0.9584862095320906,0.00032887967745354185
81,0.3334693173607219,1.0,1.0,0.5117798868374276,0.9581573298546371,0.000296719278245261
81,0.33337046367428247,1.0,1.0,0.5117798868374276,0.9581573298546371,1.2686760418323395e-05
81,0.33326383114435393,1.0,1.0,0.4842058134322049,0.9584520885347494,8.733571658092742e-07
81,0.3333601947985704,1.0,1.0,0.510099582144788,0.9581746896637637,5.317433054985443e-07
81,0.33326821193330214,1.0,1.0,0.48561480281938274,0.9584386163987985,2.116366768833977e-06
81,0.333266488378298,1.0,1.0,0.48517905092300917,0.958443573157807,2.2584134251601995e-06
81,0.3332692462810575,1.0,1.0,0.4859625257454202,0.9584356417504035,2.9797590974656174e-06
81,0.33346183606790014,1.0,1.0,0.5117798868374276,0.9581573298546371,0.00027522945568225765
81,0.33335639810974826,1.0,1.0,0.5089028985881735,0.9581870991451151,2.0283124562148203e-06
81,0.33323844884889836,1.0,1.0,0.4777965434643048,0.9585242190339345,4.721098917359612e-07
81,0.33337675039532755,1.0,1.0,0.5117798868374276,0.9581573298546371,3.0755171208096677e-05
81,0.33325629237453197,1.0,1.0,0.4824667874693175,0.958472896817932,1.4870938577216108e-06
81,0.33334047661865235,1.0,1.0,0.5116647055113868,0.9582308370569785,7.231963105269745e-05
82,0.333366498447206,1.0,1.0,0.5117798868374276,0.9581573298546371,1.290111120155757e-06
82,0.3333595890581774,1.0,1.0,0.5099756150187091,0.9581759734037748,7.440608873476862e-08
82,0.333366498447206,1.0,1.0,0.5117798868374276,0.9581573298546371,1.290111120155757e-06
82,0.3332672628282523,1.0,1.0,0.48517905092300917,0.9584413459166045,3.1172222580977405e-08
82,0.3333545158576178,1.0,1.0,0.5085832332271453,0.9581904811265045,6.05641049533645e-08
82,0.3332516636738463,1.0,1.0,0.48114202749829127,0.9584862095320906,2.0628952657197885e-08
82,0.33336588001470324,1.0,1.0,0.5117798868374276,0.9581578172344705,4.873798333804302e-07
82,0.3332516636738463,1.0,1.0,0.48114202749829127,0.9584862095320906,2.0628952657197885e-08
82,0.33336588001470324,1.0,1.0,0.5117798868374276,0.9581578172344705,4.873798333804302e-07
82,0.3332447328114109,1.0,1.0,0.4793616668309035,0.9585061442389006,1.0304035291675007e-08
82,0.33336588001470324,1.0,1.0,0.5117798868374276,0.9581578172344705,4.873798333804302e-07
82,0.333366498447206,1.0,1.0,0.5117798868374276,0.9581573298546371,1.290111120155757e-06
82,0.33336010728585974,1.0,1.0,0.5101099407572819,0.9581745824139402,1.7295643317538634e-07
82,0.33324530861994683,1.0,1.0,0.47951091765153986,0.958504488053491,2.982102531579045e-08
82,0.3333666258511252,1.0,1.0,0.5117798868374276,0.9581573298546371,1.6562930496011319e-06
82,0.3333666258511252,1.0,1.0,0.5117798868374276,0.9581573298546371,1.6562930496011319e-06
82,0.3333595646801258,1.0,1.0,0.5099675425632594,0.9581760570122803,8.794472383666374e-08
82,0.33325734807603674,1.0,1.0,0.48259965514568615,0.9584699303358319,6.979386579786251e-08
82,0.33336576535117596,1.0,1.0,0.5117798868374276,0.9581581467996692,8.169450320671956e-07
82,0.33336580750830314,1.0,1.0,0.5116647055113868,0.9581585174259258,4.917940363835527e-07
82,0.3333664366039557,1.0,1.0,0.5117798868374276,0.9581573298546371,1.1123623214759348e-06
82,0.33337097227348783,1.0,1.0,0.5117798868374276,0.9581573298546371,1.4148530167790163e-05
82,0.3332569093749904,1.0,1.0,0.4826034888315559,0.9584711222764346,1.2346181719191662e-06
82,0.3332672628282523,1.0,1.0,0.4535269203332512,0.9588067128128726,0.0003653668962680934
82,0.33336096399025195,1.0,1.0,0.510156042200581,0.9581741051289556,2.158084002279459e-06
82,0.33336698679236654,1.0,1.0,0.5117798868374276,0.9581573298546371,2.6937020040085358e-06
82,0.3333494235988332,1.0,1.0,0.5070802817550142,0.9582060736693419,9.551877535596276e-07
82,0.333353888835734,1.0,1.0,0.5084860961204353,0.9581922834345585,8.530431570008545e-07
82,0.3333663640975556,1.0,1.0,0.5116647055113868,0.9581585174259258,2.0915368871277096e-06
82,0.33317378806419007,1.0,1.0,0.4601618542948407,0.9587274678077986,1.7222951308459855e-05
82,0.33326356652616246,1.0,1.0,0.48422349978253276,0.9584519762077467,8.371234272441797e-08
82,0.33337211779089504,1.0,1.0,0.5117798868374276,0.9581573298546371,1.744085616317559e-05
82,0.3333723096522449,1.0,1.0,0.5117798868374276,0.9581573298546371,1.7992281721279646e-05
82,0.3333714693691764,1.0,1.0,0.5117798868374276,0.9581573298546371,1.5577233241637067e-05
82,0.3332522855188589,1.0,1.0,0.481245690691728,0.9584850305258926,6.095182717436032e-07
82,0.3332771245468974,1.0,1.0,0.5117798868374276,0.9584129854977016,0.00025565564306451183
82,0.3333595646801258,1.0,1.0,0.510318425504163,0.9581759690675564,3.544627749874074e-06
82,0.33346235938689706,1.0,1.0,0.5117798868374276,0.9581573298546371,0.0002767327075016146
82,0.33326793408103206,1.0,1.0,0.48517905092300917,0.9584413147443819,1.8992757742086752e-06
82,0.33336580750830314,1.0,1.0,0.510156042200581,0.9581741051289556,1.607949706616818e-05
83,0.3333595890581774,1.0,1.0,0.5099756150187091,0.9581759734037748,7.440608873476862e-08
83,0.3332672628282523,1.0,1.0,0.48517905092300917,0.9584413459166045,3.1172222580977405e-08
83,0.3333545158576178,1.0,1.0,0.5085832332271453,0.9581904811265045,6.05641049533645e-08
83,0.3332516636738463,1.0,1.0,0.48114202749829127,0.9584862095320906,2.0628952657197885e-08
83,0.33336588001470324,1.0,1.0,0.5117798868374276,0.9581578172344705,4.873798333804302e-07
83,0.3332516636738463,1.0,1.0,0.48114202749829127,0.9584862095320906,2.0628952657197885e-08
83,0.33336588001470324,1.0,1.0,0.5117798868374276,0.9581578172344705,4.873798333804302e-07
83,0.3332447328114109,1.0,1.0,0.4793616668309035,0.9585061442389006,1.0304035291675007e-08
83,0.33336588001470324,1.0,1.0,0.5117798868374276,0.9581578172344705,4.873798333804302e-07
83,0.33336010728585974,1.0,1.0,0.5101099407572819,0.9581745824139402,1.7295643317538634e-07
83,0.3333664366039557,1.0,1.0,0.5117798868374276,0.9581573298546371,1.1123623214759348e-06
83,0.3333595646801258,1.0,1.0,0.5099675425632594,0.9581760570122803,8.794472383666374e-08
83,0.33325734807603674,1.0,1.0,0.48259965514568615,0.9584699303358319,6.979386579786251e-08
83,0.33326356652616246,1.0,1.0,0.48422349978253276,0.9584519762077467,8.371234272441797e-08
83,0.33324530861994683,1.0,1.0,0.47951091765153986,0.958504488053491,2.982102531579045e-08
83,0.33336576535117596,1.0,1.0,0.5117798868374276,0.9581581467996692,8.169450320671956e-07
83,0.33336580750830314,1.0,1.0,0.5116647055113868,0.9581585174259258,4.917940363835527e-07
83,0.333366498447206,1.0,1.0,0.5117798868374276,0.9581573298546371,1.290111120155757e-06
83,0.333366498447206,1.0,1.0,0.5117798868374276,0.9581573298546371,1.290111120155757e-06
83,0.333366498447206,1.0,1.0,0.5117798868374276,0.9581573298546371,1.290111120155757e-06
83,0.3334526742512541,1.0,1.0,0.5117798868374276,0.9581573298546371,0.0002489110578292042
83,0.333469231310727,1.0,1.0,0.5117798868374276,0.9581573298546371,0.0002964721073140941
83,0.3333545158576178,1.0,1.0,0.4851748666693038,0.9584413610042628,0.0002508798777582921
83,0.33345785119402965,1.0,1.0,0.5117798868374276,0.9581573298546371,0.00026378261366677425
83,0.3334558105042643,1.0,1.0,0.5117798868374276,0.9581573298546371,0.0002579204769437293
83,0.3334521477501397,1.0,1.0,0.5117798868374276,0.9581573298546371,0.0002473985773973064
83,0.3334692931539773,1.0,1.0,0.5117798868374276,0.9581573298546371,0.0002966497465445306
83,0.3334558105042643,1.0,1.0,0.5117798868374276,0.9581573298546371,0.0002579204769437293
83,0.33336588001470324,1.0,1.0,0.48273781457012865,0.958468392587053,0.00031057535258249835
83,0.3332574049519662,1.0,1.0,0.48264026966867396,0.9584696969631132,2.1873619793222332e-07
83,0.33326356652616246,1.0,1.0,0.48422349978253276,0.9584519762077467,8.371234272441797e-08
83,0.3333606993720605,1.0,1.0,0.5099675425632594,0.9581760570122803,3.3493805886575245e-06
83,0.3333634339577406,1.0,1.0,0.5109699367837106,0.9581656883086858,8.405833024083265e-07
83,0.333475465674409,1.0,1.0,0.5117798868374276,0.9581573298546371,0.00031437943046297434
83,0.33326300034007517,1.0,1.0,0.484119836589096,0.9584536045378406,5.628848036565159e-07
83,0.33335396807501266,1.0,1.0,0.5084473611198496,0.9581920556692628,2.2252113118792494e-07
83,0.3332675935007994,1.0,1.0,0.48561480281938274,0.9584403949383327,3.894906303036905e-06
83,0.33334600656370106,1.0,1.0,0.5117798868374276,0.9582149407697794,5.7610915142336516e-05
83,0.3333511891857369,1.0,1.0,0.5077232372007165,0.95820004337024,6.735047599626398e-07
83,0.3333601456474299,1.0,1.0,0.5100408608745401,0.958175297699759,9.98504606886108e-07
84,0.3333595890581774,1.0,1.0,0.5099756150187091,0.9581759734037748,7.440608873476862e-08
84,0.3332672628282523,1.0,1.0,0.48517905092300917,0.9584413459166045,3.1172222580977405e-08
84,0.3333545158576178,1.0,1.0,0.5085832332271453,0.9581904811265045,6.05641049533645e-08
84,0.3332516636738463,1.0,1.0,0.48114202749829127,0.9584862095320906,2.0628952657197885e-08
84,0.33336588001470324,1.0,1.0,0.5117798868374276,0.9581578172344705,4.873798333804302e-07
84,0.3332516636738463,1.0,1.0,0.48114202749829127,0.9584862095320906,2.0628952657197885e-08
84,0.33336588001470324,1.0,1.0,0.5117798868374276,0.9581578172344705,4.873798333804302e-07
84,0.3332447328114109,1.0,1.0,0.4793616668309035,0.9585061442389006,1.0304035291675007e-08
84,0.33336588001470324,1.0,1.0,0.5117798868374276,0.9581578172344705,4.873798333804302e-07
84,0.33336010728585974,1.0,1.0,0.5101099407572819,0.9581745824139402,1.7295643317538634e-07
84,0.3333664366039557,1.0,1.0,0.5117798868374276,0.9581573298546371,1.1123623214759348e-06
84,0.33324530861994683,1.0,1.0,0.47951091765153986,0.958504488053491,2.982102531579045e-08
84,0.333366498447206,1.0,1.0,0.5117798868374276,0.9581573298546371,1.290111120155757e-06
84,0.333366498447206,1.0,1.0,0.5117798868374276,0.9581573298546371,1.290111120155757e-06
84,0.3333595646801258,1.0,1.0,0.5099675425632594,0.9581760570122803,8.794472383666374e-08
84,0.33326356652616246,1.0,1.0,0.48422349978253276,0.9584519762077467,8.371234272441797e-08
84,0.33336576535117596,1.0,1.0,0.5117798868374276,0.9581581467996692,8.169450320671956e-07
84,0.33336580750830314,1.0,1.0,0.5116647055113868,0.9581585174259258,4.917940363835527e-07
84,0.33325734807603674,1.0,1.0,0.48259965514568615,0.9584699303358319,6.979386579786251e-08
84,0.33326356652616246,1.0,1.0,0.48422349978253276,0.9584519762077467,8.371234272441797e-08
84,0.3334692931539773,1.0,1.0,0.5117798868374276,0.9581573298546371,0.0002966497465445306
84,0.33336577681752866,1.0,1.0,0.48517905092300917,0.9584413147443819,0.0002832009012427861
84,0.3332580078624638,1.0,1.0,0.48259965514568615,0.9584699303358319,1.9673788838048267e-06
84,0.333370912300121,1.0,1.0,0.5117798868374276,0.9581573298546371,1.3976160383344371e-05
84,0.3333764779182605,1.0,1.0,0.5117798868374276,0.9581573298546371,2.997207001342872e-05
84,0.3332516636738463,1.0,1.0,0.45209995523099233,0.9588239480301126,0.00033773849802198885
84,0.3333601552442647,1.0,1.0,0.5100792782121459,0.9581748998926584,6.282816080727116e-07
84,0.3333601456474299,1.0,1.0,0.4793616668309035,0.9585061339348653,0.0003318347397132104
84,0.33325031248497594,1.0,1.0,0.4808034012665428,0.9584900957876958,1.2067781707258973e-07
84,0.33325804944768533,1.0,1.0,0.4828414777635654,0.9584678433556286,6.041914318855035e-07
84,0.3332516285275272,1.0,1.0,0.4811316562836099,0.9584863106186546,5.80532133476197e-09
84,0.3333658420732888,1.0,1.0,0.5117798868374276,0.9581579262854234,5.964307863148832e-07
84,0.33316524339503284,1.0,1.0,0.4579651237857325,0.9587535431821224,1.871034114775405e-05
84,0.33344715458655694,1.0,1.0,0.5117798868374276,0.9581573298546371,0.0002330544724791217
84,0.33336131413419956,1.0,1.0,0.5105267432250201,0.9581709406351128,6.712774870409888e-07
84,0.33337268317865293,1.0,1.0,0.5117798868374276,0.9581573298546371,1.9065826022068855e-05
84,0.33337027724721036,1.0,1.0,0.5117798868374276,0.9581573298546371,1.2150947503508647e-05
84,0.33326820126990336,1.0,1.0,0.4855176783148603,0.95843864706543,1.074370536535696e-06
84,0.33335560286555915,1.0,1.0,0.5090065617816102,0.9581873566532686,1.3340080360357831e-06
84,0.3333669178221862,1.0,1.0,0.5117798868374276,0.9581573298546371,2.4954696830059575e-06
85,0.3333595890581774,1.0,1.0,0.5099756150187091,0.9581759734037748,7.440608873476862e-08
85,0.3332672628282523,1.0,1.0,0.48517905092300917,0.9584413459166045,3.1172222580977405e-08
85,0.3333545158576178,1.0,1.0,0.5085832332271453,0.9581904811265045,6.05641049533645e-08
85,0.3332516636738463,1.0,1.0,0.48114202749829127,0.9584862095320906,2.0628952657197885e-08
85,0.33336588001470324,1.0,1.0,0.5117798868374276,0.9581578172344705,4.873798333804302e-07
85,0.3332516636738463,1.0,1.0,0.48114202749829127,0.9584862095320906,2.0628952657197885e-08
85,0.33336588001470324,1.0,1.0,0.5117798868374276,0.9581578172344705,4.873798333804302e-07
85,0.33336588001470324,1.0,1.0,0.5117798868374276,0.9581578172344705,4.873798333804302e-07
85,0.33336010728585974,1.0,1.0,0.5101099407572819,0.9581745824139402,1.7295643317538634e-07
85,0.3333664366039557,1.0,1.0,0.5117798868374276,0.9581573298546371,1.1123623214759348e-06
85,0.3332516285275272,1.0,1.0,0.4811316562836099,0.9584863106186546,5.80532133476197e-09
85,0.333366498447206,1.0,1.0,0.5117798868374276,0.9581573298546371,1.290111120155757e-06
85,0.333366498447206,1.0,1.0,0.5117798868374276,0.9581573298546371,1.290111120155757e-06
85,0.3332447328114109,1.0,1.0,0.4793616668309035,0.9585061442389006,1.0304035291675007e-08
85,0.3333595646801258,1.0,1.0,0.5099675425632594,0.9581760570122803,8.794472383666374e-08
85,0.33326356652616246,1.0,1.0,0.48422349978253276,0.9584519762077467,8.371234272441797e-08
85,0.3333658420732888,1.0,1.0,0.5117798868374276,0.9581579262854234,5.964307863148832e-07
85,0.33336580750830314,1.0,1.0,0.5116647055113868,0.9581585174259258,4.917940363835527e-07
85,0.33325734807603674,1.0,1.0,0.48259965514568615,0.9584699303358319,6.979386579786251e-08
85,0.33324530861994683,1.0,1.0,0.47951091765153986,0.958504488053491,2.982102531579045e-08
85,0.3333595890581774,1.0,1.0,0.4840812980129508,0.9584534689535258,0.0002775699558397182
85,0.3331608059666642,1.0,1.0,0.4566494263773101,0.9587692368405624,2.16344388943579e-05
85,0.333370301625262,1.0,1.0,0.5117798868374276,0.9581573298546371,1.2221012870683445e-05
85,0.3333659452704633,1.0,1.0,0.48114202749829127,0.958486188903138,0.0003285592262670667
85,0.33334827546724555,1.0,1.0,0.5069521233803939,0.9582084187703303,1.0075123064723357e-06
85,0.33337033325694915,1.0,1.0,0.5117798868374276,0.9581573298546371,1.231192601813813e-05
85,0.3332670220927831,1.0,1.0,0.48527852986274056,0.9584420382468116,1.8231599430151846e-06
85,0.33337008916671074,1.0,1.0,0.5117798868374276,0.9581573298546371,1.1610381840165829e-05
85,0.33345457022674896,1.0,1.0,0.5117798868374276,0.9581573298546371,0.0002543575895163075
85,0.33336062686321727,1.0,1.0,0.5103080542894816,0.95817291604261,3.842804525699961e-07
85,0.3332449824443275,1.0,1.0,0.4794068352212736,0.9585056267390201,2.0051448201829913e-07
85,0.33346807893540653,1.0,1.0,0.5117798868374276,0.9581573298546371,0.0002931619997527113
85,0.3332511972689322,1.0,1.0,0.4810211343335758,0.9584875509906676,1.0767231772845776e-08
85,0.3332735032186245,1.0,1.0,0.4868101607697606,0.958423399551017,7.852649019923774e-08
85,0.33338293056280005,1.0,1.0,0.5117798868374276,0.9581573298546371,4.851667646466051e-05
85,0.3333715418755765,1.0,1.0,0.5117798868374276,0.9581573298546371,1.5785623581954233e-05
85,0.3332738998501245,1.0,1.0,0.5117798868374276,0.9584222589249143,0.0002649290702771978
85,0.3334634585818835,1.0,1.0,0.5117798868374276,0.9581573298546371,0.0002798901675462595
85,0.3334426582870584,1.0,1.0,0.5117798868374276,0.9581573298546371,0.00022013736568693432
85,0.3332579046652892,1.0,1.0,0.48259965514568615,0.9584699303358319,1.6705781656911611e-06
86,0.3333595890581774,1.0,1.0,0.5099756150187091,0.9581759734037748,7.440608873476862e-08
86,0.3332672628282523,1.0,1.0,0.48517905092300917,0.9584413459166045,3.1172222580977405e-08
86,0.3333545158576178,1.0,1.0,0.5085832332271453,0.9581904811265045,6.05641049533645e-08
86,0.3332516636738463,1.0,1.0,0.48114202749829127,0.9584862095320906,2.0628952657197885e-08
86,0.33336588001470324,1.0,1.0,0.5117798868374276,0.9581578172344705,4.873798333804302e-07
86,0.3332516636738463,1.0,1.0,0.48114202749829127,0.9584862095320906,2.0628952657197885e-08
86,0.33336588001470324,1.0,1.0,0.5117798868374276,0.9581578172344705,4.873798333804302e-07
86,0.33336588001470324,1.0,1.0,0.5117798868374276,0.9581578172344705,4.873798333804302e-07
86,0.33336010728585974,1.0,1.0,0.5101099407572819,0.9581745824139402,1.7295643317538634e-07
86,0.3333664366039557,1.0,1.0,0.5117798868374276,0.9581573298546371,1.1123623214759348e-06
86,0.3332516285275272,1.0,1.0,0.4811316562836099,0.9584863106186546,5.80532133476197e-09
86,0.33336062686321727,1.0,1.0,0.5103080542894816,0.95817291604261,3.842804525699961e-07
86,0.333366498447206,1.0,1.0,0.5117798868374276,0.9581573298546371,1.290111120155757e-06
86,0.333366498447206,1.0,1.0,0.5117798868374276,0.9581573298546371,1.290111120155757e-06
86,0.3332447328114109,1.0,1.0,0.4793616668309035,0.9585061442389006,1.0304035291675007e-08
86,0.3333595646801258,1.0,1.0,0.5099675425632594,0.9581760570122803,8.794472383666374e-08
86,0.3332735032186245,1.0,1.0,0.4868101607697606,0.958423399551017,7.852649019923774e-08
86,0.3333658420732888,1.0,1.0,0.5117798868374276,0.9581579262854234,5.964307863148832e-07
86,0.33336580750830314,1.0,1.0,0.5116647055113868,0.9581585174259258,4.917940363835527e-07
86,0.33325734807603674,1.0,1.0,0.48259965514568615,0.9584699303358319,6.979386579786251e-08
86,0.3333595890581774,1.0,1.0,0.5100861846992764,0.9581758989976861,1.070616708287453e-06
86,0.33346870635316167,1.0,1.0,0.5117798868374276,0.9581573298546371,0.0002949642107927808
86,0.33326253499191494,1.0,1.0,0.48385440162985777,0.9584559855854655,1.0427195100692899e-06
86,0.3334639785168243,1.0,1.0,0.5117798868374276,0.9581573298546371,0.0002813836840293016
86,0.33334186565730894,1.0,1.0,0.5053118955992796,0.9582268441001742,2.2743466815411395e-06
86,0.3332516626748002,1.0,1.0,0.4811316562836099,0.9584863048133333,9.240782294916983e-08
86,0.33328895934835806,1.0,1.0,0.5117798868374276,0.9583789530851403,0.00022162323050323174
86,0.33336588001470324,1.0,1.0,0.5060795867277071,0.9582165297823595,5.8712547889028244e-05
86,0.33325070770906395,1.0,1.0,0.4808355669446913,0.9584896153146362,6.562638296125911e-07
86,0.33345457022674896,1.0,1.0,0.5117798868374276,0.9581573298546371,0.0002543575895163075
86,0.333360252301103,1.0,1.0,0.4811316562836099,0.9584863048133333,0.00031231217184946036
86,0.33336588001470324,1.0,1.0,0.5117798868374276,0.9581578172344705,4.873798333804302e-07
86,0.33334883600842163,1.0,1.0,0.5070905543140053,0.9582068074994501,8.410254923596483e-07
86,0.33344321225505763,1.0,1.0,0.5117798868374276,0.9581573298546371,0.0002217288407233564
86,0.3332447328114109,1.0,1.0,0.4842058134322049,0.9585061442389006,5.405570415117911e-05
86,0.333366498447206,1.0,1.0,0.5117798868374276,0.9581573298546371,1.290111120155757e-06
86,0.33336062686321727,1.0,1.0,0.5103080542894816,0.95817291604261,3.842804525699961e-07
86,0.33325796992104934,1.0,1.0,0.4827033183391229,0.9584687764852875,7.044067776851293e-07
86,0.33324601217619226,1.0,1.0,0.4796636574215336,0.958502744055781,2.796178537600724e-07
86,0.3333348027903172,1.0,1.0,0.5036147809591915,0.9582471474968519,4.7467884762841805e-06
87,0.3333595890581774,1.0,1.0,0.5099756150187091,0.9581759734037748,7.440608873476862e-08
87,0.3332672628282523,1.0,1.0,0.48517905092300917,0.9584413459166045,3.1172222580977405e-08
87,0.3333545158576178,1.0,1.0,0.5085832332271453,0.9581904811265045,6.05641049533645e-08
87,0.3332516636738463,1.0,1.0,0.48114202749829127,0.9584862095320906,2.0628952657197885e-08
87,0.33336588001470324,1.0,1.0,0.5117798868374276,0.9581578172344705,4.873798333804302e-07
87,0.3332516636738463,1.0,1.0,0.48114202749829127,0.9584862095320906,2.0628952657197885e-08
87,0.33336588001470324,1.0,1.0,0.5117798868374276,0.9581578172344705,4.873798333804302e-07
87,0.33336588001470324,1.0,1.0,0.5117798868374276,0.9581578172344705,4.873798333804302e-07
87,0.33336010728585974,1.0,1.0,0.5101099407572819,0.9581745824139402,1.7295643317538634e-07
87,0.3333664366039557,1.0,1.0,0.5117798868374276,0.9581573298546371,1.1123623214759348e-06
87,0.3332516285275272,1.0,1.0,0.4811316562836099,0.9584863106186546,5.80532133476197e-09
87,0.33336062686321727,1.0,1.0,0.5103080542894816,0.95817291604261,3.842804525699961e-07
87,0.33336588001470324,1.0,1.0,0.5117798868374276,0.9581578172344705,4.873798333804302e-07
87,0.33336062686321727,1.0,1.0,0.5103080542894816,0.95817291604261,3.842804525699961e-07
87,0.333366498447206,1.0,1.0,0.5117798868374276,0.9581573298546371,1.290111120155757e-06
87,0.333366498447206,1.0,1.0,0.5117798868374276,0.9581573298546371,1.290111120155757e-06
87,0.3332447328114109,1.0,1.0,0.4793616668309035,0.9585061442389006,1.0304035291675007e-08
87,0.3333595646801258,1.0,1.0,0.5099675425632594,0.9581760570122803,8.794472383666374e-08
87,0.3332735032186245,1.0,1.0,0.4868101607697606,0.958423399551017,7.852649019923774e-08
87,0.3333658420732888,1.0,1.0,0.5117798868374276,0.9581579262854234,5.964307863148832e-07
87,0.3334748783503933,1.0,1.0,0.5117798868374276,0.9581573298546371,0.00031269245431309045
87,0.333462867845358,1.0,1.0,0.5117798868374276,0.9581573298546371,0.0002781932674010834
87,0.33326726282825225,1.0,1.0,0.48517905092300917,0.9584413459166046,3.117222269199971e-08
87,0.3333612527460619,1.0,1.0,0.510318425504163,0.9581724244398065,1.3073584842482333e-06
87,0.333463978159241,1.0,1.0,0.5117798868374276,0.9581573298546371,0.00028138265687061015
87,0.3332516636738463,1.0,1.0,0.5086842096526349,0.9584862095320906,0.00029683844214101196
87,0.33335404823799597,1.0,1.0,0.5084049310481655,0.9581922743717435,4.4912276186970246e-07
87,0.3331473590272206,1.0,1.0,0.453290278785571,0.9588095662758215,2.326562077348271e-05
87,0.3334691933693125,1.0,1.0,0.5117798868374276,0.9581573298546371,0.0002963631239465414
87,0.33346932478566443,1.0,1.0,0.5117798868374276,0.9581573298546371,0.00029674060572415506
87,0.3332678194175048,1.0,1.0,0.48517905092300917,0.9584413147443819,1.5695168316121055e-06
87,0.33336588001470324,1.0,1.0,0.5117798868374276,0.9581578172344705,4.873798333804302e-07
87,0.3332521851167797,1.0,1.0,0.4811316562836099,0.9584863048133333,1.595033927048739e-06
87,0.3334686747214745,1.0,1.0,0.5117798868374276,0.9581573298546371,0.0002948733512762036
87,0.33336541239508144,1.0,1.0,0.5116015846584478,0.9581591683802871,7.114978162192642e-09
87,0.33325168951915934,1.0,1.0,0.4809998257287093,0.9584877784524258,1.6432556704248924e-06
87,0.333170207581526,1.0,1.0,0.4592360873645379,0.9587384374012291,1.788956649195761e-05
87,0.333272912482099,1.0,1.0,0.4868101607697606,0.9584250983860739,1.7773615471616822e-06
87,0.3333601456474299,1.0,1.0,0.5099756150187091,0.9581759734037748,1.674208622737261e-06
87,0.3331841237117814,1.0,1.0,0.46270629746210884,0.9586974623741847,1.695750378072347e-05
88,0.33336588001470324,1.0,1.0,0.5117798868374276,0.9581578172344705,4.873798333804302e-07
88,0.33336588001470324,1.0,1.0,0.5117798868374276,0.9581578172344705,4.873798333804302e-07
88,0.33336588001470324,1.0,1.0,0.5117798868374276,0.9581578172344705,4.873798333804302e-07
88,0.3333664366039557,1.0,1.0,0.5117798868374276,0.9581573298546371,1.1123623214759348e-06
88,0.3332516285275272,1.0,1.0,0.4811316562836099,0.9584863106186546,5.80532133476197e-09
88,0.33336588001470324,1.0,1.0,0.5117798868374276,0.9581578172344705,4.873798333804302e-07
88,0.33336588001470324,1.0,1.0,0.5117798868374276,0.9581578172344705,4.873798333804302e-07
88,0.33336541239508144,1.0,1.0,0.5116015846584478,0.9581591683802871,7.114978162192642e-09
88,0.333366498447206,1.0,1.0,0.5117798868374276,0.9581573298546371,1.290111120155757e-06
88,0.333366498447206,1.0,1.0,0.5117798868374276,0.9581573298546371,1.290111120155757e-06
88,0.3333658420732888,1.0,1.0,0.5117798868374276,0.9581579262854234,5.964307863148832e-07
88,0.3333595890581774,1.0,1.0,0.5099756150187091,0.9581759734037748,7.440608873476862e-08
88,0.3332672628282523,1.0,1.0,0.48517905092300917,0.9584413459166045,3.1172222580977405e-08
88,0.3333545158576178,1.0,1.0,0.5085832332271453,0.9581904811265045,6.05641049533645e-08
88,0.3332516636738463,1.0,1.0,0.48114202749829127,0.9584862095320906,2.0628952657197885e-08
88,0.3332516636738463,1.0,1.0,0.48114202749829127,0.9584862095320906,2.0628952657197885e-08
88,0.33336010728585974,1.0,1.0,0.5101099407572819,0.9581745824139402,1.7295643317538634e-07
88,0.33336062686321727,1.0,1.0,0.5103080542894816,0.95817291604261,3.842804525699961e-07
88,0.33336062686321727,1.0,1.0,0.5103080542894816,0.95817291604261,3.842804525699961e-07
88,0.3332447328114109,1.0,1.0,0.4793616668309035,0.9585061442389006,1.0304035291675007e-08
88,0.3332683697335218,1.0,1.0,0.4855304627253563,0.958438162584883,7.310995480125371e-07
88,0.3334499389202756,1.0,1.0,0.5117798868374276,0.9581573298546371,0.00024105321693979054
88,0.3333716939031652,1.0,1.0,0.5117798868374276,0.9581573298546371,1.6222565142443024e-05
88,0.3333611142369514,1.0,1.0,0.5117798868374276,0.9581715151944286,1.4185339791472629e-05
88,0.3334500584590527,1.0,1.0,0.5117798868374276,0.9581573298546371,0.00024139662110789217
88,0.3332512769634597,1.0,1.0,0.4809815555372095,0.9584879827229984,6.609473931495913e-07
88,0.3331535616570933,1.0,1.0,0.4548822321715386,0.9587904064731724,2.1956434826608806e-05
88,0.33324000497507356,1.0,1.0,0.4780370175377521,0.9585210359290618,1.2929022094043674e-06
88,0.3333498795444828,1.0,1.0,0.5072329525080278,0.958204480826575,6.729482917577911e-07
88,0.3333595890581774,1.0,1.0,0.5099756150187091,0.9581759734037748,7.440608873476862e-08
88,0.3332470977933426,1.0,1.0,0.4798888838858838,0.958500217657859,8.757278779913946e-07
88,0.33336115217836587,1.0,1.0,0.5104552375442761,0.9581714061403824,3.9717534161543e-07
88,0.3332672628282523,1.0,1.0,0.4842058134322049,0.9584520885347494,1.0742618144932159e-05
88,0.333268249132204,1.0,1.0,0.48569943081112277,0.9584385094193187,2.9438090896061198e-06
88,0.33335401492729055,1.0,1.0,0.5085832332271453,0.9581919209971775,1.5004347779790095e-06
88,0.33336010728585974,1.0,1.0,0.5101099407572819,0.9581745824139402,1.7295643317538634e-07
88,0.33345727641711603,1.0,1.0,0.5117798868374276,0.9581573298546371,0.00026213150231324533
88,0.3333720428059037,1.0,1.0,0.5117798868374276,0.9581573298546371,1.722534285719668e-05
88,0.3332520845315059,1.0,1.0,0.48130249945937303,0.9584849990782618,6.03221116390884e-07
88,0.3333638960368552,1.0,1.0,0.5111397923507788,0.958163933996641,4.14393374059685e-07
89,0.33336588001470324,1.0,1.0,0.5117798868374276,0.9581578172344705,4.873798333804302e-07
89,0.33336588001470324,1.0,1.0,0.5117798868374276,0.9581578172344705,4.873798333804302e-07
89,0.33336588001470324,1.0,1.0,0.5117798868374276,0.9581578172344705,4.873798333804302e-07
89,0.3333664366039557,1.0,1.0,0.5117798868374276,0.9581573298546371,1.1123623214759348e-06
89,0.3332516285275272,1.0,1.0,0.4811316562836099,0.9584863106186546,5.80532133476197e-09
89,0.33336588001470324,1.0,1.0,0.5117798868374276,0.9581578172344705,4.873798333804302e-07
89,0.33336588001470324,1.0,1.0,0.5117798868374276,0.9581578172344705,4.873798333804302e-07
89,0.33336541239508144,1.0,1.0,0.5116015846584478,0.9581591683802871,7.114978162192642e-09
89,0.333366498447206,1.0,1.0,0.5117798868374276,0.9581573298546371,1.290111120155757e-06
89,0.333366498447206,1.0,1.0,0.5117798868374276,0.9581573298546371,1.290111120155757e-06
89,0.3332447328114109,1.0,1.0,0.4793616668309035,0.9585061442389006,1.0304035291675007e-08
89,0.3332672628282523,1.0,1.0,0.48517905092300917,0.9584413459166045,3.1172222580977405e-08
89,0.3333545158576178,1.0,1.0,0.5085832332271453,0.9581904811265045,6.05641049533645e-08
89,0.3333658420732888,1.0,1.0,0.5117798868374276,0.9581579262854234,5.964307863148832e-07
89,0.3333638960368552,1.0,1.0,0.5111397923507788,0.958163933996641,4.14393374059685e-07
89,0.33336062686321727,1.0,1.0,0.5103080542894816,0.95817291604261,3.842804525699961e-07
89,0.33336010728585974,1.0,1.0,0.5101099407572819,0.9581745824139402,1.7295643317538634e-07
89,0.3332516636738463,1.0,1.0,0.48114202749829127,0.9584862095320906,2.0628952657197885e-08
89,0.3333595890581774,1.0,1.0,0.5099756150187091,0.9581759734037748,7.440608873476862e-08
89,0.33336010728585974,1.0,1.0,0.5101099407572819,0.9581745824139402,1.7295643317538634e-07
89,0.33326547724818906,1.0,1.0,0.4846029658850252,0.9584476886464183,1.2075631951047328e-06
89,0.33326206737229314,1.0,1.0,0.483676099450878,0.9584579643062866,1.676575792308732e-06
89,0.33328247081573753,1.0,1.0,0.48916378380760245,0.9583976113514033,1.1687551582095779e-07
89,0.3333741237782321,1.0,1.0,0.5117798868374276,0.9581573298546371,2.320620008644525e-05
89,0.33335826832325494,1.0,1.0,0.5095159477139322,0.958180737082823,1.0418800082678814e-06
89,0.33325679435140615,1.0,1.0,0.4824015416134865,0.9584721363840263,6.832912798904189e-07
89,0.3332389807661993,1.0,1.0,0.47785871535877233,0.9585230458577185,3.568237041395861e-07
89,0.33336541239508144,1.0,1.0,0.5081465657551815,0.9581949621206732,3.580085536425415e-05
89,0.3333710413233894,1.0,1.0,0.5117798868374276,0.9581573298546371,1.4346986794144811e-05
89,0.333366498447206,1.0,1.0,0.487839134514451,0.9584120100569371,0.00025597031342017296
89,0.3333720605234145,1.0,1.0,0.5117798868374276,0.9581573298546371,1.7276264513754747e-05
89,0.333262586056623,1.0,1.0,0.4840181771600119,0.9584547960051203,6.270972499056171e-07
89,0.3333545158576178,1.0,1.0,0.5105538250595851,0.9581904811265045,2.0491849705095433e-05
89,0.333354965002344,1.0,1.0,0.5086842096526349,0.9581893710899496,1.8097826481877632e-07
89,0.33325731257908847,1.0,1.0,0.4825358673520592,0.9584706405022634,6.77868749243693e-07
89,0.33337672618858294,1.0,1.0,0.5117798868374276,0.9581573298546371,3.068560088892447e-05
89,0.33336588001470324,1.0,1.0,0.5117798868374276,0.9581578172344705,4.873798333804302e-07
89,0.3333546837233773,1.0,1.0,0.5087245964091938,0.9581899986152927,1.0471977179848935e-06
89,0.3334505260786745,1.0,1.0,0.5117798868374276,0.9581573298546371,0.00024273996967094646
89,0.33336010728585974,1.0,1.0,0.5099756150187091,0.9581759734037748,1.563946267824079e-06
90,0.33336588001470324,1.0,1.0,0.5117798868374276,0.9581578172344705,4.873798333804302e-07
90,0.33336588001470324,1.0,1.0,0.5117798868374276,0.9581578172344705,4.873798333804302e-07
90,0.33336588001470324,1.0,1.0,0.5117798868374276,0.9581578172344705,4.873798333804302e-07
90,0.3333664366039557,1.0,1.0,0.5117798868374276,0.9581573298546371,1.1123623214759348e-06
90,0.3332516285275272,1.0,1.0,0.4811316562836099,0.9584863106186546,5.80532133476197e-09
90,0.33336588001470324,1.0,1.0,0.5117798868374276,0.9581578172344705,4.873798333804302e-07
90,0.33336588001470324,1.0,1.0,0.5117798868374276,0.9581578172344705,4.873798333804302e-07
90,0.33336541239508144,1.0,1.0,0.5116015846584478,0.9581591683802871,7.114978162192642e-09
90,0.33336588001470324,1.0,1.0,0.5117798868374276,0.9581578172344705,4.873798333804302e-07
90,0.333366498447206,1.0,1.0,0.5117798868374276,0.9581573298546371,1.290111120155757e-06
90,0.333366498447206,1.0,1.0,0.5117798868374276,0.9581573298546371,1.290111120155757e-06
90,0.3332447328114109,1.0,1.0,0.4793616668309035,0.9585061442389006,1.0304035291675007e-08
90,0.3332672628282523,1.0,1.0,0.48517905092300917,0.9584413459166045,3.1172222580977405e-08
90,0.3333545158576178,1.0,1.0,0.5085832332271453,0.9581904811265045,6.05641049533645e-08
90,0.3333658420732888,1.0,1.0,0.5117798868374276,0.9581579262854234,5.964307863148832e-07
90,0.33336062686321727,1.0,1.0,0.5103080542894816,0.95817291604261,3.842804525699961e-07
90,0.3333638960368552,1.0,1.0,0.5111397923507788,0.958163933996641,4.14393374059685e-07
90,0.3332516636738463,1.0,1.0,0.48114202749829127,0.9584862095320906,2.0628952657197885e-08
90,0.33336010728585974,1.0,1.0,0.5101099407572819,0.9581745824139402,1.7295643317538634e-07
90,0.3333595890581774,1.0,1.0,0.5099756150187091,0.9581759734037748,7.440608873476862e-08
90,0.3333568580269335,1.0,1.0,0.5091593182651292,0.9581844368589422,6.879903250434083e-07
90,0.3332868846686525,1.0,1.0,0.5117798868374276,0.958384918904528,0.00022758904989095274
90,0.3333576582606633,1.0,1.0,0.5095374677501298,0.958181448723611,9.347864148301355e-07
90,0.3333658420732888,1.0,1.0,0.5117798868374276,0.9581579262854234,5.964307863148832e-07
90,0.33336588001470324,1.0,1.0,0.5117798868374276,0.9581578172344705,4.873798333804302e-07
90,0.3332568475317401,1.0,1.0,0.4826034888315559,0.9584713001421552,1.4124838925155814e-06
90,0.3333659116463904,1.0,1.0,0.5117798868374276,0.9581577263189114,3.9646427429929076e-07
90,0.33326670623899984,1.0,1.0,0.48517905092300917,0.9584429466110053,1.6318666233861023e-06
90,0.33336588001470324,1.0,1.0,0.5085832332271453,0.9581904205623996,3.260332792909271e-05
90,0.3333457735698061,1.0,1.0,0.5063689892913554,0.9582156105194757,2.107459784128629e-06
90,0.3333592062505768,1.0,1.0,0.5100085941510121,0.958176999303329,1.367454784628741e-06
90,0.33336641509230347,1.0,1.0,0.5117798868374276,0.9581573298546371,1.0505338877697667e-06
90,0.3332630536762448,1.0,1.0,0.4841964793389916,0.9584534511447677,1.2591451599153203e-06
90,0.33334038399533306,1.0,1.0,0.5050724086065864,0.9582311033149081,4.0221400904316695e-06
90,0.3332636721087476,1.0,1.0,0.4841964793389916,0.9584521919996077,5.194428303045839e-07
90,0.33336062686321727,1.0,1.0,0.4826034888315559,0.9584698876582627,0.0002969716156526747
90,0.33336010728585974,1.0,1.0,0.5101099407572819,0.9581745824139402,1.7295643317538634e-07
90,0.33336020600555766,1.0,1.0,0.5101475823283999,0.9581741927091457,6.700082733068768e-08
90,0.33336507188155207,1.0,1.0,0.5101099407572819,0.9581745824139402,1.4442443349027556e-05
90,0.3332771245468974,1.0,1.0,0.487839134514451,0.9584129854977016,9.754407644946284e-07
91,0.3332516285275272,1.0,1.0,0.4811316562836099,0.9584863106186546,5.80532133476197e-09
91,0.33336541239508144,1.0,1.0,0.5116015846584478,0.9581591683802871,7.114978162192642e-09
91,0.3333659116463904,1.0,1.0,0.5117798868374276,0.9581577263189114,3.9646427429929076e-07
91,0.33336641509230347,1.0,1.0,0.5117798868374276,0.9581573298546371,1.0505338877697667e-06
91,0.3332447328114109,1.0,1.0,0.4793616668309035,0.9585061442389006,1.0304035291675007e-08
91,0.3332672628282523,1.0,1.0,0.48517905092300917,0.9584413459166045,3.1172222580977405e-08
91,0.3333545158576178,1.0,1.0,0.5085832332271453,0.9581904811265045,6.05641049533645e-08
91,0.33336062686321727,1.0,1.0,0.5103080542894816,0.95817291604261,3.842804525699961e-07
91,0.3332516636738463,1.0,1.0,0.48114202749829127,0.9584862095320906,2.0628952657197885e-08
91,0.33336020600555766,1.0,1.0,0.5101475823283999,0.9581741927091457,6.700082733068768e-08
91,0.33336588001470324,1.0,1.0,0.5117798868374276,0.9581578172344705,4.873798333804302e-07
91,0.33336588001470324,1.0,1.0,0.5117798868374276,0.9581578172344705,4.873798333804302e-07
91,0.33336588001470324,1.0,1.0,0.5117798868374276,0.9581578172344705,4.873798333804302e-07
91,0.33336588001470324,1.0,1.0,0.5117798868374276,0.9581578172344705,4.873798333804302e-07
91,0.33336588001470324,1.0,1.0,0.5117798868374276,0.9581578172344705,4.873798333804302e-07
91,0.33336588001470324,1.0,1.0,0.5117798868374276,0.9581578172344705,4.873798333804302e-07
91,0.3333638960368552,1.0,1.0,0.5111397923507788,0.958163933996641,4.14393374059685e-07
91,0.33336588001470324,1.0,1.0,0.5117798868374276,0.9581578172344705,4.873798333804302e-07
91,0.3333664366039557,1.0,1.0,0.5117798868374276,0.9581573298546371,1.1123623214759348e-06
91,0.3333595890581774,1.0,1.0,0.5099756150187091,0.9581759734037748,7.440608873476862e-08
91,0.3333607532314302,1.0,1.0,0.510156042200581,0.9581741051289556,1.5523042635745554e-06
91,0.3332776596244976,1.0,1.0,0.487839134514451,0.9584120100569371,5.632921926679302e-07
91,0.3332568475317402,1.0,1.0,0.4826034888315559,0.9584713001421551,1.412483892404559e-06
91,0.3332516921423647,1.0,1.0,0.48114202749829127,0.958486188903138,6.125114837551848e-08
91,0.3332625721064046,1.0,1.0,0.4841964793389916,0.9584548361255983,2.64412599060293e-06
91,0.3333702983693945,1.0,1.0,0.5117798868374276,0.9581573298546371,1.2211655127991605e-05
91,0.3334686747214745,1.0,1.0,0.5117798868374276,0.9581573298546371,0.0002948733512762036
91,0.33337658932592035,1.0,1.0,0.5117798868374276,0.9581573298546371,3.0292256642749926e-05
91,0.333262586056623,1.0,1.0,0.4840181771600119,0.9584547960051203,6.270972499056171e-07
91,0.33336021815383,1.0,1.0,0.510156042200581,0.9581741051289556,1.4338301546068521e-08
91,0.333452651504661,1.0,1.0,0.5117798868374276,0.9581573298546371,0.00024884571376071474
91,0.33335448343250385,1.0,1.0,0.5086842096526349,0.9581905743288971,1.2032389474780913e-06
91,0.3333660578320621,1.0,1.0,0.511635462072454,0.9581588189952139,1.512841844575341e-06
91,0.3332588036820635,1.0,1.0,0.5117798868374276,0.9584656741424296,0.00030834428779247247
91,0.3332573188569189,1.0,1.0,0.4827555009204565,0.9584699445780611,1.7488033299262185e-06
91,0.33324470117972377,1.0,1.0,0.47935233273769023,0.9585062387550943,3.5345029125721794e-09
91,0.3333638960368552,1.0,1.0,0.5111397923507788,0.958163933996641,4.14393374059685e-07
91,0.33336588001470324,1.0,1.0,0.5117798868374276,0.9581578172344705,4.873798333804302e-07
91,0.3332648708879952,1.0,1.0,0.4847818984701888,0.9584482249327647,2.5170786969175296e-06
91,0.3332683697335218,1.0,1.0,0.4855304627253563,0.958438162584883,7.310995480125371e-07
92,0.3332516285275272,1.0,1.0,0.4811316562836099,0.9584863106186546,5.80532133476197e-09
92,0.33336541239508144,1.0,1.0,0.5116015846584478,0.9581591683802871,7.114978162192642e-09
92,0.3333659116463904,1.0,1.0,0.5117798868374276,0.9581577263189114,3.9646427429929076e-07
92,0.33336641509230347,1.0,1.0,0.5117798868374276,0.9581573298546371,1.0505338877697667e-06
92,0.33324470117972377,1.0,1.0,0.47935233273769023,0.9585062387550943,3.5345029125721794e-09
92,0.3332447328114109,1.0,1.0,0.4793616668309035,0.9585061442389006,1.0304035291675007e-08
92,0.33336062686321727,1.0,1.0,0.5103080542894816,0.95817291604261,3.842804525699961e-07
92,0.33336021815383,1.0,1.0,0.510156042200581,0.9581741051289556,1.4338301546068521e-08
92,0.33336588001470324,1.0,1.0,0.5117798868374276,0.9581578172344705,4.873798333804302e-07
92,0.33336588001470324,1.0,1.0,0.5117798868374276,0.9581578172344705,4.873798333804302e-07
92,0.33336588001470324,1.0,1.0,0.5117798868374276,0.9581578172344705,4.873798333804302e-07
92,0.33336588001470324,1.0,1.0,0.5117798868374276,0.9581578172344705,4.873798333804302e-07
92,0.33336588001470324,1.0,1.0,0.5117798868374276,0.9581578172344705,4.873798333804302e-07
92,0.33336588001470324,1.0,1.0,0.5117798868374276,0.9581578172344705,4.873798333804302e-07
92,0.3333638960368552,1.0,1.0,0.5111397923507788,0.958163933996641,4.14393374059685e-07
92,0.33336588001470324,1.0,1.0,0.5117798868374276,0.9581578172344705,4.873798333804302e-07
92,0.3333638960368552,1.0,1.0,0.5111397923507788,0.958163933996641,4.14393374059685e-07
92,0.33336588001470324,1.0,1.0,0.5117798868374276,0.9581578172344705,4.873798333804302e-07
92,0.3333664366039557,1.0,1.0,0.5117798868374276,0.9581573298546371,1.1123623214759348e-06
92,0.3332516636738463,1.0,1.0,0.48114202749829127,0.9584862095320906,2.0628952657197885e-08
92,0.33336291337360774,1.0,1.0,0.5108841393274655,0.9581665747399664,2.307311187665917e-07
92,0.3331535616570933,1.0,1.0,0.4548822321715386,0.9587904064731724,2.1956434826608806e-05
92,0.33325341410759046,1.0,1.0,0.48170774132159383,0.9584811750252307,1.303728341284227e-06
92,0.3334729569883367,1.0,1.0,0.5117798868374276,0.9581573298546371,0.0003071736669622016
92,0.3332678447759565,1.0,1.0,0.4855304627253563,0.9584396722995786,2.2408142436036727e-06
92,0.33336641509230347,1.0,1.0,0.5117798868374276,0.9581573298546371,1.0505338877697667e-06
92,0.33326149055605636,1.0,1.0,0.4837168568134246,0.95845794664748,4.3473221611467494e-07
92,0.33336021815383,1.0,1.0,0.4819633943449071,0.9584770194424078,0.0003029286517537422
92,0.33336769722645365,1.0,1.0,0.5117798868374276,0.9581573298546371,4.735608637007616e-06
92,0.33324470117972377,1.0,1.0,0.47935233273769023,0.9585062387550943,3.5345029125721794e-09
92,0.3333645152922996,1.0,1.0,0.5113642737605254,0.958161739725844,1.2304905916415976e-07
92,0.33336588001470324,1.0,1.0,0.5117798868374276,0.9581578172344705,4.873798333804302e-07
92,0.3332630536762448,1.0,1.0,0.4841964793389916,0.9584534511447677,1.2591451599153203e-06
92,0.33325679059470326,1.0,1.0,0.48259508814766394,0.9584714638973048,1.482719912737629e-06
92,0.33337097568948915,1.0,1.0,0.5117798868374276,0.9581573298546371,1.4158348114134967e-05
92,0.33336588001470324,1.0,1.0,0.48130249945937303,0.9584843958571454,0.00032657862267493343
92,0.3332567242023131,1.0,1.0,0.48259311645677183,0.9584716548468237,1.6517196256282674e-06
92,0.33336638094503046,1.0,1.0,0.5117798868374276,0.9581573298546371,9.523883464090943e-07
92,0.33336636158454347,1.0,1.0,0.5117798868374276,0.9581573298546371,8.967427379547033e-07
92,0.3334639541320029,1.0,1.0,0.5117798868374276,0.9581573298546371,0.00028131363857608616
93,0.3332516285275272,1.0,1.0,0.4811316562836099,0.9584863106186546,5.80532133476197e-09
93,0.33336541239508144,1.0,1.0,0.5116015846584478,0.9581591683802871,7.114978162192642e-09
93,0.3333659116463904,1.0,1.0,0.5117798868374276,0.9581577263189114,3.9646427429929076e-07
93,0.33324470117972377,1.0,1.0,0.47935233273769023,0.9585062387550943,3.5345029125721794e-09
93,0.33324470117972377,1.0,1.0,0.47935233273769023,0.9585062387550943,3.5345029125721794e-09
93,0.33336636158454347,1.0,1.0,0.5117798868374276,0.9581573298546371,8.967427379547033e-07
93,0.3332447328114109,1.0,1.0,0.4793616668309035,0.9585061442389006,1.0304035291675007e-08
93,0.33336021815383,1.0,1.0,0.510156042200581,0.9581741051289556,1.4338301546068521e-08
93,0.3333645152922996,1.0,1.0,0.5113642737605254,0.958161739725844,1.2304905916415976e-07
93,0.33336588001470324,1.0,1.0,0.5117798868374276,0.9581578172344705,4.873798333804302e-07
93,0.33336588001470324,1.0,1.0,0.5117798868374276,0.9581578172344705,4.873798333804302e-07
93,0.33336588001470324,1.0,1.0,0.5117798868374276,0.9581578172344705,4.873798333804302e-07
93,0.33336588001470324,1.0,1.0,0.5117798868374276,0.9581578172344705,4.873798333804302e-07
93,0.33336588001470324,1.0,1.0,0.5117798868374276,0.9581578172344705,4.873798333804302e-07
93,0.33336588001470324,1.0,1.0,0.5117798868374276,0.9581578172344705,4.873798333804302e-07
93,0.33336588001470324,1.0,1.0,0.5117798868374276,0.9581578172344705,4.873798333804302e-07
93,0.33336588001470324,1.0,1.0,0.5117798868374276,0.9581578172344705,4.873798333804302e-07
93,0.33336588001470324,1.0,1.0,0.5117798868374276,0.9581578172344705,4.873798333804302e-07
93,0.33336638094503046,1.0,1.0,0.5117798868374276,0.9581573298546371,9.523883464090943e-07
93,0.3332516636738463,1.0,1.0,0.48114202749829127,0.9584862095320906,2.0628952657197885e-08
93,0.3332568475317402,1.0,1.0,0.4826034888315559,0.9584713001421551,1.412483892404559e-06
93,0.3333646232960215,1.0,1.0,0.5114058350682156,0.9581614292998824,2.4151260058502544e-07
93,0.3332516285275272,1.0,1.0,0.4811316562836099,0.9584863106186546,5.80532133476197e-09
93,0.33336588001470324,1.0,1.0,0.5117798868374276,0.9581578172344705,4.873798333804302e-07
93,0.33346870635316167,1.0,1.0,0.5117798868374276,0.9581573298546371,0.0002949642107927808
93,0.33336588001470324,1.0,1.0,0.5117798868374276,0.9581578172344705,4.873798333804302e-07
93,0.3332563682259272,1.0,1.0,0.48259508814766394,0.9584726786630422,2.697485650182685e-06
93,0.33336680180269007,1.0,1.0,0.5117798868374276,0.9581573298546371,2.162009241968299e-06
93,0.3332626028389503,1.0,1.0,0.4841964793389916,0.9584547477395726,2.555739964882342e-06
93,0.33347374434770866,1.0,1.0,0.5117798868374276,0.9581573298546371,0.00030943523120208205
93,0.33336588001470324,1.0,1.0,0.5117798868374276,0.9581578172344705,4.873798333804302e-07
93,0.3332521145111408,1.0,1.0,0.48114202749829127,0.958486188903138,1.276050976439791e-06
93,0.3332447296482422,1.0,1.0,0.47935233273769023,0.9585062387550943,8.541802543060584e-08
93,0.33336513333438017,1.0,1.0,0.5114058350682156,0.9581611877872818,1.2244447908926759e-06
93,0.33324513459258,1.0,1.0,0.47935233273769023,0.9585062387550943,1.2501511245099906e-06
93,0.3332525353688004,1.0,1.0,0.48130249945937303,0.9584843958571454,6.934555376592044e-07
93,0.3331419064729525,1.0,1.0,0.45177825933246757,0.9588278430519351,2.584988202014582e-05
93,0.33336633085199774,1.0,1.0,0.5117798868374276,0.9581573298546371,8.084117231188515e-07
93,0.33335964540168017,1.0,1.0,0.5101784956461,0.958175737049511,1.8643588567401892e-06
93,0.3333659084832217,1.0,1.0,0.5117798868374276,0.9581577354104666,4.055558294746575e-07
94,0.3332516285275272,1.0,1.0,0.4811316562836099,0.9584863106186546,5.80532133476197e-09
94,0.33336541239508144,1.0,1.0,0.5116015846584478,0.9581591683802871,7.114978162192642e-09
94,0.3333659116463904,1.0,1.0,0.5117798868374276,0.9581577263189114,3.9646427429929076e-07
94,0.33324470117972377,1.0,1.0,0.47935233273769023,0.9585062387550943,3.5345029125721794e-09
94,0.33324470117972377,1.0,1.0,0.47935233273769023,0.9585062387550943,3.5345029125721794e-09
94,0.3332516285275272,1.0,1.0,0.4811316562836099,0.9584863106186546,5.80532133476197e-09
94,0.33336633085199774,1.0,1.0,0.5117798868374276,0.9581573298546371,8.084117231188515e-07
94,0.33336021815383,1.0,1.0,0.510156042200581,0.9581741051289556,1.4338301546068521e-08
94,0.3333645152922996,1.0,1.0,0.5113642737605254,0.958161739725844,1.2304905916415976e-07
94,0.3333646232960215,1.0,1.0,0.5114058350682156,0.9581614292998824,2.4151260058502544e-07
94,0.3333659084832217,1.0,1.0,0.5117798868374276,0.9581577354104666,4.055558294746575e-07
94,0.3332447328114109,1.0,1.0,0.4793616668309035,0.9585061442389006,1.0304035291675007e-08
94,0.33336636158454347,1.0,1.0,0.5117798868374276,0.9581573298546371,8.967427379547033e-07
94,0.3332516636738463,1.0,1.0,0.48114202749829127,0.9584862095320906,2.0628952657197885e-08
94,0.33336638094503046,1.0,1.0,0.5117798868374276,0.9581573298546371,9.523883464090943e-07
94,0.33336588001470324,1.0,1.0,0.5117798868374276,0.9581578172344705,4.873798333804302e-07
94,0.33336588001470324,1.0,1.0,0.5117798868374276,0.9581578172344705,4.873798333804302e-07
94,0.33336588001470324,1.0,1.0,0.5117798868374276,0.9581578172344705,4.873798333804302e-07
94,0.33336588001470324,1.0,1.0,0.5117798868374276,0.9581578172344705,4.873798333804302e-07
94,0.33336588001470324,1.0,1.0,0.5117798868374276,0.9581578172344705,4.873798333804302e-07
94,0.3332439254189073,1.0,1.0,0.4791480870227733,0.9585085330590065,6.652519168870441e-08
94,0.3332465679990604,1.0,1.0,0.4796805673251293,0.9585025543217112,1.6885726781268318e-06
94,0.33336760919519376,1.0,1.0,0.5117798868374276,0.9581573298546371,4.482592514620798e-06
94,0.3333663359628769,1.0,1.0,0.5117798868374276,0.9581573298546371,8.231013353121597e-07
94,0.33336018968531156,1.0,1.0,0.510156042200581,0.9581741726174514,6.748849579185645e-08
94,0.3332446695480366,1.0,1.0,0.479342998644477,0.9585063435779606,1.7375661021112876e-08
94,0.33336633085199774,1.0,1.0,0.5117798868374276,0.9581573298546371,8.084117231188515e-07
94,0.3333646261428734,1.0,1.0,0.5114058350682156,0.9581614211174195,2.333301377666075e-07
94,0.33346357904668855,1.0,1.0,0.5113642737605254,0.9581616166767848,0.00028452302604076163
94,0.3334753918034793,1.0,1.0,0.5117798868374276,0.9581573298546371,0.0003141672506417059
94,0.3334682071018527,1.0,1.0,0.5117798868374276,0.9581573298546371,0.00029353014892952167
94,0.33336120670869335,1.0,1.0,0.5103184266642656,0.9581724244278018,1.17502251439916e-06
94,0.33335964223851144,1.0,1.0,0.5101775622367786,0.9581757461414079,1.863788359979246e-06
94,0.3332516636738463,1.0,1.0,0.48114202749829127,0.9584862095320906,2.0628952657197885e-08
94,0.33336465176453994,1.0,1.0,0.5114058350682156,0.9581613474752615,1.5968797972831794e-07
94,0.33323846656670064,1.0,1.0,0.47775094154636255,0.9585242612178817,9.314727900111563e-08
94,0.33346747810299837,1.0,1.0,0.5117798868374276,0.9581573298546371,0.0002914361467962756
94,0.3332640070959188,1.0,1.0,0.4843662853932867,0.9584507091493685,3.989806506288218e-07
94,0.3332563966944456,1.0,1.0,0.48259508814766394,0.9584725967852529,2.6156078608563504e-06
94,0.3332626202633886,1.0,1.0,0.4841964793389916,0.9584546976273352,2.5056277274115857e-06
95,0.3332516285275272,1.0,1.0,0.4811316562836099,0.9584863106186546,5.80532133476197e-09
95,0.33336541239508144,1.0,1.0,0.5116015846584478,0.9581591683802871,7.114978162192642e-09
95,0.3333659116463904,1.0,1.0,0.5117798868374276,0.9581577263189114,3.9646427429929076e-07
95,0.33324470117972377,1.0,1.0,0.47935233273769023,0.9585062387550943,3.5345029125721794e-09
95,0.33324470117972377,1.0,1.0,0.47935233273769023,0.9585062387550943,3.5345029125721794e-09
95,0.3332516285275272,1.0,1.0,0.4811316562836099,0.9584863106186546,5.80532133476197e-09
95,0.33336633085199774,1.0,1.0,0.5117798868374276,0.9581573298546371,8.084117231188515e-07
95,0.33336633085199774,1.0,1.0,0.5117798868374276,0.9581573298546371,8.084117231188515e-07
95,0.33336021815383,1.0,1.0,0.510156042200581,0.9581741051289556,1.4338301546068521e-08
95,0.3333645152922996,1.0,1.0,0.5113642737605254,0.958161739725844,1.2304905916415976e-07
95,0.33336465176453994,1.0,1.0,0.5114058350682156,0.9581613474752615,1.5968797972831794e-07
95,0.3333659084832217,1.0,1.0,0.5117798868374276,0.9581577354104666,4.055558294746575e-07
95,0.3332447328114109,1.0,1.0,0.4793616668309035,0.9585061442389006,1.0304035291675007e-08
95,0.3333663359628769,1.0,1.0,0.5117798868374276,0.9581573298546371,8.231013353121597e-07
95,0.3332446695480366,1.0,1.0,0.479342998644477,0.9585063435779606,1.7375661021112876e-08
95,0.33336636158454347,1.0,1.0,0.5117798868374276,0.9581573298546371,8.967427379547033e-07
95,0.33336018968531156,1.0,1.0,0.510156042200581,0.9581741726174514,6.748849579185645e-08
95,0.3332516636738463,1.0,1.0,0.48114202749829127,0.9584862095320906,2.0628952657197885e-08
95,0.3333646261428734,1.0,1.0,0.5114058350682156,0.9581614211174195,2.333301377666075e-07
95,0.33336588001470324,1.0,1.0,0.5117798868374276,0.9581578172344705,4.873798333804302e-07
95,0.33324467352043263,1.0,1.0,0.47935233273769023,0.9585063147765605,7.602146612217808e-08
95,0.33335828067927653,1.0,1.0,0.5097628825691978,0.9581796596876059,1.4823747629399975e-06
95,0.3333659116463904,1.0,1.0,0.4533999170831163,0.9588082440047547,0.0006505176858433437
95,0.3331415007193875,1.0,1.0,0.4517782593324675,0.9588278430519351,2.4682097985784246e-05
95,0.3333654306885252,1.0,1.0,0.47935233273769023,0.9585062387550943,0.0003471300688143719
95,0.3333601612167931,1.0,1.0,0.510147641516689,0.9581742544442627,6.234786587011598e-08
95,0.33325562133933284,1.0,1.0,0.482256469864481,0.9584748267750222,1.0742332533508758e-06
95,0.33326242477636636,1.0,1.0,0.48406494900471786,0.9584552598432956,1.609605107533163e-06
95,0.3332583750275238,1.0,1.0,0.48292333405606286,0.9584669069716453,5.78366166403832e-07
95,0.3332606608661778,1.0,1.0,0.4836824965516139,0.9584603328362756,2.439538611898051e-06
95,0.33314212875417093,1.0,1.0,0.4519384569099543,0.9588259029775277,2.454954559905076e-05
95,0.33335486061955066,1.0,1.0,0.5087150637820458,0.9581894901476997,4.396773536363696e-07
95,0.3332559832021996,1.0,1.0,0.4793616668309035,0.9585061339348653,3.2347910692287485e-05
95,0.33336715746322243,1.0,1.0,0.5117798868374276,0.9581573298546371,3.184239442011183e-06
95,0.3334695906033124,1.0,1.0,0.5117798868374276,0.9581573298546371,0.0002975041423562974
95,0.3332614727400524,1.0,1.0,0.48387824614184616,0.9584579978861976,2.27684520237581e-06
95,0.3333650066415164,1.0,1.0,0.5116015846584478,0.9581603274839782,1.1591036910285624e-06
95,0.3333541955440615,1.0,1.0,0.5085371314274538,0.9581914018330797,5.020320735793504e-07
95,0.3332431854012205,1.0,1.0,0.4790156861453994,0.9585105950491067,5.740483416394326e-07
95,0.3334684805689952,1.0,1.0,0.5117798868374276,0.9581573298546371,0.00029431566327553504
96,0.3332516285275272,1.0,1.0,0.4811316562836099,0.9584863106186546,5.80532133476197e-09
96,0.33336541239508144,1.0,1.0,0.5116015846584478,0.9581591683802871,7.114978162192642e-09
96,0.3333659116463904,1.0,1.0,0.5117798868374276,0.9581577263189114,3.9646427429929076e-07
96,0.33324470117972377,1.0,1.0,0.47935233273769023,0.9585062387550943,3.5345029125721794e-09
96,0.33324470117972377,1.0,1.0,0.47935233273769023,0.9585062387550943,3.5345029125721794e-09
96,0.3332516285275272,1.0,1.0,0.4811316562836099,0.9584863106186546,5.80532133476197e-09
96,0.33336633085199774,1.0,1.0,0.5117798868374276,0.9581573298546371,8.084117231188515e-07
96,0.33336633085199774,1.0,1.0,0.5117798868374276,0.9581573298546371,8.084117231188515e-07
96,0.33336021815383,1.0,1.0,0.510156042200581,0.9581741051289556,1.4338301546068521e-08
96,0.3333645152922996,1.0,1.0,0.5113642737605254,0.958161739725844,1.2304905916415976e-07
96,0.33336465176453994,1.0,1.0,0.5114058350682156,0.9581613474752615,1.5968797972831794e-07
96,0.3333659084832217,1.0,1.0,0.5117798868374276,0.9581577354104666,4.055558294746575e-07
96,0.3332447328114109,1.0,1.0,0.4793616668309035,0.9585061442389006,1.0304035291675007e-08
96,0.3333663359628769,1.0,1.0,0.5117798868374276,0.9581573298546371,8.231013353121597e-07
96,0.3332446695480366,1.0,1.0,0.479342998644477,0.9585063435779606,1.7375661021112876e-08
96,0.33336636158454347,1.0,1.0,0.5117798868374276,0.9581573298546371,8.967427379547033e-07
96,0.3332516636738463,1.0,1.0,0.48114202749829127,0.9584862095320906,2.0628952657197885e-08
96,0.3333601612167931,1.0,1.0,0.510147641516689,0.9581742544442627,6.234786587011598e-08
96,0.33336588001470324,1.0,1.0,0.5117798868374276,0.9581578172344705,4.873798333804302e-07
96,0.3333646261428734,1.0,1.0,0.5114058350682156,0.9581614211174195,2.333301377666075e-07
96,0.3332442933885342,1.0,1.0,0.47935233273769023,0.9585074081450929,1.169389998612047e-06
96,0.3332567934415551,1.0,1.0,0.48259508814766394,0.958471455709546,1.474532153933339e-06
96,0.3333659116463904,1.0,1.0,0.5117798868374276,0.9581577263189114,3.9646427429929076e-07
96,0.33336596858342726,1.0,1.0,0.5117798868374276,0.9581575626709485,2.3281631145177784e-07
96,0.3333663877890346,1.0,1.0,0.5117798868374276,0.9581573298546371,9.720592742956669e-07
96,0.33325112873383,1.0,1.0,0.4811316562836099,0.9584877481094061,1.443296072767275e-06
96,0.33336633085199774,1.0,1.0,0.4800442478796599,0.9584984758104463,0.0003419543675323711
96,0.333264245424266,1.0,1.0,0.4845424600244957,0.9584500237293876,1.6650655163541472e-06
96,0.3332431307100334,1.0,1.0,0.47900635205218617,0.958510752357922,6.264391122501323e-07
96,0.33336503393406297,1.0,1.0,0.5114058350682156,0.9581611877872818,9.387477492017737e-07
96,0.33336654087972833,1.0,1.0,0.5117798868374276,0.9581573298546371,1.412069902562152e-06
96,0.3334754068199554,1.0,1.0,0.5117798868374276,0.9581573298546371,0.0003142103825447551
96,0.3332508370626216,1.0,1.0,0.4809815555372095,0.9584885870068605,6.042838620601287e-07
96,0.33336390121636944,1.0,1.0,0.511264938066157,0.9581635047161673,8.627637030356183e-07
96,0.3332461270991762,1.0,1.0,0.4796701961104479,0.9585026706887516,5.367991910976144e-07
96,0.33325175135254353,1.0,1.0,0.481169061460531,0.9584859573539053,7.057104634000666e-08
96,0.33335943276032703,1.0,1.0,0.5099340025202697,0.9581764044138885,5.6168879103424274e-08
96,0.33347395812861896,1.0,1.0,0.5117798868374276,0.9581573298546371,0.0003100492809329225
96,0.33337140991157266,1.0,1.0,0.5117798868374276,0.9581573298546371,1.5406346324686737e-05
96,0.3332509073242284,1.0,1.0,0.480945323245126,0.958488387849214,2.927168729627283e-09
97,0.3332516285275272,1.0,1.0,0.4811316562836099,0.9584863106186546,5.80532133476197e-09
97,0.33336541239508144,1.0,1.0,0.5116015846584478,0.9581591683802871,7.114978162192642e-09
97,0.3332516285275272,1.0,1.0,0.4811316562836099,0.9584863106186546,5.80532133476197e-09
97,0.33336633085199774,1.0,1.0,0.5117798868374276,0.9581573298546371,8.084117231188515e-07
97,0.33336633085199774,1.0,1.0,0.5117798868374276,0.9581573298546371,8.084117231188515e-07
97,0.33336596858342726,1.0,1.0,0.5117798868374276,0.9581575626709485,2.3281631145177784e-07
97,0.3332509073242284,1.0,1.0,0.480945323245126,0.958488387849214,2.927168729627283e-09
97,0.33336021815383,1.0,1.0,0.510156042200581,0.9581741051289556,1.4338301546068521e-08
97,0.3333645152922996,1.0,1.0,0.5113642737605254,0.958161739725844,1.2304905916415976e-07
97,0.33336465176453994,1.0,1.0,0.5114058350682156,0.9581613474752615,1.5968797972831794e-07
97,0.3333663359628769,1.0,1.0,0.5117798868374276,0.9581573298546371,8.231013353121597e-07
97,0.3333659116463904,1.0,1.0,0.5117798868374276,0.9581577263189114,3.9646427429929076e-07
97,0.3333659116463904,1.0,1.0,0.5117798868374276,0.9581577263189114,3.9646427429929076e-07
97,0.33324470117972377,1.0,1.0,0.47935233273769023,0.9585062387550943,3.5345029125721794e-09
97,0.33324470117972377,1.0,1.0,0.47935233273769023,0.9585062387550943,3.5345029125721794e-09
97,0.3332447328114109,1.0,1.0,0.4793616668309035,0.9585061442389006,1.0304035291675007e-08
97,0.33336636158454347,1.0,1.0,0.5117798868374276,0.9581573298546371,8.967427379547033e-07
97,0.3332446695480366,1.0,1.0,0.479342998644477,0.9585063435779606,1.7375661021112876e-08
97,0.3332516636738463,1.0,1.0,0.48114202749829127,0.9584862095320906,2.0628952657197885e-08
97,0.33335943276032703,1.0,1.0,0.5099340025202697,0.9581764044138885,5.6168879103424274e-08
97,0.3332446695480366,1.0,1.0,0.479342998644477,0.9585063435779606,1.7375661021112876e-08
97,0.33336541239508144,1.0,1.0,0.482572634702145,0.9584702311467568,0.0003110698814478008
97,0.33337262782925375,1.0,1.0,0.5117798868374276,0.9581573298546371,1.8906747643487876e-05
97,0.3332621539725385,1.0,1.0,0.4840780818541264,0.958456038669662,2.534054645120243e-06
97,0.33325256898724787,1.0,1.0,0.48131937501433797,0.9584842073417633,6.016317849466546e-07
97,0.33325241392103017,1.0,1.0,0.48135369596392125,0.958484051703528,2.2773177588142346e-07
97,0.3333604102180394,1.0,1.0,0.480945323245126,0.958488387849214,0.0003148491065626535
97,0.33346921639152033,1.0,1.0,0.510156042200581,0.9581741051289556,0.00031320452753003103
97,0.3333725939335393,1.0,1.0,0.5117798868374276,0.9581573298546371,1.8809328758750965e-05
97,0.3334741920218344,1.0,1.0,0.5117798868374276,0.9581573298546371,0.0003107210989777842
97,0.33325163601455515,1.0,1.0,0.48114202749829127,0.9584862890847355,1.0018159757319012e-07
97,0.33337148572784786,1.0,1.0,0.5117798868374276,0.9581573298546371,1.5624249638634957e-05
97,0.33323846972986937,1.0,1.0,0.5117798868374276,0.9585241589720923,0.0003668291174552252
97,0.33336019049453885,1.0,1.0,0.510156042200581,0.9581741702914968,6.516254114075082e-08
97,0.333262030471398,1.0,1.0,0.4840287796043562,0.9584563938568802,2.3425289957801354e-06
97,0.33346802013362203,1.0,1.0,0.5117798868374276,0.9581573298546371,0.0002929930956335758
97,0.3332453907513354,1.0,1.0,0.47952933168296086,0.9585042518212534,2.8424151921058183e-10
97,0.3333590842601646,1.0,1.0,0.5098193956082901,0.9581775917190457,2.4177758417565087e-07
97,0.3332688878368706,1.0,1.0,0.4858577752244338,0.9584366725867516,2.8547721866445386e-06
97,0.33314379582620895,1.0,1.0,0.45232090936305824,0.9588212747960643,2.471926504676869e-05
98,0.3332516285275272,1.0,1.0,0.4811316562836099,0.9584863106186546,5.80532133476197e-09
98,0.33336541239508144,1.0,1.0,0.5116015846584478,0.9581591683802871,7.114978162192642e-09
98,0.3332516285275272,1.0,1.0,0.4811316562836099,0.9584863106186546,5.80532133476197e-09
98,0.33336633085199774,1.0,1.0,0.5117798868374276,0.9581573298546371,8.084117231188515e-07
98,0.33336633085199774,1.0,1.0,0.5117798868374276,0.9581573298546371,8.084117231188515e-07
98,0.33336596858342726,1.0,1.0,0.5117798868374276,0.9581575626709485,2.3281631145177784e-07
98,0.3332509073242284,1.0,1.0,0.480945323245126,0.958488387849214,2.927168729627283e-09
98,0.3332453907513354,1.0,1.0,0.47952933168296086,0.9585042518212534,2.8424151921058183e-10
98,0.33336021815383,1.0,1.0,0.510156042200581,0.9581741051289556,1.4338301546068521e-08
98,0.3333645152922996,1.0,1.0,0.5113642737605254,0.958161739725844,1.2304905916415976e-07
98,0.33336465176453994,1.0,1.0,0.5114058350682156,0.9581613474752615,1.5968797972831794e-07
98,0.3333663359628769,1.0,1.0,0.5117798868374276,0.9581573298546371,8.231013353121597e-07
98,0.3333659116463904,1.0,1.0,0.5117798868374276,0.9581577263189114,3.9646427429929076e-07
98,0.3333659116463904,1.0,1.0,0.5117798868374276,0.9581577263189114,3.9646427429929076e-07
98,0.33324470117972377,1.0,1.0,0.47935233273769023,0.9585062387550943,3.5345029125721794e-09
98,0.33324470117972377,1.0,1.0,0.47935233273769023,0.9585062387550943,3.5345029125721794e-09
98,0.3332447328114109,1.0,1.0,0.4793616668309035,0.9585061442389006,1.0304035291675007e-08
98,0.33336636158454347,1.0,1.0,0.5117798868374276,0.9581573298546371,8.967427379547033e-07
98,0.3332446695480366,1.0,1.0,0.479342998644477,0.9585063435779606,1.7375661021112876e-08
98,0.3332446695480366,1.0,1.0,0.479342998644477,0.9585063435779606,1.7375661021112876e-08
98,0.33337132650014717,1.0,1.0,0.5117798868374276,0.9581573298546371,1.5166613698935905e-05
98,0.33336541239508144,1.0,1.0,0.5117714861535356,0.958159161265309,1.7448077925807937e-06
98,0.3333646471647487,1.0,1.0,0.5114058350682156,0.9581613606960461,1.7290876430653412e-07
98,0.3334758026679235,1.0,1.0,0.5117798868374276,0.9581573298546371,0.0003153473773384041
98,0.3332513024858138,1.0,1.0,0.4811316562836099,0.9584872483689821,9.435556488357477e-07
98,0.3334691856589746,1.0,1.0,0.5117798868374276,0.9581573298546371,0.0002963409766776337
98,0.3332509073242284,1.0,1.0,0.5117798868374276,0.9584883849220452,0.00033105506740815915
98,0.33324470117972377,1.0,1.0,0.47935233273769023,0.9585062387550943,3.5345029125721794e-09
98,0.33326282696205195,1.0,1.0,0.4840287796043562,0.9584541031676828,5.1839798342889765e-08
98,0.33313558329120535,1.0,1.0,0.4501591333640347,0.9588475004049903,2.7308400882275485e-05
98,0.3332614186498674,1.0,1.0,0.48386984545795425,0.9584581534492702,2.3392082761919397e-06
98,0.33336559129838067,1.0,1.0,0.5117798868374276,0.9581586470615666,1.3172069295297462e-06
98,0.33314367300119263,1.0,1.0,0.45228350418613705,0.95882172722996,2.4818205204613086e-05
98,0.33324405209675484,1.0,1.0,0.47918463300305475,0.9585081224430991,2.027224377254555e-08
98,0.33314236281513054,1.0,1.0,0.47935233273769023,0.9588006797920999,0.0002944410370055994
98,0.3332504946338618,1.0,1.0,0.48079500969131905,0.9584900689805421,4.970867499842768e-07
98,0.3331476706324137,1.0,1.0,0.45336191574669005,0.9588087022665559,2.329839937642575e-05
98,0.33314310309142864,1.0,1.0,0.4521429770084663,0.9588234273976726,2.4878153703777883e-05
98,0.33336559129838067,1.0,1.0,0.5117798868374276,0.9581586470615666,1.3172069295297462e-06
98,0.33336522769087806,1.0,1.0,0.5114432402451368,0.9581608018261305,1.1096835452750753e-06
99,0.3332516285275272,1.0,1.0,0.4811316562836099,0.9584863106186546,5.80532133476197e-09
99,0.33336541239508144,1.0,1.0,0.5116015846584478,0.9581591683802871,7.114978162192642e-09
99,0.3332516285275272,1.0,1.0,0.4811316562836099,0.9584863106186546,5.80532133476197e-09
99,0.33336633085199774,1.0,1.0,0.5117798868374276,0.9581573298546371,8.084117231188515e-07
99,0.33336633085199774,1.0,1.0,0.5117798868374276,0.9581573298546371,8.084117231188515e-07
99,0.33336596858342726,1.0,1.0,0.5117798868374276,0.9581575626709485,2.3281631145177784e-07
99,0.3332509073242284,1.0,1.0,0.480945323245126,0.958488387849214,2.927168729627283e-09
99,0.3332453907513354,1.0,1.0,0.47952933168296086,0.9585042518212534,2.8424151921058183e-10
99,0.33336021815383,1.0,1.0,0.510156042200581,0.9581741051289556,1.4338301546068521e-08
99,0.3333645152922996,1.0,1.0,0.5113642737605254,0.958161739725844,1.2304905916415976e-07
99,0.33336465176453994,1.0,1.0,0.5114058350682156,0.9581613474752615,1.5968797972831794e-07
99,0.3333663359628769,1.0,1.0,0.5117798868374276,0.9581573298546371,8.231013353121597e-07
99,0.3333659116463904,1.0,1.0,0.5117798868374276,0.9581577263189114,3.9646427429929076e-07
99,0.3333659116463904,1.0,1.0,0.5117798868374276,0.9581577263189114,3.9646427429929076e-07
99,0.33324470117972377,1.0,1.0,0.47935233273769023,0.9585062387550943,3.5345029125721794e-09
99,0.33324470117972377,1.0,1.0,0.47935233273769023,0.9585062387550943,3.5345029125721794e-09
99,0.3332447328114109,1.0,1.0,0.4793616668309035,0.9585061442389006,1.0304035291675007e-08
99,0.33324470117972377,1.0,1.0,0.47935233273769023,0.9585062387550943,3.5345029125721794e-09
99,0.33336636158454347,1.0,1.0,0.5117798868374276,0.9581573298546371,8.967427379547033e-07
99,0.3332446695480366,1.0,1.0,0.479342998644477,0.9585063435779606,1.7375661021112876e-08
99,0.33325601167071806,1.0,1.0,0.48238150833953375,0.9584737041461945,1.344620881083003e-06
99,0.3332452933256558,1.0,1.0,0.47950323110454185,0.9585045445161346,1.2472085142434253e-08
99,0.3333659822618723,1.0,1.0,0.5117798868374276,0.9581575233564827,1.9350184565780637e-07
99,0.33347376965305836,1.0,1.0,0.5117798868374276,0.9581573298546371,0.0003095079166066661
99,0.33323973626412007,1.0,1.0,0.4780779403317416,0.958520574759405,5.8821265969122294e-08
99,0.33337185993963986,1.0,1.0,0.5117798868374276,0.9581573298546371,1.6699769101014006e-05
99,0.3333610952325738,1.0,1.0,0.5103164549733735,0.9581724448308316,8.750125927159402e-07
99,0.33336531950045833,1.0,1.0,0.5116121871027921,0.95815942826319,3.6923148616363477e-07
99,0.33346921639152033,1.0,1.0,0.5117798868374276,0.9581573298546371,0.00029642925321149427
99,0.3333663877890346,1.0,1.0,0.5117798868374276,0.9581573298546371,9.720592742956669e-07
99,0.33337064340055356,1.0,1.0,0.5117798868374276,0.9581573298546371,1.3203313890430834e-05
99,0.33324408056527327,1.0,1.0,0.47919303368694666,0.9585080280621185,7.775104671203792e-09
99,0.33346409932882237,1.0,1.0,0.5117798868374276,0.9581573298546371,0.0002817307166089744
99,0.3332446695480366,1.0,1.0,0.479342998644477,0.9585063435779606,1.7375661021112876e-08
99,0.333364138007253,1.0,1.0,0.47935233273769023,0.9585062387550943,0.00034341462917752974
99,0.33324470117972377,1.0,1.0,0.4841964793389916,0.9585062352205914,5.404322098367942e-05
99,0.3333526851745768,1.0,1.0,0.508208885519055,0.958195743250185,1.4296009075431826e-06
99,0.33335915033618896,1.0,1.0,0.5099443748950536,0.958177160018522,8.630430110567744e-07
99,0.33324476127992936,1.0,1.0,0.4793700675147954,0.9585060623553935,2.2756479811647523e-08
99,0.3333655234594941,1.0,1.0,0.5115663070292974,0.9581595322385996,6.901946157933381e-07
100,0.3332516285275272,1.0,1.0,0.4811316562836099,0.9584863106186546,5.80532133476197e-09
100,0.33336541239508144,1.0,1.0,0.5116015846584478,0.9581591683802871,7.114978162192642e-09
100,0.3332516285275272,1.0,1.0,0.4811316562836099,0.9584863106186546,5.80532133476197e-09
100,0.33336633085199774,1.0,1.0,0.5117798868374276,0.9581573298546371,8.084117231188515e-07
100,0.33336633085199774,1.0,1.0,0.5117798868374276,0.9581573298546371,8.084117231188515e-07
100,0.3332509073242284,1.0,1.0,0.480945323245126,0.958488387849214,2.927168729627283e-09
100,0.3332453907513354,1.0,1.0,0.47952933168296086,0.9585042518212534,2.8424151921058183e-10
100,0.3333659822618723,1.0,1.0,0.5117798868374276,0.9581575233564827,1.9350184565780637e-07
100,0.33336021815383,1.0,1.0,0.510156042200581,0.9581741051289556,1.4338301546068521e-08
100,0.3333645152922996,1.0,1.0,0.5113642737605254,0.958161739725844,1.2304905916415976e-07
100,0.33336465176453994,1.0,1.0,0.5114058350682156,0.9581613474752615,1.5968797972831794e-07
100,0.3333663359628769,1.0,1.0,0.5117798868374276,0.9581573298546371,8.231013353121597e-07
100,0.33324470117972377,1.0,1.0,0.47935233273769023,0.9585062387550943,3.5345029125721794e-09
100,0.33324470117972377,1.0,1.0,0.47935233273769023,0.9585062387550943,3.5345029125721794e-09
100,0.3332447328114109,1.0,1.0,0.4793616668309035,0.9585061442389006,1.0304035291675007e-08
100,0.33324470117972377,1.0,1.0,0.47935233273769023,0.9585062387550943,3.5345029125721794e-09
100,0.3332452933256558,1.0,1.0,0.47950323110454185,0.9585045445161346,1.2472085142434253e-08
100,0.33336596858342726,1.0,1.0,0.5117798868374276,0.9581575626709485,2.3281631145177784e-07
100,0.33336636158454347,1.0,1.0,0.5117798868374276,0.9581573298546371,8.967427379547033e-07
100,0.33324408056527327,1.0,1.0,0.47919303368694666,0.9585080280621185,7.775104671203792e-09
100,0.3332646099386863,1.0,1.0,0.48453312593128245,0.9584489754066936,5.133711831195598e-07
100,0.33326426134856085,1.0,1.0,0.48453312593128245,0.9584499779319755,1.5158964650208162e-06
100,0.3333700723538353,1.0,1.0,0.5117798868374276,0.9581573298546371,1.1562059612391096e-05
100,0.3333555938042228,1.0,1.0,0.5088549948002116,0.9581875967041558,2.140052528520897e-07
100,0.33337032621251583,1.0,1.0,0.5117798868374276,0.9581573298546371,1.2291679499010222e-05
100,0.33336165378557925,1.0,1.0,0.5104598241190427,0.9581709615204396,9.97134626312679e-07
100,0.33347435076858045,1.0,1.0,0.5117798868374276,0.9581573298546371,0.0003111770711733408
100,0.3332503151782964,1.0,1.0,0.48079442487827434,0.9584900880412036,1.2518689196383548e-08
100,0.3334677823913618,1.0,1.0,0.5117798868374276,0.9581573298546371,0.0002923101965838226
100,0.3333645152922996,1.0,1.0,0.5103184266642656,0.9581724244278018,1.0684701957863751e-05
100,0.33346471059863914,1.0,1.0,0.5117798868374276,0.9581573298546371,0.0002834865858857283
100,0.33335416707554305,1.0,1.0,0.508528730743562,0.9581914836628338,4.96528648308292e-07
100,0.33335982686502724,1.0,1.0,0.47935233273769023,0.9585062387550943,0.0003310232854553119
100,0.3333656462845104,1.0,1.0,0.5116037122062186,0.9581591464375279,6.57416947325018e-07
100,0.33347545356671016,1.0,1.0,0.5117798868374276,0.9581573298546371,0.00031434465346869
100,0.33325020260807475,1.0,1.0,0.47935233273769023,0.9585062387550943,1.58269408202516e-05
100,0.3333666614935024,1.0,1.0,0.5117798868374276,0.9581573298546371,1.7587356444526137e-06
100,0.3332524185029404,1.0,1.0,0.48128196983741683,0.9584846252033288,5.866780633523305e-07
100,0.3334694009287841,1.0,1.0,0.5117798868374276,0.9581573298546371,0.0002969593199241283
100,0.333353233539207,1.0,1.0,0.5083778323767103,0.9581941670223282,1.6108303555473213e-06
101,0.3332516285275272,1.0,1.0,0.4811316562836099,0.9584863106186546,5.80532133476197e-09
101,0.33336541239508144,1.0,1.0,0.5116015846584478,0.9581591683802871,7.114978162192642e-09
101,0.3332516285275272,1.0,1.0,0.4811316562836099,0.9584863106186546,5.80532133476197e-09
101,0.33336633085199774,1.0,1.0,0.5117798868374276,0.9581573298546371,8.084117231188515e-07
101,0.33336633085199774,1.0,1.0,0.5117798868374276,0.9581573298546371,8.084117231188515e-07
101,0.3332509073242284,1.0,1.0,0.480945323245126,0.958488387849214,2.927168729627283e-09
101,0.3332453907513354,1.0,1.0,0.47952933168296086,0.9585042518212534,2.8424151921058183e-10
101,0.3333659822618723,1.0,1.0,0.5117798868374276,0.9581575233564827,1.9350184565780637e-07
101,0.33336021815383,1.0,1.0,0.510156042200581,0.9581741051289556,1.4338301546068521e-08
101,0.3333645152922996,1.0,1.0,0.5113642737605254,0.958161739725844,1.2304905916415976e-07
101,0.33336465176453994,1.0,1.0,0.5114058350682156,0.9581613474752615,1.5968797972831794e-07
101,0.3333663359628769,1.0,1.0,0.5117798868374276,0.9581573298546371,8.231013353121597e-07
101,0.3332503151782964,1.0,1.0,0.48079442487827434,0.9584900880412036,1.2518689196383548e-08
101,0.33324470117972377,1.0,1.0,0.47935233273769023,0.9585062387550943,3.5345029125721794e-09
101,0.33324470117972377,1.0,1.0,0.47935233273769023,0.9585062387550943,3.5345029125721794e-09
101,0.3332447328114109,1.0,1.0,0.4793616668309035,0.9585061442389006,1.0304035291675007e-08
101,0.33324470117972377,1.0,1.0,0.47935233273769023,0.9585062387550943,3.5345029125721794e-09
101,0.3332452933256558,1.0,1.0,0.47950323110454185,0.9585045445161346,1.2472085142434253e-08
101,0.33336596858342726,1.0,1.0,0.5117798868374276,0.9581575626709485,2.3281631145177784e-07
101,0.33336636158454347,1.0,1.0,0.5117798868374276,0.9581573298546371,8.967427379547033e-07
101,0.33336497780625335,1.0,1.0,0.5114058350682156,0.9581611877872818,7.774247564595882e-07
101,0.33335324885199036,1.0,1.0,0.5083513832020147,0.9581941230070989,1.291730405528213e-06
101,0.33346823925964647,1.0,1.0,0.5117798868374276,0.9581573298546371,0.00029362251990461274
101,0.3332573284896054,1.0,1.0,0.48275556010874576,0.9584699168738229,1.7217577187311761e-06
101,0.33325722092121035,1.0,1.0,0.48259508814766394,0.9584702262476754,2.4507028340003956e-07
101,0.33337015319289093,1.0,1.0,0.5117798868374276,0.9581573298546371,1.1794400744391531e-05
101,0.33336022275362126,1.0,1.0,0.510156042200581,0.9581741051289556,2.7559437398849695e-08
101,0.3334742861449687,1.0,1.0,0.5117798868374276,0.9581573298546371,0.00031099145123114624
101,0.33336015544003883,1.0,1.0,0.5101868963299918,0.9581742710483384,4.853181770902992e-07
101,0.33335413941625186,1.0,1.0,0.508528730743562,0.9581915631665628,5.760323773529308e-07
101,0.3333615261158449,1.0,1.0,0.510530093969793,0.95817033134269,9.663959221750673e-08
101,0.3333654356520884,1.0,1.0,0.5116440783072611,0.958159094420004,3.642809971449168e-07
101,0.33335416788477035,1.0,1.0,0.5085371314274538,0.958191481336795,5.815357888572237e-07
101,0.3331402594141014,1.0,1.0,0.4514654169744523,0.9588316342404122,2.4900714866382678e-05
101,0.3333610952325738,1.0,1.0,0.5103164549733735,0.9581724448308316,8.750125927159402e-07
101,0.3332564509620825,1.0,1.0,0.4825525944988507,0.9584724407071258,1.9864443869810344e-06
101,0.333469680625122,1.0,1.0,0.5117798868374276,0.9581573298546371,0.0002977627214104661
101,0.3332512748265226,1.0,1.0,0.4811316562836099,0.9584873279217996,1.023108466280398e-06
101,0.33324521405983554,1.0,1.0,0.479512804698772,0.9585047600342637,3.229841648577647e-07
101,0.33325081964111675,1.0,1.0,0.4809218327245489,0.9584886505262217,1.341201705251649e-08
102,0.3332516285275272,1.0,1.0,0.4811316562836099,0.9584863106186546,5.80532133476197e-09
102,0.33336541239508144,1.0,1.0,0.5116015846584478,0.9581591683802871,7.114978162192642e-09
102,0.3332516285275272,1.0,1.0,0.4811316562836099,0.9584863106186546,5.80532133476197e-09
102,0.33336633085199774,1.0,1.0,0.5117798868374276,0.9581573298546371,8.084117231188515e-07
102,0.33336633085199774,1.0,1.0,0.5117798868374276,0.9581573298546371,8.084117231188515e-07
102,0.3332509073242284,1.0,1.0,0.480945323245126,0.958488387849214,2.927168729627283e-09
102,0.3332453907513354,1.0,1.0,0.47952933168296086,0.9585042518212534,2.8424151921058183e-10
102,0.3333659822618723,1.0,1.0,0.5117798868374276,0.9581575233564827,1.9350184565780637e-07
102,0.3333663359628769,1.0,1.0,0.5117798868374276,0.9581573298546371,8.231013353121597e-07
102,0.33324470117972377,1.0,1.0,0.47935233273769023,0.9585062387550943,3.5345029125721794e-09
102,0.33324470117972377,1.0,1.0,0.47935233273769023,0.9585062387550943,3.5345029125721794e-09
102,0.33336021815383,1.0,1.0,0.510156042200581,0.9581741051289556,1.4338301546068521e-08
102,0.33325081964111675,1.0,1.0,0.4809218327245489,0.9584886505262217,1.341201705251649e-08
102,0.33336596858342726,1.0,1.0,0.5117798868374276,0.9581575626709485,2.3281631145177784e-07
102,0.3333615261158449,1.0,1.0,0.510530093969793,0.95817033134269,9.663959221750673e-08
102,0.33336465176453994,1.0,1.0,0.5114058350682156,0.9581613474752615,1.5968797972831794e-07
102,0.3333645152922996,1.0,1.0,0.5113642737605254,0.958161739725844,1.2304905916415976e-07
102,0.3332452933256558,1.0,1.0,0.47950323110454185,0.9585045445161346,1.2472085142434253e-08
102,0.3332503151782964,1.0,1.0,0.48079442487827434,0.9584900880412036,1.2518689196383548e-08
102,0.3332447328114109,1.0,1.0,0.4793616668309035,0.9585061442389006,1.0304035291675007e-08
102,0.3331367741219077,1.0,1.0,0.4505125813241093,0.9588432016827034,2.643707721328159e-05
102,0.3333548335876548,1.0,1.0,0.5087057296888325,0.9581895678477234,4.2038518299758465e-07
102,0.33326223047677944,1.0,1.0,0.48389297107418966,0.9584558186448744,2.6096214644777405e-07
102,0.3333714836902233,1.0,1.0,0.5117798868374276,0.9581573298546371,1.561839330965764e-05
102,0.33324539391450414,1.0,1.0,0.5117798868374276,0.9585042427231212,0.00034691286848409497
102,0.3332509073242284,1.0,1.0,0.4826034888315559,0.9584883849220452,1.849726378255756e-05
102,0.333353233539207,1.0,1.0,0.5083778323767103,0.9581941670223282,1.6108303555473213e-06
102,0.33323914728135673,1.0,1.0,0.4779279753742113,0.9585222650025089,5.492949683993942e-08
102,0.3334662498528351,1.0,1.0,0.5117798868374276,0.9581573298546371,0.00028790805681011555
102,0.3332639659665965,1.0,1.0,0.48436542619664696,0.958450827435268,5.077468829828291e-07
102,0.33325212909703844,1.0,1.0,0.48129212824469164,0.9584848709008533,3.591835119332032e-07
102,0.3333607407223419,1.0,1.0,0.5103080542894816,0.958172588779331,5.701717353812086e-08
102,0.33325081964111675,1.0,1.0,0.5106550732565565,0.9584886371142046,0.00031969477422510995
102,0.3332453953511267,1.0,1.0,0.47952933168296086,0.9585042515370119,1.294600726620132e-08
102,0.3333708505193743,1.0,1.0,0.5117798868374276,0.9581573298546371,1.3798595933534052e-05
102,0.3331408154049401,1.0,1.0,0.4516012255046188,0.9588299880334743,2.4854695397813487e-05
102,0.33325772823088257,1.0,1.0,0.4827308966778304,0.9584687671930949,2.976217368111378e-07
102,0.3332452933256558,1.0,1.0,0.48347735799728747,0.9585045320440495,4.4361076058541116e-05
102,0.33337103486058767,1.0,1.0,0.5117798868374276,0.9581573298546371,1.4328412030639726e-05
102,0.33337183688013994,1.0,1.0,0.5117798868374276,0.9581573298546371,1.6633494025364293e-05
103,0.3332516285275272,1.0,1.0,0.4811316562836099,0.9584863106186546,5.80532133476197e-09
103,0.33336541239508144,1.0,1.0,0.5116015846584478,0.9581591683802871,7.114978162192642e-09
103,0.3332516285275272,1.0,1.0,0.4811316562836099,0.9584863106186546,5.80532133476197e-09
103,0.33336633085199774,1.0,1.0,0.5117798868374276,0.9581573298546371,8.084117231188515e-07
103,0.33336633085199774,1.0,1.0,0.5117798868374276,0.9581573298546371,8.084117231188515e-07
103,0.3332509073242284,1.0,1.0,0.480945323245126,0.958488387849214,2.927168729627283e-09
103,0.3332453907513354,1.0,1.0,0.47952933168296086,0.9585042518212534,2.8424151921058183e-10
103,0.3333659822618723,1.0,1.0,0.5117798868374276,0.9581575233564827,1.9350184565780637e-07
103,0.3333663359628769,1.0,1.0,0.5117798868374276,0.9581573298546371,8.231013353121597e-07
103,0.33324470117972377,1.0,1.0,0.47935233273769023,0.9585062387550943,3.5345029125721794e-09
103,0.33324470117972377,1.0,1.0,0.47935233273769023,0.9585062387550943,3.5345029125721794e-09
103,0.33336021815383,1.0,1.0,0.510156042200581,0.9581741051289556,1.4338301546068521e-08
103,0.33325081964111675,1.0,1.0,0.4809218327245489,0.9584886505262217,1.341201705251649e-08
103,0.33336596858342726,1.0,1.0,0.5117798868374276,0.9581575626709485,2.3281631145177784e-07
103,0.33336465176453994,1.0,1.0,0.5114058350682156,0.9581613474752615,1.5968797972831794e-07
103,0.3333615261158449,1.0,1.0,0.510530093969793,0.95817033134269,9.663959221750673e-08
103,0.3333607407223419,1.0,1.0,0.5103080542894816,0.958172588779331,5.701717353812086e-08
103,0.3333645152922996,1.0,1.0,0.5113642737605254,0.958161739725844,1.2304905916415976e-07
103,0.3332452933256558,1.0,1.0,0.47950323110454185,0.9585045445161346,1.2472085142434253e-08
103,0.3332503151782964,1.0,1.0,0.48079442487827434,0.9584900880412036,1.2518689196383548e-08
103,0.33324538574721113,1.0,1.0,0.4795285073688993,0.9585042662144742,5.424848015245232e-09
103,0.33314839643550376,1.0,1.0,0.4535482487851739,0.9588064557234427,2.3140683387046224e-05
103,0.3331476600876629,1.0,1.0,0.45340738435768685,0.9588081539618807,2.2719747337807128e-05
103,0.33346416955876046,1.0,1.0,0.5117798868374276,0.9581573298546371,0.0002819324520575428
103,0.3331419584059786,1.0,1.0,0.45194180169652565,0.9588258624797195,2.4018776083156723e-05
103,0.333248938268718,1.0,1.0,0.4803808944719507,0.9584947040310239,6.557246025051811e-07
103,0.33335604263385843,1.0,1.0,0.5090185720468478,0.9581860925981172,1.946558718657343e-07
103,0.3333651846958787,1.0,1.0,0.5115416435983821,0.9581598157190027,2.9078680796601475e-08
103,0.3334655022388751,1.0,1.0,0.5117798868374276,0.9581573298546371,0.0002857605586593648
103,0.33336602223176404,1.0,1.0,0.5117798868374276,0.9581574084753917,7.862075457332196e-08
103,0.33324470117972377,1.0,1.0,0.4801571562565457,0.9585062352205914,9.024813610425397e-06
103,0.33346987124044475,1.0,1.0,0.5117798868374276,0.9581573298546371,0.00029831024526716376
103,0.3331416750844745,1.0,1.0,0.45177009814959246,0.9588279419112992,2.5282791280001327e-05
103,0.33325245364484507,1.0,1.0,0.4812958844937609,0.9584844697546943,5.323028169357258e-07
103,0.3333555886173201,1.0,1.0,0.5089039049852007,0.9581873976079816,3.0891527957876974e-07
103,0.33314871709000127,1.0,1.0,0.4535850691490504,0.9588060119332242,2.3619718818035373e-05
103,0.33347029094179065,1.0,1.0,0.5117798868374276,0.9581573298546371,0.000299515794095484
103,0.3334686962486765,1.0,1.0,0.5117798868374276,0.9581573298546371,0.000294935186461065
103,0.3332457167930488,1.0,1.0,0.47952933168296086,0.9585042515370119,9.37499357478444e-07
103,0.3331414690877003,1.0,1.0,0.45176892523925427,0.9588279561193723,2.4704127337571435e-05
104,0.3332516285275272,1.0,1.0,0.4811316562836099,0.9584863106186546,5.80532133476197e-09
104,0.33336541239508144,1.0,1.0,0.5116015846584478,0.9581591683802871,7.114978162192642e-09
104,0.3332516285275272,1.0,1.0,0.4811316562836099,0.9584863106186546,5.80532133476197e-09
104,0.33336633085199774,1.0,1.0,0.5117798868374276,0.9581573298546371,8.084117231188515e-07
104,0.33336633085199774,1.0,1.0,0.5117798868374276,0.9581573298546371,8.084117231188515e-07
104,0.3332509073242284,1.0,1.0,0.480945323245126,0.958488387849214,2.927168729627283e-09
104,0.3332453907513354,1.0,1.0,0.47952933168296086,0.9585042518212534,2.8424151921058183e-10
104,0.33336602223176404,1.0,1.0,0.5117798868374276,0.9581574084753917,7.862075457332196e-08
104,0.33336021815383,1.0,1.0,0.510156042200581,0.9581741051289556,1.4338301546068521e-08
104,0.3333651846958787,1.0,1.0,0.5115416435983821,0.9581598157190027,2.9078680796601475e-08
104,0.3333663359628769,1.0,1.0,0.5117798868374276,0.9581573298546371,8.231013353121597e-07
104,0.33325081964111675,1.0,1.0,0.4809218327245489,0.9584886505262217,1.341201705251649e-08
104,0.3332503151782964,1.0,1.0,0.48079442487827434,0.9584900880412036,1.2518689196383548e-08
104,0.33324470117972377,1.0,1.0,0.47935233273769023,0.9585062387550943,3.5345029125721794e-09
104,0.33324470117972377,1.0,1.0,0.47935233273769023,0.9585062387550943,3.5345029125721794e-09
104,0.33324538574721113,1.0,1.0,0.4795285073688993,0.9585042662144742,5.424848015245232e-09
104,0.3333659822618723,1.0,1.0,0.5117798868374276,0.9581575233564827,1.9350184565780637e-07
104,0.33346416955876046,1.0,1.0,0.5117798868374276,0.9581573298546371,0.0002819324520575428
104,0.3332452933256558,1.0,1.0,0.47950323110454185,0.9585045445161346,1.2472085142434253e-08
104,0.33336596858342726,1.0,1.0,0.5117798868374276,0.9581575626709485,2.3281631145177784e-07
104,0.3333713008784806,1.0,1.0,0.5117798868374276,0.9581573298546371,1.509297448976099e-05
104,0.3332447371526263,1.0,1.0,0.47935233273769023,0.9585062387550943,1.0700275743236176e-07
104,0.33324437513801036,1.0,1.0,0.47935233273769023,0.9585071730099065,9.34254812179347e-07
104,0.33326267756951894,1.0,1.0,0.4842158473715695,0.9584545328164117,2.5555011636813063e-06
104,0.3330478692102024,1.0,1.0,0.4503445329931972,0.9590727143575332,0.0002274693601580502
104,0.33346966459345484,1.0,1.0,0.5117798868374276,0.9581573298546371,0.00029771667198719154
104,0.3332453907513354,1.0,1.0,0.5101066314143126,0.9585042518212534,0.0003296351437271916
104,0.333256977230542,1.0,1.0,0.4826312048838252,0.9584709271189709,1.3479898103296861e-06
104,0.33345346263137665,1.0,1.0,0.5116015846584478,0.9581591683802871,0.0002530143551461306
104,0.33355880490529455,1.0,1.0,0.5117798868374276,0.9581573298546371,0.0005536952374040061
104,0.3331423749647452,1.0,1.0,0.4519198236061059,0.9588261285916715,2.548376677957709e-05
104,0.33347543528847384,1.0,1.0,0.5117798868374276,0.9581573298546371,0.00031429215280887046
104,0.33347001829445944,1.0,1.0,0.5117798868374276,0.9581573298546371,0.00029873264310265046
104,0.3332578631405503,1.0,1.0,0.48273304747493756,0.9584684456365133,6.645137506922083e-08
104,0.3333706913111324,1.0,1.0,0.5117798868374276,0.9581573298546371,1.334101417649336e-05
104,0.3332727745875603,1.0,1.0,0.5103184266642656,0.9584254949428781,0.0002530705150762813
104,0.3331492230467284,1.0,1.0,0.4537087207462557,0.9588045219130551,2.35858101033104e-05
104,0.3332452887258645,1.0,1.0,0.47950323110454185,0.9585045452743064,7.581717476057293e-10
104,0.3332571778780641,1.0,1.0,0.48259508814766394,0.9584703500426804,3.6886528842483557e-07
104,0.3332466636119235,1.0,1.0,0.47985726387766126,0.9585005907424934,1.8490897035761122e-08
105,0.3332516285275272,1.0,1.0,0.4811316562836099,0.9584863106186546,5.80532133476197e-09
105,0.33336541239508144,1.0,1.0,0.5116015846584478,0.9581591683802871,7.114978162192642e-09
105,0.3332516285275272,1.0,1.0,0.4811316562836099,0.9584863106186546,5.80532133476197e-09
105,0.33336633085199774,1.0,1.0,0.5117798868374276,0.9581573298546371,8.084117231188515e-07
105,0.33336633085199774,1.0,1.0,0.5117798868374276,0.9581573298546371,8.084117231188515e-07
105,0.3332509073242284,1.0,1.0,0.480945323245126,0.958488387849214,2.927168729627283e-09
105,0.3332453907513354,1.0,1.0,0.47952933168296086,0.9585042518212534,2.8424151921058183e-10
105,0.33336602223176404,1.0,1.0,0.5117798868374276,0.9581574084753917,7.862075457332196e-08
105,0.33336021815383,1.0,1.0,0.510156042200581,0.9581741051289556,1.4338301546068521e-08
105,0.3333651846958787,1.0,1.0,0.5115416435983821,0.9581598157190027,2.9078680796601475e-08
105,0.3333663359628769,1.0,1.0,0.5117798868374276,0.9581573298546371,8.231013353121597e-07
105,0.33325081964111675,1.0,1.0,0.4809218327245489,0.9584886505262217,1.341201705251649e-08
105,0.3332503151782964,1.0,1.0,0.48079442487827434,0.9584900880412036,1.2518689196383548e-08
105,0.33324538574721113,1.0,1.0,0.4795285073688993,0.9585042662144742,5.424848015245232e-09
105,0.3332452887258645,1.0,1.0,0.47950323110454185,0.9585045452743064,7.581717476057293e-10
105,0.3333659822618723,1.0,1.0,0.5117798868374276,0.9581575233564827,1.9350184565780637e-07
105,0.3333706913111324,1.0,1.0,0.5117798868374276,0.9581573298546371,1.334101417649336e-05
105,0.33324470117972377,1.0,1.0,0.47935233273769023,0.9585062387550943,3.5345029125721794e-09
105,0.33324470117972377,1.0,1.0,0.47935233273769023,0.9585062387550943,3.5345029125721794e-09
105,0.33336596858342726,1.0,1.0,0.5117798868374276,0.9581575626709485,2.3281631145177784e-07
105,0.3333618609641539,1.0,1.0,0.5105328455794066,0.9581702062452517,8.373453357357619e-07
105,0.3333487399172924,1.0,1.0,0.5070941130314743,0.9582070837122053,1.1543732230112624e-06
105,0.33336109175735723,1.0,1.0,0.5105258940173429,0.9581715798069682,1.3016665039167208e-06
105,0.33336633085199774,1.0,1.0,0.5117574333919086,0.958157561332023,1.0398891090446227e-06
105,0.33325668526605473,1.0,1.0,0.48242953921013565,0.9584718245519706,5.7721497137563915e-08
105,0.33325809775885823,1.0,1.0,0.4840076381358368,0.9584677044101511,1.341862230819224e-05
105,0.3332452887258645,1.0,1.0,0.47950323110454185,0.9585045452743064,7.581717476057293e-10
105,0.33325062890940926,1.0,1.0,0.48079442487827434,0.9584900755225144,8.898296787185345e-07
105,0.3332466636119235,1.0,1.0,0.47985726387766126,0.9585005907424934,1.8490897035761122e-08
105,0.333257762519612,1.0,1.0,0.5115416435983821,0.9584686685767091,0.0003088819363872286
105,0.3333476072300338,1.0,1.0,0.5069357402361262,0.9582103396196365,2.7573386384149856e-06
105,0.3333657147412591,1.0,1.0,0.5116213296693395,0.9581589647420143,6.724795640344894e-07
105,0.3332503151782964,1.0,1.0,0.5116121871027921,0.9584900880412036,0.00033102900949977254
105,0.333353233539207,1.0,1.0,0.4795285073688993,0.9585042607896261,0.0003100937672979587
105,0.33324603983430434,1.0,1.0,0.47950323110454185,0.9585045445161346,2.1596301460480305e-06
105,0.3331476550835386,1.0,1.0,0.4534065600436253,0.958808163901641,2.271528543151824e-05
105,0.33326195260385527,1.0,1.0,0.4839582360999461,0.9584566178027684,1.7840920712997033e-06
105,0.33326287225733153,1.0,1.0,0.4829680642308931,0.9584658311173293,1.1858217522364711e-05
105,0.3334693210439996,1.0,1.0,0.5117798868374276,0.9581573298546371,0.0002967298581290079
105,0.33336571762721756,1.0,1.0,0.5116774521285485,0.9581583859851714,1.0201753042338169e-07
106,0.3332516285275272,1.0,1.0,0.4811316562836099,0.9584863106186546,5.80532133476197e-09
106,0.33336541239508144,1.0,1.0,0.5116015846584478,0.9581591683802871,7.114978162192642e-09
106,0.3332516285275272,1.0,1.0,0.4811316562836099,0.9584863106186546,5.80532133476197e-09
106,0.33336633085199774,1.0,1.0,0.5117798868374276,0.9581573298546371,8.084117231188515e-07
106,0.33336633085199774,1.0,1.0,0.5117798868374276,0.9581573298546371,8.084117231188515e-07
106,0.3332509073242284,1.0,1.0,0.480945323245126,0.958488387849214,2.927168729627283e-09
106,0.3332453907513354,1.0,1.0,0.47952933168296086,0.9585042518212534,2.8424151921058183e-10
106,0.33336602223176404,1.0,1.0,0.5117798868374276,0.9581574084753917,7.862075457332196e-08
106,0.33336021815383,1.0,1.0,0.510156042200581,0.9581741051289556,1.4338301546068521e-08
106,0.3333651846958787,1.0,1.0,0.5115416435983821,0.9581598157190027,2.9078680796601475e-08
106,0.3333663359628769,1.0,1.0,0.5117798868374276,0.9581573298546371,8.231013353121597e-07
106,0.33325081964111675,1.0,1.0,0.4809218327245489,0.9584886505262217,1.341201705251649e-08
106,0.3332503151782964,1.0,1.0,0.48079442487827434,0.9584900880412036,1.2518689196383548e-08
106,0.33324538574721113,1.0,1.0,0.4795285073688993,0.9585042662144742,5.424848015245232e-09
106,0.3332452887258645,1.0,1.0,0.47950323110454185,0.9585045452743064,7.581717476057293e-10
106,0.3332452887258645,1.0,1.0,0.47950323110454185,0.9585045452743064,7.581717476057293e-10
106,0.3333659822618723,1.0,1.0,0.5117798868374276,0.9581575233564827,1.9350184565780637e-07
106,0.33336571762721756,1.0,1.0,0.5116774521285485,0.9581583859851714,1.0201753042338169e-07
106,0.3333706913111324,1.0,1.0,0.5117798868374276,0.9581573298546371,1.334101417649336e-05
106,0.33324470117972377,1.0,1.0,0.47935233273769023,0.9585062387550943,3.5345029125721794e-09
106,0.3332516285275272,1.0,1.0,0.4793439320537983,0.9585063330955551,2.0022476900471986e-05
106,0.33336541239508144,1.0,1.0,0.5117798868374276,0.958159161265309,1.8314106718930745e-06
106,0.33325679868466096,1.0,1.0,0.48258484467677604,0.9584714406299818,1.3454161068571224e-06
106,0.33347518604609694,1.0,1.0,0.5117798868374276,0.9581573298546371,0.0003135762522421537
106,0.3332496288956695,1.0,1.0,0.47952933168296086,0.9585042515370119,1.2189614860047548e-05
106,0.3332503685750624,1.0,1.0,0.48080607314096724,0.9584899452219393,1.0759773072521739e-08
106,0.33346966523556715,1.0,1.0,0.5117798868374276,0.9581573298546371,0.00029771851639326385
106,0.3333718425781306,1.0,1.0,0.5117798868374276,0.9581573298546371,1.6649870563489877e-05
106,0.3332565254626132,1.0,1.0,0.4823874153857101,0.9584722937282357,6.729059842669471e-08
106,0.33325109973600053,1.0,1.0,0.4809958477534434,0.9584878315121741,8.584698729663387e-09
106,0.33325587637964427,1.0,1.0,0.4822197156510747,0.95847416209847,6.884304915022454e-08
106,0.33314708308627294,1.0,1.0,0.4532110173798384,0.9588105224444509,2.3427640472695188e-05
106,0.3334681828133887,1.0,1.0,0.5117798868374276,0.9581573298546371,0.00029346038203248437
106,0.3331374831376509,1.0,1.0,0.45175212387147046,0.9588281596481996,1.3435690229934849e-05
106,0.33337097818549233,1.0,1.0,0.5117798868374276,0.9581573298546371,1.4165521889153432e-05
106,0.33314271372478277,1.0,1.0,0.45203904883183743,0.9588246852022376,2.501534491405888e-05
106,0.33335842648059166,1.0,1.0,0.5096829430767897,0.9581792406075917,2.3480724786750784e-07
106,0.3333540308451573,1.0,1.0,0.5085536584116427,0.9581918752429047,1.1472502193798917e-06
106,0.33325090272443714,1.0,1.0,0.48094532324512596,0.9584883981518564,1.030264229484601e-08
106,0.33326230529991463,1.0,1.0,0.48282308791582157,0.9584674437579737,1.1840302960086646e-05
107,0.3332516285275272,1.0,1.0,0.4811316562836099,0.9584863106186546,5.80532133476197e-09
107,0.33336541239508144,1.0,1.0,0.5116015846584478,0.9581591683802871,7.114978162192642e-09
107,0.3332516285275272,1.0,1.0,0.4811316562836099,0.9584863106186546,5.80532133476197e-09
107,0.33336633085199774,1.0,1.0,0.5117798868374276,0.9581573298546371,8.084117231188515e-07
107,0.33336633085199774,1.0,1.0,0.5117798868374276,0.9581573298546371,8.084117231188515e-07
107,0.3332509073242284,1.0,1.0,0.480945323245126,0.958488387849214,2.927168729627283e-09
107,0.3332453907513354,1.0,1.0,0.47952933168296086,0.9585042518212534,2.8424151921058183e-10
107,0.33336602223176404,1.0,1.0,0.5117798868374276,0.9581574084753917,7.862075457332196e-08
107,0.33336021815383,1.0,1.0,0.510156042200581,0.9581741051289556,1.4338301546068521e-08
107,0.3333651846958787,1.0,1.0,0.5115416435983821,0.9581598157190027,2.9078680796601475e-08
107,0.33325109973600053,1.0,1.0,0.4809958477534434,0.9584878315121741,8.584698729663387e-09
107,0.3333663359628769,1.0,1.0,0.5117798868374276,0.9581573298546371,8.231013353121597e-07
107,0.33324538574721113,1.0,1.0,0.4795285073688993,0.9585042662144742,5.424848015245232e-09
107,0.3332452887258645,1.0,1.0,0.47950323110454185,0.9585045452743064,7.581717476057293e-10
107,0.3332452887258645,1.0,1.0,0.47950323110454185,0.9585045452743064,7.581717476057293e-10
107,0.3333659822618723,1.0,1.0,0.5117798868374276,0.9581575233564827,1.9350184565780637e-07
107,0.33336571762721756,1.0,1.0,0.5116774521285485,0.9581583859851714,1.0201753042338169e-07
107,0.3333706913111324,1.0,1.0,0.5117798868374276,0.9581573298546371,1.334101417649336e-05
107,0.33324470117972377,1.0,1.0,0.47935233273769023,0.9585062387550943,3.5345029125721794e-09
107,0.33336541239508144,1.0,1.0,0.5117798868374276,0.958159161265309,1.8314106718930745e-06
107,0.33346906424442607,1.0,1.0,0.5117798868374276,0.9581573298546371,0.0002959922239097468
107,0.3331487471343544,1.0,1.0,0.4534260211080241,0.9588079292419492,2.5623493414173026e-05
107,0.33314252131301064,1.0,1.0,0.45198852432352,0.9588252968138766,2.5073186526003433e-05
107,0.33337133612950204,1.0,1.0,0.5117798868374276,0.9581573298546371,1.5194289416320395e-05
107,0.33325711370307565,1.0,1.0,0.48284583655374325,0.9584705346143547,3.3439418117842123e-06
107,0.3334749709458196,1.0,1.0,0.5117798868374276,0.9581573298546371,0.00031295841739886754
107,0.33314205663384105,1.0,1.0,0.4519198236061059,0.9588261285916715,2.4567593426061407e-05
107,0.3332672548259635,1.0,1.0,0.4841923568509924,0.9584522376966362,1.0868766296301402e-05
107,0.3332582195497025,1.0,1.0,0.4828913686389122,0.9584673541334475,6.699726348147195e-07
107,0.3332565618007735,1.0,1.0,0.48257534313677236,0.9584721219262148,1.9209326753699685e-06
107,0.3333706861242297,1.0,1.0,0.4809958477534434,0.9584878229274754,0.0003438191792864975
107,0.3332449753238156,1.0,1.0,0.4794445239756814,0.9585054467051147,2.431258580015694e-07
107,0.3333594788743823,1.0,1.0,0.5100760609372208,0.9581762156992151,1.2824935643473978e-06
107,0.3333485869545074,1.0,1.0,0.5071034399707617,0.9582075234021558,1.6913875224844332e-06
107,0.3334682227832804,1.0,1.0,0.5117798868374276,0.9581573298546371,0.0002935751927174435
107,0.3332582195497025,1.0,1.0,0.4827308966778304,0.9584684695713581,1.1154379105926537e-06
107,0.3331478676439771,1.0,1.0,0.45341244025500743,0.9588080929972591,2.325612098408314e-05
107,0.33324555891780605,1.0,1.0,0.4795739794263849,0.9585037681290561,1.771541657813458e-08
107,0.3333719493542822,1.0,1.0,0.5117798868374276,0.9581573298546371,1.695675473423197e-05
107,0.33324538615154414,1.0,1.0,0.47952933168296086,0.9585042650515025,1.3514490637689391e-08
108,0.3332516285275272,1.0,1.0,0.4811316562836099,0.9584863106186546,5.80532133476197e-09
108,0.33336541239508144,1.0,1.0,0.5116015846584478,0.9581591683802871,7.114978162192642e-09
108,0.3332516285275272,1.0,1.0,0.4811316562836099,0.9584863106186546,5.80532133476197e-09
108,0.33336633085199774,1.0,1.0,0.5117798868374276,0.9581573298546371,8.084117231188515e-07
108,0.33336633085199774,1.0,1.0,0.5117798868374276,0.9581573298546371,8.084117231188515e-07
108,0.3332509073242284,1.0,1.0,0.480945323245126,0.958488387849214,2.927168729627283e-09
108,0.3332453907513354,1.0,1.0,0.47952933168296086,0.9585042518212534,2.8424151921058183e-10
108,0.33336602223176404,1.0,1.0,0.5117798868374276,0.9581574084753917,7.862075457332196e-08
108,0.33336021815383,1.0,1.0,0.510156042200581,0.9581741051289556,1.4338301546068521e-08
108,0.3333651846958787,1.0,1.0,0.5115416435983821,0.9581598157190027,2.9078680796601475e-08
108,0.33325109973600053,1.0,1.0,0.4809958477534434,0.9584878315121741,8.584698729663387e-09
108,0.3333663359628769,1.0,1.0,0.5117798868374276,0.9581573298546371,8.231013353121597e-07
108,0.33324538574721113,1.0,1.0,0.4795285073688993,0.9585042662144742,5.424848015245232e-09
108,0.3332452887258645,1.0,1.0,0.47950323110454185,0.9585045452743064,7.581717476057293e-10
108,0.3332452887258645,1.0,1.0,0.47950323110454185,0.9585045452743064,7.581717476057293e-10
108,0.3333659822618723,1.0,1.0,0.5117798868374276,0.9581575233564827,1.9350184565780637e-07
108,0.33336571762721756,1.0,1.0,0.5116774521285485,0.9581583859851714,1.0201753042338169e-07
108,0.3333706913111324,1.0,1.0,0.5117798868374276,0.9581573298546371,1.334101417649336e-05
108,0.33324470117972377,1.0,1.0,0.47935233273769023,0.9585062387550943,3.5345029125721794e-09
108,0.3332582195497025,1.0,1.0,0.4828913686389122,0.9584673541334475,6.699726348147195e-07
108,0.3333532921202239,1.0,1.0,0.5083630786133555,0.9581939986364449,1.289000241322391e-06
108,0.3331480855751454,1.0,1.0,0.45352884099023544,0.9588066896609821,2.2479980564260593e-05
108,0.3332516285275272,1.0,1.0,0.5117798868374276,0.9584863106186546,0.00032898076401755016
108,0.3332510915687076,1.0,1.0,0.4809940900300605,0.9584878550027225,1.2423180262288724e-08
108,0.3332519032364497,1.0,1.0,0.4811999370067005,0.9584855417575043,2.124608777798187e-08
108,0.3333711248517828,1.0,1.0,0.5117798868374276,0.9581573298546371,1.4587056007542287e-05
108,0.33314296837221763,1.0,1.0,0.4520826661240127,0.9588241572736516,2.5220302502737546e-05
108,0.3333420013517895,1.0,1.0,0.5053519991163541,0.9582264540320372,2.3046777560820075e-06
108,0.33326267183176095,1.0,1.0,0.4829148591594893,0.9584664228698436,1.1873551793439852e-05
108,0.3333662569707948,1.0,1.0,0.5117798868374276,0.9581573298546371,5.960634283930233e-07
108,0.3332589733319993,1.0,1.0,0.48310578755405315,0.9584651862226656,8.864867321323189e-07
108,0.33314792052312975,1.0,1.0,0.4534260211080241,0.9588079292419492,2.3244549513634638e-05
108,0.33337194485057037,1.0,1.0,0.5117798868374276,0.9581573298546371,1.694381066918993e-05
108,0.3332449098348371,1.0,1.0,0.4794062796917495,0.9585056350697094,2.0930231992011272e-09
108,0.3332573872281763,1.0,1.0,0.48261081979778775,0.9584698060492991,5.811142544942527e-08
108,0.3331420520340498,1.0,1.0,0.4519198236061059,0.9588261285916715,2.455435496817593e-05
108,0.3333542266393844,1.0,1.0,0.508552221264139,0.9581913124528691,5.695204305933288e-07
108,0.33325059359311554,1.0,1.0,0.480945323245126,0.9584892872689054,8.99419691391401e-07
108,0.3332453939145041,1.0,1.0,0.4795302650922822,0.9585042427231213,1.6632520916104454e-09
108,0.3332451770920978,1.0,1.0,0.4828913686389122,0.958504866363642,3.818220282925111e-05
109,0.3332516285275272,1.0,1.0,0.4811316562836099,0.9584863106186546,5.80532133476197e-09
109,0.33336541239508144,1.0,1.0,0.5116015846584478,0.9581591683802871,7.114978162192642e-09
109,0.3332516285275272,1.0,1.0,0.4811316562836099,0.9584863106186546,5.80532133476197e-09
109,0.3332509073242284,1.0,1.0,0.480945323245126,0.958488387849214,2.927168729627283e-09
109,0.3332453907513354,1.0,1.0,0.47952933168296086,0.9585042518212534,2.8424151921058183e-10
109,0.33336602223176404,1.0,1.0,0.5117798868374276,0.9581574084753917,7.862075457332196e-08
109,0.3333662569707948,1.0,1.0,0.5117798868374276,0.9581573298546371,5.960634283930233e-07
109,0.3332453939145041,1.0,1.0,0.4795302650922822,0.9585042427231213,1.6632520916104454e-09
109,0.33336021815383,1.0,1.0,0.510156042200581,0.9581741051289556,1.4338301546068521e-08
109,0.3333651846958787,1.0,1.0,0.5115416435983821,0.9581598157190027,2.9078680796601475e-08
109,0.33325109973600053,1.0,1.0,0.4809958477534434,0.9584878315121741,8.584698729663387e-09
109,0.3332452887258645,1.0,1.0,0.47950323110454185,0.9585045452743064,7.581717476057293e-10
109,0.3332452887258645,1.0,1.0,0.47950323110454185,0.9585045452743064,7.581717476057293e-10
109,0.3333659822618723,1.0,1.0,0.5117798868374276,0.9581575233564827,1.9350184565780637e-07
109,0.33336571762721756,1.0,1.0,0.5116774521285485,0.9581583859851714,1.0201753042338169e-07
109,0.33336633085199774,1.0,1.0,0.5117798868374276,0.9581573298546371,8.084117231188515e-07
109,0.33336633085199774,1.0,1.0,0.5117798868374276,0.9581573298546371,8.084117231188515e-07
109,0.33324538574721113,1.0,1.0,0.4795285073688993,0.9585042662144742,5.424848015245232e-09
109,0.3332449098348371,1.0,1.0,0.4794062796917495,0.9585056350697094,2.0930231992011272e-09
109,0.3333663359628769,1.0,1.0,0.5117798868374276,0.9581573298546371,8.231013353121597e-07
109,0.3334740365774885,1.0,1.0,0.5117798868374276,0.9581573298546371,0.0003102746119267863
109,0.3331423703649539,1.0,1.0,0.4519198236061059,0.9588261285916715,2.5470528347004695e-05
109,0.33325831933035727,1.0,1.0,0.48291569922787847,0.9584670671593666,6.536335102058644e-07
109,0.3333600422493117,1.0,1.0,0.5100448379130406,0.9581752565161472,6.601245511328457e-07
109,0.33346806608905155,1.0,1.0,0.47952933168296086,0.9585042515370119,0.000640046781853254
109,0.33337079869445135,1.0,1.0,0.5117798868374276,0.9581573298546371,1.3649645531299548e-05
109,0.3333532098051363,1.0,1.0,0.5083411542894953,0.9581942352438043,1.2975762117006795e-06
109,0.33324532469876705,1.0,1.0,0.47950323110454185,0.9585045445161346,1.0270971795289796e-07
109,0.33347404621484733,1.0,1.0,0.5117798868374276,0.9581573298546371,0.0003103022935886379
109,0.333372382786298,1.0,1.0,0.5117798868374276,0.9581573298546371,1.82024749363352e-05
109,0.3334626236346288,1.0,1.0,0.5117798868374276,0.9581573298546371,0.00027749176640767814
109,0.3332452887258645,1.0,1.0,0.45066514407341174,0.9588413474917524,0.00033680221744603056
109,0.3332516857943468,1.0,1.0,0.4811305425615609,0.9584863172606441,1.7135072105656235e-07
109,0.33346906679317456,1.0,1.0,0.5117798868374276,0.9581573298546371,0.0002959995449715036
109,0.3334690704706624,1.0,1.0,0.5117798868374276,0.9581573298546371,0.00029601010824009677
109,0.33335551430231086,1.0,1.0,0.5088827635166813,0.9581876112168828,3.0294371144989896e-07
109,0.33336633085199774,1.0,1.0,0.5117798868374276,0.9581573298546371,8.084117231188515e-07
109,0.3333599357958284,1.0,1.0,0.510156042200581,0.9581749023702459,7.972412903178849e-07
109,0.33346931153456255,1.0,1.0,0.5117798868374276,0.9581573298546371,0.0002967025431265258
109,0.3334737065833754,1.0,1.0,0.5117798868374276,0.9581573298546371,0.00030932675942063614
110,0.3332516285275272,1.0,1.0,0.4811316562836099,0.9584863106186546,5.80532133476197e-09
110,0.33336541239508144,1.0,1.0,0.5116015846584478,0.9581591683802871,7.114978162192642e-09
110,0.3332516285275272,1.0,1.0,0.4811316562836099,0.9584863106186546,5.80532133476197e-09
110,0.3332509073242284,1.0,1.0,0.480945323245126,0.958488387849214,2.927168729627283e-09
110,0.3332453907513354,1.0,1.0,0.47952933168296086,0.9585042518212534,2.8424151921058183e-10
110,0.33336602223176404,1.0,1.0,0.5117798868374276,0.9581574084753917,7.862075457332196e-08
110,0.3333662569707948,1.0,1.0,0.5117798868374276,0.9581573298546371,5.960634283930233e-07
110,0.3332453939145041,1.0,1.0,0.4795302650922822,0.9585042427231213,1.6632520916104454e-09
110,0.33336021815383,1.0,1.0,0.510156042200581,0.9581741051289556,1.4338301546068521e-08
110,0.3333651846958787,1.0,1.0,0.5115416435983821,0.9581598157190027,2.9078680796601475e-08
110,0.33325109973600053,1.0,1.0,0.4809958477534434,0.9584878315121741,8.584698729663387e-09
110,0.3332452887258645,1.0,1.0,0.47950323110454185,0.9585045452743064,7.581717476057293e-10
110,0.3332452887258645,1.0,1.0,0.47950323110454185,0.9585045452743064,7.581717476057293e-10
110,0.3333659822618723,1.0,1.0,0.5117798868374276,0.9581575233564827,1.9350184565780637e-07
110,0.33336571762721756,1.0,1.0,0.5116774521285485,0.9581583859851714,1.0201753042338169e-07
110,0.33336633085199774,1.0,1.0,0.5117798868374276,0.9581573298546371,8.084117231188515e-07
110,0.33336633085199774,1.0,1.0,0.5117798868374276,0.9581573298546371,8.084117231188515e-07
110,0.33336633085199774,1.0,1.0,0.5117798868374276,0.9581573298546371,8.084117231188515e-07
110,0.33324538574721113,1.0,1.0,0.4795285073688993,0.9585042662144742,5.424848015245232e-09
110,0.3332449098348371,1.0,1.0,0.4794062796917495,0.9585056350697094,2.0930231992011272e-09
110,0.33314234183869446,1.0,1.0,0.4519206636744951,0.9588261184197756,2.53782564211269e-05
110,0.33346812452684277,1.0,1.0,0.5116015846584478,0.9581591683802871,0.0002951314836556751
110,0.33346921435389576,1.0,1.0,0.5117798868374276,0.9581573298546371,0.0002964234003146604
110,0.3332509073242284,1.0,1.0,0.4782832238342612,0.958518262134661,2.98772126157143e-05
110,0.3333659898500731,1.0,1.0,0.5116926305659144,0.9581582294735856,7.279270411997274e-07
110,0.333355443209437,1.0,1.0,0.5088827635166813,0.9581878155642608,5.072910894687865e-07
110,0.3333713316257902,1.0,1.0,0.5117798868374276,0.9581573298546371,1.5181345303649785e-05
110,0.3333599354384512,1.0,1.0,0.5102270479047533,0.9581749033974536,1.5332740810336531e-06
110,0.33326254896639734,1.0,1.0,0.4840742516618418,0.9584549026756858,1.3555902361739314e-06
110,0.3331474708390595,1.0,1.0,0.4533577932586908,0.958808751982961,2.2773118316443686e-05
110,0.3334699342687798,1.0,1.0,0.4809958477534434,0.9584878229274754,0.0006289843606908097
110,0.3333480703783945,1.0,1.0,0.507021481352727,0.9582090082978558,2.3209841747418025e-06
110,0.3332516285275272,1.0,1.0,0.4811316562836099,0.9584863106186546,5.80532133476197e-09
110,0.3331431762233073,1.0,1.0,0.45215588181358135,0.9588232712410638,2.4932473382643927e-05
110,0.33336571762721756,1.0,1.0,0.48410510057947925,0.9584532050348745,0.0002949210672335001
110,0.33313714653956666,1.0,1.0,0.45060843757631286,0.9588420365888889,2.6343855141441885e-05
110,0.3331427779332193,1.0,1.0,0.5117798868374276,0.9587994850626,0.0006421552079629578
110,0.33326226633496814,1.0,1.0,0.4839582360999461,0.9584557155174189,8.81806721864109e-07
110,0.33324538574721113,1.0,1.0,0.5100884552052158,0.9585042662144742,0.0003294613426642057
110,0.3334749910073073,1.0,1.0,0.5117798868374276,0.9581573298546371,0.0003130160402597948
111,0.3332516285275272,1.0,1.0,0.4811316562836099,0.9584863106186546,5.80532133476197e-09
111,0.33336541239508144,1.0,1.0,0.5116015846584478,0.9581591683802871,7.114978162192642e-09
111,0.3332516285275272,1.0,1.0,0.4811316562836099,0.9584863106186546,5.80532133476197e-09
111,0.3332509073242284,1.0,1.0,0.480945323245126,0.958488387849214,2.927168729627283e-09
111,0.3332453907513354,1.0,1.0,0.47952933168296086,0.9585042518212534,2.8424151921058183e-10
111,0.33336602223176404,1.0,1.0,0.5117798868374276,0.9581574084753917,7.862075457332196e-08
111,0.3333662569707948,1.0,1.0,0.5117798868374276,0.9581573298546371,5.960634283930233e-07
111,0.3332453939145041,1.0,1.0,0.4795302650922822,0.9585042427231213,1.6632520916104454e-09
111,0.3332516285275272,1.0,1.0,0.4811316562836099,0.9584863106186546,5.80532133476197e-09
111,0.33336021815383,1.0,1.0,0.510156042200581,0.9581741051289556,1.4338301546068521e-08
111,0.3333651846958787,1.0,1.0,0.5115416435983821,0.9581598157190027,2.9078680796601475e-08
111,0.3332452887258645,1.0,1.0,0.47950323110454185,0.9585045452743064,7.581717476057293e-10
111,0.3332452887258645,1.0,1.0,0.47950323110454185,0.9585045452743064,7.581717476057293e-10
111,0.3333659822618723,1.0,1.0,0.5117798868374276,0.9581575233564827,1.9350184565780637e-07
111,0.33336571762721756,1.0,1.0,0.5116774521285485,0.9581583859851714,1.0201753042338169e-07
111,0.33336633085199774,1.0,1.0,0.5117798868374276,0.9581573298546371,8.084117231188515e-07
111,0.33336633085199774,1.0,1.0,0.5117798868374276,0.9581573298546371,8.084117231188515e-07
111,0.33336633085199774,1.0,1.0,0.5117798868374276,0.9581573298546371,8.084117231188515e-07
111,0.33324538574721113,1.0,1.0,0.4795285073688993,0.9585042662144742,5.424848015245232e-09
111,0.33325109973600053,1.0,1.0,0.4809958477534434,0.9584878315121741,8.584698729663387e-09
111,0.3331419694107085,1.0,1.0,0.4811316562836099,0.9588018120313877,0.0003155072180544005
111,0.333250907228149,1.0,1.0,0.4809460651277814,0.9584883851983866,5.644824052630781e-09
111,0.3334751076026594,1.0,1.0,0.5117798868374276,0.9581573298546371,0.0003133509384040112
111,0.3332637817103559,1.0,1.0,0.48441089825413264,0.9584513573474739,1.5414471247199302e-06
111,0.33336601712088487,1.0,1.0,0.5117798868374276,0.9581574231650315,9.33103944111835e-08
111,0.33336021815383,1.0,1.0,0.510156042200581,0.9581741051289556,1.4338301546068521e-08
111,0.3332513379071898,1.0,1.0,0.48108803899143454,0.9584871464911102,3.541692233932636e-07
111,0.33326298618975264,1.0,1.0,0.4842158473715695,0.9584536452337119,1.6679184638990208e-06
111,0.3334742556388257,1.0,1.0,0.5117798868374276,0.9581573298546371,0.0003109038276837284
111,0.33325634145213445,1.0,1.0,0.48251698402775123,0.9584727556666744,1.9049080263178197e-06
111,0.33335377992572185,1.0,1.0,0.5084870640138882,0.9581925964855549,1.1761575459123819e-06
111,0.33336055114929836,1.0,1.0,0.5103143041762663,0.958173133665919,6.665785505788335e-07
111,0.33326331214641874,1.0,1.0,0.48425451659119434,0.9584527077937283,1.1590729434018954e-06
111,0.33336047912183514,1.0,1.0,0.5101578978052853,0.9581740859192038,7.452258047324634e-07
111,0.33314839643550376,1.0,1.0,0.4535482487851739,0.9588064557234427,2.3140683387046224e-05
111,0.3333663382025614,1.0,1.0,0.5117798868374276,0.9581573298546371,8.295386026979656e-07
111,0.3331426085361432,1.0,1.0,0.45201201484409703,0.9588250124445803,2.5039849540164916e-05
111,0.33336549685265277,1.0,1.0,0.5116876955994365,0.9581589185173456,6.381578099290408e-07
111,0.3332503528200873,1.0,1.0,0.4808028840205203,0.9584899808958858,1.1194839499850673e-09
111,0.33323968809300764,1.0,1.0,0.478064682431121,0.9585207241605709,6.96645078290814e-08
112,0.3332516285275272,1.0,1.0,0.4811316562836099,0.9584863106186546,5.80532133476197e-09
112,0.33336541239508144,1.0,1.0,0.5116015846584478,0.9581591683802871,7.114978162192642e-09
112,0.3332516285275272,1.0,1.0,0.4811316562836099,0.9584863106186546,5.80532133476197e-09
112,0.3332509073242284,1.0,1.0,0.480945323245126,0.958488387849214,2.927168729627283e-09
112,0.3332453907513354,1.0,1.0,0.47952933168296086,0.9585042518212534,2.8424151921058183e-10
112,0.33336602223176404,1.0,1.0,0.5117798868374276,0.9581574084753917,7.862075457332196e-08
112,0.3333662569707948,1.0,1.0,0.5117798868374276,0.9581573298546371,5.960634283930233e-07
112,0.3332516285275272,1.0,1.0,0.4811316562836099,0.9584863106186546,5.80532133476197e-09
112,0.333250907228149,1.0,1.0,0.4809460651277814,0.9584883851983866,5.644824052630781e-09
112,0.3332503528200873,1.0,1.0,0.4808028840205203,0.9584899808958858,1.1194839499850673e-09
112,0.3332452887258645,1.0,1.0,0.47950323110454185,0.9585045452743064,7.581717476057293e-10
112,0.3332452887258645,1.0,1.0,0.47950323110454185,0.9585045452743064,7.581717476057293e-10
112,0.33336633085199774,1.0,1.0,0.5117798868374276,0.9581573298546371,8.084117231188515e-07
112,0.33336633085199774,1.0,1.0,0.5117798868374276,0.9581573298546371,8.084117231188515e-07
112,0.33336601712088487,1.0,1.0,0.5117798868374276,0.9581574231650315,9.33103944111835e-08
112,0.33325109973600053,1.0,1.0,0.4809958477534434,0.9584878315121741,8.584698729663387e-09
112,0.33336021815383,1.0,1.0,0.510156042200581,0.9581741051289556,1.4338301546068521e-08
112,0.3333651846958787,1.0,1.0,0.5115416435983821,0.9581598157190027,2.9078680796601475e-08
112,0.3332453939145041,1.0,1.0,0.4795302650922822,0.9585042427231213,1.6632520916104454e-09
112,0.33336021815383,1.0,1.0,0.510156042200581,0.9581741051289556,1.4338301546068521e-08
112,0.33346862118104764,1.0,1.0,0.5117798868374276,0.9581573298546371,0.00029471956060023174
112,0.33324520140665254,1.0,1.0,0.4794804824666202,0.9585047998865163,3.458221931040839e-09
112,0.33324092773631053,1.0,1.0,0.47838397464754656,0.958517127593396,3.875691301225004e-08
112,0.3333537893052562,1.0,1.0,0.5083904140069555,0.9581925695250083,1.4418169091978683e-07
112,0.3333715545221384,1.0,1.0,0.5117798868374276,0.9581573298546371,1.5821971003249224e-05
112,0.3331419693146291,1.0,1.0,0.4518970749681842,0.9588264040506848,2.459174277491538e-05
112,0.3332515338577516,1.0,1.0,0.48110732569464354,0.9584865829045242,6.156321563643985e-09
112,0.3332449148389614,1.0,1.0,0.47940710400581105,0.9585056237210234,3.0445758136821155e-09
112,0.33335330715390044,1.0,1.0,0.5083862915189562,0.9581939554234985,1.487206874539737e-06
112,0.3333606250305013,1.0,1.0,0.5103143041762663,0.9581729213103551,4.5422298666775163e-07
112,0.33335918661332287,1.0,1.0,0.50994162328544,0.9581770557468463,7.302700940625684e-07
112,0.3331432851859116,1.0,1.0,0.45218476702956434,0.9588229217314181,2.489656202420143e-05
112,0.33314319336298776,1.0,1.0,0.4521612765089872,0.9588232059633798,2.491652432790037e-05
112,0.33346967551424284,1.0,1.0,0.5117798868374276,0.9581573298546371,0.00029774804090176854
112,0.33336021815383,1.0,1.0,0.510156042200581,0.9581741051289556,1.4338301546068521e-08
112,0.333147011004694,1.0,1.0,0.4532396846230514,0.9588101765932222,2.2874340624867706e-05
112,0.3331532486944143,1.0,1.0,0.4548426769180902,0.9587908815072707,2.153080611300151e-05
112,0.3333543437133179,1.0,1.0,0.5085335951142166,0.9581909759364032,3.937225590000537e-08
112,0.3333492871573413,1.0,1.0,0.5072343026106456,0.9582055106796237,1.0439361044500828e-06
112,0.33334301938953703,1.0,1.0,0.5056251784298158,0.9582235275849805,2.240760502258965e-06
113,0.3332516285275272,1.0,1.0,0.4811316562836099,0.9584863106186546,5.80532133476197e-09
113,0.33336541239508144,1.0,1.0,0.5116015846584478,0.9581591683802871,7.114978162192642e-09
113,0.3332516285275272,1.0,1.0,0.4811316562836099,0.9584863106186546,5.80532133476197e-09
113,0.3332509073242284,1.0,1.0,0.480945323245126,0.958488387849214,2.927168729627283e-09
113,0.3332453907513354,1.0,1.0,0.47952933168296086,0.9585042518212534,2.8424151921058183e-10
113,0.33336602223176404,1.0,1.0,0.5117798868374276,0.9581574084753917,7.862075457332196e-08
113,0.3333662569707948,1.0,1.0,0.5117798868374276,0.9581573298546371,5.960634283930233e-07
113,0.3332516285275272,1.0,1.0,0.4811316562836099,0.9584863106186546,5.80532133476197e-09
113,0.333250907228149,1.0,1.0,0.4809460651277814,0.9584883851983866,5.644824052630781e-09
113,0.3332503528200873,1.0,1.0,0.4808028840205203,0.9584899808958858,1.1194839499850673e-09
113,0.3332452887258645,1.0,1.0,0.47950323110454185,0.9585045452743064,7.581717476057293e-10
113,0.3332452887258645,1.0,1.0,0.47950323110454185,0.9585045452743064,7.581717476057293e-10
113,0.33336633085199774,1.0,1.0,0.5117798868374276,0.9581573298546371,8.084117231188515e-07
113,0.33336633085199774,1.0,1.0,0.5117798868374276,0.9581573298546371,8.084117231188515e-07
113,0.33336601712088487,1.0,1.0,0.5117798868374276,0.9581574231650315,9.33103944111835e-08
113,0.3332515338577516,1.0,1.0,0.48110732569464354,0.9584865829045242,6.156321563643985e-09
113,0.33336021815383,1.0,1.0,0.510156042200581,0.9581741051289556,1.4338301546068521e-08
113,0.3333651846958787,1.0,1.0,0.5115416435983821,0.9581598157190027,2.9078680796601475e-08
113,0.3332453939145041,1.0,1.0,0.4795302650922822,0.9585042427231213,1.6632520916104454e-09
113,0.33336021815383,1.0,1.0,0.510156042200581,0.9581741051289556,1.4338301546068521e-08
113,0.33336633085199774,1.0,1.0,0.5117798868374276,0.9581573298546371,8.084117231188515e-07
113,0.3332574516353509,1.0,1.0,0.48275522726679676,0.9584695626987202,1.3638788636249899e-06
113,0.33346823925964647,1.0,1.0,0.5117798868374276,0.9581573298546371,0.00029362251990461274
113,0.33336021815383,1.0,1.0,0.510156042200581,0.9581741051289556,1.4338301546068521e-08
113,0.33346383298735544,1.0,1.0,0.5117798868374276,0.9581573298546371,0.00028096565015733876
113,0.33336602223176404,1.0,1.0,0.5090098450967775,0.9581859885540751,2.8580078683448917e-05
113,0.3333497860285174,1.0,1.0,0.507363907489836,0.958204076687077,9.616349957441983e-07
113,0.33334377366114554,1.0,1.0,0.5058199121521917,0.9582213593704932,2.1118347274251548e-06
113,0.33346928518581087,1.0,1.0,0.5117798868374276,0.9581573298546371,0.00029662685869968897
113,0.33325684866248695,1.0,1.0,0.4825760850194278,0.9584712968900438,1.1041559044855376e-06
113,0.3332517497226705,1.0,1.0,0.48110732569464354,0.9584865767482026,6.147065187978029e-07
113,0.33324522223278186,1.0,1.0,0.47950323110454185,0.958504736526626,1.9201049139550008e-07
113,0.3334737530282645,1.0,1.0,0.5117798868374276,0.9581573298546371,0.00030946016465494
113,0.33324643686256045,1.0,1.0,0.4797991261413225,0.9585012429307054,1.8630908926731138e-08
113,0.3332563369788376,1.0,1.0,0.4824049349675096,0.9584727685322456,6.699440173729698e-07
113,0.3332515338577516,1.0,1.0,0.48441089825413264,0.9584865829045242,3.6767004174986795e-05
113,0.3332445673032794,1.0,1.0,0.47936979313120043,0.9585066202873529,5.776072669050336e-07
113,0.33336136629052593,1.0,1.0,0.5104519372373616,0.9581710431045356,2.52380843890343e-07
113,0.33324520150273196,1.0,1.0,0.4794797405839648,0.9585048082149646,1.206302102652046e-08
113,0.33336687970501205,1.0,1.0,0.5117798868374276,0.9581573298546371,2.385914244840137e-06
114,0.3332516285275272,1.0,1.0,0.4811316562836099,0.9584863106186546,5.80532133476197e-09
114,0.33336541239508144,1.0,1.0,0.5116015846584478,0.9581591683802871,7.114978162192642e-09
114,0.3332516285275272,1.0,1.0,0.4811316562836099,0.9584863106186546,5.80532133476197e-09
114,0.3332509073242284,1.0,1.0,0.480945323245126,0.958488387849214,2.927168729627283e-09
114,0.3332453907513354,1.0,1.0,0.47952933168296086,0.9585042518212534,2.8424151921058183e-10
114,0.33336602223176404,1.0,1.0,0.5117798868374276,0.9581574084753917,7.862075457332196e-08
114,0.3333662569707948,1.0,1.0,0.5117798868374276,0.9581573298546371,5.960634283930233e-07
114,0.3332516285275272,1.0,1.0,0.4811316562836099,0.9584863106186546,5.80532133476197e-09
114,0.333250907228149,1.0,1.0,0.4809460651277814,0.9584883851983866,5.644824052630781e-09
114,0.3332503528200873,1.0,1.0,0.4808028840205203,0.9584899808958858,1.1194839499850673e-09
114,0.3332452887258645,1.0,1.0,0.47950323110454185,0.9585045452743064,7.581717476057293e-10
114,0.3332452887258645,1.0,1.0,0.47950323110454185,0.9585045452743064,7.581717476057293e-10
114,0.33336633085199774,1.0,1.0,0.5117798868374276,0.9581573298546371,8.084117231188515e-07
114,0.33336633085199774,1.0,1.0,0.5117798868374276,0.9581573298546371,8.084117231188515e-07
114,0.33336601712088487,1.0,1.0,0.5117798868374276,0.9581574231650315,9.33103944111835e-08
114,0.3332515338577516,1.0,1.0,0.48110732569464354,0.9584865829045242,6.156321563643985e-09
114,0.33336021815383,1.0,1.0,0.510156042200581,0.9581741051289556,1.4338301546068521e-08
114,0.3333651846958787,1.0,1.0,0.5115416435983821,0.9581598157190027,2.9078680796601475e-08
114,0.3332453939145041,1.0,1.0,0.4795302650922822,0.9585042427231213,1.6632520916104454e-09
114,0.33336021815383,1.0,1.0,0.510156042200581,0.9581741051289556,1.4338301546068521e-08
114,0.3331519730734459,1.0,1.0,0.45451323696061086,0.9587948399114922,2.181813412072131e-05
114,0.3333499136908645,1.0,1.0,0.5073963050601632,0.9582037097255869,9.324871792504297e-07
114,0.33326244967700536,1.0,1.0,0.4840287796043562,0.9584551882296218,1.1369017374196488e-06
114,0.33314786213649045,1.0,1.0,0.4533580509530964,0.9588087488751997,2.3896148621416202e-05
114,0.33314802971053636,1.0,1.0,0.4533805490505385,0.9588084775596639,2.4107103554382725e-05
114,0.33335457826154913,1.0,1.0,0.5087150637820458,0.9581903017533784,1.2512830322997104e-06
114,0.33314787238740845,1.0,1.0,0.45334001821662034,0.958808966353071,2.4143128181552953e-05
114,0.3332499635429908,1.0,1.0,0.48080421931662204,0.9584910994110187,1.1334519789407693e-06
114,0.3333526385744017,1.0,1.0,0.508193770133885,0.9581958771986949,1.4062751640953053e-06
114,0.3332503528200873,1.0,1.0,0.5117798868374276,0.9584899797764018,0.0003326499217647383
114,0.3333653177253058,1.0,1.0,0.5115772540694815,0.9581594333653378,1.4039564733003829e-08
114,0.3333653177253058,1.0,1.0,0.5115772540694815,0.9581594333653378,1.4039564733003829e-08
114,0.33336740510749074,1.0,1.0,0.5117798868374276,0.9581573298546371,3.8960108328378595e-06
114,0.3333549731897723,1.0,1.0,0.5086956957494679,0.9581892517295785,8.515168159473063e-08
114,0.33335458850799077,1.0,1.0,0.5086972932722433,0.9581902723011335,1.0371722922730697e-06
114,0.33336667131473297,1.0,1.0,0.5117798868374276,0.9581573298546371,1.7869636215195328e-06
114,0.3332508019163025,1.0,1.0,0.4809711843225281,0.9584886880939258,5.89410699913806e-07
114,0.3331482867121339,1.0,1.0,0.453568456886141,0.9588062121526448,2.2581334480409332e-05
114,0.33346439695399777,1.0,1.0,0.5117798868374276,0.9581573298546371,0.0002825856441363017
114,0.33336021815383,1.0,1.0,0.4827308966778304,0.9584684695713581,0.000294378780704041
115,0.3332516285275272,1.0,1.0,0.4811316562836099,0.9584863106186546,5.80532133476197e-09
115,0.33336541239508144,1.0,1.0,0.5116015846584478,0.9581591683802871,7.114978162192642e-09
115,0.3332516285275272,1.0,1.0,0.4811316562836099,0.9584863106186546,5.80532133476197e-09
115,0.3332509073242284,1.0,1.0,0.480945323245126,0.958488387849214,2.927168729627283e-09
115,0.3332453907513354,1.0,1.0,0.47952933168296086,0.9585042518212534,2.8424151921058183e-10
115,0.33336602223176404,1.0,1.0,0.5117798868374276,0.9581574084753917,7.862075457332196e-08
115,0.3333662569707948,1.0,1.0,0.5117798868374276,0.9581573298546371,5.960634283930233e-07
115,0.3332516285275272,1.0,1.0,0.4811316562836099,0.9584863106186546,5.80532133476197e-09
115,0.333250907228149,1.0,1.0,0.4809460651277814,0.9584883851983866,5.644824052630781e-09
115,0.3332503528200873,1.0,1.0,0.4808028840205203,0.9584899808958858,1.1194839499850673e-09
115,0.3333653177253058,1.0,1.0,0.5115772540694815,0.9581594333653378,1.4039564733003829e-08
115,0.3333653177253058,1.0,1.0,0.5115772540694815,0.9581594333653378,1.4039564733003829e-08
115,0.3332452887258645,1.0,1.0,0.47950323110454185,0.9585045452743064,7.581717476057293e-10
115,0.3332452887258645,1.0,1.0,0.47950323110454185,0.9585045452743064,7.581717476057293e-10
115,0.33336601712088487,1.0,1.0,0.5117798868374276,0.9581574231650315,9.33103944111835e-08
115,0.33336633085199774,1.0,1.0,0.5117798868374276,0.9581573298546371,8.084117231188515e-07
115,0.33336633085199774,1.0,1.0,0.5117798868374276,0.9581573298546371,8.084117231188515e-07
115,0.3332515338577516,1.0,1.0,0.48110732569464354,0.9584865829045242,6.156321563643985e-09
115,0.3332453939145041,1.0,1.0,0.4795302650922822,0.9585042427231213,1.6632520916104454e-09
115,0.33336021815383,1.0,1.0,0.510156042200581,0.9581741051289556,1.4338301546068521e-08
115,0.33335395632334086,1.0,1.0,0.5085533235592019,0.9581920894482485,1.3579746360736777e-06
115,0.333246042997473,1.0,1.0,0.4796979648269177,0.958502375787892,1.6662223711882973e-08
115,0.3331412960437863,1.0,1.0,0.4516509625570656,0.9588293853008802,2.563527672216903e-05
115,0.3331409084971451,1.0,1.0,0.45162392856932526,0.9588297128986616,2.4847487103629717e-05
115,0.3332453907513354,1.0,1.0,0.45210219309725735,0.9588239209468008,0.0003196691255473727
115,0.33326143646384193,1.0,1.0,0.4838268145307999,0.9584581022163725,1.8105429748782598e-06
115,0.3333662569707948,1.0,1.0,0.5115975173462761,0.9581592103294113,2.4765382026226135e-06
115,0.3333548793292661,1.0,1.0,0.5087369613121155,0.9581894363688179,6.134303172089517e-07
115,0.33325219240769804,1.0,1.0,0.48127745848817566,0.9584846888096005,1.3206144622301963e-08
115,0.3331429729720089,1.0,1.0,0.4520826661240127,0.9588241572736516,2.5233540887792394e-05
115,0.33336633085199774,1.0,1.0,0.5115772540694815,0.9581594193257731,2.8978828591208483e-06
115,0.33325056559362937,1.0,1.0,0.48085765877689896,0.958489368220325,4.1980097176264053e-10
115,0.3332452887258645,1.0,1.0,0.4811316562836099,0.9585045452743064,1.824046097309573e-05
115,0.33346440206487693,1.0,1.0,0.5117798868374276,0.9581573298546371,0.00028260032510984967
115,0.333246042997473,1.0,1.0,0.4796979648269177,0.958502375787892,1.6662223711882973e-08
115,0.3332632959151778,1.0,1.0,0.4841745818089219,0.9584527544741668,3.197386502229449e-07
115,0.3332565409746442,1.0,1.0,0.4825525944988507,0.9584721818238068,1.7275610679767794e-06
115,0.33336538421838846,1.0,1.0,0.5115772540694815,0.9581594193257731,1.7707498167762736e-07
115,0.3331423389918426,1.0,1.0,0.4519198236061059,0.9588261285916715,2.5380234931260404e-05
115,0.3333589165526818,1.0,1.0,0.510156042200581,0.9581778319849977,3.7268560421077623e-06
116,0.3332516285275272,1.0,1.0,0.4811316562836099,0.9584863106186546,5.80532133476197e-09
116,0.33336541239508144,1.0,1.0,0.5116015846584478,0.9581591683802871,7.114978162192642e-09
116,0.3332516285275272,1.0,1.0,0.4811316562836099,0.9584863106186546,5.80532133476197e-09
116,0.3332509073242284,1.0,1.0,0.480945323245126,0.958488387849214,2.927168729627283e-09
116,0.3332453907513354,1.0,1.0,0.47952933168296086,0.9585042518212534,2.8424151921058183e-10
116,0.33336602223176404,1.0,1.0,0.5117798868374276,0.9581574084753917,7.862075457332196e-08
116,0.3333662569707948,1.0,1.0,0.5117798868374276,0.9581573298546371,5.960634283930233e-07
116,0.3332516285275272,1.0,1.0,0.4811316562836099,0.9584863106186546,5.80532133476197e-09
116,0.333250907228149,1.0,1.0,0.4809460651277814,0.9584883851983866,5.644824052630781e-09
116,0.33325056559362937,1.0,1.0,0.48085765877689896,0.958489368220325,4.1980097176264053e-10
116,0.3333653177253058,1.0,1.0,0.5115772540694815,0.9581594333653378,1.4039564733003829e-08
116,0.3333653177253058,1.0,1.0,0.5115772540694815,0.9581594333653378,1.4039564733003829e-08
116,0.33325219240769804,1.0,1.0,0.48127745848817566,0.9584846888096005,1.3206144622301963e-08
116,0.33336601712088487,1.0,1.0,0.5117798868374276,0.9581574231650315,9.33103944111835e-08
116,0.33336633085199774,1.0,1.0,0.5117798868374276,0.9581573298546371,8.084117231188515e-07
116,0.33336633085199774,1.0,1.0,0.5117798868374276,0.9581573298546371,8.084117231188515e-07
116,0.3332515338577516,1.0,1.0,0.48110732569464354,0.9584865829045242,6.156321563643985e-09
116,0.3332503528200873,1.0,1.0,0.4808028840205203,0.9584899808958858,1.1194839499850673e-09
116,0.3332452887258645,1.0,1.0,0.47950323110454185,0.9585045452743064,7.581717476057293e-10
116,0.3332452887258645,1.0,1.0,0.47950323110454185,0.9585045452743064,7.581717476057293e-10
116,0.33336596680827474,1.0,1.0,0.511744953804117,0.9581576899925777,1.2221950118629366e-07
116,0.3332452933256558,1.0,1.0,0.4795032311045419,0.9585045445161346,1.2472085142434253e-08
116,0.33326210614656365,1.0,1.0,0.4839498815829518,0.9584561762163359,1.2498376980030201e-06
116,0.3332530377286381,1.0,1.0,0.4814598279793271,0.9584826386854364,3.8114302336467176e-07
116,0.3333605664410471,1.0,1.0,0.510180646443207,0.9581738504262893,7.607132076481449e-07
116,0.33326451806615076,1.0,1.0,0.48451007081425235,0.9584492396266525,5.222531560544752e-07
116,0.3333544835917735,1.0,1.0,0.5086907331930794,0.9581905738710941,1.2705724258266216e-06
116,0.3333598452377483,1.0,1.0,0.4811316562836099,0.9584863048133333,0.00031114215235183984
116,0.3331486741937141,1.0,1.0,0.4535482487851739,0.9588064557234427,2.3940056032123458e-05
116,0.3332570288149548,1.0,1.0,0.4825186373698193,0.9584708323490844,5.3590554660587486e-08
116,0.33335884150472234,1.0,1.0,0.5097891952756499,0.9581780476963632,1.4304909856655001e-07
116,0.33336633085199774,1.0,1.0,0.5117798868374276,0.9581573298546371,8.084117231188515e-07
116,0.3332453907513354,1.0,1.0,0.47952933168296086,0.9585042518212534,2.8424151921058183e-10
116,0.33314802502427365,1.0,1.0,0.45338121674492826,0.9588084695078717,2.4085564918174818e-05
116,0.3332514560811633,1.0,1.0,0.48110653708886314,0.95848680660292,2.2104043606585577e-07
116,0.3331429684478638,1.0,1.0,0.45210219309725735,0.9588239209468008,2.49841933647188e-05
116,0.33347016334532475,1.0,1.0,0.5117798868374276,0.9581573298546371,0.00029914928672847285
116,0.33325707920736497,1.0,1.0,0.4827308966778304,0.9584706338264172,2.1642550590561527e-06
116,0.33336454095737145,1.0,1.0,0.47950323110454185,0.9585045445161346,0.0003428785572537896
116,0.33326306278707174,1.0,1.0,0.4841964793389916,0.9584534249423334,1.2329427256929648e-06
117,0.3332516285275272,1.0,1.0,0.4811316562836099,0.9584863106186546,5.80532133476197e-09
117,0.33336541239508144,1.0,1.0,0.5116015846584478,0.9581591683802871,7.114978162192642e-09
117,0.3332516285275272,1.0,1.0,0.4811316562836099,0.9584863106186546,5.80532133476197e-09
117,0.3332509073242284,1.0,1.0,0.480945323245126,0.958488387849214,2.927168729627283e-09
117,0.3332453907513354,1.0,1.0,0.47952933168296086,0.9585042518212534,2.8424151921058183e-10
117,0.33336602223176404,1.0,1.0,0.5117798868374276,0.9581574084753917,7.862075457332196e-08
117,0.3333662569707948,1.0,1.0,0.5117798868374276,0.9581573298546371,5.960634283930233e-07
117,0.3332516285275272,1.0,1.0,0.4811316562836099,0.9584863106186546,5.80532133476197e-09
117,0.333250907228149,1.0,1.0,0.4809460651277814,0.9584883851983866,5.644824052630781e-09
117,0.33325056559362937,1.0,1.0,0.48085765877689896,0.958489368220325,4.1980097176264053e-10
117,0.3332453907513354,1.0,1.0,0.47952933168296086,0.9585042518212534,2.8424151921058183e-10
117,0.33336633085199774,1.0,1.0,0.5117798868374276,0.9581573298546371,8.084117231188515e-07
117,0.33336633085199774,1.0,1.0,0.5117798868374276,0.9581573298546371,8.084117231188515e-07
117,0.3332452887258645,1.0,1.0,0.47950323110454185,0.9585045452743064,7.581717476057293e-10
117,0.3332452887258645,1.0,1.0,0.47950323110454185,0.9585045452743064,7.581717476057293e-10
117,0.3333653177253058,1.0,1.0,0.5115772540694815,0.9581594333653378,1.4039564733003829e-08
117,0.33336601712088487,1.0,1.0,0.5117798868374276,0.9581574231650315,9.33103944111835e-08
117,0.33325219240769804,1.0,1.0,0.48127745848817566,0.9584846888096005,1.3206144622301963e-08
117,0.3332503528200873,1.0,1.0,0.4808028840205203,0.9584899808958858,1.1194839499850673e-09
117,0.3332515338577516,1.0,1.0,0.48110732569464354,0.9584865829045242,6.156321563643985e-09
117,0.3332451083933338,1.0,1.0,0.47952933168296086,0.9585050639602389,8.124232270256826e-07
117,0.33325258516803524,1.0,1.0,0.48137825403964973,0.9584835591716465,9.495472852449893e-09
117,0.3334703548415126,1.0,1.0,0.5117798868374276,0.9581573298546371,0.0002996993391899405
117,0.3333560087562466,1.0,1.0,0.5090109588188264,0.9581861899746622,2.1298446539752547e-07
117,0.3332565409746442,1.0,1.0,0.4825525944988507,0.9584721818238068,1.7275610679767794e-06
117,0.3332526819944475,1.0,1.0,0.48140322073142416,0.9584832806846936,9.849476456658124e-09
117,0.3333662569707948,1.0,1.0,0.5117798868374276,0.9581573298546371,5.960634283930233e-07
117,0.33324697116946267,1.0,1.0,0.47993616189906557,0.9584997061310563,1.8602921869614875e-08
117,0.333262654999578,1.0,1.0,0.4809460651277814,0.9584883795535626,3.3781826601297915e-05
117,0.33314128828082634,1.0,1.0,0.45165002914774427,0.958829396611519,2.5624245023503356e-05
117,0.33346835266212577,1.0,1.0,0.5117798868374276,0.9581573298546371,0.00029394826031758914
117,0.33325227761049614,1.0,1.0,0.48129935601824536,0.9584844437532793,1.278007677463222e-08
117,0.3333706744789494,1.0,1.0,0.5117798868374276,0.9581573298546371,1.3292636631301313e-05
117,0.3333604746181233,1.0,1.0,0.5101571559226299,0.9581740935993748,7.399610197911244e-07
117,0.3332452887258645,1.0,1.0,0.45321947652208433,0.9588104203876451,0.0003058751133386828
117,0.33314761125981623,1.0,1.0,0.453274251278463,0.9588097596063168,2.418486719424351e-05
117,0.33325184132881924,1.0,1.0,0.4811868914104377,0.9584856985676488,1.1032850077974388e-08
117,0.3332520328250071,1.0,1.0,0.4812361886911785,0.9584851477942438,1.1102338048907257e-08
117,0.33334834508514855,1.0,1.0,0.5071127391813968,0.9582082186539609,2.4836719855203526e-06
117,0.33346897196578595,1.0,1.0,0.48110732569464354,0.9584865767482026,0.0006249740549092442
118,0.3332516285275272,1.0,1.0,0.4811316562836099,0.9584863106186546,5.80532133476197e-09
118,0.33336541239508144,1.0,1.0,0.5116015846584478,0.9581591683802871,7.114978162192642e-09
118,0.3332516285275272,1.0,1.0,0.4811316562836099,0.9584863106186546,5.80532133476197e-09
118,0.3332509073242284,1.0,1.0,0.480945323245126,0.958488387849214,2.927168729627283e-09
118,0.3332453907513354,1.0,1.0,0.47952933168296086,0.9585042518212534,2.8424151921058183e-10
118,0.33336602223176404,1.0,1.0,0.5117798868374276,0.9581574084753917,7.862075457332196e-08
118,0.3333662569707948,1.0,1.0,0.5117798868374276,0.9581573298546371,5.960634283930233e-07
118,0.3332516285275272,1.0,1.0,0.4811316562836099,0.9584863106186546,5.80532133476197e-09
118,0.333250907228149,1.0,1.0,0.4809460651277814,0.9584883851983866,5.644824052630781e-09
118,0.33325056559362937,1.0,1.0,0.48085765877689896,0.958489368220325,4.1980097176264053e-10
118,0.3332453907513354,1.0,1.0,0.47952933168296086,0.9585042518212534,2.8424151921058183e-10
118,0.3333662569707948,1.0,1.0,0.5117798868374276,0.9581573298546371,5.960634283930233e-07
118,0.3332452887258645,1.0,1.0,0.47950323110454185,0.9585045452743064,7.581717476057293e-10
118,0.3332452887258645,1.0,1.0,0.47950323110454185,0.9585045452743064,7.581717476057293e-10
118,0.33336633085199774,1.0,1.0,0.5117798868374276,0.9581573298546371,8.084117231188515e-07
118,0.33336633085199774,1.0,1.0,0.5117798868374276,0.9581573298546371,8.084117231188515e-07
118,0.3333653177253058,1.0,1.0,0.5115772540694815,0.9581594333653378,1.4039564733003829e-08
118,0.33336601712088487,1.0,1.0,0.5117798868374276,0.9581574231650315,9.33103944111835e-08
118,0.3332526819944475,1.0,1.0,0.48140322073142416,0.9584832806846936,9.849476456658124e-09
118,0.3332503528200873,1.0,1.0,0.4808028840205203,0.9584899808958858,1.1194839499850673e-09
118,0.33324548257425923,1.0,1.0,0.47955282220353795,0.9585039878734191,1.5975964995362801e-10
118,0.3332470708427267,1.0,1.0,0.4799619686592293,0.9584994194464839,2.1261816640638642e-08
118,0.3334694964509386,1.0,1.0,0.5117798868374276,0.9581573298546371,0.00029723369850154224
118,0.33325172035045103,1.0,1.0,0.481155146804187,0.9584860465209475,4.236439643534595e-09
118,0.33314850174735017,1.0,1.0,0.4535231295904272,0.9588067585074251,2.374654914949481e-05
118,0.3331477416292081,1.0,1.0,0.4533626576293454,0.9588086933196558,2.349377830990207e-05
118,0.33346986047404836,1.0,1.0,0.5117798868374276,0.9581573298546371,0.00029827931986403655
118,0.3333653177253058,1.0,1.0,0.5115772540694815,0.9581594333653378,1.4039564733003829e-08
118,0.33325132096998805,1.0,1.0,0.4810527582622055,0.9584871952053661,8.510488425095275e-09
118,0.33325675223977186,1.0,1.0,0.4825525944988507,0.9584715742089696,1.1199462307542873e-06
118,0.33325828246925193,1.0,1.0,0.48284164694780396,0.958467237282007,6.410830477587837e-08
118,0.33336517691082396,1.0,1.0,0.5115975173462761,0.958159838094845,6.277654336361849e-07
118,0.33314109999333297,1.0,1.0,0.4516732258500661,0.9588291155329692,2.480126168202812e-05
118,0.333359676910273,1.0,1.0,0.5100698961732335,0.9581756464843612,6.494454245498105e-07
118,0.333250907228149,1.0,1.0,0.4809460651277814,0.9584883851983866,5.644824052630781e-09
118,0.3332633026369817,1.0,1.0,0.4841964793389916,0.9584527351425111,5.431429033198043e-07
118,0.33336687970501205,1.0,1.0,0.5117798868374276,0.9581573298546371,2.385914244840137e-06
118,0.3332477170788438,1.0,1.0,0.48012882832547554,0.9584975607182482,3.286643845967774e-08
118,0.3334691989002982,1.0,1.0,0.5117798868374276,0.9581573298546371,0.0002963790112167075
118,0.33325056559362937,1.0,1.0,0.48085765877689896,0.958489368220325,4.1980097176264053e-10
119,0.33336541239508144,1.0,1.0,0.5116015846584478,0.9581591683802871,7.114978162192642e-09
119,0.3332509073242284,1.0,1.0,0.480945323245126,0.958488387849214,2.927168729627283e-09
119,0.33336602223176404,1.0,1.0,0.5117798868374276,0.9581574084753917,7.862075457332196e-08
119,0.3333662569707948,1.0,1.0,0.5117798868374276,0.9581573298546371,5.960634283930233e-07
119,0.33325056559362937,1.0,1.0,0.48085765877689896,0.958489368220325,4.1980097176264053e-10
119,0.3333662569707948,1.0,1.0,0.5117798868374276,0.9581573298546371,5.960634283930233e-07
119,0.33324548257425923,1.0,1.0,0.47955282220353795,0.9585039878734191,1.5975964995362801e-10
119,0.33325172035045103,1.0,1.0,0.481155146804187,0.9584860465209475,4.236439643534595e-09
119,0.33325056559362937,1.0,1.0,0.48085765877689896,0.958489368220325,4.1980097176264053e-10
119,0.33336633085199774,1.0,1.0,0.5117798868374276,0.9581573298546371,8.084117231188515e-07
119,0.33336633085199774,1.0,1.0,0.5117798868374276,0.9581573298546371,8.084117231188515e-07
119,0.3332453907513354,1.0,1.0,0.47952933168296086,0.9585042518212534,2.8424151921058183e-10
119,0.3332453907513354,1.0,1.0,0.47952933168296086,0.9585042518212534,2.8424151921058183e-10
119,0.3333653177253058,1.0,1.0,0.5115772540694815,0.9581594333653378,1.4039564733003829e-08
119,0.33336601712088487,1.0,1.0,0.5117798868374276,0.9581574231650315,9.33103944111835e-08
119,0.3332526819944475,1.0,1.0,0.48140322073142416,0.9584832806846936,9.849476456658124e-09
119,0.3332503528200873,1.0,1.0,0.4808028840205203,0.9584899808958858,1.1194839499850673e-09
119,0.333250907228149,1.0,1.0,0.4809460651277814,0.9584883851983866,5.644824052630781e-09
119,0.3332516285275272,1.0,1.0,0.4811316562836099,0.9584863106186546,5.80532133476197e-09
119,0.3333653177253058,1.0,1.0,0.5115772540694815,0.9581594333653378,1.4039564733003829e-08
119,0.33325077685875704,1.0,1.0,0.48085765877689896,0.958489368220325,6.080564282084922e-07
119,0.33337197451388234,1.0,1.0,0.5117798868374276,0.9581573298546371,1.7029065637497176e-05
119,0.33314319860246405,1.0,1.0,0.45221382270813487,0.9588225701876596,2.4295828011777765e-05
119,0.3334701455339075,1.0,1.0,0.5117798868374276,0.9581573298546371,0.00029909812529205215
119,0.33325118968223,1.0,1.0,0.480945323245126,0.958488387849214,8.150378902893607e-07
119,0.33336632625220647,1.0,1.0,0.5117798868374276,0.9581573298546371,7.951910716563759e-07
119,0.33314812144698874,1.0,1.0,0.45340470726550536,0.9588081862429305,2.4079799945564417e-05
119,0.33325172035045103,1.0,1.0,0.45367913124257764,0.9588048784241937,0.00031883190324621946
119,0.3333603528961736,1.0,1.0,0.510302193969143,0.9581737035021806,1.111095576988852e-06
119,0.33314324493688996,1.0,1.0,0.45217292566477285,0.9588230650079165,2.492400041709253e-05
119,0.3332503556669391,1.0,1.0,0.4808037240889095,0.9584899715883268,8.959299968580581e-11
119,0.33325847921605584,1.0,1.0,0.4829578981580784,0.9584666073205758,6.63141620504959e-07
119,0.3332453907513354,1.0,1.0,0.45311531799065025,0.9588116771944226,0.00030742537316919005
119,0.33326312842328626,1.0,1.0,0.48426258516304477,0.9584532361748129,1.7768773170612207e-06
119,0.33324663071095517,1.0,1.0,0.5117798868374276,0.9585006853739002,0.00034335551926312213
119,0.3332453906648639,1.0,1.0,0.4795299993773507,0.9585042520699689,8.027559506018633e-09
119,0.33347419199259487,1.0,1.0,0.5117798868374276,0.9581573298546371,0.000310721014992299
119,0.33326220861254885,1.0,1.0,0.4839498815829518,0.9584558815259885,9.5514735054536e-07
119,0.33336594949972714,1.0,1.0,0.5117003211216334,0.9581581501752054,5.3265404920122e-07
119,0.33325150908532336,1.0,1.0,0.481155146804187,0.958486654154134,6.118696261880885e-07
120,0.33336541239508144,1.0,1.0,0.5116015846584478,0.9581591683802871,7.114978162192642e-09
120,0.3332509073242284,1.0,1.0,0.480945323245126,0.958488387849214,2.927168729627283e-09
120,0.33336602223176404,1.0,1.0,0.5117798868374276,0.9581574084753917,7.862075457332196e-08
120,0.3333662569707948,1.0,1.0,0.5117798868374276,0.9581573298546371,5.960634283930233e-07
120,0.33325056559362937,1.0,1.0,0.48085765877689896,0.958489368220325,4.1980097176264053e-10
120,0.3333662569707948,1.0,1.0,0.5117798868374276,0.9581573298546371,5.960634283930233e-07
120,0.33325172035045103,1.0,1.0,0.481155146804187,0.9584860465209475,4.236439643534595e-09
120,0.33325056559362937,1.0,1.0,0.48085765877689896,0.958489368220325,4.1980097176264053e-10
120,0.3332503556669391,1.0,1.0,0.4808037240889095,0.9584899715883268,8.959299968580581e-11
120,0.3333653177253058,1.0,1.0,0.5115772540694815,0.9581594333653378,1.4039564733003829e-08
120,0.3332526819944475,1.0,1.0,0.48140322073142416,0.9584832806846936,9.849476456658124e-09
120,0.3333653177253058,1.0,1.0,0.5115772540694815,0.9581594333653378,1.4039564733003829e-08
120,0.33336601712088487,1.0,1.0,0.5117798868374276,0.9581574231650315,9.33103944111835e-08
120,0.33336632625220647,1.0,1.0,0.5117798868374276,0.9581573298546371,7.951910716563759e-07
120,0.333250907228149,1.0,1.0,0.4809460651277814,0.9584883851983866,5.644824052630781e-09
120,0.3332516285275272,1.0,1.0,0.4811316562836099,0.9584863106186546,5.80532133476197e-09
120,0.33324548257425923,1.0,1.0,0.47955282220353795,0.9585039878734191,1.5975964995362801e-10
120,0.3332503528200873,1.0,1.0,0.4808028840205203,0.9584899808958858,1.1194839499850673e-09
120,0.33336633085199774,1.0,1.0,0.5117798868374276,0.9581573298546371,8.084117231188515e-07
120,0.33336633085199774,1.0,1.0,0.5117798868374276,0.9581573298546371,8.084117231188515e-07
120,0.3332510908944299,1.0,1.0,0.4809727773130355,0.9584880808718386,2.239297766104542e-07
120,0.3331467226354296,1.0,1.0,0.4531160598733056,0.9588116682413608,2.3536069783336444e-05
120,0.3334697900616342,1.0,1.0,0.5117798868374276,0.9581573298546371,0.00029807706715634374
120,0.3332623757093309,1.0,1.0,0.484029447298746,0.9584554009590095,1.3570356732772737e-06
120,0.3331468093574312,1.0,1.0,0.4530667625925648,0.9588122632027387,2.4380614898400488e-05
120,0.33325263216447376,1.0,1.0,0.48133751629533844,0.9584840046966024,5.806936212993108e-07
120,0.3333632214683816,1.0,1.0,0.5110369510296681,0.9581654584701224,4.6239388939994797e-07
120,0.3332503557534106,1.0,1.0,0.48080305639451965,0.9584899789676783,7.628059517372776e-09
120,0.33335565135541717,1.0,1.0,0.5089719584733441,0.9581872172754943,8.353212326284165e-07
120,0.33336510883409887,1.0,1.0,0.511483991800647,0.9581603813782249,3.4761688116891065e-07
120,0.3332618334992325,1.0,1.0,0.4839498815829518,0.9584569603460845,2.0339674465796875e-06
120,0.3333653176388343,1.0,1.0,0.5115779217638713,0.9581594336138743,2.1174905828758028e-08
120,0.33336693404578677,1.0,1.0,0.5117798868374276,0.9581573298546371,2.5420991464075726e-06
120,0.3331473335016059,1.0,1.0,0.453274251278463,0.9588097596063168,2.3385489448246588e-05
120,0.333250907228149,1.0,1.0,0.48085765877689896,0.958489368220325,9.830219384054928e-07
120,0.3334695338893036,1.0,1.0,0.5117798868374276,0.9581573298546371,0.0002973412367086592
120,0.3331480688482921,1.0,1.0,0.4534638845251172,0.9588074727249349,2.3214905433333044e-05
120,0.33314740917698094,1.0,1.0,0.4532766003305207,0.9588097312705273,2.357494469129584e-05
120,0.33314718722114645,1.0,1.0,0.45321947652208433,0.9588104203876451,2.3625280546779592e-05
120,0.3334745028126392,1.0,1.0,0.5117798868374276,0.9581573298546371,0.0003116137906677974
121,0.33336541239508144,1.0,1.0,0.5116015846584478,0.9581591683802871,7.114978162192642e-09
121,0.3332509073242284,1.0,1.0,0.480945323245126,0.958488387849214,2.927168729627283e-09
121,0.33336602223176404,1.0,1.0,0.5117798868374276,0.9581574084753917,7.862075457332196e-08
121,0.3333662569707948,1.0,1.0,0.5117798868374276,0.9581573298546371,5.960634283930233e-07
121,0.33325056559362937,1.0,1.0,0.48085765877689896,0.958489368220325,4.1980097176264053e-10
121,0.3333662569707948,1.0,1.0,0.5117798868374276,0.9581573298546371,5.960634283930233e-07
121,0.33325172035045103,1.0,1.0,0.481155146804187,0.9584860465209475,4.236439643534595e-09
121,0.33325056559362937,1.0,1.0,0.48085765877689896,0.958489368220325,4.1980097176264053e-10
121,0.3332503556669391,1.0,1.0,0.4808037240889095,0.9584899715883268,8.959299968580581e-11
121,0.3333653177253058,1.0,1.0,0.5115772540694815,0.9581594333653378,1.4039564733003829e-08
121,0.3332526819944475,1.0,1.0,0.48140322073142416,0.9584832806846936,9.849476456658124e-09
121,0.3333653177253058,1.0,1.0,0.5115772540694815,0.9581594333653378,1.4039564733003829e-08
121,0.33336601712088487,1.0,1.0,0.5117798868374276,0.9581574231650315,9.33103944111835e-08
121,0.33336632625220647,1.0,1.0,0.5117798868374276,0.9581573298546371,7.951910716563759e-07
121,0.333250907228149,1.0,1.0,0.4809460651277814,0.9584883851983866,5.644824052630781e-09
121,0.3332516285275272,1.0,1.0,0.4811316562836099,0.9584863106186546,5.80532133476197e-09
121,0.33324548257425923,1.0,1.0,0.47955282220353795,0.9585039878734191,1.5975964995362801e-10
121,0.3332503528200873,1.0,1.0,0.4808028840205203,0.9584899808958858,1.1194839499850673e-09
121,0.33336633085199774,1.0,1.0,0.5117798868374276,0.9581573298546371,8.084117231188515e-07
121,0.33336633085199774,1.0,1.0,0.5117798868374276,0.9581573298546371,8.084117231188515e-07
121,0.333147337641418,1.0,1.0,0.453274251278463,0.9588097596063168,2.339740368251242e-05
121,0.3332507814585483,1.0,1.0,0.48085765877689896,0.958489368220325,6.212862492249727e-07
121,0.33325057477592174,1.0,1.0,0.4808600078289566,0.9584893419473429,5.567645233739427e-10
121,0.33335468309129496,1.0,1.0,0.5087222915555996,0.9581900004321413,1.0250652404675265e-06
121,0.3332456834051286,1.0,1.0,0.4796037401450799,0.9585034164147506,6.344548109105119e-09
121,0.33334780285225996,1.0,1.0,0.5069538602108224,0.9582097773023284,2.3841745796504554e-06
121,0.33347033340523413,1.0,1.0,0.5117798868374276,0.9581573298546371,0.00029963776578811885
121,0.33326235059626486,1.0,1.0,0.4839498815829518,0.9584554731836509,5.468050129353585e-07
121,0.333371788328736,1.0,1.0,0.5117798868374276,0.9581573298546371,1.6493952895935138e-05
121,0.3333653177253058,1.0,1.0,0.5117798868374276,0.9581594333653378,2.1035107007350007e-06
121,0.33336594941325565,1.0,1.0,0.5117009888160232,0.9581581432905907,5.255208987975379e-07
121,0.333359329043594,1.0,1.0,0.5098620169473996,0.9581771501291513,5.037706303223644e-07
121,0.33337059694919713,1.0,1.0,0.5117798868374276,0.9581573298546371,1.306980753257303e-05
121,0.3332503543285017,1.0,1.0,0.48085765877689896,0.9584899754379216,6.072175965377014e-07
121,0.33335581726005875,1.0,1.0,0.5089616615380856,0.958186740404541,2.515241668277213e-07
121,0.3333657147606964,1.0,1.0,0.4811316562836099,0.9584863048133333,0.00032801260674952815
121,0.33326409321462847,1.0,1.0,0.4843999902986625,0.9584504614763074,5.247315654210993e-07
121,0.3332624198776765,1.0,1.0,0.4839498815829518,0.958455273931818,3.4755318001344904e-07
121,0.3333560938771917,1.0,1.0,0.5090336932778533,0.9581859453062271,2.04362707756367e-07
121,0.3333544750595362,1.0,1.0,0.5086328892749961,0.9581905983960666,6.939553609530691e-07
122,0.33336541239508144,1.0,1.0,0.5116015846584478,0.9581591683802871,7.114978162192642e-09
122,0.3332509073242284,1.0,1.0,0.480945323245126,0.958488387849214,2.927168729627283e-09
122,0.33336602223176404,1.0,1.0,0.5117798868374276,0.9581574084753917,7.862075457332196e-08
122,0.3333662569707948,1.0,1.0,0.5117798868374276,0.9581573298546371,5.960634283930233e-07
122,0.33325056559362937,1.0,1.0,0.48085765877689896,0.958489368220325,4.1980097176264053e-10
122,0.3333662569707948,1.0,1.0,0.5117798868374276,0.9581573298546371,5.960634283930233e-07
122,0.33325172035045103,1.0,1.0,0.481155146804187,0.9584860465209475,4.236439643534595e-09
122,0.33325056559362937,1.0,1.0,0.48085765877689896,0.958489368220325,4.1980097176264053e-10
122,0.3332503556669391,1.0,1.0,0.4808037240889095,0.9584899715883268,8.959299968580581e-11
122,0.33325057477592174,1.0,1.0,0.4808600078289566,0.9584893419473429,5.567645233739427e-10
122,0.3333653177253058,1.0,1.0,0.5115772540694815,0.9581594333653378,1.4039564733003829e-08
122,0.3332526819944475,1.0,1.0,0.48140322073142416,0.9584832806846936,9.849476456658124e-09
122,0.3333653177253058,1.0,1.0,0.5115772540694815,0.9581594333653378,1.4039564733003829e-08
122,0.33336601712088487,1.0,1.0,0.5117798868374276,0.9581574231650315,9.33103944111835e-08
122,0.33336632625220647,1.0,1.0,0.5117798868374276,0.9581573298546371,7.951910716563759e-07
122,0.333250907228149,1.0,1.0,0.4809460651277814,0.9584883851983866,5.644824052630781e-09
122,0.3332516285275272,1.0,1.0,0.4811316562836099,0.9584863106186546,5.80532133476197e-09
122,0.33324548257425923,1.0,1.0,0.47955282220353795,0.9585039878734191,1.5975964995362801e-10
122,0.3332503528200873,1.0,1.0,0.4808028840205203,0.9584899808958858,1.1194839499850673e-09
122,0.33336633085199774,1.0,1.0,0.5117798868374276,0.9581573298546371,8.084117231188515e-07
122,0.3332506412690044,1.0,1.0,0.4808600078289566,0.9584893419473429,1.9180294064113923e-07
122,0.33326337651818455,1.0,1.0,0.4841964793389916,0.9584525226629956,3.306633878930043e-07
122,0.3331481215334602,1.0,1.0,0.4534040395711155,0.958808194294195,2.408810007059614e-05
122,0.33336541230860994,1.0,1.0,0.5116022523528376,0.9581591615138455,1.9930168626558498e-11
122,0.3332627228354244,1.0,1.0,0.4840287796043562,0.9584544026328983,3.513050138570506e-07
122,0.3332510711810106,1.0,1.0,0.4809881147639413,0.9584879136412734,4.255114149920303e-09
122,0.33325172035045103,1.0,1.0,0.508528730743562,0.9584860465209475,0.0002950593867619977
122,0.3332615029569246,1.0,1.0,0.4838268145307999,0.9584579109826625,1.6193092648997265e-06
122,0.3333565590296278,1.0,1.0,0.5091543279644956,0.9581846082918103,1.196377877876742e-07
122,0.33325057477592174,1.0,1.0,0.5069538602108224,0.9584893413905784,0.0002819482628296788
122,0.33335508769661737,1.0,1.0,0.5115772540694815,0.958188837441723,2.941811594991961e-05
122,0.3331460416466172,1.0,1.0,0.452924337546854,0.9588139825691677,2.3890524417979897e-05
122,0.3334695995064434,1.0,1.0,0.5117798868374276,0.9581573298546371,0.00029752971575636167
122,0.33326129841969565,1.0,1.0,0.48377369355082395,0.9584584992307594,1.6180988937630758e-06
122,0.3333528032309987,1.0,1.0,0.5082375553156641,0.9581954039065241,1.388547005820584e-06
122,0.3333658142168662,1.0,1.0,0.5117046933100764,0.9581581050936703,9.874349249372472e-08
122,0.3332640034120391,1.0,1.0,0.4843780927685928,0.9584507197440234,5.403956189198311e-07
122,0.333469413033857,1.0,1.0,0.5117798868374276,0.9581573298546371,0.000296994090638214
122,0.3333646686423369,1.0,1.0,0.511409554334846,0.9581612989648639,1.4955609184408303e-07
122,0.33324896839043217,1.0,1.0,0.4804455510392306,0.958493980011781,1.8341737906268918e-08
123,0.33336602223176404,1.0,1.0,0.5117798868374276,0.9581574084753917,7.862075457332196e-08
123,0.3333662569707948,1.0,1.0,0.5117798868374276,0.9581573298546371,5.960634283930233e-07
123,0.3333662569707948,1.0,1.0,0.5117798868374276,0.9581573298546371,5.960634283930233e-07
123,0.33336541230860994,1.0,1.0,0.5116022523528376,0.9581591615138455,1.9930168626558498e-11
123,0.33336601712088487,1.0,1.0,0.5117798868374276,0.9581574231650315,9.33103944111835e-08
123,0.33336632625220647,1.0,1.0,0.5117798868374276,0.9581573298546371,7.951910716563759e-07
123,0.33336541239508144,1.0,1.0,0.5116015846584478,0.9581591683802871,7.114978162192642e-09
123,0.3332509073242284,1.0,1.0,0.480945323245126,0.958488387849214,2.927168729627283e-09
123,0.33325056559362937,1.0,1.0,0.48085765877689896,0.958489368220325,4.1980097176264053e-10
123,0.33325172035045103,1.0,1.0,0.481155146804187,0.9584860465209475,4.236439643534595e-09
123,0.33325056559362937,1.0,1.0,0.48085765877689896,0.958489368220325,4.1980097176264053e-10
123,0.3332503556669391,1.0,1.0,0.4808037240889095,0.9584899715883268,8.959299968580581e-11
123,0.33325057477592174,1.0,1.0,0.4808600078289566,0.9584893419473429,5.567645233739427e-10
123,0.33336633085199774,1.0,1.0,0.5117798868374276,0.9581573298546371,8.084117231188515e-07
123,0.33324548257425923,1.0,1.0,0.47955282220353795,0.9585039878734191,1.5975964995362801e-10
123,0.3333653177253058,1.0,1.0,0.5115772540694815,0.9581594333653378,1.4039564733003829e-08
123,0.3333658142168662,1.0,1.0,0.5117046933100764,0.9581581050936703,9.874349249372472e-08
123,0.3332526819944475,1.0,1.0,0.48140322073142416,0.9584832806846936,9.849476456658124e-09
123,0.3332503528200873,1.0,1.0,0.4808028840205203,0.9584899808958858,1.1194839499850673e-09
123,0.3332516285275272,1.0,1.0,0.4811316562836099,0.9584863106186546,5.80532133476197e-09
123,0.33336532975445,1.0,1.0,0.5115804431899285,0.9581593987911428,1.2358829404313099e-08
123,0.33314802971053636,1.0,1.0,0.4533805490505385,0.9588084775596639,2.4107103554382725e-05
123,0.33324974312221683,1.0,1.0,0.4806971868158172,0.9584917333840485,5.699712832818449e-07
123,0.3334687893521691,1.0,1.0,0.5117798868374276,0.9581573298546371,0.00029520261878757115
123,0.33335426118147216,1.0,1.0,0.5086127423916681,0.9581912131653179,1.0993272494541628e-06
123,0.33335563632826065,1.0,1.0,0.5089866282298601,0.958187260469092,1.0308445491657992e-06
123,0.33335489718197286,1.0,1.0,0.5087771779000823,0.9581893850533127,9.799618123640386e-07
123,0.3332505656714537,1.0,1.0,0.48085705785194816,0.9584893749413995,7.364712506507942e-09
123,0.33314771327042625,1.0,1.0,0.4533200279230094,0.9588092074522091,2.392629547409708e-05
123,0.33346857724879553,1.0,1.0,0.5117798868374276,0.9581573298546371,0.0002945933686157032
123,0.33347012539033627,1.0,1.0,0.5117798868374276,0.9581573298546371,0.0002990402649800661
123,0.33324715063650634,1.0,1.0,0.47998227005935945,0.9584991899402718,1.9359254532780312e-08
123,0.33336602223176404,1.0,1.0,0.5117798868374276,0.9581574084753917,7.862075457332196e-08
123,0.3332509732544575,1.0,1.0,0.48092768200357267,0.9584885851165361,3.898214198105876e-07
123,0.3332505573295662,1.0,1.0,0.4808555446300471,0.9584893918661513,2.9667490686335896e-10
123,0.3332456651878761,1.0,1.0,0.479620496378154,0.9585034624678791,2.340933624722652e-07
123,0.33346978848398867,1.0,1.0,0.5117798868374276,0.9581573298546371,0.0002980725355243852
123,0.33314761787994196,1.0,1.0,0.4532758442689704,0.9588097403906118,2.4184703947383035e-05
123,0.3333556184609179,1.0,1.0,0.5089830379118109,0.958187311826439,1.0449208219798223e-06
123,0.33324548257425923,1.0,1.0,0.47955282220353795,0.9585039878734191,1.5975964995362801e-10
124,0.33336602223176404,1.0,1.0,0.5117798868374276,0.9581574084753917,7.862075457332196e-08
124,0.3333662569707948,1.0,1.0,0.5117798868374276,0.9581573298546371,5.960634283930233e-07
124,0.3333662569707948,1.0,1.0,0.5117798868374276,0.9581573298546371,5.960634283930233e-07
124,0.33336541230860994,1.0,1.0,0.5116022523528376,0.9581591615138455,1.9930168626558498e-11
124,0.33336602223176404,1.0,1.0,0.5117798868374276,0.9581574084753917,7.862075457332196e-08
124,0.33336632625220647,1.0,1.0,0.5117798868374276,0.9581573298546371,7.951910716563759e-07
124,0.33336541239508144,1.0,1.0,0.5116015846584478,0.9581591683802871,7.114978162192642e-09
124,0.3332509073242284,1.0,1.0,0.480945323245126,0.958488387849214,2.927168729627283e-09
124,0.33325056559362937,1.0,1.0,0.48085765877689896,0.958489368220325,4.1980097176264053e-10
124,0.33325172035045103,1.0,1.0,0.481155146804187,0.9584860465209475,4.236439643534595e-09
124,0.33325056559362937,1.0,1.0,0.48085765877689896,0.958489368220325,4.1980097176264053e-10
124,0.3332503556669391,1.0,1.0,0.4808037240889095,0.9584899715883268,8.959299968580581e-11
124,0.33325057477592174,1.0,1.0,0.4808600078289566,0.9584893419473429,5.567645233739427e-10
124,0.3332505573295662,1.0,1.0,0.4808555446300471,0.9584893918661513,2.9667490686335896e-10
124,0.33336601712088487,1.0,1.0,0.5117798868374276,0.9581574231650315,9.33103944111835e-08
124,0.33336633085199774,1.0,1.0,0.5117798868374276,0.9581573298546371,8.084117231188515e-07
124,0.33324548257425923,1.0,1.0,0.47955282220353795,0.9585039878734191,1.5975964995362801e-10
124,0.33324548257425923,1.0,1.0,0.47955282220353795,0.9585039878734191,1.5975964995362801e-10
124,0.33336532975445,1.0,1.0,0.5115804431899285,0.9581593987911428,1.2358829404313099e-08
124,0.3333658142168662,1.0,1.0,0.5117046933100764,0.9581581050936703,9.874349249372472e-08
124,0.3331469713591397,1.0,1.0,0.45310890059588516,0.958811754640507,2.4338289156711213e-05
124,0.3333662569707948,1.0,1.0,0.4517228169490622,0.9588285146900238,0.0006717808988151441
124,0.3334683925822809,1.0,1.0,0.5117798868374276,0.9581573298546371,0.0002940629280208107
124,0.3332398685756866,1.0,1.0,0.5116022523528376,0.9585201353613755,0.0003609738674601459
124,0.33314758540642997,1.0,1.0,0.45328605082657675,0.9588096172743916,2.3968130246188046e-05
124,0.33325047130805385,1.0,1.0,0.4808334981369929,0.9584896389831005,5.283634640917967e-10
124,0.33337090556943083,1.0,1.0,0.5117798868374276,0.9581573298546371,1.3956815665627786e-05
124,0.3333539194508731,1.0,1.0,0.508525077923441,0.9581921954344235,1.1703250696326606e-06
124,0.33336559835194723,1.0,1.0,0.5117046933100764,0.9581586267882217,5.216945514474602e-07
124,0.3333493852845173,1.0,1.0,0.5073807133111619,0.9582052286152052,2.288803155892083e-06
124,0.3333665134656145,1.0,1.0,0.5117798868374276,0.9581573298546371,1.3332767597740158e-06
124,0.3333493889487892,1.0,1.0,0.5073828274580138,0.9582052180823392,2.30031467840508e-06
124,0.3333526785071065,1.0,1.0,0.5082055181577443,0.9581957624152976,1.4137294561678004e-06
124,0.33325029241792015,1.0,1.0,0.4808600078289566,0.9584901535042969,8.115569539723921e-07
124,0.3333712085271787,1.0,1.0,0.5117798868374276,0.9581573298546371,1.4827547600959612e-05
124,0.33314218739186385,1.0,1.0,0.5117798868374276,0.9588011846694563,0.0006438548148192114
124,0.3332495331177022,1.0,1.0,0.4806438530527785,0.95849233739867,5.771719312486212e-07
124,0.33324548257425923,1.0,1.0,0.47955282220353795,0.9585039878734191,1.5975964995362801e-10
124,0.3334696085652698,1.0,1.0,0.5115804431899285,0.9581593864323134,0.0002996123140516227
124,0.3332456938393869,1.0,1.0,0.47955282220353795,0.9585039878734191,6.078149236143915e-07
125,0.33336602223176404,1.0,1.0,0.5117798868374276,0.9581574084753917,7.862075457332196e-08
125,0.3333662569707948,1.0,1.0,0.5117798868374276,0.9581573298546371,5.960634283930233e-07
125,0.3333662569707948,1.0,1.0,0.5117798868374276,0.9581573298546371,5.960634283930233e-07
125,0.33336541230860994,1.0,1.0,0.5116022523528376,0.9581591615138455,1.9930168626558498e-11
125,0.33336602223176404,1.0,1.0,0.5117798868374276,0.9581574084753917,7.862075457332196e-08
125,0.33336632625220647,1.0,1.0,0.5117798868374276,0.9581573298546371,7.951910716563759e-07
125,0.33336541239508144,1.0,1.0,0.5116015846584478,0.9581591683802871,7.114978162192642e-09
125,0.3332509073242284,1.0,1.0,0.480945323245126,0.958488387849214,2.927168729627283e-09
125,0.33325056559362937,1.0,1.0,0.48085765877689896,0.958489368220325,4.1980097176264053e-10
125,0.33325172035045103,1.0,1.0,0.481155146804187,0.9584860465209475,4.236439643534595e-09
125,0.33325056559362937,1.0,1.0,0.48085765877689896,0.958489368220325,4.1980097176264053e-10
125,0.3332503556669391,1.0,1.0,0.4808037240889095,0.9584899715883268,8.959299968580581e-11
125,0.33325057477592174,1.0,1.0,0.4808600078289566,0.9584893419473429,5.567645233739427e-10
125,0.3332505573295662,1.0,1.0,0.4808555446300471,0.9584893918661513,2.9667490686335896e-10
125,0.33336601712088487,1.0,1.0,0.5117798868374276,0.9581574231650315,9.33103944111835e-08
125,0.33336633085199774,1.0,1.0,0.5117798868374276,0.9581573298546371,8.084117231188515e-07
125,0.33324548257425923,1.0,1.0,0.47955282220353795,0.9585039878734191,1.5975964995362801e-10
125,0.33324548257425923,1.0,1.0,0.47955282220353795,0.9585039878734191,1.5975964995362801e-10
125,0.33336532975445,1.0,1.0,0.5115804431899285,0.9581593987911428,1.2358829404313099e-08
125,0.33325047130805385,1.0,1.0,0.4808334981369929,0.9584896389831005,5.283634640917967e-10
125,0.33336582624601035,1.0,1.0,0.5117078824305233,0.9581580722110433,1.0043495757283694e-07
125,0.33325044878802024,1.0,1.0,0.4808275828116768,0.9584897046197529,8.648902705132855e-10
125,0.3333662569707948,1.0,1.0,0.45332323881754455,0.9588091687253124,0.0006524349341037183
125,0.3333532273601208,1.0,1.0,0.508365990118826,0.9581941847835612,1.505428484649407e-06
125,0.3333582181291108,1.0,1.0,0.5096285829766609,0.9581798394770727,2.70194289497816e-07
125,0.3333542025066238,1.0,1.0,0.5085977319490192,0.9581913818199308,1.1119631662115381e-06
125,0.33337059183831796,1.0,1.0,0.5117798868374276,0.9581573298546371,1.3055118295968171e-05
125,0.3334701985604203,1.0,1.0,0.5117798868374276,0.9581573298546371,0.0002992504383978467
125,0.3333653251546587,1.0,1.0,0.5115804431899285,0.9581594120118736,2.557956024773489e-08
125,0.3333541781927038,1.0,1.0,0.508611115062028,0.9581914517077259,1.3209554700077675e-06
125,0.33347064202546783,1.0,1.0,0.5117798868374276,0.9581573298546371,0.0003005242434165334
125,0.3333653348892488,1.0,1.0,0.5115824105090888,0.9581593840326924,1.789171122368316e-08
125,0.3333550295636773,1.0,1.0,0.5087753284996018,0.9581890045378492,5.802321882963923e-07
125,0.33336525700274283,1.0,1.0,0.5116194148763458,0.9581596078943121,6.234047192910097e-07
125,0.333467660772209,1.0,1.0,0.5117798868374276,0.9581573298546371,0.00029196085316751663
125,0.3333654866938254,1.0,1.0,0.5116212129050661,0.9581589659462209,1.823037865111843e-08
125,0.3332504807366114,1.0,1.0,0.4808359142009835,0.9584896118648359,4.3433046048590995e-10
125,0.33324539771724127,1.0,1.0,0.4795310776276225,0.9585042319395095,1.5409273856903383e-10
125,0.33325129385729074,1.0,1.0,0.48099336917312385,0.9584878506390448,5.774529668878259e-07
125,0.33325047130805385,1.0,1.0,0.5084199248068155,0.9584896389831005,0.0002975205346353871
126,0.33336602223176404,1.0,1.0,0.5117798868374276,0.9581574084753917,7.862075457332196e-08
126,0.3333662569707948,1.0,1.0,0.5117798868374276,0.9581573298546371,5.960634283930233e-07
126,0.3333662569707948,1.0,1.0,0.5117798868374276,0.9581573298546371,5.960634283930233e-07
126,0.33336541230860994,1.0,1.0,0.5116022523528376,0.9581591615138455,1.9930168626558498e-11
126,0.33336602223176404,1.0,1.0,0.5117798868374276,0.9581574084753917,7.862075457332196e-08
126,0.3333654866938254,1.0,1.0,0.5116212129050661,0.9581589659462209,1.823037865111843e-08
126,0.33336632625220647,1.0,1.0,0.5117798868374276,0.9581573298546371,7.951910716563759e-07
126,0.33336541239508144,1.0,1.0,0.5116015846584478,0.9581591683802871,7.114978162192642e-09
126,0.3332509073242284,1.0,1.0,0.480945323245126,0.958488387849214,2.927168729627283e-09
126,0.33325056559362937,1.0,1.0,0.48085765877689896,0.958489368220325,4.1980097176264053e-10
126,0.33325172035045103,1.0,1.0,0.481155146804187,0.9584860465209475,4.236439643534595e-09
126,0.33325056559362937,1.0,1.0,0.48085765877689896,0.958489368220325,4.1980097176264053e-10
126,0.3332503556669391,1.0,1.0,0.4808037240889095,0.9584899715883268,8.959299968580581e-11
126,0.33325057477592174,1.0,1.0,0.4808600078289566,0.9584893419473429,5.567645233739427e-10
126,0.3332505573295662,1.0,1.0,0.4808555446300471,0.9584893918661513,2.9667490686335896e-10
126,0.33336601712088487,1.0,1.0,0.5117798868374276,0.9581574231650315,9.33103944111835e-08
126,0.33336633085199774,1.0,1.0,0.5117798868374276,0.9581573298546371,8.084117231188515e-07
126,0.33324539771724127,1.0,1.0,0.4795310776276225,0.9585042319395095,1.5409273856903383e-10
126,0.3332504807366114,1.0,1.0,0.4808359142009835,0.9584896118648359,4.3433046048590995e-10
126,0.33336582624601035,1.0,1.0,0.5117078824305233,0.9581580722110433,1.0043495757283694e-07
126,0.3332504137899175,1.0,1.0,0.4808188497039778,0.9584898044158661,2.1112751547036623e-09
126,0.3334691716831561,1.0,1.0,0.5117798868374276,0.9581573298546371,0.0002963008323632055
126,0.33347001083872974,1.0,1.0,0.5117798868374276,0.9581573298546371,0.0002987112272795356
126,0.3332571814394162,1.0,1.0,0.482755958548603,0.9584703397999893,2.1491175842269783e-06
126,0.3333654206591446,1.0,1.0,0.5116036988052998,0.95815914657574,9.063007899712261e-09
126,0.33325145165527587,1.0,1.0,0.481105194281257,0.958486819332511,2.1876136491183473e-07
126,0.33314858448406104,1.0,1.0,0.4535435291762912,0.9588065126114647,2.3738764819425384e-05
126,0.3333663391160609,1.0,1.0,0.5117798868374276,0.9581573298546371,8.321641691289017e-07
126,0.3332621272936891,1.0,1.0,0.48394797885078517,0.9584561153975651,1.167913614263938e-06
126,0.33325189673762934,1.0,1.0,0.4812199507704008,0.9584855392030588,2.2107831121331856e-07
126,0.3332621570624524,1.0,1.0,0.4839013403637613,0.9584560297831246,5.649463474810545e-07
126,0.33335397805567946,1.0,1.0,0.5085406291985457,0.9581920269808528,1.1635419759903343e-06
126,0.33324622432846596,1.0,1.0,0.47969154958870425,0.958502431102128,5.768690934937482e-07
126,0.33347046052910345,1.0,1.0,0.5117798868374276,0.9581573298546371,0.0003000029152995243
126,0.3333541666253982,1.0,1.0,0.5085884954954953,0.9581914849567278,1.11909314959302e-06
126,0.33325048081443576,1.0,1.0,0.4808353132760327,0.9584896181519729,6.510974093210109e-09
126,0.3333536118155096,1.0,1.0,0.5084467808269876,0.958193079702039,1.2405198610565549e-06
126,0.33324539771724127,1.0,1.0,0.4795310776276225,0.9585042319395095,1.5409273856903383e-10
126,0.3332627129278001,1.0,1.0,0.4808359142009835,0.9584896114305055,3.518030355198487e-05
126,0.3333609502403534,1.0,1.0,0.5104562028432895,0.9581719865659801,9.875862647668043e-07
127,0.33336602223176404,1.0,1.0,0.5117798868374276,0.9581574084753917,7.862075457332196e-08
127,0.3333662569707948,1.0,1.0,0.5117798868374276,0.9581573298546371,5.960634283930233e-07
127,0.3333662569707948,1.0,1.0,0.5117798868374276,0.9581573298546371,5.960634283930233e-07
127,0.33336541230860994,1.0,1.0,0.5116022523528376,0.9581591615138455,1.9930168626558498e-11
127,0.33336602223176404,1.0,1.0,0.5117798868374276,0.9581574084753917,7.862075457332196e-08
127,0.3333654866938254,1.0,1.0,0.5116212129050661,0.9581589659462209,1.823037865111843e-08
127,0.3333654206591446,1.0,1.0,0.5116036988052998,0.95815914657574,9.063007899712261e-09
127,0.33336632625220647,1.0,1.0,0.5117798868374276,0.9581573298546371,7.951910716563759e-07
127,0.33336541239508144,1.0,1.0,0.5116015846584478,0.9581591683802871,7.114978162192642e-09
127,0.3332509073242284,1.0,1.0,0.480945323245126,0.958488387849214,2.927168729627283e-09
127,0.33325056559362937,1.0,1.0,0.48085765877689896,0.958489368220325,4.1980097176264053e-10
127,0.33325172035045103,1.0,1.0,0.481155146804187,0.9584860465209475,4.236439643534595e-09
127,0.33325056559362937,1.0,1.0,0.48085765877689896,0.958489368220325,4.1980097176264053e-10
127,0.3332503556669391,1.0,1.0,0.4808037240889095,0.9584899715883268,8.959299968580581e-11
127,0.33325057477592174,1.0,1.0,0.4808600078289566,0.9584893419473429,5.567645233739427e-10
127,0.3332505573295662,1.0,1.0,0.4808555446300471,0.9584893918661513,2.9667490686335896e-10
127,0.33336601712088487,1.0,1.0,0.5117798868374276,0.9581574231650315,9.33103944111835e-08
127,0.33336633085199774,1.0,1.0,0.5117798868374276,0.9581573298546371,8.084117231188515e-07
127,0.33324539771724127,1.0,1.0,0.4795310776276225,0.9585042319395095,1.5409273856903383e-10
127,0.33324539771724127,1.0,1.0,0.4795310776276225,0.9585042319395095,1.5409273856903383e-10
127,0.3331467933488427,1.0,1.0,0.5117798868374276,0.9587879286601453,0.0006305988055081979
127,0.33336603155852174,1.0,1.0,0.5117798868374276,0.9581573816685154,5.181387829900075e-08
127,0.33346947616357764,1.0,1.0,0.5117798868374276,0.9581573298546371,0.0002971754249416758
127,0.3333656860134796,1.0,1.0,0.5116015846584478,0.9581591683802871,7.935485707433187e-07
127,0.3333663263300308,1.0,1.0,0.5117792859124768,0.9581573360495261,8.016096423313357e-07
127,0.3332623377008352,1.0,1.0,0.4840414327753832,0.9584555102706352,1.599260707974004e-06
127,0.3333544719681593,1.0,1.0,0.5086876640313748,0.9581906072818879,1.272089269588328e-06
127,0.3334695928635498,1.0,1.0,0.5117798868374276,0.9581573298546371,0.00029751063467431393
127,0.3331464574212238,1.0,1.0,0.4529769981563808,0.9588133467664322,2.445131424166913e-05
127,0.33347013109627066,1.0,1.0,0.5117798868374276,0.9581573298546371,0.00029905665468343834
127,0.33336137114301473,1.0,1.0,0.5105859638030787,0.9581707767763258,1.1198535248002628e-06
127,0.33334845220318465,1.0,1.0,0.507122313824563,0.9582079107437799,2.2756660134071183e-06
127,0.3333543802755391,1.0,1.0,0.5086087660099704,0.9581908708422681,7.156742387603998e-07
127,0.33334927889223365,1.0,1.0,0.5072821848606939,0.9582055344375022,1.567126577395328e-06
127,0.3332611755203553,1.0,1.0,0.48374266643139985,0.9584588526890246,1.6272250261684107e-06
127,0.33325014440181144,1.0,1.0,0.4808037240889095,0.95849057922649,6.077277561189476e-07
127,0.333468475145088,1.0,1.0,0.5117798868374276,0.9581573298546371,0.00029430008351161163
127,0.33336650421590885,1.0,1.0,0.5117798868374276,0.9581573298546371,1.3066914225090542e-06
127,0.3334689633725852,1.0,1.0,0.5117798868374276,0.9581573298546371,0.0002957024780959605
127,0.33325042993987486,1.0,1.0,0.4808025167060007,0.958489985004737,2.2703913193922176e-07
128,0.3333662569707948,1.0,1.0,0.5117798868374276,0.9581573298546371,5.960634283930233e-07
128,0.3333662569707948,1.0,1.0,0.5117798868374276,0.9581573298546371,5.960634283930233e-07
128,0.33336541230860994,1.0,1.0,0.5116022523528376,0.9581591615138455,1.9930168626558498e-11
128,0.3333654866938254,1.0,1.0,0.5116212129050661,0.9581589659462209,1.823037865111843e-08
128,0.3333654206591446,1.0,1.0,0.5116036988052998,0.95815914657574,9.063007899712261e-09
128,0.33336603155852174,1.0,1.0,0.5117798868374276,0.9581573816685154,5.181387829900075e-08
128,0.33336632625220647,1.0,1.0,0.5117798868374276,0.9581573298546371,7.951910716563759e-07
128,0.33336541239508144,1.0,1.0,0.5116015846584478,0.9581591683802871,7.114978162192642e-09
128,0.3332509073242284,1.0,1.0,0.480945323245126,0.958488387849214,2.927168729627283e-09
128,0.33325056559362937,1.0,1.0,0.48085765877689896,0.958489368220325,4.1980097176264053e-10
128,0.33325172035045103,1.0,1.0,0.481155146804187,0.9584860465209475,4.236439643534595e-09
128,0.33325056559362937,1.0,1.0,0.48085765877689896,0.958489368220325,4.1980097176264053e-10
128,0.3332503556669391,1.0,1.0,0.4808037240889095,0.9584899715883268,8.959299968580581e-11
128,0.33325057477592174,1.0,1.0,0.4808600078289566,0.9584893419473429,5.567645233739427e-10
128,0.3332505573295662,1.0,1.0,0.4808555446300471,0.9584893918661513,2.9667490686335896e-10
128,0.33336602223176404,1.0,1.0,0.5117798868374276,0.9581574084753917,7.862075457332196e-08
128,0.33336602223176404,1.0,1.0,0.5117798868374276,0.9581574084753917,7.862075457332196e-08
128,0.33336633085199774,1.0,1.0,0.5117798868374276,0.9581573298546371,8.084117231188515e-07
128,0.33324539771724127,1.0,1.0,0.4795310776276225,0.9585042319395095,1.5409273856903383e-10
128,0.33324539771724127,1.0,1.0,0.4795310776276225,0.9585042319395095,1.5409273856903383e-10
128,0.33325055725174185,1.0,1.0,0.4808561455549979,0.9584893917933135,6.648263495279139e-09
128,0.33314225240566137,1.0,1.0,0.4519688115977059,0.9588255354647235,2.4537908446142787e-05
128,0.3331467933488427,1.0,1.0,0.4531174321375021,0.9588116516808846,2.372302073927468e-05
128,0.3333654866938254,1.0,1.0,0.5086895667635414,0.9581893154198783,3.03677040360828e-05
128,0.3333654206591446,1.0,1.0,0.5087385543026229,0.9581888063866328,2.9668873900767778e-05
128,0.33325077685875704,1.0,1.0,0.5117798868374276,0.9584887601638968,0.00033143030925975037
128,0.33347017633919795,1.0,1.0,0.5117798868374276,0.9581573298546371,0.00029918661026917537
128,0.33336541239508144,1.0,1.0,0.4811380823071813,0.9584862329947834,0.0003270717294744374
128,0.33326172038505164,1.0,1.0,0.4839013403637613,0.9584572856611957,1.8208244185746736e-06
128,0.33324491573309645,1.0,1.0,0.4793882710884972,0.9585058351881892,2.170835241566138e-07
128,0.33326157571950416,1.0,1.0,0.48379120765059036,0.958457701718004,1.014941116816992e-06
128,0.33336631330505007,1.0,1.0,0.5117798868374276,0.9581573298546371,7.579785460398725e-07
128,0.3333493170856444,1.0,1.0,0.5073610828820982,0.9582054246513542,2.28014537317911e-06
128,0.333469908593702,1.0,1.0,0.5117798868374276,0.9581573298546371,0.00029841753876902466
128,0.3332509667554411,1.0,1.0,0.4809610859349157,0.9584882139874267,2.3913359070704132e-09
128,0.33336602223176404,1.0,1.0,0.5085277929952438,0.9581909968830982,3.3588407706508505e-05
128,0.3332622908759727,1.0,1.0,0.48399395165889153,0.9584556449379785,1.2073593310679698e-06
128,0.33336653341262173,1.0,1.0,0.5117798868374276,0.9581573298546371,1.3906080830183853e-06
128,0.3332620427496462,1.0,1.0,0.48393081632727697,0.9584563585448316,1.2206874354658837e-06
128,0.3334693842752465,1.0,1.0,0.5117798868374276,0.9581573298546371,0.0002969114841575582
129,0.3333662569707948,1.0,1.0,0.5117798868374276,0.9581573298546371,5.960634283930233e-07
129,0.3333662569707948,1.0,1.0,0.5117798868374276,0.9581573298546371,5.960634283930233e-07
129,0.33336541230860994,1.0,1.0,0.5116022523528376,0.9581591615138455,1.9930168626558498e-11
129,0.3333654866938254,1.0,1.0,0.5116212129050661,0.9581589659462209,1.823037865111843e-08
129,0.3333654206591446,1.0,1.0,0.5116036988052998,0.95815914657574,9.063007899712261e-09
129,0.33336603155852174,1.0,1.0,0.5117798868374276,0.9581573816685154,5.181387829900075e-08
129,0.33336631330505007,1.0,1.0,0.5117798868374276,0.9581573298546371,7.579785460398725e-07
129,0.33336541239508144,1.0,1.0,0.5116015846584478,0.9581591683802871,7.114978162192642e-09
129,0.33325056559362937,1.0,1.0,0.48085765877689896,0.958489368220325,4.1980097176264053e-10
129,0.33325172035045103,1.0,1.0,0.481155146804187,0.9584860465209475,4.236439643534595e-09
129,0.33325056559362937,1.0,1.0,0.48085765877689896,0.958489368220325,4.1980097176264053e-10
129,0.3332503556669391,1.0,1.0,0.4808037240889095,0.9584899715883268,8.959299968580581e-11
129,0.33325057477592174,1.0,1.0,0.4808600078289566,0.9584893419473429,5.567645233739427e-10
129,0.3332505573295662,1.0,1.0,0.4808555446300471,0.9584893918661513,2.9667490686335896e-10
129,0.3332509667554411,1.0,1.0,0.4809610859349157,0.9584882139874267,2.3913359070704132e-09
129,0.33336602223176404,1.0,1.0,0.5117798868374276,0.9581574084753917,7.862075457332196e-08
129,0.33336602223176404,1.0,1.0,0.5117798868374276,0.9581574084753917,7.862075457332196e-08
129,0.33336632625220647,1.0,1.0,0.5117798868374276,0.9581573298546371,7.951910716563759e-07
129,0.33324539771724127,1.0,1.0,0.4795310776276225,0.9585042319395095,1.5409273856903383e-10
129,0.33324539771724127,1.0,1.0,0.4795310776276225,0.9585042319395095,1.5409273856903383e-10
129,0.33314760637506524,1.0,1.0,0.45332725569656307,0.9588091202778508,2.353148060907362e-05
129,0.3334693151053395,1.0,1.0,0.5117798868374276,0.9581573298546371,0.0002967127998623198
129,0.33324540936968206,1.0,1.0,0.4795310776276225,0.9585042319395095,3.366967449291991e-08
129,0.3334694022823747,1.0,1.0,0.5117798868374276,0.9581573298546371,0.0002969632079894424
129,0.3333654040445468,1.0,1.0,0.5116001382059857,0.9581591852664236,1.9678793039545894e-09
129,0.3333660906305904,1.0,1.0,0.511776239440792,0.9581573674555173,1.5557133226096198e-07
129,0.33336179481606676,1.0,1.0,0.5106345050222693,0.9581695590268943,4.040273875460798e-07
129,0.3333719473406836,1.0,1.0,0.5117798868374276,0.9581573298546371,1.695096747422742e-05
129,0.33325685024553947,1.0,1.0,0.48085765877689896,0.958489368220325,1.8075883257084868e-05
129,0.33325718655029535,1.0,1.0,0.481155146804187,0.9584860422845078,1.5717183754704322e-05
129,0.33336541322148777,1.0,1.0,0.511601796073133,0.958159166199827,7.309775784669625e-09
129,0.33314757377806975,1.0,1.0,0.4808037240889095,0.95878568261011,0.00029571111137616235
129,0.33336168260111404,1.0,1.0,0.5105878665352455,0.9581698815623176,2.4431523248935605e-07
129,0.33326248975796124,1.0,1.0,0.4840429660251669,0.958455072957723,1.1789505210968443e-06
129,0.3333649304109366,1.0,1.0,0.5114587781193225,0.9581606415112789,9.49247185300095e-08
129,0.33337103436614385,1.0,1.0,0.5117798868374276,0.9581573298546371,1.4326990947721718e-05
129,0.33336602223176404,1.0,1.0,0.5117798868374276,0.9581574084753917,7.862075457332196e-08
129,0.3333648623289582,1.0,1.0,0.511460626691432,0.9581607422684478,1.1982972036861383e-07
129,0.33324539771724127,1.0,1.0,0.48085575604473224,0.9585042317854168,1.4842283854066274e-05
129,0.3332582926573371,1.0,1.0,0.48291452777751803,0.9584671438722704,7.173164965346146e-07
130,0.3333662569707948,1.0,1.0,0.5117798868374276,0.9581573298546371,5.960634283930233e-07
130,0.3333662569707948,1.0,1.0,0.5117798868374276,0.9581573298546371,5.960634283930233e-07
130,0.33336541230860994,1.0,1.0,0.5116022523528376,0.9581591615138455,1.9930168626558498e-11
130,0.3333654866938254,1.0,1.0,0.5116212129050661,0.9581589659462209,1.823037865111843e-08
130,0.3333654206591446,1.0,1.0,0.5116036988052998,0.95815914657574,9.063007899712261e-09
130,0.33336603155852174,1.0,1.0,0.5117798868374276,0.9581573816685154,5.181387829900075e-08
130,0.3333660906305904,1.0,1.0,0.511776239440792,0.9581573674555173,1.5557133226096198e-07
130,0.33336631330505007,1.0,1.0,0.5117798868374276,0.9581573298546371,7.579785460398725e-07
130,0.33336541239508144,1.0,1.0,0.5116015846584478,0.9581591683802871,7.114978162192642e-09
130,0.33325056559362937,1.0,1.0,0.48085765877689896,0.958489368220325,4.1980097176264053e-10
130,0.33325056559362937,1.0,1.0,0.48085765877689896,0.958489368220325,4.1980097176264053e-10
130,0.3332503556669391,1.0,1.0,0.4808037240889095,0.9584899715883268,8.959299968580581e-11
130,0.33325057477592174,1.0,1.0,0.4808600078289566,0.9584893419473429,5.567645233739427e-10
130,0.3332505573295662,1.0,1.0,0.4808555446300471,0.9584893918661513,2.9667490686335896e-10
130,0.3333654040445468,1.0,1.0,0.5116001382059857,0.9581591852664236,1.9678793039545894e-09
130,0.33336541322148777,1.0,1.0,0.511601796073133,0.958159166199827,7.309775784669625e-09
130,0.33336602223176404,1.0,1.0,0.5117798868374276,0.9581574084753917,7.862075457332196e-08
130,0.33336602223176404,1.0,1.0,0.5117798868374276,0.9581574084753917,7.862075457332196e-08
130,0.33336602223176404,1.0,1.0,0.5117798868374276,0.9581574084753917,7.862075457332196e-08
130,0.33336632625220647,1.0,1.0,0.5117798868374276,0.9581573298546371,7.951910716563759e-07
130,0.33346959781420715,1.0,1.0,0.5117798868374276,0.9581573298546371,0.0002975248549682563
130,0.33336534248560307,1.0,1.0,0.5117798868374276,0.9581593621992347,2.032344597613367e-06
130,0.3332620723780754,1.0,1.0,0.4839498815829518,0.9584562733339461,1.3469553081790764e-06
130,0.33325077685875704,1.0,1.0,0.48085765877689896,0.958489368220325,6.080564282084922e-07
130,0.33326191769031177,1.0,1.0,0.4839462341863162,0.9584567182136313,1.7513775775190865e-06
130,0.3333652754286977,1.0,1.0,0.5116212129050661,0.9581595549343701,5.889881492526783e-07
130,0.3333653446133341,1.0,1.0,0.511584375516196,0.9581593560837058,1.0210106760055737e-08
130,0.3333547419222856,1.0,1.0,0.5086855498845229,0.9581898313292018,4.7416675819089704e-07
130,0.3333648717283059,1.0,1.0,0.5114438277691689,0.958160795764127,8.051138100650945e-08
130,0.3333670789326917,1.0,1.0,0.5117798868374276,0.9581573298546371,2.9585292320444267e-06
130,0.3334688331211947,1.0,1.0,0.5117798868374276,0.9581573298546371,0.00029532834175671763
130,0.3333667823499061,1.0,1.0,0.5117798868374276,0.9581573298546371,2.1060984960463713e-06
130,0.3332623994461465,1.0,1.0,0.48394797885078517,0.9584553326924452,3.852084943245515e-07
130,0.3332505573295662,1.0,1.0,0.5116159577529269,0.9584893915694764,0.0003303714257474333
130,0.3332500820485409,1.0,1.0,0.4808037240889095,0.9584907585663475,7.870676136390031e-07
130,0.3333539517725423,1.0,1.0,0.508533346586684,0.958192102529057,1.1633812304623348e-06
130,0.33346885699655476,1.0,1.0,0.5117798868374276,0.9581573298546371,0.00029539692177438237
130,0.3333648027317053,1.0,1.0,0.5114452076939742,0.9581609135635198,1.3203725768295982e-07
130,0.3333666412267141,1.0,1.0,0.5117798868374276,0.9581573298546371,1.7004852569391105e-06
130,0.3332505498919094,1.0,1.0,0.5117798868374276,0.9584894129615347,0.0003320831068975849
131,0.3333662569707948,1.0,1.0,0.5117798868374276,0.9581573298546371,5.960634283930233e-07
131,0.3333662569707948,1.0,1.0,0.5117798868374276,0.9581573298546371,5.960634283930233e-07
131,0.33336541230860994,1.0,1.0,0.5116022523528376,0.9581591615138455,1.9930168626558498e-11
131,0.3333654866938254,1.0,1.0,0.5116212129050661,0.9581589659462209,1.823037865111843e-08
131,0.3333654206591446,1.0,1.0,0.5116036988052998,0.95815914657574,9.063007899712261e-09
131,0.33336603155852174,1.0,1.0,0.5117798868374276,0.9581573816685154,5.181387829900075e-08
131,0.3333660906305904,1.0,1.0,0.511776239440792,0.9581573674555173,1.5557133226096198e-07
131,0.33336631330505007,1.0,1.0,0.5117798868374276,0.9581573298546371,7.579785460398725e-07
131,0.33336541239508144,1.0,1.0,0.5116015846584478,0.9581591683802871,7.114978162192642e-09
131,0.33325056559362937,1.0,1.0,0.48085765877689896,0.958489368220325,4.1980097176264053e-10
131,0.33325056559362937,1.0,1.0,0.48085765877689896,0.958489368220325,4.1980097176264053e-10
131,0.3332503556669391,1.0,1.0,0.4808037240889095,0.9584899715883268,8.959299968580581e-11
131,0.33325057477592174,1.0,1.0,0.4808600078289566,0.9584893419473429,5.567645233739427e-10
131,0.3332505573295662,1.0,1.0,0.4808555446300471,0.9584893918661513,2.9667490686335896e-10
131,0.3333654040445468,1.0,1.0,0.5116001382059857,0.9581591852664236,1.9678793039545894e-09
131,0.33336541322148777,1.0,1.0,0.511601796073133,0.958159166199827,7.309775784669625e-09
131,0.33336602223176404,1.0,1.0,0.5117798868374276,0.9581574084753917,7.862075457332196e-08
131,0.33336602223176404,1.0,1.0,0.5117798868374276,0.9581574084753917,7.862075457332196e-08
131,0.33336602223176404,1.0,1.0,0.5117798868374276,0.9581574084753917,7.862075457332196e-08
131,0.33336632625220647,1.0,1.0,0.5117798868374276,0.9581573298546371,7.951910716563759e-07
131,0.33346994253284296,1.0,1.0,0.5117798868374276,0.9581573298546371,0.0002985150255419011
131,0.3333539277149362,1.0,1.0,0.508527192070293,0.9581921716802088,1.1685498301217123e-06
131,0.33336565399649354,1.0,1.0,0.5116246002654846,0.9581589310120386,4.641572152186413e-07
131,0.33336623403625676,1.0,1.0,0.5117625340407027,0.9581575087471614,7.090378130181207e-07
131,0.3332511220921437,1.0,1.0,0.5116036988052998,0.9584877672120422,0.0003286206363022348
131,0.3333658725255801,1.0,1.0,0.5117766041804556,0.9581578387596549,4.7506424127874425e-07
131,0.3334693976681466,1.0,1.0,0.5117798868374276,0.9581573298546371,0.00029694995404094815
131,0.33314712916579614,1.0,1.0,0.4531685573293818,0.9588110347475934,2.407255905212402e-05
131,0.3333662460682017,1.0,1.0,0.5117798868374276,0.9581573298546371,5.647273435549494e-07
131,0.33336576976196153,1.0,1.0,0.5116403629552744,0.9581587684538858,6.343316734103155e-07
131,0.33326233760239166,1.0,1.0,0.4839498815829518,0.9584555105537568,5.841751188340183e-07
131,0.3333666326437221,1.0,1.0,0.4808037240889095,0.9584899714987338,0.0003343174602918886
131,0.33336546490684343,1.0,1.0,0.5116200158012967,0.9581590103359808,3.204383736132854e-08
131,0.33346993320608526,1.0,1.0,0.5117798868374276,0.9581573298546371,0.0002984882353693763
131,0.3331465930603644,1.0,1.0,0.4530309361793952,0.9588126956376593,2.419055206459575e-05
131,0.33325008360948455,1.0,1.0,0.48071485223777366,0.958490965752538,2.1167576202962834e-07
131,0.33325112209695995,1.0,1.0,0.48101794046476404,0.9584877671981898,1.9126835204552606e-07
131,0.33336602223176404,1.0,1.0,0.4839462341863162,0.9584549668360538,0.00029755836066214236
131,0.33325055815597254,1.0,1.0,0.4808557560447323,0.9584893895015626,3.089815070467239e-10
131,0.333261378391401,1.0,1.0,0.48374266643139985,0.9584582692324294,1.043768430908365e-06
132,0.33336541230860994,1.0,1.0,0.5116022523528376,0.9581591615138455,1.9930168626558498e-11
132,0.3333654866938254,1.0,1.0,0.5116212129050661,0.9581589659462209,1.823037865111843e-08
132,0.3333654206591446,1.0,1.0,0.5116036988052998,0.95815914657574,9.063007899712261e-09
132,0.33336603155852174,1.0,1.0,0.5117798868374276,0.9581573816685154,5.181387829900075e-08
132,0.3333660906305904,1.0,1.0,0.511776239440792,0.9581573674555173,1.5557133226096198e-07
132,0.3333662460682017,1.0,1.0,0.5117798868374276,0.9581573298546371,5.647273435549494e-07
132,0.3332503556669391,1.0,1.0,0.4808037240889095,0.9584899715883268,8.959299968580581e-11
132,0.3333662569707948,1.0,1.0,0.5117798868374276,0.9581573298546371,5.960634283930233e-07
132,0.3333662569707948,1.0,1.0,0.5117798868374276,0.9581573298546371,5.960634283930233e-07
132,0.3333654040445468,1.0,1.0,0.5116001382059857,0.9581591852664236,1.9678793039545894e-09
132,0.33325057477592174,1.0,1.0,0.4808600078289566,0.9584893419473429,5.567645233739427e-10
132,0.33336602223176404,1.0,1.0,0.5117798868374276,0.9581574084753917,7.862075457332196e-08
132,0.33336546490684343,1.0,1.0,0.5116200158012967,0.9581590103359808,3.204383736132854e-08
132,0.33336602223176404,1.0,1.0,0.5117798868374276,0.9581574084753917,7.862075457332196e-08
132,0.33336541322148777,1.0,1.0,0.511601796073133,0.958159166199827,7.309775784669625e-09
132,0.33336541239508144,1.0,1.0,0.5116015846584478,0.9581591683802871,7.114978162192642e-09
132,0.3332505573295662,1.0,1.0,0.4808555446300471,0.9584893918661513,2.9667490686335896e-10
132,0.33325056559362937,1.0,1.0,0.48085765877689896,0.958489368220325,4.1980097176264053e-10
132,0.33325055815597254,1.0,1.0,0.4808557560447323,0.9584893895015626,3.089815070467239e-10
132,0.33325056559362937,1.0,1.0,0.48085765877689896,0.958489368220325,4.1980097176264053e-10
132,0.33335397888208584,1.0,1.0,0.5085408406132309,0.9581920246054318,1.1633643692832152e-06
132,0.3332511237067604,1.0,1.0,0.48101987886508757,0.9584877625681257,2.0830900182566836e-07
132,0.33314713660345296,1.0,1.0,0.4531704600615485,0.9588110117888158,2.40710056162996e-05
132,0.3333662933287875,1.0,1.0,0.5117798868374276,0.9581573298546371,7.005630616729874e-07
132,0.3333667916766638,1.0,1.0,0.5117798868374276,0.9581573298546371,2.1329052500851375e-06
132,0.33346979786729547,1.0,1.0,0.5117798868374276,0.9581573298546371,0.0002980994881519594
132,0.3333654731709066,1.0,1.0,0.5116221299481486,0.9581589865834114,3.009477633764135e-08
132,0.3334696190142773,1.0,1.0,0.5117798868374276,0.9581573298546371,0.00029758575015581545
132,0.333365365960902,1.0,1.0,0.5115852080445691,0.9581593372868058,4.256031915783609e-08
132,0.3332615673254222,1.0,1.0,0.48379120765059036,0.958457725859319,1.0390824317640934e-06
132,0.33326288394689485,1.0,1.0,0.4841103535440336,0.9584539392809766,7.924877782894413e-07
132,0.33336602223176404,1.0,1.0,0.5117798868374276,0.9581574084753917,7.862075457332196e-08
132,0.3333661649890951,1.0,1.0,0.5117608215817526,0.9581575264015866,5.282377631976587e-07
132,0.33336602223176404,1.0,1.0,0.4531318774116147,0.958811477359253,0.0006540688838613251
132,0.3333668508265568,1.0,1.0,0.5117798868374276,0.9581573298546371,2.3029124871509765e-06
132,0.33325064172261565,1.0,1.0,0.4808770723259623,0.9584891510943891,2.254654907218878e-09
132,0.33346961909210165,1.0,1.0,0.5117798868374276,0.9581573298546371,0.0002975859736988884
132,0.3333655482527691,1.0,1.0,0.5116179302480941,0.958158999800878,2.290176939201416e-07
132,0.3332613509314577,1.0,1.0,0.4837921246936728,0.9584583482071128,1.6716064544786136e-06
132,0.3333655141026434,1.0,1.0,0.5116213176085126,0.9581589648663995,9.592896443866294e-08
133,0.33336541230860994,1.0,1.0,0.5116022523528376,0.9581591615138455,1.9930168626558498e-11
133,0.3333654866938254,1.0,1.0,0.5116212129050661,0.9581589659462209,1.823037865111843e-08
133,0.3333654206591446,1.0,1.0,0.5116036988052998,0.95815914657574,9.063007899712261e-09
133,0.33336603155852174,1.0,1.0,0.5117798868374276,0.9581573816685154,5.181387829900075e-08
133,0.3333660906305904,1.0,1.0,0.511776239440792,0.9581573674555173,1.5557133226096198e-07
133,0.3333662460682017,1.0,1.0,0.5117798868374276,0.9581573298546371,5.647273435549494e-07
133,0.3332503556669391,1.0,1.0,0.4808037240889095,0.9584899715883268,8.959299968580581e-11
133,0.3333662569707948,1.0,1.0,0.5117798868374276,0.9581573298546371,5.960634283930233e-07
133,0.3333662569707948,1.0,1.0,0.5117798868374276,0.9581573298546371,5.960634283930233e-07
133,0.3333654040445468,1.0,1.0,0.5116001382059857,0.9581591852664236,1.9678793039545894e-09
133,0.33325057477592174,1.0,1.0,0.4808600078289566,0.9584893419473429,5.567645233739427e-10
133,0.33336602223176404,1.0,1.0,0.5117798868374276,0.9581574084753917,7.862075457332196e-08
133,0.3333654731709066,1.0,1.0,0.5116221299481486,0.9581589865834114,3.009477633764135e-08
133,0.33336602223176404,1.0,1.0,0.5117798868374276,0.9581574084753917,7.862075457332196e-08
133,0.33336541322148777,1.0,1.0,0.511601796073133,0.958159166199827,7.309775784669625e-09
133,0.33336541239508144,1.0,1.0,0.5116015846584478,0.9581591683802871,7.114978162192642e-09
133,0.3332505573295662,1.0,1.0,0.4808555446300471,0.9584893918661513,2.9667490686335896e-10
133,0.33325056559362937,1.0,1.0,0.48085765877689896,0.958489368220325,4.1980097176264053e-10
133,0.33325055815597254,1.0,1.0,0.4808557560447323,0.9584893895015626,3.089815070467239e-10
133,0.33325056559362937,1.0,1.0,0.48085765877689896,0.958489368220325,4.1980097176264053e-10
133,0.3332498142515816,1.0,1.0,0.48064515485999443,0.9584917456582722,2.1685620699152253e-07
133,0.3331469996629876,1.0,1.0,0.453135778799981,0.9588114302795672,2.4095385871225616e-05
133,0.33335466149261817,1.0,1.0,0.5086834357376709,0.9581900625150772,6.833826877716831e-07
133,0.33336603155852174,1.0,1.0,0.5115551575861093,0.958159647242389,2.2655738736165887e-06
133,0.33336575442194116,1.0,1.0,0.5116379056370765,0.9581587937953879,6.155829681553371e-07
133,0.33336548262768306,1.0,1.0,0.5116200158012967,0.9581589782921435,1.888939660243949e-08
133,0.3332506325403233,1.0,1.0,0.4808747232739046,0.9584891773661653,2.116495978476962e-09
133,0.33336527250123127,1.0,1.0,0.5115983020014758,0.9581595633485036,3.6111184165132926e-07
133,0.3333660289256552,1.0,1.0,0.5117798868374276,0.9581573892358747,5.938123759374747e-08
133,0.3332507553540569,1.0,1.0,0.4809064114107747,0.9584888229803201,9.650606980216025e-10
133,0.3333648717283059,1.0,1.0,0.5114438277691689,0.958160795764127,8.051138100650945e-08
133,0.3333660756774524,1.0,1.0,0.5117730349014094,0.9581574004912911,1.4562895678249532e-07
133,0.333146445098816,1.0,1.0,0.4530280998423142,0.9588127298748969,2.379895906012841e-05
133,0.3334696006692111,1.0,1.0,0.5117798868374276,0.9581573298546371,0.0002975330556963529
133,0.3331470146161256,1.0,1.0,0.4531389833393637,0.9588113916094334,2.4099750429829037e-05
133,0.3333652010434823,1.0,1.0,0.5116022523528376,0.9581597687326444,6.072387290778636e-07
133,0.3333659808485971,1.0,1.0,0.5117631941054173,0.9581575274185057,2.547619493142861e-08
133,0.3332619767110139,1.0,1.0,0.4839126734841474,0.9584565484709296,1.2093564804027679e-06
133,0.3332507462635874,1.0,1.0,0.4809040858492376,0.9584888489873256,8.262480699627872e-10
133,0.3334693843530709,1.0,1.0,0.5117798868374276,0.9581573298546371,0.0002969117077009642
134,0.33336541230860994,1.0,1.0,0.5116022523528376,0.9581591615138455,1.9930168626558498e-11
134,0.3333654866938254,1.0,1.0,0.5116212129050661,0.9581589659462209,1.823037865111843e-08
134,0.3333654206591446,1.0,1.0,0.5116036988052998,0.95815914657574,9.063007899712261e-09
134,0.33336603155852174,1.0,1.0,0.5117798868374276,0.9581573816685154,5.181387829900075e-08
134,0.3333660906305904,1.0,1.0,0.511776239440792,0.9581573674555173,1.5557133226096198e-07
134,0.3333662460682017,1.0,1.0,0.5117798868374276,0.9581573298546371,5.647273435549494e-07
134,0.3333659808485971,1.0,1.0,0.5117631941054173,0.9581575274185057,2.547619493142861e-08
134,0.3332503556669391,1.0,1.0,0.4808037240889095,0.9584899715883268,8.959299968580581e-11
134,0.3333662569707948,1.0,1.0,0.5117798868374276,0.9581573298546371,5.960634283930233e-07
134,0.3333662569707948,1.0,1.0,0.5117798868374276,0.9581573298546371,5.960634283930233e-07
134,0.3333654040445468,1.0,1.0,0.5116001382059857,0.9581591852664236,1.9678793039545894e-09
134,0.3332507553540569,1.0,1.0,0.4809064114107747,0.9584888229803201,9.650606980216025e-10
134,0.3333660289256552,1.0,1.0,0.5117798868374276,0.9581573892358747,5.938123759374747e-08
134,0.33336548262768306,1.0,1.0,0.5116200158012967,0.9581589782921435,1.888939660243949e-08
134,0.33336541322148777,1.0,1.0,0.511601796073133,0.958159166199827,7.309775784669625e-09
134,0.33336541239508144,1.0,1.0,0.5116015846584478,0.9581591683802871,7.114978162192642e-09
134,0.3332507462635874,1.0,1.0,0.4809040858492376,0.9584888489873256,8.262480699627872e-10
134,0.33325057477592174,1.0,1.0,0.4808600078289566,0.9584893419473429,5.567645233739427e-10
134,0.3332505573295662,1.0,1.0,0.4808555446300471,0.9584893918661513,2.9667490686335896e-10
134,0.33325056559362937,1.0,1.0,0.48085765877689896,0.958489368220325,4.1980097176264053e-10
134,0.3331471494452734,1.0,1.0,0.45317388650699864,0.9588109704448916,2.406662004439397e-05
134,0.33346861257072025,1.0,1.0,0.5117798868374276,0.9581573298546371,0.00029469482810562386
134,0.3333667893798112,1.0,1.0,0.5117798868374276,0.9581573298546371,2.1263036888985454e-06
134,0.33336626523485796,1.0,1.0,0.5117798868374276,0.9581573298546371,6.198158849501922e-07
134,0.33325068462923424,1.0,1.0,0.48088852157499484,0.9584890254325513,2.3840810436936977e-09
134,0.33336524243710297,1.0,1.0,0.5115579187026449,0.9581596497589276,3.0997091671203236e-08
134,0.3332511060505717,1.0,1.0,0.48096359512504044,0.9584881835398555,3.7018948029210463e-07
134,0.3332505023064636,1.0,1.0,0.4808416716732858,0.9584895498259821,2.7934207169622027e-09
134,0.3333658690382001,1.0,1.0,0.5117381236137912,0.9581578487830579,8.837164744424086e-08
134,0.33336579766937907,1.0,1.0,0.5116510263637191,0.9581586584875792,6.045767119156054e-07
134,0.3333659276837353,1.0,1.0,0.5117664767623893,0.958157680224501,2.1212413958693332e-07
134,0.33325060059891853,1.0,1.0,0.48087056808885636,0.9584892671189429,4.328081981697096e-08
134,0.3332619758807767,1.0,1.0,0.4839131509053205,0.9584565508586795,1.2170403489442094e-06
134,0.3332505748537461,1.0,1.0,0.4808594069040058,0.9584893486683745,7.501633203510494e-09
134,0.33346884047324477,1.0,1.0,0.5117798868374276,0.9581573298546371,0.00029534945991982475
134,0.3333544900301095,1.0,1.0,0.5086895667635414,0.9581905553648102,1.2399449319522304e-06
134,0.33325076257019187,1.0,1.0,0.4808555446300471,0.9584893918661513,5.906057871651882e-07
134,0.33336625331126674,1.0,1.0,0.5117788094440351,0.9581573409614095,5.966520352229665e-07
134,0.3331468193791909,1.0,1.0,0.45307153089291136,0.9588122056512696,2.435190579286317e-05
134,0.3334693317634846,1.0,1.0,0.48085765877689896,0.958489368220325,0.0006287990145713573
135,0.33336541230860994,1.0,1.0,0.5116022523528376,0.9581591615138455,1.9930168626558498e-11
135,0.3333654866938254,1.0,1.0,0.5116212129050661,0.9581589659462209,1.823037865111843e-08
135,0.3333654206591446,1.0,1.0,0.5116036988052998,0.95815914657574,9.063007899712261e-09
135,0.33336603155852174,1.0,1.0,0.5117798868374276,0.9581573816685154,5.181387829900075e-08
135,0.3333660906305904,1.0,1.0,0.511776239440792,0.9581573674555173,1.5557133226096198e-07
135,0.3333662460682017,1.0,1.0,0.5117798868374276,0.9581573298546371,5.647273435549494e-07
135,0.3333659808485971,1.0,1.0,0.5117631941054173,0.9581575274185057,2.547619493142861e-08
135,0.3332503556669391,1.0,1.0,0.4808037240889095,0.9584899715883268,8.959299968580581e-11
135,0.3333654040445468,1.0,1.0,0.5116001382059857,0.9581591852664236,1.9678793039545894e-09
135,0.3332507553540569,1.0,1.0,0.4809064114107747,0.9584888229803201,9.650606980216025e-10
135,0.33336541322148777,1.0,1.0,0.511601796073133,0.958159166199827,7.309775784669625e-09
135,0.33336541239508144,1.0,1.0,0.5116015846584478,0.9581591683802871,7.114978162192642e-09
135,0.3332507462635874,1.0,1.0,0.4809040858492376,0.9584888489873256,8.262480699627872e-10
135,0.33325057477592174,1.0,1.0,0.4808600078289566,0.9584893419473429,5.567645233739427e-10
135,0.3332505573295662,1.0,1.0,0.4808555446300471,0.9584893918661513,2.9667490686335896e-10
135,0.33325056559362937,1.0,1.0,0.48085765877689896,0.958489368220325,4.1980097176264053e-10
135,0.33336548262768306,1.0,1.0,0.5116200158012967,0.9581589782921435,1.888939660243949e-08
135,0.3333660289256552,1.0,1.0,0.5117798868374276,0.9581573892358747,5.938123759374747e-08
135,0.3333662569707948,1.0,1.0,0.5117798868374276,0.9581573298546371,5.960634283930233e-07
135,0.3333662569707948,1.0,1.0,0.5117798868374276,0.9581573298546371,5.960634283930233e-07
135,0.33314645253647285,1.0,1.0,0.45303000257448084,0.9588127069071125,2.3797396705549367e-05
135,0.33325056559362937,1.0,1.0,0.48085765877689896,0.958489368220325,4.1980097176264053e-10
135,0.3333654206591446,1.0,1.0,0.5086337293433852,0.9581898957096622,3.0758196930102955e-05
135,0.3331466403307429,1.0,1.0,0.45302553937557133,0.9588127607823546,2.4391739841034266e-05
135,0.33326215427193046,1.0,1.0,0.4839582844550541,0.9584560378086161,1.204634265783433e-06
135,0.3333656854987288,1.0,1.0,0.5116200158012967,0.9581589782921435,6.019809323243308e-07
135,0.3331471885970088,1.0,1.0,0.4531843200191715,0.9588108445552503,2.4053407839286223e-05
135,0.33314704331850126,1.0,1.0,0.45313298142405933,0.958811464036621,2.4254782201471592e-05
135,0.3334699803807193,1.0,1.0,0.5117798868374276,0.9581573298546371,0.00029862373974109957
135,0.3332614929402068,1.0,1.0,0.4837722470983618,0.9584579397906784,1.042607038148624e-06
135,0.33314738414228057,1.0,1.0,0.4532345525558436,0.9588102385061668,2.4010131366214438e-05
135,0.33326179529729016,1.0,1.0,0.48386605613859207,0.9584570702144161,1.2139327579818726e-06
135,0.33336623179670094,1.0,1.0,0.5117798868374276,0.9581573298546371,5.237083869902293e-07
135,0.333366193683629,1.0,1.0,0.5117638997338144,0.95815749466774,5.78977391474389e-07
135,0.3332505573295662,1.0,1.0,0.48388502336776446,0.9584893915694764,3.37457157651988e-05
135,0.333354679790537,1.0,1.0,0.5087383193974172,0.9581900099197935,1.2010923974292709e-06
135,0.33325150563796374,1.0,1.0,0.4810643675371027,0.9584870569206273,3.928513147011259e-07
135,0.3332501263770991,1.0,1.0,0.4807311473552481,0.9584907834331187,1.523641369738371e-07
135,0.3332627887679093,1.0,1.0,0.48413734790929475,0.9584542130129275,1.3655039090565424e-06
135,0.33346999465222005,1.0,1.0,0.5117798868374276,0.9581573298546371,0.00029866473317807785
136,0.33336541230860994,1.0,1.0,0.5116022523528376,0.9581591615138455,1.9930168626558498e-11
136,0.3333654866938254,1.0,1.0,0.5116212129050661,0.9581589659462209,1.823037865111843e-08
136,0.3333654206591446,1.0,1.0,0.5116036988052998,0.95815914657574,9.063007899712261e-09
136,0.33336603155852174,1.0,1.0,0.5117798868374276,0.9581573816685154,5.181387829900075e-08
136,0.3333660906305904,1.0,1.0,0.511776239440792,0.9581573674555173,1.5557133226096198e-07
136,0.3333659808485971,1.0,1.0,0.5117631941054173,0.9581575274185057,2.547619493142861e-08
136,0.33336623179670094,1.0,1.0,0.5117798868374276,0.9581573298546371,5.237083869902293e-07
136,0.3332503556669391,1.0,1.0,0.4808037240889095,0.9584899715883268,8.959299968580581e-11
136,0.3333654040445468,1.0,1.0,0.5116001382059857,0.9581591852664236,1.9678793039545894e-09
136,0.3332507553540569,1.0,1.0,0.4809064114107747,0.9584888229803201,9.650606980216025e-10
136,0.33336541322148777,1.0,1.0,0.511601796073133,0.958159166199827,7.309775784669625e-09
136,0.33336541239508144,1.0,1.0,0.5116015846584478,0.9581591683802871,7.114978162192642e-09
136,0.3332507462635874,1.0,1.0,0.4809040858492376,0.9584888489873256,8.262480699627872e-10
136,0.33325057477592174,1.0,1.0,0.4808600078289566,0.9584893419473429,5.567645233739427e-10
136,0.3332505573295662,1.0,1.0,0.4808555446300471,0.9584893918661513,2.9667490686335896e-10
136,0.33325056559362937,1.0,1.0,0.48085765877689896,0.958489368220325,4.1980097176264053e-10
136,0.33325056559362937,1.0,1.0,0.48085765877689896,0.958489368220325,4.1980097176264053e-10
136,0.33336548262768306,1.0,1.0,0.5116200158012967,0.9581589782921435,1.888939660243949e-08
136,0.3333660289256552,1.0,1.0,0.5117798868374276,0.9581573892358747,5.938123759374747e-08
136,0.3333662460682017,1.0,1.0,0.5117798868374276,0.9581573298546371,5.647273435549494e-07
136,0.33346868704635874,1.0,1.0,0.5117798868374276,0.9581573298546371,0.00029490875353221924
136,0.33325019306397685,1.0,1.0,0.4807619397238047,0.9584904392648997,3.33204464020298e-10
136,0.3332505663373951,1.0,1.0,0.48085784905011564,0.9584893660922075,4.308892131987818e-10
136,0.333250500391571,1.0,1.0,0.4808410405997842,0.9584895553335643,1.2424269391075882e-09
136,0.33336673644642845,1.0,1.0,0.5117798868374276,0.9581573298546371,1.9741637469206097e-06
136,0.3334690274861573,1.0,1.0,0.5117798868374276,0.9581573298546371,0.00029588663891844114
136,0.33326200831533215,1.0,1.0,0.4839364715079135,0.9584564575773835,1.3824504370152368e-06
136,0.3333647418024934,1.0,1.0,0.5114587781193225,0.9581610886869862,4.4717570735208767e-07
136,0.33336597258453393,1.0,1.0,0.5117610799585653,0.9581575511710029,2.7433131211118678e-08
136,0.3334693857547527,1.0,1.0,0.5117798868374276,0.9581573298546371,0.0002969157339042239
136,0.3333653965290656,1.0,1.0,0.5115988363987698,0.9581592068674277,1.0142404582857978e-08
136,0.3332514891317388,1.0,1.0,0.48106265507815266,0.9584870760630908,3.6451913232316e-07
136,0.3332499551038469,1.0,1.0,0.48070107039774,0.9584911236836229,3.725461938941521e-09
136,0.33325057477592174,1.0,1.0,0.5117798868374276,0.9584893413905784,0.0003320115359413123
136,0.33336616563608334,1.0,1.0,0.5117654725735975,0.9581574784528311,4.821485733996766e-07
136,0.3334685953814689,1.0,1.0,0.5117798868374276,0.9581573298546371,0.00029464545331658876
136,0.333250368395545,1.0,1.0,0.48085765877689896,0.9584899349784917,5.667581666202182e-07
136,0.3331465029301372,1.0,1.0,0.45299413576204195,0.9588131398741336,2.4375395674902656e-05
136,0.3332514838028693,1.0,1.0,0.48106395688536857,0.9584870615110276,3.346403538717624e-07
136,0.33324995684848246,1.0,1.0,0.48070151671763095,0.9584911186657148,3.7015365217385465e-09
137,0.33336541230860994,1.0,1.0,0.5116022523528376,0.9581591615138455,1.9930168626558498e-11
137,0.3333654866938254,1.0,1.0,0.5116212129050661,0.9581589659462209,1.823037865111843e-08
137,0.3333654206591446,1.0,1.0,0.5116036988052998,0.95815914657574,9.063007899712261e-09
137,0.33336603155852174,1.0,1.0,0.5117798868374276,0.9581573816685154,5.181387829900075e-08
137,0.3333660906305904,1.0,1.0,0.511776239440792,0.9581573674555173,1.5557133226096198e-07
137,0.3333659808485971,1.0,1.0,0.5117631941054173,0.9581575274185057,2.547619493142861e-08
137,0.33336623179670094,1.0,1.0,0.5117798868374276,0.9581573298546371,5.237083869902293e-07
137,0.3332503556669391,1.0,1.0,0.4808037240889095,0.9584899715883268,8.959299968580581e-11
137,0.3333662460682017,1.0,1.0,0.5117798868374276,0.9581573298546371,5.647273435549494e-07
137,0.3333654040445468,1.0,1.0,0.5116001382059857,0.9581591852664236,1.9678793039545894e-09
137,0.3332507553540569,1.0,1.0,0.4809064114107747,0.9584888229803201,9.650606980216025e-10
137,0.3333660289256552,1.0,1.0,0.5117798868374276,0.9581573892358747,5.938123759374747e-08
137,0.33336597258453393,1.0,1.0,0.5117610799585653,0.9581575511710029,2.7433131211118678e-08
137,0.33336548262768306,1.0,1.0,0.5116200158012967,0.9581589782921435,1.888939660243949e-08
137,0.33336541322148777,1.0,1.0,0.511601796073133,0.958159166199827,7.309775784669625e-09
137,0.33336541239508144,1.0,1.0,0.5116015846584478,0.9581591683802871,7.114978162192642e-09
137,0.3332505573295662,1.0,1.0,0.4808555446300471,0.9584893918661513,2.9667490686335896e-10
137,0.3332507462635874,1.0,1.0,0.4809040858492376,0.9584888489873256,8.262480699627872e-10
137,0.33325057477592174,1.0,1.0,0.4808600078289566,0.9584893419473429,5.567645233739427e-10
137,0.3332505663373951,1.0,1.0,0.48085784905011564,0.9584893660922075,4.308892131987818e-10
137,0.33336541230860994,1.0,1.0,0.5086777061091697,0.9581894386745685,3.0277160723013452e-05
137,0.33346916679094246,1.0,1.0,0.5117798868374276,0.9581573298546371,0.00029628677990722885
137,0.3333654206591446,1.0,1.0,0.48397823473154983,0.958454611895165,0.00029547438243293644
137,0.333469415492205,1.0,1.0,0.5117798868374276,0.9581573298546371,0.0002970011520174731
137,0.3332630466276814,1.0,1.0,0.48415153698418756,0.9584534714162019,7.812115467853431e-07
137,0.33336542946282127,1.0,1.0,0.5116232984582687,0.9581591122091989,1.6777153033498138e-07
137,0.3333659168128493,1.0,1.0,0.5117463946621681,0.9581577114695153,3.6331934682998224e-08
137,0.3332503556669391,1.0,1.0,0.508719067644904,0.9584899715883268,0.0003009627220997846
137,0.33336621671762606,1.0,1.0,0.5117797821339811,0.958157330934016,4.814476869396955e-07
137,0.33336493265049777,1.0,1.0,0.5114608922661744,0.9581606196986805,7.954908731733212e-08
137,0.33335418269142064,1.0,1.0,0.5085931872967547,0.9581914387766387,1.1216815128944901e-06
137,0.3333654205021274,1.0,1.0,0.5116036586365096,0.958159146990025,9.02599406327198e-09
137,0.3334687670787315,1.0,1.0,0.5117798868374276,0.9581573298546371,0.00029513864013541724
137,0.33336603899617856,1.0,1.0,0.5117798868374276,0.9581573602912756,3.043663854285228e-08
137,0.33336593014158794,1.0,1.0,0.5117462679144412,0.9581576764443256,3.2841649399983908e-09
137,0.33336535333753764,1.0,1.0,0.5115832120150097,0.9581593578741149,2.6865532021247418e-08
137,0.333366828092048,1.0,1.0,0.5117798868374276,0.9581573298546371,2.2375695015730557e-06
137,0.3333648102471865,1.0,1.0,0.5114465095011901,0.9581608919624387,1.2386798897701112e-07
137,0.333468790961874,1.0,1.0,0.5117798868374276,0.9581573298546371,0.000295207242534512
137,0.33325104770779296,1.0,1.0,0.4809983511691724,0.9584879811543254,1.8621590280876177e-07
138,0.33336541230860994,1.0,1.0,0.5116022523528376,0.9581591615138455,1.9930168626558498e-11
138,0.3333659808485971,1.0,1.0,0.5117631941054173,0.9581575274185057,2.547619493142861e-08
138,0.33336623179670094,1.0,1.0,0.5117798868374276,0.9581573298546371,5.237083869902293e-07
138,0.33336621671762606,1.0,1.0,0.5117797821339811,0.958157330934016,4.814476869396955e-07
138,0.33336603899617856,1.0,1.0,0.5117798868374276,0.9581573602912756,3.043663854285228e-08
138,0.33336593014158794,1.0,1.0,0.5117462679144412,0.9581576764443256,3.2841649399983908e-09
138,0.3332503556669391,1.0,1.0,0.4808037240889095,0.9584899715883268,8.959299968580581e-11
138,0.3333662460682017,1.0,1.0,0.5117798868374276,0.9581573298546371,5.647273435549494e-07
138,0.3333654040445468,1.0,1.0,0.5116001382059857,0.9581591852664236,1.9678793039545894e-09
138,0.3332507553540569,1.0,1.0,0.4809064114107747,0.9584888229803201,9.650606980216025e-10
138,0.3333660906305904,1.0,1.0,0.511776239440792,0.9581573674555173,1.5557133226096198e-07
138,0.33336603155852174,1.0,1.0,0.5117798868374276,0.9581573816685154,5.181387829900075e-08
138,0.33336597258453393,1.0,1.0,0.5117610799585653,0.9581575511710029,2.7433131211118678e-08
138,0.3333654866938254,1.0,1.0,0.5116212129050661,0.9581589659462209,1.823037865111843e-08
138,0.3333654206591446,1.0,1.0,0.5116036988052998,0.95815914657574,9.063007899712261e-09
138,0.33336541239508144,1.0,1.0,0.5116015846584478,0.9581591683802871,7.114978162192642e-09
138,0.33336541322148777,1.0,1.0,0.511601796073133,0.958159166199827,7.309775784669625e-09
138,0.3333654205021274,1.0,1.0,0.5116036586365096,0.958159146990025,9.02599406327198e-09
138,0.3332505573295662,1.0,1.0,0.4808555446300471,0.9584893918661513,2.9667490686335896e-10
138,0.3332507462635874,1.0,1.0,0.4809040858492376,0.9584888489873256,8.262480699627872e-10
138,0.33325000128664867,1.0,1.0,0.4807423120809399,0.9584909908529996,3.3233282603628567e-07
138,0.33346943732729944,1.0,1.0,0.5117631941054173,0.9581575019423108,0.00029723595899411315
138,0.33326272332690193,1.0,1.0,0.48411665240589646,0.9584544012194225,1.3242630934051647e-06
138,0.333364840025735,1.0,1.0,0.5117797821339811,0.9581608063726071,3.4754385911384134e-06
138,0.33336625424962424,1.0,1.0,0.5117798868374276,0.9581573298546371,5.882422771108509e-07
138,0.3333648631772068,1.0,1.0,0.5117462679144412,0.9581607398304028,3.0633860772510957e-06
138,0.33326204917589913,1.0,1.0,0.48397295330229617,0.9584563400630303,1.669589859920606e-06
138,0.3333654086435465,1.0,1.0,0.5116006079974835,0.9581591784532559,6.405281860466516e-09
138,0.3332506972234164,1.0,1.0,0.4808588272870191,0.9584893551510982,3.659416829560058e-07
138,0.33336617994309786,1.0,1.0,0.5117624116886879,0.9581575100085347,5.548253230180933e-07
138,0.33336614977093215,1.0,1.0,0.5117627176369755,0.9581575068543986,4.6495071348573447e-07
138,0.33336599100564807,1.0,1.0,0.511764794827083,0.9581574982252015,1.2785272507365164e-08
138,0.3332500382059209,1.0,1.0,0.4807087943205587,0.9584910335341396,1.4886804378111407e-07
138,0.33346964126809664,1.0,1.0,0.5117798868374276,0.9581573298546371,0.00029764967212952964
138,0.33336546638634956,1.0,1.0,0.511598513416161,0.9581592000561832,1.9397259876097195e-07
138,0.33336609216104035,1.0,1.0,0.5117766041804556,0.9581573636954136,1.5621003124355326e-07
138,0.33336541322148777,1.0,1.0,0.5116034613753159,0.9581591588900512,9.865550265608647e-09
138,0.3333657637629528,1.0,1.0,0.5116925567956644,0.9581582302342484,7.886971653547903e-08
138,0.3332503564885292,1.0,1.0,0.48080331343717536,0.9584899760923532,6.867072133154295e-09
138,0.33336562550361387,1.0,1.0,0.5116167252988405,0.958159012227818,4.634788467461348e-07
139,0.33336541230860994,1.0,1.0,0.5116022523528376,0.9581591615138455,1.9930168626558498e-11
139,0.33336623179670094,1.0,1.0,0.5117798868374276,0.9581573298546371,5.237083869902293e-07
139,0.33336621671762606,1.0,1.0,0.5117797821339811,0.958157330934016,4.814476869396955e-07
139,0.33336603899617856,1.0,1.0,0.5117798868374276,0.9581573602912756,3.043663854285228e-08
139,0.33336593014158794,1.0,1.0,0.5117462679144412,0.9581576764443256,3.2841649399983908e-09
139,0.33336599100564807,1.0,1.0,0.511764794827083,0.9581574982252015,1.2785272507365164e-08
139,0.3332503556669391,1.0,1.0,0.4808037240889095,0.9584899715883268,8.959299968580581e-11
139,0.3333662460682017,1.0,1.0,0.5117798868374276,0.9581573298546371,5.647273435549494e-07
139,0.3333654040445468,1.0,1.0,0.5116001382059857,0.9581591852664236,1.9678793039545894e-09
139,0.3332507553540569,1.0,1.0,0.4809064114107747,0.9584888229803201,9.650606980216025e-10
139,0.33336609216104035,1.0,1.0,0.5117766041804556,0.9581573636954136,1.5621003124355326e-07
139,0.33336603155852174,1.0,1.0,0.5117798868374276,0.9581573816685154,5.181387829900075e-08
139,0.3333660906305904,1.0,1.0,0.511776239440792,0.9581573674555173,1.5557133226096198e-07
139,0.3333659808485971,1.0,1.0,0.5117631941054173,0.9581575274185057,2.547619493142861e-08
139,0.3333654866938254,1.0,1.0,0.5116212129050661,0.9581589659462209,1.823037865111843e-08
139,0.3333654206591446,1.0,1.0,0.5116036988052998,0.95815914657574,9.063007899712261e-09
139,0.3333654086435465,1.0,1.0,0.5116006079974835,0.9581591784532559,6.405281860466516e-09
139,0.3332505573295662,1.0,1.0,0.4808555446300471,0.9584893918661513,2.9667490686335896e-10
139,0.33336541322148777,1.0,1.0,0.511601796073133,0.958159166199827,7.309775784669625e-09
139,0.3333654205021274,1.0,1.0,0.5116036586365096,0.958159146990025,9.02599406327198e-09
139,0.333365982226002,1.0,1.0,0.5117635223711144,0.9581575234595808,2.4901477879701872e-08
139,0.33314697867031856,1.0,1.0,0.45313038533118205,0.9588114953649476,2.41000549595638e-05
139,0.33336534627479386,1.0,1.0,0.5115847315761274,0.9581593513083349,9.10718112034914e-09
139,0.3334700673275205,1.0,1.0,0.5117798868374276,0.9581573298546371,0.000298873485545581
139,0.3333658409547469,1.0,1.0,0.5117599114484452,0.9581579295003291,3.937157818656445e-07
139,0.33336593840083484,1.0,1.0,0.5117477599948739,0.9581576610612879,1.1639787467210283e-08
139,0.33336547917834414,1.0,1.0,0.4808037240889095,0.9584899714987338,0.00033100218189807684
139,0.33336549750786365,1.0,1.0,0.5116239946321007,0.9581589372579731,2.062383430700976e-08
139,0.3334703237380473,1.0,1.0,0.5117798868374276,0.9581573298546371,0.00029960999783229525
139,0.33324985859482126,1.0,1.0,0.4806609175497842,0.9584915692627674,1.680004995119333e-07
139,0.3332629878624101,1.0,1.0,0.48413656549256534,0.9584536404232028,7.842399025737024e-07
139,0.3332505499554005,1.0,1.0,0.4808542789747423,0.9584894127789226,6.7568948214358215e-09
139,0.33336582841774154,1.0,1.0,0.5117663982612193,0.9581579655341096,4.966244581128265e-07
139,0.3332621526189478,1.0,1.0,0.483948073083887,0.9584560425625648,1.0961238603446333e-06
139,0.33325051561624186,1.0,1.0,0.48080362985580766,0.9584899725528406,4.610082197098464e-07
139,0.3332624681336077,1.0,1.0,0.4839936542499935,0.9584551351488585,6.942717155622447e-07
139,0.33336538019083306,1.0,1.0,0.511587662533615,0.9581593119710319,5.81442352043382e-08
139,0.3333653022784867,1.0,1.0,0.5116196051495625,0.958159477762626,4.952353569454004e-07
139,0.3332612471762604,1.0,1.0,0.4837253441807893,0.9584586466067485,1.2288917764502472e-06
139,0.33336566447933214,1.0,1.0,0.511618535881478,0.9581589935548458,5.568297616331819e-07
140,0.33336541230860994,1.0,1.0,0.5116022523528376,0.9581591615138455,1.9930168626558498e-11
140,0.33336623179670094,1.0,1.0,0.5117798868374276,0.9581573298546371,5.237083869902293e-07
140,0.33336621671762606,1.0,1.0,0.5117797821339811,0.958157330934016,4.814476869396955e-07
140,0.33336603899617856,1.0,1.0,0.5117798868374276,0.9581573602912756,3.043663854285228e-08
140,0.33336593014158794,1.0,1.0,0.5117462679144412,0.9581576764443256,3.2841649399983908e-09
140,0.33336599100564807,1.0,1.0,0.511764794827083,0.9581574982252015,1.2785272507365164e-08
140,0.33336593840083484,1.0,1.0,0.5117477599948739,0.9581576610612879,1.1639787467210283e-08
140,0.3332503556669391,1.0,1.0,0.4808037240889095,0.9584899715883268,8.959299968580581e-11
140,0.3333662460682017,1.0,1.0,0.5117798868374276,0.9581573298546371,5.647273435549494e-07
140,0.3333654040445468,1.0,1.0,0.5116001382059857,0.9581591852664236,1.9678793039545894e-09
140,0.3332507553540569,1.0,1.0,0.4809064114107747,0.9584888229803201,9.650606980216025e-10
140,0.33336609216104035,1.0,1.0,0.5117766041804556,0.9581573636954136,1.5621003124355326e-07
140,0.33336603155852174,1.0,1.0,0.5117798868374276,0.9581573816685154,5.181387829900075e-08
140,0.3333660906305904,1.0,1.0,0.511776239440792,0.9581573674555173,1.5557133226096198e-07
140,0.333365982226002,1.0,1.0,0.5117635223711144,0.9581575234595808,2.4901477879701872e-08
140,0.3333654866938254,1.0,1.0,0.5116212129050661,0.9581589659462209,1.823037865111843e-08
140,0.3333654206591446,1.0,1.0,0.5116036988052998,0.95815914657574,9.063007899712261e-09
140,0.33336549750786365,1.0,1.0,0.5116239946321007,0.9581589372579731,2.062383430700976e-08
140,0.3333654086435465,1.0,1.0,0.5116006079974835,0.9581591784532559,6.405281860466516e-09
140,0.3332505573295662,1.0,1.0,0.4808555446300471,0.9584893918661513,2.9667490686335896e-10
140,0.3333659848718055,1.0,1.0,0.5117444773379018,0.9581576949048741,1.790498379561356e-07
140,0.3332505647628884,1.0,1.0,0.4808568875024365,0.9584893768466839,6.656797335580222e-09
140,0.3333649388212729,1.0,1.0,0.5114707356152277,0.9581605224134953,4.271477282991043e-09
140,0.33336543191617124,1.0,1.0,0.5116045386836885,0.9581591379135705,3.275579152361985e-08
140,0.33325045460847363,1.0,1.0,0.48081549771731646,0.958489839799101,1.5278493459280895e-07
140,0.3333668297003223,1.0,1.0,0.5117798868374276,0.9581573298546371,2.24219196565123e-06
140,0.33336610448398013,1.0,1.0,0.5117679832509533,0.9581574525695904,2.805026665386734e-07
140,0.3333660518791669,1.0,1.0,0.4808037240889095,0.9584899714987338,0.00033264823561396373
140,0.33336536694436625,1.0,1.0,0.5115859862265761,0.958159329260564,3.736075204763267e-08
140,0.3333654040445468,1.0,1.0,0.5117798868374276,0.9581591852664236,1.8554117865443587e-06
140,0.33336614003829773,1.0,1.0,0.5117602140826443,0.958157532664557,4.6278744858518905e-07
140,0.33346964222802,1.0,1.0,0.5117798868374276,0.9581573298546371,0.0002976524294177052
140,0.3333660899471826,1.0,1.0,0.51177656845549,0.9581573640637022,1.5021527388636713e-07
140,0.3333654668508767,1.0,1.0,0.5115992979615628,0.9581591919645873,1.8721614680750065e-07
140,0.33326199675810453,1.0,1.0,0.4839616321108863,0.9584564908157951,1.694772911675635e-06
140,0.3333663214591491,1.0,1.0,0.5117798868374276,0.9581573298546371,7.814149373119861e-07
140,0.333366557705679,1.0,1.0,0.5117798868374276,0.9581573298546371,1.4604307347898526e-06
140,0.33335503029967517,1.0,1.0,0.5087848636513392,0.9581890024223118,6.77180165609137e-07
140,0.333365941432049,1.0,1.0,0.5117684414747178,0.9581576407092096,1.9286355190661908e-07
140,0.33346961866248015,1.0,1.0,0.5117798868374276,0.9581573298546371,0.0002975847396520237
141,0.33336541230860994,1.0,1.0,0.5116022523528376,0.9581591615138455,1.9930168626558498e-11
141,0.33336623179670094,1.0,1.0,0.5117798868374276,0.9581573298546371,5.237083869902293e-07
141,0.33336621671762606,1.0,1.0,0.5117797821339811,0.958157330934016,4.814476869396955e-07
141,0.33336603899617856,1.0,1.0,0.5117798868374276,0.9581573602912756,3.043663854285228e-08
141,0.33336593014158794,1.0,1.0,0.5117462679144412,0.9581576764443256,3.2841649399983908e-09
141,0.33336599100564807,1.0,1.0,0.511764794827083,0.9581574982252015,1.2785272507365164e-08
141,0.33336593840083484,1.0,1.0,0.5117477599948739,0.9581576610612879,1.1639787467210283e-08
141,0.3332503556669391,1.0,1.0,0.4808037240889095,0.9584899715883268,8.959299968580581e-11
141,0.3333654040445468,1.0,1.0,0.5116001382059857,0.9581591852664236,1.9678793039545894e-09
141,0.3332507553540569,1.0,1.0,0.4809064114107747,0.9584888229803201,9.650606980216025e-10
141,0.3332505573295662,1.0,1.0,0.4808555446300471,0.9584893918661513,2.9667490686335896e-10
141,0.3333662460682017,1.0,1.0,0.5117798868374276,0.9581573298546371,5.647273435549494e-07
141,0.33336609216104035,1.0,1.0,0.5117766041804556,0.9581573636954136,1.5621003124355326e-07
141,0.33336603155852174,1.0,1.0,0.5117798868374276,0.9581573816685154,5.181387829900075e-08
141,0.3333660899471826,1.0,1.0,0.51177656845549,0.9581573640637022,1.5021527388636713e-07
141,0.3333654206591446,1.0,1.0,0.5116036988052998,0.95815914657574,9.063007899712261e-09
141,0.3333654086435465,1.0,1.0,0.5116006079974835,0.9581591784532559,6.405281860466516e-09
141,0.333365982226002,1.0,1.0,0.5117635223711144,0.9581575234595808,2.4901477879701872e-08
141,0.3333654866938254,1.0,1.0,0.5116212129050661,0.9581589659462209,1.823037865111843e-08
141,0.33336549750786365,1.0,1.0,0.5116239946321007,0.9581589372579731,2.062383430700976e-08
141,0.33336541230860994,1.0,1.0,0.5117769324461527,0.9581591615138455,1.8012025225777606e-06
141,0.33336623179670094,1.0,1.0,0.45298539891157713,0.9588132453477864,0.0006564392015363518
141,0.3332508095475795,1.0,1.0,0.4809329478187247,0.9584886661450139,1.3991268599244933e-07
141,0.3333648062843123,1.0,1.0,0.5114450253123123,0.9581609033525764,1.1994452930874644e-07
141,0.33336593014158794,1.0,1.0,0.5087247365881071,0.9581889499610052,3.127680084458184e-05
141,0.3333668436638883,1.0,1.0,0.5117798868374276,0.9581573298546371,2.2823257163073762e-06
141,0.33336622098266266,1.0,1.0,0.511777105110393,0.9581573585313287,5.213035121354181e-07
141,0.3332503556669391,1.0,1.0,0.48082663047174873,0.9584899715883268,2.5631621480837197e-07
141,0.33336535410127976,1.0,1.0,0.5116035623887584,0.9581593288134338,1.8083074682095912e-07
141,0.3333654648584047,1.0,1.0,0.5115992658090938,0.9581591922961992,1.818209957038519e-07
141,0.33326118533268906,1.0,1.0,0.48374266643139985,0.9584588244687621,1.5990047635972005e-06
141,0.3333660379715168,1.0,1.0,0.5117624860298536,0.9581575092421236,1.460057753588373e-07
141,0.33326242373301707,1.0,1.0,0.48404354512636316,0.9584552628439448,1.3752585734660983e-06
141,0.33326305480910395,1.0,1.0,0.48415362998957095,0.9584534478867025,7.808852302559899e-07
141,0.33335446268736035,1.0,1.0,0.508635632075552,0.95819063395852,7.58024365055121e-07
141,0.33336623923435776,1.0,1.0,0.5117798868374276,0.9581573298546371,5.450856012112482e-07
141,0.3333661699427067,1.0,1.0,0.5117798868374276,0.9581573298546371,3.4592842390601675e-07
141,0.33336599783204757,1.0,1.0,0.5117635226846636,0.9581574985548704,1.9950043839145337e-08
141,0.3333666032590357,1.0,1.0,0.5117798868374276,0.9581573298546371,1.5913593147676153e-06
141,0.33336544880619623,1.0,1.0,0.5116158351621477,0.9581590566124627,3.520441993476453e-08
142,0.33336541230860994,1.0,1.0,0.5116022523528376,0.9581591615138455,1.9930168626558498e-11
142,0.33336603899617856,1.0,1.0,0.5117798868374276,0.9581573602912756,3.043663854285228e-08
142,0.33336593014158794,1.0,1.0,0.5117462679144412,0.9581576764443256,3.2841649399983908e-09
142,0.33336599100564807,1.0,1.0,0.511764794827083,0.9581574982252015,1.2785272507365164e-08
142,0.33336593840083484,1.0,1.0,0.5117477599948739,0.9581576610612879,1.1639787467210283e-08
142,0.3333661699427067,1.0,1.0,0.5117798868374276,0.9581573298546371,3.4592842390601675e-07
142,0.3332503556669391,1.0,1.0,0.4808037240889095,0.9584899715883268,8.959299968580581e-11
142,0.3333654040445468,1.0,1.0,0.5116001382059857,0.9581591852664236,1.9678793039545894e-09
142,0.3332507553540569,1.0,1.0,0.4809064114107747,0.9584888229803201,9.650606980216025e-10
142,0.3332505573295662,1.0,1.0,0.4808555446300471,0.9584893918661513,2.9667490686335896e-10
142,0.33336609216104035,1.0,1.0,0.5117766041804556,0.9581573636954136,1.5621003124355326e-07
142,0.33336603155852174,1.0,1.0,0.5117798868374276,0.9581573816685154,5.181387829900075e-08
142,0.3333660899471826,1.0,1.0,0.51177656845549,0.9581573640637022,1.5021527388636713e-07
142,0.3333654206591446,1.0,1.0,0.5116036988052998,0.95815914657574,9.063007899712261e-09
142,0.3333654086435465,1.0,1.0,0.5116006079974835,0.9581591784532559,6.405281860466516e-09
142,0.33336599783204757,1.0,1.0,0.5117635226846636,0.9581574985548704,1.9950043839145337e-08
142,0.3333654866938254,1.0,1.0,0.5116212129050661,0.9581589659462209,1.823037865111843e-08
142,0.33336623179670094,1.0,1.0,0.5117798868374276,0.9581573298546371,5.237083869902293e-07
142,0.33336621671762606,1.0,1.0,0.5117797821339811,0.958157330934016,4.814476869396955e-07
142,0.33336549750786365,1.0,1.0,0.5116239946321007,0.9581589372579731,2.062383430700976e-08
142,0.3332499017862987,1.0,1.0,0.48067450035909426,0.9584914172676474,1.4023245176186805e-07
142,0.3333655509959551,1.0,1.0,0.5116381810529115,0.9581587909551086,2.805638565916979e-08
142,0.3333655450352595,1.0,1.0,0.5116265356120381,0.9581589110527557,1.3102181029012172e-07
142,0.3332621653549804,1.0,1.0,0.48394469619381314,0.9584560059339624,1.022038169318229e-06
142,0.3333661475537789,1.0,1.0,0.5117615158898603,0.9581575192436768,4.709674760183802e-07
142,0.333366001625231,1.0,1.0,0.5117476900221573,0.9581576617826908,1.9408019691358191e-07
142,0.33336520837703415,1.0,1.0,0.5115891907659589,0.958159747654517,4.514457010440509e-07
142,0.3333655583505863,1.0,1.0,0.5116395838526334,0.958158776488494,3.472844034568823e-08
142,0.3334700148592315,1.0,1.0,0.5117798868374276,0.9581573298546371,0.00029872277576081796
142,0.33336608687942865,1.0,1.0,0.51177411895023,0.9581573893157413,1.666500076824562e-07
142,0.33336559940525384,1.0,1.0,0.5117766041804556,0.9581586237608103,1.2600653966909903e-06
142,0.3333652907916712,1.0,1.0,0.5116006079974835,0.958159510778064,3.323248081166241e-07
142,0.33346958290020834,1.0,1.0,0.5117798868374276,0.9581573298546371,0.0002974820159188374
142,0.3333654206591446,1.0,1.0,0.5117798868374276,0.9581591375127321,1.8076580949877297e-06
142,0.3333658842856843,1.0,1.0,0.511749254458185,0.9581578049588475,1.5930510488537664e-07
142,0.3332618231211667,1.0,1.0,0.5117635226846636,0.9584569901932757,0.00029949163840525816
142,0.3332507740415138,1.0,1.0,0.48086912743935717,0.958489239950596,4.716838043483662e-07
142,0.3333662247203608,1.0,1.0,0.5117798868374276,0.9581573298546371,5.033696636180807e-07
142,0.3333663776142081,1.0,1.0,0.5117798868374276,0.9581573298546371,9.428149494450366e-07
142,0.3333661828212137,1.0,1.0,0.5117798868374276,0.9581573298546371,3.829436703295386e-07
143,0.33336541230860994,1.0,1.0,0.5116022523528376,0.9581591615138455,1.9930168626558498e-11
143,0.33336603899617856,1.0,1.0,0.5117798868374276,0.9581573602912756,3.043663854285228e-08
143,0.33336593014158794,1.0,1.0,0.5117462679144412,0.9581576764443256,3.2841649399983908e-09
143,0.33336599100564807,1.0,1.0,0.511764794827083,0.9581574982252015,1.2785272507365164e-08
143,0.33336593840083484,1.0,1.0,0.5117477599948739,0.9581576610612879,1.1639787467210283e-08
143,0.3333661699427067,1.0,1.0,0.5117798868374276,0.9581573298546371,3.4592842390601675e-07
143,0.3332503556669391,1.0,1.0,0.4808037240889095,0.9584899715883268,8.959299968580581e-11
143,0.3333654040445468,1.0,1.0,0.5116001382059857,0.9581591852664236,1.9678793039545894e-09
143,0.3332507553540569,1.0,1.0,0.4809064114107747,0.9584888229803201,9.650606980216025e-10
143,0.3332505573295662,1.0,1.0,0.4808555446300471,0.9584893918661513,2.9667490686335896e-10
143,0.33336609216104035,1.0,1.0,0.5117766041804556,0.9581573636954136,1.5621003124355326e-07
143,0.33336603155852174,1.0,1.0,0.5117798868374276,0.9581573816685154,5.181387829900075e-08
143,0.3333660899471826,1.0,1.0,0.51177656845549,0.9581573640637022,1.5021527388636713e-07
143,0.3333654206591446,1.0,1.0,0.5116036988052998,0.95815914657574,9.063007899712261e-09
143,0.3333654086435465,1.0,1.0,0.5116006079974835,0.9581591784532559,6.405281860466516e-09
143,0.33336599783204757,1.0,1.0,0.5117635226846636,0.9581574985548704,1.9950043839145337e-08
143,0.3333654866938254,1.0,1.0,0.5116212129050661,0.9581589659462209,1.823037865111843e-08
143,0.3333661828212137,1.0,1.0,0.5117798868374276,0.9581573298546371,3.829436703295386e-07
143,0.33336549750786365,1.0,1.0,0.5116239946321007,0.9581589372579731,2.062383430700976e-08
143,0.3333662247203608,1.0,1.0,0.5117798868374276,0.9581573298546371,5.033696636180807e-07
143,0.3332621096972048,1.0,1.0,0.4839478741473387,0.9584561660047523,1.2173594162723234e-06
143,0.33346938159579265,1.0,1.0,0.5117798868374276,0.9581573298546371,0.0002969037876704439
143,0.33336593014158794,1.0,1.0,0.5117462679144412,0.9581576764443256,3.2841649399983908e-09
143,0.3333654510129713,1.0,1.0,0.5116184265427873,0.9581590502697491,5.5587269787160665e-08
143,0.3333654780799952,1.0,1.0,0.5116196518106338,0.958158982046045,9.572335146756927e-09
143,0.3332613079918314,1.0,1.0,0.4837687000108411,0.9584584717013265,1.535154187659593e-06
143,0.3334693687172856,1.0,1.0,0.5117798868374276,0.9581573298546371,0.00029686679533069693
143,0.33336654076006905,1.0,1.0,0.5117798868374276,0.9581573298546371,1.411725980005052e-06
143,0.3334700234471337,1.0,1.0,0.5117798868374276,0.9581573298546371,0.0002987474436334514
143,0.3333654017977319,1.0,1.0,0.5116094395588534,0.9581591917242213,1.0435593977842217e-07
143,0.3333664783451315,1.0,1.0,0.5117766041804556,0.9581573636954136,1.2661748695075303e-06
143,0.3334701928127555,1.0,1.0,0.5117798868374276,0.9581573298546371,0.0002992339288346857
143,0.33336547864704624,1.0,1.0,0.51177656845549,0.958158970843892,1.6067801897889922e-06
143,0.3332621960320368,1.0,1.0,0.4839768930090835,0.9584559177073072,1.2909307516295598e-06
143,0.33336553016048526,1.0,1.0,0.5116022523528376,0.9581591614939153,3.387099128948634e-07
143,0.33336625612654364,1.0,1.0,0.5117798868374276,0.9581573298546371,5.93636893198024e-07
143,0.33336636310454576,1.0,1.0,0.5117798868374276,0.9581573298546371,9.011115049695206e-07
143,0.33336541225367755,1.0,1.0,0.5117798868374276,0.9581591616717322,1.8318170951214796e-06
143,0.3333654184523695,1.0,1.0,0.5116239946321007,0.9581591438554468,2.0659747368423353e-07
143,0.33336471976014437,1.0,1.0,0.511441925037002,0.9581611520413841,3.3664505783015386e-07
144,0.33336541230860994,1.0,1.0,0.5116022523528376,0.9581591615138455,1.9930168626558498e-11
144,0.33336603899617856,1.0,1.0,0.5117798868374276,0.9581573602912756,3.043663854285228e-08
144,0.33336593014158794,1.0,1.0,0.5117462679144412,0.9581576764443256,3.2841649399983908e-09
144,0.33336599100564807,1.0,1.0,0.511764794827083,0.9581574982252015,1.2785272507365164e-08
144,0.33336593840083484,1.0,1.0,0.5117477599948739,0.9581576610612879,1.1639787467210283e-08
144,0.3333661699427067,1.0,1.0,0.5117798868374276,0.9581573298546371,3.4592842390601675e-07
144,0.33336593014158794,1.0,1.0,0.5117462679144412,0.9581576764443256,3.2841649399983908e-09
144,0.3332503556669391,1.0,1.0,0.4808037240889095,0.9584899715883268,8.959299968580581e-11
144,0.3333654040445468,1.0,1.0,0.5116001382059857,0.9581591852664236,1.9678793039545894e-09
144,0.3332507553540569,1.0,1.0,0.4809064114107747,0.9584888229803201,9.650606980216025e-10
144,0.3332505573295662,1.0,1.0,0.4808555446300471,0.9584893918661513,2.9667490686335896e-10
144,0.33336609216104035,1.0,1.0,0.5117766041804556,0.9581573636954136,1.5621003124355326e-07
144,0.33336603155852174,1.0,1.0,0.5117798868374276,0.9581573816685154,5.181387829900075e-08
144,0.3333660899471826,1.0,1.0,0.51177656845549,0.9581573640637022,1.5021527388636713e-07
144,0.33336599783204757,1.0,1.0,0.5117635226846636,0.9581574985548704,1.9950043839145337e-08
144,0.3333661828212137,1.0,1.0,0.5117798868374276,0.9581573298546371,3.829436703295386e-07
144,0.3333654206591446,1.0,1.0,0.5116036988052998,0.95815914657574,9.063007899712261e-09
144,0.3333654086435465,1.0,1.0,0.5116006079974835,0.9581591784532559,6.405281860466516e-09
144,0.3333654866938254,1.0,1.0,0.5116212129050661,0.9581589659462209,1.823037865111843e-08
144,0.3333654780799952,1.0,1.0,0.5116196518106338,0.958158982046045,9.572335146756927e-09
144,0.3333659666391742,1.0,1.0,0.5117598507237513,0.9581575682591037,3.18485184891415e-08
144,0.3333664912640267,1.0,1.0,0.5117798868374276,0.9581573298546371,1.2694653539480072e-06
144,0.33325084588986625,1.0,1.0,0.4809353255690731,0.958488561618138,6.197438251476228e-08
144,0.3334689596210503,1.0,1.0,0.5117798868374276,0.9581573298546371,0.0002956917021265104
144,0.33326256915666147,1.0,1.0,0.4840758262221356,0.958454844608986,1.3149828318459456e-06
144,0.33324985753626524,1.0,1.0,0.4806595125647951,0.9584915849852266,1.806783457292127e-07
144,0.33336546342120066,1.0,1.0,0.5116172822188612,0.9581590146060153,8.121856187592869e-09
144,0.3333665667287421,1.0,1.0,0.5117798868374276,0.9581573298546371,1.4863646515816953e-06
144,0.3332502856634394,1.0,1.0,0.48080076969763463,0.9584901729314468,1.6838428129606342e-07
144,0.33336582751457805,1.0,1.0,0.5117176532987264,0.9581579714665163,3.3365399332296874e-09
144,0.3333661610490313,1.0,1.0,0.5117797821339811,0.958157330934016,3.214457087175049e-07
144,0.33347004513790346,1.0,1.0,0.5117798868374276,0.9581573298546371,0.00029880974814977534
144,0.33346952730492546,1.0,1.0,0.5117798868374276,0.9581573298546371,0.0002973223236990563
144,0.333365372810769,1.0,1.0,0.5116066531965746,0.9581592750385878,1.5893317317772215e-07
144,0.33336599783204757,1.0,1.0,0.5117496298067399,0.9581576417840015,1.6317917495012324e-07
144,0.3334698641354329,1.0,1.0,0.5117798868374276,0.9581573298546371,0.0002982898368273368
144,0.3334701998483977,1.0,1.0,0.5117798868374276,0.9581573298546371,0.0002992541379773783
144,0.33336487573865115,1.0,1.0,0.5114638466574493,0.958160703726171,1.1450906611809586e-07
144,0.33347026440671257,1.0,1.0,0.5117798868374276,0.9581573298546371,0.0002994395749102985
144,0.33336631376774184,1.0,1.0,0.5117798868374276,0.9581573298546371,7.593084080381729e-07
145,0.33336541230860994,1.0,1.0,0.5116022523528376,0.9581591615138455,1.9930168626558498e-11
145,0.33336603899617856,1.0,1.0,0.5117798868374276,0.9581573602912756,3.043663854285228e-08
145,0.33336593014158794,1.0,1.0,0.5117462679144412,0.9581576764443256,3.2841649399983908e-09
145,0.33336599100564807,1.0,1.0,0.511764794827083,0.9581574982252015,1.2785272507365164e-08
145,0.33336593840083484,1.0,1.0,0.5117477599948739,0.9581576610612879,1.1639787467210283e-08
145,0.3333661699427067,1.0,1.0,0.5117798868374276,0.9581573298546371,3.4592842390601675e-07
145,0.33336593014158794,1.0,1.0,0.5117462679144412,0.9581576764443256,3.2841649399983908e-09
145,0.3333661610490313,1.0,1.0,0.5117797821339811,0.958157330934016,3.214457087175049e-07
145,0.3332503556669391,1.0,1.0,0.4808037240889095,0.9584899715883268,8.959299968580581e-11
145,0.3333654040445468,1.0,1.0,0.5116001382059857,0.9581591852664236,1.9678793039545894e-09
145,0.3332507553540569,1.0,1.0,0.4809064114107747,0.9584888229803201,9.650606980216025e-10
145,0.3332505573295662,1.0,1.0,0.4808555446300471,0.9584893918661513,2.9667490686335896e-10
145,0.33336609216104035,1.0,1.0,0.5117766041804556,0.9581573636954136,1.5621003124355326e-07
145,0.33336603155852174,1.0,1.0,0.5117798868374276,0.9581573816685154,5.181387829900075e-08
145,0.3333660899471826,1.0,1.0,0.51177656845549,0.9581573640637022,1.5021527388636713e-07
145,0.33336599783204757,1.0,1.0,0.5117635226846636,0.9581574985548704,1.9950043839145337e-08
145,0.3333661828212137,1.0,1.0,0.5117798868374276,0.9581573298546371,3.829436703295386e-07
145,0.33336582751457805,1.0,1.0,0.5117176532987264,0.9581579714665163,3.3365399332296874e-09
145,0.33336631376774184,1.0,1.0,0.5117798868374276,0.9581573298546371,7.593084080381729e-07
145,0.3333654086435465,1.0,1.0,0.5116006079974835,0.9581591784532559,6.405281860466516e-09
145,0.333365928149116,1.0,1.0,0.5117462357619722,0.9581576788869076,2.1110961867520928e-09
145,0.3332513746589011,1.0,1.0,0.4810652307877976,0.9584870472709435,6.4839517088799425e-09
145,0.3333659373621455,1.0,1.0,0.5117175590656247,0.9581579724381137,3.200312208573308e-07
145,0.3332508291542762,1.0,1.0,0.48093524082651945,0.9584886097526668,1.091613028858518e-07
145,0.33326234052326964,1.0,1.0,0.4840076518313638,0.9584555021533728,1.216517418134444e-06
145,0.33336595799579904,1.0,1.0,0.5117478542279756,0.9581576600897661,6.698794785542361e-08
145,0.333250403011271,1.0,1.0,0.4808190554378977,0.9584898354172471,3.5413935117745154e-08
145,0.33336545858681355,1.0,1.0,0.5115971838147109,0.9581592137693825,1.8526837164412058e-07
145,0.33336602741942195,1.0,1.0,0.5117794640250796,0.9581573935650756,5.935169966608811e-08
145,0.3333669812559254,1.0,1.0,0.5117798868374276,0.9581573298546371,2.677789310068235e-06
145,0.33336639234204823,1.0,1.0,0.5117798868374276,0.9581573298546371,9.851454733089682e-07
145,0.3332505573295662,1.0,1.0,0.5117798868374276,0.9584893915694764,0.000332061714839349
145,0.33336522768295984,1.0,1.0,0.5116200158012967,0.9581596921653438,7.138732003308945e-07
145,0.33336651268382217,1.0,1.0,0.5117798868374276,0.9581573298546371,1.3310297463098308e-06
145,0.33336511970242194,1.0,1.0,0.51177656845549,0.9581600025235443,2.6384598420525762e-06
145,0.3334700102056729,1.0,1.0,0.5117798868374276,0.9581573298546371,0.0002987094088883202
145,0.33336644681942224,1.0,1.0,0.5117798868374276,0.9581573298546371,1.1417234428989786e-06
145,0.33346928876498794,1.0,1.0,0.5117798868374276,0.9581573298546371,0.0002966371395656253
145,0.3334700560233625,1.0,1.0,0.5117798868374276,0.9581573298546371,0.0002988410155138066
145,0.33336603249586716,1.0,1.0,0.5117797926043257,0.9581573789744064,4.81483284353601e-08
146,0.33336541230860994,1.0,1.0,0.5116022523528376,0.9581591615138455,1.9930168626558498e-11
146,0.33336603899617856,1.0,1.0,0.5117798868374276,0.9581573602912756,3.043663854285228e-08
146,0.33336593014158794,1.0,1.0,0.5117462679144412,0.9581576764443256,3.2841649399983908e-09
146,0.33336599100564807,1.0,1.0,0.511764794827083,0.9581574982252015,1.2785272507365164e-08
146,0.33336593840083484,1.0,1.0,0.5117477599948739,0.9581576610612879,1.1639787467210283e-08
146,0.3333661699427067,1.0,1.0,0.5117798868374276,0.9581573298546371,3.4592842390601675e-07
146,0.33336593014158794,1.0,1.0,0.5117462679144412,0.9581576764443256,3.2841649399983908e-09
146,0.3333661610490313,1.0,1.0,0.5117797821339811,0.958157330934016,3.214457087175049e-07
146,0.333365928149116,1.0,1.0,0.5117462357619722,0.9581576788869076,2.1110961867520928e-09
146,0.3332503556669391,1.0,1.0,0.4808037240889095,0.9584899715883268,8.959299968580581e-11
146,0.3333654040445468,1.0,1.0,0.5116001382059857,0.9581591852664236,1.9678793039545894e-09
146,0.3332507553540569,1.0,1.0,0.4809064114107747,0.9584888229803201,9.650606980216025e-10
146,0.3332505573295662,1.0,1.0,0.4808555446300471,0.9584893918661513,2.9667490686335896e-10
146,0.33336609216104035,1.0,1.0,0.5117766041804556,0.9581573636954136,1.5621003124355326e-07
146,0.3333660899471826,1.0,1.0,0.51177656845549,0.9581573640637022,1.5021527388636713e-07
146,0.33336603249586716,1.0,1.0,0.5117797926043257,0.9581573789744064,4.81483284353601e-08
146,0.33336599783204757,1.0,1.0,0.5117635226846636,0.9581574985548704,1.9950043839145337e-08
146,0.3333661828212137,1.0,1.0,0.5117798868374276,0.9581573298546371,3.829436703295386e-07
146,0.33336582751457805,1.0,1.0,0.5117176532987264,0.9581579714665163,3.3365399332296874e-09
146,0.33336631376774184,1.0,1.0,0.5117798868374276,0.9581573298546371,7.593084080381729e-07
146,0.3333658764429321,1.0,1.0,0.5117491374959243,0.9581578275004295,1.8064083717739265e-07
146,0.33314631231942055,1.0,1.0,0.5117798868374276,0.9587893130524823,0.0006319831978451873
146,0.3334696834270255,1.0,1.0,0.5117798868374276,0.9581573298546371,0.00029777076960857407
146,0.33336664237058256,1.0,1.0,0.5117798868374276,0.9581573298546371,1.7037729402868962e-06
146,0.33326138701736285,1.0,1.0,0.48375184876300714,0.9584582444242016,1.1208666778061982e-06
146,0.3332618234045193,1.0,1.0,0.4838692135212076,0.958456989378357,1.1681263601959202e-06
146,0.33326197397846413,1.0,1.0,0.48391650538410447,0.9584565563297026,1.2597230163446937e-06
146,0.3332504392535671,1.0,1.0,0.4808067106326533,0.9584899380909049,2.069131973536642e-07
146,0.33326223572773855,1.0,1.0,0.48397866694309544,0.9584558035432164,1.1964418097365481e-06
146,0.3332503556669391,1.0,1.0,0.5117798868374276,0.9584899715883268,0.0003326417336897425
146,0.3333654184523695,1.0,1.0,0.5116011074246601,0.9581591733023205,2.944687371719823e-08
146,0.3332507553540569,1.0,1.0,0.5117479392666363,0.9584888220152594,0.00033116280222222905
146,0.33336598356799124,1.0,1.0,0.5117628920949163,0.9581575196024474,1.4546600479725669e-08
146,0.33336586253551936,1.0,1.0,0.5117463114248023,0.9581578674730177,1.9147727547963456e-07
146,0.3332622763285901,1.0,1.0,0.4839936542499935,0.9584556867759598,1.2458988168928542e-06
146,0.3333656457994631,1.0,1.0,0.5117315401769537,0.9581584904147019,6.62127295658621e-07
146,0.33336599783204757,1.0,1.0,0.4808066784801843,0.9584899384505648,0.00033245984573826437
146,0.33336605499731187,1.0,1.0,0.511767687137725,0.9581574556222916,1.4132131220812028e-07
146,0.33336537197305643,1.0,1.0,0.5117176532987264,0.9581592774463425,1.305979826282666e-06
146,0.3334700560233625,1.0,1.0,0.5117798868374276,0.9581573298546371,0.0002988410155138066
147,0.33336541230860994,1.0,1.0,0.5116022523528376,0.9581591615138455,1.9930168626558498e-11
147,0.33336603899617856,1.0,1.0,0.5117798868374276,0.9581573602912756,3.043663854285228e-08
147,0.33336593014158794,1.0,1.0,0.5117462679144412,0.9581576764443256,3.2841649399983908e-09
147,0.33336599100564807,1.0,1.0,0.511764794827083,0.9581574982252015,1.2785272507365164e-08
147,0.33336593840083484,1.0,1.0,0.5117477599948739,0.9581576610612879,1.1639787467210283e-08
147,0.3333661699427067,1.0,1.0,0.5117798868374276,0.9581573298546371,3.4592842390601675e-07
147,0.33336593014158794,1.0,1.0,0.5117462679144412,0.9581576764443256,3.2841649399983908e-09
147,0.3333661610490313,1.0,1.0,0.5117797821339811,0.958157330934016,3.214457087175049e-07
147,0.333365928149116,1.0,1.0,0.5117462357619722,0.9581576788869076,2.1110961867520928e-09
147,0.3332503556669391,1.0,1.0,0.4808037240889095,0.9584899715883268,8.959299968580581e-11
147,0.3333654040445468,1.0,1.0,0.5116001382059857,0.9581591852664236,1.9678793039545894e-09
147,0.3332507553540569,1.0,1.0,0.4809064114107747,0.9584888229803201,9.650606980216025e-10
147,0.3332505573295662,1.0,1.0,0.4808555446300471,0.9584893918661513,2.9667490686335896e-10
147,0.33336609216104035,1.0,1.0,0.5117766041804556,0.9581573636954136,1.5621003124355326e-07
147,0.3333660899471826,1.0,1.0,0.51177656845549,0.9581573640637022,1.5021527388636713e-07
147,0.33336603249586716,1.0,1.0,0.5117797926043257,0.9581573789744064,4.81483284353601e-08
147,0.33336599783204757,1.0,1.0,0.5117635226846636,0.9581574985548704,1.9950043839145337e-08
147,0.33336598356799124,1.0,1.0,0.5117628920949163,0.9581575196024474,1.4546600479725669e-08
147,0.3333661828212137,1.0,1.0,0.5117798868374276,0.9581573298546371,3.829436703295386e-07
147,0.33336582751457805,1.0,1.0,0.5117176532987264,0.9581579714665163,3.3365399332296874e-09
147,0.3334698680266867,1.0,1.0,0.5117798868374276,0.9581573298546371,0.0002983010140669151
147,0.33336616250938444,1.0,1.0,0.5117785439650382,0.9581573436982188,3.3840724100731023e-07
147,0.333366135965815,1.0,1.0,0.5117763985595581,0.9581573658151603,2.842329692720469e-07
147,0.3332622452798316,1.0,1.0,0.48395735054859235,0.9584557760715806,9.325384845437767e-07
147,0.3333655682394117,1.0,1.0,0.5116502075361046,0.9581587133376087,4.640598405547536e-08
147,0.3332627443276751,1.0,1.0,0.48412188164628234,0.9584543408217819,1.3218422979521804e-06
147,0.33336593014158794,1.0,1.0,0.4810526996375956,0.958487187350223,0.00032951419006232996
147,0.3333661322582235,1.0,1.0,0.5117798868374276,0.9581573298546371,2.3761612943928867e-07
147,0.333365928149116,1.0,1.0,0.5117657004166168,0.9581576788869076,2.027829779649437e-07
147,0.33326234052326964,1.0,1.0,0.4840076518313638,0.9584555021533728,1.216517418134444e-06
147,0.33336608504118115,1.0,1.0,0.5117609956519288,0.9581575246070239,2.9665781897669774e-07
147,0.3332507553540569,1.0,1.0,0.5117768277427063,0.9584888220152594,0.0003314606245493623
147,0.3333659135644915,1.0,1.0,0.5117599377036415,0.95815772080592,1.8529204948158906e-07
147,0.3331465403023823,1.0,1.0,0.4530072551870685,0.9588129814976732,2.432457575263225e-05
147,0.3333663018344873,1.0,1.0,0.5117798868374276,0.9581573298546371,7.250100215738797e-07
147,0.3332626178767447,1.0,1.0,0.4840497691382711,0.9584547044912615,8.859252382809046e-07
147,0.3333667930600406,1.0,1.0,0.5117798868374276,0.9581573298546371,2.1368813200028924e-06
147,0.33336604050017504,1.0,1.0,0.5117798868374275,0.9581573559685038,2.6113866846699807e-08
147,0.3333661828212137,1.0,1.0,0.48077343812099965,0.9584903102962882,0.00033336338532141685
147,0.33326224255413806,1.0,1.0,0.48397739480067603,0.9584557839106227,1.1626995736202517e-06
148,0.33336541230860994,1.0,1.0,0.5116022523528376,0.9581591615138455,1.9930168626558498e-11
148,0.33336593014158794,1.0,1.0,0.5117462679144412,0.9581576764443256,3.2841649399983908e-09
148,0.33336599100564807,1.0,1.0,0.511764794827083,0.9581574982252015,1.2785272507365164e-08
148,0.33336593840083484,1.0,1.0,0.5117477599948739,0.9581576610612879,1.1639787467210283e-08
148,0.33336593014158794,1.0,1.0,0.5117462679144412,0.9581576764443256,3.2841649399983908e-09
148,0.333365928149116,1.0,1.0,0.5117462357619722,0.9581576788869076,2.1110961867520928e-09
148,0.3333661322582235,1.0,1.0,0.5117798868374276,0.9581573298546371,2.3761612943928867e-07
148,0.33336604050017504,1.0,1.0,0.5117798868374275,0.9581573559685038,2.6113866846699807e-08
148,0.3332503556669391,1.0,1.0,0.4808037240889095,0.9584899715883268,8.959299968580581e-11
148,0.3333654040445468,1.0,1.0,0.5116001382059857,0.9581591852664236,1.9678793039545894e-09
148,0.3332507553540569,1.0,1.0,0.4809064114107747,0.9584888229803201,9.650606980216025e-10
148,0.3332505573295662,1.0,1.0,0.4808555446300471,0.9584893918661513,2.9667490686335896e-10
148,0.33336599783204757,1.0,1.0,0.5117635226846636,0.9581574985548704,1.9950043839145337e-08
148,0.33336598356799124,1.0,1.0,0.5117628920949163,0.9581575196024474,1.4546600479725669e-08
148,0.33336582751457805,1.0,1.0,0.5117176532987264,0.9581579714665163,3.3365399332296874e-09
148,0.3333661699427067,1.0,1.0,0.5117798868374276,0.9581573298546371,3.4592842390601675e-07
148,0.3333661610490313,1.0,1.0,0.5117797821339811,0.958157330934016,3.214457087175049e-07
148,0.33336603899617856,1.0,1.0,0.5117798868374276,0.9581573602912756,3.043663854285228e-08
148,0.3333661828212137,1.0,1.0,0.5117798868374276,0.9581573298546371,3.829436703295386e-07
148,0.3333655682394117,1.0,1.0,0.5116502075361046,0.9581587133376087,4.640598405547536e-08
148,0.3332502378150638,1.0,1.0,0.4808037240889095,0.9584903105523468,3.390536129632693e-07
148,0.3332622368338906,1.0,1.0,0.4839844006594966,0.9584558003619442,1.2568539908830445e-06
148,0.3333662468128776,1.0,1.0,0.5117798868374276,0.9581573298546371,5.668676809067463e-07
148,0.3333668721295576,1.0,1.0,0.5117798868374276,0.9581573298546371,2.364141058364133e-06
148,0.3333664713193846,1.0,1.0,0.5117798868374276,0.9581573298546371,1.2121408139442735e-06
148,0.3332503111218648,1.0,1.0,0.48079014127959946,0.9584901234410192,2.373276142275671e-08
148,0.33335430633156066,1.0,1.0,0.5086250868483101,0.9581910833862296,1.0978520177395978e-06
148,0.33336566060372064,1.0,1.0,0.5116759606902479,0.9581584478643534,4.649997031869191e-08
148,0.3332503556669391,1.0,1.0,0.4808037240889095,0.9584899715883268,8.959299968580581e-11
148,0.3333654040445468,1.0,1.0,0.5117798868374276,0.9581591852664236,1.8554117865443587e-06
148,0.33336607757839776,1.0,1.0,0.5117541336832843,0.9581575953505589,3.459519015702739e-07
148,0.3332616939619877,1.0,1.0,0.4838692135212076,0.9584573616536621,1.5404016653342012e-06
148,0.33336577605611073,1.0,1.0,0.5116803703336905,0.9581583558937898,2.3986218744553867e-07
148,0.3332623831913971,1.0,1.0,0.48402401598412764,0.9584553794407492,1.2752852337483134e-06
148,0.3334699738497265,1.0,1.0,0.5117176532987264,0.9581579714665163,0.0002992465920053089
148,0.33326237698031397,1.0,1.0,0.48402395068824794,0.9584553973036898,1.2924240506695384e-06
148,0.33326176240363115,1.0,1.0,0.48385440209332026,0.9584571648162081,1.1792358848294882e-06
148,0.3333656024449631,1.0,1.0,0.5116571285114497,0.9581586150240852,1.9463487710424943e-08
148,0.33326229672740393,1.0,1.0,0.5117798868374276,0.9584556281093803,0.00029829825474325666
148,0.33336588974780124,1.0,1.0,0.5117315080244847,0.9581578286189051,3.935923409414954e-08
149,0.33336541230860994,1.0,1.0,0.5116022523528376,0.9581591615138455,1.9930168626558498e-11
149,0.33336593014158794,1.0,1.0,0.5117462679144412,0.9581576764443256,3.2841649399983908e-09
149,0.33336599100564807,1.0,1.0,0.511764794827083,0.9581574982252015,1.2785272507365164e-08
149,0.33336593840083484,1.0,1.0,0.5117477599948739,0.9581576610612879,1.1639787467210283e-08
149,0.33336593014158794,1.0,1.0,0.5117462679144412,0.9581576764443256,3.2841649399983908e-09
149,0.333365928149116,1.0,1.0,0.5117462357619722,0.9581576788869076,2.1110961867520928e-09
149,0.3333661322582235,1.0,1.0,0.5117798868374276,0.9581573298546371,2.3761612943928867e-07
149,0.33336604050017504,1.0,1.0,0.5117798868374275,0.9581573559685038,2.6113866846699807e-08
149,0.3332503556669391,1.0,1.0,0.4808037240889095,0.9584899715883268,8.959299968580581e-11
149,0.3333654040445468,1.0,1.0,0.5116001382059857,0.9581591852664236,1.9678793039545894e-09
149,0.3332507553540569,1.0,1.0,0.4809064114107747,0.9584888229803201,9.650606980216025e-10
149,0.3332505573295662,1.0,1.0,0.4808555446300471,0.9584893918661513,2.9667490686335896e-10
149,0.3332503556669391,1.0,1.0,0.4808037240889095,0.9584899715883268,8.959299968580581e-11
149,0.33336599783204757,1.0,1.0,0.5117635226846636,0.9581574985548704,1.9950043839145337e-08
149,0.33336598356799124,1.0,1.0,0.5117628920949163,0.9581575196024474,1.4546600479725669e-08
149,0.33336582751457805,1.0,1.0,0.5117176532987264,0.9581579714665163,3.3365399332296874e-09
149,0.3333661699427067,1.0,1.0,0.5117798868374276,0.9581573298546371,3.4592842390601675e-07
149,0.3333661610490313,1.0,1.0,0.5117797821339811,0.958157330934016,3.214457087175049e-07
149,0.33336603899617856,1.0,1.0,0.5117798868374276,0.9581573602912756,3.043663854285228e-08
149,0.3333656024449631,1.0,1.0,0.5116571285114497,0.9581586150240852,1.9463487710424943e-08
149,0.3333661133718278,1.0,1.0,0.5117631836788279,0.9581575020498022,3.555282310774288e-07
149,0.33336600705859454,1.0,1.0,0.5117648944942751,0.9581574844124281,3.232645695572245e-08
149,0.3333661689547654,1.0,1.0,0.511764794827083,0.958157485439929,4.986741869439371e-07
149,0.33336541230860994,1.0,1.0,0.5116022523528376,0.9581591615138455,1.9930168626558498e-11
149,0.33336581830154854,1.0,1.0,0.511746329995074,0.9581579946100086,3.188057225989027e-07
149,0.33336562384958524,1.0,1.0,0.5116704735052376,0.9581585535029757,9.555607005662381e-08
149,0.3333655511865098,1.0,1.0,0.5116425655815067,0.9581587623510309,1.6611957143197742e-08
149,0.3333656277813034,1.0,1.0,0.5116646995793594,0.9581585422024425,2.471534565895439e-08
149,0.3333661310359844,1.0,1.0,0.5117798868374276,0.9581573298546371,2.3410318394923024e-07
149,0.3334699546020941,1.0,1.0,0.5117798868374276,0.9581573298546371,0.0002985496932486065
149,0.33336600614943807,1.0,1.0,0.5117650543964936,0.9581574827639463,2.8064886192780136e-08
149,0.3331468121270922,1.0,1.0,0.4530869513835409,0.9588120195373907,2.414492056279638e-05
149,0.3333647221738597,1.0,1.0,0.5114402671698548,0.9581611451038526,3.126017413812576e-07
149,0.33326178463583533,1.0,1.0,0.48388434562125004,0.9584571008766377,1.4475039942229984e-06
149,0.33336604078940335,1.0,1.0,0.5117798868374276,0.9581573551372068,2.528256970446563e-08
149,0.3334698760309946,1.0,1.0,0.5117798868374276,0.9581573298546371,0.0002983240056446679
149,0.33346895502205054,1.0,1.0,0.5117798868374276,0.9581573298546371,0.00029567849188505413
149,0.333365928149116,1.0,1.0,0.5117462357619722,0.9581576788869076,2.1110961867520928e-09
149,0.33325069867766444,1.0,1.0,0.4808989113140294,0.9584889850267362,7.817144187516334e-08
149,0.3334700535572892,1.0,1.0,0.5117798868374276,0.9581573298546371,0.00029883393197160935
