gen,sA,sB,sRail,pRail,Tmax,DeltaT
0,0.22358866752615147,0.7327722345107748,0.45199838515623453,0.03439941251572052,1.8651018434930595,0.3967273107963514
0,0.5198873008514348,0.9088382679747585,0.9464281978115257,0.32100709383074766,1.0229530983870396,0.3914471825968773
0,0.9571985493770293,0.8026066105015828,0.42098265415366154,0.171700878653159,1.7775274585204128,1.4345349764130708
0,0.6441183719464685,0.5509556749396929,0.42223355876478824,0.5203492973471568,1.8101843844264596,1.300476975892947
0,0.21371423821830016,0.4025596113157438,0.3304082170457262,0.17021832151077176,2.64178810463531,1.1055689558119604
0,0.6246280033742593,0.6904057307393767,0.11749047047692421,0.45048930095245776,3.128405682602419,2.602793791422062
0,0.7216919060012604,0.7981706062245358,0.944911671817664,0.3076956478234545,1.1075707220299655,0.6526509654435951
0,0.17711023719719482,0.6715730468176921,0.9495847575722371,0.11370046829753719,1.8537150082640839,0.6953624106993568
0,0.8491943012960244,0.47204766267602055,0.7689771703101289,0.24705720605425902,1.633550972693159,1.2469352055175107
0,0.3352675124666674,0.1377864991971986,0.18165249528960692,0.1510289919650737,5.92054142285118,4.941287861214324
0,0.3796793496093554,0.8333270893910814,0.08916814117531346,0.25154981633874884,5.626237881462759,4.761529526540501
0,0.5224665551856202,0.20457409065158605,0.6106502969741219,0.006406705003956042,2.413868929801497,1.785480561634396
0,0.9896098287918066,0.8347311012926382,0.7144505380172513,0.020515710090159785,1.280032641394912,0.9482737028924145
0,0.6440826984665359,0.9821946316613986,0.5720308458850095,0.1885538965551054,1.3378517689669172,0.8281161295291671
0,0.08437077100376991,0.5093143283224091,0.700268970032568,0.10515958749934587,3.8912990703545653,2.34474400953827
0,0.5056320062655796,0.9384262483267911,0.33467721366969155,0.4192813487639527,1.5450529651006129,0.8957429887823546
0,0.7769692989331916,0.9682778685554981,0.634976447206785,0.10340505316881553,1.3044914805357195,0.8819369385588395
0,0.5481468105840145,0.6364434557569375,0.31770263360912937,0.47955468330558143,1.8290373926568835,1.230088534932758
0,0.9088348186988484,0.2443872450021083,0.40254934155549066,0.005794133671238206,2.792032329331598,2.4307874699278216
0,0.31763111206009664,0.7275510376176958,0.8395984910297464,0.11866580757786234,1.1982817382650892,0.16465532962907714
0,0.46078929821971343,0.5394550678202943,0.05,0.525636434896757,4.911220808318911,4.198721826204265
0,0.6862558077362204,0.950562824274408,0.05,0.38094860817934917,7.0384236704217145,6.560013283968342
0,0.5732626325700692,0.05,0.4814113711201342,0.39294852487264087,13.37287834218291,12.800170673066642
0,0.6962583472419387,1.0,1.0,0.16500281729610408,0.9479328519063224,0.4763953723308765
0,0.05,0.13372435406818434,0.508800370434771,0.48040940725985304,6.566238001942577,0.7256543426791344
0,1.0,0.6710961976786645,0.6876621942649497,0.45787060643845245,1.3966445588261354,1.0683326524910806
0,0.1278394893096682,0.7449990904471369,0.7923187125358333,0.11357073716092375,2.5681571935877576,1.3405693580079066
0,1.0,0.07063102551247896,1.0,0.0,4.317622603171582,3.9893106968365273
0,0.9403162470970025,1.0,1.0,0.333705198408331,0.9445674784504041,0.5954169587951292
0,0.6938680255852065,0.704052211037559,0.14329185661499716,0.3364877621579818,3.362111520906804,2.888949631204065
0,0.6787891426022237,1.0,1.0,0.11708009705438283,0.9494486417718939,0.4657757519536082
0,0.7793781206467116,0.2495542245196619,0.2985668685625408,0.006406705003956042,3.3707601416621564,2.949511587789882
0,0.05,0.6865095985931385,0.4945879268421337,0.0,6.566238001942577,4.7787219831615095
0,0.6440826984665359,1.0,1.0,0.2563853448479221,0.9458321200716304,0.4360964806338804
0,0.6332446918420365,1.0,1.0,0.4719654730134311,0.9429827206713368,0.4245229366818568
0,0.6286055293528403,0.5948338602858114,0.967776213948764,0.0,1.1528669802631981,0.6305809187977776
0,0.40347818035835753,1.0,1.0,0.10340505316881553,0.949955397438405,0.1362511580714445
0,0.6085406775053623,1.0,1.0,0.3751164159058102,0.9440189980127188,0.40451207882083473
0,0.9658954694021112,0.8250370644303722,1.0,0.02340698178783107,1.0127129887241486,0.6728088099348148
0,0.05,0.8755753099350639,0.36259137157200727,0.295710029240258,6.566238001942577,4.833523497772068
1,0.6332446918420365,1.0,1.0,0.4719654730134311,0.9429827206713368,0.4245229366818568
1,0.40347818035835753,1.0,1.0,0.10340505316881553,0.949955397438405,0.1362511580714445
1,0.6085406775053623,1.0,1.0,0.3751164159058102,0.9440189980127188,0.40451207882083473
1,0.5198873008514348,0.9088382679747585,0.9464281978115257,0.32100709383074766,1.0229530983870396,0.3914471825968773
1,0.31763111206009664,0.7275510376176958,0.8395984910297464,0.11866580757786234,1.1982817382650892,0.16465532962907714
1,0.9403162470970025,1.0,1.0,0.333705198408331,0.9445674784504041,0.5954169587951292
1,0.6440826984665359,1.0,1.0,0.2563853448479221,0.9458321200716304,0.4360964806338804
1,0.22358866752615147,0.7327722345107748,0.45199838515623453,0.03439941251572052,1.8651018434930595,0.3967273107963514
1,0.6962583472419387,1.0,1.0,0.16500281729610408,0.9479328519063224,0.4763953723308765
1,0.6787891426022237,1.0,1.0,0.11708009705438283,0.9494486417718939,0.4657757519536082
1,0.7216919060012604,0.7981706062245358,0.944911671817664,0.3076956478234545,1.1075707220299655,0.6526509654435951
1,0.6286055293528403,0.5948338602858114,0.967776213948764,0.0,1.1528669802631981,0.6305809187977776
1,0.9658954694021112,0.8250370644303722,1.0,0.02340698178783107,1.0127129887241486,0.6728088099348148
1,0.17711023719719482,0.6715730468176921,0.9495847575722371,0.11370046829753719,1.8537150082640839,0.6953624106993568
1,0.9896098287918066,0.8347311012926382,0.7144505380172513,0.020515710090159785,1.280032641394912,0.9482737028924145
1,0.6440826984665359,0.9821946316613986,0.5720308458850095,0.1885538965551054,1.3378517689669172,0.8281161295291671
1,0.7769692989331916,0.9682778685554981,0.634976447206785,0.10340505316881553,1.3044914805357195,0.8819369385588395
1,0.05,0.13372435406818434,0.508800370434771,0.48040940725985304,6.566238001942577,0.7256543426791344
1,0.5056320062655796,0.9384262483267911,0.33467721366969155,0.4192813487639527,1.5450529651006129,0.8957429887823546
1,1.0,0.6710961976786645,0.6876621942649497,0.45787060643845245,1.3966445588261354,1.0683326524910806
1,1.0,0.7793147247867501,0.11566003031997374,0.3048043761257832,4.122368681023749,3.7940567746886944
1,0.40347818035835753,0.704415742135923,0.9546262818150134,0.24670002701046378,1.1743163658752453,0.3606121265082849
1,0.6085406775053623,0.9965756921061673,1.0,0.2352741506197195,0.9479019697958606,0.4083950506039765
1,0.682695185525669,0.8005481772634809,0.5224513505209071,0.3601078922472699,1.4054508332103146,0.9245452795411992
1,0.9073821958841956,0.6156798211727764,0.08887168656767208,0.11866580757786234,7.139083103828478,6.777259929656958
1,0.7591056090668002,0.8250370644303722,1.0,0.0,1.009702931146958,0.577204603760765
1,1.0,1.0,1.0,0.21836957300638446,0.9466069003521254,0.6182949940170704
1,0.5225685210635018,1.0,0.43021089974883486,0.525636434896757,1.173454693603461,0.5451889393499532
1,0.8804020595800099,1.0,1.0,0.525636434896757,0.9425203806781492,0.5696090469097179
1,0.42787789839271273,0.8622973640749617,1.0,0.0,0.9963205128434737,0.22901772125423747
1,0.05,0.7981706062245358,1.0,0.0,6.566238001942577,5.546110456309219
1,0.2444539097621128,0.05,1.0,0.37998227641340465,12.79884900740419,11.455806854223587
1,0.4646433654075265,0.7561009559177475,1.0,0.32593593829342626,1.1287451981756313,0.4221561658135228
1,0.6293418298042588,1.0,1.0,0.525636434896757,0.9425203806781492,0.4208453694305969
1,0.05,0.05167879524546701,0.4605857484651441,0.468981113140028,14.278824042284933,7.712586040342356
1,0.4553903463878517,0.4655559848054397,0.7022816914645221,0.4905720570098957,1.8735032655419892,1.1525571397697039
1,0.7465000071196666,1.0,0.6323955222051694,0.09371210905016103,1.3027669351422169,0.8629653234981118
1,0.4283696447971448,0.6932221821827174,0.19031585559646327,0.4330160277320948,2.378551231041627,1.6121292637418256
1,1.0,0.6710961976786645,0.6876621942649497,0.4192813487639527,1.395845302906976,1.0675333965719211
1,0.5842998820528515,0.6710961976786645,1.0,0.37661272076138674,1.2481626894838485,0.6862732964071256
2,0.40347818035835753,1.0,1.0,0.10340505316881553,0.949955397438405,0.1362511580714445
2,0.6085406775053623,1.0,1.0,0.3751164159058102,0.9440189980127188,0.40451207882083473
2,0.6293418298042588,1.0,1.0,0.525636434896757,0.9425203806781492,0.4208453694305969
2,0.31763111206009664,0.7275510376176958,0.8395984910297464,0.11866580757786234,1.1982817382650892,0.16465532962907714
2,0.42787789839271273,0.8622973640749617,1.0,0.0,0.9963205128434737,0.22901772125423747
2,0.6085406775053623,0.9965756921061673,1.0,0.2352741506197195,0.9479019697958606,0.4083950506039765
2,0.6332446918420365,1.0,1.0,0.4719654730134311,0.9429827206713368,0.4245229366818568
2,0.8804020595800099,1.0,1.0,0.525636434896757,0.9425203806781492,0.5696090469097179
2,0.5198873008514348,0.9088382679747585,0.9464281978115257,0.32100709383074766,1.0229530983870396,0.3914471825968773
2,0.40347818035835753,0.704415742135923,0.9546262818150134,0.24670002701046378,1.1743163658752453,0.3606121265082849
2,0.6440826984665359,1.0,1.0,0.2563853448479221,0.9458321200716304,0.4360964806338804
2,0.9403162470970025,1.0,1.0,0.333705198408331,0.9445674784504041,0.5954169587951292
2,0.4646433654075265,0.7561009559177475,1.0,0.32593593829342626,1.1287451981756313,0.4221561658135228
2,0.22358866752615147,0.7327722345107748,0.45199838515623453,0.03439941251572052,1.8651018434930595,0.3967273107963514
2,0.6962583472419387,1.0,1.0,0.16500281729610408,0.9479328519063224,0.4763953723308765
2,0.6787891426022237,1.0,1.0,0.11708009705438283,0.9494486417718939,0.4657757519536082
2,1.0,1.0,1.0,0.21836957300638446,0.9466069003521254,0.6182949940170704
2,0.7591056090668002,0.8250370644303722,1.0,0.0,1.009702931146958,0.577204603760765
2,0.5225685210635018,1.0,0.43021089974883486,0.525636434896757,1.173454693603461,0.5451889393499532
2,0.6286055293528403,0.5948338602858114,0.967776213948764,0.0,1.1528669802631981,0.6305809187977776
2,0.5962529094909264,1.0,1.0,0.2322940904326734,0.946308972604742,0.39568372468259694
2,0.07843595287044319,0.4592116759918492,0.8102649237417852,0.24812716648159536,4.185732313597626,2.5520343965720893
2,0.7834559337026394,0.7339741679223306,0.9591636536335121,0.209652786952672,1.1331193730400775,0.714063377519439
2,0.34325331466444564,1.0,1.0,0.42797530900940317,0.9564711881306776,0.013054634549654831
2,0.20282475650678733,0.8622973640749617,0.8556386419267717,0.22098842955575482,1.6186973952249406,0.516667731003928
2,0.1832026545255299,0.8622973640749617,1.0,0.0,1.792069583934691,0.7957490710912173
2,0.05,0.7327722345107748,0.45199838515623453,0.07166950826345178,6.566238001942577,4.735379655915457
2,0.4651970596108791,0.5824106515489533,0.810597083583634,0.0,1.3022830187683434,0.5965349939802244
2,0.6001518038128206,0.6017161910095319,1.0,0.1141892027356787,1.190318138883959,0.643270035336619
2,1.0,1.0,1.0,0.27110966430737726,0.9455623519210422,0.6172504455859873
2,1.0,1.0,1.0,0.2563853448479221,0.9458321200716304,0.6175202137365755
2,0.6063719164498336,0.5917519831813619,0.967776213948764,0.0,1.155104148719743,0.6136676190662589
2,0.22216064208796607,0.8760676276674655,1.0,0.0,1.4778130910134675,0.4861502226780625
2,0.41768528150966394,0.7327722345107748,1.0,0.40818021309006247,1.181333562043684,0.3953065689672145
2,0.05102091829267669,0.7275510376176958,0.8395984910297464,0.16500281729610408,6.434848905407537,5.230073571995581
2,0.05,0.46152520554002646,0.7987621446632585,0.11708009705438283,6.566238001942577,5.04229051231375
2,0.6871674606073297,1.0,1.0,0.29922736017384766,0.9450873768786296,0.4673116889911039
2,0.39996560452435764,0.704415742135923,0.9546262818150134,0.2950038927054571,1.1910648683515812,0.37021451989987453
2,0.9234643864694065,1.0,1.0,0.3784061529037166,0.9439785350228973,0.5884565342632919
2,1.0,1.0,1.0,0.42882670613841944,0.9434076208996767,0.6150957145646218
3,0.40347818035835753,1.0,1.0,0.10340505316881553,0.949955397438405,0.1362511580714445
3,0.6085406775053623,1.0,1.0,0.3751164159058102,0.9440189980127188,0.40451207882083473
3,0.6293418298042588,1.0,1.0,0.525636434896757,0.9425203806781492,0.4208453694305969
3,0.5962529094909264,1.0,1.0,0.2322940904326734,0.946308972604742,0.39568372468259694
3,0.34325331466444564,1.0,1.0,0.42797530900940317,0.9564711881306776,0.013054634549654831
3,0.6332446918420365,1.0,1.0,0.4719654730134311,0.9429827206713368,0.4245229366818568
3,0.8804020595800099,1.0,1.0,0.525636434896757,0.9425203806781492,0.5696090469097179
3,0.6085406775053623,0.9965756921061673,1.0,0.2352741506197195,0.9479019697958606,0.4083950506039765
3,0.31763111206009664,0.7275510376176958,0.8395984910297464,0.11866580757786234,1.1982817382650892,0.16465532962907714
3,0.42787789839271273,0.8622973640749617,1.0,0.0,0.9963205128434737,0.22901772125423747
3,0.6440826984665359,1.0,1.0,0.2563853448479221,0.9458321200716304,0.4360964806338804
3,0.6871674606073297,1.0,1.0,0.29922736017384766,0.9450873768786296,0.4673116889911039
3,0.9234643864694065,1.0,1.0,0.3784061529037166,0.9439785350228973,0.5884565342632919
3,1.0,1.0,1.0,0.42882670613841944,0.9434076208996767,0.6150957145646218
3,0.5198873008514348,0.9088382679747585,0.9464281978115257,0.32100709383074766,1.0229530983870396,0.3914471825968773
3,0.40347818035835753,0.704415742135923,0.9546262818150134,0.24670002701046378,1.1743163658752453,0.3606121265082849
3,0.9403162470970025,1.0,1.0,0.333705198408331,0.9445674784504041,0.5954169587951292
3,0.39996560452435764,0.704415742135923,0.9546262818150134,0.2950038927054571,1.1910648683515812,0.37021451989987453
3,0.4646433654075265,0.7561009559177475,1.0,0.32593593829342626,1.1287451981756313,0.4221561658135228
3,0.6787891426022237,1.0,1.0,0.11708009705438283,0.9494486417718939,0.4657757519536082
3,0.5987864715433129,1.0,1.0,0.525636434896757,0.9425203806781492,0.39422491690643113
3,1.0,1.0,1.0,0.525636434896757,0.9425203806781492,0.6142084743430943
3,0.25440749347292146,0.7275510376176958,0.8395984910297464,0.35089849454414695,1.2904962070538042,0.05657356838485872
3,1.0,1.0,1.0,0.525636434896757,0.9425203806781492,0.6142084743430943
3,0.6499682871036241,1.0,1.0,0.317903447389753,0.9447979075373703,0.43967802296382585
3,0.6010001913007669,1.0,1.0,0.21118387909829184,0.9467676562265348,0.4004917799967562
3,0.1931757441890466,0.704415742135923,0.9546262818150134,0.0,1.6995503568114756,0.6035438970052507
3,0.13814699562361848,0.4592116759918492,0.8102649237417852,0.06419834521030404,2.3765403134883396,0.9040573580638003
3,0.7420127611893989,1.0,1.0,0.01070544884557978,0.9547450962828035,0.5122838295862002
3,0.4723286615970584,0.7339741679223306,0.9591636536335121,0.21516968510440349,1.1347141982303675,0.4396221306472313
3,0.5088283096384424,0.911920145079208,1.0,0.31832503966240616,0.9991814773907838,0.3539502671787893
3,0.41461111659666333,0.8622973640749617,1.0,0.24232598104395148,1.0241035915062742,0.23224854293338226
3,0.9691249259544502,1.0,1.0,0.3784061529037166,0.9439785350228973,0.6052070335043962
3,0.6788190826627922,1.0,1.0,0.0,0.9555163970906804,0.4718648401959453
3,0.9977469962695741,1.0,1.0,0.2747135588632551,0.9454986290181274,0.6164453644512358
3,0.40347818035835753,1.0,1.0,0.24670002701046378,0.9460182777598624,0.1323140383929019
3,0.4688379640163127,0.7339741679223306,0.9591636536335121,0.0,1.0779297006105777,0.37766237765190147
3,1.0,1.0,1.0,0.525636434896757,0.9425203806781492,0.6142084743430943
3,0.21864806625396618,0.5804833698033884,0.9546262818150134,0.0,1.5015541220495807,0.3281042102199363
3,0.8250742857976718,1.0,1.0,0.520577000069897,0.9425612000801225,0.5446432041895575
4,0.34325331466444564,1.0,1.0,0.42797530900940317,0.9564711881306776,0.013054634549654831
4,0.5987864715433129,1.0,1.0,0.525636434896757,0.9425203806781492,0.39422491690643113
4,0.40347818035835753,1.0,1.0,0.24670002701046378,0.9460182777598624,0.1323140383929019
4,0.25440749347292146,0.7275510376176958,0.8395984910297464,0.35089849454414695,1.2904962070538042,0.05657356838485872
4,0.6085406775053623,1.0,1.0,0.3751164159058102,0.9440189980127188,0.40451207882083473
4,0.6293418298042588,1.0,1.0,0.525636434896757,0.9425203806781492,0.4208453694305969
4,0.40347818035835753,1.0,1.0,0.10340505316881553,0.949955397438405,0.1362511580714445
4,0.5962529094909264,1.0,1.0,0.2322940904326734,0.946308972604742,0.39568372468259694
4,0.6332446918420365,1.0,1.0,0.4719654730134311,0.9429827206713368,0.4245229366818568
4,0.8804020595800099,1.0,1.0,0.525636434896757,0.9425203806781492,0.5696090469097179
4,0.8250742857976718,1.0,1.0,0.520577000069897,0.9425612000801225,0.5446432041895575
4,0.31763111206009664,0.7275510376176958,0.8395984910297464,0.11866580757786234,1.1982817382650892,0.16465532962907714
4,0.42787789839271273,0.8622973640749617,1.0,0.0,0.9963205128434737,0.22901772125423747
4,0.6010001913007669,1.0,1.0,0.21118387909829184,0.9467676562265348,0.4004917799967562
4,1.0,1.0,1.0,0.525636434896757,0.9425203806781492,0.6142084743430943
4,1.0,1.0,1.0,0.525636434896757,0.9425203806781492,0.6142084743430943
4,0.41461111659666333,0.8622973640749617,1.0,0.24232598104395148,1.0241035915062742,0.23224854293338226
4,0.5088283096384424,0.911920145079208,1.0,0.31832503966240616,0.9991814773907838,0.3539502671787893
4,0.6085406775053623,0.9965756921061673,1.0,0.2352741506197195,0.9479019697958606,0.4083950506039765
4,0.9234643864694065,1.0,1.0,0.3784061529037166,0.9439785350228973,0.5884565342632919
4,1.0,1.0,1.0,0.525636434896757,0.9425203806781492,0.6142084743430943
4,0.5420320571145311,0.8760676276674655,1.0,0.40316428022296846,1.0351935801658352,0.42948788112396274
4,0.75272393831673,1.0,1.0,0.13755888846954356,0.9487556146429386,0.5125905220840579
4,0.5868463679268684,1.0,1.0,0.35089849454414695,0.9443305540911628,0.3848793517880258
4,0.05,0.7275510376176958,0.8395984910297464,0.06789119432552826,6.566238001942577,5.374413388918045
4,0.9576644210484447,1.0,1.0,0.525636434896757,0.9425203806781492,0.5996947529273475
4,0.7355387728089171,1.0,1.0,0.0,0.9555163970906804,0.5091607210149854
4,0.5962529094909264,0.9207281305712872,1.0,0.33399674435898125,0.9943755943431667,0.4437503464210216
4,0.6085406775053623,1.0,1.0,0.5040818923632936,0.9426981079293226,0.40319118873743853
4,0.9964874241660001,1.0,1.0,0.525636434896757,0.9425203806781492,0.6130511888228933
4,1.0,1.0,1.0,0.525636434896757,0.9425203806781492,0.6142084743430943
4,0.9238378746445596,1.0,1.0,0.525636434896757,0.9425203806781492,0.5871421099677128
4,0.9927142112624251,1.0,1.0,0.525636434896757,0.9425203806781492,0.6117989075613957
4,0.2809313015968626,1.0,1.0,0.3364974559215789,1.1686554813526622,0.2241274274433911
4,0.558745681101258,1.0,1.0,0.3705629245616362,0.9440757151760468,0.3564883437109212
4,0.4073722431403246,0.8037410299419591,0.8395984910297464,0.04392000743944435,1.1504626854454458,0.34453662792475825
4,0.8121997103342854,0.8622973640749617,1.0,0.3705629245616362,1.0422290487088075,0.6380034597535805
4,0.8365223863951633,0.8760676276674655,1.0,0.31832503966240616,1.0244525437374226,0.6319801943891963
4,1.0,1.0,1.0,0.525636434896757,0.9425203806781492,0.6142084743430943
4,0.9234643864694065,0.8622973640749617,1.0,0.3784061529037166,1.043368856276762,0.6878468555171566
5,0.34325331466444564,1.0,1.0,0.42797530900940317,0.9564711881306776,0.013054634549654831
5,0.5987864715433129,1.0,1.0,0.525636434896757,0.9425203806781492,0.39422491690643113
5,0.40347818035835753,1.0,1.0,0.24670002701046378,0.9460182777598624,0.1323140383929019
5,0.558745681101258,1.0,1.0,0.3705629245616362,0.9440757151760468,0.3564883437109212
5,0.25440749347292146,0.7275510376176958,0.8395984910297464,0.35089849454414695,1.2904962070538042,0.05657356838485872
5,0.6293418298042588,1.0,1.0,0.525636434896757,0.9425203806781492,0.4208453694305969
5,0.6085406775053623,1.0,1.0,0.5040818923632936,0.9426981079293226,0.40319118873743853
5,0.40347818035835753,1.0,1.0,0.10340505316881553,0.949955397438405,0.1362511580714445
5,0.5868463679268684,1.0,1.0,0.35089849454414695,0.9443305540911628,0.3848793517880258
5,0.8804020595800099,1.0,1.0,0.525636434896757,0.9425203806781492,0.5696090469097179
5,0.8250742857976718,1.0,1.0,0.520577000069897,0.9425612000801225,0.5446432041895575
5,0.6085406775053623,1.0,1.0,0.3751164159058102,0.9440189980127188,0.40451207882083473
5,0.6332446918420365,1.0,1.0,0.4719654730134311,0.9429827206713368,0.4245229366818568
5,0.31763111206009664,0.7275510376176958,0.8395984910297464,0.11866580757786234,1.1982817382650892,0.16465532962907714
5,0.42787789839271273,0.8622973640749617,1.0,0.0,0.9963205128434737,0.22901772125423747
5,0.2809313015968626,1.0,1.0,0.3364974559215789,1.1686554813526622,0.2241274274433911
5,0.5962529094909264,1.0,1.0,0.2322940904326734,0.946308972604742,0.39568372468259694
5,0.9238378746445596,1.0,1.0,0.525636434896757,0.9425203806781492,0.5871421099677128
5,0.41461111659666333,0.8622973640749617,1.0,0.24232598104395148,1.0241035915062742,0.23224854293338226
5,0.5088283096384424,0.911920145079208,1.0,0.31832503966240616,0.9991814773907838,0.3539502671787893
5,0.9101820878620092,1.0,1.0,0.525636434896757,0.9425203806781492,0.58181024291456
5,0.5987864715433129,0.8514834099502302,0.8395984910297464,0.525636434896757,1.1098144359273574,0.5615189721556393
5,0.6013985894853742,0.7275510376176958,1.0,0.13806489585797943,1.0935875654666352,0.5476735712246561
5,0.771137178706747,1.0,1.0,0.525636434896757,0.9425203806781492,0.5167700533651549
5,0.33533105341913044,0.911920145079208,1.0,0.3312903825824175,1.000225727216988,0.021157721624492032
5,0.9176065841734411,0.8622973640749617,1.0,0.1656715897334863,1.013960787266121,0.656169210823466
5,0.8131341821812273,1.0,1.0,0.525636434896757,0.9425203806781492,0.5387593367396062
5,0.8825759186479702,1.0,1.0,0.43185340595674204,0.9433760468226652,0.5713832251803985
5,0.1441104209674352,0.8622973640749617,1.0,0.0,2.278196831160177,1.2818763183167032
5,0.6055674049958752,1.0,1.0,0.37029758282426406,0.9440790459685864,0.40192320433532136
5,0.7170476557450141,1.0,1.0,0.27363013424647586,0.9455176935991891,0.4876514645207552
5,0.6324121048169093,1.0,1.0,0.49112095760298236,0.9428099820332867,0.4236676322212529
5,0.6858030389737971,1.0,1.0,0.4903472133951515,0.9428167852882614,0.4640905511847922
5,0.9221605511036612,1.0,1.0,0.525636434896757,0.9425203806781492,0.5864957102295907
5,0.05195256704789375,0.8340678032846389,0.8556386419267717,0.36581356531514564,6.319454821958069,5.197590566835726
5,0.2809313015968626,0.8760676276674655,1.0,0.041609783800337585,1.1686554813526622,0.174181865605179
5,0.5215241100748781,0.7547959338559262,0.8556386419267717,0.525636434896757,1.2214830957130054,0.5919591682636965
5,0.11435382755878551,0.7275510376176958,0.8395984910297464,0.0,2.8710180568601826,1.6860855611287184
5,0.44594417630397765,0.8760676276674655,1.0,0.0,0.991662868335405,0.25544536988475663
5,0.5863156592408468,1.0,1.0,0.525636434896757,0.9425203806781492,0.38256278628521956
6,0.34325331466444564,1.0,1.0,0.42797530900940317,0.9564711881306776,0.013054634549654831
6,0.40347818035835753,1.0,1.0,0.24670002701046378,0.9460182777598624,0.1323140383929019
6,0.558745681101258,1.0,1.0,0.3705629245616362,0.9440757151760468,0.3564883437109212
6,0.5863156592408468,1.0,1.0,0.525636434896757,0.9425203806781492,0.38256278628521956
6,0.33533105341913044,0.911920145079208,1.0,0.3312903825824175,1.000225727216988,0.021157721624492032
6,0.40347818035835753,1.0,1.0,0.10340505316881553,0.949955397438405,0.1362511580714445
6,0.5987864715433129,1.0,1.0,0.525636434896757,0.9425203806781492,0.39422491690643113
6,0.5868463679268684,1.0,1.0,0.35089849454414695,0.9443305540911628,0.3848793517880258
6,0.25440749347292146,0.7275510376176958,0.8395984910297464,0.35089849454414695,1.2904962070538042,0.05657356838485872
6,0.31763111206009664,0.7275510376176958,0.8395984910297464,0.11866580757786234,1.1982817382650892,0.16465532962907714
6,0.42787789839271273,0.8622973640749617,1.0,0.0,0.9963205128434737,0.22901772125423747
6,0.2809313015968626,0.8760676276674655,1.0,0.041609783800337585,1.1686554813526622,0.174181865605179
6,0.44594417630397765,0.8760676276674655,1.0,0.0,0.991662868335405,0.25544536988475663
6,0.6293418298042588,1.0,1.0,0.525636434896757,0.9425203806781492,0.4208453694305969
6,0.6085406775053623,1.0,1.0,0.5040818923632936,0.9426981079293226,0.40319118873743853
6,0.6055674049958752,1.0,1.0,0.37029758282426406,0.9440790459685864,0.40192320433532136
6,0.5962529094909264,1.0,1.0,0.2322940904326734,0.946308972604742,0.39568372468259694
6,0.2809313015968626,1.0,1.0,0.3364974559215789,1.1686554813526622,0.2241274274433911
6,0.771137178706747,1.0,1.0,0.525636434896757,0.9425203806781492,0.5167700533651549
6,0.41461111659666333,0.8622973640749617,1.0,0.24232598104395148,1.0241035915062742,0.23224854293338226
6,0.6125125596110648,1.0,1.0,0.2322940904326734,0.946308972604742,0.4103005251439569
6,0.37367551926819204,0.8622973640749617,1.0,0.24670002701046378,1.0247018179698137,0.14610022686817326
6,0.490342779616315,1.0,1.0,0.42900564473259345,0.9434057463748439,0.2738498364240346
6,0.5157609720614789,0.9553394970961783,1.0,0.0,0.9674613557658381,0.3309030975584417
6,0.11637757060262222,0.8760676276674655,1.0,0.0,2.8210926052350223,1.8294297368996173
6,0.781883271961547,1.0,1.0,0.525636434896757,0.9425203806781492,0.5226215057222794
6,0.05,0.7507582289756807,1.0,0.0,6.566238001942577,5.525893551067968
6,0.7593851208314154,1.0,1.0,0.35089849454414695,0.9443305540911628,0.5119914191452815
6,0.6146435176126684,1.0,1.0,0.3642769254980499,0.9441553982348695,0.4100052824012068
6,0.8349044605623265,1.0,1.0,0.5217291931288501,0.9425518568817995,0.5493189520665483
6,0.5198873008514348,0.911920145079208,1.0,0.525636434896757,1.0167145315350121,0.38520861574484977
6,0.3934585377438823,1.0,1.0,0.12167119192284143,0.9492867319669495,0.11486105725290285
6,0.10862974204070774,1.0,1.0,0.0,3.0223021566048973,2.066785759514217
6,0.6929092992981505,1.0,1.0,0.14781882732383791,0.9484348851654476,0.4746183170776788
6,0.05,0.911920145079208,1.0,0.16106530150475717,6.566238001942577,5.5786790236135
6,0.534874253789711,0.8663350689552073,0.8556386419267717,0.525636434896757,1.0904558193651837,0.4766444352437986
6,0.6235994518689428,1.0,1.0,0.525636434896757,0.9425203806781492,0.4160415565660863
6,0.2809313015968626,1.0,1.0,0.03403592015008493,1.1686554813526622,0.21539925778885072
6,0.48198088770182707,0.8760676276674655,1.0,0.13956615930160876,1.0036161941709605,0.32244415113073555
6,0.310621964175062,0.7547959338559262,0.8556386419267717,0.38777137685952506,1.2017386112946709,0.14478854506759298
7,0.34325331466444564,1.0,1.0,0.42797530900940317,0.9564711881306776,0.013054634549654831
7,0.40347818035835753,1.0,1.0,0.24670002701046378,0.9460182777598624,0.1323140383929019
7,0.5863156592408468,1.0,1.0,0.525636434896757,0.9425203806781492,0.38256278628521956
7,0.490342779616315,1.0,1.0,0.42900564473259345,0.9434057463748439,0.2738498364240346
7,0.3934585377438823,1.0,1.0,0.12167119192284143,0.9492867319669495,0.11486105725290285
7,0.33533105341913044,0.911920145079208,1.0,0.3312903825824175,1.000225727216988,0.021157721624492032
7,0.5987864715433129,1.0,1.0,0.525636434896757,0.9425203806781492,0.39422491690643113
7,0.558745681101258,1.0,1.0,0.3705629245616362,0.9440757151760468,0.3564883437109212
7,0.40347818035835753,1.0,1.0,0.10340505316881553,0.949955397438405,0.1362511580714445
7,0.25440749347292146,0.7275510376176958,0.8395984910297464,0.35089849454414695,1.2904962070538042,0.05657356838485872
7,0.6085406775053623,1.0,1.0,0.5040818923632936,0.9426981079293226,0.40319118873743853
7,0.6235994518689428,1.0,1.0,0.525636434896757,0.9425203806781492,0.4160415565660863
7,0.5868463679268684,1.0,1.0,0.35089849454414695,0.9443305540911628,0.3848793517880258
7,0.6055674049958752,1.0,1.0,0.37029758282426406,0.9440790459685864,0.40192320433532136
7,0.42787789839271273,0.8622973640749617,1.0,0.0,0.9963205128434737,0.22901772125423747
7,0.44594417630397765,0.8760676276674655,1.0,0.0,0.991662868335405,0.25544536988475663
7,0.37367551926819204,0.8622973640749617,1.0,0.24670002701046378,1.0247018179698137,0.14610022686817326
7,0.5157609720614789,0.9553394970961783,1.0,0.0,0.9674613557658381,0.3309030975584417
7,0.310621964175062,0.7547959338559262,0.8556386419267717,0.38777137685952506,1.2017386112946709,0.14478854506759298
7,0.6293418298042588,1.0,1.0,0.525636434896757,0.9425203806781492,0.4208453694305969
7,0.42530098828410795,1.0,1.0,0.525636434896757,0.9425203806781492,0.17056848088125232
7,0.11432746263676624,0.6416137045452953,0.8700747777340946,0.122621474776955,2.871680138959944,1.6284901180055436
7,0.22671042836779717,0.8760676276674655,1.0,0.0693691330187306,1.4481552859252869,0.4513769151568757
7,0.3218563323369005,1.0,1.0,0.2881703421441595,1.0200573133346083,0.07478908019016994
7,0.38644471401425873,0.7547959338559262,0.8556386419267717,0.4553399997271552,1.2113280417764019,0.3617578603048994
7,0.24619868283772806,0.9598055473865604,1.0,0.0,1.3335242152625009,0.36730737810849845
7,0.5987864715433129,1.0,1.0,0.525636434896757,0.9425203806781492,0.39422491690643113
7,0.41943886228458127,0.7275510376176958,0.8395984910297464,0.3705629245616362,1.2371793866081948,0.4544385978973179
7,0.6849318661142472,1.0,1.0,0.4495051148819987,0.9431973751093213,0.46386224350475813
7,0.26040655777761745,0.8760676276674655,1.0,0.0,1.2607666573549683,0.26910378901956333
7,0.6128533586141428,1.0,1.0,0.36837228857940796,0.944103299779011,0.4083929189628325
7,0.5184369173200173,0.9553394970961783,1.0,0.12040587858512658,0.9666155310729511,0.3333429089625236
7,0.3882065148813201,1.0,1.0,0.1456281913416097,0.9485019851310179,0.10278741509598999
7,0.7617223482609412,1.0,1.0,0.525636434896757,0.9425203806781492,0.5115078116207881
7,0.4903314098378556,1.0,1.0,0.17640359184086193,0.9476219024519636,0.27805046687462087
7,0.5098676582369596,1.0,1.0,0.525636434896757,0.9425203806781492,0.298604453249646
7,0.5768267253123932,1.0,1.0,0.525636434896757,0.9425203806781492,0.3733513535038392
7,0.47081790099567045,1.0,1.0,0.29114058669536147,0.9452189232538875,0.2478964440708722
7,0.5056402414425593,1.0,1.0,0.12981396468522743,0.9490090512010313,0.29970964995595906
7,0.12722431067478085,0.6308635615233917,0.8556386419267717,0.0,2.5805752245107,1.3574464557541672
8,0.34325331466444564,1.0,1.0,0.42797530900940317,0.9564711881306776,0.013054634549654831
8,0.40347818035835753,1.0,1.0,0.24670002701046378,0.9460182777598624,0.1323140383929019
8,0.42530098828410795,1.0,1.0,0.525636434896757,0.9425203806781492,0.17056848088125232
8,0.3882065148813201,1.0,1.0,0.1456281913416097,0.9485019851310179,0.10278741509598999
8,0.33533105341913044,0.911920145079208,1.0,0.3312903825824175,1.000225727216988,0.021157721624492032
8,0.490342779616315,1.0,1.0,0.42900564473259345,0.9434057463748439,0.2738498364240346
8,0.5098676582369596,1.0,1.0,0.525636434896757,0.9425203806781492,0.298604453249646
8,0.47081790099567045,1.0,1.0,0.29114058669536147,0.9452189232538875,0.2478964440708722
8,0.3934585377438823,1.0,1.0,0.12167119192284143,0.9492867319669495,0.11486105725290285
8,0.25440749347292146,0.7275510376176958,0.8395984910297464,0.35089849454414695,1.2904962070538042,0.05657356838485872
8,0.3218563323369005,1.0,1.0,0.2881703421441595,1.0200573133346083,0.07478908019016994
8,0.558745681101258,1.0,1.0,0.3705629245616362,0.9440757151760468,0.3564883437109212
8,0.5768267253123932,1.0,1.0,0.525636434896757,0.9425203806781492,0.3733513535038392
8,0.4903314098378556,1.0,1.0,0.17640359184086193,0.9476219024519636,0.27805046687462087
8,0.40347818035835753,1.0,1.0,0.10340505316881553,0.949955397438405,0.1362511580714445
8,0.5863156592408468,1.0,1.0,0.525636434896757,0.9425203806781492,0.38256278628521956
8,0.310621964175062,0.7547959338559262,0.8556386419267717,0.38777137685952506,1.2017386112946709,0.14478854506759298
8,0.37367551926819204,0.8622973640749617,1.0,0.24670002701046378,1.0247018179698137,0.14610022686817326
8,0.5056402414425593,1.0,1.0,0.12981396468522743,0.9490090512010313,0.29970964995595906
8,0.42787789839271273,0.8622973640749617,1.0,0.0,0.9963205128434737,0.22901772125423747
8,0.427276908394912,0.911920145079208,1.0,0.3550584029471882,1.0021632461229522,0.23378119821798682
8,0.3222531573673152,0.7879877727466735,1.0,0.24670002701046378,1.0785867119149442,0.059785505041602516
8,0.18613207565442103,0.9207281305712872,1.0,0.07178857992755819,1.7638652754781305,0.7847610998260227
8,0.4883902917542505,1.0,1.0,0.37810829784310873,0.9439821810588456,0.2717495189150718
8,0.34927580123383684,1.0,1.0,0.525636434896757,0.9425203806781492,0.0025414168804650528
8,0.5745075062146489,1.0,1.0,0.525636434896757,0.9425203806781492,0.37105368522084825
8,0.6369238204334198,1.0,1.0,0.525636434896757,0.9425203806781492,0.4270554292739308
8,0.10585769974118697,0.911920145079208,1.0,0.1175708991050797,3.1014456611528094,2.1165668016340016
8,0.4436941415996932,1.0,1.0,0.21372687546118807,0.9467101979569611,0.2067592381815596
8,0.4943930209793514,1.0,1.0,0.2705967268448717,0.9455714932134318,0.281500820555194
8,0.7165674759810037,1.0,1.0,0.525636434896757,0.9425203806781492,0.4843473303932136
8,0.48015236985710164,1.0,1.0,0.16939621170638042,0.9478110394864957,0.26404495482193435
8,0.5713157209947948,1.0,1.0,0.525636434896757,0.9425203806781492,0.36786105655340884
8,0.46780878524679764,1.0,1.0,0.252632347741218,0.9459034048359084,0.2440954946053333
8,0.621460440758007,1.0,1.0,0.525636434896757,0.9425203806781492,0.4142294636655913
8,0.6110604169935346,1.0,1.0,0.18190565296801772,0.947477663818358,0.4101954295322541
8,0.21686603082420325,0.8760676276674655,1.0,0.35143713379680114,1.5138927193978644,0.4852904750042646
8,0.44165584683694603,0.8622973640749617,1.0,0.0,0.9963205128434737,0.25295459055056746
8,0.20870881358788343,0.7547959338559262,0.8556386419267717,0.15718717023272247,1.5730620065647527,0.4016435567791501
8,0.644031276433852,1.0,1.0,0.4318578141164422,0.9433760010427565,0.4335996622731111
9,0.34927580123383684,1.0,1.0,0.525636434896757,0.9425203806781492,0.0025414168804650528
9,0.34325331466444564,1.0,1.0,0.42797530900940317,0.9564711881306776,0.013054634549654831
9,0.40347818035835753,1.0,1.0,0.24670002701046378,0.9460182777598624,0.1323140383929019
9,0.42530098828410795,1.0,1.0,0.525636434896757,0.9425203806781492,0.17056848088125232
9,0.3882065148813201,1.0,1.0,0.1456281913416097,0.9485019851310179,0.10278741509598999
9,0.33533105341913044,0.911920145079208,1.0,0.3312903825824175,1.000225727216988,0.021157721624492032
9,0.490342779616315,1.0,1.0,0.42900564473259345,0.9434057463748439,0.2738498364240346
9,0.5098676582369596,1.0,1.0,0.525636434896757,0.9425203806781492,0.298604453249646
9,0.47081790099567045,1.0,1.0,0.29114058669536147,0.9452189232538875,0.2478964440708722
9,0.4883902917542505,1.0,1.0,0.37810829784310873,0.9439821810588456,0.2717495189150718
9,0.4436941415996932,1.0,1.0,0.21372687546118807,0.9467101979569611,0.2067592381815596
9,0.46780878524679764,1.0,1.0,0.252632347741218,0.9459034048359084,0.2440954946053333
9,0.3934585377438823,1.0,1.0,0.12167119192284143,0.9492867319669495,0.11486105725290285
9,0.25440749347292146,0.7275510376176958,0.8395984910297464,0.35089849454414695,1.2904962070538042,0.05657356838485872
9,0.5713157209947948,1.0,1.0,0.525636434896757,0.9425203806781492,0.36786105655340884
9,0.3222531573673152,0.7879877727466735,1.0,0.24670002701046378,1.0785867119149442,0.059785505041602516
9,0.40347818035835753,1.0,1.0,0.10340505316881553,0.949955397438405,0.1362511580714445
9,0.3218563323369005,1.0,1.0,0.2881703421441595,1.0200573133346083,0.07478908019016994
9,0.48015236985710164,1.0,1.0,0.16939621170638042,0.9478110394864957,0.26404495482193435
9,0.558745681101258,1.0,1.0,0.3705629245616362,0.9440757151760468,0.3564883437109212
9,0.6005714891246604,1.0,1.0,0.0,0.9555163970906804,0.40885057618196674
9,0.5021128860629487,1.0,1.0,0.5051369647473518,0.9426891708757387,0.288828425369306
9,0.40347818035835753,0.7547959338559262,0.8556386419267717,0.24670002701046378,1.1825631526392346,0.36885891327227416
9,0.2547646360002947,0.536740033089702,1.0,0.31357521092382085,1.4268511758287523,0.1381640545349636
9,0.56416591901371,1.0,1.0,0.4584579378602547,0.9431101731733991,0.36116806178994576
9,0.473419776816254,1.0,1.0,0.19104032494157203,0.9472460873019488,0.25375603460965757
9,0.5165909264588663,1.0,1.0,0.0015895806435540782,0.955397955711681,0.3198623912790114
9,0.4437944951557865,1.0,1.0,0.25203552584580907,0.9459148390099772,0.206131201521786
9,0.13019199477082663,0.5427837066025998,1.0,0.33513955913309984,2.5217518536338073,1.088902946958346
9,0.4828605740310872,1.0,1.0,0.20405362676510952,0.9469321787779106,0.26700111038983665
9,0.27518987786632876,1.0,1.0,0.30395497366737967,1.1930377236832959,0.24802546967324235
9,0.4108923100657915,1.0,1.0,0.252632347741218,0.9459034048359084,0.14688162267654847
9,0.297444948880521,1.0,1.0,0.21849800203340342,1.1037736791135455,0.15716960725385365
9,0.25827680833517486,1.0,0.8395984910297464,0.525636434896757,1.2711629337084809,0.29533117957084465
9,0.4629514256944839,1.0,1.0,0.3395513456399074,0.9444853638871995,0.23531397412057908
9,0.3770972887320465,1.0,1.0,0.22054071377296353,0.9465592904373747,0.07593010374485054
9,0.40347818035835753,1.0,1.0,0.3249709670434363,0.944693276758299,0.1309890373913385
9,0.5530016013065994,1.0,1.0,0.221672496918196,0.9465346452613593,0.3528439483556718
9,0.31101067393926096,0.7211091405512142,1.0,0.16939621170638042,1.1091670427554732,0.053537982024729036
9,0.2489258664410718,1.0,1.0,0.12167119192284143,1.3189143821747977,0.36962765020784827
10,0.34927580123383684,1.0,1.0,0.525636434896757,0.9425203806781492,0.0025414168804650528
10,0.34325331466444564,1.0,1.0,0.42797530900940317,0.9564711881306776,0.013054634549654831
10,0.42530098828410795,1.0,1.0,0.525636434896757,0.9425203806781492,0.17056848088125232
10,0.3770972887320465,1.0,1.0,0.22054071377296353,0.9465592904373747,0.07593010374485054
10,0.40347818035835753,1.0,1.0,0.3249709670434363,0.944693276758299,0.1309890373913385
10,0.33533105341913044,0.911920145079208,1.0,0.3312903825824175,1.000225727216988,0.021157721624492032
10,0.490342779616315,1.0,1.0,0.42900564473259345,0.9434057463748439,0.2738498364240346
10,0.5098676582369596,1.0,1.0,0.525636434896757,0.9425203806781492,0.298604453249646
10,0.4883902917542505,1.0,1.0,0.37810829784310873,0.9439821810588456,0.2717495189150718
10,0.5021128860629487,1.0,1.0,0.5051369647473518,0.9426891708757387,0.288828425369306
10,0.4629514256944839,1.0,1.0,0.3395513456399074,0.9444853638871995,0.23531397412057908
10,0.3882065148813201,1.0,1.0,0.1456281913416097,0.9485019851310179,0.10278741509598999
10,0.40347818035835753,1.0,1.0,0.24670002701046378,0.9460182777598624,0.1323140383929019
10,0.4108923100657915,1.0,1.0,0.252632347741218,0.9459034048359084,0.14688162267654847
10,0.31101067393926096,0.7211091405512142,1.0,0.16939621170638042,1.1091670427554732,0.053537982024729036
10,0.5713157209947948,1.0,1.0,0.525636434896757,0.9425203806781492,0.36786105655340884
10,0.3218563323369005,1.0,1.0,0.2881703421441595,1.0200573133346083,0.07478908019016994
10,0.3934585377438823,1.0,1.0,0.12167119192284143,0.9492867319669495,0.11486105725290285
10,0.3222531573673152,0.7879877727466735,1.0,0.24670002701046378,1.0785867119149442,0.059785505041602516
10,0.4437944951557865,1.0,1.0,0.25203552584580907,0.9459148390099772,0.206131201521786
10,0.5520584369000041,1.0,1.0,0.3998119647180377,0.9437252900628565,0.3490203021049786
10,0.36037039216751915,0.911920145079208,1.0,0.14585282979263017,0.9865840480719257,0.07554387138696106
10,0.42530098828410795,1.0,1.0,0.45031974007768344,0.9431893478715432,0.17123744807464625
10,0.5410315567045582,1.0,1.0,0.22825050387599907,0.9463937070412254,0.3395679091962712
10,0.5352434958200737,1.0,1.0,0.4563353959519292,0.9431306461757258,0.3297427047735504
10,0.46259428316711065,1.0,1.0,0.3768746292602335,0.9439973193863144,0.23427841904476743
10,0.5565276997172957,1.0,1.0,0.525636434896757,0.9425203806781492,0.3525912428468908
10,0.4675630226972679,1.0,1.0,0.525636434896757,0.9425203806781492,0.24034358306222336
10,0.42834210673614204,1.0,1.0,0.45619094473260324,0.9431320439765115,0.17666080350344937
10,0.17190342312163795,1.0,1.0,0.200275328845541,1.909862519265789,0.962841058916722
10,0.4629514256944839,1.0,1.0,0.08150119840776193,0.9508523814015373,0.24168099163491685
10,0.42941202462432315,1.0,1.0,0.03188344217934505,0.9533837152964397,0.18882220543645534
10,0.5938981445352229,1.0,1.0,0.40849744979424996,0.9436272484545487,0.39081880961443227
10,0.4824723589297733,1.0,1.0,0.2540941976496879,0.9458755122938042,0.26539734622610534
10,0.518002258335246,1.0,1.0,0.3775711581372407,0.9439887649506831,0.31018475976219106
10,0.4842523753509735,1.0,1.0,0.0,0.9555163970906804,0.27753953482451577
10,0.3955680505567223,1.0,1.0,0.2393180374157847,0.9461651042261916,0.1161893127755802
10,0.4403914013891064,0.7489982264960928,1.0,0.525636434896757,1.1999425160104877,0.45444225219451084
10,0.5187570422474593,1.0,1.0,0.2588961466014986,0.9457850159609764,0.3129031863320062
10,0.2623783790233935,0.7489982264960928,1.0,0.24214029028423467,1.2512917666238152,0.14156303498095002
11,0.34927580123383684,1.0,1.0,0.525636434896757,0.9425203806781492,0.0025414168804650528
11,0.34325331466444564,1.0,1.0,0.42797530900940317,0.9564711881306776,0.013054634549654831
11,0.42530098828410795,1.0,1.0,0.525636434896757,0.9425203806781492,0.17056848088125232
11,0.3770972887320465,1.0,1.0,0.22054071377296353,0.9465592904373747,0.07593010374485054
11,0.40347818035835753,1.0,1.0,0.3249709670434363,0.944693276758299,0.1309890373913385
11,0.3955680505567223,1.0,1.0,0.2393180374157847,0.9461651042261916,0.1161893127755802
11,0.33533105341913044,0.911920145079208,1.0,0.3312903825824175,1.000225727216988,0.021157721624492032
11,0.36037039216751915,0.911920145079208,1.0,0.14585282979263017,0.9865840480719257,0.07554387138696106
11,0.42530098828410795,1.0,1.0,0.45031974007768344,0.9431893478715432,0.17123744807464625
11,0.4675630226972679,1.0,1.0,0.525636434896757,0.9425203806781492,0.24034358306222336
11,0.42834210673614204,1.0,1.0,0.45619094473260324,0.9431320439765115,0.17666080350344937
11,0.3882065148813201,1.0,1.0,0.1456281913416097,0.9485019851310179,0.10278741509598999
11,0.40347818035835753,1.0,1.0,0.24670002701046378,0.9460182777598624,0.1323140383929019
11,0.4108923100657915,1.0,1.0,0.252632347741218,0.9459034048359084,0.14688162267654847
11,0.31101067393926096,0.7211091405512142,1.0,0.16939621170638042,1.1091670427554732,0.053537982024729036
11,0.5098676582369596,1.0,1.0,0.525636434896757,0.9425203806781492,0.298604453249646
11,0.3218563323369005,1.0,1.0,0.2881703421441595,1.0200573133346083,0.07478908019016994
11,0.3934585377438823,1.0,1.0,0.12167119192284143,0.9492867319669495,0.11486105725290285
11,0.3222531573673152,0.7879877727466735,1.0,0.24670002701046378,1.0785867119149442,0.059785505041602516
11,0.4437944951557865,1.0,1.0,0.25203552584580907,0.9459148390099772,0.206131201521786
11,0.426242345853164,1.0,1.0,0.1456281913416097,0.9485019851310179,0.17825494354256954
11,0.4603180445092334,1.0,1.0,0.3605579935763138,0.9442033154015205,0.23097490763799888
11,0.4628906000657324,1.0,1.0,0.35064503814917486,0.9443339479762378,0.23506937032553465
11,0.4242262560429254,1.0,1.0,0.525636434896757,0.9425203806781492,0.16861282259376942
11,0.40347818035835753,1.0,1.0,0.525636434896757,0.9425203806781492,0.1288161413111888
11,0.2753035676377644,0.911920145079208,1.0,0.3029450517168565,1.19254504504934,0.19458962478121178
11,0.33533105341913044,1.0,1.0,0.525636434896757,0.9790680055924961,0.03654762491434682
11,0.43593164881418023,1.0,1.0,0.0,0.9555163970906804,0.20238937177991723
11,0.3882065148813201,1.0,1.0,0.07518434531193442,0.951132976670072,0.10541840663504409
11,0.46617510208609775,1.0,1.0,0.46624439221294867,0.9430361130234948,0.23876875835369593
11,0.4342132984252152,0.911920145079208,1.0,0.23374784309124866,0.9926433104831003,0.2365358695134988
11,0.5018685340174515,1.0,1.0,0.4348739574007068,0.9433448163735376,0.2891657161596729
11,0.2832258288830796,1.0,1.0,0.39962997814384216,1.1591877294486153,0.21546035697006682
11,0.39569923859459655,1.0,1.0,0.30828033010561173,0.9449446388762006,0.11524401321988065
11,0.30035834739139555,1.0,1.0,0.0,1.093067359111807,0.1375509620211266
11,0.37234308818456535,0.800381009979927,1.0,0.09326489169162207,1.0360576556883732,0.15431198563344395
11,0.26715167570873044,0.7489982264960928,1.0,0.36504566587093934,1.2289344791248233,0.0806387912057549
11,0.3728011451285539,1.0,1.0,0.12167119192284143,0.9492867319669495,0.06862445377171489
11,0.4933061192661029,1.0,1.0,0.3795275087206039,0.9439648395892761,0.2784310195623396
11,0.30315546503015084,1.0,1.0,0.3135512270330813,1.0829819793871505,0.1381183316924247
12,0.34927580123383684,1.0,1.0,0.525636434896757,0.9425203806781492,0.0025414168804650528
12,0.34325331466444564,1.0,1.0,0.42797530900940317,0.9564711881306776,0.013054634549654831
12,0.3770972887320465,1.0,1.0,0.22054071377296353,0.9465592904373747,0.07593010374485054
12,0.40347818035835753,1.0,1.0,0.525636434896757,0.9425203806781492,0.1288161413111888
12,0.39569923859459655,1.0,1.0,0.30828033010561173,0.9449446388762006,0.11524401321988065
12,0.3728011451285539,1.0,1.0,0.12167119192284143,0.9492867319669495,0.06862445377171489
12,0.33533105341913044,0.911920145079208,1.0,0.3312903825824175,1.000225727216988,0.021157721624492032
12,0.33533105341913044,1.0,1.0,0.525636434896757,0.9790680055924961,0.03654762491434682
12,0.3882065148813201,1.0,1.0,0.1456281913416097,0.9485019851310179,0.10278741509598999
12,0.40347818035835753,1.0,1.0,0.3249709670434363,0.944693276758299,0.1309890373913385
12,0.4242262560429254,1.0,1.0,0.525636434896757,0.9425203806781492,0.16861282259376942
12,0.3955680505567223,1.0,1.0,0.2393180374157847,0.9461651042261916,0.1161893127755802
12,0.31101067393926096,0.7211091405512142,1.0,0.16939621170638042,1.1091670427554732,0.053537982024729036
12,0.42530098828410795,1.0,1.0,0.525636434896757,0.9425203806781492,0.17056848088125232
12,0.3222531573673152,0.7879877727466735,1.0,0.24670002701046378,1.0785867119149442,0.059785505041602516
12,0.3218563323369005,1.0,1.0,0.2881703421441595,1.0200573133346083,0.07478908019016994
12,0.36037039216751915,0.911920145079208,1.0,0.14585282979263017,0.9865840480719257,0.07554387138696106
12,0.3882065148813201,1.0,1.0,0.07518434531193442,0.951132976670072,0.10541840663504409
12,0.4108923100657915,1.0,1.0,0.252632347741218,0.9459034048359084,0.14688162267654847
12,0.40347818035835753,1.0,1.0,0.24670002701046378,0.9460182777598624,0.1323140383929019
12,0.43730153966352847,1.0,1.0,0.525636434896757,0.9425203806781492,0.19175260116104298
12,0.3979579712926157,1.0,1.0,0.3510999852826233,0.9443278580952259,0.1193364531687745
12,0.36037039216751915,0.8326482756504953,1.0,0.0,1.0068719465693392,0.09583176988437458
12,0.4505614426614065,1.0,1.0,0.1551794226091797,0.9482146839714065,0.21954179976853472
12,0.36192410083682786,0.911920145079208,1.0,0.05561667720451191,0.9817926443772346,0.07466348387886845
12,0.42700352425307464,1.0,1.0,0.16594682280798467,0.9479064630299816,0.17903246727366007
12,0.4850161525740856,1.0,1.0,0.39734849917446224,0.94375357847247,0.2668443575237751
12,0.2676539532123798,1.0,1.0,0.200275328845541,1.226628269436497,0.27960680908742996
12,0.37109860915958726,1.0,1.0,0.525636434896757,0.9425203806781492,0.057817776908818064
12,0.3704719066241845,1.0,1.0,0.13621985230620604,0.9487987147267111,0.06259951876388459
12,0.3268741006360157,1.0,1.0,0.32622711240959834,1.004398650795994,0.059723701457772616
12,0.4158942981038011,1.0,1.0,0.525636434896757,0.9425203806781492,0.15310848594711557
12,0.241850649975485,0.9207281305712872,1.0,0.16939621170638042,1.3574985444080774,0.3737672395910385
12,0.2971458411617714,0.7211091405512142,1.0,0.21123437365619674,1.1238995568927919,0.019014816541526702
12,0.32733141902010876,1.0,1.0,0.30343685648297636,1.0029953942191001,0.05797496989504669
12,0.45902407082258906,1.0,1.0,0.3369791633031386,0.9445212905919396,0.22928231552080636
12,0.39876506109178456,1.0,1.0,0.2138243113467858,0.9467080089009843,0.1233863644691594
12,0.37048862725276793,0.9721109140551214,1.0,0.2154262635663052,0.9599293838074694,0.07377018315482697
12,0.28892194800652615,0.9207281305712872,1.0,0.44868435623852837,1.1363342514900137,0.13355917574907816
12,0.3460415011739068,1.0,1.0,0.0,0.9555163970906804,0.006751856996960015
13,0.34927580123383684,1.0,1.0,0.525636434896757,0.9425203806781492,0.0025414168804650528
13,0.37109860915958726,1.0,1.0,0.525636434896757,0.9425203806781492,0.057817776908818064
13,0.3460415011739068,1.0,1.0,0.0,0.9555163970906804,0.006751856996960015
13,0.3770972887320465,1.0,1.0,0.22054071377296353,0.9465592904373747,0.07593010374485054
13,0.40347818035835753,1.0,1.0,0.525636434896757,0.9425203806781492,0.1288161413111888
13,0.39569923859459655,1.0,1.0,0.30828033010561173,0.9449446388762006,0.11524401321988065
13,0.3979579712926157,1.0,1.0,0.3510999852826233,0.9443278580952259,0.1193364531687745
13,0.3704719066241845,1.0,1.0,0.13621985230620604,0.9487987147267111,0.06259951876388459
13,0.34325331466444564,1.0,1.0,0.42797530900940317,0.9564711881306776,0.013054634549654831
13,0.3882065148813201,1.0,1.0,0.1456281913416097,0.9485019851310179,0.10278741509598999
13,0.4158942981038011,1.0,1.0,0.525636434896757,0.9425203806781492,0.15310848594711557
13,0.3955680505567223,1.0,1.0,0.2393180374157847,0.9461651042261916,0.1161893127755802
13,0.40347818035835753,1.0,1.0,0.3249709670434363,0.944693276758299,0.1309890373913385
13,0.3728011451285539,1.0,1.0,0.12167119192284143,0.9492867319669495,0.06862445377171489
13,0.33533105341913044,0.911920145079208,1.0,0.3312903825824175,1.000225727216988,0.021157721624492032
13,0.33533105341913044,1.0,1.0,0.525636434896757,0.9790680055924961,0.03654762491434682
13,0.2971458411617714,0.7211091405512142,1.0,0.21123437365619674,1.1238995568927919,0.019014816541526702
13,0.4242262560429254,1.0,1.0,0.525636434896757,0.9425203806781492,0.16861282259376942
13,0.31101067393926096,0.7211091405512142,1.0,0.16939621170638042,1.1091670427554732,0.053537982024729036
13,0.32733141902010876,1.0,1.0,0.30343685648297636,1.0029953942191001,0.05797496989504669
13,0.3053048023277737,1.0,1.0,0.29690993680195443,1.0753578164667552,0.1302331403777619
13,0.2516462394258207,0.7489982264960928,1.0,0.525636434896757,1.3046565134762873,0.10471399746579957
13,0.28594990889363353,0.7211091405512142,1.0,0.08150119840776193,1.1481448159416834,0.06875381209667131
13,0.42255467520967044,1.0,1.0,0.0,0.9555163970906804,0.17854734397704408
13,0.3600685116207185,1.0,1.0,0.525636434896757,0.9425203806781492,0.030716390171494745
13,0.5061808623905192,1.0,1.0,0.4665908708136287,0.9430328551137093,0.29442693100931694
13,0.3918106185446187,1.0,1.0,0.41613236216619975,0.9435431858273065,0.1056079939610246
13,0.3685892413010722,1.0,1.0,0.525636434896757,0.9425203806781492,0.051794692066776005
13,0.4913983438715241,1.0,1.0,0.41064326415412733,0.9436034252782033,0.27548577675579355
13,0.3691125126447925,1.0,1.0,0.1456281913416097,0.9485019851310179,0.05903903135180588
13,0.4158942981038011,0.7489982264960928,1.0,0.0,1.0411441951953497,0.25173230046431605
13,0.3543568542832922,1.0,1.0,0.44667078019737366,0.9432254513628329,0.01672466051204957
13,0.4174828047009766,1.0,1.0,0.3792495100091552,0.9439682302991057,0.15756001855943158
13,0.37234308818456535,0.800381009979927,1.0,0.16370873772129735,1.0506437435540497,0.16889807349912045
13,0.31731548293870304,0.7489982264960928,1.0,0.07578464119716607,1.0606523024291683,0.02599776055755898
13,0.41734812896021334,1.0,1.0,0.0,0.9555163970906804,0.16885441613328278
13,0.31247848281740964,0.7489982264960928,1.0,0.0,1.0506704418573956,0.009526246662045823
13,0.29221933900616526,0.7489982264960928,1.0,0.0,1.1235119025881042,0.08236770739275445
13,0.31101067393926096,1.0,1.0,0.02885070747156221,1.0556290607307441,0.10206251554064039
13,0.32733141902010876,1.0,1.0,0.525636434896757,1.0029953942191001,0.06047501354095086
14,0.34927580123383684,1.0,1.0,0.525636434896757,0.9425203806781492,0.0025414168804650528
14,0.3460415011739068,1.0,1.0,0.0,0.9555163970906804,0.006751856996960015
14,0.3600685116207185,1.0,1.0,0.525636434896757,0.9425203806781492,0.030716390171494745
14,0.3543568542832922,1.0,1.0,0.44667078019737366,0.9432254513628329,0.01672466051204957
14,0.34325331466444564,1.0,1.0,0.42797530900940317,0.9564711881306776,0.013054634549654831
14,0.31247848281740964,0.7489982264960928,1.0,0.0,1.0506704418573956,0.009526246662045823
14,0.3685892413010722,1.0,1.0,0.525636434896757,0.9425203806781492,0.051794692066776005
14,0.33533105341913044,0.911920145079208,1.0,0.3312903825824175,1.000225727216988,0.021157721624492032
14,0.33533105341913044,1.0,1.0,0.525636434896757,0.9790680055924961,0.03654762491434682
14,0.2971458411617714,0.7211091405512142,1.0,0.21123437365619674,1.1238995568927919,0.019014816541526702
14,0.37109860915958726,1.0,1.0,0.525636434896757,0.9425203806781492,0.057817776908818064
14,0.31731548293870304,0.7489982264960928,1.0,0.07578464119716607,1.0606523024291683,0.02599776055755898
14,0.3770972887320465,1.0,1.0,0.22054071377296353,0.9465592904373747,0.07593010374485054
14,0.40347818035835753,1.0,1.0,0.525636434896757,0.9425203806781492,0.1288161413111888
14,0.32733141902010876,1.0,1.0,0.30343685648297636,1.0029953942191001,0.05797496989504669
14,0.3918106185446187,1.0,1.0,0.41613236216619975,0.9435431858273065,0.1056079939610246
14,0.3691125126447925,1.0,1.0,0.1456281913416097,0.9485019851310179,0.05903903135180588
14,0.31101067393926096,0.7211091405512142,1.0,0.16939621170638042,1.1091670427554732,0.053537982024729036
14,0.4158942981038011,1.0,1.0,0.525636434896757,0.9425203806781492,0.15310848594711557
14,0.32733141902010876,1.0,1.0,0.525636434896757,1.0029953942191001,0.06047501354095086
14,0.24617521431712683,0.49520754439769776,1.0,0.525636434896757,1.725545132448262,0.3918937888699483
14,0.2912607299469057,0.7211091405512142,1.0,0.0,1.1272096502539342,0.07287161344612691
14,0.3202574245811706,0.7489982264960928,1.0,0.29291524732403657,1.1255176506983482,0.10036762937540855
14,0.365263422512878,1.0,1.0,0.44667078019737366,0.9432254513628329,0.04438947291783646
14,0.29044336039771224,0.49520754439769776,1.0,0.0,1.2159784015292985,0.08559654296858543
14,0.2752574996298889,0.7489982264960928,1.0,0.06552961986776337,1.1927446333417626,0.1348919670460762
14,0.4254453967161384,1.0,1.0,0.525636434896757,0.9425203806781492,0.17083050360861296
14,0.3564953114957606,1.0,1.0,0.525636434896757,0.9425203806781492,0.021577257008687067
14,0.3104039466006052,0.7740984038464835,1.0,0.05256364348967568,1.0576924333636493,0.016514497921497506
14,0.32913941067851,1.0,1.0,0.18362901569712442,0.99748585254217,0.05005261998188193
14,0.2767175458519278,0.7211091405512142,1.0,0.525636434896757,1.2396070520174023,0.05315570334652353
14,0.38040819220552996,1.0,1.0,0.2829618551165043,0.9453560282167286,0.08230441017236156
14,0.3256916504398317,0.911920145079208,1.0,0.525636434896757,1.0167145315350121,0.008669329234150647
14,0.4197608273469444,1.0,1.0,0.525636434896757,0.9425203806781492,0.16037997001551452
14,0.28039157899620426,0.7740984038464835,1.0,0.0,1.1709050131527177,0.14082243462705724
14,0.37433656627946427,1.0,1.0,0.525636434896757,0.9425203806781492,0.06547032636629602
14,0.29877611859854053,0.7740984038464835,1.0,0.05256364348967568,1.0988559162777565,0.057677980835604714
14,0.3919598385455076,1.0,1.0,0.3046429815701437,0.9450014282684549,0.10738524023231066
14,0.36772449686572145,1.0,1.0,0.525636434896757,0.9425203806781492,0.049700053044570036
14,0.3481402017351324,0.911920145079208,1.0,0.40235947181186255,1.0060970059244894,0.06305192212200494
15,0.34927580123383684,1.0,1.0,0.525636434896757,0.9425203806781492,0.0025414168804650528
15,0.3460415011739068,1.0,1.0,0.0,0.9555163970906804,0.006751856996960015
15,0.3543568542832922,1.0,1.0,0.44667078019737366,0.9432254513628329,0.01672466051204957
15,0.3564953114957606,1.0,1.0,0.525636434896757,0.9425203806781492,0.021577257008687067
15,0.34325331466444564,1.0,1.0,0.42797530900940317,0.9564711881306776,0.013054634549654831
15,0.3256916504398317,0.911920145079208,1.0,0.525636434896757,1.0167145315350121,0.008669329234150647
15,0.3600685116207185,1.0,1.0,0.525636434896757,0.9425203806781492,0.030716390171494745
15,0.33533105341913044,0.911920145079208,1.0,0.3312903825824175,1.000225727216988,0.021157721624492032
15,0.31247848281740964,0.7489982264960928,1.0,0.0,1.0506704418573956,0.009526246662045823
15,0.33533105341913044,1.0,1.0,0.525636434896757,0.9790680055924961,0.03654762491434682
15,0.365263422512878,1.0,1.0,0.44667078019737366,0.9432254513628329,0.04438947291783646
15,0.36772449686572145,1.0,1.0,0.525636434896757,0.9425203806781492,0.049700053044570036
15,0.3104039466006052,0.7740984038464835,1.0,0.05256364348967568,1.0576924333636493,0.016514497921497506
15,0.3685892413010722,1.0,1.0,0.525636434896757,0.9425203806781492,0.051794692066776005
15,0.32913941067851,1.0,1.0,0.18362901569712442,0.99748585254217,0.05005261998188193
15,0.2971458411617714,0.7211091405512142,1.0,0.21123437365619674,1.1238995568927919,0.019014816541526702
15,0.31731548293870304,0.7489982264960928,1.0,0.07578464119716607,1.0606523024291683,0.02599776055755898
15,0.37109860915958726,1.0,1.0,0.525636434896757,0.9425203806781492,0.057817776908818064
15,0.2767175458519278,0.7211091405512142,1.0,0.525636434896757,1.2396070520174023,0.05315570334652353
15,0.37433656627946427,1.0,1.0,0.525636434896757,0.9425203806781492,0.06547032636629602
15,0.3059956288604643,0.7740984038464835,1.0,0.05256364348967568,1.072930050710459,0.031752115268307346
15,0.34568139160192335,0.9207281305712872,1.0,0.44667078019737366,1.0026234018896105,0.05287049736622107
15,0.3795935619076465,1.0,1.0,0.09987092263038383,0.9500926823897471,0.08518890438958182
15,0.33215258045609125,1.0,1.0,0.525636434896757,0.988437016578683,0.04591663590053374
15,0.29410375170597947,0.7489982264960928,1.0,0.525636434896757,1.1999425160104877,0.08362929782593143
15,0.3224323965899,0.7740984038464835,1.0,0.0,1.0300825785256604,0.011847720250206084
15,0.4064103653954357,1.0,1.0,0.525636434896757,0.9425203806781492,0.13468688574234178
15,0.3285566241998437,0.7991985811968743,1.0,0.0,1.0197157792552414,0.02046060835837704
15,0.3910236374377449,1.0,1.0,0.525636434896757,0.9425203806781492,0.10289874558961587
15,0.2963200885304262,0.7740984038464835,1.0,0.0,1.1079637131037505,0.0778811345780901
15,0.41150492112139075,1.0,1.0,0.525636434896757,0.9425203806781492,0.1446881093875586
15,0.3886074710660464,1.0,1.0,0.525636434896757,0.9425203806781492,0.0976783993392828
15,0.39052683083868533,1.0,1.0,0.525636434896757,0.9425203806781492,0.10183062546311605
15,0.2832151050876592,0.7211091405512142,1.0,0.525636434896757,1.2396070520174023,0.08037543051713691
15,0.41801557932336036,1.0,1.0,0.18362901569712442,0.9474332325602881,0.16202732398291475
15,0.3415514361234185,0.8893299854638564,1.0,0.3521892805191589,1.018543298632546,0.05730621695476523
15,0.33607763065014096,0.7489982264960928,1.0,0.2888988468465327,1.1242602990183048,0.14736723698571563
15,0.4041552798704216,1.0,1.0,0.18362901569712442,0.9474332325602881,0.1350922284880719
15,0.34368616317975864,1.0,1.0,0.454567345667312,0.9552665800408812,0.012118785479518501
15,0.32336301964219005,1.0,1.0,0.0,1.015304427857423,0.05978803076674266
16,0.34927580123383684,1.0,1.0,0.525636434896757,0.9425203806781492,0.0025414168804650528
16,0.3460415011739068,1.0,1.0,0.0,0.9555163970906804,0.006751856996960015
16,0.3543568542832922,1.0,1.0,0.44667078019737366,0.9432254513628329,0.01672466051204957
16,0.3564953114957606,1.0,1.0,0.525636434896757,0.9425203806781492,0.021577257008687067
16,0.34368616317975864,1.0,1.0,0.454567345667312,0.9552665800408812,0.012118785479518501
16,0.3256916504398317,0.911920145079208,1.0,0.525636434896757,1.0167145315350121,0.008669329234150647
16,0.3600685116207185,1.0,1.0,0.525636434896757,0.9425203806781492,0.030716390171494745
16,0.34325331466444564,1.0,1.0,0.42797530900940317,0.9564711881306776,0.013054634549654831
16,0.31247848281740964,0.7489982264960928,1.0,0.0,1.0506704418573956,0.009526246662045823
16,0.3224323965899,0.7740984038464835,1.0,0.0,1.0300825785256604,0.011847720250206084
16,0.365263422512878,1.0,1.0,0.44667078019737366,0.9432254513628329,0.04438947291783646
16,0.36772449686572145,1.0,1.0,0.525636434896757,0.9425203806781492,0.049700053044570036
16,0.33533105341913044,0.911920145079208,1.0,0.3312903825824175,1.000225727216988,0.021157721624492032
16,0.33533105341913044,1.0,1.0,0.525636434896757,0.9790680055924961,0.03654762491434682
16,0.3285566241998437,0.7991985811968743,1.0,0.0,1.0197157792552414,0.02046060835837704
16,0.3104039466006052,0.7740984038464835,1.0,0.05256364348967568,1.0576924333636493,0.016514497921497506
16,0.3685892413010722,1.0,1.0,0.525636434896757,0.9425203806781492,0.051794692066776005
16,0.33215258045609125,1.0,1.0,0.525636434896757,0.988437016578683,0.04591663590053374
16,0.2971458411617714,0.7211091405512142,1.0,0.21123437365619674,1.1238995568927919,0.019014816541526702
16,0.37109860915958726,1.0,1.0,0.525636434896757,0.9425203806781492,0.057817776908818064
16,0.3928615063812013,1.0,1.0,0.525636434896757,0.9425203806781492,0.10682662983989455
16,0.28385851568174175,0.5958871446587094,1.0,0.0,1.1566040381711202,0.027804055673391836
16,0.3532349725235832,1.0,1.0,0.525636434896757,0.9425203806781492,0.013077003686353228
16,0.3655170270458749,1.0,1.0,0.525636434896757,0.9425203806781492,0.0443080363214825
16,0.3262999402637033,0.800381009979927,1.0,0.454567345667312,1.117161407768695,0.11099540788566875
16,0.33928514044631786,1.0,1.0,0.525636434896757,0.9676577797183399,0.025137399040190633
16,0.3868209652284992,1.0,1.0,0.525636434896757,0.9425203806781492,0.09377655517043482
16,0.2730588682688545,0.5707869673083187,1.0,0.0,1.202348444284042,0.054692117434222975
16,0.35859858051355326,1.0,1.0,0.525636434896757,0.9425203806781492,0.026978815294243064
16,0.35079309526868735,0.9548196807692967,1.0,0.44667078019737366,0.9758700779709029,0.039956828378616804
16,0.3650991858693889,1.0,1.0,0.525636434896757,0.9425203806781492,0.0432800688096443
16,0.38767619282206023,1.0,1.0,0.5106329605038742,0.9426430198719448,0.09577155369659607
16,0.35527276172535904,1.0,1.0,0.525636434896757,0.9425203806781492,0.018408146053605634
16,0.37009778443989866,1.0,1.0,0.47307279140708136,0.942972484640746,0.0558774530583902
16,0.35967894795693683,1.0,1.0,0.0,0.9555163970906804,0.042724843357924924
16,0.37293207922519633,1.0,1.0,0.44667078019737366,0.9432254513628329,0.06287236812817376
16,0.3468451738490328,0.9207281305712873,1.0,0.10805040803359868,0.9805870055463881,0.03402084153310103
16,0.3464655543678865,1.0,1.0,0.5177398694268187,0.947603308833273,0.005018982078697776
16,0.3303670702427753,0.911920145079208,1.0,0.454567345667312,1.0105381780430995,0.016759029811640902
16,0.3149541512557057,0.7966885634618351,1.0,0.05256364348967568,1.0424117425091644,0.012398376921111787
17,0.34927580123383684,1.0,1.0,0.525636434896757,0.9425203806781492,0.0025414168804650528
17,0.3532349725235832,1.0,1.0,0.525636434896757,0.9425203806781492,0.013077003686353228
17,0.3464655543678865,1.0,1.0,0.5177398694268187,0.947603308833273,0.005018982078697776
17,0.3543568542832922,1.0,1.0,0.44667078019737366,0.9432254513628329,0.01672466051204957
17,0.35527276172535904,1.0,1.0,0.525636434896757,0.9425203806781492,0.018408146053605634
17,0.3460415011739068,1.0,1.0,0.0,0.9555163970906804,0.006751856996960015
17,0.34368616317975864,1.0,1.0,0.454567345667312,0.9552665800408812,0.012118785479518501
17,0.3564953114957606,1.0,1.0,0.525636434896757,0.9425203806781492,0.021577257008687067
17,0.3256916504398317,0.911920145079208,1.0,0.525636434896757,1.0167145315350121,0.008669329234150647
17,0.34325331466444564,1.0,1.0,0.42797530900940317,0.9564711881306776,0.013054634549654831
17,0.35859858051355326,1.0,1.0,0.525636434896757,0.9425203806781492,0.026978815294243064
17,0.31247848281740964,0.7489982264960928,1.0,0.0,1.0506704418573956,0.009526246662045823
17,0.3224323965899,0.7740984038464835,1.0,0.0,1.0300825785256604,0.011847720250206084
17,0.33533105341913044,0.911920145079208,1.0,0.3312903825824175,1.000225727216988,0.021157721624492032
17,0.33928514044631786,1.0,1.0,0.525636434896757,0.9676577797183399,0.025137399040190633
17,0.3303670702427753,0.911920145079208,1.0,0.454567345667312,1.0105381780430995,0.016759029811640902
17,0.3600685116207185,1.0,1.0,0.525636434896757,0.9425203806781492,0.030716390171494745
17,0.3149541512557057,0.7966885634618351,1.0,0.05256364348967568,1.0424117425091644,0.012398376921111787
17,0.3285566241998437,0.7991985811968743,1.0,0.0,1.0197157792552414,0.02046060835837704
17,0.3650991858693889,1.0,1.0,0.525636434896757,0.9425203806781492,0.0432800688096443
17,0.37324249180167174,1.0,1.0,0.525636434896757,0.9425203806781492,0.06289945595717839
17,0.345373118859179,1.0,1.0,0.018864697908822392,0.954196395037858,0.003595761157516142
17,0.39171616708833773,1.0,1.0,0.525636434896757,0.9425203806781492,0.1043831440519406
17,0.3140679884872436,0.7199267117681615,1.0,0.0,1.0549200120103506,0.009567038600426736
17,0.3101901709401758,0.7718393878849483,1.0,0.04730727914070811,1.058421369735357,0.017284258071980307
17,0.34031727883859547,0.9774098403846484,1.0,0.525636434896757,0.9647229985473482,0.0044487705651719
17,0.3528344795583055,1.0,1.0,0.525636434896757,0.9425203806781492,0.01202201741199549
17,0.2818365646809212,1.0,1.0,0.0,1.1649017432147617,0.20938534612408133
17,0.34324178686662127,1.0,1.0,0.5088105108275836,0.9565033112778915,0.013845062418957998
17,0.3317677992583587,0.911920145079208,1.0,0.3312903825824175,1.000225727216988,0.010642330613401696
17,0.31456157244062277,0.8326482756504953,1.0,0.525636434896757,1.096910140786216,0.0531974486339446
17,0.32213297211536307,0.8326482756504953,1.0,0.3507249878138514,1.0639319474871909,0.044750633981010424
17,0.3645215746789489,1.0,1.0,0.525636434896757,0.9425203806781492,0.041855156536447446
17,0.2864116641077689,0.7289398521948597,1.0,0.09987092263038383,1.1462937675385252,0.06606526358533671
17,0.36095543463820445,1.0,1.0,0.525636434896757,0.9425203806781492,0.03295683280449191
17,0.3835330721780992,1.0,1.0,0.525636434896757,0.9425203806781492,0.08650057528600674
17,0.32579412249826545,0.911920145079208,1.0,0.525636434896757,1.0167145315350121,0.008986389793024019
17,0.3582060901902976,1.0,1.0,0.525636434896757,0.9425203806781492,0.02597564640965644
17,0.36876718059431524,1.0,1.0,0.525636434896757,0.9425203806781492,0.052224489259735773
17,0.33951624349974824,0.929719503418906,1.0,0.47307279140708136,0.9971006570109601,0.030101545828195242
18,0.34927580123383684,1.0,1.0,0.525636434896757,0.9425203806781492,0.0025414168804650528
18,0.3464655543678865,1.0,1.0,0.5177398694268187,0.947603308833273,0.005018982078697776
18,0.345373118859179,1.0,1.0,0.018864697908822392,0.954196395037858,0.003595761157516142
18,0.3528344795583055,1.0,1.0,0.525636434896757,0.9425203806781492,0.01202201741199549
18,0.3460415011739068,1.0,1.0,0.0,0.9555163970906804,0.006751856996960015
18,0.34031727883859547,0.9774098403846484,1.0,0.525636434896757,0.9647229985473482,0.0044487705651719
18,0.3532349725235832,1.0,1.0,0.525636434896757,0.9425203806781492,0.013077003686353228
18,0.34368616317975864,1.0,1.0,0.454567345667312,0.9552665800408812,0.012118785479518501
18,0.3256916504398317,0.911920145079208,1.0,0.525636434896757,1.0167145315350121,0.008669329234150647
18,0.3317677992583587,0.911920145079208,1.0,0.3312903825824175,1.000225727216988,0.010642330613401696
18,0.3543568542832922,1.0,1.0,0.44667078019737366,0.9432254513628329,0.01672466051204957
18,0.35527276172535904,1.0,1.0,0.525636434896757,0.9425203806781492,0.018408146053605634
18,0.34325331466444564,1.0,1.0,0.42797530900940317,0.9564711881306776,0.013054634549654831
18,0.32579412249826545,0.911920145079208,1.0,0.525636434896757,1.0167145315350121,0.008986389793024019
18,0.3564953114957606,1.0,1.0,0.525636434896757,0.9425203806781492,0.021577257008687067
18,0.34324178686662127,1.0,1.0,0.5088105108275836,0.9565033112778915,0.013845062418957998
18,0.31247848281740964,0.7489982264960928,1.0,0.0,1.0506704418573956,0.009526246662045823
18,0.3582060901902976,1.0,1.0,0.525636434896757,0.9425203806781492,0.02597564640965644
18,0.33533105341913044,0.911920145079208,1.0,0.3312903825824175,1.000225727216988,0.021157721624492032
18,0.3303670702427753,0.911920145079208,1.0,0.454567345667312,1.0105381780430995,0.016759029811640902
18,0.3419694918758442,0.9796688563461835,1.0,0.525636434896757,0.9600619748340069,0.0015999762790142036
18,0.347282456076297,0.9911920145079208,1.0,0.5185295259738125,0.9493412674818595,0.003966976400874622
18,0.3263758656828923,0.8529794193043118,1.0,0.26732820227591697,1.0340443036794245,0.028112370046734725
18,0.35283503384175957,1.0,1.0,0.525636434896757,0.9425203806781492,0.012023479171162976
18,0.36082547543184357,1.0,1.0,0.525636434896757,0.9425203806781492,0.03262923355073244
18,0.35817479889235876,1.0,1.0,0.511422617050868,0.9426364440054935,0.026011637452845293
18,0.3467542010038133,1.0,1.0,0.525636434896757,0.9468145007793051,0.004294120101155818
18,0.32743721249124785,0.9207281305712872,1.0,0.0071069089229445,1.0026713309791293,0.025107352016160434
18,0.34352420758329005,0.9774098403846484,1.0,0.525636434896757,0.9602742279821763,0.00455728443010317
18,0.33929956625302876,0.9911920145079208,1.0,0.1335040519141164,0.967616638362913,0.015331572125108606
18,0.32269618211377327,0.8981379709559356,1.0,0.525636434896757,1.0296406387225192,0.012238128734932463
18,0.3453148807737401,0.9207281305712872,1.0,0.414687168120352,1.0002319217455597,0.04947096705700427
18,0.34250844499432326,0.9207281305712872,1.0,0.414687168120352,1.0002319217455597,0.04168064949807693
18,0.3528241045402636,1.0,1.0,0.525636434896757,0.9425203806781492,0.01199465551365786
18,0.37563632529071544,1.0,1.0,0.5177398694268187,0.9425843267545753,0.06856899946890405
18,0.3416373525440799,0.9207281305712872,1.0,0.525636434896757,1.0086563275563372,0.04766098188490364
18,0.3393075852548574,0.9774098403846484,1.0,0.525636434896757,0.9675937702635637,0.007319542281387426
18,0.34280167701912806,1.0,1.0,0.525636434896757,0.9577313289728041,0.015210948294654858
18,0.31146878923367155,0.7489982264960928,1.0,0.3312903825824175,1.1375929632232602,0.08351654543174036
18,0.3414193043828474,1.0,1.0,0.42797530900940317,0.9616090873807422,0.018192533799719524
19,0.34927580123383684,1.0,1.0,0.525636434896757,0.9425203806781492,0.0025414168804650528
19,0.3419694918758442,0.9796688563461835,1.0,0.525636434896757,0.9600619748340069,0.0015999762790142036
19,0.345373118859179,1.0,1.0,0.018864697908822392,0.954196395037858,0.003595761157516142
19,0.347282456076297,0.9911920145079208,1.0,0.5185295259738125,0.9493412674818595,0.003966976400874622
19,0.3467542010038133,1.0,1.0,0.525636434896757,0.9468145007793051,0.004294120101155818
19,0.3528241045402636,1.0,1.0,0.525636434896757,0.9425203806781492,0.01199465551365786
19,0.3464655543678865,1.0,1.0,0.5177398694268187,0.947603308833273,0.005018982078697776
19,0.34031727883859547,0.9774098403846484,1.0,0.525636434896757,0.9647229985473482,0.0044487705651719
19,0.34352420758329005,0.9774098403846484,1.0,0.525636434896757,0.9602742279821763,0.00455728443010317
19,0.3528344795583055,1.0,1.0,0.525636434896757,0.9425203806781492,0.01202201741199549
19,0.3460415011739068,1.0,1.0,0.0,0.9555163970906804,0.006751856996960015
19,0.35283503384175957,1.0,1.0,0.525636434896757,0.9425203806781492,0.012023479171162976
19,0.3393075852548574,0.9774098403846484,1.0,0.525636434896757,0.9675937702635637,0.007319542281387426
19,0.3532349725235832,1.0,1.0,0.525636434896757,0.9425203806781492,0.013077003686353228
19,0.34368616317975864,1.0,1.0,0.454567345667312,0.9552665800408812,0.012118785479518501
19,0.3256916504398317,0.911920145079208,1.0,0.525636434896757,1.0167145315350121,0.008669329234150647
19,0.3317677992583587,0.911920145079208,1.0,0.3312903825824175,1.000225727216988,0.010642330613401696
19,0.3543568542832922,1.0,1.0,0.44667078019737366,0.9432254513628329,0.01672466051204957
19,0.35527276172535904,1.0,1.0,0.525636434896757,0.9425203806781492,0.018408146053605634
19,0.34325331466444564,1.0,1.0,0.42797530900940317,0.9564711881306776,0.013054634549654831
19,0.35339224724741075,1.0,1.0,0.42797530900940317,0.9434165535810227,0.014386818798852619
19,0.3253218692548441,0.911920145079208,1.0,0.525636434896757,1.0167145315350121,0.007523522009029504
19,0.3614012169486629,1.0,1.0,0.519240216866107,0.9425720754030886,0.03413045883387278
19,0.3557499254485456,1.0,1.0,0.525636434896757,0.9425203806781492,0.01964764830429544
19,0.3347994201313169,0.9796688563461835,1.0,0.018864697908822392,0.9806226831395699,0.020759430082100794
19,0.3455206483444736,1.0,1.0,0.43774142159813856,0.9501947489571015,0.0068793252236963864
19,0.3498364612694962,1.0,1.0,0.0,0.9555163970906804,0.017043876149018033
19,0.33529072284259787,0.9774098403846484,1.0,0.4616742545902565,0.9791857731724566,0.01981793314160618
19,0.34120855524181654,0.9796688563461835,1.0,0.525636434896757,0.962203029957696,0.003741031402703321
19,0.355150131899779,0.9977409840384648,1.0,0.525636434896757,0.9442595880814342,0.019828266649226656
19,0.33387510663686926,0.957078696730832,1.0,0.0,0.9833374790565306,0.016362153012754233
19,0.35283503384175957,0.9796688563461835,1.0,0.525636434896757,0.9584619985549927,0.027965097048006426
19,0.3395798889104829,0.9796688563461835,1.0,0.018864697908822392,0.9668178723713985,0.006954619313929378
19,0.3512900296682366,0.9817019707115652,1.0,0.525636434896757,0.9568381230457084,0.02224881506324139
19,0.36260259345447876,1.0,1.0,0.525636434896757,0.9425203806781492,0.037088616856108536
19,0.3405896919175672,0.9207281305712872,1.0,0.525636434896757,1.0086563275563372,0.04470494120939916
19,0.3581813693428212,1.0,1.0,0.525636434896757,0.9425203806781492,0.02591238861777445
19,0.35032566598324455,1.0,1.0,0.525636434896757,0.9425203806781492,0.005358369425718212
19,0.3448410332312193,0.9977409840384648,1.0,0.5185295259738125,0.9520673993896865,0.007766280108945978
19,0.33848352274268123,0.911920145079208,1.0,0.525636434896757,1.0167145315350121,0.04676508456295503
20,0.34927580123383684,1.0,1.0,0.525636434896757,0.9425203806781492,0.0025414168804650528
20,0.3419694918758442,0.9796688563461835,1.0,0.525636434896757,0.9600619748340069,0.0015999762790142036
20,0.345373118859179,1.0,1.0,0.018864697908822392,0.954196395037858,0.003595761157516142
20,0.347282456076297,0.9911920145079208,1.0,0.5185295259738125,0.9493412674818595,0.003966976400874622
20,0.3467542010038133,1.0,1.0,0.525636434896757,0.9468145007793051,0.004294120101155818
20,0.35032566598324455,1.0,1.0,0.525636434896757,0.9425203806781492,0.005358369425718212
20,0.34120855524181654,0.9796688563461835,1.0,0.525636434896757,0.962203029957696,0.003741031402703321
20,0.3464655543678865,1.0,1.0,0.5177398694268187,0.947603308833273,0.005018982078697776
20,0.34352420758329005,0.9774098403846484,1.0,0.525636434896757,0.9602742279821763,0.00455728443010317
20,0.3528241045402636,1.0,1.0,0.525636434896757,0.9425203806781492,0.01199465551365786
20,0.34031727883859547,0.9774098403846484,1.0,0.525636434896757,0.9647229985473482,0.0044487705651719
20,0.3460415011739068,1.0,1.0,0.0,0.9555163970906804,0.006751856996960015
20,0.3455206483444736,1.0,1.0,0.43774142159813856,0.9501947489571015,0.0068793252236963864
20,0.3528344795583055,1.0,1.0,0.525636434896757,0.9425203806781492,0.01202201741199549
20,0.3395798889104829,0.9796688563461835,1.0,0.018864697908822392,0.9668178723713985,0.006954619313929378
20,0.3448410332312193,0.9977409840384648,1.0,0.5185295259738125,0.9520673993896865,0.007766280108945978
20,0.35283503384175957,1.0,1.0,0.525636434896757,0.9425203806781492,0.012023479171162976
20,0.3393075852548574,0.9774098403846484,1.0,0.525636434896757,0.9675937702635637,0.007319542281387426
20,0.3532349725235832,1.0,1.0,0.525636434896757,0.9425203806781492,0.013077003686353228
20,0.34368616317975864,1.0,1.0,0.454567345667312,0.9552665800408812,0.012118785479518501
20,0.3415660163275209,0.9774098403846484,1.0,0.525636434896757,0.961196049982206,0.0009218220000296595
20,0.35007379980011033,1.0,1.0,0.4616742545902565,0.9430793840348767,0.005243116616422849
20,0.34157776671832124,0.9796688563461835,1.0,0.525636434896757,0.9611629845128153,0.0027009859578226436
20,0.34694108676830226,0.9796688563461835,1.0,0.525636434896757,0.9584619985549927,0.012157515637641003
20,0.3463179971336459,1.0,1.0,0.018864697908822392,0.954196395037858,0.006189336690663683
20,0.3523590499930702,1.0,1.0,0.525636434896757,0.9425203806781492,0.010766518422958615
20,0.3583072291124571,1.0,1.0,0.525636434896757,0.9425203806781492,0.02623435831593246
20,0.3521392615696387,1.0,1.0,0.525636434896757,0.9425203806781492,0.010184962390504593
20,0.33868852766685487,0.9911920145079208,1.0,0.454567345667312,0.9693623458570254,0.020014476296318917
20,0.3528466773439404,1.0,1.0,0.525636434896757,0.9425203806781492,0.012054184413317404
20,0.34031727883859547,1.0,1.0,0.525636434896757,0.9647229985473482,0.02220261786919897
20,0.351784721493949,1.0,1.0,0.46807047262090656,0.94301897809918,0.009743921877788608
20,0.34951560162772904,1.0,1.0,0.0071069089229445,0.9549975854759605,0.015663535164468056
20,0.343695999551105,1.0,1.0,0.454567345667312,0.9552392408900007,0.012091446328638011
20,0.3496455824188245,1.0,1.0,0.525636434896757,0.9425203806781492,0.003535527921988524
20,0.3351408445531034,0.957078696730832,1.0,0.525636434896757,0.9796236747017023,0.0026544114758345616
20,0.34332277311974096,0.9977409840384648,1.0,0.525636434896757,0.9562776821466007,0.012018094065166518
20,0.350269110127316,1.0,1.0,0.525636434896757,0.9425203806781492,0.0052070514875777185
20,0.35484529800050907,1.0,1.0,0.5177398694268187,0.9425843267545753,0.017358862057364144
20,0.3467420032181785,1.0,1.0,0.5185295259738125,0.9468478080803414,0.004269935401865932
21,0.34927580123383684,1.0,1.0,0.525636434896757,0.9425203806781492,0.0025414168804650528
21,0.3419694918758442,0.9796688563461835,1.0,0.525636434896757,0.9600619748340069,0.0015999762790142036
21,0.3415660163275209,0.9774098403846484,1.0,0.525636434896757,0.961196049982206,0.0009218220000296595
21,0.3496455824188245,1.0,1.0,0.525636434896757,0.9425203806781492,0.003535527921988524
21,0.34157776671832124,0.9796688563461835,1.0,0.525636434896757,0.9611629845128153,0.0027009859578226436
21,0.3351408445531034,0.957078696730832,1.0,0.525636434896757,0.9796236747017023,0.0026544114758345616
21,0.345373118859179,1.0,1.0,0.018864697908822392,0.954196395037858,0.003595761157516142
21,0.347282456076297,0.9911920145079208,1.0,0.5185295259738125,0.9493412674818595,0.003966976400874622
21,0.3467542010038133,1.0,1.0,0.525636434896757,0.9468145007793051,0.004294120101155818
21,0.350269110127316,1.0,1.0,0.525636434896757,0.9425203806781492,0.0052070514875777185
21,0.3467420032181785,1.0,1.0,0.5185295259738125,0.9468478080803414,0.004269935401865932
21,0.34120855524181654,0.9796688563461835,1.0,0.525636434896757,0.962203029957696,0.003741031402703321
21,0.35032566598324455,1.0,1.0,0.525636434896757,0.9425203806781492,0.005358369425718212
21,0.35007379980011033,1.0,1.0,0.4616742545902565,0.9430793840348767,0.005243116616422849
21,0.3464655543678865,1.0,1.0,0.5177398694268187,0.947603308833273,0.005018982078697776
21,0.34352420758329005,0.9774098403846484,1.0,0.525636434896757,0.9602742279821763,0.00455728443010317
21,0.34031727883859547,0.9774098403846484,1.0,0.525636434896757,0.9647229985473482,0.0044487705651719
21,0.3521392615696387,1.0,1.0,0.525636434896757,0.9425203806781492,0.010184962390504593
21,0.3455206483444736,1.0,1.0,0.43774142159813856,0.9501947489571015,0.0068793252236963864
21,0.3463179971336459,1.0,1.0,0.018864697908822392,0.954196395037858,0.006189336690663683
21,0.35057446994850733,1.0,1.0,0.525636434896757,0.9425203806781492,0.006023476681994988
21,0.35264419934256314,1.0,1.0,0.47446669065155667,0.9429596441770536,0.011959201395234431
21,0.343031788851405,0.9817019707115652,1.0,0.525636434896757,0.9570888657450245,0.000250742699316131
21,0.346940024510062,0.9957078696730832,1.0,0.06954187160761582,0.9527761795480159,0.006468799243044221
21,0.3526447283413522,1.0,1.0,0.018864697908822392,0.954196395037858,0.023197348840379606
21,0.3351408445531034,0.9717416694033123,1.0,0.525636434896757,0.9796236747017023,0.014765228351703574
21,0.3419585998106716,0.9774098403846484,1.0,0.525636434896757,0.9602742279821763,0.00018167325465368034
21,0.3429652604642222,0.9753767260192668,1.0,0.525636434896757,0.9619124116856599,0.0046378898821856085
21,0.3473270490595059,1.0,1.0,0.525636434896757,0.9452529153923332,0.0027325347141839984
21,0.32924621155796513,0.9367475530770155,1.0,0.525636434896757,0.9971622881024521,0.002773292443414621
21,0.35372488852827977,0.9920728130571288,1.0,0.525636434896757,0.9486583602635212,0.020502280827898733
21,0.3352736460639199,0.957078696730832,1.0,0.525636434896757,0.9792356468767561,0.0022663836508883817
21,0.3546240558186355,1.0,1.0,0.005579691301115297,0.955106774752966,0.029304082153138844
21,0.345194133393613,1.0,1.0,0.4616742545902565,0.9510935266617365,0.008014142626859844
21,0.33852048215353026,0.957078696730832,1.0,0.525636434896757,0.9769692632258677,0.007125714602352118
21,0.33391958655391074,0.9774098403846484,1.0,0.525636434896757,0.9832064931212262,0.02293226513904989
21,0.34963460441175315,1.0,1.0,0.519240216866107,0.9425720754030886,0.003557739917833369
21,0.35221514062365517,1.0,1.0,0.525636434896757,0.9425203806781492,0.010385818972761696
21,0.3455206483444736,0.9817019707115652,1.0,0.525636434896757,0.9568381230457084,0.006643374088606824
21,0.3496408230126197,1.0,1.0,0.525636434896757,0.9425203806781492,0.0035227462042155544
22,0.34927580123383684,1.0,1.0,0.525636434896757,0.9425203806781492,0.0025414168804650528
22,0.343031788851405,0.9817019707115652,1.0,0.525636434896757,0.9570888657450245,0.000250742699316131
22,0.3419585998106716,0.9774098403846484,1.0,0.525636434896757,0.9602742279821763,0.00018167325465368034
22,0.3473270490595059,1.0,1.0,0.525636434896757,0.9452529153923332,0.0027325347141839984
22,0.3496408230126197,1.0,1.0,0.525636434896757,0.9425203806781492,0.0035227462042155544
22,0.3419694918758442,0.9796688563461835,1.0,0.525636434896757,0.9600619748340069,0.0015999762790142036
22,0.3415660163275209,0.9774098403846484,1.0,0.525636434896757,0.961196049982206,0.0009218220000296595
22,0.3496455824188245,1.0,1.0,0.525636434896757,0.9425203806781492,0.003535527921988524
22,0.34157776671832124,0.9796688563461835,1.0,0.525636434896757,0.9611629845128153,0.0027009859578226436
22,0.3352736460639199,0.957078696730832,1.0,0.525636434896757,0.9792356468767561,0.0022663836508883817
22,0.350269110127316,1.0,1.0,0.525636434896757,0.9425203806781492,0.0052070514875777185
22,0.34963460441175315,1.0,1.0,0.519240216866107,0.9425720754030886,0.003557739917833369
22,0.3351408445531034,0.957078696730832,1.0,0.525636434896757,0.9796236747017023,0.0026544114758345616
22,0.35032566598324455,1.0,1.0,0.525636434896757,0.9425203806781492,0.005358369425718212
22,0.345373118859179,1.0,1.0,0.018864697908822392,0.954196395037858,0.003595761157516142
22,0.347282456076297,0.9911920145079208,1.0,0.5185295259738125,0.9493412674818595,0.003966976400874622
22,0.3467542010038133,1.0,1.0,0.525636434896757,0.9468145007793051,0.004294120101155818
22,0.3467420032181785,1.0,1.0,0.5185295259738125,0.9468478080803414,0.004269935401865932
22,0.35007379980011033,1.0,1.0,0.4616742545902565,0.9430793840348767,0.005243116616422849
22,0.32924621155796513,0.9367475530770155,1.0,0.525636434896757,0.9971622881024521,0.002773292443414621
22,0.34421387128855,0.9774098403846484,1.0,0.525636434896757,0.9602742279821763,0.006472149987634568
22,0.3539125303403546,1.0,1.0,0.525636434896757,0.9425203806781492,0.014856402745612729
22,0.3280032376277942,0.9367475530770155,1.0,0.06954187160761582,1.0009410517922444,0.027877683561189692
22,0.3589199367865712,1.0,1.0,0.018864697908822392,0.954196395037858,0.039474552924437134
22,0.3377457217304639,0.957078696730832,1.0,0.46807047262090656,0.9749086085425078,0.0028403199816062763
22,0.35074453969255126,0.9920728130571288,1.0,0.519240216866107,0.9486593588887948,0.012616545463647322
22,0.344752162936545,0.9796688563461835,1.0,0.525636434896757,0.9584619985549927,0.0061491750050414185
22,0.3436028439954116,0.9817019707115652,1.0,0.525636434896757,0.9568381230457084,0.0013399033853005449
22,0.35609025817218687,1.0,1.0,0.4616742545902565,0.9430793840348767,0.0210886858714312
22,0.34159720744428,0.9875960432890548,1.0,0.525636434896757,0.9611082835207647,0.00894004738099241
22,0.3286384614481002,0.9387806674423972,1.0,0.525636434896757,0.9990063372914393,0.006393268149893938
22,0.34733802706657724,1.0,1.0,0.525636434896757,0.9452230396161415,0.002702658937992264
22,0.3313730252662399,0.9446747400198867,1.0,0.525636434896757,0.9907623150943685,0.00325451843964486
22,0.3441693574017381,0.9774098403846484,1.0,0.525636434896757,0.9602742279821763,0.006348787937224265
22,0.3416187961085064,0.9796688563461835,1.0,0.525636434896757,0.9610475461017651,0.0025855475467724265
22,0.35033554618960877,1.0,1.0,0.525636434896757,0.9425203806781492,0.005384799384488215
22,0.3551245846457134,1.0,1.0,0.525636434896757,0.9425203806781492,0.018022556720379113
22,0.33579511212134544,0.9613708270577488,1.0,0.525636434896757,0.977714963185678,0.004329008458130557
22,0.34181239534365787,0.9817019707115652,1.0,0.519240216866107,0.960503218067265,0.0037316564237284133
22,0.35197486190937743,1.0,1.0,0.519240216866107,0.9425720754030886,0.009801183897984456
23,0.34927580123383684,1.0,1.0,0.525636434896757,0.9425203806781492,0.0025414168804650528
23,0.343031788851405,0.9817019707115652,1.0,0.525636434896757,0.9570888657450245,0.000250742699316131
23,0.3419585998106716,0.9774098403846484,1.0,0.525636434896757,0.9602742279821763,0.00018167325465368034
23,0.3436028439954116,0.9817019707115652,1.0,0.525636434896757,0.9568381230457084,0.0013399033853005449
23,0.3496408230126197,1.0,1.0,0.525636434896757,0.9425203806781492,0.0035227462042155544
23,0.34733802706657724,1.0,1.0,0.525636434896757,0.9452230396161415,0.002702658937992264
23,0.3415660163275209,0.9774098403846484,1.0,0.525636434896757,0.961196049982206,0.0009218220000296595
23,0.3419694918758442,0.9796688563461835,1.0,0.525636434896757,0.9600619748340069,0.0015999762790142036
23,0.3496455824188245,1.0,1.0,0.525636434896757,0.9425203806781492,0.003535527921988524
23,0.3473270490595059,1.0,1.0,0.525636434896757,0.9452529153923332,0.0027325347141839984
23,0.3352736460639199,0.957078696730832,1.0,0.525636434896757,0.9792356468767561,0.0022663836508883817
23,0.3416187961085064,0.9796688563461835,1.0,0.525636434896757,0.9610475461017651,0.0025855475467724265
23,0.350269110127316,1.0,1.0,0.525636434896757,0.9425203806781492,0.0052070514875777185
23,0.34963460441175315,1.0,1.0,0.519240216866107,0.9425720754030886,0.003557739917833369
23,0.34157776671832124,0.9796688563461835,1.0,0.525636434896757,0.9611629845128153,0.0027009859578226436
23,0.3351408445531034,0.957078696730832,1.0,0.525636434896757,0.9796236747017023,0.0026544114758345616
23,0.35032566598324455,1.0,1.0,0.525636434896757,0.9425203806781492,0.005358369425718212
23,0.32924621155796513,0.9367475530770155,1.0,0.525636434896757,0.9971622881024521,0.002773292443414621
23,0.3377457217304639,0.957078696730832,1.0,0.46807047262090656,0.9749086085425078,0.0028403199816062763
23,0.345373118859179,1.0,1.0,0.018864697908822392,0.954196395037858,0.003595761157516142
23,0.3530134948873585,1.0,1.0,0.06314565357696578,0.9516982223954658,0.021671720609464873
23,0.343031788851405,0.9774098403846485,1.0,0.525636434896757,0.9602742279821761,0.003185362237151601
23,0.3289305853673611,0.9367475530770155,1.0,0.525636434896757,0.9981191177420536,0.003730122083016152
23,0.33390050452678294,0.9817019707115652,1.0,0.011975909331765344,0.983262682233442,0.02363535223726254
23,0.33127517063697975,0.943072797769314,1.0,0.519240216866107,0.9910549741504318,0.0024972203450870367
23,0.3314710796578547,0.9367475530770155,1.0,0.47382706884849163,0.9913658549000784,0.0008966229786029345
23,0.330770733412479,0.9410396834039323,1.0,0.525636434896757,0.9925663685045185,0.0019175509468001284
23,0.35998523051895615,1.0,1.0,0.525636434896757,0.9425203806781492,0.030505448070897168
23,0.3496455824188245,0.957078696730832,1.0,0.525636434896757,0.9769692632258677,0.03798441046970702
23,0.3574707872990175,1.0,1.0,0.519240216866107,0.9425720754030886,0.024142045845707893
23,0.35481883872518355,1.0,1.0,0.519240216866107,0.9425720754030886,0.017277615510110644
23,0.3258303946311932,0.9184495237885807,1.0,0.525636434896757,1.0107261475043887,0.0031101882033341965
23,0.3469748990730863,0.9979668856346184,1.0,0.525636434896757,0.946212266634306,0.0021269536143311285
23,0.349574399308749,1.0,1.0,0.525636434896757,0.9425203806781492,0.003344324383989461
23,0.3581584504030601,1.0,1.0,0.525636434896757,0.9425203806781492,0.0258537338986905
23,0.3538798515474324,1.0,1.0,0.525636434896757,0.9425203806781492,0.014770738250112325
23,0.34430298927029607,0.9774098403846484,1.0,0.525636434896757,0.9602742279821763,0.006719028227377244
23,0.32924621155796513,0.957078696730832,1.0,0.525636434896757,0.9971622881024521,0.020193024876584365
23,0.35714891057226783,1.0,1.0,0.525636434896757,0.9425203806781492,0.023262625648048707
23,0.36109653470491565,1.0,1.0,0.525636434896757,0.9425203806781492,0.0333122487794264
24,0.34927580123383684,1.0,1.0,0.525636434896757,0.9425203806781492,0.0025414168804650528
24,0.343031788851405,0.9817019707115652,1.0,0.525636434896757,0.9570888657450245,0.000250742699316131
24,0.3419585998106716,0.9774098403846484,1.0,0.525636434896757,0.9602742279821763,0.00018167325465368034
24,0.3436028439954116,0.9817019707115652,1.0,0.525636434896757,0.9568381230457084,0.0013399033853005449
24,0.3469748990730863,0.9979668856346184,1.0,0.525636434896757,0.946212266634306,0.0021269536143311285
24,0.34733802706657724,1.0,1.0,0.525636434896757,0.9452230396161415,0.002702658937992264
24,0.349574399308749,1.0,1.0,0.525636434896757,0.9425203806781492,0.003344324383989461
24,0.3415660163275209,0.9774098403846484,1.0,0.525636434896757,0.961196049982206,0.0009218220000296595
24,0.3314710796578547,0.9367475530770155,1.0,0.47382706884849163,0.9913658549000784,0.0008966229786029345
24,0.3419694918758442,0.9796688563461835,1.0,0.525636434896757,0.9600619748340069,0.0015999762790142036
24,0.3473270490595059,1.0,1.0,0.525636434896757,0.9452529153923332,0.0027325347141839984
24,0.3496408230126197,1.0,1.0,0.525636434896757,0.9425203806781492,0.0035227462042155544
24,0.3352736460639199,0.957078696730832,1.0,0.525636434896757,0.9792356468767561,0.0022663836508883817
24,0.3416187961085064,0.9796688563461835,1.0,0.525636434896757,0.9610475461017651,0.0025855475467724265
24,0.330770733412479,0.9410396834039323,1.0,0.525636434896757,0.9925663685045185,0.0019175509468001284
24,0.343031788851405,0.9774098403846485,1.0,0.525636434896757,0.9602742279821761,0.003185362237151601
24,0.3496455824188245,1.0,1.0,0.525636434896757,0.9425203806781492,0.003535527921988524
24,0.33127517063697975,0.943072797769314,1.0,0.519240216866107,0.9910549741504318,0.0024972203450870367
24,0.34157776671832124,0.9796688563461835,1.0,0.525636434896757,0.9611629845128153,0.0027009859578226436
24,0.3351408445531034,0.957078696730832,1.0,0.525636434896757,0.9796236747017023,0.0026544114758345616
24,0.3317791797890543,0.9406104703712407,1.0,0.525636434896757,0.9910212993442664,0.0014718469568123504
24,0.3367871144368466,0.9613708270577487,1.0,0.525636434896757,0.9748351157600356,0.0014491610324881554
24,0.356202545203053,1.0,1.0,0.525636434896757,0.9425203806781492,0.02082032501315445
24,0.34989002549935305,1.0,1.0,0.525636434896757,0.9425203806781492,0.004191529329841792
24,0.3505844211536122,0.9979668856346186,1.0,0.525636434896757,0.9440853130199749,0.007614991131247195
24,0.3469151177396027,0.9979668856346184,1.0,0.525636434896757,0.9463753204420023,0.0022900074220274513
24,0.334697882393671,0.959337712692367,1.0,0.525636434896757,0.9809201759343277,0.005840861427658495
24,0.3480713038069332,0.9957078696730832,1.0,0.525636434896757,0.9458316221193528,0.00259987009235485
24,0.3184862835138813,0.904014411794371,1.0,0.525636434896757,1.0308510056076128,0.006769996304145431
24,0.34544350090561204,0.9961370827057748,1.0,0.525636434896757,0.9504069546894351,0.004907740779622749
24,0.3473270490595059,0.9613708270577487,1.0,0.525636434896757,0.9733859547275474,0.02813303933521416
24,0.34292741602828175,0.977635741980802,1.0,0.525636434896757,0.9600926281639488,0.0027124644300866585
24,0.3398762032528692,0.9774098403846484,1.0,0.525636434896757,0.9659749713430996,0.005700743360923299
24,0.333406899736427,0.9487655179923826,1.0,0.519879838669172,0.984718390465805,0.0009784819623016583
24,0.330770733412479,0.979239643313492,1.0,0.525636434896757,0.9925663685045185,0.03376068975992186
24,0.3476901770529968,1.0,1.0,0.525636434896757,0.9442656922374256,0.0017453115592763746
24,0.3469952772834619,1.0,1.0,0.525636434896757,0.9461566978302438,0.003636317152094559
24,0.32908792189032543,0.9387806674423972,1.0,0.525636434896757,0.997641918244392,0.005028849102846622
24,0.34157776671832124,1.0,1.0,0.525636434896757,0.9611629845128153,0.018642603834666094
24,0.3439157173011186,0.9817019707115652,1.0,0.4790080054533182,0.9563741974557673,0.0017452311346923821
25,0.34927580123383684,1.0,1.0,0.525636434896757,0.9425203806781492,0.0025414168804650528
25,0.343031788851405,0.9817019707115652,1.0,0.525636434896757,0.9570888657450245,0.000250742699316131
25,0.3419585998106716,0.9774098403846484,1.0,0.525636434896757,0.9602742279821763,0.00018167325465368034
25,0.3436028439954116,0.9817019707115652,1.0,0.525636434896757,0.9568381230457084,0.0013399033853005449
25,0.3476901770529968,1.0,1.0,0.525636434896757,0.9442656922374256,0.0017453115592763746
25,0.3439157173011186,0.9817019707115652,1.0,0.4790080054533182,0.9563741974557673,0.0017452311346923821
25,0.349574399308749,1.0,1.0,0.525636434896757,0.9425203806781492,0.003344324383989461
25,0.3415660163275209,0.9774098403846484,1.0,0.525636434896757,0.961196049982206,0.0009218220000296595
25,0.3314710796578547,0.9367475530770155,1.0,0.47382706884849163,0.9913658549000784,0.0008966229786029345
25,0.3419694918758442,0.9796688563461835,1.0,0.525636434896757,0.9600619748340069,0.0015999762790142036
25,0.3469748990730863,0.9979668856346184,1.0,0.525636434896757,0.946212266634306,0.0021269536143311285
25,0.34733802706657724,1.0,1.0,0.525636434896757,0.9452230396161415,0.002702658937992264
25,0.3480713038069332,0.9957078696730832,1.0,0.525636434896757,0.9458316221193528,0.00259987009235485
25,0.3496408230126197,1.0,1.0,0.525636434896757,0.9425203806781492,0.0035227462042155544
25,0.3367871144368466,0.9613708270577487,1.0,0.525636434896757,0.9748351157600356,0.0014491610324881554
25,0.333406899736427,0.9487655179923826,1.0,0.519879838669172,0.984718390465805,0.0009784819623016583
25,0.3469151177396027,0.9979668856346184,1.0,0.525636434896757,0.9463753204420023,0.0022900074220274513
25,0.3473270490595059,1.0,1.0,0.525636434896757,0.9452529153923332,0.0027325347141839984
25,0.3496455824188245,1.0,1.0,0.525636434896757,0.9425203806781492,0.003535527921988524
25,0.3317791797890543,0.9406104703712407,1.0,0.525636434896757,0.9910212993442664,0.0014718469568123504
25,0.3414446501810657,0.9774098403846484,1.0,0.525636434896757,0.9615377061193597,0.0012634781371834158
25,0.336470179449069,0.9613708270577487,1.0,0.525636434896757,0.9757533527196564,0.002367397992108944
25,0.33540656135489055,0.9632006299865923,1.0,0.525636434896757,0.978847594269736,0.006979551244102322
25,0.33577472519414886,0.9575079097635237,1.0,0.5209735919524131,0.9777743262115953,0.0013324972937340807
25,0.35366719624919396,1.0,1.0,0.525636434896757,0.9425203806781492,0.014212894948738453
25,0.35030809542927793,1.0,1.0,0.525636434896757,0.9425203806781492,0.005311363787361523
25,0.32248401597556914,0.9117831676860906,1.0,0.525636434896757,1.0180718714138295,0.001230793301233657
25,0.3342243432526257,0.9513859765077635,1.0,0.5157926553475866,0.9823099732532053,0.0009572290419398444
25,0.34736336185885497,0.9981701970711566,1.0,0.525636434896757,0.945154100194414,0.0012255672853275223
25,0.34800711204077445,1.0,1.0,0.525636434896757,0.9434057361491344,0.0008853554709851164
25,0.3540074822696068,1.0,1.0,0.525636434896757,0.9425203806781492,0.015105220888068316
25,0.34733802706657724,1.0,1.0,0.525636434896757,0.9452230396161415,0.002702658937992264
25,0.35471426581490845,1.0,1.0,0.525636434896757,0.9425203806781492,0.016953135775982675
25,0.3480539072727942,0.9981701970711566,1.0,0.525636434896757,0.9439285329090865,0.000649635991641806
25,0.3367871144368466,1.0,1.0,0.525636434896757,0.9748351157600356,0.032314735081886314
25,0.35105814970394233,1.0,1.0,0.525636434896757,0.9425203806781492,0.007313760336091102
25,0.3384080343302609,0.9613708270577488,1.0,0.525636434896757,0.9733859547275474,0.0032201419005588594
25,0.35037499378338954,1.0,1.0,0.525636434896757,0.9425203806781492,0.005490308465555094
25,0.3499451374966619,1.0,1.0,0.525636434896757,0.9425203806781492,0.0043393044278255966
25,0.3539125303403546,1.0,1.0,0.525636434896757,0.9425203806781492,0.014856402745612729
26,0.34927580123383684,1.0,1.0,0.525636434896757,0.9425203806781492,0.0025414168804650528
26,0.343031788851405,0.9817019707115652,1.0,0.525636434896757,0.9570888657450245,0.000250742699316131
26,0.3419585998106716,0.9774098403846484,1.0,0.525636434896757,0.9602742279821763,0.00018167325465368034
26,0.34800711204077445,1.0,1.0,0.525636434896757,0.9434057361491344,0.0008853554709851164
26,0.3480539072727942,0.9981701970711566,1.0,0.525636434896757,0.9439285329090865,0.000649635991641806
26,0.349574399308749,1.0,1.0,0.525636434896757,0.9425203806781492,0.003344324383989461
26,0.3476901770529968,1.0,1.0,0.525636434896757,0.9442656922374256,0.0017453115592763746
26,0.3415660163275209,0.9774098403846484,1.0,0.525636434896757,0.961196049982206,0.0009218220000296595
26,0.3314710796578547,0.9367475530770155,1.0,0.47382706884849163,0.9913658549000784,0.0008966229786029345
26,0.34736336185885497,0.9981701970711566,1.0,0.525636434896757,0.945154100194414,0.0012255672853275223
26,0.3496408230126197,1.0,1.0,0.525636434896757,0.9425203806781492,0.0035227462042155544
26,0.3342243432526257,0.9513859765077635,1.0,0.5157926553475866,0.9823099732532053,0.0009572290419398444
26,0.3436028439954116,0.9817019707115652,1.0,0.525636434896757,0.9568381230457084,0.0013399033853005449
26,0.3439157173011186,0.9817019707115652,1.0,0.4790080054533182,0.9563741974557673,0.0017452311346923821
26,0.3469748990730863,0.9979668856346184,1.0,0.525636434896757,0.946212266634306,0.0021269536143311285
26,0.34733802706657724,1.0,1.0,0.525636434896757,0.9452230396161415,0.002702658937992264
26,0.3480713038069332,0.9957078696730832,1.0,0.525636434896757,0.9458316221193528,0.00259987009235485
26,0.3414446501810657,0.9774098403846484,1.0,0.525636434896757,0.9615377061193597,0.0012634781371834158
26,0.34733802706657724,1.0,1.0,0.525636434896757,0.9452230396161415,0.002702658937992264
26,0.3496455824188245,1.0,1.0,0.525636434896757,0.9425203806781492,0.003535527921988524
26,0.34144967765496764,0.9835317736404087,1.0,0.525636434896757,0.9615235485259412,0.0061411733016096814
26,0.32627626999270404,0.916416409423199,1.0,0.47382706884849163,1.0083420319777348,0.0021030380586573028
26,0.34539565263366595,0.996137082705775,1.0,0.525636434896757,0.9505386162490089,0.00503940233919653
26,0.3310105928395665,0.9412429948404706,1.0,0.4790080054533182,0.9918471274743923,0.003862802831537948
26,0.342823357730404,0.981498659275027,1.0,0.525636434896757,0.9576707604733288,0.0006705526149719532
26,0.3449738284838814,0.9817019707115653,1.0,0.48367084839766206,0.9564182596345554,0.004717351903214317
26,0.352169708738237,1.0,1.0,0.525636434896757,0.9425203806781492,0.010265568339528075
26,0.3500779239854499,1.0,1.0,0.525636434896757,0.9425203806781492,0.0046951616872280555
26,0.3314710796578547,0.9981701970711566,1.0,0.525636434896757,0.9904692319214755,0.046540699012389
26,0.34940669322442847,1.0,1.0,0.525636434896757,0.9425203806781492,0.002893544414709459
26,0.3458570321518952,0.996137082705775,1.0,0.525636434896757,0.9492705805961654,0.003771366686353028
26,0.3498137721020391,0.9981701970711566,1.0,0.525636434896757,0.9439285329090865,0.005395141979394058
26,0.32939856330641654,0.9367475530770155,1.0,0.47382706884849163,0.9967010856731031,0.005335230773024668
26,0.3439157173011186,0.9998170197071157,1.0,0.525636434896757,0.954628966321075,0.011968002359969088
26,0.33851911560534875,0.957078696730832,1.0,0.47382706884849163,0.9751109248748888,0.0052634611462204495
26,0.34006344510337166,0.9700702975256209,1.0,0.5157926553475866,0.9659990934816796,0.0005559962439736221
26,0.32728576365967066,0.9204826381539624,1.0,0.4790080054533182,1.0052828957140434,0.0021475867134725934
26,0.36344923109274363,1.0,1.0,0.525636434896757,0.9425203806781492,0.03919777693251969
26,0.34419791377583664,0.9920482638153963,1.0,0.525636434896757,0.9538462976371725,0.005168776662648589
26,0.33465201544576767,0.957078696730832,1.0,0.525636434896757,0.9810546195127191,0.00408535628685136
27,0.34927580123383684,1.0,1.0,0.525636434896757,0.9425203806781492,0.0025414168804650528
27,0.343031788851405,0.9817019707115652,1.0,0.525636434896757,0.9570888657450245,0.000250742699316131
27,0.3419585998106716,0.9774098403846484,1.0,0.525636434896757,0.9602742279821763,0.00018167325465368034
27,0.34800711204077445,1.0,1.0,0.525636434896757,0.9434057361491344,0.0008853554709851164
27,0.3480539072727942,0.9981701970711566,1.0,0.525636434896757,0.9439285329090865,0.000649635991641806
27,0.34940669322442847,1.0,1.0,0.525636434896757,0.9425203806781492,0.002893544414709459
27,0.34006344510337166,0.9700702975256209,1.0,0.5157926553475866,0.9659990934816796,0.0005559962439736221
27,0.3476901770529968,1.0,1.0,0.525636434896757,0.9442656922374256,0.0017453115592763746
27,0.34736336185885497,0.9981701970711566,1.0,0.525636434896757,0.945154100194414,0.0012255672853275223
27,0.342823357730404,0.981498659275027,1.0,0.525636434896757,0.9576707604733288,0.0006705526149719532
27,0.349574399308749,1.0,1.0,0.525636434896757,0.9425203806781492,0.003344324383989461
27,0.3436028439954116,0.9817019707115652,1.0,0.525636434896757,0.9568381230457084,0.0013399033853005449
27,0.3439157173011186,0.9817019707115652,1.0,0.4790080054533182,0.9563741974557673,0.0017452311346923821
27,0.3469748990730863,0.9979668856346184,1.0,0.525636434896757,0.946212266634306,0.0021269536143311285
27,0.34733802706657724,1.0,1.0,0.525636434896757,0.9452230396161415,0.002702658937992264
27,0.3480713038069332,0.9957078696730832,1.0,0.525636434896757,0.9458316221193528,0.00259987009235485
27,0.34733802706657724,1.0,1.0,0.525636434896757,0.9452230396161415,0.002702658937992264
27,0.3415660163275209,0.9774098403846484,1.0,0.525636434896757,0.961196049982206,0.0009218220000296595
27,0.3314710796578547,0.9367475530770155,1.0,0.47382706884849163,0.9913658549000784,0.0008966229786029345
27,0.3496408230126197,1.0,1.0,0.525636434896757,0.9425203806781492,0.0035227462042155544
27,0.3490798780302866,0.9981701970711566,1.0,0.525636434896757,0.9439285329090865,0.003422000205486997
27,0.3492259258272605,0.9977409840384648,1.0,0.525636434896757,0.9442595880814342,0.004146379288200608
27,0.3407995673576692,0.9796688563461835,1.0,0.525636434896757,0.963357753783313,0.004895755228320309
27,0.34275413541541383,0.9774098403846484,1.0,0.48367084839766206,0.9596682360227964,0.0018040652299549098
27,0.3480539072727942,0.9769261850672839,1.0,0.5167770333025036,0.9605275975462122,0.017248700628767488
27,0.33038703197364144,0.9328846357827905,1.0,0.47382706884849163,0.9945343892106386,0.0008152843523077102
27,0.3536267231849631,1.0,1.0,0.525636434896757,0.9425203806781492,0.014106648882119655
27,0.3436760810370003,0.9800551480756061,1.0,0.525636434896757,0.9581529437632814,0.0028583398518557956
27,0.34361323430903723,0.9814986592750271,1.0,0.525636434896757,0.9570002078583566,0.0015308809330092377
27,0.35068635977501394,1.0,1.0,0.525636434896757,0.9425203806781492,0.006322274946862105
27,0.35499271368847857,1.0,1.0,0.525636434896757,0.9425203806781492,0.017679128790840215
27,0.34557662132517497,0.9817019707115652,1.0,0.525636434896757,0.9568381230457084,0.006797276953875997
27,0.3489076844094676,1.0,1.0,0.525636434896757,0.9425203806781492,0.001549687303855185
27,0.3469748990730863,0.9835317736404087,1.0,0.48367084839766206,0.9550413674458171,0.008829100811511115
27,0.34733802706657724,1.0,1.0,0.525636434896757,0.9452230396161415,0.002702658937992264
27,0.34143718696083947,0.9747100904090179,1.0,0.525636434896757,0.9624510416954299,0.0008923180422174548
27,0.35434831760077085,1.0,1.0,0.525636434896757,0.9425203806781492,0.015997269295019323
27,0.3518579336458275,1.0,1.0,0.525636434896757,0.9425203806781492,0.009439513839553215
27,0.3314710796578547,0.9367475530770155,1.0,0.525636434896757,0.9943889956590375,0.0039197637375619765
27,0.34514941233036933,0.9981701970711566,1.0,0.525636434896757,0.9512167599981228,0.007288227089036314
28,0.343031788851405,0.9817019707115652,1.0,0.525636434896757,0.9570888657450245,0.000250742699316131
28,0.3419585998106716,0.9774098403846484,1.0,0.525636434896757,0.9602742279821763,0.00018167325465368034
28,0.34800711204077445,1.0,1.0,0.525636434896757,0.9434057361491344,0.0008853554709851164
28,0.3480539072727942,0.9981701970711566,1.0,0.525636434896757,0.9439285329090865,0.000649635991641806
28,0.3489076844094676,1.0,1.0,0.525636434896757,0.9425203806781492,0.001549687303855185
28,0.34006344510337166,0.9700702975256209,1.0,0.5157926553475866,0.9659990934816796,0.0005559962439736221
28,0.34736336185885497,0.9981701970711566,1.0,0.525636434896757,0.945154100194414,0.0012255672853275223
28,0.342823357730404,0.981498659275027,1.0,0.525636434896757,0.9576707604733288,0.0006705526149719532
28,0.34927580123383684,1.0,1.0,0.525636434896757,0.9425203806781492,0.0025414168804650528
28,0.3476901770529968,1.0,1.0,0.525636434896757,0.9442656922374256,0.0017453115592763746
28,0.33038703197364144,0.9328846357827905,1.0,0.47382706884849163,0.9945343892106386,0.0008152843523077102
28,0.34940669322442847,1.0,1.0,0.525636434896757,0.9425203806781492,0.002893544414709459
28,0.34143718696083947,0.9747100904090179,1.0,0.525636434896757,0.9624510416954299,0.0008923180422174548
28,0.3469748990730863,0.9979668856346184,1.0,0.525636434896757,0.946212266634306,0.0021269536143311285
28,0.3439157173011186,0.9817019707115652,1.0,0.4790080054533182,0.9563741974557673,0.0017452311346923821
28,0.3436028439954116,0.9817019707115652,1.0,0.525636434896757,0.9568381230457084,0.0013399033853005449
28,0.3415660163275209,0.9774098403846484,1.0,0.525636434896757,0.961196049982206,0.0009218220000296595
28,0.3480713038069332,0.9957078696730832,1.0,0.525636434896757,0.9458316221193528,0.00259987009235485
28,0.34733802706657724,1.0,1.0,0.525636434896757,0.9452230396161415,0.002702658937992264
28,0.34733802706657724,1.0,1.0,0.525636434896757,0.9452230396161415,0.002702658937992264
28,0.3363957711622062,0.9586281557788491,1.0,0.525636434896757,0.975969182231751,0.0002971943387871656
28,0.3286430352231078,0.9328846357827905,1.0,0.47382706884849163,0.9989924339686413,0.0044580447580027105
28,0.3473608283796272,0.998353177364041,1.0,0.525636434896757,0.9451609936840576,0.00137350827828564
28,0.3443890485412429,0.9792396433134919,1.0,0.48367084839766206,0.9582792358509888,0.004962319704242324
28,0.3494341738035305,1.0,1.0,0.525636434896757,0.9425203806781492,0.002967439561384344
28,0.34578505244617597,0.9700702975256209,1.0,0.525636434896757,0.9662204207515181,0.016752237001722237
28,0.33719226959735327,0.9589410520796813,1.0,0.4790080054533182,0.9738288412370764,0.0001650437788914827
28,0.3476901770529968,1.0,1.0,0.525636434896757,0.9442656922374256,0.0017453115592763746
28,0.34695859307835275,0.9937073077277074,1.0,0.525636434896757,0.9473847652065908,0.0011280294843304395
28,0.35113760077590295,1.0,1.0,0.525636434896757,0.9425203806781492,0.007525367318980569
28,0.35284566017958363,1.0,1.0,0.525636434896757,0.9425203806781492,0.012051502115774548
28,0.34327033186194106,0.978573007703243,1.0,0.525636434896757,0.9593400661051692,0.002916293837585293
28,0.3418943660594847,0.9796688563461835,1.0,0.525636434896757,0.9602729330906036,0.0018109345356108753
28,0.3438034729586048,0.9826756065909872,1.0,0.525636434896757,0.9560628465469001,0.0011222146703974145
28,0.34443431670352176,0.9796688563461835,1.0,0.525636434896757,0.9584619985549927,0.005270374525335519
28,0.34992009341943214,0.998353177364041,1.0,0.525636434896757,0.943787485405772,0.005539262742013329
28,0.3400472966652881,0.9774098403846484,1.0,0.5167770333025036,0.9654889449717888,0.005345983943537247
28,0.35671588385753167,1.0,1.0,0.525636434896757,0.9425203806781492,0.022146714687662383
28,0.36293619243027486,1.0,1.0,0.525636434896757,0.9425203806781492,0.03792085986336957
28,0.3397138285961799,0.9698873172327366,1.0,0.525636434896757,0.9664366830565403,6.686948724121677e-05
29,0.343031788851405,0.9817019707115652,1.0,0.525636434896757,0.9570888657450245,0.000250742699316131
29,0.3419585998106716,0.9774098403846484,1.0,0.525636434896757,0.9602742279821763,0.00018167325465368034
29,0.34800711204077445,1.0,1.0,0.525636434896757,0.9434057361491344,0.0008853554709851164
29,0.3480539072727942,0.9981701970711566,1.0,0.525636434896757,0.9439285329090865,0.000649635991641806
29,0.3489076844094676,1.0,1.0,0.525636434896757,0.9425203806781492,0.001549687303855185
29,0.3397138285961799,0.9698873172327366,1.0,0.525636434896757,0.9664366830565403,6.686948724121677e-05
29,0.34006344510337166,0.9700702975256209,1.0,0.5157926553475866,0.9659990934816796,0.0005559962439736221
29,0.34736336185885497,0.9981701970711566,1.0,0.525636434896757,0.945154100194414,0.0012255672853275223
29,0.342823357730404,0.981498659275027,1.0,0.525636434896757,0.9576707604733288,0.0006705526149719532
29,0.34695859307835275,0.9937073077277074,1.0,0.525636434896757,0.9473847652065908,0.0011280294843304395
29,0.3438034729586048,0.9826756065909872,1.0,0.525636434896757,0.9560628465469001,0.0011222146703974145
29,0.34927580123383684,1.0,1.0,0.525636434896757,0.9425203806781492,0.0025414168804650528
29,0.3476901770529968,1.0,1.0,0.525636434896757,0.9442656922374256,0.0017453115592763746
29,0.3476901770529968,1.0,1.0,0.525636434896757,0.9442656922374256,0.0017453115592763746
29,0.33719226959735327,0.9589410520796813,1.0,0.4790080054533182,0.9738288412370764,0.0001650437788914827
29,0.34940669322442847,1.0,1.0,0.525636434896757,0.9425203806781492,0.002893544414709459
29,0.3363957711622062,0.9586281557788491,1.0,0.525636434896757,0.975969182231751,0.0002971943387871656
29,0.3473608283796272,0.998353177364041,1.0,0.525636434896757,0.9451609936840576,0.00137350827828564
29,0.34143718696083947,0.9747100904090179,1.0,0.525636434896757,0.9624510416954299,0.0008923180422174548
29,0.3436028439954116,0.9817019707115652,1.0,0.525636434896757,0.9568381230457084,0.0013399033853005449
29,0.3505024498452522,1.0,1.0,0.525636434896757,0.9425203806781492,0.005831048345014023
29,0.34724383456735264,0.9937073077277074,1.0,0.525636434896757,0.9473847652065908,0.0019053267395361395
29,0.346030977266616,1.0,1.0,0.525636434896757,0.9487933950537899,0.006273014375640651
29,0.35211701259644546,1.0,1.0,0.525636434896757,0.9425203806781492,0.010126051559935179
29,0.33867208936361926,0.9628039693739063,1.0,0.4790080054533182,0.9708083442666136,0.0013989479656933979
29,0.3462640773818729,0.9928310354362276,1.0,0.525636434896757,0.9481546806633873,8.764724229626264e-05
29,0.34913731342180687,1.0,1.0,0.525636434896757,0.9425203806781492,0.002168567503806118
29,0.3327171714103795,0.9421599294192577,1.0,0.525636434896757,0.9896782389201622,0.002918510575209532
29,0.35682942470533663,1.0,1.0,0.525636434896757,0.9425203806781492,0.02243957171907829
29,0.335094541056009,0.9504731081577072,1.0,0.5167770333025036,0.982161138767678,0.0024020992769915317
29,0.34319496748239264,0.9815856539797057,1.0,0.525636434896757,0.956930845349566,0.00029704586479695205
29,0.3432182228759602,0.9774098403846484,1.0,0.525636434896757,0.9602742279821763,0.0037052470121581305
29,0.35017409841732594,1.0,1.0,0.525636434896757,0.9425203806781492,0.004952733014706445
29,0.3472067039190919,0.9951949171777135,1.0,0.525636434896757,0.9462292592633994,0.000648710236064387
29,0.34254263446976585,0.9730632677730588,1.0,0.5167770333025036,0.9636133819946177,0.005157783575118424
29,0.3420705659088082,0.9835317736404087,1.0,0.525636434896757,0.9597782984669673,0.004395923242635713
29,0.3363957711622062,0.9732340267895911,1.0,0.5167770333025036,0.975969182231751,0.012492723830075603
29,0.3451859725963138,0.9890122163925876,1.0,0.525636434896757,0.9511160121683254,6.151965658951486e-05
29,0.353232084107199,1.0,1.0,0.525636434896757,0.9425203806781492,0.013069403528860435
29,0.33425624595028214,0.9534190908731452,1.0,0.5157926553475866,0.9822162178234488,0.0025633428274425274
30,0.34800711204077445,1.0,1.0,0.525636434896757,0.9434057361491344,0.0008853554709851164
30,0.3480539072727942,0.9981701970711566,1.0,0.525636434896757,0.9439285329090865,0.000649635991641806
30,0.3489076844094676,1.0,1.0,0.525636434896757,0.9425203806781492,0.001549687303855185
30,0.3462640773818729,0.9928310354362276,1.0,0.525636434896757,0.9481546806633873,8.764724229626264e-05
30,0.3472067039190919,0.9951949171777135,1.0,0.525636434896757,0.9462292592633994,0.000648710236064387
30,0.3451859725963138,0.9890122163925876,1.0,0.525636434896757,0.9511160121683254,6.151965658951486e-05
30,0.34736336185885497,0.9981701970711566,1.0,0.525636434896757,0.945154100194414,0.0012255672853275223
30,0.3476901770529968,1.0,1.0,0.525636434896757,0.9442656922374256,0.0017453115592763746
30,0.3476901770529968,1.0,1.0,0.525636434896757,0.9442656922374256,0.0017453115592763746
30,0.34913731342180687,1.0,1.0,0.525636434896757,0.9425203806781492,0.002168567503806118
30,0.34695859307835275,0.9937073077277074,1.0,0.525636434896757,0.9473847652065908,0.0011280294843304395
30,0.343031788851405,0.9817019707115652,1.0,0.525636434896757,0.9570888657450245,0.000250742699316131
30,0.3419585998106716,0.9774098403846484,1.0,0.525636434896757,0.9602742279821763,0.00018167325465368034
30,0.3397138285961799,0.9698873172327366,1.0,0.525636434896757,0.9664366830565403,6.686948724121677e-05
30,0.3438034729586048,0.9826756065909872,1.0,0.525636434896757,0.9560628465469001,0.0011222146703974145
30,0.34319496748239264,0.9815856539797057,1.0,0.525636434896757,0.956930845349566,0.00029704586479695205
30,0.34927580123383684,1.0,1.0,0.525636434896757,0.9425203806781492,0.0025414168804650528
30,0.33719226959735327,0.9589410520796813,1.0,0.4790080054533182,0.9738288412370764,0.0001650437788914827
30,0.3473608283796272,0.998353177364041,1.0,0.525636434896757,0.9451609936840576,0.00137350827828564
30,0.34006344510337166,0.9700702975256209,1.0,0.5157926553475866,0.9659990934816796,0.0005559962439736221
30,0.35003828425216893,1.0,1.0,0.525636434896757,0.9425203806781492,0.004588958614275107
30,0.34560468971306113,0.9943365769549367,1.0,0.525636434896757,0.9499636882415705,0.0030681320856325023
30,0.3489076844094676,1.0,1.0,0.525636434896757,0.9425203806781492,0.001549687303855185
30,0.34801925395680683,1.0,1.0,0.525636434896757,0.9433728220127191,0.0008524413345698534
30,0.34198207258608865,0.9750670849604351,1.0,0.525636434896757,0.9621625046918771,0.0021358482632926057
30,0.34220691655194807,0.9810287839550281,1.0,0.525636434896757,0.9593958795807453,0.002020818661317536
30,0.3528337782835068,1.0,1.0,0.525636434896757,0.9425203806781492,0.012020167999919007
30,0.34421238382168634,1.0,1.0,0.525636434896757,0.9538061997201045,0.011285819041955247
30,0.3469364979561963,0.9932041096632593,1.0,0.525636434896757,0.9477764095499648,0.0014594101822533734
30,0.35476157794974716,1.0,1.0,0.525636434896757,0.9425203806781492,0.017076572373662557
30,0.3440736789215004,0.9846664141054413,1.0,0.525636434896757,0.9544823998290928,0.00029169643594051387
30,0.34933783940318797,1.0,1.0,0.525636434896757,0.9425203806781492,0.0027083457596133176
30,0.3370213455902461,0.9585112313716959,1.0,0.48367084839766206,0.9743243759303453,0.00016677438669088218
30,0.3494656972607931,1.0,1.0,0.525636434896757,0.9425203806781492,0.003052191676205962
30,0.345749981477798,0.9935479318926048,1.0,0.525636434896757,0.9495644925577084,0.002055726389243895
30,0.3469113554199507,1.0,1.0,0.525636434896757,0.9463855840623779,0.003865203384228688
30,0.33314618364754994,0.9444327253781586,1.0,0.5167770333025036,0.987270970567038,0.0017819516527062262
30,0.3446207914831514,0.9887428490703183,1.0,0.525636434896757,0.9526758507451871,0.0014097610973717867
30,0.3406525425265698,0.9752499026041701,1.0,0.525636434896757,0.963773536708554,0.0017587106223060367
30,0.33986068936406877,0.969782632174063,1.0,0.525636434896757,0.9664553082129157,0.0004362422489483375
31,0.3480539072727942,0.9981701970711566,1.0,0.525636434896757,0.9439285329090865,0.000649635991641806
31,0.3489076844094676,1.0,1.0,0.525636434896757,0.9425203806781492,0.001549687303855185
31,0.3462640773818729,0.9928310354362276,1.0,0.525636434896757,0.9481546806633873,8.764724229626264e-05
31,0.3472067039190919,0.9951949171777135,1.0,0.525636434896757,0.9462292592633994,0.000648710236064387
31,0.3451859725963138,0.9890122163925876,1.0,0.525636434896757,0.9511160121683254,6.151965658951486e-05
31,0.3489076844094676,1.0,1.0,0.525636434896757,0.9425203806781492,0.001549687303855185
31,0.34801925395680683,1.0,1.0,0.525636434896757,0.9433728220127191,0.0008524413345698534
31,0.343031788851405,0.9817019707115652,1.0,0.525636434896757,0.9570888657450245,0.000250742699316131
31,0.3419585998106716,0.9774098403846484,1.0,0.525636434896757,0.9602742279821763,0.00018167325465368034
31,0.3397138285961799,0.9698873172327366,1.0,0.525636434896757,0.9664366830565403,6.686948724121677e-05
31,0.3440736789215004,0.9846664141054413,1.0,0.525636434896757,0.9544823998290928,0.00029169643594051387
31,0.34913731342180687,1.0,1.0,0.525636434896757,0.9425203806781492,0.002168567503806118
31,0.34800711204077445,1.0,1.0,0.525636434896757,0.9434057361491344,0.0008853554709851164
31,0.33719226959735327,0.9589410520796813,1.0,0.4790080054533182,0.9738288412370764,0.0001650437788914827
31,0.34927580123383684,1.0,1.0,0.525636434896757,0.9425203806781492,0.0025414168804650528
31,0.34319496748239264,0.9815856539797057,1.0,0.525636434896757,0.956930845349566,0.00029704586479695205
31,0.3438034729586048,0.9826756065909872,1.0,0.525636434896757,0.9560628465469001,0.0011222146703974145
31,0.34695859307835275,0.9937073077277074,1.0,0.525636434896757,0.9473847652065908,0.0011280294843304395
31,0.3476901770529968,1.0,1.0,0.525636434896757,0.9442656922374256,0.0017453115592763746
31,0.34736336185885497,0.9981701970711566,1.0,0.525636434896757,0.945154100194414,0.0012255672853275223
31,0.3460728760575488,0.9925272452287369,1.0,0.525636434896757,0.9486785253291362,0.00037467872420304804
31,0.3508389764546392,1.0,1.0,0.525636434896757,0.9425203806781492,0.006729525724426089
31,0.34683395404752576,0.9937073077277074,1.0,0.525636434896757,0.9473847652065908,0.0007879805337086543
31,0.34795308961885896,0.9943365769549367,1.0,0.525636434896757,0.946895556155938,0.0033433489332889144
31,0.34994475730805535,0.9890122163925876,1.0,0.525636434896757,0.9510544925117359,0.012872396998378277
31,0.3440440871506073,0.9830732634297117,1.0,0.525636434896757,0.9557466462428039,0.0014738714127177088
31,0.3430539753366059,0.9789079020756069,1.0,0.525636434896757,0.9590715176422793,0.0020445501389908527
31,0.33693963761098855,0.9630469468717131,1.0,0.48367084839766206,0.974393835099993,0.003639431221895695
31,0.34917942913062466,0.998353177364041,1.0,0.525636434896757,0.943787485405772,0.003549091235334978
31,0.3506146823210434,0.9698873172327366,1.0,0.525636434896757,0.9663698135692991,0.029980317403375145
31,0.3440736789215004,0.9524889839722861,1.0,0.525636434896757,0.9808367406158163,0.02664603722266401
31,0.3484810173481938,1.0,1.0,0.525636434896757,0.9425203806781492,0.0003975981530892625
31,0.35477077334719853,1.0,1.0,0.525636434896757,0.9425203806781492,0.017100559196286058
31,0.3531606991911743,1.0,1.0,0.525636434896757,0.9425203806781492,0.01288153217194865
31,0.34989346718446496,1.0,1.0,0.525636434896757,0.9425203806781492,0.004200759088986761
31,0.35321232679088693,1.0,1.0,0.525636434896757,0.9425203806781492,0.013017413675995071
31,0.3340592445997618,0.9484125490074091,1.0,0.4790080054533182,0.9827954501720905,0.0006092279033477199
31,0.347208738824983,1.0,1.0,0.525636434896757,0.9455750072099526,0.0030546265318033283
31,0.3452134481290184,0.9866988128145657,1.0,0.525636434896757,0.9528755138261742,0.0018352009655210333
31,0.3329282944857696,0.9457225534627003,1.0,0.48367084839766206,0.986133984749878,0.0015595024458281426
32,0.3462640773818729,0.9928310354362276,1.0,0.525636434896757,0.9481546806633873,8.764724229626264e-05
32,0.3451859725963138,0.9890122163925876,1.0,0.525636434896757,0.9511160121683254,6.151965658951486e-05
32,0.3484810173481938,1.0,1.0,0.525636434896757,0.9425203806781492,0.0003975981530892625
32,0.3460728760575488,0.9925272452287369,1.0,0.525636434896757,0.9486785253291362,0.00037467872420304804
32,0.343031788851405,0.9817019707115652,1.0,0.525636434896757,0.9570888657450245,0.000250742699316131
32,0.3419585998106716,0.9774098403846484,1.0,0.525636434896757,0.9602742279821763,0.00018167325465368034
32,0.3397138285961799,0.9698873172327366,1.0,0.525636434896757,0.9664366830565403,6.686948724121677e-05
32,0.3440736789215004,0.9846664141054413,1.0,0.525636434896757,0.9544823998290928,0.00029169643594051387
32,0.3480539072727942,0.9981701970711566,1.0,0.525636434896757,0.9439285329090865,0.000649635991641806
32,0.3489076844094676,1.0,1.0,0.525636434896757,0.9425203806781492,0.001549687303855185
32,0.3472067039190919,0.9951949171777135,1.0,0.525636434896757,0.9462292592633994,0.000648710236064387
32,0.3489076844094676,1.0,1.0,0.525636434896757,0.9425203806781492,0.001549687303855185
32,0.34801925395680683,1.0,1.0,0.525636434896757,0.9433728220127191,0.0008524413345698534
32,0.33719226959735327,0.9589410520796813,1.0,0.4790080054533182,0.9738288412370764,0.0001650437788914827
32,0.34319496748239264,0.9815856539797057,1.0,0.525636434896757,0.956930845349566,0.00029704586479695205
32,0.34683395404752576,0.9937073077277074,1.0,0.525636434896757,0.9473847652065908,0.0007879805337086543
32,0.34913731342180687,1.0,1.0,0.525636434896757,0.9425203806781492,0.002168567503806118
32,0.34800711204077445,1.0,1.0,0.525636434896757,0.9434057361491344,0.0008853554709851164
32,0.3340592445997618,0.9484125490074091,1.0,0.4790080054533182,0.9827954501720905,0.0006092279033477199
32,0.34927580123383684,1.0,1.0,0.525636434896757,0.9425203806781492,0.0025414168804650528
32,0.34526236092572493,0.9925272452287369,1.0,0.525636434896757,0.9509055804176981,0.0026017338127649614
32,0.350668195863145,1.0,1.0,0.525636434896757,0.9425203806781492,0.006273781755758656
32,0.3446179872174811,0.9833780905255296,1.0,0.48367084839766206,0.9551568139819375,0.002473211011752019
32,0.3460728760575488,1.0,1.0,0.525636434896757,0.9486785253291362,0.006158144650986963
32,0.34864955621391436,1.0,1.0,0.525636434896757,0.9425203806781492,0.0008530248182057054
32,0.34990874871679967,1.0,1.0,0.525636434896757,0.9425203806781492,0.004241738234690318
32,0.34131148001196815,0.9745455707945715,1.0,0.525636434896757,0.9625840840605897,0.0006712128910010273
32,0.3346556581280716,0.9535712941066682,1.0,0.48367084839766206,0.981043940863773,0.0027928015381214477
32,0.3460478953424716,0.9926518408022923,1.0,0.525636434896757,0.9487470091089585,0.0005403058620812029
32,0.3471957761946628,0.9951949171777135,1.0,0.525636434896757,0.9462292592633994,0.0006189488036276725
32,0.34445767927664683,0.9846664141054413,1.0,0.525636434896757,0.9544823998290928,0.0013554252768421815
32,0.3454948531184912,0.9893668118690543,1.0,0.525636434896757,0.9507761214506176,0.0005104293579397678
32,0.32717821440045647,0.9224013514330206,1.0,0.4370424189542232,1.0034650572976649,0.0029055810167679663
32,0.34412974675414665,0.9857185711206694,1.0,0.525636434896757,0.9540352405044611,0.00038554032014215256
32,0.32950197354948596,0.9346123217023063,1.0,0.4790080054533182,0.9963882829905761,0.002962477085087123
32,0.3446174068425566,0.9851785962763677,1.0,0.525636434896757,0.9540768256930483,0.0013916182952814493
32,0.347208738824983,1.0,1.0,0.525636434896757,0.9455750072099526,0.0030546265318033283
32,0.34193383094866336,0.9776853703024609,1.0,0.525636434896757,0.9601621015163493,0.00010935777312681694
32,0.3509807078463206,1.0,1.0,0.525636434896757,0.9425203806781492,0.007107412419769865
32,0.34128255978919125,0.9763393853401316,1.0,0.525636434896757,0.9619943834931655,0.0008584858440934262
33,0.3462640773818729,0.9928310354362276,1.0,0.525636434896757,0.9481546806633873,8.764724229626264e-05
33,0.3451859725963138,0.9890122163925876,1.0,0.525636434896757,0.9511160121683254,6.151965658951486e-05
33,0.3484810173481938,1.0,1.0,0.525636434896757,0.9425203806781492,0.0003975981530892625
33,0.3460728760575488,0.9925272452287369,1.0,0.525636434896757,0.9486785253291362,0.00037467872420304804
33,0.343031788851405,0.9817019707115652,1.0,0.525636434896757,0.9570888657450245,0.000250742699316131
33,0.3397138285961799,0.9698873172327366,1.0,0.525636434896757,0.9664366830565403,6.686948724121677e-05
33,0.3440736789215004,0.9846664141054413,1.0,0.525636434896757,0.9544823998290928,0.00029169643594051387
33,0.34193383094866336,0.9776853703024609,1.0,0.525636434896757,0.9601621015163493,0.00010935777312681694
33,0.3480539072727942,0.9981701970711566,1.0,0.525636434896757,0.9439285329090865,0.000649635991641806
33,0.34801925395680683,1.0,1.0,0.525636434896757,0.9433728220127191,0.0008524413345698534
33,0.34864955621391436,1.0,1.0,0.525636434896757,0.9425203806781492,0.0008530248182057054
33,0.3471957761946628,0.9951949171777135,1.0,0.525636434896757,0.9462292592633994,0.0006189488036276725
33,0.33719226959735327,0.9589410520796813,1.0,0.4790080054533182,0.9738288412370764,0.0001650437788914827
33,0.3489076844094676,1.0,1.0,0.525636434896757,0.9425203806781492,0.001549687303855185
33,0.3489076844094676,1.0,1.0,0.525636434896757,0.9425203806781492,0.001549687303855185
33,0.34800711204077445,1.0,1.0,0.525636434896757,0.9434057361491344,0.0008853554709851164
33,0.3419585998106716,0.9774098403846484,1.0,0.525636434896757,0.9602742279821763,0.00018167325465368034
33,0.3472067039190919,0.9951949171777135,1.0,0.525636434896757,0.9462292592633994,0.000648710236064387
33,0.34412974675414665,0.9857185711206694,1.0,0.525636434896757,0.9540352405044611,0.00038554032014215256
33,0.34319496748239264,0.9815856539797057,1.0,0.525636434896757,0.956930845349566,0.00029704586479695205
33,0.3449409275408472,0.9861997726948972,1.0,0.525636434896757,0.9532694590556337,0.0014777767749130089
33,0.3473768019681295,0.9956754254599421,1.0,0.525636434896757,0.9458567605062347,0.000739228598129138
33,0.3499669260040624,1.0,1.0,0.525636434896757,0.9425203806781492,0.004397714419586474
33,0.35594437714960675,1.0,1.0,0.525636434896757,0.9425203806781492,0.02015181183008541
33,0.34426405281903466,0.9869628145221236,1.0,0.525636434896757,0.9536630473652261,0.000995776930424519
33,0.3386439700382363,0.967034250102812,1.0,0.525636434896757,0.9694898912766916,0.0007834003951732171
33,0.347565218921149,0.9954642844999828,1.0,0.525636434896757,0.9460203965264204,0.001415217855637807
33,0.3432719109018743,0.9818937299922792,1.0,0.525636434896757,0.9566853094023318,0.0002659366538380059
33,0.34376623917510013,0.9834270885817351,1.0,0.525636434896757,0.9554655140770711,0.0004214512972633422
33,0.3469411763682453,0.9944119648356051,1.0,0.525636434896757,0.9468369893329631,0.0005327508052465069
33,0.3373399260828658,0.9618895741549621,1.0,0.525636434896757,0.973237616734051,0.00028257482230131803
33,0.3471957761946628,0.9968518197687948,1.0,0.525636434896757,0.9456103104597717,0.0006639964067480797
33,0.33719226959735327,0.9791847492256267,1.0,0.525636434896757,0.9736637974581849,0.014814142094966454
33,0.34501362567289295,0.9871500846863189,1.0,0.525636434896757,0.9525196200776398,0.0009284906796146464
33,0.3489076844094676,1.0,1.0,0.525636434896757,0.9425203806781492,0.001549687303855185
33,0.3419545864943762,0.9787270179236341,1.0,0.525636434896757,0.9601038227591149,0.0008872787409123228
33,0.3510811965034375,1.0,1.0,0.525636434896757,0.9425203806781492,0.007375152172563237
33,0.3477452475969971,0.9977085398253237,1.0,0.525636434896757,0.9442846241211686,0.000168470160864298
33,0.35334334680630997,1.0,1.0,0.525636434896757,0.9425203806781492,0.013362074170747529
33,0.34068189835531826,0.9717943380710788,1.0,0.4790080054533182,0.9638715623055449,0.00018107189604421592
34,0.3462640773818729,0.9928310354362276,1.0,0.525636434896757,0.9481546806633873,8.764724229626264e-05
34,0.3451859725963138,0.9890122163925876,1.0,0.525636434896757,0.9511160121683254,6.151965658951486e-05
34,0.3484810173481938,1.0,1.0,0.525636434896757,0.9425203806781492,0.0003975981530892625
34,0.3477452475969971,0.9977085398253237,1.0,0.525636434896757,0.9442846241211686,0.000168470160864298
34,0.3397138285961799,0.9698873172327366,1.0,0.525636434896757,0.9664366830565403,6.686948724121677e-05
34,0.34193383094866336,0.9776853703024609,1.0,0.525636434896757,0.9601621015163493,0.00010935777312681694
34,0.3480539072727942,0.9981701970711566,1.0,0.525636434896757,0.9439285329090865,0.000649635991641806
34,0.34801925395680683,1.0,1.0,0.525636434896757,0.9433728220127191,0.0008524413345698534
34,0.34864955621391436,1.0,1.0,0.525636434896757,0.9425203806781492,0.0008530248182057054
34,0.3460728760575488,0.9925272452287369,1.0,0.525636434896757,0.9486785253291362,0.00037467872420304804
34,0.343031788851405,0.9817019707115652,1.0,0.525636434896757,0.9570888657450245,0.000250742699316131
34,0.3440736789215004,0.9846664141054413,1.0,0.525636434896757,0.9544823998290928,0.00029169643594051387
34,0.3471957761946628,0.9951949171777135,1.0,0.525636434896757,0.9462292592633994,0.0006189488036276725
34,0.3432719109018743,0.9818937299922792,1.0,0.525636434896757,0.9566853094023318,0.0002659366538380059
34,0.3469411763682453,0.9944119648356051,1.0,0.525636434896757,0.9468369893329631,0.0005327508052465069
34,0.33719226959735327,0.9589410520796813,1.0,0.4790080054533182,0.9738288412370764,0.0001650437788914827
34,0.3489076844094676,1.0,1.0,0.525636434896757,0.9425203806781492,0.001549687303855185
34,0.3489076844094676,1.0,1.0,0.525636434896757,0.9425203806781492,0.001549687303855185
34,0.34800711204077445,1.0,1.0,0.525636434896757,0.9434057361491344,0.0008853554709851164
34,0.34412974675414665,0.9857185711206694,1.0,0.525636434896757,0.9540352405044611,0.00038554032014215256
34,0.33785938098105034,0.9928310354362276,1.0,0.48367084839766206,0.9717412751373025,0.023618988619462544
34,0.3414212791131789,0.9749608996666715,1.0,0.525636434896757,0.962248305734553,0.0006447801589544166
34,0.3378016586850884,0.960363888539121,1.0,0.4790080054533182,0.9727134684857026,0.0008061457998645993
34,0.34967469119117545,1.0,1.0,0.525636434896757,0.9425203806781492,0.0036136939915676347
34,0.3434157892065514,0.9817019707115652,1.0,0.525636434896757,0.9568381230457084,0.0008194540558525976
34,0.34249402000405993,0.9782143459980461,1.0,0.525636434896757,0.9596278772697828,0.0010362332437546806
34,0.3493523071504186,1.0,1.0,0.525636434896757,0.9425203806781492,0.0027472662494691935
34,0.34357915465939953,0.982404153722592,1.0,0.525636434896757,0.95627884167599,0.000714741655811757
34,0.3510323448649208,1.0,1.0,0.525636434896757,0.9425203806781492,0.007245012095155268
34,0.34001796014330893,0.9711027581580903,1.0,0.525636434896757,0.965572246711378,0.00019371526815159523
34,0.34856742488248793,1.0,1.0,0.525636434896757,0.9425203806781492,0.0006311440916813016
34,0.3440736789215004,0.9995846711279,1.0,0.525636434896757,0.9541907033931523,0.011351152450815194
34,0.3468724634649435,0.9925272452287369,1.0,0.525636434896757,0.9483038466049332,0.0018121521148750652
34,0.3379333995832829,0.9632656266197391,1.0,0.4790080054533182,0.9715284316279211,0.0010794463387990838
34,0.34077447511351766,0.9710944567488251,1.0,0.4790080054533182,0.9644069659731946,0.0009782772764489467
34,0.34250110298006015,0.9776853703024609,1.0,0.525636434896757,0.9600527437432225,0.0014809235412046595
34,0.34165259396659775,0.9764665383456568,1.0,0.525636434896757,0.961033446143835,8.097131932860435e-05
34,0.34752913775157473,0.9975359564726811,1.0,0.525636434896757,0.9447032494678237,0.0002854215692170703
34,0.3494051108387605,1.0,1.0,0.525636434896757,0.9425203806781492,0.0028892890332380405
34,0.3502008382216315,1.0,1.0,0.525636434896757,0.9425203806781492,0.005024321579364055
35,0.3462640773818729,0.9928310354362276,1.0,0.525636434896757,0.9481546806633873,8.764724229626264e-05
35,0.3451859725963138,0.9890122163925876,1.0,0.525636434896757,0.9511160121683254,6.151965658951486e-05
35,0.3484810173481938,1.0,1.0,0.525636434896757,0.9425203806781492,0.0003975981530892625
35,0.3477452475969971,0.9977085398253237,1.0,0.525636434896757,0.9442846241211686,0.000168470160864298
35,0.3397138285961799,0.9698873172327366,1.0,0.525636434896757,0.9664366830565403,6.686948724121677e-05
35,0.34193383094866336,0.9776853703024609,1.0,0.525636434896757,0.9601621015163493,0.00010935777312681694
35,0.34165259396659775,0.9764665383456568,1.0,0.525636434896757,0.961033446143835,8.097131932860435e-05
35,0.34856742488248793,1.0,1.0,0.525636434896757,0.9425203806781492,0.0006311440916813016
35,0.343031788851405,0.9817019707115652,1.0,0.525636434896757,0.9570888657450245,0.000250742699316131
35,0.3432719109018743,0.9818937299922792,1.0,0.525636434896757,0.9566853094023318,0.0002659366538380059
35,0.34752913775157473,0.9975359564726811,1.0,0.525636434896757,0.9447032494678237,0.0002854215692170703
35,0.33719226959735327,0.9589410520796813,1.0,0.4790080054533182,0.9738288412370764,0.0001650437788914827
35,0.34001796014330893,0.9711027581580903,1.0,0.525636434896757,0.965572246711378,0.00019371526815159523
35,0.3480539072727942,0.9981701970711566,1.0,0.525636434896757,0.9439285329090865,0.000649635991641806
35,0.34801925395680683,1.0,1.0,0.525636434896757,0.9433728220127191,0.0008524413345698534
35,0.34864955621391436,1.0,1.0,0.525636434896757,0.9425203806781492,0.0008530248182057054
35,0.3460728760575488,0.9925272452287369,1.0,0.525636434896757,0.9486785253291362,0.00037467872420304804
35,0.3440736789215004,0.9846664141054413,1.0,0.525636434896757,0.9544823998290928,0.00029169643594051387
35,0.3471957761946628,0.9951949171777135,1.0,0.525636434896757,0.9462292592633994,0.0006189488036276725
35,0.3469411763682453,0.9944119648356051,1.0,0.525636434896757,0.9468369893329631,0.0005327508052465069
35,0.3445027634663379,0.9855453638052278,1.0,0.525636434896757,0.9537866579178425,0.0007844166384495255
35,0.35477828337077877,1.0,1.0,0.525636434896757,0.9425203806781492,0.017120148683543723
35,0.3484810173481938,1.0,1.0,0.525636434896757,0.9425203806781492,0.0003975981530892625
35,0.3450081373393223,0.9868840532800283,1.0,0.525636434896757,0.9527293852965295,0.0011231181409830926
35,0.34451233727254066,0.9861055561420908,1.0,0.525636434896757,0.9533438789063016,0.00036812102896777166
35,0.35059132326861764,1.0,1.0,0.525636434896757,0.9425203806781492,0.006068495143699115
35,0.35252586483443055,1.0,1.0,0.525636434896757,0.9425203806781492,0.011207423297700414
35,0.3418606388810618,0.9750173712479726,1.0,0.48367084839766206,0.9614922197472896,0.0011245483546681312
35,0.3526313524219415,1.0,1.0,0.525636434896757,0.9425203806781492,0.011486020070614722
35,0.3446017056165888,0.9876998430599271,1.0,0.525636434896757,0.9527286149765173,0.0006421202151005723
35,0.3374175361327689,0.9630046987348689,1.0,0.525636434896757,0.9730137604975192,0.0009834586057640982
35,0.34548599799753454,0.9911191517580585,1.0,0.525636434896757,0.9502900482682359,0.0008866565134684201
35,0.345722628731029,0.9898058385188859,1.0,0.525636434896757,0.950431745018425,0.0007921251914199123
35,0.3469637773173702,0.9960122921791423,1.0,0.525636434896757,0.9462425970098169,0.000646767401181858
35,0.34992637676283933,1.0,1.0,0.525636434896757,0.9425203806781492,0.004289005374746413
35,0.34864955621391436,1.0,1.0,0.525636434896757,0.9425203806781492,0.0008530248182057054
35,0.3501778331190654,1.0,1.0,0.525636434896757,0.9425203806781492,0.004962732321297181
35,0.3383965415552431,0.9627285758005177,1.0,0.4790080054533182,0.9708670641751833,0.0006683021421166613
35,0.3471957761946628,0.9934583079418389,1.0,0.525636434896757,0.9475785147697164,0.00196820430994471
35,0.3483676666830856,0.9996634500400183,1.0,0.525636434896757,0.9427789908587367,0.000349663685825119
36,0.3462640773818729,0.9928310354362276,1.0,0.525636434896757,0.9481546806633873,8.764724229626264e-05
36,0.3451859725963138,0.9890122163925876,1.0,0.525636434896757,0.9511160121683254,6.151965658951486e-05
36,0.3484810173481938,1.0,1.0,0.525636434896757,0.9425203806781492,0.0003975981530892625
36,0.3477452475969971,0.9977085398253237,1.0,0.525636434896757,0.9442846241211686,0.000168470160864298
36,0.3484810173481938,1.0,1.0,0.525636434896757,0.9425203806781492,0.0003975981530892625
36,0.3483676666830856,0.9996634500400183,1.0,0.525636434896757,0.9427789908587367,0.000349663685825119
36,0.3397138285961799,0.9698873172327366,1.0,0.525636434896757,0.9664366830565403,6.686948724121677e-05
36,0.34193383094866336,0.9776853703024609,1.0,0.525636434896757,0.9601621015163493,0.00010935777312681694
36,0.34165259396659775,0.9764665383456568,1.0,0.525636434896757,0.961033446143835,8.097131932860435e-05
36,0.343031788851405,0.9817019707115652,1.0,0.525636434896757,0.9570888657450245,0.000250742699316131
36,0.3432719109018743,0.9818937299922792,1.0,0.525636434896757,0.9566853094023318,0.0002659366538380059
36,0.34752913775157473,0.9975359564726811,1.0,0.525636434896757,0.9447032494678237,0.0002854215692170703
36,0.34856742488248793,1.0,1.0,0.525636434896757,0.9425203806781492,0.0006311440916813016
36,0.33719226959735327,0.9589410520796813,1.0,0.4790080054533182,0.9738288412370764,0.0001650437788914827
36,0.34864955621391436,1.0,1.0,0.525636434896757,0.9425203806781492,0.0008530248182057054
36,0.34864955621391436,1.0,1.0,0.525636434896757,0.9425203806781492,0.0008530248182057054
36,0.34001796014330893,0.9711027581580903,1.0,0.525636434896757,0.965572246711378,0.00019371526815159523
36,0.3440736789215004,0.9846664141054413,1.0,0.525636434896757,0.9544823998290928,0.00029169643594051387
36,0.3460728760575488,0.9925272452287369,1.0,0.525636434896757,0.9486785253291362,0.00037467872420304804
36,0.3469411763682453,0.9944119648356051,1.0,0.525636434896757,0.9468369893329631,0.0005327508052465069
36,0.34436272778502125,0.9861997726948972,1.0,0.525636434896757,0.9533897812394365,0.00012032218380286785
36,0.3441470128819954,0.9862443058060546,1.0,0.525636434896757,0.9539873758019639,0.0007530876492443106
36,0.3464924747474338,0.9927621813526055,1.0,0.525636434896757,0.9481206944531744,0.0005910086926073088
36,0.34901018259319033,1.0,1.0,0.525636434896757,0.9425203806781492,0.0018260339308051599
36,0.34333189056046537,1.0,1.0,0.525636434896757,0.956252287462048,0.013731906783898795
36,0.336877840322405,0.9612171439428696,1.0,0.525636434896757,0.9745725791123192,0.0010588735946737149
36,0.3492356933865536,1.0,1.0,0.525636434896757,0.9425203806781492,0.002433465335604512
36,0.34193383094866336,0.9776853703024609,1.0,0.525636434896757,0.9601621015163493,0.00010935777312681694
36,0.35077068825949664,1.0,1.0,0.525636434896757,0.9425203806781492,0.006547345540983129
36,0.34399976072321664,0.9846664141054413,1.0,0.525636434896757,0.9544823998290928,8.666124271639042e-05
36,0.3378506329817284,0.9643772788639535,1.0,0.525636434896757,0.9717664365286423,0.0008714387711172833
36,0.34602430339112783,0.9890544645294319,1.0,0.48367084839766206,0.9509165397771409,0.0021048450579740363
36,0.3494679031219926,1.0,1.0,0.525636434896757,0.9425203806781492,0.0030581216526126553
36,0.35057541938946774,1.0,1.0,0.525636434896757,0.9425203806781492,0.006026012936587444
36,0.34864955621391436,1.0,1.0,0.525636434896757,0.9425203806781492,0.0008530248182057054
36,0.33813002692646443,0.9627103969117314,1.0,0.48367084839766206,0.971018140292585,5.466604365744754e-05
36,0.3419591039402706,0.9779437384760138,1.0,0.525636434896757,0.9600911393212135,0.00024597099354539687
36,0.34567859699220826,0.9906998671953968,1.0,0.525636434896757,0.9497605827213147,2.917816946457208e-05
36,0.3468391607696479,0.9941090698716216,1.0,0.525636434896757,0.9470723541605448,0.0004897797238837542
36,0.352581716814808,1.0,1.0,0.525636434896757,0.9425203806781492,0.011354951290198922
37,0.3462640773818729,0.9928310354362276,1.0,0.525636434896757,0.9481546806633873,8.764724229626264e-05
37,0.3484810173481938,1.0,1.0,0.525636434896757,0.9425203806781492,0.0003975981530892625
37,0.3477452475969971,0.9977085398253237,1.0,0.525636434896757,0.9442846241211686,0.000168470160864298
37,0.3484810173481938,1.0,1.0,0.525636434896757,0.9425203806781492,0.0003975981530892625
37,0.3483676666830856,0.9996634500400183,1.0,0.525636434896757,0.9427789908587367,0.000349663685825119
37,0.34567859699220826,0.9906998671953968,1.0,0.525636434896757,0.9497605827213147,2.917816946457208e-05
37,0.34752913775157473,0.9975359564726811,1.0,0.525636434896757,0.9447032494678237,0.0002854215692170703
37,0.34856742488248793,1.0,1.0,0.525636434896757,0.9425203806781492,0.0006311440916813016
37,0.3451859725963138,0.9890122163925876,1.0,0.525636434896757,0.9511160121683254,6.151965658951486e-05
37,0.33813002692646443,0.9627103969117314,1.0,0.48367084839766206,0.971018140292585,5.466604365744754e-05
37,0.3460728760575488,0.9925272452287369,1.0,0.525636434896757,0.9486785253291362,0.00037467872420304804
37,0.3469411763682453,0.9944119648356051,1.0,0.525636434896757,0.9468369893329631,0.0005327508052465069
37,0.3468391607696479,0.9941090698716216,1.0,0.525636434896757,0.9470723541605448,0.0004897797238837542
37,0.34864955621391436,1.0,1.0,0.525636434896757,0.9425203806781492,0.0008530248182057054
37,0.34864955621391436,1.0,1.0,0.525636434896757,0.9425203806781492,0.0008530248182057054
37,0.34864955621391436,1.0,1.0,0.525636434896757,0.9425203806781492,0.0008530248182057054
37,0.3397138285961799,0.9698873172327366,1.0,0.525636434896757,0.9664366830565403,6.686948724121677e-05
37,0.34165259396659775,0.9764665383456568,1.0,0.525636434896757,0.961033446143835,8.097131932860435e-05
37,0.34436272778502125,0.9861997726948972,1.0,0.525636434896757,0.9533897812394365,0.00012032218380286785
37,0.34399976072321664,0.9846664141054413,1.0,0.525636434896757,0.9544823998290928,8.666124271639042e-05
37,0.3426971013662934,0.9928310354362276,1.0,0.525636434896757,0.9580235852489033,0.009956551827812299
37,0.33823615767548854,0.964585480117196,1.0,0.525636434896757,0.9707230701826148,6.426200250908565e-05
37,0.3494241165194451,1.0,1.0,0.525636434896757,0.9425203806781492,0.0029403969207413283
37,0.3463187728639457,0.9913918933995781,1.0,0.525636434896757,0.9491901706907204,0.0011852358143138453
37,0.3439450652411439,0.9861055561420908,1.0,0.525636434896757,0.9545475103084733,0.0012036314021717232
37,0.3506994480876947,1.0,1.0,0.525636434896757,0.9425203806781492,0.0063572144187398205
37,0.3466874757904994,0.9941090698716216,1.0,0.525636434896757,0.9470723541605448,7.562470624378204e-05
37,0.3497793366644041,1.0,1.0,0.525636434896757,0.9425203806781492,0.003894592043470646
37,0.3423354363047574,0.9788198845110911,1.0,0.525636434896757,0.959142080249227,0.000106377582273387
37,0.35515416920877324,1.0,1.0,0.525636434896757,0.9425203806781492,0.018099567963568153
37,0.3424622188621145,0.9796371824574859,1.0,0.525636434896757,0.9586806591265892,0.00019330889351187874
37,0.34485761462514436,0.9871900040352339,1.0,0.525636434896757,0.9524881535079648,0.0004665312850775649
37,0.33927916299837935,0.9673367219734381,1.0,0.48786740704757153,0.9676748279918984,0.00016297937317399924
37,0.34864955621391436,0.9810375236856781,1.0,0.525636434896757,0.9573680853355195,0.015700729475575992
37,0.3478716282604587,0.9985771635405603,1.0,0.525636434896757,0.9437731595454508,0.00015826002306384979
37,0.3475861964034587,0.997967202393837,1.0,0.525636434896757,0.944548169967407,0.00046310126053028533
37,0.3465177779596188,0.9931339304002111,1.0,0.525636434896757,0.9478310623432602,0.00037056652371836307
37,0.3488012411930628,1.0,1.0,0.525636434896757,0.9425203806781492,0.0012625325147389566
37,0.34657654346336086,0.9935479318926048,1.0,0.525636434896757,0.9475087661684645,0.00020892170921238407
37,0.34051806247356864,0.9731339380192192,1.0,0.525636434896757,0.9641541576805388,0.0004266771414200843
38,0.3484810173481938,1.0,1.0,0.525636434896757,0.9425203806781492,0.0003975981530892625
38,0.3484810173481938,1.0,1.0,0.525636434896757,0.9425203806781492,0.0003975981530892625
38,0.3483676666830856,0.9996634500400183,1.0,0.525636434896757,0.9427789908587367,0.000349663685825119
38,0.34567859699220826,0.9906998671953968,1.0,0.525636434896757,0.9497605827213147,2.917816946457208e-05
38,0.3466874757904994,0.9941090698716216,1.0,0.525636434896757,0.9470723541605448,7.562470624378204e-05
38,0.3478716282604587,0.9985771635405603,1.0,0.525636434896757,0.9437731595454508,0.00015826002306384979
38,0.34856742488248793,1.0,1.0,0.525636434896757,0.9425203806781492,0.0006311440916813016
38,0.3451859725963138,0.9890122163925876,1.0,0.525636434896757,0.9511160121683254,6.151965658951486e-05
38,0.33813002692646443,0.9627103969117314,1.0,0.48367084839766206,0.971018140292585,5.466604365744754e-05
38,0.3462640773818729,0.9928310354362276,1.0,0.525636434896757,0.9481546806633873,8.764724229626264e-05
38,0.3477452475969971,0.9977085398253237,1.0,0.525636434896757,0.9442846241211686,0.000168470160864298
38,0.34864955621391436,1.0,1.0,0.525636434896757,0.9425203806781492,0.0008530248182057054
38,0.34864955621391436,1.0,1.0,0.525636434896757,0.9425203806781492,0.0008530248182057054
38,0.33823615767548854,0.964585480117196,1.0,0.525636434896757,0.9707230701826148,6.426200250908565e-05
38,0.3475861964034587,0.997967202393837,1.0,0.525636434896757,0.944548169967407,0.00046310126053028533
38,0.34657654346336086,0.9935479318926048,1.0,0.525636434896757,0.9475087661684645,0.00020892170921238407
38,0.34165259396659775,0.9764665383456568,1.0,0.525636434896757,0.961033446143835,8.097131932860435e-05
38,0.34752913775157473,0.9975359564726811,1.0,0.525636434896757,0.9447032494678237,0.0002854215692170703
38,0.34436272778502125,0.9861997726948972,1.0,0.525636434896757,0.9533897812394365,0.00012032218380286785
38,0.3397138285961799,0.9698873172327366,1.0,0.525636434896757,0.9664366830565403,6.686948724121677e-05
38,0.3403652810513736,1.0,1.0,0.525636434896757,0.9645869422540355,0.022066561575886268
38,0.3484810173481938,0.9904138897173124,1.0,0.525636434896757,0.9499552884668896,0.007832505941829604
38,0.3483676666830856,1.0,1.0,0.525636434896757,0.9425203806781492,9.105350523763711e-05
38,0.35477828337077877,1.0,1.0,0.525636434896757,0.9425203806781492,0.017120148683543723
38,0.3483676666830856,0.9996634500400183,1.0,0.525636434896757,0.9427789908587367,0.000349663685825119
38,0.34757058142162567,0.9959385877171684,1.0,0.525636434896757,0.9456529046730708,0.0010622998643382564
38,0.35250770179991814,1.0,1.0,0.525636434896757,0.9425203806781492,0.011159437199092181
38,0.3349720164985707,0.9515707451506347,1.0,0.48367084839766206,0.980117411343972,0.000264433958756638
38,0.3485193516622341,0.9996634500400183,1.0,0.48367084839766206,0.943120689132013,0.0011015325041490165
38,0.34752913775157473,0.9975359564726811,1.0,0.525636434896757,0.9447032494678237,0.0002854215692170703
38,0.3446959010241545,0.9977085398253237,1.0,0.525636434896757,0.9524682618372424,0.008183637716073777
38,0.350617561213764,1.0,1.0,0.525636434896757,0.9425203806781492,0.006138573131378
38,0.33857348777415924,0.9667040956460367,1.0,0.525636434896757,0.9696917140560959,0.0007139345164233202
38,0.3390387145725525,0.9666877403628403,1.0,0.525636434896757,0.9689912235298626,0.0006301143599872772
38,0.3466869736083139,0.9929175063699838,1.0,0.525636434896757,0.9479996533407982,0.001001552145064477
38,0.34935429794422923,1.0,1.0,0.525636434896757,0.9425203806781492,0.002752621542091216
38,0.3412358453005943,0.9764665383456568,1.0,0.48786740704757153,0.9621260785543533,0.001676913212184994
38,0.3489908232911144,0.9975359564726811,1.0,0.525636434896757,0.9444178278986066,0.0036712987305447253
38,0.3376408158456264,0.9634352491253415,1.0,0.525636434896757,0.9723703127204408,0.0006964807886771229
38,0.33965734799690894,0.9700144702382616,1.0,0.525636434896757,0.9665973889066497,0.0003313943811846798
39,0.34567859699220826,0.9906998671953968,1.0,0.525636434896757,0.9497605827213147,2.917816946457208e-05
39,0.3466874757904994,0.9941090698716216,1.0,0.525636434896757,0.9470723541605448,7.562470624378204e-05
39,0.3483676666830856,1.0,1.0,0.525636434896757,0.9425203806781492,9.105350523763711e-05
39,0.3451859725963138,0.9890122163925876,1.0,0.525636434896757,0.9511160121683254,6.151965658951486e-05
39,0.33813002692646443,0.9627103969117314,1.0,0.48367084839766206,0.971018140292585,5.466604365744754e-05
39,0.3462640773818729,0.9928310354362276,1.0,0.525636434896757,0.9481546806633873,8.764724229626264e-05
39,0.3484810173481938,1.0,1.0,0.525636434896757,0.9425203806781492,0.0003975981530892625
39,0.3484810173481938,1.0,1.0,0.525636434896757,0.9425203806781492,0.0003975981530892625
39,0.3483676666830856,0.9996634500400183,1.0,0.525636434896757,0.9427789908587367,0.000349663685825119
39,0.3478716282604587,0.9985771635405603,1.0,0.525636434896757,0.9437731595454508,0.00015826002306384979
39,0.3483676666830856,0.9996634500400183,1.0,0.525636434896757,0.9427789908587367,0.000349663685825119
39,0.33823615767548854,0.964585480117196,1.0,0.525636434896757,0.9707230701826148,6.426200250908565e-05
39,0.34165259396659775,0.9764665383456568,1.0,0.525636434896757,0.961033446143835,8.097131932860435e-05
39,0.3397138285961799,0.9698873172327366,1.0,0.525636434896757,0.9664366830565403,6.686948724121677e-05
39,0.34436272778502125,0.9861997726948972,1.0,0.525636434896757,0.9533897812394365,0.00012032218380286785
39,0.34856742488248793,1.0,1.0,0.525636434896757,0.9425203806781492,0.0006311440916813016
39,0.3477452475969971,0.9977085398253237,1.0,0.525636434896757,0.9442846241211686,0.000168470160864298
39,0.34864955621391436,1.0,1.0,0.525636434896757,0.9425203806781492,0.0008530248182057054
39,0.34864955621391436,1.0,1.0,0.525636434896757,0.9425203806781492,0.0008530248182057054
39,0.34657654346336086,0.9935479318926048,1.0,0.525636434896757,0.9475087661684645,0.00020892170921238407
39,0.34542846500798463,0.990221056996942,1.0,0.525636434896757,0.9504483242437172,0.00034199933830847407
39,0.357486024789923,1.0,1.0,0.525636434896757,0.9425203806781492,0.024129498299156227
39,0.34801897470352633,0.9987194471865042,1.0,0.525636434896757,0.9435053072993338,0.00013172831652497052
39,0.3482721490089639,0.9979758751551002,1.0,0.48786740704757153,0.9443207261837046,0.001632926843686544
39,0.34022051193703384,0.9719538149113023,1.0,0.48367084839766206,0.9649973889849758,0.0011564475159751009
39,0.3484415848813694,1.0,1.0,0.525636434896757,0.9425203806781492,0.0002909799224539711
39,0.3424262083896132,0.9788198845110911,1.0,0.525636434896757,0.959142080249227,0.0003606036543296609
39,0.3484810173481938,0.9919016785286681,1.0,0.525636434896757,0.9487919506963474,0.006669168171287376
39,0.3504547454896192,1.0,1.0,0.525636434896757,0.9425203806781492,0.0057035449755352685
39,0.355970201623782,1.0,1.0,0.525636434896757,0.9425203806781492,0.02021872665360358
39,0.3467361285148177,0.9940787009983718,1.0,0.525636434896757,0.9470959602344222,0.0002321098396901311
39,0.3485717894330497,1.0,1.0,0.525636434896757,0.9425203806781492,0.0006429377115594326
39,0.351573820899332,1.0,1.0,0.525636434896757,0.9425203806781492,0.008685475423530709
39,0.35124128818202344,1.0,1.0,0.525636434896757,0.9425203806781492,0.007801380449146911
39,0.3479873634378373,0.9979376858427913,1.0,0.525636434896757,0.9441078351825363,0.0006485598903300804
39,0.34587919414995305,0.9919638202626234,1.0,0.525636434896757,0.9492097566638257,0.0004663201589077959
39,0.35409497608475987,1.0,1.0,0.525636434896757,0.9425203806781492,0.015334377176103975
39,0.3477762491852005,0.9981328725517682,1.0,0.525636434896757,0.9440319932385596,7.468295590962182e-05
39,0.3383139244563532,0.964585480117196,1.0,0.525636434896757,0.9707230701826148,0.0002873832078461591
39,0.35758154246404467,1.0,1.0,0.525636434896757,0.9425203806781492,0.02437482013587522
40,0.34567859699220826,0.9906998671953968,1.0,0.525636434896757,0.9497605827213147,2.917816946457208e-05
40,0.3483676666830856,1.0,1.0,0.525636434896757,0.9425203806781492,9.105350523763711e-05
40,0.3477762491852005,0.9981328725517682,1.0,0.525636434896757,0.9440319932385596,7.468295590962182e-05
40,0.3451859725963138,0.9890122163925876,1.0,0.525636434896757,0.9511160121683254,6.151965658951486e-05
40,0.33813002692646443,0.9627103969117314,1.0,0.48367084839766206,0.971018140292585,5.466604365744754e-05
40,0.34801897470352633,0.9987194471865042,1.0,0.525636434896757,0.9435053072993338,0.00013172831652497052
40,0.3484415848813694,1.0,1.0,0.525636434896757,0.9425203806781492,0.0002909799224539711
40,0.3466874757904994,0.9941090698716216,1.0,0.525636434896757,0.9470723541605448,7.562470624378204e-05
40,0.33823615767548854,0.964585480117196,1.0,0.525636434896757,0.9707230701826148,6.426200250908565e-05
40,0.3397138285961799,0.9698873172327366,1.0,0.525636434896757,0.9664366830565403,6.686948724121677e-05
40,0.3478716282604587,0.9985771635405603,1.0,0.525636434896757,0.9437731595454508,0.00015826002306384979
40,0.3484810173481938,1.0,1.0,0.525636434896757,0.9425203806781492,0.0003975981530892625
40,0.3484810173481938,1.0,1.0,0.525636434896757,0.9425203806781492,0.0003975981530892625
40,0.3483676666830856,0.9996634500400183,1.0,0.525636434896757,0.9427789908587367,0.000349663685825119
40,0.3483676666830856,0.9996634500400183,1.0,0.525636434896757,0.9427789908587367,0.000349663685825119
40,0.3462640773818729,0.9928310354362276,1.0,0.525636434896757,0.9481546806633873,8.764724229626264e-05
40,0.34165259396659775,0.9764665383456568,1.0,0.525636434896757,0.961033446143835,8.097131932860435e-05
40,0.3477452475969971,0.9977085398253237,1.0,0.525636434896757,0.9442846241211686,0.000168470160864298
40,0.34856742488248793,1.0,1.0,0.525636434896757,0.9425203806781492,0.0006311440916813016
40,0.34436272778502125,0.9861997726948972,1.0,0.525636434896757,0.9533897812394365,0.00012032218380286785
40,0.3445871704697618,0.987331801689179,1.0,0.525636434896757,0.9527688023411425,0.00039240076989943695
40,0.33853137181603804,0.9644507920098655,1.0,0.48786740704757153,0.9698123513113078,4.017832538849575e-05
40,0.345947503961296,0.9912933305158754,1.0,0.525636434896757,0.9492672105962716,0.0002448821938806356
40,0.34616855970775123,0.9911434605513095,1.0,0.525636434896757,0.9493843831211617,0.0009680798262465817
40,0.3376645323999735,0.9626968243245165,1.0,0.48367084839766206,0.9723020163165071,0.0012732360364903217
40,0.34471374764907403,0.9870195031609745,1.0,0.525636434896757,0.9526225692131016,0.0002036188520722071
40,0.34022051193703384,0.9716509199473188,1.0,0.525636434896757,0.9649973889849758,6.511264222142099e-05
40,0.3466874757904994,0.984440353501672,1.0,0.525636434896757,0.9546615413423625,0.007664811888061451
40,0.3483676666830856,1.0,1.0,0.525636434896757,0.9425203806781492,9.105350523763711e-05
40,0.3345651862887752,0.9521652755426036,1.0,0.525636434896757,0.9813092310168813,0.0001983130374137998
40,0.34652126059864696,0.9935479318926048,1.0,0.525636434896757,0.9475087661684645,5.779260128069286e-05
40,0.3439920217974805,0.9857126679771757,1.0,0.525636434896757,0.9544172100079626,0.0007628429079959975
40,0.33934705117705316,0.9681269321054764,1.0,0.525636434896757,0.9678099511929179,0.00032871168572690124
40,0.34951941950833587,1.0,1.0,0.525636434896757,0.9425203806781492,0.0031965909274256354
40,0.34721607200772087,0.9960705583945595,1.0,0.525636434896757,0.9455550367222382,4.3211718862012916e-06
40,0.34474426396003616,0.9928310354362276,1.0,0.525636434896757,0.9523346434825414,0.004267610061450378
40,0.3341043978234787,0.9487468790278873,1.0,0.48786740704757153,0.9826626282667642,0.00034980161405229193
40,0.34911587506144953,1.0,1.0,0.525636434896757,0.9425203806781492,0.0021108227765799237
40,0.3539644056155532,1.0,1.0,0.525636434896757,0.9425203806781492,0.014992356596473688
40,0.3392180682558428,0.9683221188144533,1.0,0.525636434896757,0.9678491107021472,0.00019909615191826546
41,0.3483676666830856,1.0,1.0,0.525636434896757,0.9425203806781492,9.105350523763711e-05
41,0.3477762491852005,0.9981328725517682,1.0,0.525636434896757,0.9440319932385596,7.468295590962182e-05
41,0.3483676666830856,1.0,1.0,0.525636434896757,0.9425203806781492,9.105350523763711e-05
41,0.34721607200772087,0.9960705583945595,1.0,0.525636434896757,0.9455550367222382,4.3211718862012916e-06
41,0.34801897470352633,0.9987194471865042,1.0,0.525636434896757,0.9435053072993338,0.00013172831652497052
41,0.3484415848813694,1.0,1.0,0.525636434896757,0.9425203806781492,0.0002909799224539711
41,0.34567859699220826,0.9906998671953968,1.0,0.525636434896757,0.9497605827213147,2.917816946457208e-05
41,0.3466874757904994,0.9941090698716216,1.0,0.525636434896757,0.9470723541605448,7.562470624378204e-05
41,0.34652126059864696,0.9935479318926048,1.0,0.525636434896757,0.9475087661684645,5.779260128069286e-05
41,0.3478716282604587,0.9985771635405603,1.0,0.525636434896757,0.9437731595454508,0.00015826002306384979
41,0.3484810173481938,1.0,1.0,0.525636434896757,0.9425203806781492,0.0003975981530892625
41,0.3484810173481938,1.0,1.0,0.525636434896757,0.9425203806781492,0.0003975981530892625
41,0.3483676666830856,0.9996634500400183,1.0,0.525636434896757,0.9427789908587367,0.000349663685825119
41,0.3483676666830856,0.9996634500400183,1.0,0.525636434896757,0.9427789908587367,0.000349663685825119
41,0.33853137181603804,0.9644507920098655,1.0,0.48786740704757153,0.9698123513113078,4.017832538849575e-05
41,0.3451859725963138,0.9890122163925876,1.0,0.525636434896757,0.9511160121683254,6.151965658951486e-05
41,0.3462640773818729,0.9928310354362276,1.0,0.525636434896757,0.9481546806633873,8.764724229626264e-05
41,0.34856742488248793,1.0,1.0,0.525636434896757,0.9425203806781492,0.0006311440916813016
41,0.33813002692646443,0.9627103969117314,1.0,0.48367084839766206,0.971018140292585,5.466604365744754e-05
41,0.3477452475969971,0.9977085398253237,1.0,0.525636434896757,0.9442846241211686,0.000168470160864298
41,0.34641367105454013,0.9933360596173427,1.0,0.525636434896757,0.9477452339458377,7.156081447412532e-05
41,0.3463724207133968,0.9932113819326231,1.0,0.525636434896757,0.9478581032499925,8.735660988989924e-05
41,0.33905177530352915,0.9661028072605766,1.0,0.48786740704757153,0.9684766254205814,0.00015281882458728635
41,0.3485002784818465,0.9997915053213678,1.0,0.525636434896757,0.942680570685192,0.0006098579973741192
41,0.34711405640912346,0.9960705583945595,1.0,0.525636434896757,0.9458329320163613,0.000282216466009344
41,0.3479258428578677,0.9986378967328833,1.0,0.525636434896757,0.9436260986622383,5.798195207440404e-05
41,0.34878350506328637,1.0,1.0,0.525636434896757,0.9425203806781492,0.001214668234869265
41,0.3382999069209414,0.9638055851991261,1.0,0.48786740704757153,0.9704758972032924,0.0001965324929631418
41,0.34679635312996954,0.9942085551756528,1.0,0.525636434896757,0.946995033191673,0.0002956150647893674
41,0.34780729353467543,0.9983195852965914,1.0,0.525636434896757,0.943947731466095,0.0001343560141006117
41,0.337180018941271,1.0,1.0,0.48786740704757153,0.9736991732800515,0.0308604872869086
41,0.3459100618873049,0.9913450740061363,1.0,0.525636434896757,0.9492267643175201,0.00010171162910321829
41,0.3483704173220592,1.0,1.0,0.525636434896757,0.9425203806781492,9.849467331868311e-05
41,0.34911530869488777,1.0,1.0,0.525636434896757,0.9425203806781492,0.002109297158787826
41,0.348721904049765,1.0,1.0,0.525636434896757,0.9425203806781492,0.001048388499985231
41,0.3482898999022209,1.0,1.0,0.525636434896757,0.942639754448514,0.00011937377036475016
41,0.34850364484279195,0.9928310354362276,1.0,0.525636434896757,0.948067033421091,0.006005420638232173
41,0.34856742488248793,0.9974075054086177,1.0,0.525636434896757,0.9445169992892666,0.0026277627027986306
41,0.34640790993353876,0.9935479318926048,1.0,0.525636434896757,0.9477609959270133,0.0002522297585488831
41,0.345460144025715,0.9901719500241344,1.0,0.525636434896757,0.9503611672452933,0.00021636985176731738
42,0.3483676666830856,1.0,1.0,0.525636434896757,0.9425203806781492,9.105350523763711e-05
42,0.3483676666830856,1.0,1.0,0.525636434896757,0.9425203806781492,9.105350523763711e-05
42,0.34721607200772087,0.9960705583945595,1.0,0.525636434896757,0.9455550367222382,4.3211718862012916e-06
42,0.3479258428578677,0.9986378967328833,1.0,0.525636434896757,0.9436260986622383,5.798195207440404e-05
42,0.3483704173220592,1.0,1.0,0.525636434896757,0.9425203806781492,9.849467331868311e-05
42,0.34567859699220826,0.9906998671953968,1.0,0.525636434896757,0.9497605827213147,2.917816946457208e-05
42,0.34652126059864696,0.9935479318926048,1.0,0.525636434896757,0.9475087661684645,5.779260128069286e-05
42,0.3477762491852005,0.9981328725517682,1.0,0.525636434896757,0.9440319932385596,7.468295590962182e-05
42,0.3484415848813694,1.0,1.0,0.525636434896757,0.9425203806781492,0.0002909799224539711
42,0.3482898999022209,1.0,1.0,0.525636434896757,0.942639754448514,0.00011937377036475016
42,0.33853137181603804,0.9644507920098655,1.0,0.48786740704757153,0.9698123513113078,4.017832538849575e-05
42,0.3451859725963138,0.9890122163925876,1.0,0.525636434896757,0.9511160121683254,6.151965658951486e-05
42,0.34641367105454013,0.9933360596173427,1.0,0.525636434896757,0.9477452339458377,7.156081447412532e-05
42,0.3466874757904994,0.9941090698716216,1.0,0.525636434896757,0.9470723541605448,7.562470624378204e-05
42,0.3484810173481938,1.0,1.0,0.525636434896757,0.9425203806781492,0.0003975981530892625
42,0.3484810173481938,1.0,1.0,0.525636434896757,0.9425203806781492,0.0003975981530892625
42,0.33813002692646443,0.9627103969117314,1.0,0.48367084839766206,0.971018140292585,5.466604365744754e-05
42,0.3463724207133968,0.9932113819326231,1.0,0.525636434896757,0.9478581032499925,8.735660988989924e-05
42,0.34801897470352633,0.9987194471865042,1.0,0.525636434896757,0.9435053072993338,0.00013172831652497052
42,0.3483676666830856,0.9996634500400183,1.0,0.525636434896757,0.9427789908587367,0.000349663685825119
42,0.3446235236273297,0.9874381756319657,1.0,0.525636434896757,0.9526682980170841,0.0003757095846589342
42,0.35453126237255106,1.0,1.0,0.525636434896757,0.9425203806781492,0.01647537257298881
42,0.3464020129285279,0.9933102951792657,1.0,0.525636434896757,0.9477771302193019,8.339900490650365e-05
42,0.3491269528479773,1.0,1.0,0.525636434896757,0.9425203806781492,0.002140661940288946
42,0.3373330227943138,0.9603014524264712,1.0,0.48786740704757153,0.9732575333731702,0.0002116968006320441
42,0.33963433340232174,0.967987289454762,1.0,0.525636434896757,0.967924414427787,0.0012615261155077828
42,0.3434602413263721,0.9829024601319485,1.0,0.525636434896757,0.9558949368916749,1.2506262950129354e-05
42,0.34711405640912346,0.9960705583945595,1.0,0.525636434896757,0.9458329320163613,0.000282216466009344
42,0.34537723584671187,0.9897995621724462,1.0,0.525636434896757,0.9505893024706804,0.00015263638243445676
42,0.3455543065317261,0.9905665920618874,1.0,0.525636434896757,0.950102196695157,0.00026647078513830635
42,0.3479487416000972,0.9983195852965914,1.0,0.525636434896757,0.9438133754519944,0.00024937746192055243
42,0.34651878502357075,0.9932450369286213,1.0,0.525636434896757,0.9477445406037155,0.00028679832409628236
42,0.3490117933804408,1.0,1.0,0.525636434896757,0.9425203806781492,0.0018303754988687748
42,0.3483011403046302,0.9996634500400183,1.0,0.525636434896757,0.9427789908587367,0.00016965735609530963
42,0.35758154246404467,1.0,1.0,0.525636434896757,0.9425203806781492,0.02437482013587522
42,0.34820939242726007,0.9994458158779819,1.0,0.525636434896757,0.9429463170353978,8.862031461642772e-05
42,0.3480439434386733,0.9987741070595949,1.0,0.525636434896757,0.9434632145080937,0.00015731331544510674
42,0.3480052807526945,0.9982346603293559,1.0,0.525636434896757,0.9438788365128845,0.0004681359342723068
42,0.34740514967354114,0.9987194471865042,1.0,0.525636434896757,0.9450404118270648,0.0015351045277309794
42,0.34987909727821764,1.0,1.0,0.525636434896757,0.9425203806781492,0.004162221305339164
43,0.3483676666830856,1.0,1.0,0.525636434896757,0.9425203806781492,9.105350523763711e-05
43,0.3483676666830856,1.0,1.0,0.525636434896757,0.9425203806781492,9.105350523763711e-05
43,0.34721607200772087,0.9960705583945595,1.0,0.525636434896757,0.9455550367222382,4.3211718862012916e-06
43,0.3479258428578677,0.9986378967328833,1.0,0.525636434896757,0.9436260986622383,5.798195207440404e-05
43,0.34820939242726007,0.9994458158779819,1.0,0.525636434896757,0.9429463170353978,8.862031461642772e-05
43,0.3483704173220592,1.0,1.0,0.525636434896757,0.9425203806781492,9.849467331868311e-05
43,0.34567859699220826,0.9906998671953968,1.0,0.525636434896757,0.9497605827213147,2.917816946457208e-05
43,0.34652126059864696,0.9935479318926048,1.0,0.525636434896757,0.9475087661684645,5.779260128069286e-05
43,0.3434602413263721,0.9829024601319485,1.0,0.525636434896757,0.9558949368916749,1.2506262950129354e-05
43,0.3477762491852005,0.9981328725517682,1.0,0.525636434896757,0.9440319932385596,7.468295590962182e-05
43,0.3484415848813694,1.0,1.0,0.525636434896757,0.9425203806781492,0.0002909799224539711
43,0.3482898999022209,1.0,1.0,0.525636434896757,0.942639754448514,0.00011937377036475016
43,0.3451859725963138,0.9890122163925876,1.0,0.525636434896757,0.9511160121683254,6.151965658951486e-05
43,0.34641367105454013,0.9933360596173427,1.0,0.525636434896757,0.9477452339458377,7.156081447412532e-05
43,0.33853137181603804,0.9644507920098655,1.0,0.48786740704757153,0.9698123513113078,4.017832538849575e-05
43,0.3466874757904994,0.9941090698716216,1.0,0.525636434896757,0.9470723541605448,7.562470624378204e-05
43,0.3484810173481938,1.0,1.0,0.525636434896757,0.9425203806781492,0.0003975981530892625
43,0.3484810173481938,1.0,1.0,0.525636434896757,0.9425203806781492,0.0003975981530892625
43,0.33813002692646443,0.9627103969117314,1.0,0.48367084839766206,0.971018140292585,5.466604365744754e-05
43,0.3464020129285279,0.9933102951792657,1.0,0.525636434896757,0.9477771302193019,8.339900490650365e-05
43,0.3446938936873339,0.9877004388704166,1.0,0.525636434896757,0.9524738085691163,0.00038778295346564295
43,0.3453579782976894,1.0,1.0,0.525636434896757,0.9506423083984131,0.008121927720263877
43,0.3493904365871255,1.0,1.0,0.525636434896757,0.9425203806781492,0.0028498249220331173
43,0.35093749434416116,1.0,1.0,0.525636434896757,0.9425203806781492,0.006992228175110582
43,0.34644506478211684,0.9929823336428965,1.0,0.525636434896757,0.9479491461806111,0.00028979383224825295
43,0.35076036377280406,1.0,1.0,0.525636434896757,0.9425203806781492,0.006519795560664954
43,0.3476742335866031,0.9981328725517682,1.0,0.525636434896757,0.9443089938883197,0.0003516836056697281
43,0.3361087335191722,0.9560806724857226,1.0,0.48786740704757153,0.9768026621891892,0.0003976453243562661
43,0.3384318317925169,0.9644507920098655,1.0,0.48786740704757153,0.9700975938177946,0.00032542083187525606
43,0.34750497451481155,0.9968467926241622,1.0,0.525636434896757,0.9449502001375816,0.00018126214758917847
43,0.3397917924024592,0.9685172582083871,1.0,0.48367084839766206,0.9664933120161373,0.00027837381571782505
43,0.34596531493263677,1.0,1.0,0.525636434896757,0.9489734708761752,0.006453090198025979
43,0.34785337718001325,0.9890122163925876,1.0,0.525636434896757,0.9510544925117359,0.007231815321962487
43,0.3464487949207925,0.9935479318926048,1.0,0.525636434896757,0.9476491491066626,0.00014038293819818026
43,0.3439359779218714,0.9846677998025926,1.0,0.48786740704757153,0.9545727309266072,0.000356266460271093
43,0.3501314477576778,1.0,1.0,0.525636434896757,0.9425203806781492,0.004838524825812041
43,0.33944847492428737,1.0,1.0,0.4916443098324901,0.9671921659668771,0.024386777490665312
43,0.3484810173481938,1.0,1.0,0.525636434896757,0.9425203806781492,0.0003975981530892625
43,0.3461878187492059,0.9928831769312165,1.0,0.525636434896757,0.9483635412164726,0.0003371390160749055
43,0.3453265211675046,0.9893374164676352,1.0,0.525636434896757,0.9507991903837874,7.028429612998544e-05
44,0.3483676666830856,1.0,1.0,0.525636434896757,0.9425203806781492,9.105350523763711e-05
44,0.3483676666830856,1.0,1.0,0.525636434896757,0.9425203806781492,9.105350523763711e-05
44,0.34721607200772087,0.9960705583945595,1.0,0.525636434896757,0.9455550367222382,4.3211718862012916e-06
44,0.3479258428578677,0.9986378967328833,1.0,0.525636434896757,0.9436260986622383,5.798195207440404e-05
44,0.34820939242726007,0.9994458158779819,1.0,0.525636434896757,0.9429463170353978,8.862031461642772e-05
44,0.3483704173220592,1.0,1.0,0.525636434896757,0.9425203806781492,9.849467331868311e-05
44,0.34567859699220826,0.9906998671953968,1.0,0.525636434896757,0.9497605827213147,2.917816946457208e-05
44,0.34652126059864696,0.9935479318926048,1.0,0.525636434896757,0.9475087661684645,5.779260128069286e-05
44,0.3434602413263721,0.9829024601319485,1.0,0.525636434896757,0.9558949368916749,1.2506262950129354e-05
44,0.3477762491852005,0.9981328725517682,1.0,0.525636434896757,0.9440319932385596,7.468295590962182e-05
44,0.3484415848813694,1.0,1.0,0.525636434896757,0.9425203806781492,0.0002909799224539711
44,0.3482898999022209,1.0,1.0,0.525636434896757,0.942639754448514,0.00011937377036475016
44,0.3451859725963138,0.9890122163925876,1.0,0.525636434896757,0.9511160121683254,6.151965658951486e-05
44,0.34641367105454013,0.9933360596173427,1.0,0.525636434896757,0.9477452339458377,7.156081447412532e-05
44,0.3453265211675046,0.9893374164676352,1.0,0.525636434896757,0.9507991903837874,7.028429612998544e-05
44,0.33853137181603804,0.9644507920098655,1.0,0.48786740704757153,0.9698123513113078,4.017832538849575e-05
44,0.3466874757904994,0.9941090698716216,1.0,0.525636434896757,0.9470723541605448,7.562470624378204e-05
44,0.3484810173481938,1.0,1.0,0.525636434896757,0.9425203806781492,0.0003975981530892625
44,0.3484810173481938,1.0,1.0,0.525636434896757,0.9425203806781492,0.0003975981530892625
44,0.33813002692646443,0.9627103969117314,1.0,0.48367084839766206,0.971018140292585,5.466604365744754e-05
44,0.3523654244211394,1.0,1.0,0.525636434896757,0.9425203806781492,0.010783374213977348
44,0.34711129237510924,0.9951969285942758,1.0,0.525636434896757,0.9462276992269933,0.00038723557900333105
44,0.34725469703059947,0.9956828683590171,1.0,0.525636434896757,0.9458509934631645,0.0004011305085772632
44,0.34812124242072223,0.999304290771149,1.0,0.525636434896757,0.9430964437484362,4.1277229455127795e-05
44,0.34778932637663407,0.9986378967328833,1.0,0.525636434896757,0.9439964967867619,0.0004283800765979562
44,0.3421687773708599,0.9787212839903753,1.0,0.525636434896757,0.9595028167868832,0.0002816746316326446
44,0.35011502234636727,1.0,1.0,0.525636434896757,0.9425203806781492,0.0047945341109504325
44,0.3474421065652893,0.9964635025551035,1.0,0.525636434896757,0.9452466065825453,0.00030671727545450445
44,0.3451159824935356,0.9890122163925876,1.0,0.525636434896757,0.951308900097687,0.0002544075859510775
44,0.34356982336086583,0.9981328725517682,1.0,0.525636434896757,0.9555900529801099,0.011632742697459952
44,0.3491838882798062,1.0,1.0,0.525636434896757,0.9425203806781492,0.002293993542957895
44,0.3482898999022209,0.9945114501396363,1.0,0.525636434896757,0.9467597154580423,0.004119961009528272
44,0.3440643345271516,0.9846122141187537,1.0,0.525636434896757,0.9545253430607703,0.00030872493802891476
44,0.3460608546264042,0.9916298804758571,1.0,0.525636434896757,0.9490042155052494,0.00029273506609373
44,0.33852889624096183,0.9644507920098655,1.0,0.48786740704757153,0.969819443300515,4.727031459561548e-05
44,0.3470578573674081,0.9951663779207536,1.0,0.525636434896757,0.9462513947312525,0.00026530408983593823
44,0.3522284338056061,1.0,1.0,0.525636434896757,0.9425203806781492,0.010420997945005395
44,0.3484810173481938,0.9964635025551035,1.0,0.525636434896757,0.9452466065825453,0.003123824057485347
44,0.34970570891466807,1.0,1.0,0.525636434896757,0.9425203806781492,0.0036969718654122907
44,0.3509622508168655,1.0,1.0,0.525636434896757,0.9425203806781492,0.007058219252645825
45,0.3483676666830856,1.0,1.0,0.525636434896757,0.9425203806781492,9.105350523763711e-05
45,0.3483676666830856,1.0,1.0,0.525636434896757,0.9425203806781492,9.105350523763711e-05
45,0.34721607200772087,0.9960705583945595,1.0,0.525636434896757,0.9455550367222382,4.3211718862012916e-06
45,0.34820939242726007,0.9994458158779819,1.0,0.525636434896757,0.9429463170353978,8.862031461642772e-05
45,0.34812124242072223,0.999304290771149,1.0,0.525636434896757,0.9430964437484362,4.1277229455127795e-05
45,0.3483704173220592,1.0,1.0,0.525636434896757,0.9425203806781492,9.849467331868311e-05
45,0.34567859699220826,0.9906998671953968,1.0,0.525636434896757,0.9497605827213147,2.917816946457208e-05
45,0.3434602413263721,0.9829024601319485,1.0,0.525636434896757,0.9558949368916749,1.2506262950129354e-05
45,0.3479258428578677,0.9986378967328833,1.0,0.525636434896757,0.9436260986622383,5.798195207440404e-05
45,0.34652126059864696,0.9935479318926048,1.0,0.525636434896757,0.9475087661684645,5.779260128069286e-05
45,0.3484415848813694,1.0,1.0,0.525636434896757,0.9425203806781492,0.0002909799224539711
45,0.3482898999022209,1.0,1.0,0.525636434896757,0.942639754448514,0.00011937377036475016
45,0.33853137181603804,0.9644507920098655,1.0,0.48786740704757153,0.9698123513113078,4.017832538849575e-05
45,0.3477762491852005,0.9981328725517682,1.0,0.525636434896757,0.9440319932385596,7.468295590962182e-05
45,0.3451859725963138,0.9890122163925876,1.0,0.525636434896757,0.9511160121683254,6.151965658951486e-05
45,0.34641367105454013,0.9933360596173427,1.0,0.525636434896757,0.9477452339458377,7.156081447412532e-05
45,0.3453265211675046,0.9893374164676352,1.0,0.525636434896757,0.9507991903837874,7.028429612998544e-05
45,0.3484810173481938,1.0,1.0,0.525636434896757,0.9425203806781492,0.0003975981530892625
45,0.3484810173481938,1.0,1.0,0.525636434896757,0.9425203806781492,0.0003975981530892625
45,0.33852889624096183,0.9644507920098655,1.0,0.48786740704757153,0.969819443300515,4.727031459561548e-05
45,0.33858452767755637,0.9647031263486673,1.0,0.4916443098324901,0.9696776743400126,1.7578098499004824e-05
45,0.3503708333189804,1.0,1.0,0.525636434896757,0.9425203806781492,0.005479181739572514
45,0.34718497128981723,0.9961085410977204,1.0,0.525636434896757,0.9456397392376308,0.00011842989291355188
45,0.3499044809126495,1.0,1.0,0.525636434896757,0.9425203806781492,0.004230293998645274
45,0.3452855126198349,0.9890122163925876,1.0,0.525636434896757,0.9510544925117359,0.0002126711405570081
45,0.3468505773698396,1.0,1.0,0.525636434896757,0.946551417634641,0.0040310369564917625
45,0.34927719573263477,1.0,1.0,0.525636434896757,0.9425203806781492,0.002545169772286693
45,0.3434602413263721,0.9994458158779819,1.0,0.525636434896757,0.9558949368916749,0.012948619856277155
45,0.3383864494107188,0.9639520263000492,1.0,0.48786740704757153,0.9702276975478068,6.350853585701532e-05
45,0.34652126059864696,0.9877004388704166,1.0,0.525636434896757,0.9520860256156507,0.0046350520484669255
45,0.34715144909579526,0.9964635025551035,1.0,0.525636434896757,0.9457310536158505,0.0004844470333051909
45,0.34269928349606876,0.9806420968684447,1.0,0.525636434896757,0.958017485055861,0.00033366680814383987
45,0.34774668388929425,0.9977075359917781,1.0,0.525636434896757,0.9442853987696083,0.00017314427641168528
45,0.3477423364149191,0.9981328725517682,1.0,0.525636434896757,0.944124057783714,0.00016674750106404623
45,0.34635746134613005,0.9934974294744934,1.0,0.525636434896757,0.9478990417572424,0.00035097432737929424
45,0.3455286201204653,0.9904036748208717,1.0,0.525636434896757,0.9501728267798225,0.00020953895940711842
45,0.35559470737528365,1.0,1.0,0.525636434896757,0.9425203806781492,0.019244811805294693
45,0.3479923692363231,0.9986378967328833,1.0,0.525636434896757,0.9435681167101639,0.00012241288508063608
45,0.34718282725474564,0.9959205050723561,1.0,0.525636434896757,0.9456669087538114,2.1329697500127587e-05
45,0.3470738595700068,0.9957019212133219,1.0,0.525636434896757,0.9459424749653379,0.000106243990068422
46,0.3483676666830856,1.0,1.0,0.525636434896757,0.9425203806781492,9.105350523763711e-05
46,0.3483676666830856,1.0,1.0,0.525636434896757,0.9425203806781492,9.105350523763711e-05
46,0.34721607200772087,0.9960705583945595,1.0,0.525636434896757,0.9455550367222382,4.3211718862012916e-06
46,0.34820939242726007,0.9994458158779819,1.0,0.525636434896757,0.9429463170353978,8.862031461642772e-05
46,0.34812124242072223,0.999304290771149,1.0,0.525636434896757,0.9430964437484362,4.1277229455127795e-05
46,0.3483704173220592,1.0,1.0,0.525636434896757,0.9425203806781492,9.849467331868311e-05
46,0.3434602413263721,0.9829024601319485,1.0,0.525636434896757,0.9558949368916749,1.2506262950129354e-05
46,0.34718282725474564,0.9959205050723561,1.0,0.525636434896757,0.9456669087538114,2.1329697500127587e-05
46,0.3479258428578677,0.9986378967328833,1.0,0.525636434896757,0.9436260986622383,5.798195207440404e-05
46,0.3484415848813694,1.0,1.0,0.525636434896757,0.9425203806781492,0.0002909799224539711
46,0.3482898999022209,1.0,1.0,0.525636434896757,0.942639754448514,0.00011937377036475016
46,0.33858452767755637,0.9647031263486673,1.0,0.4916443098324901,0.9696776743400126,1.7578098499004824e-05
46,0.34567859699220826,0.9906998671953968,1.0,0.525636434896757,0.9497605827213147,2.917816946457208e-05
46,0.34652126059864696,0.9935479318926048,1.0,0.525636434896757,0.9475087661684645,5.779260128069286e-05
46,0.3477762491852005,0.9981328725517682,1.0,0.525636434896757,0.9440319932385596,7.468295590962182e-05
46,0.3484810173481938,1.0,1.0,0.525636434896757,0.9425203806781492,0.0003975981530892625
46,0.3484810173481938,1.0,1.0,0.525636434896757,0.9425203806781492,0.0003975981530892625
46,0.33853137181603804,0.9644507920098655,1.0,0.48786740704757153,0.9698123513113078,4.017832538849575e-05
46,0.3479923692363231,0.9986378967328833,1.0,0.525636434896757,0.9435681167101639,0.00012241288508063608
46,0.3451859725963138,0.9890122163925876,1.0,0.525636434896757,0.9511160121683254,6.151965658951486e-05
46,0.34620750488251756,0.9928557734162622,1.0,0.525636434896757,0.9483096151438627,0.0002618593071394004
46,0.34902892432774446,1.0,1.0,0.525636434896757,0.9425203806781492,0.0018765462020352563
46,0.35398150993857125,1.0,1.0,0.525636434896757,0.9425203806781492,0.015037174583972912
46,0.3483716591756893,1.0,1.0,0.525636434896757,0.9425203806781492,0.00010185416025176863
46,0.35155971976279626,1.0,1.0,0.525636434896757,0.9425203806781492,0.008648019103243976
46,0.34704406630634527,0.9960705583945595,1.0,0.525636434896757,0.9460236828470459,0.0004729672966938825
46,0.3389711551167217,0.9656766849502706,1.0,0.48786740704757153,0.9688103759100372,0.00025626521657295953
46,0.34718282725474564,1.0,1.0,0.525636434896757,0.9456455790563113,0.003125198378162053
46,0.33856686103618,0.9644507920098655,1.0,0.48786740704757153,0.9697721729859193,6.147924329702459e-05
46,0.34409453267306606,0.9845828748353571,1.0,0.525636434896757,0.9545485908625202,0.00041571592616551634
46,0.3482883316772016,0.9998726274038504,1.0,0.525636434896757,0.9426439988377412,2.576356782435507e-05
46,0.33870117432946434,0.9653021641438435,1.0,0.4916443098324901,0.9693261511242423,0.00012093054991113572
46,0.34695939775281764,0.9951013992879868,1.0,0.525636434896757,0.9463017978517942,4.725670513905378e-05
46,0.34765895677540387,0.9976238760677404,1.0,0.525636434896757,0.944350488663273,5.248771142163378e-07
46,0.3341432295321039,0.9981328725517682,1.0,0.4572744944897313,0.9825484303259682,0.03811668248259181
46,0.3419351640245324,0.9763758323330218,1.0,0.4916443098324901,0.9605759663913768,0.0004176081838731527
46,0.34550414200499097,0.9901109947533289,1.0,0.525636434896757,0.9502401441786017,4.758652858560808e-05
46,0.3485421216703029,0.9644507920098655,1.0,0.525636434896757,0.9708342838964661,0.0288766687076486
46,0.34146142287258807,0.9743397972565366,1.0,0.48786740704757153,0.9620825540279939,0.0005920789403243143
46,0.34945827098632426,1.0,1.0,0.525636434896757,0.9425203806781492,0.0030322272078114887
47,0.3483676666830856,1.0,1.0,0.525636434896757,0.9425203806781492,9.105350523763711e-05
47,0.3483676666830856,1.0,1.0,0.525636434896757,0.9425203806781492,9.105350523763711e-05
47,0.3482883316772016,0.9998726274038504,1.0,0.525636434896757,0.9426439988377412,2.576356782435507e-05
47,0.34765895677540387,0.9976238760677404,1.0,0.525636434896757,0.944350488663273,5.248771142163378e-07
47,0.3483704173220592,1.0,1.0,0.525636434896757,0.9425203806781492,9.849467331868311e-05
47,0.34820939242726007,0.9994458158779819,1.0,0.525636434896757,0.9429463170353978,8.862031461642772e-05
47,0.34812124242072223,0.999304290771149,1.0,0.525636434896757,0.9430964437484362,4.1277229455127795e-05
47,0.34721607200772087,0.9960705583945595,1.0,0.525636434896757,0.9455550367222382,4.3211718862012916e-06
47,0.3483716591756893,1.0,1.0,0.525636434896757,0.9425203806781492,0.00010185416025176863
47,0.3479258428578677,0.9986378967328833,1.0,0.525636434896757,0.9436260986622383,5.798195207440404e-05
47,0.3434602413263721,0.9829024601319485,1.0,0.525636434896757,0.9558949368916749,1.2506262950129354e-05
47,0.34718282725474564,0.9959205050723561,1.0,0.525636434896757,0.9456669087538114,2.1329697500127587e-05
47,0.3484415848813694,1.0,1.0,0.525636434896757,0.9425203806781492,0.0002909799224539711
47,0.3482898999022209,1.0,1.0,0.525636434896757,0.942639754448514,0.00011937377036475016
47,0.3477762491852005,0.9981328725517682,1.0,0.525636434896757,0.9440319932385596,7.468295590962182e-05
47,0.33858452767755637,0.9647031263486673,1.0,0.4916443098324901,0.9696776743400126,1.7578098499004824e-05
47,0.34567859699220826,0.9906998671953968,1.0,0.525636434896757,0.9497605827213147,2.917816946457208e-05
47,0.34695939775281764,0.9951013992879868,1.0,0.525636434896757,0.9463017978517942,4.725670513905378e-05
47,0.3484810173481938,1.0,1.0,0.525636434896757,0.9425203806781492,0.0003975981530892625
47,0.3484810173481938,1.0,1.0,0.525636434896757,0.9425203806781492,0.0003975981530892625
47,0.3479833145369712,0.9991896554346144,1.0,0.525636434896757,0.943470252752637,0.00032689554846199176
47,0.3478882146594292,0.9986467344634453,1.0,0.525636434896757,0.9437281629130349,0.00016685343743583214
47,0.3479233672827915,0.9986378967328833,1.0,0.525636434896757,0.9436328128339901,6.469612382620227e-05
47,0.34964157678800667,1.0,1.0,0.525636434896757,0.9425203806781492,0.003524770543854472
47,0.3475360139400141,0.997456247739291,1.0,0.525636434896757,0.9446845580019515,0.00020519351963932397
47,0.3466163898431277,0.9994458158779819,1.0,0.525636434896757,0.9471909446196815,0.004244627584283678
47,0.34440549282927535,0.9862926288221623,1.0,0.525636434896757,0.953271398237665,7.527054702949343e-05
47,0.34721607200772087,0.9994002453655608,1.0,0.525636434896757,0.9455550367222382,0.0025736739581857515
47,0.3388063095136834,0.9653292646546332,1.0,0.4916443098324901,0.9691838605973291,0.00015850163753117208
47,0.3479805884042056,0.9988183510064077,1.0,0.525636434896757,0.9434776440418287,4.8497794416624274e-05
47,0.34567612141713205,0.9906998671953968,1.0,0.525636434896757,0.9497673844743849,3.59799225347901e-05
47,0.3488610969362332,1.0,1.0,0.525636434896757,0.9425203806781492,0.0014240285610165326
47,0.3487690136129739,1.0,1.0,0.525636434896757,0.9425203806781492,0.0011755567186818583
47,0.3496387019636701,1.0,1.0,0.525636434896757,0.9425203806781492,0.0035170498670269446
47,0.34387321708117874,0.9846122141187537,1.0,0.525636434896757,0.9547469514937964,0.00022160843302609923
47,0.3484810173481938,1.0,1.0,0.4916443098324901,0.9428053884762118,0.0006826059511517713
47,0.3489241912489149,1.0,1.0,0.525636434896757,0.9425203806781492,0.0015942025667837756
47,0.34815116269839996,0.9994393387611321,1.0,0.525636434896757,0.9430153935885743,6.409556023778684e-05
47,0.3438872081225616,0.9846122141187537,1.0,0.525636434896757,0.9547081076410616,0.00018276458029131692
47,0.34821980304524236,0.9993738616940341,1.0,0.525636434896757,0.9430016544289284,0.00017214602822013259
48,0.3483676666830856,1.0,1.0,0.525636434896757,0.9425203806781492,9.105350523763711e-05
48,0.3483676666830856,1.0,1.0,0.525636434896757,0.9425203806781492,9.105350523763711e-05
48,0.3482883316772016,0.9998726274038504,1.0,0.525636434896757,0.9426439988377412,2.576356782435507e-05
48,0.34765895677540387,0.9976238760677404,1.0,0.525636434896757,0.944350488663273,5.248771142163378e-07
48,0.3483704173220592,1.0,1.0,0.525636434896757,0.9425203806781492,9.849467331868311e-05
48,0.34820939242726007,0.9994458158779819,1.0,0.525636434896757,0.9429463170353978,8.862031461642772e-05
48,0.34812124242072223,0.999304290771149,1.0,0.525636434896757,0.9430964437484362,4.1277229455127795e-05
48,0.34815116269839996,0.9994393387611321,1.0,0.525636434896757,0.9430153935885743,6.409556023778684e-05
48,0.34721607200772087,0.9960705583945595,1.0,0.525636434896757,0.9455550367222382,4.3211718862012916e-06
48,0.3483716591756893,1.0,1.0,0.525636434896757,0.9425203806781492,0.00010185416025176863
48,0.3479805884042056,0.9988183510064077,1.0,0.525636434896757,0.9434776440418287,4.8497794416624274e-05
48,0.3434602413263721,0.9829024601319485,1.0,0.525636434896757,0.9558949368916749,1.2506262950129354e-05
48,0.34718282725474564,0.9959205050723561,1.0,0.525636434896757,0.9456669087538114,2.1329697500127587e-05
48,0.3484415848813694,1.0,1.0,0.525636434896757,0.9425203806781492,0.0002909799224539711
48,0.3482898999022209,1.0,1.0,0.525636434896757,0.942639754448514,0.00011937377036475016
48,0.3479258428578677,0.9986378967328833,1.0,0.525636434896757,0.9436260986622383,5.798195207440404e-05
48,0.33858452767755637,0.9647031263486673,1.0,0.4916443098324901,0.9696776743400126,1.7578098499004824e-05
48,0.34567859699220826,0.9906998671953968,1.0,0.525636434896757,0.9497605827213147,2.917816946457208e-05
48,0.34695939775281764,0.9951013992879868,1.0,0.525636434896757,0.9463017978517942,4.725670513905378e-05
48,0.3484810173481938,1.0,1.0,0.525636434896757,0.9425203806781492,0.0003975981530892625
48,0.34822505083304595,0.999317116716224,1.0,0.525636434896757,0.9430453005854482,0.0002300007236403223
48,0.34747981026046537,0.9971657792321154,1.0,0.525636434896757,0.9448373575213824,0.00013366285136928724
48,0.3472149459985372,0.996038621116669,1.0,0.525636434896757,0.9455754431239503,1.7339990936227068e-05
48,0.3467175077751128,0.9942363646402933,1.0,0.525636434896757,0.9469734221661268,5.8719694854048043e-05
48,0.3433888398210765,0.9827878247954138,1.0,0.525636434896757,0.9560936979732386,0.0001201086266031659
48,0.34740514967354114,0.9964635025551035,1.0,0.525636434896757,0.9452466065825453,0.00020619475548055988
48,0.34793905387615265,0.9989365159057669,1.0,0.525636434896757,0.9435902697966113,0.00025209685478888577
48,0.3428375459389991,0.9806473545276444,1.0,0.525636434896757,0.957679618541357,4.849092807035493e-05
48,0.34773510561761345,0.9979269655280644,1.0,0.525636434896757,0.9441436898817198,2.758565634464194e-05
48,0.3425293562084073,0.9797208219549624,1.0,0.525636434896757,0.9584927532608831,7.234426027302732e-05
48,0.347929436101211,0.9986378967328833,1.0,0.525636434896757,0.9436163533580588,4.823664789488369e-05
48,0.3477728708385595,0.9975543475055255,1.0,0.525636434896757,0.9444036310849058,0.0003624672997866174
48,0.3468652259816526,0.9950070743003264,1.0,0.525636434896757,0.9465114434221821,0.0001364671316584909
48,0.34698279161429657,0.9957677933262525,1.0,0.525636434896757,0.9461907438975391,0.0004055474454488506
48,0.3482898999022209,0.9961648833822199,1.0,0.525636434896757,0.945477693283048,0.0028379388345339818
48,0.3459853753202827,0.9915117644315442,1.0,0.525636434896757,0.9490964962956547,0.00017804732790216438
48,0.33858452767755637,0.9940873786228439,1.0,0.525636434896757,0.9696600962415136,0.02257088137141383
48,0.33872697450779937,0.9652018920584836,1.0,0.525636434896757,0.9702144869399518,0.0009621675131299412
48,0.34826812665956447,1.0,1.0,0.525636434896757,0.9426986869849169,0.00017830630676762826
48,0.34717162615114006,1.0,1.0,0.525636434896757,0.9456760892514908,0.0031557085733415757
49,0.3483676666830856,1.0,1.0,0.525636434896757,0.9425203806781492,9.105350523763711e-05
49,0.3483676666830856,1.0,1.0,0.525636434896757,0.9425203806781492,9.105350523763711e-05
49,0.3482883316772016,0.9998726274038504,1.0,0.525636434896757,0.9426439988377412,2.576356782435507e-05
49,0.34765895677540387,0.9976238760677404,1.0,0.525636434896757,0.944350488663273,5.248771142163378e-07
49,0.3483704173220592,1.0,1.0,0.525636434896757,0.9425203806781492,9.849467331868311e-05
49,0.34820939242726007,0.9994458158779819,1.0,0.525636434896757,0.9429463170353978,8.862031461642772e-05
49,0.34812124242072223,0.999304290771149,1.0,0.525636434896757,0.9430964437484362,4.1277229455127795e-05
49,0.34815116269839996,0.9994393387611321,1.0,0.525636434896757,0.9430153935885743,6.409556023778684e-05
49,0.34773510561761345,0.9979269655280644,1.0,0.525636434896757,0.9441436898817198,2.758565634464194e-05
49,0.34721607200772087,0.9960705583945595,1.0,0.525636434896757,0.9455550367222382,4.3211718862012916e-06
49,0.3483716591756893,1.0,1.0,0.525636434896757,0.9425203806781492,0.00010185416025176863
49,0.3479805884042056,0.9988183510064077,1.0,0.525636434896757,0.9434776440418287,4.8497794416624274e-05
49,0.347929436101211,0.9986378967328833,1.0,0.525636434896757,0.9436163533580588,4.823664789488369e-05
49,0.3434602413263721,0.9829024601319485,1.0,0.525636434896757,0.9558949368916749,1.2506262950129354e-05
49,0.3472149459985372,0.996038621116669,1.0,0.525636434896757,0.9455754431239503,1.7339990936227068e-05
49,0.3484415848813694,1.0,1.0,0.525636434896757,0.9425203806781492,0.0002909799224539711
49,0.3482898999022209,1.0,1.0,0.525636434896757,0.942639754448514,0.00011937377036475016
49,0.3479258428578677,0.9986378967328833,1.0,0.525636434896757,0.9436260986622383,5.798195207440404e-05
49,0.34718282725474564,0.9959205050723561,1.0,0.525636434896757,0.9456669087538114,2.1329697500127587e-05
49,0.33858452767755637,0.9647031263486673,1.0,0.4916443098324901,0.9696776743400126,1.7578098499004824e-05
49,0.34276366885862725,0.9805327191911097,1.0,0.525636434896757,0.9578375292771808,6.633225244456753e-05
49,0.3477798027842814,0.998139131023067,1.0,0.525636434896757,0.9440223471602451,6.986233750616577e-05
49,0.3482883316772016,0.9949751370224359,1.0,0.525636434896757,0.9463997567519009,0.0037557579141597186
49,0.33917328772415306,0.9670511647202082,1.0,0.4950435223389168,0.9679768943431754,6.261244825633838e-05
49,0.34817544199042266,0.9993229461213888,1.0,0.525636434896757,0.9430408165922677,9.118222532655818e-05
49,0.34721466060520345,0.9959559230580248,1.0,0.525636434896757,0.9456394798183354,8.059948317773458e-05
49,0.3465462319557273,0.9935929686221945,1.0,0.525636434896757,0.9474737217061682,9.10193661026737e-05
49,0.3474340440145404,0.996998150903666,1.0,0.525636434896757,0.9449618175720997,0.00012860327555608286
49,0.348284387175899,0.9995604512145165,1.0,0.525636434896757,0.9428581715488018,0.000203496778955925
49,0.34338777564851763,0.9829024601319485,1.0,0.525636434896757,0.9560966609461407,0.0002142303174158533
49,0.3472509891193164,0.9964635025551035,1.0,0.525636434896757,0.9454599583735037,0.00021335179095838264
49,0.3479664319970462,0.9987741070595949,1.0,0.525636434896757,0.9435160277835012,5.2813275407515015e-05
49,0.3483029544317488,1.0,1.0,0.525636434896757,0.9426044239458103,8.40432676610936e-05
49,0.3482236194258647,0.9829024601319485,1.0,0.525636434896757,0.9558824306287248,0.013063255232600324
49,0.34745672526939964,0.9968634814338313,1.0,0.525636434896757,0.9449372995008192,3.716707739020997e-05
49,0.3484415848813694,0.9940586350727425,1.0,0.525636434896757,0.9471115585001713,0.004882157744475979
49,0.34820691685218386,1.0,1.0,0.525636434896757,0.9428643999621438,0.0003440192839945233
49,0.3474595034009473,0.9969831769931881,1.0,0.525636434896757,0.9448925774225324,4.779127221021806e-05
49,0.34814756945505665,0.9994393387611321,1.0,0.525636434896757,0.9430251264836832,7.382845534664728e-05
49,0.34786102197626806,0.9983823317837488,1.0,0.525636434896757,0.9438019351934266,3.691824204765659e-05
50,0.3483676666830856,1.0,1.0,0.525636434896757,0.9425203806781492,9.105350523763711e-05
50,0.3483676666830856,1.0,1.0,0.525636434896757,0.9425203806781492,9.105350523763711e-05
50,0.3482883316772016,0.9998726274038504,1.0,0.525636434896757,0.9426439988377412,2.576356782435507e-05
50,0.34765895677540387,0.9976238760677404,1.0,0.525636434896757,0.944350488663273,5.248771142163378e-07
50,0.3483029544317488,1.0,1.0,0.525636434896757,0.9426044239458103,8.40432676610936e-05
50,0.3483704173220592,1.0,1.0,0.525636434896757,0.9425203806781492,9.849467331868311e-05
50,0.34812124242072223,0.999304290771149,1.0,0.525636434896757,0.9430964437484362,4.1277229455127795e-05
50,0.34815116269839996,0.9994393387611321,1.0,0.525636434896757,0.9430153935885743,6.409556023778684e-05
50,0.34773510561761345,0.9979269655280644,1.0,0.525636434896757,0.9441436898817198,2.758565634464194e-05
50,0.34786102197626806,0.9983823317837488,1.0,0.525636434896757,0.9438019351934266,3.691824204765659e-05
50,0.34721607200772087,0.9960705583945595,1.0,0.525636434896757,0.9455550367222382,4.3211718862012916e-06
50,0.34820939242726007,0.9994458158779819,1.0,0.525636434896757,0.9429463170353978,8.862031461642772e-05
50,0.3483716591756893,1.0,1.0,0.525636434896757,0.9425203806781492,0.00010185416025176863
50,0.3479805884042056,0.9988183510064077,1.0,0.525636434896757,0.9434776440418287,4.8497794416624274e-05
50,0.347929436101211,0.9986378967328833,1.0,0.525636434896757,0.9436163533580588,4.823664789488369e-05
50,0.34814756945505665,0.9994393387611321,1.0,0.525636434896757,0.9430251264836832,7.382845534664728e-05
50,0.34745672526939964,0.9968634814338313,1.0,0.525636434896757,0.9449372995008192,3.716707739020997e-05
50,0.3474595034009473,0.9969831769931881,1.0,0.525636434896757,0.9448925774225324,4.779127221021806e-05
50,0.3434602413263721,0.9829024601319485,1.0,0.525636434896757,0.9558949368916749,1.2506262950129354e-05
50,0.3472149459985372,0.996038621116669,1.0,0.525636434896757,0.9455754431239503,1.7339990936227068e-05
50,0.3426428943724476,0.9801873194258177,1.0,0.525636434896757,0.9581751470623571,0.0001278917713943839
50,0.3470882859472484,0.9956220410834271,1.0,0.525636434896757,0.9459031578131726,5.030521661342213e-06
50,0.3484977671288365,1.0,1.0,0.525636434896757,0.9425203806781492,0.0004428792176726093
50,0.34707509951951426,0.9955340260016878,1.0,0.525636434896757,0.9459663385989394,2.7243077716621045e-05
50,0.3478956087616125,0.9987122115305433,1.0,0.525636434896757,0.9437081051075494,0.00019722538708843995
50,0.3487160371340776,1.0,1.0,0.525636434896757,0.9425203806781492,0.0010325488591425014
50,0.34924684104335363,1.0,1.0,0.525636434896757,0.9425203806781492,0.0024634720959609835
50,0.34815116269839996,0.9987996956561679,1.0,0.525636434896757,0.9434435106768617,0.00042811708828738304
50,0.34689300089338276,0.9951013992879868,1.0,0.525636434896757,0.9464356584635661,0.00013386061177189656
50,0.34786102197626806,0.996038621116669,1.0,0.525636434896757,0.9455754431239503,0.0017735079305236656
50,0.343462741644765,0.9830101861353696,1.0,0.525636434896757,0.955887978228054,9.119259579204453e-05
50,0.3474606210692144,0.9969831769931881,1.0,0.525636434896757,0.9448895380091931,4.475185887087285e-05
50,0.3483716591756893,0.9980723734462064,1.0,0.525636434896757,0.9440039599389594,0.001585433421061877
50,0.3473454233695111,0.9966667403829306,1.0,0.525636434896757,0.9452029122286749,0.00011350221785133563
50,0.34896850965232445,1.0,1.0,0.525636434896757,0.9425203806781492,0.0017136985805135119
50,0.3472863475038328,0.9961532564532036,1.0,0.525636434896757,0.9454866935941615,0.00012299566077311752
50,0.3473565378989428,0.9967721657081412,1.0,0.525636434896757,0.9451726681295709,0.00016477526537306275
50,0.34810647299642383,0.9991900172594428,1.0,0.525636434896757,0.9431430788150683,6.621471446366378e-06
50,0.3434602413263721,0.9987407606884954,1.0,0.525636434896757,0.9558949368916749,0.012406043365250197
50,0.3480033131815829,0.9987525320694179,1.0,0.525636434896757,0.9434798285509474,6.379403565937025e-05
51,0.3483676666830856,1.0,1.0,0.525636434896757,0.9425203806781492,9.105350523763711e-05
51,0.3483676666830856,1.0,1.0,0.525636434896757,0.9425203806781492,9.105350523763711e-05
51,0.3482883316772016,0.9998726274038504,1.0,0.525636434896757,0.9426439988377412,2.576356782435507e-05
51,0.34765895677540387,0.9976238760677404,1.0,0.525636434896757,0.944350488663273,5.248771142163378e-07
51,0.3483029544317488,1.0,1.0,0.525636434896757,0.9426044239458103,8.40432676610936e-05
51,0.34810647299642383,0.9991900172594428,1.0,0.525636434896757,0.9431430788150683,6.621471446366378e-06
51,0.3483704173220592,1.0,1.0,0.525636434896757,0.9425203806781492,9.849467331868311e-05
51,0.34812124242072223,0.999304290771149,1.0,0.525636434896757,0.9430964437484362,4.1277229455127795e-05
51,0.34815116269839996,0.9994393387611321,1.0,0.525636434896757,0.9430153935885743,6.409556023778684e-05
51,0.34721607200772087,0.9960705583945595,1.0,0.525636434896757,0.9455550367222382,4.3211718862012916e-06
51,0.34820939242726007,0.9994458158779819,1.0,0.525636434896757,0.9429463170353978,8.862031461642772e-05
51,0.34773510561761345,0.9979269655280644,1.0,0.525636434896757,0.9441436898817198,2.758565634464194e-05
51,0.34786102197626806,0.9983823317837488,1.0,0.525636434896757,0.9438019351934266,3.691824204765659e-05
51,0.3483716591756893,1.0,1.0,0.525636434896757,0.9425203806781492,0.00010185416025176863
51,0.3470882859472484,0.9956220410834271,1.0,0.525636434896757,0.9459031578131726,5.030521661342213e-06
51,0.34814756945505665,0.9994393387611321,1.0,0.525636434896757,0.9430251264836832,7.382845534664728e-05
51,0.3472149459985372,0.996038621116669,1.0,0.525636434896757,0.9455754431239503,1.7339990936227068e-05
51,0.3474606210692144,0.9969831769931881,1.0,0.525636434896757,0.9448895380091931,4.475185887087285e-05
51,0.34745672526939964,0.9968634814338313,1.0,0.525636434896757,0.9449372995008192,3.716707739020997e-05
51,0.347929436101211,0.9986378967328833,1.0,0.525636434896757,0.9436163533580588,4.823664789488369e-05
51,0.34762429388191435,0.9975975261231549,1.0,0.525636434896757,0.9444446533142691,7.435156777069185e-05
51,0.3483676666830856,0.996474876553312,1.0,0.525636434896757,0.945237807542517,0.0028084803696053484
51,0.347707654265084,0.9998726274038504,1.0,0.525636434896757,0.9442182295729719,0.001599994303055019
51,0.3474869707873689,0.9970651144254554,1.0,0.525636434896757,0.9448178876308044,3.641856168412616e-05
51,0.3479171139730173,0.9986113206985825,1.0,0.525636434896757,0.9436497732766871,6.118573256785886e-05
51,0.3480201435602877,0.9987604072812238,1.0,0.525636434896757,0.9434737640800002,0.0001033535016746745
51,0.34828473843385827,0.9998726274038504,1.0,0.525636434896757,0.9426537240679635,3.548879804671223e-05
51,0.3465070192127599,0.9936358848437978,1.0,0.525636434896757,0.9474899136582542,4.958342605032584e-05
51,0.3471501202167948,0.9956220410834271,1.0,0.525636434896757,0.9458981272915112,0.00016345344896218084
51,0.3482216266094993,0.9995012342901837,1.0,0.525636434896757,0.9429037021448268,7.913114620838879e-05
51,0.347466008829808,0.9970497606942986,1.0,0.525636434896757,0.9448748866807921,8.155382128438582e-05
51,0.3487522454139258,0.9979269655280644,1.0,0.525636434896757,0.9441161042253752,0.0027260198911192024
51,0.3484017050117924,1.0,1.0,0.525636434896757,0.9425203806781492,0.00018312744938808745
51,0.3483716591756893,0.9955717926847432,1.0,0.525636434896757,0.9459370681057588,0.003518541587861357
51,0.3470882859472484,0.9964635025551035,1.0,0.525636434896757,0.9459031578131726,0.0006565512306272447
51,0.3487983465184194,1.0,1.0,0.525636434896757,0.9425203806781492,0.0012547210235280826
51,0.3476959435881734,0.9978482654192607,1.0,0.525636434896757,0.9442500315965264,7.321713029273536e-05
51,0.3488984705923616,1.0,1.0,0.525636434896757,0.9425203806781492,0.001524837863181805
51,0.3476814910090347,0.9976703743470965,1.0,0.525636434896757,0.9443140771410714,2.4794538604266947e-05
51,0.34765728834970194,0.9973680765488124,1.0,0.525636434896757,0.9445474456936336,0.0001924250424657492
52,0.3483676666830856,1.0,1.0,0.525636434896757,0.9425203806781492,9.105350523763711e-05
52,0.3483676666830856,1.0,1.0,0.525636434896757,0.9425203806781492,9.105350523763711e-05
52,0.3482883316772016,0.9998726274038504,1.0,0.525636434896757,0.9426439988377412,2.576356782435507e-05
52,0.34765895677540387,0.9976238760677404,1.0,0.525636434896757,0.944350488663273,5.248771142163378e-07
52,0.3483029544317488,1.0,1.0,0.525636434896757,0.9426044239458103,8.40432676610936e-05
52,0.34810647299642383,0.9991900172594428,1.0,0.525636434896757,0.9431430788150683,6.621471446366378e-06
52,0.3483704173220592,1.0,1.0,0.525636434896757,0.9425203806781492,9.849467331868311e-05
52,0.34828473843385827,0.9998726274038504,1.0,0.525636434896757,0.9426537240679635,3.548879804671223e-05
52,0.34721607200772087,0.9960705583945595,1.0,0.525636434896757,0.9455550367222382,4.3211718862012916e-06
52,0.34773510561761345,0.9979269655280644,1.0,0.525636434896757,0.9441436898817198,2.758565634464194e-05
52,0.3476814910090347,0.9976703743470965,1.0,0.525636434896757,0.9443140771410714,2.4794538604266947e-05
52,0.3483716591756893,1.0,1.0,0.525636434896757,0.9425203806781492,0.00010185416025176863
52,0.34812124242072223,0.999304290771149,1.0,0.525636434896757,0.9430964437484362,4.1277229455127795e-05
52,0.34815116269839996,0.9994393387611321,1.0,0.525636434896757,0.9430153935885743,6.409556023778684e-05
52,0.34786102197626806,0.9983823317837488,1.0,0.525636434896757,0.9438019351934266,3.691824204765659e-05
52,0.3482216266094993,0.9995012342901837,1.0,0.525636434896757,0.9429037021448268,7.913114620838879e-05
52,0.3470882859472484,0.9956220410834271,1.0,0.525636434896757,0.9459031578131726,5.030521661342213e-06
52,0.3472149459985372,0.996038621116669,1.0,0.525636434896757,0.9455754431239503,1.7339990936227068e-05
52,0.3474869707873689,0.9970651144254554,1.0,0.525636434896757,0.9448178876308044,3.641856168412616e-05
52,0.3484017050117924,1.0,1.0,0.525636434896757,0.9425203806781492,0.00018312744938808745
52,0.3481952526171974,0.9995190783419894,1.0,0.525636434896757,0.9428959850909107,6.003414563915399e-06
52,0.3483768315121207,1.0,1.0,0.525636434896757,0.9425203806781492,0.00011584620915794375
52,0.3482883316772016,1.0,1.0,0.525636434896757,0.9426439988377412,0.00012361815959194278
52,0.3491875979062282,1.0,1.0,0.525636434896757,0.9425203806781492,0.0023039821240511404
52,0.3473064177776202,0.9962478075616907,1.0,0.525636434896757,0.9454135084428681,0.00010444154196398436
52,0.3478540629377457,0.998198348514118,1.0,0.525636434896757,0.9439068294427246,8.601290017662411e-05
52,0.3483160960069393,0.9998088858861301,1.0,0.525636434896757,0.9426672143491444,9.835380973022279e-05
52,0.3485937386692793,1.0,1.0,0.525636434896757,0.9425203806781492,0.0007022431096272985
52,0.34828966194988026,0.9998971538394644,1.0,0.525636434896757,0.9426403984622757,4.10076791305114e-05
52,0.3487865437842681,1.0,1.0,0.525636434896757,0.9425203806781492,0.001222869140154792
52,0.34776386609487886,0.9978614884609663,1.0,0.525636434896757,0.9441666133783957,0.00010100528060286162
52,0.34770584405389415,0.9977187041710402,1.0,0.525636434896757,0.9442767804836991,5.363516246148503e-05
52,0.34798625483451134,0.9988000574809963,1.0,0.525636434896757,0.9434622809341617,1.904886383119475e-05
52,0.34788274705788763,0.9985356392071028,1.0,0.525636434896757,0.9437429952943104,9.610627886558198e-05
52,0.3473719633329437,0.9966614488454363,1.0,0.525636434896757,0.9451306966980546,3.7194701223430826e-05
52,0.34664146255786316,0.9941338769022,1.0,0.525636434896757,0.9471224339224593,6.936148139780052e-05
52,0.34901184948231606,1.0,1.0,0.525636434896757,0.9425203806781492,0.0018305267099902878
52,0.34775256640748525,0.9980413528552693,1.0,0.525636434896757,0.9440962840647026,6.840257202200828e-05
52,0.3482315310352785,0.9995383736015504,1.0,0.525636434896757,0.9428751459110902,7.739079537505411e-05
52,0.3482765148820497,0.9997205391553535,1.0,0.525636434896757,0.9427351104390451,5.912830490739651e-05
53,0.3483676666830856,1.0,1.0,0.525636434896757,0.9425203806781492,9.105350523763711e-05
53,0.3483676666830856,1.0,1.0,0.525636434896757,0.9425203806781492,9.105350523763711e-05
53,0.3482883316772016,0.9998726274038504,1.0,0.525636434896757,0.9426439988377412,2.576356782435507e-05
53,0.34765895677540387,0.9976238760677404,1.0,0.525636434896757,0.944350488663273,5.248771142163378e-07
53,0.3483029544317488,1.0,1.0,0.525636434896757,0.9426044239458103,8.40432676610936e-05
53,0.3481952526171974,0.9995190783419894,1.0,0.525636434896757,0.9428959850909107,6.003414563915399e-06
53,0.34828966194988026,0.9998971538394644,1.0,0.525636434896757,0.9426403984622757,4.10076791305114e-05
53,0.3483704173220592,1.0,1.0,0.525636434896757,0.9425203806781492,9.849467331868311e-05
53,0.34828473843385827,0.9998726274038504,1.0,0.525636434896757,0.9426537240679635,3.548879804671223e-05
53,0.34721607200772087,0.9960705583945595,1.0,0.525636434896757,0.9455550367222382,4.3211718862012916e-06
53,0.34810647299642383,0.9991900172594428,1.0,0.525636434896757,0.9431430788150683,6.621471446366378e-06
53,0.3483716591756893,1.0,1.0,0.525636434896757,0.9425203806781492,0.00010185416025176863
53,0.34812124242072223,0.999304290771149,1.0,0.525636434896757,0.9430964437484362,4.1277229455127795e-05
53,0.3483160960069393,0.9998088858861301,1.0,0.525636434896757,0.9426672143491444,9.835380973022279e-05
53,0.3482765148820497,0.9997205391553535,1.0,0.525636434896757,0.9427351104390451,5.912830490739651e-05
53,0.3470882859472484,0.9956220410834271,1.0,0.525636434896757,0.9459031578131726,5.030521661342213e-06
53,0.3472149459985372,0.996038621116669,1.0,0.525636434896757,0.9455754431239503,1.7339990936227068e-05
53,0.34798625483451134,0.9988000574809963,1.0,0.525636434896757,0.9434622809341617,1.904886383119475e-05
53,0.3483768315121207,1.0,1.0,0.525636434896757,0.9425203806781492,0.00011584620915794375
53,0.3476814910090347,0.9976703743470965,1.0,0.525636434896757,0.9443140771410714,2.4794538604266947e-05
53,0.3473299719991863,1.0,1.0,0.525636434896757,0.9452449606591711,0.002724579981021824
53,0.3484844113682191,1.0,1.0,0.525636434896757,0.9425203806781492,0.0004067738392224962
53,0.3476589567754039,0.9976238760677404,1.0,0.525636434896757,0.9443504886632728,5.248771139942932e-07
53,0.34818146774506276,0.9993046525959774,1.0,0.525636434896757,0.9430548881937417,0.00012157285479230673
53,0.34857532511966177,1.0,1.0,0.525636434896757,0.9425203806781492,0.0006524914097584267
53,0.3481952526171974,0.9977164376122224,1.0,0.525636434896757,0.9442785295313445,0.0013825444404338416
53,0.34733398211423094,0.9964635025551035,1.0,0.525636434896757,0.9452466065825453,1.2559168901304929e-05
53,0.3478539109246344,0.9982090699335932,1.0,0.525636434896757,0.9438985640438384,7.73350490111957e-05
53,0.34852345501912246,1.0,1.0,0.525636434896757,0.9425203806781492,0.0005123149560151141
53,0.34836456508484936,1.0,1.0,0.525636434896757,0.9425203806781492,8.266276340129775e-05
53,0.3466225215675756,0.9940873786228439,1.0,0.525636434896757,0.94717418888832,8.497401822016304e-05
53,0.3477671531211251,0.9979748398683422,1.0,0.525636434896757,0.9440791780489959,2.2493072306395412e-05
53,0.34943982336338036,1.0,1.0,0.525636434896757,0.9425203806781492,0.0029826297606772023
53,0.34713462604428347,0.9959569908145488,1.0,0.525636434896757,0.945776886215055,0.00013823327468387436
53,0.3482765148820497,1.0,1.0,0.525636434896757,0.9426759821341377,0.0001556014559884744
53,0.3483796299167673,1.0,1.0,0.525636434896757,0.9425203806781492,0.0001234161960177449
53,0.3472149459985372,0.9998726274038504,1.0,0.525636434896757,0.945558103133014,0.0029398678630971897
53,0.34928112970947195,1.0,1.0,0.525636434896757,0.9425203806781492,0.0025557567762273248
53,0.3493221870499518,1.0,1.0,0.525636434896757,0.9425203806781492,0.002666234864716399
53,0.3480464846997911,0.9990944008493876,1.0,0.525636434896757,0.9432990136454175,8.236026411634345e-05
54,0.3482883316772016,0.9998726274038504,1.0,0.525636434896757,0.9426439988377412,2.576356782435507e-05
54,0.3481952526171974,0.9995190783419894,1.0,0.525636434896757,0.9428959850909107,6.003414563915399e-06
54,0.34828966194988026,0.9998971538394644,1.0,0.525636434896757,0.9426403984622757,4.10076791305114e-05
54,0.3476589567754039,0.9976238760677404,1.0,0.525636434896757,0.9443504886632728,5.248771139942932e-07
54,0.34836456508484936,1.0,1.0,0.525636434896757,0.9425203806781492,8.266276340129775e-05
54,0.34828473843385827,0.9998726274038504,1.0,0.525636434896757,0.9426537240679635,3.548879804671223e-05
54,0.34810647299642383,0.9991900172594428,1.0,0.525636434896757,0.9431430788150683,6.621471446366378e-06
54,0.34765895677540387,0.9976238760677404,1.0,0.525636434896757,0.944350488663273,5.248771142163378e-07
54,0.3483676666830856,1.0,1.0,0.525636434896757,0.9425203806781492,9.105350523763711e-05
54,0.3483676666830856,1.0,1.0,0.525636434896757,0.9425203806781492,9.105350523763711e-05
54,0.3483029544317488,1.0,1.0,0.525636434896757,0.9426044239458103,8.40432676610936e-05
54,0.34812124242072223,0.999304290771149,1.0,0.525636434896757,0.9430964437484362,4.1277229455127795e-05
54,0.3482765148820497,0.9997205391553535,1.0,0.525636434896757,0.9427351104390451,5.912830490739651e-05
54,0.34798625483451134,0.9988000574809963,1.0,0.525636434896757,0.9434622809341617,1.904886383119475e-05
54,0.34721607200772087,0.9960705583945595,1.0,0.525636434896757,0.9455550367222382,4.3211718862012916e-06
54,0.34733398211423094,0.9964635025551035,1.0,0.525636434896757,0.9452466065825453,1.2559168901304929e-05
54,0.3483704173220592,1.0,1.0,0.525636434896757,0.9425203806781492,9.849467331868311e-05
54,0.3483160960069393,0.9998088858861301,1.0,0.525636434896757,0.9426672143491444,9.835380973022279e-05
54,0.3470882859472484,0.9956220410834271,1.0,0.525636434896757,0.9459031578131726,5.030521661342213e-06
54,0.3483716591756893,1.0,1.0,0.525636434896757,0.9425203806781492,0.00010185416025176863
54,0.34825070220498794,0.9995190783419894,1.0,0.525636434896757,0.9428899816763467,0.00014412749176728745
54,0.3472568711148501,0.9963488672185689,1.0,0.525636434896757,0.945443943740824,0.00010864288689682589
54,0.34827013020029374,0.9997205391553535,1.0,0.525636434896757,0.9427351104390451,4.184664447848263e-05
54,0.34821453417397347,0.9997800658593684,1.0,0.525636434896757,0.9428437744545529,0.00015441270272320562
54,0.34804575639514446,0.9991900172594428,1.0,0.525636434896757,0.9433009875498257,0.00015790873475740597
54,0.3471282788147987,0.9956535198145463,1.0,0.525636434896757,0.9458737343390131,7.955462386821655e-05
54,0.3474378302251196,0.9968665607432317,1.0,0.525636434896757,0.9449515198321616,1.660062478947566e-05
54,0.34821883974581697,0.9994664232385161,1.0,0.525636434896757,0.9429304701179937,9.835350940745613e-05
54,0.34741862017748265,0.9967541074864447,1.0,0.525636434896757,0.945021854648759,1.8084987129185492e-05
54,0.3483187774994777,0.9998279972975171,1.0,0.525636434896757,0.9426525284560316,9.09241758905166e-05
54,0.3483029544317488,0.9999426326340518,1.0,0.525636434896757,0.9426044239458103,3.997360638996472e-05
54,0.34784705477982136,0.9982709948426342,1.0,0.525636434896757,0.9438508281234095,1.0996196873946928e-05
54,0.3483073855961686,1.0,1.0,0.525636434896757,0.942592432138154,7.205146000477392e-05
54,0.347314715098526,0.9962986770469917,1.0,0.525636434896757,0.9453741398131268,8.765627054196923e-05
54,0.3489247094283812,1.0,1.0,0.525636434896757,0.9425203806781492,0.001595599913002732
54,0.3470793588846935,0.9964635025551035,1.0,0.525636434896757,0.9459274869368159,0.0006808803542706077
54,0.3473265318936779,0.9964507652954886,1.0,0.525636434896757,0.9452564604938136,2.137629086629289e-06
54,0.3483602654864579,0.9998631205763528,1.0,0.525636434896757,0.9426255399343928,0.00017619008544955683
54,0.3482460022236562,0.9956220410834271,1.0,0.525636434896757,0.9458981272915112,0.0031395496646690058
54,0.3483716591756893,0.997976123797501,1.0,0.525636434896757,0.9440781877845044,0.0016596612666068822
55,0.3482883316772016,0.9998726274038504,1.0,0.525636434896757,0.9426439988377412,2.576356782435507e-05
55,0.3481952526171974,0.9995190783419894,1.0,0.525636434896757,0.9428959850909107,6.003414563915399e-06
55,0.3476589567754039,0.9976238760677404,1.0,0.525636434896757,0.9443504886632728,5.248771139942932e-07
55,0.34836456508484936,1.0,1.0,0.525636434896757,0.9425203806781492,8.266276340129775e-05
55,0.3483029544317488,0.9999426326340518,1.0,0.525636434896757,0.9426044239458103,3.997360638996472e-05
55,0.3483073855961686,1.0,1.0,0.525636434896757,0.942592432138154,7.205146000477392e-05
55,0.34828473843385827,0.9998726274038504,1.0,0.525636434896757,0.9426537240679635,3.548879804671223e-05
55,0.34810647299642383,0.9991900172594428,1.0,0.525636434896757,0.9431430788150683,6.621471446366378e-06
55,0.34765895677540387,0.9976238760677404,1.0,0.525636434896757,0.944350488663273,5.248771142163378e-07
55,0.3483676666830856,1.0,1.0,0.525636434896757,0.9425203806781492,9.105350523763711e-05
55,0.3483676666830856,1.0,1.0,0.525636434896757,0.9425203806781492,9.105350523763711e-05
55,0.34828966194988026,0.9998971538394644,1.0,0.525636434896757,0.9426403984622757,4.10076791305114e-05
55,0.3483029544317488,1.0,1.0,0.525636434896757,0.9426044239458103,8.40432676610936e-05
55,0.34798625483451134,0.9988000574809963,1.0,0.525636434896757,0.9434622809341617,1.904886383119475e-05
55,0.34784705477982136,0.9982709948426342,1.0,0.525636434896757,0.9438508281234095,1.0996196873946928e-05
55,0.3473265318936779,0.9964507652954886,1.0,0.525636434896757,0.9452564604938136,2.137629086629289e-06
55,0.3483704173220592,1.0,1.0,0.525636434896757,0.9425203806781492,9.849467331868311e-05
55,0.34812124242072223,0.999304290771149,1.0,0.525636434896757,0.9430964437484362,4.1277229455127795e-05
55,0.34827013020029374,0.9997205391553535,1.0,0.525636434896757,0.9427351104390451,4.184664447848263e-05
55,0.3483187774994777,0.9998279972975171,1.0,0.525636434896757,0.9426525284560316,9.09241758905166e-05
55,0.3482558894393377,0.9998237109582347,1.0,0.525636434896757,0.9427318120856166,7.598990177559717e-05
55,0.3481837437450791,0.9992710155334985,1.0,0.525636434896757,0.9430807635745342,0.0001536119818064119
55,0.34830239617026065,0.99969111787387,1.0,0.525636434896757,0.9427577238994407,0.0001517891407484262
55,0.34790378333312294,0.9982709948426342,1.0,0.525636434896757,0.9438508281234095,0.00016489698963551014
55,0.3487949677697499,1.0,1.0,0.525636434896757,0.9425203806781492,0.0012456030591652123
55,0.3489204734044601,1.0,1.0,0.525636434896757,0.9425203806781492,0.0015841767373174775
55,0.34828473843385827,0.9978602923680208,1.0,0.525636434896757,0.9441675361087636,0.0015138120408000333
55,0.34843702649888686,1.0,1.0,0.525636434896757,0.9425203806781492,0.0002786533278157366
55,0.3482116470152989,0.999633713678524,1.0,0.525636434896757,0.9428515919402622,4.97428300003655e-05
55,0.34696827449555756,0.9951283142379272,1.0,0.525636434896757,0.9462809194599546,5.058703415794508e-05
55,0.34771830102224033,0.9978487512013514,1.0,0.525636434896757,0.9441893186351973,1.2878936671567587e-05
55,0.34828966194988026,0.9994884970305687,1.0,0.525636434896757,0.9429134962497829,0.00027309778750728153
55,0.3482676546252175,0.9997205391553535,1.0,0.525636434896757,0.9427351104390451,3.514574099050538e-05
55,0.34827260577536995,0.9997205391553535,1.0,0.525636434896757,0.9427351104390451,4.854745270455041e-05
55,0.3479479744608954,0.9987038243348437,1.0,0.525636434896757,0.9435660783152467,4.873923327408658e-05
55,0.3482617456049143,0.9997878302018173,1.0,0.525636434896757,0.9427159596595616,3.2564718301708595e-05
55,0.3480700259885151,0.9991182516366712,1.0,0.525636434896757,0.9432352147753296,3.69153290271651e-05
55,0.34837332307330166,1.0,1.0,0.525636434896757,0.9425203806781492,0.00010635533134539799
55,0.348105275751013,0.9997205391553535,1.0,0.525636434896757,0.9431397010916222,0.0004045906525770304
55,0.3482290773513769,0.9998853646634653,1.0,0.525636434896757,0.9428043982360574,0.0001959495472054762
56,0.3482883316772016,0.9998726274038504,1.0,0.525636434896757,0.9426439988377412,2.576356782435507e-05
56,0.3481952526171974,0.9995190783419894,1.0,0.525636434896757,0.9428959850909107,6.003414563915399e-06
56,0.3476589567754039,0.9976238760677404,1.0,0.525636434896757,0.9443504886632728,5.248771139942932e-07
56,0.34836456508484936,1.0,1.0,0.525636434896757,0.9425203806781492,8.266276340129775e-05
56,0.3483029544317488,0.9999426326340518,1.0,0.525636434896757,0.9426044239458103,3.997360638996472e-05
56,0.3483073855961686,1.0,1.0,0.525636434896757,0.942592432138154,7.205146000477392e-05
56,0.34828473843385827,0.9998726274038504,1.0,0.525636434896757,0.9426537240679635,3.548879804671223e-05
56,0.3482617456049143,0.9997878302018173,1.0,0.525636434896757,0.9427159596595616,3.2564718301708595e-05
56,0.34810647299642383,0.9991900172594428,1.0,0.525636434896757,0.9431430788150683,6.621471446366378e-06
56,0.34765895677540387,0.9976238760677404,1.0,0.525636434896757,0.944350488663273,5.248771142163378e-07
56,0.3483676666830856,1.0,1.0,0.525636434896757,0.9425203806781492,9.105350523763711e-05
56,0.3483676666830856,1.0,1.0,0.525636434896757,0.9425203806781492,9.105350523763711e-05
56,0.34828966194988026,0.9998971538394644,1.0,0.525636434896757,0.9426403984622757,4.10076791305114e-05
56,0.3483029544317488,1.0,1.0,0.525636434896757,0.9426044239458103,8.40432676610936e-05
56,0.3473265318936779,0.9964507652954886,1.0,0.525636434896757,0.9452564604938136,2.137629086629289e-06
56,0.3483704173220592,1.0,1.0,0.525636434896757,0.9425203806781492,9.849467331868311e-05
56,0.3482676546252175,0.9997205391553535,1.0,0.525636434896757,0.9427351104390451,3.514574099050538e-05
56,0.34784705477982136,0.9982709948426342,1.0,0.525636434896757,0.9438508281234095,1.0996196873946928e-05
56,0.34798625483451134,0.9988000574809963,1.0,0.525636434896757,0.9434622809341617,1.904886383119475e-05
56,0.3482558894393377,0.9998237109582347,1.0,0.525636434896757,0.9427318120856166,7.598990177559717e-05
56,0.34892997644187007,1.0,1.0,0.525636434896757,0.9425203806781492,0.001609802944650074
56,0.3475228727447366,0.9969966415843042,1.0,0.525636434896757,0.9448343806843826,0.00011410047480042707
56,0.3482763684435199,0.9997800658593684,1.0,0.525636434896757,0.9426893617518297,1.298325406517975e-05
56,0.3481108259734234,0.9993462412519151,1.0,0.525636434896757,0.9431246638256151,0.0001017653843874422
56,0.348522839342385,1.0,1.0,0.525636434896757,0.9425203806781492,0.0005106508686572031
56,0.3477724193555167,0.9981563595060995,1.0,0.525636434896757,0.9440423893526231,0.00010318786922147716
56,0.34891239314968164,1.0,1.0,0.525636434896757,0.9425203806781492,0.0015623861549661777
56,0.3484802822547111,1.0,1.0,0.525636434896757,0.9425203806781492,0.00039561081449190905
56,0.347653689761915,0.9976238760677404,1.0,0.525636434896757,0.9443647957363579,1.4831950199134525e-05
56,0.348696869720382,1.0,1.0,0.525636434896757,0.9425203806781492,0.0009807964969128502
56,0.3481961961729443,1.0,1.0,0.525636434896757,0.9428934299942937,0.00037304931614445813
56,0.3482094135990144,0.9996689085260002,1.0,0.525636434896757,0.9428576393933494,8.284430862426362e-05
56,0.3482023549123757,0.9997839724964631,1.0,0.525636434896757,0.9428767528097532,0.00019039327654102323
56,0.34762975876132646,0.9975798512666862,1.0,0.525636434896757,0.9444298062650828,4.586174249754382e-05
56,0.34821612836697524,0.9997579920673157,1.0,0.525636434896757,0.9428394579544823,0.00013313223338684566
56,0.34817885821909594,0.9994560736348082,1.0,0.525636434896757,0.9429403824221632,1.953612343452704e-06
56,0.3482355416102766,0.999907438455518,1.0,0.525636434896757,0.9427868970594795,0.00019540801823136889
56,0.34784705477982136,0.9978148288861048,1.0,0.525636434896757,0.9442026107216821,0.00036277879514656775
56,0.34836456508484936,1.0,1.0,0.525636434896757,0.9425203806781492,8.266276340129775e-05
56,0.34789243317034607,0.9984509962428681,1.0,0.525636434896757,0.9437167193541449,4.614898917232324e-06
57,0.3482883316772016,0.9998726274038504,1.0,0.525636434896757,0.9426439988377412,2.576356782435507e-05
57,0.3481952526171974,0.9995190783419894,1.0,0.525636434896757,0.9428959850909107,6.003414563915399e-06
57,0.3476589567754039,0.9976238760677404,1.0,0.525636434896757,0.9443504886632728,5.248771139942932e-07
57,0.34836456508484936,1.0,1.0,0.525636434896757,0.9425203806781492,8.266276340129775e-05
57,0.3483029544317488,0.9999426326340518,1.0,0.525636434896757,0.9426044239458103,3.997360638996472e-05
57,0.3483073855961686,1.0,1.0,0.525636434896757,0.942592432138154,7.205146000477392e-05
57,0.3482763684435199,0.9997800658593684,1.0,0.525636434896757,0.9426893617518297,1.298325406517975e-05
57,0.34817885821909594,0.9994560736348082,1.0,0.525636434896757,0.9429403824221632,1.953612343452704e-06
57,0.34836456508484936,1.0,1.0,0.525636434896757,0.9425203806781492,8.266276340129775e-05
57,0.34828473843385827,0.9998726274038504,1.0,0.525636434896757,0.9426537240679635,3.548879804671223e-05
57,0.34765895677540387,0.9976238760677404,1.0,0.525636434896757,0.944350488663273,5.248771142163378e-07
57,0.34828966194988026,0.9998971538394644,1.0,0.525636434896757,0.9426403984622757,4.10076791305114e-05
57,0.3482617456049143,0.9997878302018173,1.0,0.525636434896757,0.9427159596595616,3.2564718301708595e-05
57,0.34810647299642383,0.9991900172594428,1.0,0.525636434896757,0.9431430788150683,6.621471446366378e-06
57,0.34789243317034607,0.9984509962428681,1.0,0.525636434896757,0.9437167193541449,4.614898917232324e-06
57,0.3483676666830856,1.0,1.0,0.525636434896757,0.9425203806781492,9.105350523763711e-05
57,0.3483676666830856,1.0,1.0,0.525636434896757,0.9425203806781492,9.105350523763711e-05
57,0.3483029544317488,1.0,1.0,0.525636434896757,0.9426044239458103,8.40432676610936e-05
57,0.3473265318936779,0.9964507652954886,1.0,0.525636434896757,0.9452564604938136,2.137629086629289e-06
57,0.3483704173220592,1.0,1.0,0.525636434896757,0.9425203806781492,9.849467331868311e-05
57,0.34845533565263553,0.9998726274038504,1.0,0.525636434896757,0.9426182352699168,0.00042601684322385314
57,0.3481952526171974,0.998351022189639,1.0,0.525636434896757,0.9437891463874297,0.0008931612965190627
57,0.3478118626777903,0.9981549198076735,1.0,0.525636434896757,0.9439403114882812,4.9804970647659985e-06
57,0.34775588840850014,0.99805670555995,1.0,0.525636434896757,0.9440872654142373,7.122335801124091e-05
57,0.34778408074439743,0.9999426326340518,1.0,0.525636434896757,0.9440107350993091,0.0014462847598887274
57,0.34766790695324784,0.9978041210950181,1.0,0.525636434896757,0.9443261778061958,0.00011530566777850915
57,0.3482763684435199,0.9977418802072656,1.0,0.525636434896757,0.9442588965631078,0.0015825180653432636
57,0.3482592700298381,0.9997878302018173,1.0,0.525636434896757,0.9427226608857106,3.926594445069487e-05
57,0.3475472701840163,0.9971343423390677,1.0,0.525636434896757,0.944727981367619,7.401949106300432e-05
57,0.34870128716657284,1.0,1.0,0.525636434896757,0.9425203806781492,0.0009927241857135005
57,0.3475827164336818,0.9972385182581492,1.0,0.525636434896757,0.9446475057145427,8.987900800727644e-05
57,0.3477303582806995,0.9998971538394644,1.0,0.525636434896757,0.9441565796627569,0.0015571888796117594
57,0.34810749341521585,0.9992274853398851,1.0,0.525636434896757,0.9431336926971263,1.944084394844836e-05
57,0.3490048795768391,1.0,1.0,0.525636434896757,0.9425203806781492,0.0018117403842677904
57,0.3485043104324908,1.0,1.0,0.525636434896757,0.9425203806781492,0.0004605670882548152
57,0.34822792133544417,0.999461968351863,1.0,0.525636434896757,0.942933895839585,0.00012636776575192243
57,0.34826453704332694,0.9997878302018173,1.0,0.525636434896757,0.9427084035254895,2.500858422960217e-05
57,0.34824746828597897,0.9995707089713428,1.0,0.525636434896757,0.942850285132445,9.567635807694597e-05
57,0.3475472701840163,0.9971859729684212,1.0,0.525636434896757,0.9446880947259186,3.4132849362600304e-05
57,0.34884134349562473,1.0,1.0,0.525636434896757,0.9425203806781492,0.001370738172157271
58,0.3482883316772016,0.9998726274038504,1.0,0.525636434896757,0.9426439988377412,2.576356782435507e-05
58,0.3481952526171974,0.9995190783419894,1.0,0.525636434896757,0.9428959850909107,6.003414563915399e-06
58,0.3476589567754039,0.9976238760677404,1.0,0.525636434896757,0.9443504886632728,5.248771139942932e-07
58,0.34836456508484936,1.0,1.0,0.525636434896757,0.9425203806781492,8.266276340129775e-05
58,0.3483029544317488,0.9999426326340518,1.0,0.525636434896757,0.9426044239458103,3.997360638996472e-05
58,0.3483073855961686,1.0,1.0,0.525636434896757,0.942592432138154,7.205146000477392e-05
58,0.3482763684435199,0.9997800658593684,1.0,0.525636434896757,0.9426893617518297,1.298325406517975e-05
58,0.34817885821909594,0.9994560736348082,1.0,0.525636434896757,0.9429403824221632,1.953612343452704e-06
58,0.34836456508484936,1.0,1.0,0.525636434896757,0.9425203806781492,8.266276340129775e-05
58,0.34828473843385827,0.9998726274038504,1.0,0.525636434896757,0.9426537240679635,3.548879804671223e-05
58,0.34765895677540387,0.9976238760677404,1.0,0.525636434896757,0.944350488663273,5.248771142163378e-07
58,0.34828966194988026,0.9998971538394644,1.0,0.525636434896757,0.9426403984622757,4.10076791305114e-05
58,0.34826453704332694,0.9997878302018173,1.0,0.525636434896757,0.9427084035254895,2.500858422960217e-05
58,0.34810647299642383,0.9991900172594428,1.0,0.525636434896757,0.9431430788150683,6.621471446366378e-06
58,0.34789243317034607,0.9984509962428681,1.0,0.525636434896757,0.9437167193541449,4.614898917232324e-06
58,0.34810749341521585,0.9992274853398851,1.0,0.525636434896757,0.9431336926971263,1.944084394844836e-05
58,0.3483676666830856,1.0,1.0,0.525636434896757,0.9425203806781492,9.105350523763711e-05
58,0.3483676666830856,1.0,1.0,0.525636434896757,0.9425203806781492,9.105350523763711e-05
58,0.3483029544317488,1.0,1.0,0.525636434896757,0.9426044239458103,8.40432676610936e-05
58,0.3473265318936779,0.9964507652954886,1.0,0.525636434896757,0.9452564604938136,2.137629086629289e-06
58,0.34851889437494105,1.0,1.0,0.525636434896757,0.9425203806781492,0.0004999880387065447
58,0.3492253529876685,1.0,1.0,0.525636434896757,0.9425203806781492,0.0024056298031029932
58,0.3482638266185105,0.9997963415825357,1.0,0.525636434896757,0.9427103265602447,3.347241365292408e-05
58,0.34896740241271107,1.0,1.0,0.525636434896757,0.9425203806781492,0.001710713492460103
58,0.3480732296550858,0.9993047368058966,1.0,0.525636434896757,0.9432265332369069,0.00017170981963599008
58,0.3484056553899772,1.0,1.0,0.525636434896757,0.9425203806781492,0.0001938120879970695
58,0.3482763684435199,0.9944295648336802,1.0,0.525636434896757,0.9468233176449425,0.004146939147178008
58,0.3480510234086333,0.9991383866300894,1.0,0.525636434896757,0.9432867126916095,0.00010390707730356663
58,0.3482417927939402,0.999589113041004,1.0,0.525636434896757,0.9428361360356474,6.616266009729088e-05
58,0.34828473843385827,0.9994689562600669,1.0,0.525636434896757,0.942928522287078,0.00027479821911446933
58,0.34846464139671574,1.0,1.0,0.525636434896757,0.9425203806781492,0.00035332348330674446
58,0.34875092311850175,0.9998971538394644,1.0,0.525636434896757,0.9425993907831451,0.001205737151391495
58,0.34805204382742533,0.9991758547105318,1.0,0.525636434896757,0.9432839471641482,0.0001299714910293348
58,0.34822659143243256,0.999669826062292,1.0,0.525636434896757,0.9428111287252428,3.703891857198549e-05
58,0.34818584997362034,0.9993879579860112,1.0,0.525636434896757,0.942990812846501,6.936516182531882e-05
58,0.3487584561098064,1.0,1.0,0.525636434896757,0.9425203806781492,0.0011470606327573796
58,0.3483676666830856,0.9999483693706466,1.0,0.525636434896757,0.942560043145747,0.0001307159728354268
58,0.3476580383984911,0.9975901547953423,1.0,0.525636434896757,0.9443759914298238,2.3008160966897506e-05
58,0.348202785608502,0.9996023837320233,1.0,0.525636434896757,0.942875586554397,4.9652737355465604e-05
58,0.34845241638566743,1.0,1.0,0.525636434896757,0.9425203806781492,0.0003202687472542154
59,0.3482883316772016,0.9998726274038504,1.0,0.525636434896757,0.9426439988377412,2.576356782435507e-05
59,0.3481952526171974,0.9995190783419894,1.0,0.525636434896757,0.9428959850909107,6.003414563915399e-06
59,0.3476589567754039,0.9976238760677404,1.0,0.525636434896757,0.9443504886632728,5.248771139942932e-07
59,0.34836456508484936,1.0,1.0,0.525636434896757,0.9425203806781492,8.266276340129775e-05
59,0.3483029544317488,0.9999426326340518,1.0,0.525636434896757,0.9426044239458103,3.997360638996472e-05
59,0.3483073855961686,1.0,1.0,0.525636434896757,0.942592432138154,7.205146000477392e-05
59,0.3482763684435199,0.9997800658593684,1.0,0.525636434896757,0.9426893617518297,1.298325406517975e-05
59,0.34817885821909594,0.9994560736348082,1.0,0.525636434896757,0.9429403824221632,1.953612343452704e-06
59,0.34836456508484936,1.0,1.0,0.525636434896757,0.9425203806781492,8.266276340129775e-05
59,0.34828473843385827,0.9998726274038504,1.0,0.525636434896757,0.9426537240679635,3.548879804671223e-05
59,0.34765895677540387,0.9976238760677404,1.0,0.525636434896757,0.944350488663273,5.248771142163378e-07
59,0.34828966194988026,0.9998971538394644,1.0,0.525636434896757,0.9426403984622757,4.10076791305114e-05
59,0.34826453704332694,0.9997878302018173,1.0,0.525636434896757,0.9427084035254895,2.500858422960217e-05
59,0.34810647299642383,0.9991900172594428,1.0,0.525636434896757,0.9431430788150683,6.621471446366378e-06
59,0.34789243317034607,0.9984509962428681,1.0,0.525636434896757,0.9437167193541449,4.614898917232324e-06
59,0.34810749341521585,0.9992274853398851,1.0,0.525636434896757,0.9431336926971263,1.944084394844836e-05
59,0.3483676666830856,1.0,1.0,0.525636434896757,0.9425203806781492,9.105350523763711e-05
59,0.3483676666830856,1.0,1.0,0.525636434896757,0.9425203806781492,9.105350523763711e-05
59,0.3483029544317488,1.0,1.0,0.525636434896757,0.9426044239458103,8.40432676610936e-05
59,0.3473265318936779,0.9964507652954886,1.0,0.525636434896757,0.9452564604938136,2.137629086629289e-06
59,0.34830911549705884,0.9999483693706466,1.0,0.525636434896757,0.9425877506888026,2.7707543055588424e-05
59,0.34852134266156626,1.0,1.0,0.525636434896757,0.9425203806781492,0.0005066055270467329
59,0.3483505181560153,0.9998853646634653,1.0,0.525636434896757,0.942608448688852,0.00013272780058715128
59,0.34823142092367715,0.9998971538394644,1.0,0.525636434896757,0.942798053230601,0.00019866244745581074
59,0.34836034446966896,1.0,1.0,0.525636434896757,0.9425203806781492,7.124450931317305e-05
59,0.3481350291782199,1.0,1.0,0.525636434896757,0.9430590954759562,0.0005387147978069828
59,0.34732374045526526,0.9964507652954886,1.0,0.525636434896757,0.945261919866923,5.4593731093621756e-06
59,0.34838051636650885,1.0,1.0,0.525636434896757,0.9425203806781492,0.00012581411296197498
59,0.3470914575756823,0.9957217808289871,1.0,0.525636434896757,0.9458945144044197,7.367040864947327e-05
59,0.3485324121382688,1.0,1.0,0.525636434896757,0.9425203806781492,0.0005365241203952875
59,0.3485523154023362,1.0,1.0,0.525636434896757,0.9425203806781492,0.0005903139033405225
59,0.3481952526171974,0.9995190783419894,1.0,0.525636434896757,0.9428959850909107,6.003414563915399e-06
59,0.34884400310054864,1.0,1.0,0.525636434896757,0.9425203806781492,0.001377913546232512
59,0.3482868705114676,0.9998971538394644,1.0,0.525636434896757,0.9426479535062144,4.856272306930087e-05
59,0.34767933922148314,0.997738511404275,1.0,0.525636434896757,0.9442951268091494,3.363074159901114e-05
59,0.3482181595878114,0.9996279203587621,1.0,0.525636434896757,0.9428339581978099,2.765562181095138e-05
59,0.34843476934473416,1.0,1.0,0.525636434896757,0.9425203806781492,0.0002725495029143321
59,0.34801579417503536,0.9989113535146413,1.0,0.525636434896757,0.9433822005068522,2.465723775801898e-05
59,0.3481760667806833,0.9994560736348082,1.0,0.525636434896757,0.94294794227549,9.513465670241139e-06
59,0.34839071363373036,1.0,1.0,0.525636434896757,0.9425203806781492,0.00015339765299249297
60,0.3482883316772016,0.9998726274038504,1.0,0.525636434896757,0.9426439988377412,2.576356782435507e-05
60,0.3481952526171974,0.9995190783419894,1.0,0.525636434896757,0.9428959850909107,6.003414563915399e-06
60,0.3476589567754039,0.9976238760677404,1.0,0.525636434896757,0.9443504886632728,5.248771139942932e-07
60,0.3482763684435199,0.9997800658593684,1.0,0.525636434896757,0.9426893617518297,1.298325406517975e-05
60,0.34817885821909594,0.9994560736348082,1.0,0.525636434896757,0.9429403824221632,1.953612343452704e-06
60,0.34830911549705884,0.9999483693706466,1.0,0.525636434896757,0.9425877506888026,2.7707543055588424e-05
60,0.34836034446966896,1.0,1.0,0.525636434896757,0.9425203806781492,7.124450931317305e-05
60,0.3481952526171974,0.9995190783419894,1.0,0.525636434896757,0.9428959850909107,6.003414563915399e-06
60,0.34765895677540387,0.9976238760677404,1.0,0.525636434896757,0.944350488663273,5.248771142163378e-07
60,0.34826453704332694,0.9997878302018173,1.0,0.525636434896757,0.9427084035254895,2.500858422960217e-05
60,0.34789243317034607,0.9984509962428681,1.0,0.525636434896757,0.9437167193541449,4.614898917232324e-06
60,0.3483029544317488,0.9999426326340518,1.0,0.525636434896757,0.9426044239458103,3.997360638996472e-05
60,0.34828473843385827,0.9998726274038504,1.0,0.525636434896757,0.9426537240679635,3.548879804671223e-05
60,0.34836456508484936,1.0,1.0,0.525636434896757,0.9425203806781492,8.266276340129775e-05
60,0.3483073855961686,1.0,1.0,0.525636434896757,0.942592432138154,7.205146000477392e-05
60,0.34836456508484936,1.0,1.0,0.525636434896757,0.9425203806781492,8.266276340129775e-05
60,0.34810647299642383,0.9991900172594428,1.0,0.525636434896757,0.9431430788150683,6.621471446366378e-06
60,0.3481760667806833,0.9994560736348082,1.0,0.525636434896757,0.94294794227549,9.513465670241139e-06
60,0.3473265318936779,0.9964507652954886,1.0,0.525636434896757,0.9452564604938136,2.137629086629289e-06
60,0.3483676666830856,1.0,1.0,0.525636434896757,0.9425203806781492,9.105350523763711e-05
60,0.348863056097473,1.0,1.0,0.525636434896757,0.9425203806781492,0.0014293136132984552
60,0.3481952526171974,0.9995190783419894,1.0,0.525636434896757,0.9428959850909107,6.003414563915399e-06
60,0.34786451773296223,0.9982530555162997,1.0,0.525636434896757,0.9438646563636883,7.22056153696915e-05
60,0.3479629697376144,0.9987900938754879,1.0,0.525636434896757,0.9435254158435562,7.451168431793498e-05
60,0.34826833559698933,0.9997878302018173,1.0,0.525636434896757,0.9426981214295236,1.4726488263727688e-05
60,0.34760543860369725,0.9975346732324413,1.0,0.525636434896757,0.94449588314174,7.706463634771232e-05
60,0.3477298536124459,0.9978701005316284,1.0,0.525636434896757,0.9441599696296361,2.019690942711705e-06
60,0.3485380287497444,1.0,1.0,0.525636434896757,0.9425203806781492,0.0005517039770737142
60,0.34881010714393446,1.0,1.0,0.525636434896757,0.9425203806781492,0.0012864571248477619
60,0.348322474518869,0.9998265334257865,1.0,0.525636434896757,0.9426536533276526,0.00010205319244449562
60,0.34829011834330587,0.9999432957635369,1.0,0.525636434896757,0.9426391632423924,7.522234851686793e-05
60,0.34831343955113414,1.0,1.0,0.525636434896757,0.9425760491581404,5.566847999116664e-05
60,0.34834585964697784,0.9999318322298835,1.0,0.525636434896757,0.9425727477850752,8.442295297361735e-05
60,0.3487443119133373,1.0,1.0,0.525636434896757,0.9425203806781492,0.0011088808870342026
60,0.34836034446966896,1.0,1.0,0.525636434896757,0.9425203806781492,7.124450931317305e-05
60,0.34836456508484936,1.0,1.0,0.525636434896757,0.9425203806781492,8.266276340129775e-05
60,0.34771041831521665,0.9976238760677404,1.0,0.525636434896757,0.9443499637861588,0.0001392400754727241
60,0.34881669713600943,1.0,1.0,0.525636434896757,0.9425203806781492,0.0013042393128280816
60,0.3482017651897099,0.9995649156515808,1.0,0.525636434896757,0.9428783496879032,2.3610528282258514e-05
60,0.3482798072346742,0.9996818058443251,1.0,0.525636434896757,0.9427648814860461,9.781064010383478e-05
61,0.3482883316772016,0.9998726274038504,1.0,0.525636434896757,0.9426439988377412,2.576356782435507e-05
61,0.3481952526171974,0.9995190783419894,1.0,0.525636434896757,0.9428959850909107,6.003414563915399e-06
61,0.3476589567754039,0.9976238760677404,1.0,0.525636434896757,0.9443504886632728,5.248771139942932e-07
61,0.3482763684435199,0.9997800658593684,1.0,0.525636434896757,0.9426893617518297,1.298325406517975e-05
61,0.34817885821909594,0.9994560736348082,1.0,0.525636434896757,0.9429403824221632,1.953612343452704e-06
61,0.34830911549705884,0.9999483693706466,1.0,0.525636434896757,0.9425877506888026,2.7707543055588424e-05
61,0.34836034446966896,1.0,1.0,0.525636434896757,0.9425203806781492,7.124450931317305e-05
61,0.3481952526171974,0.9995190783419894,1.0,0.525636434896757,0.9428959850909107,6.003414563915399e-06
61,0.3481952526171974,0.9995190783419894,1.0,0.525636434896757,0.9428959850909107,6.003414563915399e-06
61,0.34831343955113414,1.0,1.0,0.525636434896757,0.9425760491581404,5.566847999116664e-05
61,0.34836034446966896,1.0,1.0,0.525636434896757,0.9425203806781492,7.124450931317305e-05
61,0.34765895677540387,0.9976238760677404,1.0,0.525636434896757,0.944350488663273,5.248771142163378e-07
61,0.34836456508484936,1.0,1.0,0.525636434896757,0.9425203806781492,8.266276340129775e-05
61,0.34836456508484936,1.0,1.0,0.525636434896757,0.9425203806781492,8.266276340129775e-05
61,0.34789243317034607,0.9984509962428681,1.0,0.525636434896757,0.9437167193541449,4.614898917232324e-06
61,0.3483073855961686,1.0,1.0,0.525636434896757,0.942592432138154,7.205146000477392e-05
61,0.34810647299642383,0.9991900172594428,1.0,0.525636434896757,0.9431430788150683,6.621471446366378e-06
61,0.3483029544317488,0.9999426326340518,1.0,0.525636434896757,0.9426044239458103,3.997360638996472e-05
61,0.34826833559698933,0.9997878302018173,1.0,0.525636434896757,0.9426981214295236,1.4726488263727688e-05
61,0.3477298536124459,0.9978701005316284,1.0,0.525636434896757,0.9441599696296361,2.019690942711705e-06
61,0.34807855755904,0.9989920765328744,1.0,0.525636434896757,0.9432954051237268,8.33094907819465e-05
61,0.3476627553290662,0.9995190783419894,1.0,0.525636434896757,0.9443401707159463,0.001450189039599592
61,0.348436914344426,0.9976238760677404,1.0,0.525636434896757,0.9443499637861588,0.0021079331481760333
61,0.3482034046295201,0.9997800658593684,1.0,0.525636434896757,0.9428739103507869,0.00018454859895722375
61,0.34785144972046694,0.9983859624779498,1.0,0.525636434896757,0.9438279069509988,6.568797704764595e-05
61,0.3485243999649524,1.0,1.0,0.525636434896757,0.9425203806781492,0.0005148689998382139
61,0.3481158756400009,0.999321137615421,1.0,0.525636434896757,0.9431109831364742,6.877544244432432e-05
61,0.3471391779900535,0.9957069665462059,1.0,0.525636434896757,0.9458323218568863,6.783736816229347e-05
61,0.3484303397666621,1.0,1.0,0.525636434896757,0.9425203806781492,0.0002605707518037459
61,0.3480950870650922,0.9991378794791332,1.0,0.525636434896757,0.9431831958581558,1.588922275164162e-05
61,0.34836034446966896,0.9990387261107909,1.0,0.525636434896757,0.9432595002635664,0.0008103640947303425
61,0.3475390312249231,0.9972731077379083,1.0,0.525636434896757,0.9446763563837265,5.556724315447514e-05
61,0.34876732968376734,1.0,1.0,0.525636434896757,0.9425203806781492,0.001171011688505419
61,0.3480416614832032,0.9990753819229081,1.0,0.525636434896757,0.9433120860328364,8.07963582055704e-05
61,0.3481804976589061,0.9994623741055263,1.0,0.525636434896757,0.9429359425008939,2.3586792849972227e-06
61,0.34753523267126074,0.9972731077379083,1.0,0.525636434896757,0.9446866816787918,6.589253821975838e-05
61,0.3477649986117073,0.9980524412793308,1.0,0.525636434896757,0.9440625336935557,4.3203218803133936e-05
61,0.3483792142329469,1.0,1.0,0.525636434896757,0.9425203806781492,0.0001222917340710783
61,0.34820895470000507,0.999674686677282,1.0,0.525636434896757,0.9428588819703412,8.85283268059478e-05
61,0.34847601910903436,1.0,1.0,0.525636434896757,0.9425203806781492,0.0003840851573223558
62,0.3482883316772016,0.9998726274038504,1.0,0.525636434896757,0.9426439988377412,2.576356782435507e-05
62,0.3481952526171974,0.9995190783419894,1.0,0.525636434896757,0.9428959850909107,6.003414563915399e-06
62,0.3476589567754039,0.9976238760677404,1.0,0.525636434896757,0.9443504886632728,5.248771139942932e-07
62,0.3482763684435199,0.9997800658593684,1.0,0.525636434896757,0.9426893617518297,1.298325406517975e-05
62,0.34817885821909594,0.9994560736348082,1.0,0.525636434896757,0.9429403824221632,1.953612343452704e-06
62,0.34830911549705884,0.9999483693706466,1.0,0.525636434896757,0.9425877506888026,2.7707543055588424e-05
62,0.34836034446966896,1.0,1.0,0.525636434896757,0.9425203806781492,7.124450931317305e-05
62,0.3481952526171974,0.9995190783419894,1.0,0.525636434896757,0.9428959850909107,6.003414563915399e-06
62,0.3481952526171974,0.9995190783419894,1.0,0.525636434896757,0.9428959850909107,6.003414563915399e-06
62,0.34831343955113414,1.0,1.0,0.525636434896757,0.9425760491581404,5.566847999116664e-05
62,0.34836034446966896,1.0,1.0,0.525636434896757,0.9425203806781492,7.124450931317305e-05
62,0.3481804976589061,0.9994623741055263,1.0,0.525636434896757,0.9429359425008939,2.3586792849972227e-06
62,0.34765895677540387,0.9976238760677404,1.0,0.525636434896757,0.944350488663273,5.248771142163378e-07
62,0.34836456508484936,1.0,1.0,0.525636434896757,0.9425203806781492,8.266276340129775e-05
62,0.34836456508484936,1.0,1.0,0.525636434896757,0.9425203806781492,8.266276340129775e-05
62,0.3483029544317488,0.9999426326340518,1.0,0.525636434896757,0.9426044239458103,3.997360638996472e-05
62,0.34826833559698933,0.9997878302018173,1.0,0.525636434896757,0.9426981214295236,1.4726488263727688e-05
62,0.34810647299642383,0.9991900172594428,1.0,0.525636434896757,0.9431430788150683,6.621471446366378e-06
62,0.34789243317034607,0.9984509962428681,1.0,0.525636434896757,0.9437167193541449,4.614898917232324e-06
62,0.3483073855961686,1.0,1.0,0.525636434896757,0.942592432138154,7.205146000477392e-05
62,0.3485260051530179,1.0,1.0,0.525636434896757,0.9425203806781492,0.000519207545537248
62,0.3482281606450564,0.9994623741055263,1.0,0.525636434896757,0.9429335838216089,0.0001267036646556141
62,0.34797524115575773,0.9976238760677404,1.0,0.525636434896757,0.9443499637861588,0.0008578215595269612
62,0.34775773804970533,0.9980619702533895,1.0,0.525636434896757,0.9440822440372517,7.026183348368686e-05
62,0.347639582115893,0.9975785075295241,1.0,0.525636434896757,0.9444031192325907,1.813749339463211e-05
62,0.34848649719896785,1.0,1.0,0.525636434896757,0.9425203806781492,0.00041241276509218494
62,0.34894815102353754,1.0,1.0,0.525636434896757,0.9425203806781492,0.0016588092398192034
62,0.3485192442525068,1.0,1.0,0.525636434896757,0.9425203806781492,0.0005009337305337258
62,0.3481952526171974,0.9992644333789579,1.0,0.525636434896757,0.9430858271144995,0.00018984202358884872
62,0.3480939901929484,0.999097548959285,1.0,0.525636434896757,0.9432142307609901,4.395212959706907e-05
62,0.34836034446966896,0.9994103377225095,1.0,0.525636434896757,0.9429736010220808,0.0005244648532447549
62,0.3480838754984569,0.999017979449159,1.0,0.525636434896757,0.9432754679679647,7.77824962496787e-05
62,0.3482568483563997,0.9998961650676337,1.0,0.525636434896757,0.9427292162956956,0.00012906582372484987
62,0.34810530704514536,0.9990897599236077,1.0,0.525636434896757,0.9432202248222856,8.060851747349052e-05
62,0.348073108999571,0.9989920765328744,1.0,0.525636434896757,0.9432954051237268,6.854492825958403e-05
62,0.3487678927172531,1.0,1.0,0.525636434896757,0.9425203806781492,0.001172531355957962
62,0.34826833559698933,1.0,1.0,0.525636434896757,0.9426981214295236,0.00017774075137433343
62,0.34810647299642383,0.9998485268398496,1.0,0.525636434896757,0.943136457343622,0.0004997038978654667
62,0.3482104539630723,0.9996188011371439,1.0,0.525636434896757,0.9428548223751188,4.15095271935062e-05
62,0.3481606123891824,1.0,1.0,0.525636434896757,0.9429897984938687,0.00046941781571940844
63,0.3482883316772016,0.9998726274038504,1.0,0.525636434896757,0.9426439988377412,2.576356782435507e-05
63,0.3481952526171974,0.9995190783419894,1.0,0.525636434896757,0.9428959850909107,6.003414563915399e-06
63,0.3476589567754039,0.9976238760677404,1.0,0.525636434896757,0.9443504886632728,5.248771139942932e-07
63,0.3482763684435199,0.9997800658593684,1.0,0.525636434896757,0.9426893617518297,1.298325406517975e-05
63,0.34817885821909594,0.9994560736348082,1.0,0.525636434896757,0.9429403824221632,1.953612343452704e-06
63,0.34830911549705884,0.9999483693706466,1.0,0.525636434896757,0.9425877506888026,2.7707543055588424e-05
63,0.34836034446966896,1.0,1.0,0.525636434896757,0.9425203806781492,7.124450931317305e-05
63,0.3481952526171974,0.9995190783419894,1.0,0.525636434896757,0.9428959850909107,6.003414563915399e-06
63,0.3481952526171974,0.9995190783419894,1.0,0.525636434896757,0.9428959850909107,6.003414563915399e-06
63,0.34831343955113414,1.0,1.0,0.525636434896757,0.9425760491581404,5.566847999116664e-05
63,0.34836034446966896,1.0,1.0,0.525636434896757,0.9425203806781492,7.124450931317305e-05
63,0.3481804976589061,0.9994623741055263,1.0,0.525636434896757,0.9429359425008939,2.3586792849972227e-06
63,0.34765895677540387,0.9976238760677404,1.0,0.525636434896757,0.944350488663273,5.248771142163378e-07
63,0.34826833559698933,0.9997878302018173,1.0,0.525636434896757,0.9426981214295236,1.4726488263727688e-05
63,0.3483029544317488,0.9999426326340518,1.0,0.525636434896757,0.9426044239458103,3.997360638996472e-05
63,0.34836456508484936,1.0,1.0,0.525636434896757,0.9425203806781492,8.266276340129775e-05
63,0.34836456508484936,1.0,1.0,0.525636434896757,0.9425203806781492,8.266276340129775e-05
63,0.3483073855961686,1.0,1.0,0.525636434896757,0.942592432138154,7.205146000477392e-05
63,0.34810647299642383,0.9991900172594428,1.0,0.525636434896757,0.9431430788150683,6.621471446366378e-06
63,0.34789243317034607,0.9984509962428681,1.0,0.525636434896757,0.9437167193541449,4.614898917232324e-06
63,0.34841759669172706,1.0,1.0,0.525636434896757,0.9425203806781492,0.00022610840706083213
63,0.34867791887481153,1.0,1.0,0.525636434896757,0.9425203806781492,0.0009296232787615599
63,0.3484630911971444,1.0,1.0,0.525636434896757,0.9425203806781492,0.0003491320868550529
63,0.3482539762291259,0.9995671705077904,1.0,0.525636434896757,0.9428530055721787,0.00011601438094421823
63,0.3476550651267361,0.9975774085013223,1.0,0.525636434896757,0.9443858300696064,2.47703527830323e-05
63,0.34830911549705884,0.9999483693706466,1.0,0.525636434896757,0.9425877506888026,2.7707543055588424e-05
63,0.3478339354942576,0.9982287433702337,1.0,0.525636434896757,0.9438833977824648,7.966959495231407e-06
63,0.34765708275236307,0.9977341158648168,1.0,0.525636434896757,0.9443555791235485,9.069125383542875e-05
63,0.3483313129855746,1.0,1.0,0.525636434896757,0.9425276840799995,7.303401850289326e-06
63,0.34831343955113414,0.9997446919074834,1.0,0.525636434896757,0.9427165474122905,0.00014049825415007877
63,0.3482763684435199,0.9997800658593684,1.0,0.525636434896757,0.9426893617518297,1.298325406517975e-05
63,0.34831845900950026,0.9999535324335819,1.0,0.525636434896757,0.9425624661248566,6.3894101798300795e-06
63,0.3482453091721267,0.999577009442061,1.0,0.525636434896757,0.9428454412554577,8.498742165707895e-05
63,0.3483633441801456,1.0,1.0,0.525636434896757,0.9425203806781492,7.935981359696864e-05
63,0.34862382312455337,1.0,1.0,0.525636434896757,0.9425203806781492,0.0007835172041534832
63,0.3484630911971444,1.0,1.0,0.525636434896757,0.9425203806781492,0.0003491320868550529
63,0.3481509427817121,0.9992581329082397,1.0,0.525636434896757,0.9430906740223595,7.468475876060143e-05
63,0.34803985127106873,0.9990588457353158,1.0,0.525636434896757,0.9433169923531144,7.297656032578814e-05
63,0.34810647299642383,1.0,1.0,0.525636434896757,0.943136457343622,0.0006160766654726979
63,0.34815413598257416,0.9991900172594428,1.0,0.525636434896757,0.9431430788150683,0.00013573870754712836
64,0.3481952526171974,0.9995190783419894,1.0,0.525636434896757,0.9428959850909107,6.003414563915399e-06
64,0.3476589567754039,0.9976238760677404,1.0,0.525636434896757,0.9443504886632728,5.248771139942932e-07
64,0.34817885821909594,0.9994560736348082,1.0,0.525636434896757,0.9429403824221632,1.953612343452704e-06
64,0.34836034446966896,1.0,1.0,0.525636434896757,0.9425203806781492,7.124450931317305e-05
64,0.3481952526171974,0.9995190783419894,1.0,0.525636434896757,0.9428959850909107,6.003414563915399e-06
64,0.3481952526171974,0.9995190783419894,1.0,0.525636434896757,0.9428959850909107,6.003414563915399e-06
64,0.34836034446966896,1.0,1.0,0.525636434896757,0.9425203806781492,7.124450931317305e-05
64,0.3481804976589061,0.9994623741055263,1.0,0.525636434896757,0.9429359425008939,2.3586792849972227e-06
64,0.3483313129855746,1.0,1.0,0.525636434896757,0.9425276840799995,7.303401850289326e-06
64,0.34831845900950026,0.9999535324335819,1.0,0.525636434896757,0.9425624661248566,6.3894101798300795e-06
64,0.34765895677540387,0.9976238760677404,1.0,0.525636434896757,0.944350488663273,5.248771142163378e-07
64,0.3483633441801456,1.0,1.0,0.525636434896757,0.9425203806781492,7.935981359696864e-05
64,0.34789243317034607,0.9984509962428681,1.0,0.525636434896757,0.9437167193541449,4.614898917232324e-06
64,0.3482883316772016,0.9998726274038504,1.0,0.525636434896757,0.9426439988377412,2.576356782435507e-05
64,0.3482763684435199,0.9997800658593684,1.0,0.525636434896757,0.9426893617518297,1.298325406517975e-05
64,0.34830911549705884,0.9999483693706466,1.0,0.525636434896757,0.9425877506888026,2.7707543055588424e-05
64,0.34831343955113414,1.0,1.0,0.525636434896757,0.9425760491581404,5.566847999116664e-05
64,0.34810647299642383,0.9991900172594428,1.0,0.525636434896757,0.9431430788150683,6.621471446366378e-06
64,0.34830911549705884,0.9999483693706466,1.0,0.525636434896757,0.9425877506888026,2.7707543055588424e-05
64,0.3482763684435199,0.9997800658593684,1.0,0.525636434896757,0.9426893617518297,1.298325406517975e-05
64,0.3475923345791698,0.9973787549062653,1.0,0.525636434896757,0.9445391997802988,7.709704941682993e-06
64,0.3482413586925465,0.9995655459084075,1.0,0.525636434896757,0.9428542546022947,8.310601378380689e-05
64,0.34839080826907687,1.0,1.0,0.525636434896757,0.9425203806781492,0.00015365363341335314
64,0.3486328819718352,1.0,1.0,0.525636434896757,0.9425203806781492,0.0008079872149945322
64,0.34841759669172706,1.0,1.0,0.525636434896757,0.9425203806781492,0.00022610840706083213
64,0.3483979351818086,1.0,1.0,0.525636434896757,0.9425203806781492,0.0001729309158753356
64,0.34841550962596624,1.0,1.0,0.525636434896757,0.9425203806781492,0.0002204639106124784
64,0.3482404353074439,0.9997651112343588,1.0,0.525636434896757,0.9427736484154781,7.279393997161598e-05
64,0.34757905511670767,0.9973277210934485,1.0,0.525636434896757,0.9445786100947966,1.1033637806190377e-05
64,0.34769122559403043,0.9976880218867529,1.0,0.525636434896757,0.9443004579215497,3.761332953244878e-05
64,0.3480148875018856,0.9988838257350777,1.0,0.525636434896757,0.9433846582732853,5.9226531340383914e-06
64,0.34843592289320313,1.0,1.0,0.525636434896757,0.9425203806781492,0.0002756689532020795
64,0.34818273031835023,0.9995671705077904,1.0,0.525636434896757,0.9429298960929365,7.689052075787739e-05
64,0.3480292152522527,0.9990295446133167,1.0,0.525636434896757,0.9433458207870837,7.925404973874173e-05
64,0.34807638162722065,0.9990697117090167,1.0,0.525636434896757,0.9432356533785826,1.766143863823899e-05
64,0.3475564801835286,0.9972375141419489,1.0,0.525636434896757,0.9446482813117019,1.935209314296582e-05
64,0.3482740607635165,0.9997140774215421,1.0,0.525636434896757,0.9427400768714507,5.745215650510005e-05
64,0.34882920128146494,1.0,1.0,0.525636434896757,0.9425203806781492,0.0013379781840571203
64,0.34807560491419215,0.999035215036963,1.0,0.525636434896757,0.943262202521056,4.210583808839097e-05
64,0.34830162085774047,0.999951907834199,1.0,0.525636434896757,0.9426080329808565,5.0708201077998005e-05
65,0.3481952526171974,0.9995190783419894,1.0,0.525636434896757,0.9428959850909107,6.003414563915399e-06
65,0.3476589567754039,0.9976238760677404,1.0,0.525636434896757,0.9443504886632728,5.248771139942932e-07
65,0.34817885821909594,0.9994560736348082,1.0,0.525636434896757,0.9429403824221632,1.953612343452704e-06
65,0.34836034446966896,1.0,1.0,0.525636434896757,0.9425203806781492,7.124450931317305e-05
65,0.3481952526171974,0.9995190783419894,1.0,0.525636434896757,0.9428959850909107,6.003414563915399e-06
65,0.3481952526171974,0.9995190783419894,1.0,0.525636434896757,0.9428959850909107,6.003414563915399e-06
65,0.34836034446966896,1.0,1.0,0.525636434896757,0.9425203806781492,7.124450931317305e-05
65,0.3481804976589061,0.9994623741055263,1.0,0.525636434896757,0.9429359425008939,2.3586792849972227e-06
65,0.3483313129855746,1.0,1.0,0.525636434896757,0.9425276840799995,7.303401850289326e-06
65,0.34831845900950026,0.9999535324335819,1.0,0.525636434896757,0.9425624661248566,6.3894101798300795e-06
65,0.34765895677540387,0.9976238760677404,1.0,0.525636434896757,0.944350488663273,5.248771142163378e-07
65,0.3483633441801456,1.0,1.0,0.525636434896757,0.9425203806781492,7.935981359696864e-05
65,0.34831343955113414,1.0,1.0,0.525636434896757,0.9425760491581404,5.566847999116664e-05
65,0.34789243317034607,0.9984509962428681,1.0,0.525636434896757,0.9437167193541449,4.614898917232324e-06
65,0.34810647299642383,0.9991900172594428,1.0,0.525636434896757,0.9431430788150683,6.621471446366378e-06
65,0.3482763684435199,0.9997800658593684,1.0,0.525636434896757,0.9426893617518297,1.298325406517975e-05
65,0.34830911549705884,0.9999483693706466,1.0,0.525636434896757,0.9425877506888026,2.7707543055588424e-05
65,0.3480148875018856,0.9988838257350777,1.0,0.525636434896757,0.9433846582732853,5.9226531340383914e-06
65,0.3482883316772016,0.9998726274038504,1.0,0.525636434896757,0.9426439988377412,2.576356782435507e-05
65,0.3482763684435199,0.9997800658593684,1.0,0.525636434896757,0.9426893617518297,1.298325406517975e-05
65,0.3481458025293481,0.999321137615421,1.0,0.525636434896757,0.9430422076940299,1.2295125542904906e-05
65,0.34825786787779367,0.9996136380742086,1.0,0.525636434896757,0.9428172819358367,9.082547040084599e-05
65,0.3483606734361816,0.9999535324335819,1.0,0.525636434896757,0.9425560767146768,0.0001078305263362278
65,0.3481493858709109,0.9993046004746577,1.0,0.525636434896757,0.9430549282868286,3.472189163400419e-05
65,0.34836013959752365,1.0,1.0,0.525636434896757,0.9425203806781492,7.069025079198266e-05
65,0.34827906818294885,0.9997800658593684,1.0,0.525636434896757,0.9426893617518297,2.029055678010039e-05
65,0.3484053813726454,1.0,1.0,0.525636434896757,0.9425203806781492,0.00019307095762111093
65,0.3483891725447828,1.0,1.0,0.525636434896757,0.9425203806781492,0.00014922912121140275
65,0.3483313129855746,1.0,1.0,0.525636434896757,0.9425276840799995,7.303401850289326e-06
65,0.3483495775593554,0.9999166946099662,1.0,0.525636434896757,0.942584377612518,0.00010611189695997059
65,0.3481970068441532,0.9995104662713273,1.0,0.525636434896757,0.9428966035217636,5.368769070424051e-06
65,0.3480837326000499,0.9991149469444512,1.0,0.525636434896757,0.9432008424591667,2.7697776118218442e-06
65,0.3486449239960086,1.0,1.0,0.525636434896757,0.9425203806781492,0.0008405134977351736
65,0.3478776782120548,0.9982943179531759,1.0,0.525636434896757,0.9438328506230278,7.610426610304977e-05
65,0.34841759669172706,1.0,1.0,0.525636434896757,0.9425203806781492,0.00022610840706083213
65,0.34791412366335317,0.9985542659892279,1.0,0.525636434896757,0.9436578839132969,2.5344917018776947e-05
65,0.3476616565148329,0.9999483693706466,1.0,0.525636434896757,0.9443431553833614,0.0017831122376144037
65,0.347705062850753,0.9976703436341585,1.0,0.525636434896757,0.9443141008437326,8.88340978630886e-05
65,0.34776997883880656,0.9998726274038504,1.0,0.525636434896757,0.9440490142810525,0.001430779011135641
65,0.3481738918516446,0.999393703933577,1.0,0.525636434896757,0.9429863936753151,3.256111079508184e-05
66,0.3481952526171974,0.9995190783419894,1.0,0.525636434896757,0.9428959850909107,6.003414563915399e-06
66,0.3476589567754039,0.9976238760677404,1.0,0.525636434896757,0.9443504886632728,5.248771139942932e-07
66,0.34817885821909594,0.9994560736348082,1.0,0.525636434896757,0.9429403824221632,1.953612343452704e-06
66,0.3481952526171974,0.9995190783419894,1.0,0.525636434896757,0.9428959850909107,6.003414563915399e-06
66,0.3481952526171974,0.9995190783419894,1.0,0.525636434896757,0.9428959850909107,6.003414563915399e-06
66,0.3481804976589061,0.9994623741055263,1.0,0.525636434896757,0.9429359425008939,2.3586792849972227e-06
66,0.3483313129855746,1.0,1.0,0.525636434896757,0.9425276840799995,7.303401850289326e-06
66,0.34831845900950026,0.9999535324335819,1.0,0.525636434896757,0.9425624661248566,6.3894101798300795e-06
66,0.34836013959752365,1.0,1.0,0.525636434896757,0.9425203806781492,7.069025079198266e-05
66,0.3483313129855746,1.0,1.0,0.525636434896757,0.9425276840799995,7.303401850289326e-06
66,0.3481970068441532,0.9995104662713273,1.0,0.525636434896757,0.9428966035217636,5.368769070424051e-06
66,0.34765895677540387,0.9976238760677404,1.0,0.525636434896757,0.944350488663273,5.248771142163378e-07
66,0.34836034446966896,1.0,1.0,0.525636434896757,0.9425203806781492,7.124450931317305e-05
66,0.34836034446966896,1.0,1.0,0.525636434896757,0.9425203806781492,7.124450931317305e-05
66,0.3480837326000499,0.9991149469444512,1.0,0.525636434896757,0.9432008424591667,2.7697776118218442e-06
66,0.34831343955113414,1.0,1.0,0.525636434896757,0.9425760491581404,5.566847999116664e-05
66,0.34830911549705884,0.9999483693706466,1.0,0.525636434896757,0.9425877506888026,2.7707543055588424e-05
66,0.3482763684435199,0.9997800658593684,1.0,0.525636434896757,0.9426893617518297,1.298325406517975e-05
66,0.3481458025293481,0.999321137615421,1.0,0.525636434896757,0.9430422076940299,1.2295125542904906e-05
66,0.3482883316772016,0.9998726274038504,1.0,0.525636434896757,0.9426439988377412,2.576356782435507e-05
66,0.3480676465090534,0.9991149469444512,1.0,0.525636434896757,0.9432416629725038,4.0820513337092024e-05
66,0.3481997701297269,0.9994772575322131,1.0,0.525636434896757,0.9429221388833353,3.838684017432037e-05
66,0.3489185601402878,1.0,1.0,0.525636434896757,0.9425203806781492,0.0015790171965882616
66,0.3481952526171974,0.9974384979030273,1.0,0.525636434896757,0.944493069015836,0.0015970839249253022
66,0.3482899104814618,0.9998648765402546,1.0,0.525636434896757,0.942639725816008,1.553510422058757e-05
66,0.3477764660981585,0.9980369114872931,1.0,0.525636434896757,0.9440314044328426,9.785397003803098e-08
66,0.34799879866638395,0.9988805572596156,1.0,0.525636434896757,0.9434282732529814,4.702130873635024e-05
66,0.34842337230648407,1.0,1.0,0.525636434896757,0.9425203806781492,0.00024172827966784105
66,0.34836034446966896,1.0,1.0,0.525636434896757,0.9425203806781492,7.124450931317305e-05
66,0.3482025537980616,0.9996089913175668,1.0,0.525636434896757,0.942876214259168,5.5360109154634074e-05
66,0.3488011252671144,1.0,1.0,0.525636434896757,0.9425203806781492,0.0012622196825816667
66,0.34819136096852965,0.9994726107755713,1.0,0.525636434896757,0.9429257120724512,1.918846650261763e-05
66,0.348479895652799,1.0,1.0,0.525636434896757,0.9425203806781492,0.0003945656258284025
66,0.34836034446966896,0.9995161366949736,1.0,0.525636434896757,0.9428922435042004,0.00044310733536434554
66,0.3483468124112107,0.9999901901804229,1.0,0.525636434896757,0.9425279162318336,4.216920188560014e-05
66,0.3483629640885646,1.0,1.0,0.525636434896757,0.9425203806781492,7.83315358133807e-05
66,0.3480535460965476,0.9989835181093745,1.0,0.525636434896757,0.9433019926641666,2.211690328135507e-05
66,0.34816051991924185,0.9994159065391082,1.0,0.525636434896757,0.9429900489479132,2.0730675681090993e-05
66,0.3481458025293481,0.9977341158648168,1.0,0.525636434896757,0.9442648878697131,0.0012349753012260711
66,0.3480482709462578,0.9989545697622864,1.0,0.525636434896757,0.9433242754557438,3.0102990892344472e-05
67,0.3481952526171974,0.9995190783419894,1.0,0.525636434896757,0.9428959850909107,6.003414563915399e-06
67,0.34817885821909594,0.9994560736348082,1.0,0.525636434896757,0.9429403824221632,1.953612343452704e-06
67,0.3481952526171974,0.9995190783419894,1.0,0.525636434896757,0.9428959850909107,6.003414563915399e-06
67,0.3481952526171974,0.9995190783419894,1.0,0.525636434896757,0.9428959850909107,6.003414563915399e-06
67,0.3481804976589061,0.9994623741055263,1.0,0.525636434896757,0.9429359425008939,2.3586792849972227e-06
67,0.3483313129855746,1.0,1.0,0.525636434896757,0.9425276840799995,7.303401850289326e-06
67,0.34831845900950026,0.9999535324335819,1.0,0.525636434896757,0.9425624661248566,6.3894101798300795e-06
67,0.34836013959752365,1.0,1.0,0.525636434896757,0.9425203806781492,7.069025079198266e-05
67,0.3483313129855746,1.0,1.0,0.525636434896757,0.9425276840799995,7.303401850289326e-06
67,0.3481970068441532,0.9995104662713273,1.0,0.525636434896757,0.9428966035217636,5.368769070424051e-06
67,0.3477764660981585,0.9980369114872931,1.0,0.525636434896757,0.9440314044328426,9.785397003803098e-08
67,0.34836034446966896,1.0,1.0,0.525636434896757,0.9425203806781492,7.124450931317305e-05
67,0.34836034446966896,1.0,1.0,0.525636434896757,0.9425203806781492,7.124450931317305e-05
67,0.3476589567754039,0.9976238760677404,1.0,0.525636434896757,0.9443504886632728,5.248771139942932e-07
67,0.3480837326000499,0.9991149469444512,1.0,0.525636434896757,0.9432008424591667,2.7697776118218442e-06
67,0.3483468124112107,0.9999901901804229,1.0,0.525636434896757,0.9425279162318336,4.216920188560014e-05
67,0.34830911549705884,0.9999483693706466,1.0,0.525636434896757,0.9425877506888026,2.7707543055588424e-05
67,0.3481458025293481,0.999321137615421,1.0,0.525636434896757,0.9430422076940299,1.2295125542904906e-05
67,0.3482763684435199,0.9997800658593684,1.0,0.525636434896757,0.9426893617518297,1.298325406517975e-05
67,0.3482899104814618,0.9998648765402546,1.0,0.525636434896757,0.942639725816008,1.553510422058757e-05
67,0.3481952526171974,0.9982943179531759,1.0,0.525636434896757,0.9438328506230278,0.0009368655321171371
67,0.3477292799297612,0.9978614884609663,1.0,0.525636434896757,0.9441666133783957,7.105770857052107e-06
67,0.348171930865033,0.999321137615421,1.0,0.525636434896757,0.9430422076940299,8.306419065529091e-05
67,0.34772909554483045,0.9978614884609663,1.0,0.525636434896757,0.9441666133783957,6.605125995373662e-06
67,0.34813318268789917,0.9993128876710197,1.0,0.525636434896757,0.9430640974394958,1.5543829049557978e-05
67,0.3483953992032113,1.0,1.0,0.525636434896757,0.9425203806781492,0.00016607154585357442
67,0.3483422564801616,0.9999596586977948,1.0,0.525636434896757,0.9425513703745281,5.329667451337006e-05
67,0.3482934314761923,0.9998438800832079,1.0,0.525636434896757,0.942640323981726,1.012757166685141e-05
67,0.34825845882165307,0.9996406894557602,1.0,0.525636434896757,0.9427964867292169,7.162993320708466e-05
67,0.34786165817599646,0.9983481298657317,1.0,0.525636434896757,0.9438002090861681,8.833588535983594e-06
67,0.34847829465651425,0.9980369114872931,1.0,0.525636434896757,0.9440313065788726,0.0019011631653639283
67,0.3480486085618596,0.9990776367791178,1.0,0.525636434896757,0.9432932574466012,6.370305869685122e-05
67,0.3483845093253625,1.0,1.0,0.525636434896757,0.9425203806781492,0.00013661523246266682
67,0.34869274725773963,1.0,1.0,0.525636434896757,0.9425203806781492,0.0009696650300798915
67,0.3485737392885927,0.9991149469444512,1.0,0.525636434896757,0.9432008424591667,0.0013286681767626929
67,0.34784645543102527,0.9983002701194931,1.0,0.525636434896757,0.9438414581879405,1.3195372105534453e-05
67,0.348046669949973,0.9990862488497798,1.0,0.525636434896757,0.9432985115681718,7.55847644544616e-05
67,0.34843156982859835,1.0,1.0,0.525636434896757,0.9425203806781492,0.0002638971952815261
67,0.347522552960792,0.9971998754131502,1.0,0.525636434896757,0.944721149524032,4.379426414446996e-05
67,0.3480039190978645,0.9988994901252062,1.0,0.525636434896757,0.9434143919155855,4.771572058692719e-05
68,0.3481952526171974,0.9995190783419894,1.0,0.525636434896757,0.9428959850909107,6.003414563915399e-06
68,0.34817885821909594,0.9994560736348082,1.0,0.525636434896757,0.9429403824221632,1.953612343452704e-06
68,0.3481952526171974,0.9995190783419894,1.0,0.525636434896757,0.9428959850909107,6.003414563915399e-06
68,0.3481952526171974,0.9995190783419894,1.0,0.525636434896757,0.9428959850909107,6.003414563915399e-06
68,0.3481804976589061,0.9994623741055263,1.0,0.525636434896757,0.9429359425008939,2.3586792849972227e-06
68,0.3483313129855746,1.0,1.0,0.525636434896757,0.9425276840799995,7.303401850289326e-06
68,0.34831845900950026,0.9999535324335819,1.0,0.525636434896757,0.9425624661248566,6.3894101798300795e-06
68,0.34836013959752365,1.0,1.0,0.525636434896757,0.9425203806781492,7.069025079198266e-05
68,0.3483313129855746,1.0,1.0,0.525636434896757,0.9425276840799995,7.303401850289326e-06
68,0.3481970068441532,0.9995104662713273,1.0,0.525636434896757,0.9428966035217636,5.368769070424051e-06
68,0.3477764660981585,0.9980369114872931,1.0,0.525636434896757,0.9440314044328426,9.785397003803098e-08
68,0.3480837326000499,0.9991149469444512,1.0,0.525636434896757,0.9432008424591667,2.7697776118218442e-06
68,0.34836034446966896,1.0,1.0,0.525636434896757,0.9425203806781492,7.124450931317305e-05
68,0.34836034446966896,1.0,1.0,0.525636434896757,0.9425203806781492,7.124450931317305e-05
68,0.3483468124112107,0.9999901901804229,1.0,0.525636434896757,0.9425279162318336,4.216920188560014e-05
68,0.34830911549705884,0.9999483693706466,1.0,0.525636434896757,0.9425877506888026,2.7707543055588424e-05
68,0.3482899104814618,0.9998648765402546,1.0,0.525636434896757,0.942639725816008,1.553510422058757e-05
68,0.3482934314761923,0.9998438800832079,1.0,0.525636434896757,0.942640323981726,1.012757166685141e-05
68,0.3476589567754039,0.9976238760677404,1.0,0.525636434896757,0.9443504886632728,5.248771139942932e-07
68,0.34772909554483045,0.9978614884609663,1.0,0.525636434896757,0.9441666133783957,6.605125995373662e-06
68,0.348048433139164,0.999078497986184,1.0,0.525636434896757,0.9432937328834362,6.484125909234084e-05
68,0.3476242253864879,0.9975210747280686,1.0,0.525636434896757,0.9444448394064179,1.5523278481421876e-05
68,0.34823294953134926,0.9995608991517657,1.0,0.525636434896757,0.9428578271602208,6.39124476298214e-05
68,0.3483242876312335,0.9998915030650863,1.0,0.525636434896757,0.9426037323815122,5.7038455880009664e-05
68,0.3484071420316284,1.0,1.0,0.525636434896757,0.9425203806781492,0.00019783296401509887
68,0.3485162538231646,1.0,1.0,0.525636434896757,0.9425203806781492,0.0004928507715437069
68,0.3483313129855746,1.0,1.0,0.525636434896757,0.9425276840799995,7.303401850289326e-06
68,0.3483766782322205,1.0,1.0,0.525636434896757,0.9425203806781492,0.00011543156695725809
68,0.3483313129855746,0.9990217937497209,1.0,0.525636434896757,0.9432725322351116,0.00074484815511211
68,0.348223940655057,0.9995759993454099,1.0,0.525636434896757,0.9428462178256929,2.791216023878551e-05
68,0.3489652601866773,1.0,1.0,0.525636434896757,0.9425203806781492,0.0017049380552288662
68,0.3484824717584779,1.0,1.0,0.525636434896757,0.9425203806781492,0.00040153015303445727
68,0.3482153430781135,0.9996045066300221,1.0,0.525636434896757,0.9428415842287471,1.7282424379039263e-05
68,0.3483164547188522,0.999956717050779,1.0,0.525636434896757,0.9425678898397144,1.4259630010893254e-05
68,0.3480351447144666,0.999026602966301,1.0,0.525636434896757,0.9433297490383886,6.091825601040046e-05
68,0.34827948199311987,0.9998527089208273,1.0,0.525636434896757,0.9426679511576411,3.441116588198678e-05
68,0.3483224426833718,0.9999581791902237,1.0,0.525636434896757,0.9425525069617342,8.206804871235818e-07
68,0.3480780210670308,0.9990760121797349,1.0,0.525636434896757,0.943230804642335,1.7255238338176326e-05
68,0.3476589567754039,0.999951907834199,1.0,0.525636434896757,0.9443504886632728,0.0017931638834942643
68,0.3483862884204231,1.0,1.0,0.525636434896757,0.9425203806781492,0.00014142767874181228
69,0.3483313129855746,1.0,1.0,0.525636434896757,0.9425276840799995,7.303401850289326e-06
69,0.34836013959752365,1.0,1.0,0.525636434896757,0.9425203806781492,7.069025079198266e-05
69,0.3483313129855746,1.0,1.0,0.525636434896757,0.9425276840799995,7.303401850289326e-06
69,0.3477764660981585,0.9980369114872931,1.0,0.525636434896757,0.9440314044328426,9.785397003803098e-08
69,0.3483313129855746,1.0,1.0,0.525636434896757,0.9425276840799995,7.303401850289326e-06
69,0.3483224426833718,0.9999581791902237,1.0,0.525636434896757,0.9425525069617342,8.206804871235818e-07
69,0.34836034446966896,1.0,1.0,0.525636434896757,0.9425203806781492,7.124450931317305e-05
69,0.34836034446966896,1.0,1.0,0.525636434896757,0.9425203806781492,7.124450931317305e-05
69,0.3476589567754039,0.9976238760677404,1.0,0.525636434896757,0.9443504886632728,5.248771139942932e-07
69,0.3483468124112107,0.9999901901804229,1.0,0.525636434896757,0.9425279162318336,4.216920188560014e-05
69,0.3481952526171974,0.9995190783419894,1.0,0.525636434896757,0.9428959850909107,6.003414563915399e-06
69,0.34817885821909594,0.9994560736348082,1.0,0.525636434896757,0.9429403824221632,1.953612343452704e-06
69,0.3481952526171974,0.9995190783419894,1.0,0.525636434896757,0.9428959850909107,6.003414563915399e-06
69,0.3481952526171974,0.9995190783419894,1.0,0.525636434896757,0.9428959850909107,6.003414563915399e-06
69,0.3481804976589061,0.9994623741055263,1.0,0.525636434896757,0.9429359425008939,2.3586792849972227e-06
69,0.34831845900950026,0.9999535324335819,1.0,0.525636434896757,0.9425624661248566,6.3894101798300795e-06
69,0.3481970068441532,0.9995104662713273,1.0,0.525636434896757,0.9428966035217636,5.368769070424051e-06
69,0.3483766782322205,1.0,1.0,0.525636434896757,0.9425203806781492,0.00011543156695725809
69,0.3480837326000499,0.9991149469444512,1.0,0.525636434896757,0.9432008424591667,2.7697776118218442e-06
69,0.3483164547188522,0.999956717050779,1.0,0.525636434896757,0.9425678898397144,1.4259630010893254e-05
69,0.34818036784597023,0.9995190783419894,1.0,0.525636434896757,0.9429362940580004,4.631238165364593e-05
69,0.34836034446966896,1.0,1.0,0.525636434896757,0.9425203806781492,7.124450931317305e-05
69,0.34816114100953,1.0,1.0,0.525636434896757,0.9429883667327245,0.00046798605457520903
69,0.3481200592170693,0.9992452730597824,1.0,0.525636434896757,0.9431005672031276,9.18022759033299e-07
69,0.3479465233102191,0.9986254132157786,1.0,0.525636434896757,0.9435777323058041,7.718740577589145e-06
69,0.34818015421267134,0.9995192951089468,1.0,0.525636434896757,0.9429368726165085,4.7057611414325073e-05
69,0.34804603568589804,0.9990731261346749,1.0,0.525636434896757,0.943300230594665,6.720490820555369e-05
69,0.3480728912632459,0.999074169691262,1.0,0.525636434896757,0.9432322225841334,4.772354926685374e-06
69,0.3483600918736729,1.0,1.0,0.525636434896757,0.9425203806781492,7.056113919368112e-05
69,0.3478350383202403,0.9982332203385638,1.0,0.525636434896757,0.9438799465690135,7.50834377538645e-06
69,0.34831913413296217,0.9999911711623806,1.0,0.525636434896757,0.9425606392196683,3.347654985608184e-05
69,0.34873704746465867,1.0,1.0,0.525636434896757,0.9425203806781492,0.0010892705945348968
69,0.34801304982754766,0.9987170836435901,1.0,0.525636434896757,0.9435071275340561,0.0001174877413330222
69,0.3483917514274114,1.0,1.0,0.525636434896757,0.9425203806781492,0.0001562047874708039
69,0.348479895652799,1.0,1.0,0.525636434896757,0.9425203806781492,0.0003945656258284025
69,0.3475901320280438,0.9973805668029557,1.0,0.525636434896757,0.9445378006366529,3.2541183569989585e-07
69,0.34860911076739537,1.0,1.0,0.525636434896757,0.9425203806781492,0.0007437730648967023
69,0.3475496498265916,0.9972251165217113,1.0,0.525636434896757,0.9446578575821154,1.0363670010615778e-05
69,0.348197191229084,0.9995104662713273,1.0,0.525636434896757,0.9428966035217636,5.868069291481426e-06
69,0.3483104757375177,0.999956717050779,1.0,0.525636434896757,0.9425840696453653,3.043943566183316e-05
70,0.3483313129855746,1.0,1.0,0.525636434896757,0.9425276840799995,7.303401850289326e-06
70,0.3483313129855746,1.0,1.0,0.525636434896757,0.9425276840799995,7.303401850289326e-06
70,0.3477764660981585,0.9980369114872931,1.0,0.525636434896757,0.9440314044328426,9.785397003803098e-08
70,0.3483313129855746,1.0,1.0,0.525636434896757,0.9425276840799995,7.303401850289326e-06
70,0.3483224426833718,0.9999581791902237,1.0,0.525636434896757,0.9425525069617342,8.206804871235818e-07
70,0.3483600918736729,1.0,1.0,0.525636434896757,0.9425203806781492,7.056113919368112e-05
70,0.3476589567754039,0.9976238760677404,1.0,0.525636434896757,0.9443504886632728,5.248771139942932e-07
70,0.3475901320280438,0.9973805668029557,1.0,0.525636434896757,0.9445378006366529,3.2541183569989585e-07
70,0.3483468124112107,0.9999901901804229,1.0,0.525636434896757,0.9425279162318336,4.216920188560014e-05
70,0.3481952526171974,0.9995190783419894,1.0,0.525636434896757,0.9428959850909107,6.003414563915399e-06
70,0.34817885821909594,0.9994560736348082,1.0,0.525636434896757,0.9429403824221632,1.953612343452704e-06
70,0.3481952526171974,0.9995190783419894,1.0,0.525636434896757,0.9428959850909107,6.003414563915399e-06
70,0.3481952526171974,0.9995190783419894,1.0,0.525636434896757,0.9428959850909107,6.003414563915399e-06
70,0.3481804976589061,0.9994623741055263,1.0,0.525636434896757,0.9429359425008939,2.3586792849972227e-06
70,0.34831845900950026,0.9999535324335819,1.0,0.525636434896757,0.9425624661248566,6.3894101798300795e-06
70,0.3481970068441532,0.9995104662713273,1.0,0.525636434896757,0.9428966035217636,5.368769070424051e-06
70,0.3481200592170693,0.9992452730597824,1.0,0.525636434896757,0.9431005672031276,9.18022759033299e-07
70,0.34831913413296217,0.9999911711623806,1.0,0.525636434896757,0.9425606392196683,3.347654985608184e-05
70,0.34836013959752365,1.0,1.0,0.525636434896757,0.9425203806781492,7.069025079198266e-05
70,0.3480837326000499,0.9991149469444512,1.0,0.525636434896757,0.9432008424591667,2.7697776118218442e-06
70,0.3483313129855746,1.0,1.0,0.525636434896757,0.9425276840799995,7.303401850289326e-06
70,0.34831688020524004,0.9999612832971777,1.0,0.525636434896757,0.9425667384461748,1.6616117400336528e-05
70,0.34831845900950026,0.9999535324335819,1.0,0.525636434896757,0.9425624661248566,6.3894101798300795e-06
70,0.3480335748724416,0.999035215036963,1.0,0.525636434896757,0.9433340040263731,7.180150531715945e-05
70,0.3479958940015345,0.9988032305645324,1.0,0.525636434896757,0.9434407887922629,4.640897704799585e-06
70,0.3474644913166799,0.9969328538840594,1.0,0.525636434896757,0.944883678449224,4.665130813874541e-06
70,0.34881084391469513,1.0,1.0,0.525636434896757,0.9425203806781492,0.0012884452328550955
70,0.34826292667731273,0.9997655030959757,1.0,0.525636434896757,0.9427127626043741,1.220928137923849e-05
70,0.3481868414910785,0.9994937123636068,1.0,0.525636434896757,0.9429187625657598,9.276590173357135e-06
70,0.3476722333957794,0.9976801488514588,1.0,0.525636434896757,0.9443144265861237,7.892829213651531e-06
70,0.34848259392906317,1.0,1.0,0.525636434896757,0.9425203806781492,0.00040186043986378817
70,0.3481952526171974,0.9952663861904005,1.0,0.525636434896757,0.946173832415059,0.003277847324148375
70,0.3482605004107477,0.9997392008519175,1.0,0.525636434896757,0.9427207675818239,1.4372718182276145e-06
70,0.3483177069487369,0.999951907834199,1.0,0.525636434896757,0.9425645012331259,7.176453347357281e-06
70,0.3483727563619648,0.9999901901804229,1.0,0.525636434896757,0.9425279162318336,0.00011235782395968563
70,0.3482085320796596,0.9995701121548062,1.0,0.525636434896757,0.9428600263172153,9.2823419370891e-06
70,0.3481200592170693,1.0,1.0,0.525636434896757,0.9430996491803686,0.0005792685022193433
70,0.3483340112618387,1.0,1.0,0.525636434896757,0.9425203830413738,2.363224504975392e-09
70,0.34801783941984965,0.998839157978989,1.0,0.525636434896757,0.9434131257236671,3.64693221146517e-05
70,0.3480727982856579,0.9990862488497798,1.0,0.525636434896757,0.9432277021851581,4.7753814407247575e-06
71,0.3483600918736729,1.0,1.0,0.525636434896757,0.9425203806781492,7.056113919368112e-05
71,0.3483340112618387,1.0,1.0,0.525636434896757,0.9425203830413738,2.363224504975392e-09
71,0.34836013959752365,1.0,1.0,0.525636434896757,0.9425203806781492,7.069025079198266e-05
71,0.3483313129855746,1.0,1.0,0.525636434896757,0.9425276840799995,7.303401850289326e-06
71,0.3483313129855746,1.0,1.0,0.525636434896757,0.9425276840799995,7.303401850289326e-06
71,0.3477764660981585,0.9980369114872931,1.0,0.525636434896757,0.9440314044328426,9.785397003803098e-08
71,0.3483313129855746,1.0,1.0,0.525636434896757,0.9425276840799995,7.303401850289326e-06
71,0.3483224426833718,0.9999581791902237,1.0,0.525636434896757,0.9425525069617342,8.206804871235818e-07
71,0.3483313129855746,1.0,1.0,0.525636434896757,0.9425276840799995,7.303401850289326e-06
71,0.34848259392906317,1.0,1.0,0.525636434896757,0.9425203806781492,0.00040186043986378817
71,0.3476589567754039,0.9976238760677404,1.0,0.525636434896757,0.9443504886632728,5.248771139942932e-07
71,0.3475901320280438,0.9973805668029557,1.0,0.525636434896757,0.9445378006366529,3.2541183569989585e-07
71,0.34831845900950026,0.9999535324335819,1.0,0.525636434896757,0.9425624661248566,6.3894101798300795e-06
71,0.3481200592170693,0.9992452730597824,1.0,0.525636434896757,0.9431005672031276,9.18022759033299e-07
71,0.34831845900950026,0.9999535324335819,1.0,0.525636434896757,0.9425624661248566,6.3894101798300795e-06
71,0.3482605004107477,0.9997392008519175,1.0,0.525636434896757,0.9427207675818239,1.4372718182276145e-06
71,0.3483468124112107,0.9999901901804229,1.0,0.525636434896757,0.9425279162318336,4.216920188560014e-05
71,0.34831913413296217,0.9999911711623806,1.0,0.525636434896757,0.9425606392196683,3.347654985608184e-05
71,0.34881084391469513,1.0,1.0,0.525636434896757,0.9425203806781492,0.0012884452328550955
71,0.34817885821909594,0.9994560736348082,1.0,0.525636434896757,0.9429403824221632,1.953612343452704e-06
71,0.3475597881468699,0.9973263909333939,1.0,0.525636434896757,0.9446199385413674,4.030119080500327e-05
71,0.3488656209999013,1.0,1.0,0.525636434896757,0.9425203806781492,0.001436232629134282
71,0.3483277276790902,0.9999958179190224,1.0,0.525636434896757,0.9425373854340385,1.3792248450550382e-05
71,0.34895014395564417,1.0,1.0,0.525636434896757,0.9425203806781492,0.0016641827101006035
71,0.3489634234181064,1.0,1.0,0.525636434896757,0.9425203806781492,0.0016999860742614725
71,0.34754783663065386,0.9973175620957745,1.0,0.525636434896757,0.9446524222437274,6.596649059509296e-05
71,0.3483230502944875,0.9982750411483401,1.0,0.525636434896757,0.9438477091626298,0.0012976670587623307
71,0.3482172919040084,0.9979033092707427,1.0,0.525636434896757,0.9441343519493341,0.0012980444088261933
71,0.348306402535151,1.0,1.0,0.525636434896757,0.9425950925138064,7.471183565710415e-05
71,0.3483599552125929,1.0,1.0,0.525636434896757,0.9425203806781492,7.019141756547942e-05
71,0.3481871768644524,0.9999623612712013,1.0,0.525636434896757,0.9429178543478045,0.0003685601353526913
71,0.34837028496186145,0.9999901901804229,1.0,0.525636434896757,0.9425279162318336,0.00010567216217316489
71,0.3476613852240416,0.9976238760677404,1.0,0.525636434896757,0.9443499637861588,6.07150300913073e-06
71,0.34839613980991696,1.0,1.0,0.525636434896757,0.9425203806781492,0.00016807476528890586
71,0.34709076982936926,0.9956137871415195,1.0,0.525636434896757,0.9459045235483061,8.134892193423227e-06
71,0.34880983793619225,1.0,1.0,0.525636434896757,0.9425203806781492,0.0012857306904667798
71,0.3476613852240416,0.9999901901804229,1.0,0.525636434896757,0.9443438922831496,0.001815976051316004
71,0.3483856099352123,1.0,1.0,0.525636434896757,0.9425203806781492,0.00013959238427929677
71,0.34899947135435044,1.0,1.0,0.525636434896757,0.9425203806781492,0.001797162821759124
71,0.34764738819693697,0.9975820552579641,1.0,0.525636434896757,0.9443822432909024,3.297037903804423e-07
72,0.3483340112618387,1.0,1.0,0.525636434896757,0.9425203830413738,2.363224504975392e-09
72,0.3483599552125929,1.0,1.0,0.525636434896757,0.9425203806781492,7.019141756547942e-05
72,0.3483313129855746,1.0,1.0,0.525636434896757,0.9425276840799995,7.303401850289326e-06
72,0.3483313129855746,1.0,1.0,0.525636434896757,0.9425276840799995,7.303401850289326e-06
72,0.3477764660981585,0.9980369114872931,1.0,0.525636434896757,0.9440314044328426,9.785397003803098e-08
72,0.3483313129855746,1.0,1.0,0.525636434896757,0.9425276840799995,7.303401850289326e-06
72,0.3483224426833718,0.9999581791902237,1.0,0.525636434896757,0.9425525069617342,8.206804871235818e-07
72,0.3483313129855746,1.0,1.0,0.525636434896757,0.9425276840799995,7.303401850289326e-06
72,0.3483600918736729,1.0,1.0,0.525636434896757,0.9425203806781492,7.056113919368112e-05
72,0.3476589567754039,0.9976238760677404,1.0,0.525636434896757,0.9443504886632728,5.248771139942932e-07
72,0.3475901320280438,0.9973805668029557,1.0,0.525636434896757,0.9445378006366529,3.2541183569989585e-07
72,0.34764738819693697,0.9975820552579641,1.0,0.525636434896757,0.9443822432909024,3.297037903804423e-07
72,0.34831845900950026,0.9999535324335819,1.0,0.525636434896757,0.9425624661248566,6.3894101798300795e-06
72,0.3481200592170693,0.9992452730597824,1.0,0.525636434896757,0.9431005672031276,9.18022759033299e-07
72,0.34831845900950026,0.9999535324335819,1.0,0.525636434896757,0.9425624661248566,6.3894101798300795e-06
72,0.3482605004107477,0.9997392008519175,1.0,0.525636434896757,0.9427207675818239,1.4372718182276145e-06
72,0.3483468124112107,0.9999901901804229,1.0,0.525636434896757,0.9425279162318336,4.216920188560014e-05
72,0.3483277276790902,0.9999958179190224,1.0,0.525636434896757,0.9425373854340385,1.3792248450550382e-05
72,0.34836013959752365,1.0,1.0,0.525636434896757,0.9425203806781492,7.069025079198266e-05
72,0.34817885821909594,0.9994560736348082,1.0,0.525636434896757,0.9429403824221632,1.953612343452704e-06
72,0.3489910381909937,1.0,1.0,0.525636434896757,0.9425203806781492,0.0017744307980714913
72,0.34842387091486793,1.0,1.0,0.525636434896757,0.9425203806781492,0.0002430767178027704
72,0.3471571661280917,0.9958570964063042,1.0,0.525636434896757,0.9457160195311314,5.403452199015391e-07
72,0.34872760825486065,1.0,1.0,0.525636434896757,0.9425203806781492,0.0010637883398392223
72,0.34819410369574383,0.9995104662713273,1.0,0.525636434896757,0.9428990963251652,2.492803401588084e-06
72,0.34851821460139343,1.0,1.0,0.525636434896757,0.9425203806781492,0.000498150658289731
72,0.34819410369574383,0.9995104662713273,1.0,0.525636434896757,0.9428990963251652,2.492803401588084e-06
72,0.3482380524109918,0.9997610986857481,1.0,0.525636434896757,0.9427800995541745,7.616135124088874e-05
72,0.3470538361862503,0.9954853645287067,1.0,0.525636434896757,0.946004056207679,7.0047842867237975e-06
72,0.3481616819601875,0.9994611385995477,1.0,0.525636434896757,0.9429869015796017,5.23676731762901e-05
72,0.34838585621188134,1.0,1.0,0.525636434896757,0.9425203806781492,0.00014025856057986452
72,0.34831974440710767,0.9975820552579641,1.0,0.525636434896757,0.9443822432909024,0.001823255486051334
72,0.34759522545805965,0.9973891568344662,1.0,0.525636434896757,0.9445311674976207,7.532898799511578e-06
72,0.3476529513729564,0.9976006893128838,1.0,0.525636434896757,0.9443678602110979,1.0587143016715928e-06
72,0.34818368403873046,0.9994772575322131,1.0,0.525636434896757,0.9429273132853621,5.174402026741909e-06
72,0.34773776097488796,0.9979033092707427,1.0,0.525636434896757,0.9441364803143698,2.128365035658497e-06
72,0.34765891382393826,0.9976238760677404,1.0,0.525636434896757,0.9443506053329046,6.41546745838717e-07
72,0.3483948876100392,1.0,1.0,0.525636434896757,0.9425203806781492,0.00016468776541933572
72,0.3482231538279643,1.0,1.0,0.525636434896757,0.9428204360091034,0.00030005533095411874
72,0.3483023082054222,0.9999962361271202,1.0,0.525636434896757,0.9426061728167716,8.290088313667177e-05
73,0.3483340112618387,1.0,1.0,0.525636434896757,0.9425203830413738,2.363224504975392e-09
73,0.3483599552125929,1.0,1.0,0.525636434896757,0.9425203806781492,7.019141756547942e-05
73,0.3483313129855746,1.0,1.0,0.525636434896757,0.9425276840799995,7.303401850289326e-06
73,0.3483313129855746,1.0,1.0,0.525636434896757,0.9425276840799995,7.303401850289326e-06
73,0.3477764660981585,0.9980369114872931,1.0,0.525636434896757,0.9440314044328426,9.785397003803098e-08
73,0.3483313129855746,1.0,1.0,0.525636434896757,0.9425276840799995,7.303401850289326e-06
73,0.3483224426833718,0.9999581791902237,1.0,0.525636434896757,0.9425525069617342,8.206804871235818e-07
73,0.3483313129855746,1.0,1.0,0.525636434896757,0.9425276840799995,7.303401850289326e-06
73,0.3483600918736729,1.0,1.0,0.525636434896757,0.9425203806781492,7.056113919368112e-05
73,0.3476589567754039,0.9976238760677404,1.0,0.525636434896757,0.9443504886632728,5.248771139942932e-07
73,0.3475901320280438,0.9973805668029557,1.0,0.525636434896757,0.9445378006366529,3.2541183569989585e-07
73,0.34764738819693697,0.9975820552579641,1.0,0.525636434896757,0.9443822432909024,3.297037903804423e-07
73,0.34831845900950026,0.9999535324335819,1.0,0.525636434896757,0.9425624661248566,6.3894101798300795e-06
73,0.3481200592170693,0.9992452730597824,1.0,0.525636434896757,0.9431005672031276,9.18022759033299e-07
73,0.34831845900950026,0.9999535324335819,1.0,0.525636434896757,0.9425624661248566,6.3894101798300795e-06
73,0.3482605004107477,0.9997392008519175,1.0,0.525636434896757,0.9427207675818239,1.4372718182276145e-06
73,0.3483468124112107,0.9999901901804229,1.0,0.525636434896757,0.9425279162318336,4.216920188560014e-05
73,0.3483277276790902,0.9999958179190224,1.0,0.525636434896757,0.9425373854340385,1.3792248450550382e-05
73,0.34836013959752365,1.0,1.0,0.525636434896757,0.9425203806781492,7.069025079198266e-05
73,0.3471571661280917,0.9958570964063042,1.0,0.525636434896757,0.9457160195311314,5.403452199015391e-07
73,0.3475825700462108,0.9973539924279406,1.0,0.525636434896757,0.944558321834845,2.973195190048017e-07
73,0.3483815866873121,1.0,1.0,0.525636434896757,0.9425203806781492,0.00012870939946707516
73,0.34706332704533466,0.9955166598254561,1.0,0.525636434896757,0.9459797987350433,8.616725051369123e-06
73,0.3489983758473524,1.0,1.0,0.525636434896757,0.9425203806781492,0.0017942098886316593
73,0.34892756327252544,1.0,1.0,0.525636434896757,0.9425203806781492,0.0016032956440102941
73,0.3493719644053989,1.0,1.0,0.525636434896757,0.9425203806781492,0.0028001421569924245
73,0.34903965327730485,0.9999581791902237,1.0,0.525636434896757,0.9425525069617342,0.00193758645035369
73,0.3484474020265665,1.0,1.0,0.525636434896757,0.9425203806781492,0.00030670994421777564
73,0.3481375992874354,0.9993165636728265,1.0,0.525636434896757,0.9430521333872017,6.4073966581368325e-06
73,0.3478319507869001,0.9982332203385638,1.0,0.525636434896757,0.9438808165171316,8.699481180984847e-07
73,0.3482744974378523,0.9997810216616938,1.0,0.525636434896757,0.9426886272234012,7.184464960841019e-06
73,0.34824180366391394,0.9997652807667258,1.0,0.525636434896757,0.9427699439480526,6.921976116647244e-05
73,0.3480304269004366,0.9990105538265082,1.0,0.525636434896757,0.9433425365821438,6.135330955470142e-05
73,0.3481200592170693,0.9999572963064618,1.0,0.525636434896757,0.9430996491803686,0.0005464639681284078
73,0.3483481880813077,0.9999911711623806,1.0,0.525636434896757,0.9425271626698122,4.513763268532145e-05
73,0.34830008403910206,0.9999623612712013,1.0,0.525636434896757,0.9426121920886374,6.289787618563025e-05
73,0.3486405467925944,1.0,1.0,0.525636434896757,0.9425203806781492,0.000828690649372188
73,0.3476331787710875,0.9976238760677404,1.0,0.525636434896757,0.9444205149794863,7.055119332755044e-05
73,0.34812481571321585,0.9992791479157013,1.0,0.525636434896757,0.9430867634289605,1.2255866144506022e-05
73,0.3478319507869001,0.9982332203385638,1.0,0.525636434896757,0.9438808165171316,8.699481180984847e-07
74,0.3483340112618387,1.0,1.0,0.525636434896757,0.9425203830413738,2.363224504975392e-09
74,0.3483599552125929,1.0,1.0,0.525636434896757,0.9425203806781492,7.019141756547942e-05
74,0.3483313129855746,1.0,1.0,0.525636434896757,0.9425276840799995,7.303401850289326e-06
74,0.3483313129855746,1.0,1.0,0.525636434896757,0.9425276840799995,7.303401850289326e-06
74,0.3477764660981585,0.9980369114872931,1.0,0.525636434896757,0.9440314044328426,9.785397003803098e-08
74,0.3483313129855746,1.0,1.0,0.525636434896757,0.9425276840799995,7.303401850289326e-06
74,0.3483224426833718,0.9999581791902237,1.0,0.525636434896757,0.9425525069617342,8.206804871235818e-07
74,0.3483313129855746,1.0,1.0,0.525636434896757,0.9425276840799995,7.303401850289326e-06
74,0.3483481880813077,0.9999911711623806,1.0,0.525636434896757,0.9425271626698122,4.513763268532145e-05
74,0.3483600918736729,1.0,1.0,0.525636434896757,0.9425203806781492,7.056113919368112e-05
74,0.3475825700462108,0.9973539924279406,1.0,0.525636434896757,0.944558321834845,2.973195190048017e-07
74,0.34836013959752365,1.0,1.0,0.525636434896757,0.9425203806781492,7.069025079198266e-05
74,0.3483468124112107,0.9999901901804229,1.0,0.525636434896757,0.9425279162318336,4.216920188560014e-05
74,0.3481200592170693,0.9992452730597824,1.0,0.525636434896757,0.9431005672031276,9.18022759033299e-07
74,0.3483277276790902,0.9999958179190224,1.0,0.525636434896757,0.9425373854340385,1.3792248450550382e-05
74,0.3478319507869001,0.9982332203385638,1.0,0.525636434896757,0.9438808165171316,8.699481180984847e-07
74,0.3482605004107477,0.9997392008519175,1.0,0.525636434896757,0.9427207675818239,1.4372718182276145e-06
74,0.3476589567754039,0.9976238760677404,1.0,0.525636434896757,0.9443504886632728,5.248771139942932e-07
74,0.3478319507869001,0.9982332203385638,1.0,0.525636434896757,0.9438808165171316,8.699481180984847e-07
74,0.34831845900950026,0.9999535324335819,1.0,0.525636434896757,0.9425624661248566,6.3894101798300795e-06
74,0.3483224426833718,0.9999581791902237,1.0,0.525636434896757,0.9425525069617342,8.206804871235818e-07
74,0.3483599552125929,0.9981951634016674,1.0,0.525636434896757,0.9439092849563562,0.0014590956957724055
74,0.3476848577746924,0.9976238760677404,1.0,0.525636434896757,0.9443499637861588,6.982509849640106e-05
74,0.3483706686257216,1.0,1.0,0.525636434896757,0.9425203806781492,9.917450687557672e-05
74,0.3477764660981585,0.999451590156259,1.0,0.525636434896757,0.9440314044328426,0.0010895278433142863
74,0.3477851734326522,0.9981490991566249,1.0,0.525636434896757,0.9440077691607975,6.296992845467031e-05
74,0.34786903303069316,0.9983634307382893,1.0,0.525636434896757,0.9437802004371543,6.171551596434455e-07
74,0.34826758166823035,0.9997652807667257,1.0,0.525636434896757,0.9427007241868861,5.62006916227098e-07
74,0.34871700764703745,1.0,1.0,0.525636434896757,0.9425203806781492,0.001035169110290668
74,0.3484577100598852,1.0,1.0,0.525636434896757,0.9425203806781492,0.0003345823935939629
74,0.3480933030524426,0.9992113982038635,1.0,0.525636434896757,0.943172140461238,4.551185087231513e-05
74,0.34818409697839486,0.9993906557291766,1.0,0.525636434896757,0.9429887380233166,6.254303166919328e-05
74,0.34784351936536706,0.9982750411483401,1.0,0.525636434896757,0.943849424932554,1.715769924137689e-06
74,0.34763419866565715,0.9976185931851466,1.0,0.525636434896757,0.9444177442240325,6.3702980047875e-05
74,0.3483277276790902,0.9978614884609663,1.0,0.525636434896757,0.9441666133783957,0.001629227944357159
74,0.3483313129855746,1.0,1.0,0.525636434896757,0.9425276840799995,7.303401850289326e-06
74,0.34831974440710767,0.9999581791902237,1.0,0.525636434896757,0.942558987804851,6.4808431168295044e-06
74,0.3483599552125929,1.0,1.0,0.525636434896757,0.9425203806781492,7.019141756547942e-05
74,0.34828725657537435,0.9997730757078362,1.0,0.525636434896757,0.9426947336845921,4.782506975298251e-05
74,0.34882180488204634,1.0,1.0,0.525636434896757,0.9425203806781492,0.001318021401375491
75,0.3483340112618387,1.0,1.0,0.525636434896757,0.9425203830413738,2.363224504975392e-09
75,0.3483599552125929,1.0,1.0,0.525636434896757,0.9425203806781492,7.019141756547942e-05
75,0.3483599552125929,1.0,1.0,0.525636434896757,0.9425203806781492,7.019141756547942e-05
75,0.3483313129855746,1.0,1.0,0.525636434896757,0.9425276840799995,7.303401850289326e-06
75,0.3483313129855746,1.0,1.0,0.525636434896757,0.9425276840799995,7.303401850289326e-06
75,0.3477764660981585,0.9980369114872931,1.0,0.525636434896757,0.9440314044328426,9.785397003803098e-08
75,0.3483313129855746,1.0,1.0,0.525636434896757,0.9425276840799995,7.303401850289326e-06
75,0.3483224426833718,0.9999581791902237,1.0,0.525636434896757,0.9425525069617342,8.206804871235818e-07
75,0.3483313129855746,1.0,1.0,0.525636434896757,0.9425276840799995,7.303401850289326e-06
75,0.3483481880813077,0.9999911711623806,1.0,0.525636434896757,0.9425271626698122,4.513763268532145e-05
75,0.3483224426833718,0.9999581791902237,1.0,0.525636434896757,0.9425525069617342,8.206804871235818e-07
75,0.34826758166823035,0.9997652807667257,1.0,0.525636434896757,0.9427007241868861,5.62006916227098e-07
75,0.3483313129855746,1.0,1.0,0.525636434896757,0.9425276840799995,7.303401850289326e-06
75,0.3483600918736729,1.0,1.0,0.525636434896757,0.9425203806781492,7.056113919368112e-05
75,0.3475825700462108,0.9973539924279406,1.0,0.525636434896757,0.944558321834845,2.973195190048017e-07
75,0.34836013959752365,1.0,1.0,0.525636434896757,0.9425203806781492,7.069025079198266e-05
75,0.3483468124112107,0.9999901901804229,1.0,0.525636434896757,0.9425279162318336,4.216920188560014e-05
75,0.34786903303069316,0.9983634307382893,1.0,0.525636434896757,0.9437802004371543,6.171551596434455e-07
75,0.3481200592170693,0.9992452730597824,1.0,0.525636434896757,0.9431005672031276,9.18022759033299e-07
75,0.3483277276790902,0.9999958179190224,1.0,0.525636434896757,0.9425373854340385,1.3792248450550382e-05
75,0.34832633059737395,0.9999623612712013,1.0,0.525636434896757,0.9425492942124518,8.128410325602964e-06
75,0.3478319507869001,0.9982332203385638,1.0,0.525636434896757,0.9438808165171316,8.699481180984847e-07
75,0.3483173635025022,1.0,1.0,0.525636434896757,0.9425654306161022,4.5049937952956753e-05
75,0.34839371648889184,1.0,1.0,0.525636434896757,0.9425203806781492,0.00016152004848046797
75,0.3480627010314594,0.9990340257498355,1.0,0.525636434896757,0.9432631178464879,8.052747060616205e-06
75,0.3483271991795184,0.9999920540461424,1.0,0.525636434896757,0.9425388154992311,1.2331033974133376e-05
75,0.34832602798985624,0.9999623612712013,1.0,0.525636434896757,0.9425492942124518,7.30957963601675e-06
75,0.34847875299085274,1.0,1.0,0.525636434896757,0.9425203806781492,0.000391476394978163
75,0.34805916142234794,0.9990426849844851,1.0,0.525636434896757,0.9432646575899672,8.204205112605223e-06
75,0.34786903303069316,0.9983634307382893,1.0,0.525636434896757,0.9437802004371543,6.171551596434455e-07
75,0.348561889180779,1.0,1.0,0.525636434896757,0.9425203806781492,0.0006161854343997852
75,0.34899631132879927,1.0,1.0,0.525636434896757,0.9425203806781492,0.0017886449397643833
75,0.34830182667980175,0.9999958179190224,1.0,0.525636434896757,0.942607475965323,8.388277973503389e-05
75,0.3483055349812582,1.0,1.0,0.525636434896757,0.9425974403146804,7.705963653115155e-05
75,0.3483705035942931,1.0,1.0,0.525636434896757,0.9425203806781492,9.872805944155516e-05
75,0.34824180366391394,0.9997652807667257,1.0,0.525636434896757,0.9427699439480526,6.921976116647244e-05
75,0.3483468124112107,1.0,1.0,0.525636434896757,0.9425203806781492,3.463364820122106e-05
75,0.34833401126183877,1.0,1.0,0.525636434896757,0.9425203830413736,2.3632243939530895e-09
75,0.3483858698779893,1.0,1.0,0.525636434896757,0.9425203806781492,0.00014029552725836059
75,0.3483277276790902,1.0,1.0,0.525636434896757,0.9425373854340385,1.700475588928274e-05
76,0.3483468124112107,1.0,1.0,0.525636434896757,0.9425203806781492,3.463364820122106e-05
76,0.34833401126183877,1.0,1.0,0.525636434896757,0.9425203830413736,2.3632243939530895e-09
76,0.3483599552125929,1.0,1.0,0.525636434896757,0.9425203806781492,7.019141756547942e-05
76,0.3483599552125929,1.0,1.0,0.525636434896757,0.9425203806781492,7.019141756547942e-05
76,0.3483340112618387,1.0,1.0,0.525636434896757,0.9425203830413738,2.363224504975392e-09
76,0.3483600918736729,1.0,1.0,0.525636434896757,0.9425203806781492,7.056113919368112e-05
76,0.3483313129855746,1.0,1.0,0.525636434896757,0.9425276840799995,7.303401850289326e-06
76,0.3483313129855746,1.0,1.0,0.525636434896757,0.9425276840799995,7.303401850289326e-06
76,0.3477764660981585,0.9980369114872931,1.0,0.525636434896757,0.9440314044328426,9.785397003803098e-08
76,0.3483313129855746,1.0,1.0,0.525636434896757,0.9425276840799995,7.303401850289326e-06
76,0.3483224426833718,0.9999581791902237,1.0,0.525636434896757,0.9425525069617342,8.206804871235818e-07
76,0.3483313129855746,1.0,1.0,0.525636434896757,0.9425276840799995,7.303401850289326e-06
76,0.3483481880813077,0.9999911711623806,1.0,0.525636434896757,0.9425271626698122,4.513763268532145e-05
76,0.3483224426833718,0.9999581791902237,1.0,0.525636434896757,0.9425525069617342,8.206804871235818e-07
76,0.34826758166823035,0.9997652807667257,1.0,0.525636434896757,0.9427007241868861,5.62006916227098e-07
76,0.3483313129855746,1.0,1.0,0.525636434896757,0.9425276840799995,7.303401850289326e-06
76,0.34836013959752365,1.0,1.0,0.525636434896757,0.9425203806781492,7.069025079198266e-05
76,0.3475825700462108,0.9973539924279406,1.0,0.525636434896757,0.944558321834845,2.973195190048017e-07
76,0.3483468124112107,0.9999901901804229,1.0,0.525636434896757,0.9425279162318336,4.216920188560014e-05
76,0.3481200592170693,0.9992452730597824,1.0,0.525636434896757,0.9431005672031276,9.18022759033299e-07
76,0.34834831107627967,0.9999911711623806,1.0,0.525636434896757,0.9425271626698122,4.547040464442098e-05
76,0.34883819133790267,1.0,1.0,0.525636434896757,0.9425203806781492,0.001362233793398282
76,0.3483459581854882,0.9999581791902237,1.0,0.525636434896757,0.9425525069617342,6.444873641564541e-05
76,0.3481646672915384,0.9993583844826028,1.0,0.525636434896757,0.9430135584409407,3.474248465795693e-05
76,0.34814340877274796,0.9992452730597824,1.0,0.525636434896757,0.9431005672031276,6.417057084961986e-05
76,0.3483937978960863,1.0,1.0,0.525636434896757,0.9425203806781492,0.00016174024410764432
76,0.3481913668857516,0.9994565203697293,1.0,0.525636434896757,0.9429380852738842,3.1577691845585676e-05
76,0.34904645906095455,1.0,1.0,0.525636434896757,0.9425203806781492,0.00192380048067875
76,0.3483559440168937,1.0,1.0,0.525636434896757,0.9425203806781492,5.9339436423999636e-05
76,0.34855026798917843,1.0,1.0,0.525636434896757,0.9425203806781492,0.0005847809280884464
76,0.3483572139848631,1.0,1.0,0.525636434896757,0.9425203806781492,6.277526402653777e-05
76,0.34836199999737044,0.9999920540461426,1.0,0.525636434896757,0.9425264844652568,8.182711629112216e-05
76,0.3482964987326177,0.9999911711623806,1.0,0.525636434896757,0.94262189518243,9.473251261782334e-05
76,0.3483577111488859,1.0,1.0,0.525636434896757,0.9425203806781492,6.412030677460656e-05
76,0.3483482206876882,0.9999581791902237,1.0,0.525636434896757,0.9425525069617342,7.057014359523883e-05
76,0.34904800067748926,1.0,1.0,0.525636434896757,0.9425203806781492,0.0019279547495287819
76,0.3490191311140745,1.0,1.0,0.525636434896757,0.9425203806781492,0.0018501524453303775
76,0.3483836121481744,1.0,1.0,0.525636434896757,0.9425203806781492,0.00013418835248069083
76,0.34903643669158885,1.0,1.0,0.525636434896757,0.9425203806781492,0.0018967918210293089
76,0.34899631132879927,1.0,1.0,0.525636434896757,0.9425203806781492,0.0017886449397643833
77,0.3483468124112107,1.0,1.0,0.525636434896757,0.9425203806781492,3.463364820122106e-05
77,0.34833401126183877,1.0,1.0,0.525636434896757,0.9425203830413736,2.3632243939530895e-09
77,0.3483559440168937,1.0,1.0,0.525636434896757,0.9425203806781492,5.9339436423999636e-05
77,0.3483340112618387,1.0,1.0,0.525636434896757,0.9425203830413738,2.363224504975392e-09
77,0.3483572139848631,1.0,1.0,0.525636434896757,0.9425203806781492,6.277526402653777e-05
77,0.3483313129855746,1.0,1.0,0.525636434896757,0.9425276840799995,7.303401850289326e-06
77,0.3483313129855746,1.0,1.0,0.525636434896757,0.9425276840799995,7.303401850289326e-06
77,0.3477764660981585,0.9980369114872931,1.0,0.525636434896757,0.9440314044328426,9.785397003803098e-08
77,0.3483313129855746,1.0,1.0,0.525636434896757,0.9425276840799995,7.303401850289326e-06
77,0.3483224426833718,0.9999581791902237,1.0,0.525636434896757,0.9425525069617342,8.206804871235818e-07
77,0.3483313129855746,1.0,1.0,0.525636434896757,0.9425276840799995,7.303401850289326e-06
77,0.3483481880813077,0.9999911711623806,1.0,0.525636434896757,0.9425271626698122,4.513763268532145e-05
77,0.3483224426833718,0.9999581791902237,1.0,0.525636434896757,0.9425525069617342,8.206804871235818e-07
77,0.34826758166823035,0.9997652807667257,1.0,0.525636434896757,0.9427007241868861,5.62006916227098e-07
77,0.3483313129855746,1.0,1.0,0.525636434896757,0.9425276840799995,7.303401850289326e-06
77,0.3483577111488859,1.0,1.0,0.525636434896757,0.9425203806781492,6.412030677460656e-05
77,0.3475825700462108,0.9973539924279406,1.0,0.525636434896757,0.944558321834845,2.973195190048017e-07
77,0.3481200592170693,0.9992452730597824,1.0,0.525636434896757,0.9431005672031276,9.18022759033299e-07
77,0.3481913668857516,0.9994565203697293,1.0,0.525636434896757,0.9429380852738842,3.1577691845585676e-05
77,0.3483468124112107,0.9999901901804229,1.0,0.525636434896757,0.9425279162318336,4.216920188560014e-05
77,0.3483468124112107,0.9973539924279406,1.0,0.525636434896757,0.944558321834845,0.002072574804896976
77,0.34834382012574644,1.0,1.0,0.525636434896757,0.9425203806781492,2.6537663056491745e-05
77,0.3483559440168937,0.9976185931851466,1.0,0.525636434896757,0.9443540412439846,0.0018930000022593374
77,0.3483808820070282,1.0,1.0,0.525636434896757,0.9425203806781492,0.00012680319604763124
77,0.3483437616658135,1.0,1.0,0.525636434896757,0.9425203806781492,2.637949135142481e-05
77,0.3481259970077601,0.9993286917076616,1.0,0.525636434896757,0.9430835632564518,4.716613247079948e-05
77,0.3483313129855746,1.0,1.0,0.525636434896757,0.9425276840799995,7.303401850289326e-06
77,0.3475849984948485,0.9973539924279406,1.0,0.525636434896757,0.944558321834845,6.896599266892345e-06
77,0.34885900463217534,1.0,1.0,0.525636434896757,0.9425203806781492,0.0014183842758338505
77,0.3477904155812309,0.9980280826496737,1.0,0.525636434896757,0.9440381152765667,4.4574883295456225e-05
77,0.34835534116018113,1.0,1.0,0.525636434896757,0.9425203806781492,5.7708432399383724e-05
77,0.3483200617787663,1.0,1.0,0.525636434896757,0.9425581289926801,3.7748314530849925e-05
77,0.3483084932002994,0.9999581791902237,1.0,0.525636434896757,0.9425894347399025,3.6927778168327485e-05
77,0.34826758166823035,0.9976185931851466,1.0,0.525636434896757,0.9443540412439846,0.0016538790640147072
77,0.34882180488204634,1.0,1.0,0.525636434896757,0.9425203806781492,0.001318021401375491
77,0.34847656801978616,1.0,1.0,0.525636434896757,0.9425203806781492,0.0003855691846236242
77,0.34833929625755716,1.0,1.0,0.525636434896757,0.9425203806781492,1.4297534111640253e-05
77,0.34831184333365156,1.0,1.0,0.525636434896757,0.9425803687251973,5.998804704809846e-05
77,0.3490051816310021,1.0,1.0,0.525636434896757,0.9425203806781492,0.0018125545411200594
77,0.34842771419510465,1.0,1.0,0.525636434896757,0.9425203806781492,0.00025347036785383636
78,0.34833401126183877,1.0,1.0,0.525636434896757,0.9425203830413736,2.3632243939530895e-09
78,0.34833929625755716,1.0,1.0,0.525636434896757,0.9425203806781492,1.4297534111640253e-05
78,0.3483340112618387,1.0,1.0,0.525636434896757,0.9425203830413738,2.363224504975392e-09
78,0.3483437616658135,1.0,1.0,0.525636434896757,0.9425203806781492,2.637949135142481e-05
78,0.3483313129855746,1.0,1.0,0.525636434896757,0.9425276840799995,7.303401850289326e-06
78,0.3483313129855746,1.0,1.0,0.525636434896757,0.9425276840799995,7.303401850289326e-06
78,0.3477764660981585,0.9980369114872931,1.0,0.525636434896757,0.9440314044328426,9.785397003803098e-08
78,0.3483313129855746,1.0,1.0,0.525636434896757,0.9425276840799995,7.303401850289326e-06
78,0.3483224426833718,0.9999581791902237,1.0,0.525636434896757,0.9425525069617342,8.206804871235818e-07
78,0.3483313129855746,1.0,1.0,0.525636434896757,0.9425276840799995,7.303401850289326e-06
78,0.3483224426833718,0.9999581791902237,1.0,0.525636434896757,0.9425525069617342,8.206804871235818e-07
78,0.34826758166823035,0.9997652807667257,1.0,0.525636434896757,0.9427007241868861,5.62006916227098e-07
78,0.3483313129855746,1.0,1.0,0.525636434896757,0.9425276840799995,7.303401850289326e-06
78,0.3483313129855746,1.0,1.0,0.525636434896757,0.9425276840799995,7.303401850289326e-06
78,0.34834382012574644,1.0,1.0,0.525636434896757,0.9425203806781492,2.6537663056491745e-05
78,0.3475825700462108,0.9973539924279406,1.0,0.525636434896757,0.944558321834845,2.973195190048017e-07
78,0.3481200592170693,0.9992452730597824,1.0,0.525636434896757,0.9431005672031276,9.18022759033299e-07
78,0.3483468124112107,1.0,1.0,0.525636434896757,0.9425203806781492,3.463364820122106e-05
78,0.3481913668857516,0.9994565203697293,1.0,0.525636434896757,0.9429380852738842,3.1577691845585676e-05
78,0.3475849984948485,0.9973539924279406,1.0,0.525636434896757,0.944558321834845,6.896599266892345e-06
78,0.34759055331819333,0.9973916311567393,1.0,0.525636434896757,0.9445363304171427,7.073545991720387e-06
78,0.3483313129855746,1.0,1.0,0.525636434896757,0.9425276840799995,7.303401850289326e-06
78,0.3482511350146895,0.9997469318802767,1.0,0.525636434896757,0.942744682531397,2.9856644544468125e-05
78,0.34832487113200955,0.9999581791902237,1.0,0.525636434896757,0.9425525069617342,7.391955011759599e-06
78,0.3483313129855746,1.0,1.0,0.525636434896757,0.9425276840799995,7.303401850289326e-06
78,0.34709139364051605,0.9956555046724397,1.0,0.525636434896757,0.9458946886407276,2.2492321683165173e-05
78,0.34832454844728644,1.0,1.0,0.525636434896757,0.9425459881720216,2.560749387237049e-05
78,0.3475252118606009,1.0,1.0,0.525636434896757,0.9447139215049098,0.0021935408267605983
78,0.34834526768799334,0.9999581791902237,1.0,0.525636434896757,0.9425525069617342,6.258051628571515e-05
78,0.3484652477473979,1.0,1.0,0.525636434896757,0.9425203806781492,0.0003549629111689878
78,0.34835801622342566,1.0,1.0,0.525636434896757,0.9425203806781492,6.49456628611933e-05
78,0.3480867891421607,0.9991207720893769,1.0,0.525636434896757,0.9431963599294402,6.56944850196961e-06
78,0.348529424649212,1.0,1.0,0.525636434896757,0.9425203806781492,0.0005284497190505277
78,0.3490074614354845,1.0,1.0,0.525636434896757,0.9425203806781492,0.0018186994811271173
78,0.3490054244758659,1.0,1.0,0.525636434896757,0.9425203806781492,0.0018132091041934695
78,0.3475825700462108,0.9994565203697293,1.0,0.525636434896757,0.944558024515326,0.0016199392414417702
78,0.3490191311140745,1.0,1.0,0.525636434896757,0.9425203806781492,0.0018501524453303775
78,0.34899631132879927,1.0,1.0,0.525636434896757,0.9425203806781492,0.0017886449397643833
78,0.3483462485743841,1.0,1.0,0.525636434896757,0.9425203806781492,3.3108131066050817e-05
78,0.3488386584562317,1.0,1.0,0.525636434896757,0.9425203806781492,0.0013634940671924944
79,0.34833401126183877,1.0,1.0,0.525636434896757,0.9425203830413736,2.3632243939530895e-09
79,0.34833929625755716,1.0,1.0,0.525636434896757,0.9425203806781492,1.4297534111640253e-05
79,0.3483340112618387,1.0,1.0,0.525636434896757,0.9425203830413738,2.363224504975392e-09
79,0.3483437616658135,1.0,1.0,0.525636434896757,0.9425203806781492,2.637949135142481e-05
79,0.3483313129855746,1.0,1.0,0.525636434896757,0.9425276840799995,7.303401850289326e-06
79,0.3483313129855746,1.0,1.0,0.525636434896757,0.9425276840799995,7.303401850289326e-06
79,0.3477764660981585,0.9980369114872931,1.0,0.525636434896757,0.9440314044328426,9.785397003803098e-08
79,0.3483313129855746,1.0,1.0,0.525636434896757,0.9425276840799995,7.303401850289326e-06
79,0.3483224426833718,0.9999581791902237,1.0,0.525636434896757,0.9425525069617342,8.206804871235818e-07
79,0.3483313129855746,1.0,1.0,0.525636434896757,0.9425276840799995,7.303401850289326e-06
79,0.3483224426833718,0.9999581791902237,1.0,0.525636434896757,0.9425525069617342,8.206804871235818e-07
79,0.34826758166823035,0.9997652807667257,1.0,0.525636434896757,0.9427007241868861,5.62006916227098e-07
79,0.3483313129855746,1.0,1.0,0.525636434896757,0.9425276840799995,7.303401850289326e-06
79,0.3483313129855746,1.0,1.0,0.525636434896757,0.9425276840799995,7.303401850289326e-06
79,0.3483313129855746,1.0,1.0,0.525636434896757,0.9425276840799995,7.303401850289326e-06
79,0.3483313129855746,1.0,1.0,0.525636434896757,0.9425276840799995,7.303401850289326e-06
79,0.34834382012574644,1.0,1.0,0.525636434896757,0.9425203806781492,2.6537663056491745e-05
79,0.3475825700462108,0.9973539924279406,1.0,0.525636434896757,0.944558321834845,2.973195190048017e-07
79,0.3483462485743841,1.0,1.0,0.525636434896757,0.9425203806781492,3.3108131066050817e-05
79,0.3481200592170693,0.9992452730597824,1.0,0.525636434896757,0.9431005672031276,9.18022759033299e-07
79,0.34902660693291315,1.0,1.0,0.525636434896757,0.9425203806781492,0.0018703007092545354
79,0.3483798008689817,1.0,1.0,0.525636434896757,0.9425203806781492,0.00012387863628282592
79,0.3483241280407903,1.0,1.0,0.525636434896757,0.9425471257689415,2.6745090792257287e-05
79,0.3485134581052469,1.0,1.0,0.525636434896757,0.9425203806781492,0.00048529398090768616
79,0.3478319507869001,0.9982332203385638,1.0,0.525636434896757,0.9438808165171316,8.699481180984847e-07
79,0.34827476661301465,0.9997652807667257,1.0,0.525636434896757,0.9427007241868861,2.0010009594839673e-05
79,0.34832280744962374,1.0,1.0,0.525636434896757,0.942550699234067,3.0318555917729917e-05
79,0.34840111985142336,1.0,1.0,0.525636434896757,0.9425203806781492,0.00018154473801934579
79,0.3483462485743841,1.0,1.0,0.525636434896757,0.9425203806781492,3.3108131066050817e-05
79,0.3483313129855746,0.9973539924279406,1.0,0.525636434896757,0.944558321834845,0.0020306377548454657
79,0.3483400883491519,1.0,1.0,0.525636434896757,0.9425203806781492,1.6440701577247196e-05
79,0.3483224426833718,0.9999581791902237,1.0,0.525636434896757,0.9425525069617342,8.206804871235818e-07
79,0.3483313129855746,0.9973539924279406,1.0,0.525636434896757,0.944558321834845,0.0020306377548454657
79,0.3483340112618387,1.0,1.0,0.525636434896757,0.9425203830413738,2.363224504975392e-09
79,0.3475753851014265,0.9973539924279406,1.0,0.525636434896757,0.9445775500557501,1.9228220905054272e-05
79,0.34833401126183877,1.0,1.0,0.525636434896757,0.9425203830413736,2.3632243939530895e-09
79,0.3478230804846973,0.9981913995287874,1.0,0.525636434896757,0.9439121866766715,7.2989908003195936e-06
79,0.34833401126183877,1.0,1.0,0.525636434896757,0.9425203830413736,2.3632243939530895e-09
79,0.34832253762199733,1.0,1.0,0.525636434896757,0.9425514293798076,3.104870165837603e-05
79,0.3481200592170693,1.0,1.0,0.525636434896757,0.9430996491803686,0.0005792685022193433
80,0.34833401126183877,1.0,1.0,0.525636434896757,0.9425203830413736,2.3632243939530895e-09
80,0.34833929625755716,1.0,1.0,0.525636434896757,0.9425203806781492,1.4297534111640253e-05
80,0.34833401126183877,1.0,1.0,0.525636434896757,0.9425203830413736,2.3632243939530895e-09
80,0.34833401126183877,1.0,1.0,0.525636434896757,0.9425203830413736,2.3632243939530895e-09
80,0.3483400883491519,1.0,1.0,0.525636434896757,0.9425203806781492,1.6440701577247196e-05
80,0.3483340112618387,1.0,1.0,0.525636434896757,0.9425203830413738,2.363224504975392e-09
80,0.3483340112618387,1.0,1.0,0.525636434896757,0.9425203830413738,2.363224504975392e-09
80,0.3483437616658135,1.0,1.0,0.525636434896757,0.9425203806781492,2.637949135142481e-05
80,0.3477764660981585,0.9980369114872931,1.0,0.525636434896757,0.9440314044328426,9.785397003803098e-08
80,0.34826758166823035,0.9997652807667257,1.0,0.525636434896757,0.9427007241868861,5.62006916227098e-07
80,0.3483313129855746,1.0,1.0,0.525636434896757,0.9425276840799995,7.303401850289326e-06
80,0.3483224426833718,0.9999581791902237,1.0,0.525636434896757,0.9425525069617342,8.206804871235818e-07
80,0.3483313129855746,1.0,1.0,0.525636434896757,0.9425276840799995,7.303401850289326e-06
80,0.3483224426833718,0.9999581791902237,1.0,0.525636434896757,0.9425525069617342,8.206804871235818e-07
80,0.3483313129855746,1.0,1.0,0.525636434896757,0.9425276840799995,7.303401850289326e-06
80,0.3483313129855746,1.0,1.0,0.525636434896757,0.9425276840799995,7.303401850289326e-06
80,0.3483313129855746,1.0,1.0,0.525636434896757,0.9425276840799995,7.303401850289326e-06
80,0.3483224426833718,0.9999581791902237,1.0,0.525636434896757,0.9425525069617342,8.206804871235818e-07
80,0.3483313129855746,1.0,1.0,0.525636434896757,0.9425276840799995,7.303401850289326e-06
80,0.3483313129855746,1.0,1.0,0.525636434896757,0.9425276840799995,7.303401850289326e-06
80,0.3483419945338213,1.0,1.0,0.525636434896757,0.9425203806781492,2.1598238090891897e-05
80,0.34833034051059136,0.9999581791902237,1.0,0.525636434896757,0.9425525069617342,2.2191515802405526e-05
80,0.3483910996198222,1.0,1.0,0.525636434896757,0.9425203806781492,0.00015444171108747184
80,0.3483144594113893,0.999920540461425,1.0,0.525636434896757,0.9425814229146088,8.13360700357979e-06
80,0.3483400883491519,0.9999623612712013,1.0,0.525636434896757,0.9425492942124518,4.535423587981313e-05
80,0.3483419945338213,1.0,1.0,0.525636434896757,0.9425203806781492,2.1598238090891897e-05
80,0.3483340112618387,1.0,1.0,0.525636434896757,0.9425203830413738,2.363224504975392e-09
80,0.3478322206145265,0.9982332203385638,1.0,0.525636434896757,0.9438800843103247,1.3774131113475363e-07
80,0.34834442298245893,1.0,1.0,0.525636434896757,0.9425203806781492,2.8168774969361543e-05
80,0.3483261134346192,1.0,1.0,0.525636434896757,0.9425417534262736,2.137274812430423e-05
80,0.3483235995412185,0.9999623612712013,1.0,0.525636434896757,0.9425492942124518,7.383487603540573e-07
80,0.3483224426833718,1.0,1.0,0.525636434896757,0.9425516862812471,3.1305603097830925e-05
80,0.3478118766724823,0.9981913995287874,1.0,0.525636434896757,0.9439352930106727,2.3106334001155027e-05
80,0.3483224426833718,0.9982332203385638,1.0,0.525636434896757,0.9438799465690135,0.0013282602877664473
80,0.3483313129855746,1.0,1.0,0.525636434896757,0.9425276840799995,7.303401850289326e-06
80,0.34833643971047645,1.0,1.0,0.525636434896757,0.9425203806781492,6.568474829493631e-06
80,0.3483384979303589,1.0,1.0,0.525636434896757,0.9425203806781492,1.2137485070229381e-05
80,0.3483288845369369,1.0,1.0,0.525636434896757,0.9425342551114744,1.3874433325122837e-05
80,0.3483313129855746,0.9999623612712013,1.0,0.525636434896757,0.9425492942124518,2.161013245227661e-05
80,0.3483400883491519,1.0,1.0,0.525636434896757,0.9425203806781492,1.6440701577247196e-05
81,0.34833401126183877,1.0,1.0,0.525636434896757,0.9425203830413736,2.3632243939530895e-09
81,0.34833401126183877,1.0,1.0,0.525636434896757,0.9425203830413736,2.3632243939530895e-09
81,0.34833401126183877,1.0,1.0,0.525636434896757,0.9425203830413736,2.3632243939530895e-09
81,0.34833643971047645,1.0,1.0,0.525636434896757,0.9425203806781492,6.568474829493631e-06
81,0.3483340112618387,1.0,1.0,0.525636434896757,0.9425203830413738,2.363224504975392e-09
81,0.3483340112618387,1.0,1.0,0.525636434896757,0.9425203830413738,2.363224504975392e-09
81,0.3483340112618387,1.0,1.0,0.525636434896757,0.9425203830413738,2.363224504975392e-09
81,0.3483384979303589,1.0,1.0,0.525636434896757,0.9425203806781492,1.2137485070229381e-05
81,0.3477764660981585,0.9980369114872931,1.0,0.525636434896757,0.9440314044328426,9.785397003803098e-08
81,0.34833929625755716,1.0,1.0,0.525636434896757,0.9425203806781492,1.4297534111640253e-05
81,0.34826758166823035,0.9997652807667257,1.0,0.525636434896757,0.9427007241868861,5.62006916227098e-07
81,0.3478322206145265,0.9982332203385638,1.0,0.525636434896757,0.9438800843103247,1.3774131113475363e-07
81,0.3483235995412185,0.9999623612712013,1.0,0.525636434896757,0.9425492942124518,7.383487603540573e-07
81,0.3483313129855746,1.0,1.0,0.525636434896757,0.9425276840799995,7.303401850289326e-06
81,0.3483313129855746,1.0,1.0,0.525636434896757,0.9425276840799995,7.303401850289326e-06
81,0.3483313129855746,1.0,1.0,0.525636434896757,0.9425276840799995,7.303401850289326e-06
81,0.3483313129855746,1.0,1.0,0.525636434896757,0.9425276840799995,7.303401850289326e-06
81,0.3483313129855746,1.0,1.0,0.525636434896757,0.9425276840799995,7.303401850289326e-06
81,0.3483313129855746,1.0,1.0,0.525636434896757,0.9425276840799995,7.303401850289326e-06
81,0.3483313129855746,1.0,1.0,0.525636434896757,0.9425276840799995,7.303401850289326e-06
81,0.3478319507869001,0.9982332203385638,1.0,0.525636434896757,0.9438808165171316,8.699481180984847e-07
81,0.34834172470619484,1.0,1.0,0.525636434896757,0.9425203806781492,2.0868172782462224e-05
81,0.34833401126183877,0.9999661251440812,1.0,0.525636434896757,0.9425464027610742,2.6019719700509647e-05
81,0.3483433818103969,1.0,1.0,0.525636434896757,0.9425203806781492,2.535173693130055e-05
81,0.3483241280407903,1.0,1.0,0.525636434896757,0.9425471257689415,2.6745090792257287e-05
81,0.3483288845369369,1.0,1.0,0.525636434896757,0.9425342551114744,1.3874433325122837e-05
81,0.34833643971047645,1.0,1.0,0.525636434896757,0.9425203806781492,6.568474829493631e-06
81,0.3478322206145265,1.0,1.0,0.525636434896757,0.9438800843103247,0.001359703632175413
81,0.3478821298516313,0.9984098983047074,1.0,0.525636434896757,0.9437446696662583,8.962154370850683e-07
81,0.34833929625755716,1.0,1.0,0.525636434896757,0.9425203806781492,1.4297534111640253e-05
81,0.34831975683324246,0.9999661251440812,1.0,0.525636434896757,0.9425589541795262,1.2551418452022567e-05
81,0.34833401126183877,1.0,1.0,0.525636434896757,0.9425203830413736,2.3632243939530895e-09
81,0.34839379789608627,0.9999623612712013,1.0,0.525636434896757,0.9425492942124518,0.0001906537784099882
81,0.3482653960644564,1.0,1.0,0.525636434896757,0.9427060782688192,0.00018569759066999758
81,0.3483288845369369,1.0,1.0,0.525636434896757,0.9425342551114744,1.3874433325122837e-05
81,0.34833606948172124,1.0,1.0,0.525636434896757,0.9425203806781492,5.56672466633934e-06
81,0.34783222061452646,0.9982332203385638,1.0,0.525636434896757,0.9438800843103249,1.3774131135679824e-07
81,0.3483313129855746,1.0,1.0,0.525636434896757,0.9425276840799995,7.303401850289326e-06
81,0.34832888453693694,1.0,1.0,0.525636434896757,0.9425342551114742,1.3874433324900792e-05
81,0.34771667946391094,0.9978256641773462,1.0,0.525636434896757,0.9441942511148276,5.293027331987332e-07
82,0.34833401126183877,1.0,1.0,0.525636434896757,0.9425203830413736,2.3632243939530895e-09
82,0.34833401126183877,1.0,1.0,0.525636434896757,0.9425203830413736,2.3632243939530895e-09
82,0.34833401126183877,1.0,1.0,0.525636434896757,0.9425203830413736,2.3632243939530895e-09
82,0.34833401126183877,1.0,1.0,0.525636434896757,0.9425203830413736,2.3632243939530895e-09
82,0.34833606948172124,1.0,1.0,0.525636434896757,0.9425203806781492,5.56672466633934e-06
82,0.3483340112618387,1.0,1.0,0.525636434896757,0.9425203830413738,2.363224504975392e-09
82,0.3483340112618387,1.0,1.0,0.525636434896757,0.9425203830413738,2.363224504975392e-09
82,0.3483340112618387,1.0,1.0,0.525636434896757,0.9425203830413738,2.363224504975392e-09
82,0.34833643971047645,1.0,1.0,0.525636434896757,0.9425203806781492,6.568474829493631e-06
82,0.34833643971047645,1.0,1.0,0.525636434896757,0.9425203806781492,6.568474829493631e-06
82,0.3477764660981585,0.9980369114872931,1.0,0.525636434896757,0.9440314044328426,9.785397003803098e-08
82,0.3483384979303589,1.0,1.0,0.525636434896757,0.9425203806781492,1.2137485070229381e-05
82,0.34826758166823035,0.9997652807667257,1.0,0.525636434896757,0.9427007241868861,5.62006916227098e-07
82,0.3478322206145265,0.9982332203385638,1.0,0.525636434896757,0.9438800843103247,1.3774131113475363e-07
82,0.3483235995412185,0.9999623612712013,1.0,0.525636434896757,0.9425492942124518,7.383487603540573e-07
82,0.3483313129855746,1.0,1.0,0.525636434896757,0.9425276840799995,7.303401850289326e-06
82,0.3483313129855746,1.0,1.0,0.525636434896757,0.9425276840799995,7.303401850289326e-06
82,0.3483313129855746,1.0,1.0,0.525636434896757,0.9425276840799995,7.303401850289326e-06
82,0.3483313129855746,1.0,1.0,0.525636434896757,0.9425276840799995,7.303401850289326e-06
82,0.3483313129855746,1.0,1.0,0.525636434896757,0.9425276840799995,7.303401850289326e-06
82,0.348335863659733,1.0,1.0,0.525636434896757,0.9425203806781492,5.009818838885849e-06
82,0.34883310363288683,1.0,1.0,0.525636434896757,0.9425203806781492,0.001348507071475935
82,0.347783408198079,0.9980707863432119,1.0,0.525636434896757,0.9440125606347649,7.3768361443793395e-06
82,0.34788482812789545,0.9984098983047074,1.0,0.525636434896757,0.9437437734508212,6.423689394519094e-06
82,0.3483235995412185,0.9999623612712013,1.0,0.525636434896757,0.9425492942124518,7.383487603540573e-07
82,0.3483338838779473,1.0,1.0,0.525636434896757,0.9425207277161797,3.4703803042379633e-07
82,0.3483364397104765,1.0,1.0,0.525636434896757,0.9425203806781492,6.568474829715676e-06
82,0.34833401126183877,1.0,1.0,0.525636434896757,0.9425203830413736,2.3632243939530895e-09
82,0.34833215886394453,1.0,1.0,0.525636434896757,0.9425253952767455,5.014598596253528e-06
82,0.3483288845369369,1.0,1.0,0.525636434896757,0.9425342551114744,1.3874433325122837e-05
82,0.3483384979303589,1.0,1.0,0.525636434896757,0.9425203806781492,1.2137485070229381e-05
82,0.34832888453693694,1.0,1.0,0.525636434896757,0.9425342551114742,1.3874433324900792e-05
82,0.34832821359363014,0.9999623612712013,1.0,0.525636434896757,0.9425492942124518,1.3223609084067611e-05
82,0.3478322206145265,0.9997887526900531,1.0,0.525636434896757,0.9438800843103247,0.0011973982848253462
82,0.3483360694817212,1.0,1.0,0.525636434896757,0.9425203806781492,5.566724666117295e-06
82,0.3483313129855746,1.0,1.0,0.525636434896757,0.9425276840799995,7.303401850289326e-06
82,0.34838149205030583,1.0,1.0,0.525636434896757,0.9425203806781492,0.00012845340100475777
82,0.3487210456487056,1.0,1.0,0.525636434896757,0.9425203806781492,0.0010460710013333596
82,0.348336312326585,1.0,1.0,0.525636434896757,0.9425203806781492,6.223804829508239e-06
82,0.34834068353413283,1.0,1.0,0.525636434896757,0.9425203806781492,1.805109110231129e-05
83,0.34833401126183877,1.0,1.0,0.525636434896757,0.9425203830413736,2.3632243939530895e-09
83,0.34833401126183877,1.0,1.0,0.525636434896757,0.9425203830413736,2.3632243939530895e-09
83,0.34833401126183877,1.0,1.0,0.525636434896757,0.9425203830413736,2.3632243939530895e-09
83,0.34833401126183877,1.0,1.0,0.525636434896757,0.9425203830413736,2.3632243939530895e-09
83,0.348335863659733,1.0,1.0,0.525636434896757,0.9425203806781492,5.009818838885849e-06
83,0.34833401126183877,1.0,1.0,0.525636434896757,0.9425203830413736,2.3632243939530895e-09
83,0.3483360694817212,1.0,1.0,0.525636434896757,0.9425203806781492,5.566724666117295e-06
83,0.3483340112618387,1.0,1.0,0.525636434896757,0.9425203830413738,2.363224504975392e-09
83,0.3483340112618387,1.0,1.0,0.525636434896757,0.9425203830413738,2.363224504975392e-09
83,0.3483340112618387,1.0,1.0,0.525636434896757,0.9425203830413738,2.363224504975392e-09
83,0.34833606948172124,1.0,1.0,0.525636434896757,0.9425203806781492,5.56672466633934e-06
83,0.3477764660981585,0.9980369114872931,1.0,0.525636434896757,0.9440314044328426,9.785397003803098e-08
83,0.3478322206145265,0.9982332203385638,1.0,0.525636434896757,0.9438800843103247,1.3774131113475363e-07
83,0.3483338838779473,1.0,1.0,0.525636434896757,0.9425207277161797,3.4703803042379633e-07
83,0.348336312326585,1.0,1.0,0.525636434896757,0.9425203806781492,6.223804829508239e-06
83,0.34826758166823035,0.9997652807667257,1.0,0.525636434896757,0.9427007241868861,5.62006916227098e-07
83,0.3483235995412185,0.9999623612712013,1.0,0.525636434896757,0.9425492942124518,7.383487603540573e-07
83,0.3483235995412185,0.9999623612712013,1.0,0.525636434896757,0.9425492942124518,7.383487603540573e-07
83,0.34833215886394453,1.0,1.0,0.525636434896757,0.9425253952767455,5.014598596253528e-06
83,0.34833643971047645,1.0,1.0,0.525636434896757,0.9425203806781492,6.568474829493631e-06
83,0.34832527461992197,0.9999661251440812,1.0,0.525636434896757,0.9425464027610742,2.379565906762693e-06
83,0.3483263078713853,0.9999661251440812,1.0,0.525636434896757,0.9425464027610742,5.1754643686230395e-06
83,0.3483247553587828,0.9999661251440812,1.0,0.525636434896757,0.9425464027610742,9.74479204551848e-07
83,0.3483246407132805,0.9999661251440812,1.0,0.525636434896757,0.9425464027610742,6.64255404347891e-07
83,0.3477764660981585,0.9980369114872931,1.0,0.525636434896757,0.9440314044328426,9.785397003803098e-08
83,0.34833401126183877,1.0,1.0,0.525636434896757,0.9425203830413736,2.3632243939530895e-09
83,0.3478323352600288,0.9982332203385638,1.0,0.525636434896757,0.9438799465690135,1.7336146773683225e-07
83,0.348343381810397,1.0,1.0,0.525636434896757,0.9425203806781492,2.5351736931411573e-05
83,0.34788239967925766,1.0,1.0,0.525636434896757,0.9437439376706656,0.001223556992516306
83,0.3483234848957162,1.0,1.0,0.525636434896757,0.9425488660895505,2.8485411401213412e-05
83,0.34833631232658496,1.0,1.0,0.525636434896757,0.9425203806781492,6.223804829286195e-06
83,0.3483321588639446,1.0,1.0,0.525636434896757,0.9425253952767454,5.0145985961425055e-06
83,0.34833215886394453,1.0,1.0,0.525636434896757,0.9425253952767455,5.014598596253528e-06
83,0.34777646609815854,0.9980369114872931,1.0,0.525636434896757,0.9440314044328424,9.785396981598637e-08
83,0.34771667946391094,0.9978256641773462,1.0,0.525636434896757,0.9441942511148276,5.293027331987332e-07
83,0.3483378640237175,1.0,1.0,0.525636434896757,0.9425203806781492,1.0422304795754123e-05
83,0.3483340112618387,1.0,1.0,0.525636434896757,0.9425203830413738,2.363224504975392e-09
83,0.3483959834998603,1.0,1.0,0.525636434896757,0.9425203806781492,0.00016765197298107548
83,0.34771667946391094,0.9978256641773462,1.0,0.525636434896757,0.9441942511148276,5.293027331987332e-07
83,0.34832464071328056,0.9999661251440812,1.0,0.525636434896757,0.9425464027610742,6.642554044589133e-07
84,0.34833401126183877,1.0,1.0,0.525636434896757,0.9425203830413736,2.3632243939530895e-09
84,0.34833401126183877,1.0,1.0,0.525636434896757,0.9425203830413736,2.3632243939530895e-09
84,0.34833401126183877,1.0,1.0,0.525636434896757,0.9425203830413736,2.3632243939530895e-09
84,0.34833401126183877,1.0,1.0,0.525636434896757,0.9425203830413736,2.3632243939530895e-09
84,0.348335863659733,1.0,1.0,0.525636434896757,0.9425203806781492,5.009818838885849e-06
84,0.34833401126183877,1.0,1.0,0.525636434896757,0.9425203830413736,2.3632243939530895e-09
84,0.34833401126183877,1.0,1.0,0.525636434896757,0.9425203830413736,2.3632243939530895e-09
84,0.3483360694817212,1.0,1.0,0.525636434896757,0.9425203806781492,5.566724666117295e-06
84,0.3483340112618387,1.0,1.0,0.525636434896757,0.9425203830413738,2.363224504975392e-09
84,0.3483340112618387,1.0,1.0,0.525636434896757,0.9425203830413738,2.363224504975392e-09
84,0.3483340112618387,1.0,1.0,0.525636434896757,0.9425203830413738,2.363224504975392e-09
84,0.3483340112618387,1.0,1.0,0.525636434896757,0.9425203830413738,2.363224504975392e-09
84,0.34833606948172124,1.0,1.0,0.525636434896757,0.9425203806781492,5.56672466633934e-06
84,0.3478322206145265,0.9982332203385638,1.0,0.525636434896757,0.9438800843103247,1.3774131113475363e-07
84,0.3483338838779473,1.0,1.0,0.525636434896757,0.9425207277161797,3.4703803042379633e-07
84,0.3478323352600288,0.9982332203385638,1.0,0.525636434896757,0.9438799465690135,1.7336146773683225e-07
84,0.34777646609815854,0.9980369114872931,1.0,0.525636434896757,0.9440314044328424,9.785396981598637e-08
84,0.34833631232658496,1.0,1.0,0.525636434896757,0.9425203806781492,6.223804829286195e-06
84,0.3477764660981585,0.9980369114872931,1.0,0.525636434896757,0.9440314044328426,9.785397003803098e-08
84,0.3477764660981585,0.9980369114872931,1.0,0.525636434896757,0.9440314044328426,9.785397003803098e-08
84,0.3478322206145265,0.9982332203385638,1.0,0.525636434896757,0.9438800843103247,1.3774131113475363e-07
84,0.34833401126183877,1.0,1.0,0.525636434896757,0.9425203830413736,2.3632243939530895e-09
84,0.34833401126183877,1.0,1.0,0.525636434896757,0.9425203830413736,2.3632243939530895e-09
84,0.34833412590734114,1.0,1.0,0.525636434896757,0.9425203806781492,3.0784388560523013e-07
84,0.348334217083827,1.0,1.0,0.525636434896757,0.9425203806781492,5.545485262103966e-07
84,0.3483340112618387,1.0,1.0,0.525636434896757,0.9425203830413738,2.363224504975392e-09
84,0.34783452167927276,0.9982332203385638,1.0,0.525636434896757,0.9438799465690135,6.106403663164173e-06
84,0.34783055345642167,1.0,1.0,0.525636434896757,0.9438846083445488,0.0013642276663995423
84,0.3483340112618387,1.0,1.0,0.525636434896757,0.9425203830413738,2.363224504975392e-09
84,0.3477747989400537,0.9980369114872931,1.0,0.525636434896757,0.9440359299177464,4.623338873854799e-06
84,0.3483340112618387,1.0,1.0,0.525636434896757,0.9425203830413738,2.363224504975392e-09
84,0.34833631232658496,1.0,1.0,0.525636434896757,0.9425203806781492,6.223804829286195e-06
84,0.34878562284441983,1.0,1.0,0.525636434896757,0.9425203806781492,0.0012203837212378943
84,0.34833401126183877,1.0,1.0,0.525636434896757,0.9425203830413736,2.3632243939530895e-09
84,0.3482839468426099,0.9998233220338564,1.0,0.525636434896757,0.9426561210442312,2.5448178042619674e-07
84,0.3483356784199436,0.9982332203385638,1.0,0.525636434896757,0.9438799465690135,0.0013640744938957505
84,0.34777813325626333,0.9980369114872931,1.0,0.525636434896757,0.9440313065788726,4.42758754604089e-06
84,0.34732485451557743,0.9964468097920005,1.0,0.525636434896757,0.9452595206366172,6.327404064032649e-07
84,0.3477764660981585,0.9982332203385638,1.0,0.525636434896757,0.9440314044328426,0.00015145786382908533
84,0.348334125907341,1.0,1.0,0.525636434896757,0.9425203806781492,3.078438851611409e-07
85,0.34833401126183877,1.0,1.0,0.525636434896757,0.9425203830413736,2.3632243939530895e-09
85,0.34833401126183877,1.0,1.0,0.525636434896757,0.9425203830413736,2.3632243939530895e-09
85,0.34833401126183877,1.0,1.0,0.525636434896757,0.9425203830413736,2.3632243939530895e-09
85,0.34833401126183877,1.0,1.0,0.525636434896757,0.9425203830413736,2.3632243939530895e-09
85,0.34833401126183877,1.0,1.0,0.525636434896757,0.9425203830413736,2.3632243939530895e-09
85,0.34833401126183877,1.0,1.0,0.525636434896757,0.9425203830413736,2.3632243939530895e-09
85,0.34833401126183877,1.0,1.0,0.525636434896757,0.9425203830413736,2.3632243939530895e-09
85,0.34833401126183877,1.0,1.0,0.525636434896757,0.9425203830413736,2.3632243939530895e-09
85,0.34833401126183877,1.0,1.0,0.525636434896757,0.9425203830413736,2.3632243939530895e-09
85,0.348334125907341,1.0,1.0,0.525636434896757,0.9425203806781492,3.078438851611409e-07
85,0.3483340112618387,1.0,1.0,0.525636434896757,0.9425203830413738,2.363224504975392e-09
85,0.3483340112618387,1.0,1.0,0.525636434896757,0.9425203830413738,2.363224504975392e-09
85,0.3483340112618387,1.0,1.0,0.525636434896757,0.9425203830413738,2.363224504975392e-09
85,0.3483340112618387,1.0,1.0,0.525636434896757,0.9425203830413738,2.363224504975392e-09
85,0.3483340112618387,1.0,1.0,0.525636434896757,0.9425203830413738,2.363224504975392e-09
85,0.3483340112618387,1.0,1.0,0.525636434896757,0.9425203830413738,2.363224504975392e-09
85,0.3483340112618387,1.0,1.0,0.525636434896757,0.9425203830413738,2.363224504975392e-09
85,0.34833412590734114,1.0,1.0,0.525636434896757,0.9425203806781492,3.0784388560523013e-07
85,0.34777646609815854,0.9980369114872931,1.0,0.525636434896757,0.9440314044328424,9.785396981598637e-08
85,0.348334217083827,1.0,1.0,0.525636434896757,0.9425203806781492,5.545485262103966e-07
85,0.34833401126183877,1.0,1.0,0.525636434896757,0.9425203830413736,2.3632243939530895e-09
85,0.34833401126183866,1.0,1.0,0.525636434896757,0.942520383041374,2.363224727019997e-09
85,0.34833421708382706,1.0,1.0,0.525636434896757,0.9425203806781492,5.545485263214189e-07
85,0.3483340112618388,1.0,1.0,0.525636434896757,0.9425203830413735,2.363224282930787e-09
85,0.3483340112618387,1.0,1.0,0.525636434896757,0.9425203830413738,2.363224504975392e-09
85,0.3477764660981586,0.9980369114872931,1.0,0.525636434896757,0.9440314044328423,9.785396970496407e-08
85,0.34777636291720654,0.9980369114872931,1.0,0.525636434896757,0.944031684515301,3.779364283751363e-07
85,0.34833411444279094,1.0,1.0,0.525636434896757,0.9425203806781492,2.768231838201629e-07
85,0.34833401126183877,1.0,1.0,0.525636434896757,0.9425203830413736,2.3632243939530895e-09
85,0.34833401126183877,1.0,1.0,0.525636434896757,0.9425203830413736,2.3632243939530895e-09
85,0.3483338260220493,1.0,1.0,0.525636434896757,0.942520884262512,5.035843627654302e-07
85,0.34833421708382695,1.0,1.0,0.525636434896757,0.9425203806781492,5.545485260993743e-07
85,0.34833401126183877,1.0,1.0,0.525636434896757,0.9425203830413736,2.3632243939530895e-09
85,0.3483341259073411,1.0,1.0,0.525636434896757,0.9425203806781492,3.078438853831855e-07
85,0.3483339080808866,1.0,1.0,0.525636434896757,0.9425206622279473,2.8154979803129976e-07
85,0.3478322206145265,0.9982332203385638,1.0,0.525636434896757,0.9438800843103247,1.3774131113475363e-07
85,0.34833419650162817,1.0,1.0,0.525636434896757,0.9425203806781492,4.988573807374053e-07
85,0.34833401126183877,1.0,1.0,0.525636434896757,0.9425203830413736,2.3632243939530895e-09
85,0.34833419650162817,1.0,1.0,0.525636434896757,0.9425203806781492,4.988573807374053e-07
85,0.3483340112618387,1.0,1.0,0.525636434896757,0.9425203830413738,2.363224504975392e-09
86,0.3483340112618388,1.0,1.0,0.525636434896757,0.9425203830413735,2.363224282930787e-09
86,0.34833411444279094,1.0,1.0,0.525636434896757,0.9425203806781492,2.768231838201629e-07
86,0.34833401126183877,1.0,1.0,0.525636434896757,0.9425203830413736,2.3632243939530895e-09
86,0.34833401126183877,1.0,1.0,0.525636434896757,0.9425203830413736,2.3632243939530895e-09
86,0.34833401126183877,1.0,1.0,0.525636434896757,0.9425203830413736,2.3632243939530895e-09
86,0.34833401126183877,1.0,1.0,0.525636434896757,0.9425203830413736,2.3632243939530895e-09
86,0.34833401126183877,1.0,1.0,0.525636434896757,0.9425203830413736,2.3632243939530895e-09
86,0.34833401126183877,1.0,1.0,0.525636434896757,0.9425203830413736,2.3632243939530895e-09
86,0.34833401126183877,1.0,1.0,0.525636434896757,0.9425203830413736,2.3632243939530895e-09
86,0.34833401126183877,1.0,1.0,0.525636434896757,0.9425203830413736,2.3632243939530895e-09
86,0.34833401126183877,1.0,1.0,0.525636434896757,0.9425203830413736,2.3632243939530895e-09
86,0.34833401126183877,1.0,1.0,0.525636434896757,0.9425203830413736,2.3632243939530895e-09
86,0.34833401126183877,1.0,1.0,0.525636434896757,0.9425203830413736,2.3632243939530895e-09
86,0.34833401126183877,1.0,1.0,0.525636434896757,0.9425203830413736,2.3632243939530895e-09
86,0.34833401126183877,1.0,1.0,0.525636434896757,0.9425203830413736,2.3632243939530895e-09
86,0.34833401126183877,1.0,1.0,0.525636434896757,0.9425203830413736,2.3632243939530895e-09
86,0.348334125907341,1.0,1.0,0.525636434896757,0.9425203806781492,3.078438851611409e-07
86,0.3483340112618387,1.0,1.0,0.525636434896757,0.9425203830413738,2.363224504975392e-09
86,0.3483340112618387,1.0,1.0,0.525636434896757,0.9425203830413738,2.363224504975392e-09
86,0.3483341259073411,1.0,1.0,0.525636434896757,0.9425203806781492,3.078438853831855e-07
86,0.3483340112618387,1.0,1.0,0.525636434896757,0.9425203830413738,2.363224504975392e-09
86,0.34833401126183877,1.0,1.0,0.525636434896757,0.9425203830413736,2.3632243939530895e-09
86,0.3483340112618388,1.0,1.0,0.525636434896757,0.9425203830413735,2.363224282930787e-09
86,0.3483340112618387,1.0,1.0,0.525636434896757,0.9425203830413738,2.363224504975392e-09
86,0.34833401126183877,1.0,1.0,0.525636434896757,0.9425203830413736,2.3632243939530895e-09
86,0.3483339080808867,1.0,1.0,0.525636434896757,0.942520662227947,2.8154979769823285e-07
86,0.3483340112618387,1.0,1.0,0.525636434896757,0.9425203830413738,2.363224504975392e-09
86,0.34833412590734103,1.0,1.0,0.525636434896757,0.9425203806781492,3.078438852721632e-07
86,0.3483342187701981,1.0,1.0,0.525636434896757,0.9425203806781492,5.59111495102016e-07
86,0.3483340112618388,1.0,1.0,0.525636434896757,0.9425203830413735,2.363224282930787e-09
86,0.34833391839898176,1.0,1.0,0.525636434896757,0.9425206343092827,2.5363113342891097e-07
86,0.3483339080808867,1.0,1.0,0.525636434896757,0.942520662227947,2.8154979769823285e-07
86,0.34833401126183877,1.0,1.0,0.525636434896757,0.9425203830413736,2.3632243939530895e-09
86,0.348334125907341,1.0,1.0,0.525636434896757,0.9425203806781492,3.078438851611409e-07
86,0.3483339080808867,1.0,1.0,0.525636434896757,0.942520662227947,2.8154979769823285e-07
86,0.3483341144427908,1.0,1.0,0.525636434896757,0.9425203806781492,2.768231833760737e-07
86,0.34833401126183877,1.0,1.0,0.525636434896757,0.9425203830413736,2.3632243939530895e-09
86,0.3483340112618387,1.0,1.0,0.525636434896757,0.9425203830413738,2.363224504975392e-09
86,0.34833401126183877,1.0,1.0,0.525636434896757,0.9425203830413736,2.3632243939530895e-09
86,0.3483341259073411,1.0,1.0,0.525636434896757,0.9425203806781492,3.078438853831855e-07
87,0.3483340112618388,1.0,1.0,0.525636434896757,0.9425203830413735,2.363224282930787e-09
87,0.3483340112618388,1.0,1.0,0.525636434896757,0.9425203830413735,2.363224282930787e-09
87,0.3483340112618388,1.0,1.0,0.525636434896757,0.9425203830413735,2.363224282930787e-09
87,0.3483341144427908,1.0,1.0,0.525636434896757,0.9425203806781492,2.768231833760737e-07
87,0.34833401126183877,1.0,1.0,0.525636434896757,0.9425203830413736,2.3632243939530895e-09
87,0.34833401126183877,1.0,1.0,0.525636434896757,0.9425203830413736,2.3632243939530895e-09
87,0.34833411444279094,1.0,1.0,0.525636434896757,0.9425203806781492,2.768231838201629e-07
87,0.34833401126183877,1.0,1.0,0.525636434896757,0.9425203830413736,2.3632243939530895e-09
87,0.34833401126183877,1.0,1.0,0.525636434896757,0.9425203830413736,2.3632243939530895e-09
87,0.34833401126183877,1.0,1.0,0.525636434896757,0.9425203830413736,2.3632243939530895e-09
87,0.34833401126183877,1.0,1.0,0.525636434896757,0.9425203830413736,2.3632243939530895e-09
87,0.34833401126183877,1.0,1.0,0.525636434896757,0.9425203830413736,2.3632243939530895e-09
87,0.34833401126183877,1.0,1.0,0.525636434896757,0.9425203830413736,2.3632243939530895e-09
87,0.34833401126183877,1.0,1.0,0.525636434896757,0.9425203830413736,2.3632243939530895e-09
87,0.34833401126183877,1.0,1.0,0.525636434896757,0.9425203830413736,2.3632243939530895e-09
87,0.34833401126183877,1.0,1.0,0.525636434896757,0.9425203830413736,2.3632243939530895e-09
87,0.34833401126183877,1.0,1.0,0.525636434896757,0.9425203830413736,2.3632243939530895e-09
87,0.34833401126183877,1.0,1.0,0.525636434896757,0.9425203830413736,2.3632243939530895e-09
87,0.34833401126183877,1.0,1.0,0.525636434896757,0.9425203830413736,2.3632243939530895e-09
87,0.34833401126183877,1.0,1.0,0.525636434896757,0.9425203830413736,2.3632243939530895e-09
87,0.34833401126183877,1.0,1.0,0.525636434896757,0.9425203830413736,2.3632243939530895e-09
87,0.3483340112618388,1.0,1.0,0.525636434896757,0.9425203830413735,2.363224282930787e-09
87,0.348334114442791,1.0,1.0,0.525636434896757,0.9425203806781492,2.768231840422075e-07
87,0.34833401126183877,1.0,1.0,0.525636434896757,0.9425203830413736,2.3632243939530895e-09
87,0.34833401126183877,1.0,1.0,0.525636434896757,0.9425203830413736,2.3632243939530895e-09
87,0.3483340112618388,1.0,1.0,0.525636434896757,0.9425203830413735,2.363224282930787e-09
87,0.34833401126183877,1.0,1.0,0.525636434896757,0.9425203830413736,2.3632243939530895e-09
87,0.34833401126183877,1.0,1.0,0.525636434896757,0.9425203830413736,2.3632243939530895e-09
87,0.34833401126183877,1.0,1.0,0.525636434896757,0.9425203830413736,2.3632243939530895e-09
87,0.34833401126183877,1.0,1.0,0.525636434896757,0.9425203830413736,2.3632243939530895e-09
87,0.34833401126183877,1.0,1.0,0.525636434896757,0.9425203830413736,2.3632243939530895e-09
87,0.3483340112618388,1.0,1.0,0.525636434896757,0.9425203830413735,2.363224282930787e-09
87,0.3483341041246958,1.0,1.0,0.525636434896757,0.9425203806781492,2.489045506370857e-07
87,0.34833410412469556,1.0,1.0,0.525636434896757,0.9425203806781492,2.489045500819742e-07
87,0.3483339183989819,1.0,1.0,0.525636434896757,0.9425206343092822,2.5363113298482176e-07
87,0.34833410412469556,1.0,1.0,0.525636434896757,0.9425203806781492,2.489045500819742e-07
87,0.34833411444279094,1.0,1.0,0.525636434896757,0.9425203806781492,2.768231838201629e-07
87,0.3483340112618387,1.0,1.0,0.525636434896757,0.9425203830413738,2.363224504975392e-09
87,0.348333918398982,1.0,1.0,0.525636434896757,0.942520634309282,2.5363113276277716e-07
87,0.34833401126183877,1.0,1.0,0.525636434896757,0.9425203830413736,2.3632243939530895e-09
88,0.3483340112618388,1.0,1.0,0.525636434896757,0.9425203830413735,2.363224282930787e-09
88,0.3483340112618388,1.0,1.0,0.525636434896757,0.9425203830413735,2.363224282930787e-09
88,0.3483340112618388,1.0,1.0,0.525636434896757,0.9425203830413735,2.363224282930787e-09
88,0.3483340112618388,1.0,1.0,0.525636434896757,0.9425203830413735,2.363224282930787e-09
88,0.3483340112618388,1.0,1.0,0.525636434896757,0.9425203830413735,2.363224282930787e-09
88,0.3483340112618388,1.0,1.0,0.525636434896757,0.9425203830413735,2.363224282930787e-09
88,0.34833410412469556,1.0,1.0,0.525636434896757,0.9425203806781492,2.489045500819742e-07
88,0.34833410412469556,1.0,1.0,0.525636434896757,0.9425203806781492,2.489045500819742e-07
88,0.34833401126183877,1.0,1.0,0.525636434896757,0.9425203830413736,2.3632243939530895e-09
88,0.34833401126183877,1.0,1.0,0.525636434896757,0.9425203830413736,2.3632243939530895e-09
88,0.3483341041246958,1.0,1.0,0.525636434896757,0.9425203806781492,2.489045506370857e-07
88,0.34833401126183877,1.0,1.0,0.525636434896757,0.9425203830413736,2.3632243939530895e-09
88,0.34833401126183877,1.0,1.0,0.525636434896757,0.9425203830413736,2.3632243939530895e-09
88,0.34833401126183877,1.0,1.0,0.525636434896757,0.9425203830413736,2.3632243939530895e-09
88,0.34833401126183877,1.0,1.0,0.525636434896757,0.9425203830413736,2.3632243939530895e-09
88,0.34833401126183877,1.0,1.0,0.525636434896757,0.9425203830413736,2.3632243939530895e-09
88,0.34833401126183877,1.0,1.0,0.525636434896757,0.9425203830413736,2.3632243939530895e-09
88,0.34833401126183877,1.0,1.0,0.525636434896757,0.9425203830413736,2.3632243939530895e-09
88,0.34833401126183877,1.0,1.0,0.525636434896757,0.9425203830413736,2.3632243939530895e-09
88,0.34833401126183877,1.0,1.0,0.525636434896757,0.9425203830413736,2.3632243939530895e-09
88,0.3483341041246958,1.0,1.0,0.525636434896757,0.9425203806781492,2.489045506370857e-07
88,0.3483340112618387,1.0,1.0,0.525636434896757,0.9425203830413738,2.363224504975392e-09
88,0.34833401126183877,1.0,1.0,0.525636434896757,0.9425203830413736,2.3632243939530895e-09
88,0.34833401126183877,1.0,1.0,0.525636434896757,0.9425203830413736,2.3632243939530895e-09
88,0.3483340112618387,1.0,1.0,0.525636434896757,0.9425203830413738,2.363224504975392e-09
88,0.3483340112618388,1.0,1.0,0.525636434896757,0.9425203830413735,2.363224282930787e-09
88,0.3483340112618388,1.0,1.0,0.525636434896757,0.9425203830413735,2.363224282930787e-09
88,0.34833401126183877,1.0,1.0,0.525636434896757,0.9425203830413736,2.3632243939530895e-09
88,0.34833401126183877,1.0,1.0,0.525636434896757,0.9425203830413736,2.3632243939530895e-09
88,0.34833401126183877,1.0,1.0,0.525636434896757,0.9425203830413736,2.3632243939530895e-09
88,0.3483339276852677,1.0,1.0,0.525636434896757,0.942520609182485,2.2850433578636142e-07
88,0.3483340112618389,1.0,1.0,0.525636434896757,0.9425203830413733,2.363224060886182e-09
88,0.34833401126183877,1.0,1.0,0.525636434896757,0.9425203830413736,2.3632243939530895e-09
88,0.34833392768526766,1.0,1.0,0.525636434896757,0.9425206091824851,2.2850433589738373e-07
88,0.3483340112618387,1.0,1.0,0.525636434896757,0.9425203830413738,2.363224504975392e-09
88,0.3483340948384098,1.0,1.0,0.525636434896757,0.9425203806781492,2.2377777841864344e-07
88,0.34833401126183877,1.0,1.0,0.525636434896757,0.9425203830413736,2.3632243939530895e-09
88,0.3483340112618388,1.0,1.0,0.525636434896757,0.9425203830413735,2.363224282930787e-09
88,0.34833401126183877,1.0,1.0,0.525636434896757,0.9425203830413736,2.3632243939530895e-09
88,0.34833392768526766,1.0,1.0,0.525636434896757,0.9425206091824851,2.2850433589738373e-07
89,0.3483340112618389,1.0,1.0,0.525636434896757,0.9425203830413733,2.363224060886182e-09
89,0.3483340948384098,1.0,1.0,0.525636434896757,0.9425203806781492,2.2377777841864344e-07
89,0.3483340112618388,1.0,1.0,0.525636434896757,0.9425203830413735,2.363224282930787e-09
89,0.3483340112618388,1.0,1.0,0.525636434896757,0.9425203830413735,2.363224282930787e-09
89,0.3483340112618388,1.0,1.0,0.525636434896757,0.9425203830413735,2.363224282930787e-09
89,0.3483340112618388,1.0,1.0,0.525636434896757,0.9425203830413735,2.363224282930787e-09
89,0.3483340112618388,1.0,1.0,0.525636434896757,0.9425203830413735,2.363224282930787e-09
89,0.3483340112618388,1.0,1.0,0.525636434896757,0.9425203830413735,2.363224282930787e-09
89,0.3483340112618388,1.0,1.0,0.525636434896757,0.9425203830413735,2.363224282930787e-09
89,0.3483340112618388,1.0,1.0,0.525636434896757,0.9425203830413735,2.363224282930787e-09
89,0.3483340112618388,1.0,1.0,0.525636434896757,0.9425203830413735,2.363224282930787e-09
89,0.34833410412469556,1.0,1.0,0.525636434896757,0.9425203806781492,2.489045500819742e-07
89,0.34833410412469556,1.0,1.0,0.525636434896757,0.9425203806781492,2.489045500819742e-07
89,0.34833401126183877,1.0,1.0,0.525636434896757,0.9425203830413736,2.3632243939530895e-09
89,0.34833401126183877,1.0,1.0,0.525636434896757,0.9425203830413736,2.3632243939530895e-09
89,0.3483341041246958,1.0,1.0,0.525636434896757,0.9425203806781492,2.489045506370857e-07
89,0.3483341041246958,1.0,1.0,0.525636434896757,0.9425203806781492,2.489045506370857e-07
89,0.34833401126183877,1.0,1.0,0.525636434896757,0.9425203830413736,2.3632243939530895e-09
89,0.34833401126183877,1.0,1.0,0.525636434896757,0.9425203830413736,2.3632243939530895e-09
89,0.34833401126183877,1.0,1.0,0.525636434896757,0.9425203830413736,2.3632243939530895e-09
89,0.34833410412469556,1.0,1.0,0.525636434896757,0.9425203806781492,2.489045500819742e-07
89,0.3483340948384098,1.0,1.0,0.525636434896757,0.9425203806781492,2.2377777841864344e-07
89,0.3483340948384099,1.0,1.0,0.525636434896757,0.9425203806781492,2.2377777864068804e-07
89,0.3483341041246956,1.0,1.0,0.525636434896757,0.9425203806781492,2.489045501929965e-07
89,0.34833410412469534,1.0,1.0,0.525636434896757,0.9425203806781492,2.489045494158404e-07
89,0.3483340948384099,1.0,1.0,0.525636434896757,0.9425203806781492,2.2377777864068804e-07
89,0.34833409483840977,1.0,1.0,0.525636434896757,0.9425203806781492,2.2377777830762113e-07
89,0.34833401126183877,1.0,1.0,0.525636434896757,0.9425203830413736,2.3632243939530895e-09
89,0.3483340112618388,1.0,1.0,0.525636434896757,0.9425203830413735,2.363224282930787e-09
89,0.3483340112618388,1.0,1.0,0.525636434896757,0.9425203830413735,2.363224282930787e-09
89,0.3483340112618388,1.0,1.0,0.525636434896757,0.9425203830413735,2.363224282930787e-09
89,0.3483340289057819,1.0,1.0,0.525636434896757,0.9425203806781492,4.537766395973364e-08
89,0.34833410412469556,1.0,1.0,0.525636434896757,0.9425203806781492,2.489045500819742e-07
89,0.34833392768526783,1.0,1.0,0.525636434896757,0.9425206091824847,2.2850433545329452e-07
89,0.34833401126183877,1.0,1.0,0.525636434896757,0.9425203830413736,2.3632243939530895e-09
89,0.34833410412469573,1.0,1.0,0.525636434896757,0.9425203806781492,2.489045505260634e-07
89,0.34833410412469584,1.0,1.0,0.525636434896757,0.9425203806781492,2.48904550748108e-07
89,0.3483341041246958,1.0,1.0,0.525636434896757,0.9425203806781492,2.489045506370857e-07
89,0.3483341041246955,1.0,1.0,0.525636434896757,0.9425203806781492,2.489045498599296e-07
89,0.3483339276852678,1.0,1.0,0.525636434896757,0.9425206091824848,2.2850433556431682e-07
90,0.3483340112618389,1.0,1.0,0.525636434896757,0.9425203830413733,2.363224060886182e-09
90,0.3483340289057819,1.0,1.0,0.525636434896757,0.9425203806781492,4.537766395973364e-08
90,0.3483340112618388,1.0,1.0,0.525636434896757,0.9425203830413735,2.363224282930787e-09
90,0.3483340112618388,1.0,1.0,0.525636434896757,0.9425203830413735,2.363224282930787e-09
90,0.3483340112618388,1.0,1.0,0.525636434896757,0.9425203830413735,2.363224282930787e-09
90,0.3483340112618388,1.0,1.0,0.525636434896757,0.9425203830413735,2.363224282930787e-09
90,0.3483340112618388,1.0,1.0,0.525636434896757,0.9425203830413735,2.363224282930787e-09
90,0.3483340112618388,1.0,1.0,0.525636434896757,0.9425203830413735,2.363224282930787e-09
90,0.3483340112618388,1.0,1.0,0.525636434896757,0.9425203830413735,2.363224282930787e-09
90,0.3483340112618388,1.0,1.0,0.525636434896757,0.9425203830413735,2.363224282930787e-09
90,0.3483340112618388,1.0,1.0,0.525636434896757,0.9425203830413735,2.363224282930787e-09
90,0.3483340112618388,1.0,1.0,0.525636434896757,0.9425203830413735,2.363224282930787e-09
90,0.3483340112618388,1.0,1.0,0.525636434896757,0.9425203830413735,2.363224282930787e-09
90,0.3483340112618388,1.0,1.0,0.525636434896757,0.9425203830413735,2.363224282930787e-09
90,0.34833409483840977,1.0,1.0,0.525636434896757,0.9425203806781492,2.2377777830762113e-07
90,0.34833401126183877,1.0,1.0,0.525636434896757,0.9425203830413736,2.3632243939530895e-09
90,0.34833401126183877,1.0,1.0,0.525636434896757,0.9425203830413736,2.3632243939530895e-09
90,0.3483340948384098,1.0,1.0,0.525636434896757,0.9425203806781492,2.2377777841864344e-07
90,0.3483340948384098,1.0,1.0,0.525636434896757,0.9425203806781492,2.2377777841864344e-07
90,0.34833401126183877,1.0,1.0,0.525636434896757,0.9425203830413736,2.3632243939530895e-09
90,0.34833401126183877,1.0,1.0,0.525636434896757,0.9425203830413736,2.3632243939530895e-09
90,0.3483340112618388,1.0,1.0,0.525636434896757,0.9425203830413735,2.363224282930787e-09
90,0.3483341041246958,1.0,1.0,0.525636434896757,0.9425203806781492,2.489045506370857e-07
90,0.34833401961949595,1.0,1.0,0.525636434896757,0.9425203806781492,2.0250880972128016e-08
90,0.3483340112618388,1.0,1.0,0.525636434896757,0.9425203830413735,2.363224282930787e-09
90,0.34833402714138756,1.0,1.0,0.525636434896757,0.9425203806781492,4.060357527979619e-08
90,0.34833401126183877,1.0,1.0,0.525636434896757,0.9425203830413736,2.3632243939530895e-09
90,0.3483340289057819,1.0,1.0,0.525636434896757,0.9425203806781492,4.537766395973364e-08
90,0.34833401126183877,1.0,1.0,0.525636434896757,0.9425203830413736,2.3632243939530895e-09
90,0.34833407895886104,1.0,1.0,0.525636434896757,0.9425203806781492,1.8081099550926183e-07
90,0.3483340112618388,1.0,1.0,0.525636434896757,0.9425203830413735,2.363224282930787e-09
90,0.3483340112618388,1.0,1.0,0.525636434896757,0.9425203830413735,2.363224282930787e-09
90,0.3483340112618388,1.0,1.0,0.525636434896757,0.9425203830413735,2.363224282930787e-09
90,0.3483340112618388,1.0,1.0,0.525636434896757,0.9425203830413735,2.363224282930787e-09
90,0.3483341700573237,1.0,1.0,0.525636434896757,0.9425203806781492,4.273045880465176e-07
90,0.34833402714138767,1.0,1.0,0.525636434896757,0.9425203806781492,4.0603575612863096e-08
90,0.3483340112618388,1.0,1.0,0.525636434896757,0.9425203830413735,2.363224282930787e-09
90,0.34833399538229004,1.0,1.0,0.525636434896757,0.9425204260081771,4.533002784246065e-08
90,0.34833393604292495,1.0,1.0,0.525636434896757,0.9425205865683687,2.0589021942907237e-07
90,0.3483339953822901,1.0,1.0,0.525636434896757,0.942520426008177,4.533002773143835e-08
91,0.3483340112618389,1.0,1.0,0.525636434896757,0.9425203830413733,2.363224060886182e-09
91,0.34833401961949595,1.0,1.0,0.525636434896757,0.9425203806781492,2.0250880972128016e-08
91,0.3483340112618388,1.0,1.0,0.525636434896757,0.9425203830413735,2.363224282930787e-09
91,0.3483340112618388,1.0,1.0,0.525636434896757,0.9425203830413735,2.363224282930787e-09
91,0.34833402714138756,1.0,1.0,0.525636434896757,0.9425203806781492,4.060357527979619e-08
91,0.3483340112618388,1.0,1.0,0.525636434896757,0.9425203830413735,2.363224282930787e-09
91,0.3483340112618388,1.0,1.0,0.525636434896757,0.9425203830413735,2.363224282930787e-09
91,0.3483340112618388,1.0,1.0,0.525636434896757,0.9425203830413735,2.363224282930787e-09
91,0.3483340112618388,1.0,1.0,0.525636434896757,0.9425203830413735,2.363224282930787e-09
91,0.3483340112618388,1.0,1.0,0.525636434896757,0.9425203830413735,2.363224282930787e-09
91,0.3483340112618388,1.0,1.0,0.525636434896757,0.9425203830413735,2.363224282930787e-09
91,0.3483340112618388,1.0,1.0,0.525636434896757,0.9425203830413735,2.363224282930787e-09
91,0.3483340112618388,1.0,1.0,0.525636434896757,0.9425203830413735,2.363224282930787e-09
91,0.3483340112618388,1.0,1.0,0.525636434896757,0.9425203830413735,2.363224282930787e-09
91,0.3483340112618388,1.0,1.0,0.525636434896757,0.9425203830413735,2.363224282930787e-09
91,0.3483340112618388,1.0,1.0,0.525636434896757,0.9425203830413735,2.363224282930787e-09
91,0.3483340112618388,1.0,1.0,0.525636434896757,0.9425203830413735,2.363224282930787e-09
91,0.3483340112618388,1.0,1.0,0.525636434896757,0.9425203830413735,2.363224282930787e-09
91,0.3483340112618388,1.0,1.0,0.525636434896757,0.9425203830413735,2.363224282930787e-09
91,0.3483340112618388,1.0,1.0,0.525636434896757,0.9425203830413735,2.363224282930787e-09
91,0.3483340053279021,1.0,1.0,0.525636434896757,0.9425203990973893,1.8419240022105043e-08
91,0.3483340112618388,1.0,1.0,0.525636434896757,0.9425203830413735,2.363224282930787e-09
91,0.3483340187837302,1.0,1.0,0.525636434896757,0.9425203806781492,1.7989470468826596e-08
91,0.3483340112618389,1.0,1.0,0.525636434896757,0.9425203830413733,2.363224060886182e-09
91,0.3483340112618388,1.0,1.0,0.525636434896757,0.9425203830413735,2.363224282930787e-09
91,0.3483340112618388,1.0,1.0,0.525636434896757,0.9425203830413735,2.363224282930787e-09
91,0.3483340112618389,1.0,1.0,0.525636434896757,0.9425203830413733,2.363224060886182e-09
91,0.3483340112618388,1.0,1.0,0.525636434896757,0.9425203830413735,2.363224282930787e-09
91,0.3483340112618388,1.0,1.0,0.525636434896757,0.9425203830413735,2.363224282930787e-09
91,0.3483340112618388,1.0,1.0,0.525636434896757,0.9425203830413735,2.363224282930787e-09
91,0.3483340112618388,1.0,1.0,0.525636434896757,0.9425203830413735,2.363224282930787e-09
91,0.3483340112618388,1.0,1.0,0.525636434896757,0.9425203830413735,2.363224282930787e-09
91,0.3483340112618388,1.0,1.0,0.525636434896757,0.9425203830413735,2.363224282930787e-09
91,0.3483340271413875,1.0,1.0,0.525636434896757,0.9425203806781492,4.0603575168773887e-08
91,0.34833402714138756,1.0,1.0,0.525636434896757,0.9425203806781492,4.060357527979619e-08
91,0.3483340112618388,1.0,1.0,0.525636434896757,0.9425203830413735,2.363224282930787e-09
91,0.348333996970245,1.0,1.0,0.525636434896757,0.9425204217114964,4.103334716454299e-08
91,0.3483340255534327,1.0,1.0,0.525636434896757,0.9425203806781492,3.6306895490056945e-08
91,0.3483340255534327,1.0,1.0,0.525636434896757,0.9425203806781492,3.6306895490056945e-08
91,0.3483340112618388,1.0,1.0,0.525636434896757,0.9425203830413735,2.363224282930787e-09
92,0.3483340112618389,1.0,1.0,0.525636434896757,0.9425203830413733,2.363224060886182e-09
92,0.3483340187837302,1.0,1.0,0.525636434896757,0.9425203806781492,1.7989470468826596e-08
92,0.3483340112618389,1.0,1.0,0.525636434896757,0.9425203830413733,2.363224060886182e-09
92,0.3483340112618389,1.0,1.0,0.525636434896757,0.9425203830413733,2.363224060886182e-09
92,0.34833401961949595,1.0,1.0,0.525636434896757,0.9425203806781492,2.0250880972128016e-08
92,0.3483340112618388,1.0,1.0,0.525636434896757,0.9425203830413735,2.363224282930787e-09
92,0.3483340112618388,1.0,1.0,0.525636434896757,0.9425203830413735,2.363224282930787e-09
92,0.3483340112618388,1.0,1.0,0.525636434896757,0.9425203830413735,2.363224282930787e-09
92,0.3483340112618388,1.0,1.0,0.525636434896757,0.9425203830413735,2.363224282930787e-09
92,0.3483340112618388,1.0,1.0,0.525636434896757,0.9425203830413735,2.363224282930787e-09
92,0.3483340112618388,1.0,1.0,0.525636434896757,0.9425203830413735,2.363224282930787e-09
92,0.3483340112618388,1.0,1.0,0.525636434896757,0.9425203830413735,2.363224282930787e-09
92,0.3483340112618388,1.0,1.0,0.525636434896757,0.9425203830413735,2.363224282930787e-09
92,0.3483340112618388,1.0,1.0,0.525636434896757,0.9425203830413735,2.363224282930787e-09
92,0.3483340112618388,1.0,1.0,0.525636434896757,0.9425203830413735,2.363224282930787e-09
92,0.3483340112618388,1.0,1.0,0.525636434896757,0.9425203830413735,2.363224282930787e-09
92,0.3483340112618388,1.0,1.0,0.525636434896757,0.9425203830413735,2.363224282930787e-09
92,0.3483340112618388,1.0,1.0,0.525636434896757,0.9425203830413735,2.363224282930787e-09
92,0.3483340112618388,1.0,1.0,0.525636434896757,0.9425203830413735,2.363224282930787e-09
92,0.3483340112618388,1.0,1.0,0.525636434896757,0.9425203830413735,2.363224282930787e-09
92,0.3483340187837302,1.0,1.0,0.525636434896757,0.9425203806781492,1.7989470468826596e-08
92,0.3483340112618388,1.0,1.0,0.525636434896757,0.9425203830413735,2.363224282930787e-09
92,0.3483340112618389,1.0,1.0,0.525636434896757,0.9425203830413733,2.363224060886182e-09
92,0.3483340112618388,1.0,1.0,0.525636434896757,0.9425203830413735,2.363224282930787e-09
92,0.34833401961949595,1.0,1.0,0.525636434896757,0.9425203806781492,2.0250880972128016e-08
92,0.3483340112618389,1.0,1.0,0.525636434896757,0.9425203830413733,2.363224060886182e-09
92,0.3483340112618389,1.0,1.0,0.525636434896757,0.9425203830413733,2.363224060886182e-09
92,0.3483340112618388,1.0,1.0,0.525636434896757,0.9425203830413735,2.363224282930787e-09
92,0.3483340112618388,1.0,1.0,0.525636434896757,0.9425203830413735,2.363224282930787e-09
92,0.3483340112618389,1.0,1.0,0.525636434896757,0.9425203830413733,2.363224060886182e-09
92,0.3483340112618388,1.0,1.0,0.525636434896757,0.9425203830413735,2.363224282930787e-09
92,0.3483340044921366,1.0,1.0,0.525636434896757,0.9425204013587994,2.0680650192339556e-08
92,0.3483340187837302,1.0,1.0,0.525636434896757,0.9425203806781492,1.7989470468826596e-08
92,0.3483340112618388,1.0,1.0,0.525636434896757,0.9425203830413735,2.363224282930787e-09
92,0.34833401803154107,1.0,1.0,0.525636434896757,0.9425203806781492,1.5954200960344167e-08
92,0.3483340112618388,1.0,1.0,0.525636434896757,0.9425203830413735,2.363224282930787e-09
92,0.3483340112618388,1.0,1.0,0.525636434896757,0.9425203830413735,2.363224282930787e-09
92,0.3483340112618388,1.0,1.0,0.525636434896757,0.9425203830413735,2.363224282930787e-09
92,0.3483340112618388,1.0,1.0,0.525636434896757,0.9425203830413735,2.363224282930787e-09
92,0.3483340112618388,1.0,1.0,0.525636434896757,0.9425203830413735,2.363224282930787e-09
93,0.3483340112618389,1.0,1.0,0.525636434896757,0.9425203830413733,2.363224060886182e-09
93,0.3483340112618389,1.0,1.0,0.525636434896757,0.9425203830413733,2.363224060886182e-09
93,0.3483340112618389,1.0,1.0,0.525636434896757,0.9425203830413733,2.363224060886182e-09
93,0.3483340112618389,1.0,1.0,0.525636434896757,0.9425203830413733,2.363224060886182e-09
93,0.3483340112618389,1.0,1.0,0.525636434896757,0.9425203830413733,2.363224060886182e-09
93,0.3483340112618389,1.0,1.0,0.525636434896757,0.9425203830413733,2.363224060886182e-09
93,0.3483340112618389,1.0,1.0,0.525636434896757,0.9425203830413733,2.363224060886182e-09
93,0.34833401803154107,1.0,1.0,0.525636434896757,0.9425203806781492,1.5954200960344167e-08
93,0.3483340112618388,1.0,1.0,0.525636434896757,0.9425203830413735,2.363224282930787e-09
93,0.3483340112618388,1.0,1.0,0.525636434896757,0.9425203830413735,2.363224282930787e-09
93,0.3483340187837302,1.0,1.0,0.525636434896757,0.9425203806781492,1.7989470468826596e-08
93,0.3483340187837302,1.0,1.0,0.525636434896757,0.9425203806781492,1.7989470468826596e-08
93,0.3483340112618388,1.0,1.0,0.525636434896757,0.9425203830413735,2.363224282930787e-09
93,0.3483340112618388,1.0,1.0,0.525636434896757,0.9425203830413735,2.363224282930787e-09
93,0.3483340187837302,1.0,1.0,0.525636434896757,0.9425203806781492,1.7989470468826596e-08
93,0.3483340112618388,1.0,1.0,0.525636434896757,0.9425203830413735,2.363224282930787e-09
93,0.3483340112618388,1.0,1.0,0.525636434896757,0.9425203830413735,2.363224282930787e-09
93,0.3483340112618388,1.0,1.0,0.525636434896757,0.9425203830413735,2.363224282930787e-09
93,0.3483340112618388,1.0,1.0,0.525636434896757,0.9425203830413735,2.363224282930787e-09
93,0.3483340112618388,1.0,1.0,0.525636434896757,0.9425203830413735,2.363224282930787e-09
93,0.3483340112618389,1.0,1.0,0.525636434896757,0.9425203830413733,2.363224060886182e-09
93,0.3483340180315411,1.0,1.0,0.525636434896757,0.9425203806781492,1.5954201182388772e-08
93,0.3483340112618388,1.0,1.0,0.525636434896757,0.9425203830413735,2.363224282930787e-09
93,0.3483340112618389,1.0,1.0,0.525636434896757,0.9425203830413733,2.363224060886182e-09
93,0.34833400449213664,1.0,1.0,0.525636434896757,0.9425204013587993,2.0680650081317253e-08
93,0.34833401878373027,1.0,1.0,0.525636434896757,0.9425203806781492,1.79894705798489e-08
93,0.34833400449213664,1.0,1.0,0.525636434896757,0.9425204013587993,2.0680650081317253e-08
93,0.3483340180315411,1.0,1.0,0.525636434896757,0.9425203806781492,1.5954201182388772e-08
93,0.34833401803154107,1.0,1.0,0.525636434896757,0.9425203806781492,1.5954200960344167e-08
93,0.3483340112618388,1.0,1.0,0.525636434896757,0.9425203830413735,2.363224282930787e-09
93,0.3483340112618389,1.0,1.0,0.525636434896757,0.9425203830413733,2.363224060886182e-09
93,0.3483340187837302,1.0,1.0,0.525636434896757,0.9425203806781492,1.7989470468826596e-08
93,0.3483340112618389,1.0,1.0,0.525636434896757,0.9425203830413733,2.363224060886182e-09
93,0.3483340255534324,1.0,1.0,0.525636434896757,0.9425203806781492,3.630689471290083e-08
93,0.3483340112618389,1.0,1.0,0.525636434896757,0.9425203830413733,2.363224060886182e-09
93,0.3483340112618389,1.0,1.0,0.525636434896757,0.9425203830413733,2.363224060886182e-09
93,0.3483340112618389,1.0,1.0,0.525636434896757,0.9425203830413733,2.363224060886182e-09
93,0.3483340112618388,1.0,1.0,0.525636434896757,0.9425203830413735,2.363224282930787e-09
93,0.3483340044921367,1.0,1.0,0.525636434896757,0.9425204013587991,2.068064985927265e-08
93,0.34833400449213664,1.0,1.0,0.525636434896757,0.9425204013587993,2.0680650081317253e-08
94,0.3483340112618389,1.0,1.0,0.525636434896757,0.9425203830413733,2.363224060886182e-09
94,0.3483340112618389,1.0,1.0,0.525636434896757,0.9425203830413733,2.363224060886182e-09
94,0.3483340112618389,1.0,1.0,0.525636434896757,0.9425203830413733,2.363224060886182e-09
94,0.3483340112618389,1.0,1.0,0.525636434896757,0.9425203830413733,2.363224060886182e-09
94,0.3483340112618389,1.0,1.0,0.525636434896757,0.9425203830413733,2.363224060886182e-09
94,0.3483340112618389,1.0,1.0,0.525636434896757,0.9425203830413733,2.363224060886182e-09
94,0.3483340112618389,1.0,1.0,0.525636434896757,0.9425203830413733,2.363224060886182e-09
94,0.34833401803154107,1.0,1.0,0.525636434896757,0.9425203806781492,1.5954200960344167e-08
94,0.3483340112618389,1.0,1.0,0.525636434896757,0.9425203830413733,2.363224060886182e-09
94,0.3483340112618389,1.0,1.0,0.525636434896757,0.9425203830413733,2.363224060886182e-09
94,0.34833401803154107,1.0,1.0,0.525636434896757,0.9425203806781492,1.5954200960344167e-08
94,0.3483340112618389,1.0,1.0,0.525636434896757,0.9425203830413733,2.363224060886182e-09
94,0.3483340112618389,1.0,1.0,0.525636434896757,0.9425203830413733,2.363224060886182e-09
94,0.3483340112618389,1.0,1.0,0.525636434896757,0.9425203830413733,2.363224060886182e-09
94,0.3483340112618389,1.0,1.0,0.525636434896757,0.9425203830413733,2.363224060886182e-09
94,0.3483340112618389,1.0,1.0,0.525636434896757,0.9425203830413733,2.363224060886182e-09
94,0.3483340180315411,1.0,1.0,0.525636434896757,0.9425203806781492,1.5954201182388772e-08
94,0.3483340180315411,1.0,1.0,0.525636434896757,0.9425203806781492,1.5954201182388772e-08
94,0.3483340112618388,1.0,1.0,0.525636434896757,0.9425203830413735,2.363224282930787e-09
94,0.3483340112618388,1.0,1.0,0.525636434896757,0.9425203830413735,2.363224282930787e-09
94,0.3483340051691069,1.0,1.0,0.525636434896757,0.9425203995270566,1.8848907323842923e-08
94,0.3483340112618389,1.0,1.0,0.525636434896757,0.9425203830413733,2.363224060886182e-09
94,0.34833400516910684,1.0,1.0,0.525636434896757,0.9425203995270567,1.8848907434865225e-08
94,0.3483340112618389,1.0,1.0,0.525636434896757,0.9425203830413733,2.363224060886182e-09
94,0.3483340112618388,1.0,1.0,0.525636434896757,0.9425203830413735,2.363224282930787e-09
94,0.34833401803154107,1.0,1.0,0.525636434896757,0.9425203806781492,1.5954200960344167e-08
94,0.34833401126183894,1.0,1.0,0.525636434896757,0.9425203830413732,2.3632239498638796e-09
94,0.3483340112618389,1.0,1.0,0.525636434896757,0.9425203830413733,2.363224060886182e-09
94,0.34833401126183894,1.0,1.0,0.525636434896757,0.9425203830413732,2.3632239498638796e-09
94,0.3483340180315411,1.0,1.0,0.525636434896757,0.9425203806781492,1.5954201182388772e-08
94,0.3483340180315411,1.0,1.0,0.525636434896757,0.9425203806781492,1.5954201182388772e-08
94,0.3483340112618389,1.0,1.0,0.525636434896757,0.9425203830413733,2.363224060886182e-09
94,0.3483340112618389,1.0,1.0,0.525636434896757,0.9425203830413733,2.363224060886182e-09
94,0.3483340173545709,1.0,1.0,0.525636434896757,0.9425203806781492,1.4122458757981349e-08
94,0.34833401193880903,1.0,1.0,0.525636434896757,0.942520381209631,5.314817475010614e-10
94,0.34833401193880914,1.0,1.0,0.525636434896757,0.9425203812096307,5.31481414434154e-10
94,0.3483340112618389,1.0,1.0,0.525636434896757,0.9425203830413733,2.363224060886182e-09
94,0.3483340180315411,1.0,1.0,0.525636434896757,0.9425203806781492,1.5954201182388772e-08
94,0.3483340112618389,1.0,1.0,0.525636434896757,0.9425203830413733,2.363224060886182e-09
94,0.3483340112618389,1.0,1.0,0.525636434896757,0.9425203830413733,2.363224060886182e-09
95,0.3483340173545709,1.0,1.0,0.525636434896757,0.9425203806781492,1.4122458757981349e-08
95,0.34833401193880914,1.0,1.0,0.525636434896757,0.9425203812096307,5.31481414434154e-10
95,0.34833401803154107,1.0,1.0,0.525636434896757,0.9425203806781492,1.5954200960344167e-08
95,0.34833401803154107,1.0,1.0,0.525636434896757,0.9425203806781492,1.5954200960344167e-08
95,0.34833401803154107,1.0,1.0,0.525636434896757,0.9425203806781492,1.5954200960344167e-08
95,0.34833401193880903,1.0,1.0,0.525636434896757,0.942520381209631,5.314817475010614e-10
95,0.3483340180315411,1.0,1.0,0.525636434896757,0.9425203806781492,1.5954201182388772e-08
95,0.3483340180315411,1.0,1.0,0.525636434896757,0.9425203806781492,1.5954201182388772e-08
95,0.3483340180315411,1.0,1.0,0.525636434896757,0.9425203806781492,1.5954201182388772e-08
95,0.3483340180315411,1.0,1.0,0.525636434896757,0.9425203806781492,1.5954201182388772e-08
95,0.3483340180315411,1.0,1.0,0.525636434896757,0.9425203806781492,1.5954201182388772e-08
95,0.34833401126183894,1.0,1.0,0.525636434896757,0.9425203830413732,2.3632239498638796e-09
95,0.34833401126183894,1.0,1.0,0.525636434896757,0.9425203830413732,2.3632239498638796e-09
95,0.3483340112618389,1.0,1.0,0.525636434896757,0.9425203830413733,2.363224060886182e-09
95,0.3483340112618389,1.0,1.0,0.525636434896757,0.9425203830413733,2.363224060886182e-09
95,0.3483340112618389,1.0,1.0,0.525636434896757,0.9425203830413733,2.363224060886182e-09
95,0.3483340112618389,1.0,1.0,0.525636434896757,0.9425203830413733,2.363224060886182e-09
95,0.3483340112618389,1.0,1.0,0.525636434896757,0.9425203830413733,2.363224060886182e-09
95,0.3483340112618389,1.0,1.0,0.525636434896757,0.9425203830413733,2.363224060886182e-09
95,0.3483340112618389,1.0,1.0,0.525636434896757,0.9425203830413733,2.363224060886182e-09
95,0.3483340173545709,1.0,1.0,0.525636434896757,0.9425203806781492,1.4122458757981349e-08
95,0.34833401193880914,1.0,1.0,0.525636434896757,0.9425203812096307,5.31481414434154e-10
95,0.3483340241242731,1.0,1.0,0.525636434896757,0.9425203806781492,3.243988311307788e-08
95,0.34833400577838003,1.0,1.0,0.525636434896757,0.9425203978784884,1.7200339152978472e-08
95,0.34833401735457087,1.0,1.0,0.525636434896757,0.9425203806781492,1.4122458535936744e-08
95,0.3483340173545709,1.0,1.0,0.525636434896757,0.9425203806781492,1.4122458757981349e-08
95,0.3483340180315411,1.0,1.0,0.525636434896757,0.9425203806781492,1.5954201182388772e-08
95,0.34833400516910695,1.0,1.0,0.525636434896757,0.9425203995270565,1.884890721282062e-08
95,0.3483340058460771,1.0,1.0,0.525636434896757,0.942520397695314,1.7017164788413197e-08
95,0.348334024124273,1.0,1.0,0.525636434896757,0.9425203806781492,3.243988289103328e-08
95,0.3483340112618388,1.0,1.0,0.525636434896757,0.9425203830413735,2.363224282930787e-09
95,0.3483340174222679,1.0,1.0,0.525636434896757,0.9425203806781492,1.4305632789479716e-08
95,0.34833400516910684,1.0,1.0,0.525636434896757,0.9425203995270567,1.8848907434865225e-08
95,0.3483340241242731,1.0,1.0,0.525636434896757,0.9425203806781492,3.243988311307788e-08
95,0.3483340119388091,1.0,1.0,0.525636434896757,0.9425203812096309,5.314816364787589e-10
95,0.34833401735457087,1.0,1.0,0.525636434896757,0.9425203806781492,1.4122458535936744e-08
95,0.3483340180315411,1.0,1.0,0.525636434896757,0.9425203806781492,1.5954201182388772e-08
95,0.34833401803154107,1.0,1.0,0.525636434896757,0.9425203806781492,1.5954200960344167e-08
95,0.3483340051691069,1.0,1.0,0.525636434896757,0.9425203995270566,1.8848907323842923e-08
95,0.34833401193880914,1.0,1.0,0.525636434896757,0.9425203812096307,5.31481414434154e-10
96,0.34833401193880914,1.0,1.0,0.525636434896757,0.9425203812096307,5.31481414434154e-10
96,0.34833401193880914,1.0,1.0,0.525636434896757,0.9425203812096307,5.31481414434154e-10
96,0.34833401735457087,1.0,1.0,0.525636434896757,0.9425203806781492,1.4122458535936744e-08
96,0.34833401735457087,1.0,1.0,0.525636434896757,0.9425203806781492,1.4122458535936744e-08
96,0.34833401193880914,1.0,1.0,0.525636434896757,0.9425203812096307,5.31481414434154e-10
96,0.3483340173545709,1.0,1.0,0.525636434896757,0.9425203806781492,1.4122458757981349e-08
96,0.3483340173545709,1.0,1.0,0.525636434896757,0.9425203806781492,1.4122458757981349e-08
96,0.3483340173545709,1.0,1.0,0.525636434896757,0.9425203806781492,1.4122458757981349e-08
96,0.3483340119388091,1.0,1.0,0.525636434896757,0.9425203812096309,5.314816364787589e-10
96,0.3483340174222679,1.0,1.0,0.525636434896757,0.9425203806781492,1.4305632789479716e-08
96,0.34833401193880903,1.0,1.0,0.525636434896757,0.942520381209631,5.314817475010614e-10
96,0.34833401803154107,1.0,1.0,0.525636434896757,0.9425203806781492,1.5954200960344167e-08
96,0.34833401803154107,1.0,1.0,0.525636434896757,0.9425203806781492,1.5954200960344167e-08
96,0.34833401803154107,1.0,1.0,0.525636434896757,0.9425203806781492,1.5954200960344167e-08
96,0.34833401803154107,1.0,1.0,0.525636434896757,0.9425203806781492,1.5954200960344167e-08
96,0.34833401126183894,1.0,1.0,0.525636434896757,0.9425203830413732,2.3632239498638796e-09
96,0.34833401126183894,1.0,1.0,0.525636434896757,0.9425203830413732,2.3632239498638796e-09
96,0.3483340180315411,1.0,1.0,0.525636434896757,0.9425203806781492,1.5954201182388772e-08
96,0.3483340180315411,1.0,1.0,0.525636434896757,0.9425203806781492,1.5954201182388772e-08
96,0.3483340112618389,1.0,1.0,0.525636434896757,0.9425203830413733,2.363224060886182e-09
96,0.3483340125480823,1.0,1.0,0.525636434896757,0.9425203806781492,1.1170866454079942e-09
96,0.34833401674529774,1.0,1.0,0.525636434896757,0.9425203806781492,1.2473890476094596e-08
96,0.348334017354571,1.0,1.0,0.525636434896757,0.9425203806781492,1.4122458869003651e-08
96,0.3483340119388092,1.0,1.0,0.525636434896757,0.9425203812096306,5.314813034118515e-10
96,0.3483340241242731,1.0,1.0,0.525636434896757,0.9425203806781492,3.243988311307788e-08
96,0.3483340229057266,1.0,1.0,0.525636434896757,0.9425203806781492,2.9142746549304377e-08
96,0.3483340173545709,1.0,1.0,0.525636434896757,0.9425203806781492,1.4122458757981349e-08
96,0.3483340180315411,1.0,1.0,0.525636434896757,0.9425203806781492,1.5954201182388772e-08
96,0.3483340130964282,1.0,1.0,0.525636434896757,0.9425203806781492,2.600798243435065e-09
96,0.34833401254808233,1.0,1.0,0.525636434896757,0.9425203806781492,1.1170867564302966e-09
96,0.3483340063876533,1.0,1.0,0.525636434896757,0.9425203962299198,1.5551770538024812e-08
96,0.34833401803154107,1.0,1.0,0.525636434896757,0.9425203806781492,1.5954200960344167e-08
96,0.3483340235149998,1.0,1.0,0.525636434896757,0.9425203806781492,3.079131472016883e-08
96,0.34833402283802967,1.0,1.0,0.525636434896757,0.9425203806781492,2.895957251780601e-08
96,0.34833401187111207,1.0,1.0,0.525636434896757,0.942520381392805,7.14655778999429e-10
96,0.3483340180315411,1.0,1.0,0.525636434896757,0.9425203806781492,1.5954201182388772e-08
96,0.34833401126183894,1.0,1.0,0.525636434896757,0.9425203830413732,2.3632239498638796e-09
96,0.3483340186408143,1.0,1.0,0.525636434896757,0.9425203806781492,1.7602769353253223e-08
96,0.348334017422268,1.0,1.0,0.525636434896757,0.9425203806781492,1.4305633122546624e-08
96,0.3483340112618389,1.0,1.0,0.525636434896757,0.9425203830413733,2.363224060886182e-09
97,0.3483340125480823,1.0,1.0,0.525636434896757,0.9425203806781492,1.1170866454079942e-09
97,0.3483340119388092,1.0,1.0,0.525636434896757,0.9425203812096306,5.314813034118515e-10
97,0.34833401254808233,1.0,1.0,0.525636434896757,0.9425203806781492,1.1170867564302966e-09
97,0.34833401193880914,1.0,1.0,0.525636434896757,0.9425203812096307,5.31481414434154e-10
97,0.34833401193880914,1.0,1.0,0.525636434896757,0.9425203812096307,5.31481414434154e-10
97,0.34833401193880914,1.0,1.0,0.525636434896757,0.9425203812096307,5.31481414434154e-10
97,0.3483340130964282,1.0,1.0,0.525636434896757,0.9425203806781492,2.600798243435065e-09
97,0.3483340119388091,1.0,1.0,0.525636434896757,0.9425203812096309,5.314816364787589e-10
97,0.34833401674529774,1.0,1.0,0.525636434896757,0.9425203806781492,1.2473890476094596e-08
97,0.34833401193880903,1.0,1.0,0.525636434896757,0.942520381209631,5.314817475010614e-10
97,0.34833401735457087,1.0,1.0,0.525636434896757,0.9425203806781492,1.4122458535936744e-08
97,0.34833401735457087,1.0,1.0,0.525636434896757,0.9425203806781492,1.4122458535936744e-08
97,0.34833401187111207,1.0,1.0,0.525636434896757,0.942520381392805,7.14655778999429e-10
97,0.3483340173545709,1.0,1.0,0.525636434896757,0.9425203806781492,1.4122458757981349e-08
97,0.3483340173545709,1.0,1.0,0.525636434896757,0.9425203806781492,1.4122458757981349e-08
97,0.3483340173545709,1.0,1.0,0.525636434896757,0.9425203806781492,1.4122458757981349e-08
97,0.3483340173545709,1.0,1.0,0.525636434896757,0.9425203806781492,1.4122458757981349e-08
97,0.34833401126183894,1.0,1.0,0.525636434896757,0.9425203830413732,2.3632239498638796e-09
97,0.34833401126183894,1.0,1.0,0.525636434896757,0.9425203830413732,2.3632239498638796e-09
97,0.34833401126183894,1.0,1.0,0.525636434896757,0.9425203830413732,2.3632239498638796e-09
97,0.34833400645535034,1.0,1.0,0.525636434896757,0.9425203960467455,1.536859628448184e-08
97,0.3483340167452977,1.0,1.0,0.525636434896757,0.9425203806781492,1.2473890365072293e-08
97,0.3483340179706139,1.0,1.0,0.525636434896757,0.9425203806781492,1.5789344609551392e-08
97,0.3483340113904632,1.0,1.0,0.525636434896757,0.9425203826933423,2.015193012461225e-09
97,0.34833401139046327,1.0,1.0,0.525636434896757,0.9425203826933422,2.0151929014389225e-09
97,0.348334017354571,1.0,1.0,0.525636434896757,0.9425203806781492,1.4122458869003651e-08
97,0.3483340167452977,1.0,1.0,0.525636434896757,0.9425203806781492,1.2473890365072293e-08
97,0.348334012487155,1.0,1.0,0.525636434896757,0.9425203806781492,9.52229961548312e-10
97,0.34833401735457087,1.0,1.0,0.525636434896757,0.9425203806781492,1.4122458535936744e-08
97,0.3483340118711121,1.0,1.0,0.525636434896757,0.9425203813928049,7.146556679771265e-10
97,0.34833401735457087,1.0,1.0,0.525636434896757,0.9425203806781492,1.4122458535936744e-08
97,0.3483340123036962,1.0,1.0,0.525636434896757,0.9425203806781492,4.5582804197863425e-10
97,0.3483340118711121,1.0,1.0,0.525636434896757,0.9425203813928049,7.146556679771265e-10
97,0.348334012487155,1.0,1.0,0.525636434896757,0.9425203806781492,9.52229961548312e-10
97,0.3483340173545709,1.0,1.0,0.525636434896757,0.9425203806781492,1.4122458757981349e-08
97,0.3483340173545709,1.0,1.0,0.525636434896757,0.9425203806781492,1.4122458757981349e-08
97,0.34833401193880914,1.0,1.0,0.525636434896757,0.9425203812096307,5.31481414434154e-10
97,0.34833401126183894,1.0,1.0,0.525636434896757,0.9425203830413732,2.3632239498638796e-09
97,0.34833401515509466,1.0,1.0,0.525636434896757,0.9425203806781492,8.17112733031422e-09
97,0.34833401089695193,1.0,1.0,0.525636434896757,0.9425203840286825,3.3505332952543654e-09
98,0.3483340123036962,1.0,1.0,0.525636434896757,0.9425203806781492,4.5582804197863425e-10
98,0.3483340119388092,1.0,1.0,0.525636434896757,0.9425203812096306,5.314813034118515e-10
98,0.348334012487155,1.0,1.0,0.525636434896757,0.9425203806781492,9.52229961548312e-10
98,0.348334012487155,1.0,1.0,0.525636434896757,0.9425203806781492,9.52229961548312e-10
98,0.34833401193880914,1.0,1.0,0.525636434896757,0.9425203812096307,5.31481414434154e-10
98,0.34833401193880914,1.0,1.0,0.525636434896757,0.9425203812096307,5.31481414434154e-10
98,0.34833401193880914,1.0,1.0,0.525636434896757,0.9425203812096307,5.31481414434154e-10
98,0.34833401193880914,1.0,1.0,0.525636434896757,0.9425203812096307,5.31481414434154e-10
98,0.3483340125480823,1.0,1.0,0.525636434896757,0.9425203806781492,1.1170866454079942e-09
98,0.3483340119388091,1.0,1.0,0.525636434896757,0.9425203812096309,5.314816364787589e-10
98,0.34833401254808233,1.0,1.0,0.525636434896757,0.9425203806781492,1.1170867564302966e-09
98,0.34833401193880903,1.0,1.0,0.525636434896757,0.942520381209631,5.314817475010614e-10
98,0.3483340130964282,1.0,1.0,0.525636434896757,0.9425203806781492,2.600798243435065e-09
98,0.3483340118711121,1.0,1.0,0.525636434896757,0.9425203813928049,7.146556679771265e-10
98,0.3483340118711121,1.0,1.0,0.525636434896757,0.9425203813928049,7.146556679771265e-10
98,0.34833401515509466,1.0,1.0,0.525636434896757,0.9425203806781492,8.17112733031422e-09
98,0.34833401187111207,1.0,1.0,0.525636434896757,0.942520381392805,7.14655778999429e-10
98,0.3483340167452977,1.0,1.0,0.525636434896757,0.9425203806781492,1.2473890365072293e-08
98,0.3483340167452977,1.0,1.0,0.525636434896757,0.9425203806781492,1.2473890365072293e-08
98,0.34833401139046327,1.0,1.0,0.525636434896757,0.9425203826933422,2.0151929014389225e-09
98,0.34833400897645517,1.0,1.0,0.525636434896757,0.9425203892251529,8.547003660375196e-09
98,0.3483340119388091,1.0,1.0,0.525636434896757,0.9425203812096309,5.314816364787589e-10
98,0.3483340130355008,1.0,1.0,0.525636434896757,0.9425203806781492,2.4359412265084757e-09
98,0.348334012487155,1.0,1.0,0.525636434896757,0.9425203806781492,9.52229961548312e-10
98,0.3483340122196838,1.0,1.0,0.525636434896757,0.9425203806781492,2.2850776826288666e-10
98,0.34833401161041083,1.0,1.0,0.525636434896757,0.9425203820982091,1.4200598474900517e-09
98,0.3483340125480824,1.0,1.0,0.525636434896757,0.9425203806781492,1.1170869784749016e-09
98,0.3483340163255762,1.0,1.0,0.525636434896757,0.9425203806781492,1.1338210148537087e-08
98,0.34833400937255055,1.0,1.0,0.525636434896757,0.9425203881534001,7.475250862754024e-09
98,0.34833401365086686,1.0,1.0,0.525636434896757,0.9425203806781492,4.100995543154795e-09
98,0.3483340148943934,1.0,1.0,0.525636434896757,0.9425203806781492,7.465723261823598e-09
98,0.34833401358993943,1.0,1.0,0.525636434896757,0.9425203806781492,3.936138415205903e-09
98,0.34833401187788177,1.0,1.0,0.525636434896757,0.9425203813744877,6.963384313607435e-10
98,0.3483340113776009,1.0,1.0,0.525636434896757,0.9425203827281451,2.0499958397479645e-09
98,0.34833400952480104,1.0,1.0,0.525636434896757,0.9425203877414414,7.063292173370428e-09
98,0.34833401187788177,1.0,1.0,0.525636434896757,0.9425203813744877,6.963384313607435e-10
98,0.34833401914644335,1.0,1.0,0.525636434896757,0.9425203806781492,1.8970897741610315e-08
98,0.3483340130355008,1.0,1.0,0.525636434896757,0.9425203806781492,2.4359412265084757e-09
98,0.3483340155876786,1.0,1.0,0.525636434896757,0.9425203806781492,9.341610707203074e-09
98,0.3483340082222425,1.0,1.0,0.525636434896757,0.9425203912658978,1.0587748566770472e-08
99,0.3483340122196838,1.0,1.0,0.525636434896757,0.9425203806781492,2.2850776826288666e-10
99,0.3483340123036962,1.0,1.0,0.525636434896757,0.9425203806781492,4.5582804197863425e-10
99,0.3483340119388092,1.0,1.0,0.525636434896757,0.9425203812096306,5.314813034118515e-10
99,0.348334012487155,1.0,1.0,0.525636434896757,0.9425203806781492,9.52229961548312e-10
99,0.348334012487155,1.0,1.0,0.525636434896757,0.9425203806781492,9.52229961548312e-10
99,0.348334012487155,1.0,1.0,0.525636434896757,0.9425203806781492,9.52229961548312e-10
99,0.34833401193880914,1.0,1.0,0.525636434896757,0.9425203812096307,5.31481414434154e-10
99,0.34833401193880914,1.0,1.0,0.525636434896757,0.9425203812096307,5.31481414434154e-10
99,0.34833401193880914,1.0,1.0,0.525636434896757,0.9425203812096307,5.31481414434154e-10
99,0.34833401193880914,1.0,1.0,0.525636434896757,0.9425203812096307,5.31481414434154e-10
99,0.3483340125480823,1.0,1.0,0.525636434896757,0.9425203806781492,1.1170866454079942e-09
99,0.3483340119388091,1.0,1.0,0.525636434896757,0.9425203812096309,5.314816364787589e-10
99,0.3483340119388091,1.0,1.0,0.525636434896757,0.9425203812096309,5.314816364787589e-10
99,0.34833401254808233,1.0,1.0,0.525636434896757,0.9425203806781492,1.1170867564302966e-09
99,0.34833401193880903,1.0,1.0,0.525636434896757,0.942520381209631,5.314817475010614e-10
99,0.3483340125480824,1.0,1.0,0.525636434896757,0.9425203806781492,1.1170869784749016e-09
99,0.34833401187788177,1.0,1.0,0.525636434896757,0.9425203813744877,6.963384313607435e-10
99,0.34833401187788177,1.0,1.0,0.525636434896757,0.9425203813744877,6.963384313607435e-10
99,0.3483340130355008,1.0,1.0,0.525636434896757,0.9425203806781492,2.4359412265084757e-09
99,0.3483340130355008,1.0,1.0,0.525636434896757,0.9425203806781492,2.4359412265084757e-09
99,0.34833401248715506,1.0,1.0,0.525636434896757,0.9425203806781492,9.52230183592917e-10
99,0.34833401298066624,1.0,1.0,0.525636434896757,0.9425203806781492,2.28757013331915e-09
99,0.34833401292583166,1.0,1.0,0.525636434896757,0.9425203806781492,2.1391990401298244e-09
99,0.3483340124871551,1.0,1.0,0.525636434896757,0.9425203806781492,9.522302946152195e-10
99,0.3483340123774858,1.0,1.0,0.525636434896757,0.9425203806781492,6.554875531250559e-10
99,0.3483340125419895,1.0,1.0,0.525636434896757,0.9425203806781492,1.1006008326930328e-09
99,0.3483340125419896,1.0,1.0,0.525636434896757,0.9425203806781492,1.1006011657599402e-09
99,0.34833401248715495,1.0,1.0,0.525636434896757,0.9425203806781492,9.522298505260096e-10
99,0.3483340113904632,1.0,1.0,0.525636434896757,0.9425203826933423,2.015193012461225e-09
99,0.3483340109517865,1.0,1.0,0.525636434896757,0.9425203838803115,3.2021622020650398e-09
99,0.3483340113295359,1.0,1.0,0.525636434896757,0.9425203828581991,2.1800498073432095e-09
99,0.3483340125419896,1.0,1.0,0.525636434896757,0.9425203806781492,1.1006011657599402e-09
99,0.34833401144529785,1.0,1.0,0.525636434896757,0.942520382544971,1.8668216972272944e-09
99,0.34833401243232054,1.0,1.0,0.525636434896757,0.9425203806781492,8.038592014258938e-10
99,0.3483340135290121,1.0,1.0,0.525636434896757,0.9425203806781492,3.771281509301616e-09
99,0.3483340114452979,1.0,1.0,0.525636434896757,0.9425203825449708,1.866821586204992e-09
99,0.34833401193880914,1.0,1.0,0.525636434896757,0.9425203812096307,5.31481414434154e-10
99,0.3483340120545709,1.0,1.0,0.525636434896757,0.9425203808964032,2.1825397045205364e-10
99,0.3483340125480822,1.0,1.0,0.525636434896757,0.9425203806781492,1.1170865343856917e-09
99,0.34833401199364367,1.0,1.0,0.525636434896757,0.9425203810612597,3.831104322671308e-10
100,0.3483340122196838,1.0,1.0,0.525636434896757,0.9425203806781492,2.2850776826288666e-10
100,0.3483340120545709,1.0,1.0,0.525636434896757,0.9425203808964032,2.1825397045205364e-10
100,0.3483340123036962,1.0,1.0,0.525636434896757,0.9425203806781492,4.5582804197863425e-10
100,0.34833401199364367,1.0,1.0,0.525636434896757,0.9425203810612597,3.831104322671308e-10
100,0.3483340123774858,1.0,1.0,0.525636434896757,0.9425203806781492,6.554875531250559e-10
100,0.3483340119388092,1.0,1.0,0.525636434896757,0.9425203812096306,5.314813034118515e-10
100,0.34833401243232054,1.0,1.0,0.525636434896757,0.9425203806781492,8.038592014258938e-10
100,0.34833401193880914,1.0,1.0,0.525636434896757,0.9425203812096307,5.31481414434154e-10
100,0.34833401193880914,1.0,1.0,0.525636434896757,0.9425203812096307,5.31481414434154e-10
100,0.34833401193880914,1.0,1.0,0.525636434896757,0.9425203812096307,5.31481414434154e-10
100,0.34833401193880914,1.0,1.0,0.525636434896757,0.9425203812096307,5.31481414434154e-10
100,0.34833401193880914,1.0,1.0,0.525636434896757,0.9425203812096307,5.31481414434154e-10
100,0.34833401248715495,1.0,1.0,0.525636434896757,0.9425203806781492,9.522298505260096e-10
100,0.3483340119388091,1.0,1.0,0.525636434896757,0.9425203812096309,5.314816364787589e-10
100,0.3483340119388091,1.0,1.0,0.525636434896757,0.9425203812096309,5.314816364787589e-10
100,0.348334012487155,1.0,1.0,0.525636434896757,0.9425203806781492,9.52229961548312e-10
100,0.348334012487155,1.0,1.0,0.525636434896757,0.9425203806781492,9.52229961548312e-10
100,0.348334012487155,1.0,1.0,0.525636434896757,0.9425203806781492,9.52229961548312e-10
100,0.34833401193880903,1.0,1.0,0.525636434896757,0.942520381209631,5.314817475010614e-10
100,0.34833401248715506,1.0,1.0,0.525636434896757,0.9425203806781492,9.52230183592917e-10
100,0.3483340129258318,1.0,1.0,0.525636434896757,0.9425203806781492,2.1391994842190343e-09
100,0.3483340121915964,1.0,1.0,0.525636434896757,0.9425203806781492,1.5250900542440604e-10
100,0.34833401243232054,1.0,1.0,0.525636434896757,0.9425203806781492,8.038592014258938e-10
100,0.34833401198816016,1.0,1.0,0.525636434896757,0.9425203810760969,3.9794767481282634e-10
100,0.3483340125365061,1.0,1.0,0.525636434896757,0.9425203806781492,1.0857639232142446e-09
100,0.3483340116104107,1.0,1.0,0.525636434896757,0.9425203820982094,1.420060180556959e-09
100,0.3483340129806663,1.0,1.0,0.525636434896757,0.9425203806781492,2.2875702443414525e-09
100,0.34833401193880903,1.0,1.0,0.525636434896757,0.942520381209631,5.314817475010614e-10
100,0.3483340121301822,1.0,1.0,0.525636434896757,0.9425203806918144,1.366518009859874e-11
100,0.3483340114946488,1.0,1.0,0.525636434896757,0.9425203824114374,1.7332881796505717e-09
100,0.34833401185953594,1.0,1.0,0.525636434896757,0.9425203814241278,7.459785011931785e-10
100,0.34833401253650603,1.0,1.0,0.525636434896757,0.9425203806781492,1.0857637011696397e-09
100,0.34833401248715506,1.0,1.0,0.525636434896757,0.9425203806781492,9.52230183592917e-10
100,0.348334012487155,1.0,1.0,0.525636434896757,0.9425203806781492,9.52229961548312e-10
100,0.3483340120429948,1.0,1.0,0.525636434896757,0.9425203809277257,2.4957647060119825e-10
100,0.3483340127131952,1.0,1.0,0.525636434896757,0.9425203806781492,1.5638483841229345e-09
100,0.3483340115610595,1.0,1.0,0.525636434896757,0.9425203822317438,1.5535945863121015e-09
100,0.3483340122343678,1.0,1.0,0.525636434896757,0.9425203806781492,2.6823954168975206e-10
100,0.3483340121795332,1.0,1.0,0.525636434896757,0.9425203806781492,1.1986844850042644e-10
100,0.3483340122690349,1.0,1.0,0.525636434896757,0.9425203806781492,3.6204161890651676e-10
101,0.3483340121301822,1.0,1.0,0.525636434896757,0.9425203806918144,1.366518009859874e-11
101,0.3483340121795332,1.0,1.0,0.525636434896757,0.9425203806781492,1.1986844850042644e-10
101,0.3483340121915964,1.0,1.0,0.525636434896757,0.9425203806781492,1.5250900542440604e-10
101,0.3483340122196838,1.0,1.0,0.525636434896757,0.9425203806781492,2.2850776826288666e-10
101,0.3483340120545709,1.0,1.0,0.525636434896757,0.9425203808964032,2.1825397045205364e-10
101,0.3483340122343678,1.0,1.0,0.525636434896757,0.9425203806781492,2.6823954168975206e-10
101,0.3483340120429948,1.0,1.0,0.525636434896757,0.9425203809277257,2.4957647060119825e-10
101,0.3483340122690349,1.0,1.0,0.525636434896757,0.9425203806781492,3.6204161890651676e-10
101,0.3483340123036962,1.0,1.0,0.525636434896757,0.9425203806781492,4.5582804197863425e-10
101,0.34833401199364367,1.0,1.0,0.525636434896757,0.9425203810612597,3.831104322671308e-10
101,0.3483340123774858,1.0,1.0,0.525636434896757,0.9425203806781492,6.554875531250559e-10
101,0.34833401198816016,1.0,1.0,0.525636434896757,0.9425203810760969,3.9794767481282634e-10
101,0.34833401243232054,1.0,1.0,0.525636434896757,0.9425203806781492,8.038592014258938e-10
101,0.34833401243232054,1.0,1.0,0.525636434896757,0.9425203806781492,8.038592014258938e-10
101,0.3483340119388092,1.0,1.0,0.525636434896757,0.9425203812096306,5.314813034118515e-10
101,0.34833401248715495,1.0,1.0,0.525636434896757,0.9425203806781492,9.522298505260096e-10
101,0.34833401193880914,1.0,1.0,0.525636434896757,0.9425203812096307,5.31481414434154e-10
101,0.34833401193880914,1.0,1.0,0.525636434896757,0.9425203812096307,5.31481414434154e-10
101,0.34833401193880914,1.0,1.0,0.525636434896757,0.9425203812096307,5.31481414434154e-10
101,0.34833401193880914,1.0,1.0,0.525636434896757,0.9425203812096307,5.31481414434154e-10
101,0.34833401214615034,1.0,1.0,0.525636434896757,0.9425203806781492,2.9541258328436015e-11
101,0.34833401198322517,1.0,1.0,0.525636434896757,0.94252038108945,4.1130077121920294e-10
101,0.3483340126983233,1.0,1.0,0.525636434896757,0.9425203806781492,1.5236081285507908e-09
101,0.3483340123347147,1.0,1.0,0.525636434896757,0.9425203806781492,5.397579050381296e-10
101,0.3483340122196838,1.0,1.0,0.525636434896757,0.9425203806781492,2.2850776826288666e-10
101,0.3483340125315711,1.0,1.0,0.525636434896757,0.9425203806781492,1.072410826807868e-09
101,0.34833401243232054,1.0,1.0,0.525636434896757,0.9425203806781492,8.038592014258938e-10
101,0.3483340115440002,1.0,1.0,0.525636434896757,0.9425203822779028,1.5997535518508244e-09
101,0.348334012442739,1.0,1.0,0.525636434896757,0.9425203806781492,8.32049318333361e-10
101,0.3483340121554609,1.0,1.0,0.525636434896757,0.9425203806781492,5.473377306941529e-11
101,0.3483340124070417,1.0,1.0,0.525636434896757,0.9425203806781492,7.3545980416867e-10
101,0.34833401263575664,1.0,1.0,0.525636434896757,0.9425203806781492,1.3543155485962188e-09
101,0.34833401177150863,1.0,1.0,0.525636434896757,0.9425203816623116,9.841623072048833e-10
101,0.34833401243232054,1.0,1.0,0.525636434896757,0.9425203806781492,8.038592014258938e-10
101,0.3483340120637713,1.0,1.0,0.525636434896757,0.9425203808715088,1.9335955059318621e-10
101,0.34833401186034046,1.0,1.0,0.525636434896757,0.9425203814219508,7.438015758864935e-10
101,0.34833401167280637,1.0,1.0,0.525636434896757,0.9425203819293796,1.2512303415590509e-09
101,0.34833401222888444,1.0,1.0,0.525636434896757,0.9425203806781492,2.5340285425556885e-10
101,0.3483340117606517,1.0,1.0,0.525636434896757,0.9425203816916882,1.0135389194587674e-09
101,0.34833401161753375,1.0,1.0,0.525636434896757,0.942520382078936,1.4007867088494663e-09
102,0.3483340121301822,1.0,1.0,0.525636434896757,0.9425203806918144,1.366518009859874e-11
102,0.34833401214615034,1.0,1.0,0.525636434896757,0.9425203806781492,2.9541258328436015e-11
102,0.3483340121554609,1.0,1.0,0.525636434896757,0.9425203806781492,5.473377306941529e-11
102,0.3483340121795332,1.0,1.0,0.525636434896757,0.9425203806781492,1.1986844850042644e-10
102,0.3483340121915964,1.0,1.0,0.525636434896757,0.9425203806781492,1.5250900542440604e-10
102,0.3483340122196838,1.0,1.0,0.525636434896757,0.9425203806781492,2.2850776826288666e-10
102,0.3483340122196838,1.0,1.0,0.525636434896757,0.9425203806781492,2.2850776826288666e-10
102,0.3483340120637713,1.0,1.0,0.525636434896757,0.9425203808715088,1.9335955059318621e-10
102,0.34833401222888444,1.0,1.0,0.525636434896757,0.9425203806781492,2.5340285425556885e-10
102,0.3483340120545709,1.0,1.0,0.525636434896757,0.9425203808964032,2.1825397045205364e-10
102,0.3483340122343678,1.0,1.0,0.525636434896757,0.9425203806781492,2.6823954168975206e-10
102,0.3483340120429948,1.0,1.0,0.525636434896757,0.9425203809277257,2.4957647060119825e-10
102,0.3483340122690349,1.0,1.0,0.525636434896757,0.9425203806781492,3.6204161890651676e-10
102,0.3483340123036962,1.0,1.0,0.525636434896757,0.9425203806781492,4.5582804197863425e-10
102,0.34833401199364367,1.0,1.0,0.525636434896757,0.9425203810612597,3.831104322671308e-10
102,0.3483340123347147,1.0,1.0,0.525636434896757,0.9425203806781492,5.397579050381296e-10
102,0.34833401198816016,1.0,1.0,0.525636434896757,0.9425203810760969,3.9794767481282634e-10
102,0.3483340123774858,1.0,1.0,0.525636434896757,0.9425203806781492,6.554875531250559e-10
102,0.34833401198322517,1.0,1.0,0.525636434896757,0.94252038108945,4.1130077121920294e-10
102,0.3483340124070417,1.0,1.0,0.525636434896757,0.9425203806781492,7.3545980416867e-10
102,0.3483340121471805,1.0,1.0,0.525636434896757,0.9425203806781492,3.2328695276362396e-11
102,0.3483340121184642,1.0,1.0,0.525636434896757,0.942520380723521,4.53717063919612e-11
102,0.3483340121663176,1.0,1.0,0.525636434896757,0.9425203806781492,8.410971918948462e-11
102,0.34833401225964666,1.0,1.0,0.525636434896757,0.9425203806781492,3.366390499692784e-10
102,0.34833401215547266,1.0,1.0,0.525636434896757,0.9425203806781492,5.4765636470222034e-11
102,0.3483340123796737,1.0,1.0,0.525636434896757,0.9425203806781492,6.614075953592646e-10
102,0.3483340117353731,1.0,1.0,0.525636434896757,0.9425203817600869,1.0819376505821765e-09
102,0.3483340125526772,1.0,1.0,0.525636434896757,0.9425203806781492,1.1295195889715615e-09
102,0.34833401257303126,1.0,1.0,0.525636434896757,0.9425203806781492,1.184593534375722e-09
102,0.34833401200685926,1.0,1.0,0.525636434896757,0.9425203810255011,3.4735181397849146e-10
102,0.3483340119116607,1.0,1.0,0.525636434896757,0.9425203812830888,6.049395429030824e-10
102,0.348334012749544,1.0,1.0,0.525636434896757,0.9425203806781492,1.6622008214284278e-09
102,0.34833401248101364,1.0,1.0,0.525636434896757,0.9425203806781492,9.35612698427235e-10
102,0.3483340121711537,1.0,1.0,0.525636434896757,0.9425203806781492,9.71951408246241e-11
102,0.3483340122892023,1.0,1.0,0.525636434896757,0.9425203806781492,4.166105238567752e-10
102,0.3483340123838966,1.0,1.0,0.525636434896757,0.9425203806781492,6.728338997064043e-10
102,0.34833401198816016,1.0,1.0,0.525636434896757,0.9425203810760969,3.9794767481282634e-10
102,0.3483340123774858,1.0,1.0,0.525636434896757,0.9425203806781492,6.554875531250559e-10
102,0.34833401193035957,1.0,1.0,0.525636434896757,0.9425203812324935,5.543442371802598e-10
102,0.34833401213639553,1.0,1.0,0.525636434896757,0.9425203806781492,3.1468161409975437e-12
103,0.34833401213639553,1.0,1.0,0.525636434896757,0.9425203806781492,3.1468161409975437e-12
103,0.3483340121301822,1.0,1.0,0.525636434896757,0.9425203806918144,1.366518009859874e-11
103,0.34833401214615034,1.0,1.0,0.525636434896757,0.9425203806781492,2.9541258328436015e-11
103,0.3483340121471805,1.0,1.0,0.525636434896757,0.9425203806781492,3.2328695276362396e-11
103,0.3483340121554609,1.0,1.0,0.525636434896757,0.9425203806781492,5.473377306941529e-11
103,0.3483340121184642,1.0,1.0,0.525636434896757,0.942520380723521,4.53717063919612e-11
103,0.34833401215547266,1.0,1.0,0.525636434896757,0.9425203806781492,5.4765636470222034e-11
103,0.3483340121663176,1.0,1.0,0.525636434896757,0.9425203806781492,8.410971918948462e-11
103,0.3483340121711537,1.0,1.0,0.525636434896757,0.9425203806781492,9.71951408246241e-11
103,0.3483340121795332,1.0,1.0,0.525636434896757,0.9425203806781492,1.1986844850042644e-10
103,0.3483340121915964,1.0,1.0,0.525636434896757,0.9425203806781492,1.5250900542440604e-10
103,0.3483340122196838,1.0,1.0,0.525636434896757,0.9425203806781492,2.2850776826288666e-10
103,0.3483340122196838,1.0,1.0,0.525636434896757,0.9425203806781492,2.2850776826288666e-10
103,0.3483340120637713,1.0,1.0,0.525636434896757,0.9425203808715088,1.9335955059318621e-10
103,0.34833401222888444,1.0,1.0,0.525636434896757,0.9425203806781492,2.5340285425556885e-10
103,0.3483340120545709,1.0,1.0,0.525636434896757,0.9425203808964032,2.1825397045205364e-10
103,0.3483340122343678,1.0,1.0,0.525636434896757,0.9425203806781492,2.6823954168975206e-10
103,0.3483340120429948,1.0,1.0,0.525636434896757,0.9425203809277257,2.4957647060119825e-10
103,0.34833401225964666,1.0,1.0,0.525636434896757,0.9425203806781492,3.366390499692784e-10
103,0.3483340122690349,1.0,1.0,0.525636434896757,0.9425203806781492,3.6204161890651676e-10
103,0.34833401220723,1.0,1.0,0.525636434896757,0.9425203806781492,1.948102790194639e-10
103,0.34833401208929254,1.0,1.0,0.525636434896757,0.9425203808024535,1.243042335730138e-10
103,0.3483340119937712,1.0,1.0,0.525636434896757,0.9425203810609147,3.827654859733798e-10
103,0.34833401197401936,1.0,1.0,0.525636434896757,0.9425203811143591,4.362098460219954e-10
103,0.3483340121554609,1.0,1.0,0.525636434896757,0.9425203806781492,5.473377306941529e-11
103,0.34833401202392944,1.0,1.0,0.525636434896757,0.9425203809793127,3.01163427529616e-10
103,0.348334011994965,1.0,1.0,0.525636434896757,0.9425203810576844,3.7953518106093043e-10
103,0.3483340123051704,1.0,1.0,0.525636434896757,0.9425203806781492,4.5981696228380997e-10
103,0.3483340120773218,1.0,1.0,0.525636434896757,0.9425203808348439,1.5669465724954534e-10
103,0.34833401226260197,1.0,1.0,0.525636434896757,0.9425203806781492,3.4463554232644356e-10
103,0.3483340121837172,1.0,1.0,0.525636434896757,0.9425203806781492,1.3118950370483162e-10
103,0.3483340122434316,1.0,1.0,0.525636434896757,0.9425203806781492,2.9276436830372177e-10
103,0.3483340123015568,1.0,1.0,0.525636434896757,0.9425203806781492,4.500393391282387e-10
103,0.3483340121412153,1.0,1.0,0.525636434896757,0.9425203806781492,1.6188050899756945e-11
103,0.3483340120620232,1.0,1.0,0.525636434896757,0.9425203808762388,1.9808954476729923e-10
103,0.3483340121471699,1.0,1.0,0.525636434896757,0.9425203806781492,3.230005152232707e-11
103,0.34833401242311984,1.0,1.0,0.525636434896757,0.9425203806781492,7.789640044109092e-10
103,0.3483340121518473,1.0,1.0,0.525636434896757,0.9425203806781492,4.495603889154154e-11
103,0.3483340120798691,1.0,1.0,0.525636434896757,0.9425203808279514,1.4980217066806745e-10
103,0.34833401225136607,1.0,1.0,0.525636434896757,0.9425203806781492,3.1423352808701566e-10
104,0.34833401213639553,1.0,1.0,0.525636434896757,0.9425203806781492,3.1468161409975437e-12
104,0.3483340121301822,1.0,1.0,0.525636434896757,0.9425203806918144,1.366518009859874e-11
104,0.3483340121412153,1.0,1.0,0.525636434896757,0.9425203806781492,1.6188050899756945e-11
104,0.34833401214615034,1.0,1.0,0.525636434896757,0.9425203806781492,2.9541258328436015e-11
104,0.3483340121471699,1.0,1.0,0.525636434896757,0.9425203806781492,3.230005152232707e-11
104,0.3483340121471805,1.0,1.0,0.525636434896757,0.9425203806781492,3.2328695276362396e-11
104,0.3483340121518473,1.0,1.0,0.525636434896757,0.9425203806781492,4.495603889154154e-11
104,0.3483340121554609,1.0,1.0,0.525636434896757,0.9425203806781492,5.473377306941529e-11
104,0.3483340121184642,1.0,1.0,0.525636434896757,0.942520380723521,4.53717063919612e-11
104,0.3483340121554609,1.0,1.0,0.525636434896757,0.9425203806781492,5.473377306941529e-11
104,0.34833401215547266,1.0,1.0,0.525636434896757,0.9425203806781492,5.4765636470222034e-11
104,0.3483340121663176,1.0,1.0,0.525636434896757,0.9425203806781492,8.410971918948462e-11
104,0.3483340121711537,1.0,1.0,0.525636434896757,0.9425203806781492,9.71951408246241e-11
104,0.3483340121795332,1.0,1.0,0.525636434896757,0.9425203806781492,1.1986844850042644e-10
104,0.34833401208929254,1.0,1.0,0.525636434896757,0.9425203808024535,1.243042335730138e-10
104,0.3483340121837172,1.0,1.0,0.525636434896757,0.9425203806781492,1.3118950370483162e-10
104,0.3483340121915964,1.0,1.0,0.525636434896757,0.9425203806781492,1.5250900542440604e-10
104,0.3483340120798691,1.0,1.0,0.525636434896757,0.9425203808279514,1.4980217066806745e-10
104,0.34833401220723,1.0,1.0,0.525636434896757,0.9425203806781492,1.948102790194639e-10
104,0.3483340120773218,1.0,1.0,0.525636434896757,0.9425203808348439,1.5669465724954534e-10
104,0.3483340121803784,1.0,1.0,0.525636434896757,0.9425203806781492,1.221553969088518e-10
104,0.3483340122007774,1.0,1.0,0.525636434896757,0.9425203806781492,1.7735102275651116e-10
104,0.3483340121762809,1.0,1.0,0.525636434896757,0.9425203806781492,1.1106848774034006e-10
104,0.34833401215119525,1.0,1.0,0.525636434896757,0.9425203806781492,4.31917834831097e-11
104,0.3483340121990487,1.0,1.0,0.525636434896757,0.9425203806781492,1.7267343110916045e-10
104,0.34833401217361143,1.0,1.0,0.525636434896757,0.9425203806781492,1.0384537674212879e-10
104,0.3483340121102143,1.0,1.0,0.525636434896757,0.9425203807458434,6.769418359198198e-11
104,0.3483340121211066,1.0,1.0,0.525636434896757,0.9425203807163712,3.822198113567765e-11
104,0.34833401223818855,1.0,1.0,0.525636434896757,0.9425203806781492,2.7857782747275905e-10
104,0.3483340121509968,1.0,1.0,0.525636434896757,0.9425203806781492,4.2654768606098514e-11
104,0.34833401217526777,1.0,1.0,0.525636434896757,0.9425203806781492,1.0832712504793562e-10
104,0.34833401213632365,1.0,1.0,0.525636434896757,0.9425203806781492,2.9523050670832163e-12
104,0.34833401219006055,1.0,1.0,0.525636434896757,0.9425203806781492,1.4835332962093162e-10
104,0.3483340122129995,1.0,1.0,0.525636434896757,0.9425203806781492,2.1042134701332316e-10
104,0.3483340121505028,1.0,1.0,0.525636434896757,0.9425203806781492,4.131817110675229e-11
104,0.3483340120889744,1.0,1.0,0.525636434896757,0.9425203808033142,1.2516498948400567e-10
104,0.34833401214284276,1.0,1.0,0.525636434896757,0.9425203806781492,2.0591639504630166e-11
104,0.3483340120798691,1.0,1.0,0.525636434896757,0.9425203808279514,1.4980217066806745e-10
104,0.34833401220940535,1.0,1.0,0.525636434896757,0.9425203806781492,2.006963484291191e-10
104,0.348334012020307,1.0,1.0,0.525636434896757,0.9425203809891142,3.1096492048021673e-10
105,0.34833401213632365,1.0,1.0,0.525636434896757,0.9425203806781492,2.9523050670832163e-12
105,0.34833401213639553,1.0,1.0,0.525636434896757,0.9425203806781492,3.1468161409975437e-12
105,0.3483340121301822,1.0,1.0,0.525636434896757,0.9425203806918144,1.366518009859874e-11
105,0.3483340121412153,1.0,1.0,0.525636434896757,0.9425203806781492,1.6188050899756945e-11
105,0.34833401214284276,1.0,1.0,0.525636434896757,0.9425203806781492,2.0591639504630166e-11
105,0.34833401214615034,1.0,1.0,0.525636434896757,0.9425203806781492,2.9541258328436015e-11
105,0.3483340121471699,1.0,1.0,0.525636434896757,0.9425203806781492,3.230005152232707e-11
105,0.3483340121471805,1.0,1.0,0.525636434896757,0.9425203806781492,3.2328695276362396e-11
105,0.3483340121211066,1.0,1.0,0.525636434896757,0.9425203807163712,3.822198113567765e-11
105,0.3483340121505028,1.0,1.0,0.525636434896757,0.9425203806781492,4.131817110675229e-11
105,0.3483340121509968,1.0,1.0,0.525636434896757,0.9425203806781492,4.2654768606098514e-11
105,0.34833401215119525,1.0,1.0,0.525636434896757,0.9425203806781492,4.31917834831097e-11
105,0.3483340121518473,1.0,1.0,0.525636434896757,0.9425203806781492,4.495603889154154e-11
105,0.3483340121554609,1.0,1.0,0.525636434896757,0.9425203806781492,5.473377306941529e-11
105,0.3483340121184642,1.0,1.0,0.525636434896757,0.942520380723521,4.53717063919612e-11
105,0.3483340121554609,1.0,1.0,0.525636434896757,0.9425203806781492,5.473377306941529e-11
105,0.34833401215547266,1.0,1.0,0.525636434896757,0.9425203806781492,5.4765636470222034e-11
105,0.3483340121663176,1.0,1.0,0.525636434896757,0.9425203806781492,8.410971918948462e-11
105,0.3483340121102143,1.0,1.0,0.525636434896757,0.9425203807458434,6.769418359198198e-11
105,0.3483340121711537,1.0,1.0,0.525636434896757,0.9425203806781492,9.71951408246241e-11
105,0.34833401211485093,1.0,1.0,0.525636434896757,0.9425203807332977,5.514844136911279e-11
105,0.3483340121546424,1.0,1.0,0.525636434896757,0.9425203806781492,5.251898915759057e-11
105,0.34833401215185683,1.0,1.0,0.525636434896757,0.9425203806781492,4.4981907088015305e-11
105,0.3483340121428875,1.0,1.0,0.525636434896757,0.9425203806781492,2.071276483661677e-11
105,0.34833401215602455,1.0,1.0,0.525636434896757,0.9425203806781492,5.625888643834287e-11
105,0.34833401215183807,1.0,1.0,0.525636434896757,0.9425203806781492,4.4931169895789935e-11
105,0.3483340121594616,1.0,1.0,0.525636434896757,0.9425203806781492,6.555878062641796e-11
105,0.348334012146095,1.0,1.0,0.525636434896757,0.9425203806781492,2.9391600264716544e-11
105,0.34833401213640613,1.0,1.0,0.525636434896757,0.9425203806781492,3.1754598950328727e-12
105,0.34833401218789345,1.0,1.0,0.525636434896757,0.9425203806781492,1.424895756940714e-10
105,0.3483340121535734,1.0,1.0,0.525636434896757,0.9425203806781492,4.962663613383711e-11
105,0.348334012089087,1.0,1.0,0.525636434896757,0.9425203808030097,1.24860455308351e-10
105,0.3483340121245745,1.0,1.0,0.525636434896757,0.9425203807069877,2.883848715384829e-11
105,0.3483340121180196,1.0,1.0,0.525636434896757,0.9425203807247239,4.6574633039142554e-11
105,0.34833401215118465,1.0,1.0,0.525636434896757,0.9425203806781492,4.3163139729074373e-11
105,0.3483340121325402,1.0,1.0,0.525636434896757,0.9425203806854341,7.284839398380427e-12
105,0.3483340121833618,1.0,1.0,0.525636434896757,0.9425203806781492,1.302278285209013e-10
105,0.34833401215934684,1.0,1.0,0.525636434896757,0.9425203806781492,6.524836226873276e-11
105,0.3483340121519675,1.0,1.0,0.525636434896757,0.9425203806781492,4.528144526005917e-11
105,0.34833401212182347,1.0,1.0,0.525636434896757,0.9425203807144314,3.628219946705258e-11
106,0.34833401213632365,1.0,1.0,0.525636434896757,0.9425203806781492,2.9523050670832163e-12
106,0.34833401213639553,1.0,1.0,0.525636434896757,0.9425203806781492,3.1468161409975437e-12
106,0.34833401213640613,1.0,1.0,0.525636434896757,0.9425203806781492,3.1754598950328727e-12
106,0.3483340121412153,1.0,1.0,0.525636434896757,0.9425203806781492,1.6188050899756945e-11
106,0.3483340121325402,1.0,1.0,0.525636434896757,0.9425203806854341,7.284839398380427e-12
106,0.34833401214284276,1.0,1.0,0.525636434896757,0.9425203806781492,2.0591639504630166e-11
106,0.3483340121301822,1.0,1.0,0.525636434896757,0.9425203806918144,1.366518009859874e-11
106,0.3483340121428875,1.0,1.0,0.525636434896757,0.9425203806781492,2.071276483661677e-11
106,0.348334012146095,1.0,1.0,0.525636434896757,0.9425203806781492,2.9391600264716544e-11
106,0.3483340121245745,1.0,1.0,0.525636434896757,0.9425203807069877,2.883848715384829e-11
106,0.34833401214615034,1.0,1.0,0.525636434896757,0.9425203806781492,2.9541258328436015e-11
106,0.3483340121471699,1.0,1.0,0.525636434896757,0.9425203806781492,3.230005152232707e-11
106,0.3483340121471805,1.0,1.0,0.525636434896757,0.9425203806781492,3.2328695276362396e-11
106,0.3483340121505028,1.0,1.0,0.525636434896757,0.9425203806781492,4.131817110675229e-11
106,0.34833401212182347,1.0,1.0,0.525636434896757,0.9425203807144314,3.628219946705258e-11
106,0.3483340121509968,1.0,1.0,0.525636434896757,0.9425203806781492,4.2654768606098514e-11
106,0.3483340121211066,1.0,1.0,0.525636434896757,0.9425203807163712,3.822198113567765e-11
106,0.34833401215118465,1.0,1.0,0.525636434896757,0.9425203806781492,4.3163139729074373e-11
106,0.34833401215119525,1.0,1.0,0.525636434896757,0.9425203806781492,4.31917834831097e-11
106,0.34833401215183807,1.0,1.0,0.525636434896757,0.9425203806781492,4.4931169895789935e-11
106,0.3483340121429951,1.0,1.0,0.525636434896757,0.9425203806781492,2.1003865313673487e-11
106,0.34833401213639553,1.0,1.0,0.525636434896757,0.9425203806781492,3.1468161409975437e-12
106,0.34833401214550513,1.0,1.0,0.525636434896757,0.9425203806781492,2.779554364451542e-11
106,0.34833401214728066,1.0,1.0,0.525636434896757,0.9425203806781492,3.2599700716673397e-11
106,0.3483340121317664,1.0,1.0,0.525636434896757,0.942520380687528,9.378720022823472e-12
106,0.3483340121227786,1.0,1.0,0.525636434896757,0.9425203807118471,3.369782231033014e-11
106,0.34833401213327164,1.0,1.0,0.525636434896757,0.942520380683455,5.305755834683623e-12
106,0.3483340121416426,1.0,1.0,0.525636434896757,0.9425203806781492,1.7344348179904046e-11
106,0.3483340121241299,1.0,1.0,0.525636434896757,0.9425203807081908,3.004152482333211e-11
106,0.34833401210793474,1.0,1.0,0.525636434896757,0.9425203807520115,7.386224964989196e-11
106,0.348334012138896,1.0,1.0,0.525636434896757,0.9425203806781492,9.912515253063248e-12
106,0.3483340121169159,1.0,1.0,0.525636434896757,0.9425203807277104,4.9561132975384226e-11
106,0.34833401215688503,1.0,1.0,0.525636434896757,0.9425203806781492,5.858713514328429e-11
106,0.34833401214565735,1.0,1.0,0.525636434896757,0.9425203806781492,2.820732536434889e-11
106,0.3483340121518695,1.0,1.0,0.525636434896757,0.9425203806781492,4.501610195717376e-11
106,0.3483340121230252,1.0,1.0,0.525636434896757,0.9425203807111797,3.303046725022796e-11
106,0.34833401214809706,1.0,1.0,0.525636434896757,0.9425203806781492,3.480871146877007e-11
106,0.34833401212669746,1.0,1.0,0.525636434896757,0.9425203807012434,2.309419322443773e-11
106,0.34833401214979504,1.0,1.0,0.525636434896757,0.9425203806781492,3.9403147411576356e-11
106,0.3483340121297279,1.0,1.0,0.525636434896757,0.9425203806930437,1.4894419031463713e-11
107,0.34833401213632365,1.0,1.0,0.525636434896757,0.9425203806781492,2.9523050670832163e-12
107,0.34833401213639553,1.0,1.0,0.525636434896757,0.9425203806781492,3.1468161409975437e-12
107,0.34833401213639553,1.0,1.0,0.525636434896757,0.9425203806781492,3.1468161409975437e-12
107,0.34833401213640613,1.0,1.0,0.525636434896757,0.9425203806781492,3.1754598950328727e-12
107,0.34833401213327164,1.0,1.0,0.525636434896757,0.942520380683455,5.305755834683623e-12
107,0.348334012138896,1.0,1.0,0.525636434896757,0.9425203806781492,9.912515253063248e-12
107,0.3483340121325402,1.0,1.0,0.525636434896757,0.9425203806854341,7.284839398380427e-12
107,0.3483340121412153,1.0,1.0,0.525636434896757,0.9425203806781492,1.6188050899756945e-11
107,0.3483340121317664,1.0,1.0,0.525636434896757,0.942520380687528,9.378720022823472e-12
107,0.3483340121416426,1.0,1.0,0.525636434896757,0.9425203806781492,1.7344348179904046e-11
107,0.3483340121301822,1.0,1.0,0.525636434896757,0.9425203806918144,1.366518009859874e-11
107,0.34833401214284276,1.0,1.0,0.525636434896757,0.9425203806781492,2.0591639504630166e-11
107,0.3483340121297279,1.0,1.0,0.525636434896757,0.9425203806930437,1.4894419031463713e-11
107,0.3483340121428875,1.0,1.0,0.525636434896757,0.9425203806781492,2.071276483661677e-11
107,0.3483340121429951,1.0,1.0,0.525636434896757,0.9425203806781492,2.1003865313673487e-11
107,0.34833401214550513,1.0,1.0,0.525636434896757,0.9425203806781492,2.779554364451542e-11
107,0.34833401212669746,1.0,1.0,0.525636434896757,0.9425203807012434,2.309419322443773e-11
107,0.34833401214565735,1.0,1.0,0.525636434896757,0.9425203806781492,2.820732536434889e-11
107,0.348334012146095,1.0,1.0,0.525636434896757,0.9425203806781492,2.9391600264716544e-11
107,0.3483340121245745,1.0,1.0,0.525636434896757,0.9425203807069877,2.883848715384829e-11
107,0.34833401213704335,1.0,1.0,0.525636434896757,0.9425203806781492,4.899636252275741e-12
107,0.3483340121473742,1.0,1.0,0.525636434896757,0.9425203806781492,3.285283156628793e-11
107,0.3483340121451018,1.0,1.0,0.525636434896757,0.9425203806781492,2.670419441130889e-11
107,0.348334012135688,1.0,1.0,0.525636434896757,0.9425203806781492,1.2323475573339238e-12
107,0.34833401213108917,1.0,1.0,0.525636434896757,0.9425203806893604,1.1211143124967293e-11
107,0.3483340121408307,1.0,1.0,0.525636434896757,0.9425203806781492,1.5147438858775786e-11
107,0.34833401215431165,1.0,1.0,0.525636434896757,0.9425203806781492,5.162414939974269e-11
107,0.3483340121345469,1.0,1.0,0.525636434896757,0.9425203806800044,1.8551826741486366e-12
107,0.34833401214790466,1.0,1.0,0.525636434896757,0.9425203806781492,3.4288127892523335e-11
107,0.3483340121495509,1.0,1.0,0.525636434896757,0.9425203806781492,3.874256471192439e-11
107,0.3483340121386364,1.0,1.0,0.525636434896757,0.9425203806781492,9.210188167685374e-12
107,0.34833401213126175,1.0,1.0,0.525636434896757,0.9425203806888934,1.0744183320809952e-11
107,0.3483340121436088,1.0,1.0,0.525636434896757,0.9425203806781492,2.2664425891605333e-11
107,0.3483340121428875,1.0,1.0,0.525636434896757,0.9425203806781492,2.071276483661677e-11
107,0.3483340121160585,1.0,1.0,0.525636434896757,0.9425203807300302,5.188094398533849e-11
107,0.34833401212797815,1.0,1.0,0.525636434896757,0.9425203806977781,1.962885409767523e-11
107,0.34833401212568293,1.0,1.0,0.525636434896757,0.9425203807039886,2.5839330675125893e-11
107,0.3483340121326336,1.0,1.0,0.525636434896757,0.9425203806851815,7.032263660278204e-12
107,0.3483340121414911,1.0,1.0,0.525636434896757,0.9425203806781492,1.6934453839212438e-11
107,0.348334012129516,1.0,1.0,0.525636434896757,0.9425203806936171,1.5467849223682606e-11
108,0.348334012135688,1.0,1.0,0.525636434896757,0.9425203806781492,1.2323475573339238e-12
108,0.34833401213632365,1.0,1.0,0.525636434896757,0.9425203806781492,2.9523050670832163e-12
108,0.3483340121345469,1.0,1.0,0.525636434896757,0.9425203806800044,1.8551826741486366e-12
108,0.34833401213639553,1.0,1.0,0.525636434896757,0.9425203806781492,3.1468161409975437e-12
108,0.34833401213639553,1.0,1.0,0.525636434896757,0.9425203806781492,3.1468161409975437e-12
108,0.34833401213640613,1.0,1.0,0.525636434896757,0.9425203806781492,3.1754598950328727e-12
108,0.34833401213704335,1.0,1.0,0.525636434896757,0.9425203806781492,4.899636252275741e-12
108,0.34833401213327164,1.0,1.0,0.525636434896757,0.942520380683455,5.305755834683623e-12
108,0.3483340121386364,1.0,1.0,0.525636434896757,0.9425203806781492,9.210188167685374e-12
108,0.3483340121326336,1.0,1.0,0.525636434896757,0.9425203806851815,7.032263660278204e-12
108,0.348334012138896,1.0,1.0,0.525636434896757,0.9425203806781492,9.912515253063248e-12
108,0.3483340121325402,1.0,1.0,0.525636434896757,0.9425203806854341,7.284839398380427e-12
108,0.3483340121408307,1.0,1.0,0.525636434896757,0.9425203806781492,1.5147438858775786e-11
108,0.3483340121317664,1.0,1.0,0.525636434896757,0.942520380687528,9.378720022823472e-12
108,0.3483340121412153,1.0,1.0,0.525636434896757,0.9425203806781492,1.6188050899756945e-11
108,0.34833401213126175,1.0,1.0,0.525636434896757,0.9425203806888934,1.0744183320809952e-11
108,0.3483340121414911,1.0,1.0,0.525636434896757,0.9425203806781492,1.6934453839212438e-11
108,0.34833401213108917,1.0,1.0,0.525636434896757,0.9425203806893604,1.1211143124967293e-11
108,0.3483340121416426,1.0,1.0,0.525636434896757,0.9425203806781492,1.7344348179904046e-11
108,0.3483340121301822,1.0,1.0,0.525636434896757,0.9425203806918144,1.366518009859874e-11
108,0.3483340121294513,1.0,1.0,0.525636434896757,0.9425203806937921,1.564282037236353e-11
108,0.34833401214822,1.0,1.0,0.525636434896757,0.9425203806781492,3.514144530925023e-11
108,0.34833401212423254,1.0,1.0,0.525636434896757,0.942520380707913,2.9763747022570897e-11
108,0.34833401213776083,1.0,1.0,0.525636434896757,0.9425203806781492,6.8409722331352896e-12
108,0.34833401214018833,1.0,1.0,0.525636434896757,0.9425203806781492,1.3409384713725103e-11
108,0.34833401213561505,1.0,1.0,0.525636434896757,0.9425203806781492,1.034949903555571e-12
108,0.34833401212327186,1.0,1.0,0.525636434896757,0.9425203807105124,3.2363112190125776e-11
108,0.34833401214445536,1.0,1.0,0.525636434896757,0.9425203806781492,2.4955038036011956e-11
108,0.3483340121416765,1.0,1.0,0.525636434896757,0.9425203806781492,1.743594157943562e-11
108,0.348334012135428,1.0,1.0,0.525636434896757,0.9425203806781492,5.287992266289621e-13
108,0.34833401214163306,1.0,1.0,0.525636434896757,0.9425203806781492,1.731847998343028e-11
108,0.34833401213266213,1.0,1.0,0.525636434896757,0.9425203806851042,6.954992137764293e-12
108,0.34833401212367543,1.0,1.0,0.525636434896757,0.9425203807094205,3.1271207845406934e-11
108,0.3483340121350685,1.0,1.0,0.525636434896757,0.9425203806785932,4.439781875476001e-13
108,0.3483340121424945,1.0,1.0,0.525636434896757,0.9425203806781492,1.9649282201328333e-11
108,0.34833401213472975,1.0,1.0,0.525636434896757,0.9425203806795097,1.3604672943756668e-12
108,0.3483340121354676,1.0,1.0,0.525636434896757,0.9425203806781492,6.360467708077522e-13
108,0.3483340121366691,1.0,1.0,0.525636434896757,0.9425203806781492,3.8870018315151356e-12
108,0.3483340121277544,1.0,1.0,0.525636434896757,0.9425203806983836,2.023436973530579e-11
108,0.3483340121371625,1.0,1.0,0.525636434896757,0.9425203806781492,5.221933996324424e-12
109,0.348334012135428,1.0,1.0,0.525636434896757,0.9425203806781492,5.287992266289621e-13
109,0.3483340121350685,1.0,1.0,0.525636434896757,0.9425203806785932,4.439781875476001e-13
109,0.3483340121354676,1.0,1.0,0.525636434896757,0.9425203806781492,6.360467708077522e-13
109,0.34833401213561505,1.0,1.0,0.525636434896757,0.9425203806781492,1.034949903555571e-12
109,0.348334012135688,1.0,1.0,0.525636434896757,0.9425203806781492,1.2323475573339238e-12
109,0.34833401213632365,1.0,1.0,0.525636434896757,0.9425203806781492,2.9523050670832163e-12
109,0.34833401213472975,1.0,1.0,0.525636434896757,0.9425203806795097,1.3604672943756668e-12
109,0.34833401213639553,1.0,1.0,0.525636434896757,0.9425203806781492,3.1468161409975437e-12
109,0.34833401213639553,1.0,1.0,0.525636434896757,0.9425203806781492,3.1468161409975437e-12
109,0.3483340121345469,1.0,1.0,0.525636434896757,0.9425203806800044,1.8551826741486366e-12
109,0.34833401213640613,1.0,1.0,0.525636434896757,0.9425203806781492,3.1754598950328727e-12
109,0.3483340121366691,1.0,1.0,0.525636434896757,0.9425203806781492,3.8870018315151356e-12
109,0.34833401213704335,1.0,1.0,0.525636434896757,0.9425203806781492,4.899636252275741e-12
109,0.3483340121371625,1.0,1.0,0.525636434896757,0.9425203806781492,5.221933996324424e-12
109,0.34833401213327164,1.0,1.0,0.525636434896757,0.942520380683455,5.305755834683623e-12
109,0.34833401213776083,1.0,1.0,0.525636434896757,0.9425203806781492,6.8409722331352896e-12
109,0.3483340121386364,1.0,1.0,0.525636434896757,0.9425203806781492,9.210188167685374e-12
109,0.34833401213266213,1.0,1.0,0.525636434896757,0.9425203806851042,6.954992137764293e-12
109,0.348334012138896,1.0,1.0,0.525636434896757,0.9425203806781492,9.912515253063248e-12
109,0.3483340121326336,1.0,1.0,0.525636434896757,0.9425203806851815,7.032263660278204e-12
109,0.3483340121392827,1.0,1.0,0.525636434896757,0.9425203806781492,1.0958900453772458e-11
109,0.3483340121347774,1.0,1.0,0.525636434896757,0.9425203806793808,1.2315704012166862e-12
109,0.34833401213384513,1.0,1.0,0.525636434896757,0.9425203806819034,3.754108135467504e-12
109,0.3483340121347098,1.0,1.0,0.525636434896757,0.9425203806795637,1.4144241333724494e-12
109,0.34833401213893167,1.0,1.0,0.525636434896757,0.9425203806781492,1.0009104656205636e-11
109,0.34833401213727694,1.0,1.0,0.525636434896757,0.9425203806781492,5.5316862201948425e-12
109,0.34833401213462495,1.0,1.0,0.525636434896757,0.9425203806797933,1.6440182548649318e-12
109,0.3483340121335166,1.0,1.0,0.525636434896757,0.9425203806827922,4.642952688982405e-12
109,0.34833401213747484,1.0,1.0,0.525636434896757,0.9425203806781492,6.0671467849715555e-12
109,0.34833401213361276,1.0,1.0,0.525636434896757,0.9425203806825321,4.3828274343127305e-12
109,0.34833401213482185,1.0,1.0,0.525636434896757,0.9425203806792605,1.1112222253473192e-12
109,0.34833401213633575,1.0,1.0,0.525636434896757,0.9425203806781492,2.9850566463096584e-12
109,0.34833401213704335,1.0,1.0,0.525636434896757,0.9425203806781492,4.899636252275741e-12
109,0.3483340121345184,1.0,1.0,0.525636434896757,0.9425203806800815,1.9322321520576224e-12
109,0.34833401213776083,1.0,1.0,0.525636434896757,0.9425203806781492,6.8409722331352896e-12
109,0.348334012136072,1.0,1.0,0.525636434896757,0.9425203806781492,2.2714052860806078e-12
109,0.34833401213896165,1.0,1.0,0.525636434896757,0.9425203806781492,1.0090150937003273e-11
109,0.3483340121371625,1.0,1.0,0.525636434896757,0.9425203806781492,5.221933996324424e-12
109,0.34833401213858695,1.0,1.0,0.525636434896757,0.9425203806781492,9.07629527091558e-12
109,0.3483340121326336,1.0,1.0,0.525636434896757,0.9425203806851815,7.032263660278204e-12
110,0.348334012135428,1.0,1.0,0.525636434896757,0.9425203806781492,5.287992266289621e-13
110,0.3483340121350685,1.0,1.0,0.525636434896757,0.9425203806785932,4.439781875476001e-13
110,0.3483340121354676,1.0,1.0,0.525636434896757,0.9425203806781492,6.360467708077522e-13
110,0.34833401213561505,1.0,1.0,0.525636434896757,0.9425203806781492,1.034949903555571e-12
110,0.348334012135688,1.0,1.0,0.525636434896757,0.9425203806781492,1.2323475573339238e-12
110,0.34833401213482185,1.0,1.0,0.525636434896757,0.9425203806792605,1.1112222253473192e-12
110,0.348334012136072,1.0,1.0,0.525636434896757,0.9425203806781492,2.2714052860806078e-12
110,0.3483340121347774,1.0,1.0,0.525636434896757,0.9425203806793808,1.2315704012166862e-12
110,0.34833401213632365,1.0,1.0,0.525636434896757,0.9425203806781492,2.9523050670832163e-12
110,0.34833401213472975,1.0,1.0,0.525636434896757,0.9425203806795097,1.3604672943756668e-12
110,0.34833401213633575,1.0,1.0,0.525636434896757,0.9425203806781492,2.9850566463096584e-12
110,0.3483340121347098,1.0,1.0,0.525636434896757,0.9425203806795637,1.4144241333724494e-12
110,0.34833401213639553,1.0,1.0,0.525636434896757,0.9425203806781492,3.1468161409975437e-12
110,0.34833401213639553,1.0,1.0,0.525636434896757,0.9425203806781492,3.1468161409975437e-12
110,0.34833401213462495,1.0,1.0,0.525636434896757,0.9425203806797933,1.6440182548649318e-12
110,0.34833401213640613,1.0,1.0,0.525636434896757,0.9425203806781492,3.1754598950328727e-12
110,0.3483340121345469,1.0,1.0,0.525636434896757,0.9425203806800044,1.8551826741486366e-12
110,0.3483340121366691,1.0,1.0,0.525636434896757,0.9425203806781492,3.8870018315151356e-12
110,0.3483340121345184,1.0,1.0,0.525636434896757,0.9425203806800815,1.9322321520576224e-12
110,0.34833401213704335,1.0,1.0,0.525636434896757,0.9425203806781492,4.899636252275741e-12
110,0.34833401213583237,1.0,1.0,0.525636434896757,0.9425203806781492,1.6230350396995163e-12
110,0.3483340121367098,1.0,1.0,0.525636434896757,0.9425203806781492,3.997135955557951e-12
110,0.3483340121353604,1.0,1.0,0.525636434896757,0.9425203806781492,3.459454944731988e-13
110,0.3483340121354696,1.0,1.0,0.525636434896757,0.9425203806781492,6.413758413259529e-13
110,0.3483340121346298,1.0,1.0,0.525636434896757,0.9425203806797802,1.630917623174355e-12
110,0.3483340121347636,1.0,1.0,0.525636434896757,0.9425203806794181,1.2688738948440914e-12
110,0.34833401213442217,1.0,1.0,0.525636434896757,0.9425203806803419,2.192690473634684e-12
110,0.34833401213541004,1.0,1.0,0.525636434896757,0.9425203806781492,4.802824804528427e-13
110,0.34833401213659887,1.0,1.0,0.525636434896757,0.9425203806781492,3.696931649699309e-12
110,0.3483340121357832,1.0,1.0,0.525636434896757,0.9425203806781492,1.48991929904696e-12
110,0.3483340121339308,1.0,1.0,0.525636434896757,0.9425203806816715,3.5222935679257716e-12
110,0.34833401213544946,1.0,1.0,0.525636434896757,0.9425203806781492,5.868638908168577e-13
110,0.34833401213617116,1.0,1.0,0.525636434896757,0.9425203806781492,2.5396351688300456e-12
110,0.34833401213534754,1.0,1.0,0.525636434896757,0.9425203806781492,3.1108449149996886e-13
110,0.34833401213608245,1.0,1.0,0.525636434896757,0.9425203806781492,2.2996049509060867e-12
110,0.34833401213648096,1.0,1.0,0.525636434896757,0.9425203806781492,3.3779645747245013e-12
110,0.3483340121330204,1.0,1.0,0.525636434896757,0.9425203806841349,5.985656414964069e-12
110,0.3483340121359028,1.0,1.0,0.525636434896757,0.9425203806781492,1.8136603330276557e-12
110,0.3483340121345184,1.0,1.0,0.525636434896757,0.9425203806800815,1.9322321520576224e-12
110,0.34833401213806886,1.0,1.0,0.525636434896757,0.9425203806781492,7.674527680023857e-12
111,0.34833401213534754,1.0,1.0,0.525636434896757,0.9425203806781492,3.1108449149996886e-13
111,0.3483340121353604,1.0,1.0,0.525636434896757,0.9425203806781492,3.459454944731988e-13
111,0.3483340121350685,1.0,1.0,0.525636434896757,0.9425203806785932,4.439781875476001e-13
111,0.34833401213541004,1.0,1.0,0.525636434896757,0.9425203806781492,4.802824804528427e-13
111,0.348334012135428,1.0,1.0,0.525636434896757,0.9425203806781492,5.287992266289621e-13
111,0.34833401213544946,1.0,1.0,0.525636434896757,0.9425203806781492,5.868638908168577e-13
111,0.3483340121354676,1.0,1.0,0.525636434896757,0.9425203806781492,6.360467708077522e-13
111,0.3483340121354696,1.0,1.0,0.525636434896757,0.9425203806781492,6.413758413259529e-13
111,0.34833401213561505,1.0,1.0,0.525636434896757,0.9425203806781492,1.034949903555571e-12
111,0.348334012135688,1.0,1.0,0.525636434896757,0.9425203806781492,1.2323475573339238e-12
111,0.34833401213482185,1.0,1.0,0.525636434896757,0.9425203806792605,1.1112222253473192e-12
111,0.3483340121357832,1.0,1.0,0.525636434896757,0.9425203806781492,1.48991929904696e-12
111,0.3483340121347774,1.0,1.0,0.525636434896757,0.9425203806793808,1.2315704012166862e-12
111,0.34833401213583237,1.0,1.0,0.525636434896757,0.9425203806781492,1.6230350396995163e-12
111,0.3483340121347636,1.0,1.0,0.525636434896757,0.9425203806794181,1.2688738948440914e-12
111,0.3483340121359028,1.0,1.0,0.525636434896757,0.9425203806781492,1.8136603330276557e-12
111,0.34833401213472975,1.0,1.0,0.525636434896757,0.9425203806795097,1.3604672943756668e-12
111,0.348334012136072,1.0,1.0,0.525636434896757,0.9425203806781492,2.2714052860806078e-12
111,0.3483340121347098,1.0,1.0,0.525636434896757,0.9425203806795637,1.4144241333724494e-12
111,0.34833401213608245,1.0,1.0,0.525636434896757,0.9425203806781492,2.2996049509060867e-12
111,0.34833401213412457,1.0,1.0,0.525636434896757,0.9425203806811472,2.9979352333953102e-12
111,0.348334012134597,1.0,1.0,0.525636434896757,0.9425203806798689,1.719624442841905e-12
111,0.3483340121351068,1.0,1.0,0.525636434896757,0.9425203806784895,3.402833570476105e-13
111,0.3483340121347585,1.0,1.0,0.525636434896757,0.9425203806794319,1.2826406603494434e-12
111,0.3483340121346315,1.0,1.0,0.525636434896757,0.9425203806797756,1.6263657087733918e-12
111,0.34833401213544946,1.0,1.0,0.525636434896757,0.9425203806781492,5.868638908168577e-13
111,0.34833401213620924,1.0,1.0,0.525636434896757,0.9425203806781492,2.64266386551526e-12
111,0.3483340121351169,1.0,1.0,0.525636434896757,0.9425203806784622,3.1297187064183163e-13
111,0.3483340121361244,1.0,1.0,0.525636434896757,0.9425203806781492,2.4131807663252403e-12
111,0.34833401213642123,1.0,1.0,0.525636434896757,0.9425203806781492,3.2163161023390785e-12
111,0.3483340121359288,1.0,1.0,0.525636434896757,0.9425203806781492,1.883937450486428e-12
111,0.34833401213616094,1.0,1.0,0.525636434896757,0.9425203806781492,2.511990615516879e-12
111,0.3483340121349777,1.0,1.0,0.525636434896757,0.9425203806788388,6.895595205946847e-13
111,0.34833401213478626,1.0,1.0,0.525636434896757,0.9425203806793568,1.2075895838847828e-12
111,0.3483340121354212,1.0,1.0,0.525636434896757,0.9425203806781492,5.10480546722647e-13
111,0.34833401213608994,1.0,1.0,0.525636434896757,0.9425203806781492,2.319922032256727e-12
111,0.34833401213569076,1.0,1.0,0.525636434896757,0.9425203806781492,1.2397860515989123e-12
111,0.3483340121348691,1.0,1.0,0.525636434896757,0.9425203806791327,9.834355552129637e-13
111,0.3483340121361388,1.0,1.0,0.525636434896757,0.9425203806781492,2.4521495944895833e-12
111,0.34833401213478155,1.0,1.0,0.525636434896757,0.9425203806793696,1.220357148667972e-12
112,0.34833401213534754,1.0,1.0,0.525636434896757,0.9425203806781492,3.1108449149996886e-13
112,0.3483340121353604,1.0,1.0,0.525636434896757,0.9425203806781492,3.459454944731988e-13
112,0.3483340121351169,1.0,1.0,0.525636434896757,0.9425203806784622,3.1297187064183163e-13
112,0.34833401213541004,1.0,1.0,0.525636434896757,0.9425203806781492,4.802824804528427e-13
112,0.3483340121351068,1.0,1.0,0.525636434896757,0.9425203806784895,3.402833570476105e-13
112,0.3483340121354212,1.0,1.0,0.525636434896757,0.9425203806781492,5.10480546722647e-13
112,0.3483340121350685,1.0,1.0,0.525636434896757,0.9425203806785932,4.439781875476001e-13
112,0.348334012135428,1.0,1.0,0.525636434896757,0.9425203806781492,5.287992266289621e-13
112,0.34833401213544946,1.0,1.0,0.525636434896757,0.9425203806781492,5.868638908168577e-13
112,0.34833401213544946,1.0,1.0,0.525636434896757,0.9425203806781492,5.868638908168577e-13
112,0.3483340121354676,1.0,1.0,0.525636434896757,0.9425203806781492,6.360467708077522e-13
112,0.3483340121354696,1.0,1.0,0.525636434896757,0.9425203806781492,6.413758413259529e-13
112,0.34833401213561505,1.0,1.0,0.525636434896757,0.9425203806781492,1.034949903555571e-12
112,0.3483340121349777,1.0,1.0,0.525636434896757,0.9425203806788388,6.895595205946847e-13
112,0.348334012135688,1.0,1.0,0.525636434896757,0.9425203806781492,1.2323475573339238e-12
112,0.3483340121348691,1.0,1.0,0.525636434896757,0.9425203806791327,9.834355552129637e-13
112,0.34833401213569076,1.0,1.0,0.525636434896757,0.9425203806781492,1.2397860515989123e-12
112,0.34833401213482185,1.0,1.0,0.525636434896757,0.9425203806792605,1.1112222253473192e-12
112,0.3483340121357832,1.0,1.0,0.525636434896757,0.9425203806781492,1.48991929904696e-12
112,0.34833401213478626,1.0,1.0,0.525636434896757,0.9425203806793568,1.2075895838847828e-12
112,0.34833401213528925,1.0,1.0,0.525636434896757,0.9425203806781492,1.5343282200319663e-13
112,0.34833401213629045,1.0,1.0,0.525636434896757,0.9425203806781492,2.862488024391041e-12
112,0.34833401213459536,1.0,1.0,0.525636434896757,0.9425203806798733,1.7240653349404056e-12
112,0.348334012136078,1.0,1.0,0.525636434896757,0.9425203806781492,2.287614542240135e-12
112,0.3483340121346699,1.0,1.0,0.525636434896757,0.9425203806796716,1.5223378113660146e-12
112,0.3483340121342632,1.0,1.0,0.525636434896757,0.9425203806807722,2.6229018956769323e-12
112,0.34833401213535986,1.0,1.0,0.525636434896757,0.9425203806781492,3.4450220454118607e-13
112,0.348334012135428,1.0,1.0,0.525636434896757,0.9425203806781492,5.287992266289621e-13
112,0.3483340121350824,1.0,1.0,0.525636434896757,0.9425203806785555,4.062306047103448e-13
112,0.34833401213544946,1.0,1.0,0.525636434896757,0.9425203806781492,5.868638908168577e-13
112,0.3483340121344414,1.0,1.0,0.525636434896757,0.94252038068029,2.140732036082227e-12
112,0.34833401213584153,1.0,1.0,0.525636434896757,0.9425203806781492,1.6477930131486573e-12
112,0.34833401213561505,1.0,1.0,0.525636434896757,0.9425203806781492,1.034949903555571e-12
112,0.34833401213495563,1.0,1.0,0.525636434896757,0.9425203806788985,7.492895193195181e-13
112,0.34833401213621,1.0,1.0,0.525636434896757,0.9425203806781492,2.644773289262048e-12
112,0.3483340121355809,1.0,1.0,0.525636434896757,0.9425203806781492,9.42579347906758e-13
112,0.3483340121350604,1.0,1.0,0.525636434896757,0.9425203806786151,4.658495811327157e-13
112,0.34833401213520687,1.0,1.0,0.525636434896757,0.9425203806782187,6.94999613415348e-14
112,0.34833401213529164,1.0,1.0,0.525636434896757,0.9425203806781492,1.5987211554602254e-13
112,0.3483340121349293,1.0,1.0,0.525636434896757,0.9425203806789697,8.204548151979907e-13
113,0.34833401213528925,1.0,1.0,0.525636434896757,0.9425203806781492,1.5343282200319663e-13
113,0.34833401213520687,1.0,1.0,0.525636434896757,0.9425203806782187,6.94999613415348e-14
113,0.34833401213529164,1.0,1.0,0.525636434896757,0.9425203806781492,1.5987211554602254e-13
113,0.34833401213534754,1.0,1.0,0.525636434896757,0.9425203806781492,3.1108449149996886e-13
113,0.3483340121351169,1.0,1.0,0.525636434896757,0.9425203806784622,3.1297187064183163e-13
113,0.34833401213535986,1.0,1.0,0.525636434896757,0.9425203806781492,3.4450220454118607e-13
113,0.3483340121351068,1.0,1.0,0.525636434896757,0.9425203806784895,3.402833570476105e-13
113,0.3483340121353604,1.0,1.0,0.525636434896757,0.9425203806781492,3.459454944731988e-13
113,0.34833401213541004,1.0,1.0,0.525636434896757,0.9425203806781492,4.802824804528427e-13
113,0.3483340121350824,1.0,1.0,0.525636434896757,0.9425203806785555,4.062306047103448e-13
113,0.3483340121354212,1.0,1.0,0.525636434896757,0.9425203806781492,5.10480546722647e-13
113,0.3483340121350685,1.0,1.0,0.525636434896757,0.9425203806785932,4.439781875476001e-13
113,0.348334012135428,1.0,1.0,0.525636434896757,0.9425203806781492,5.287992266289621e-13
113,0.348334012135428,1.0,1.0,0.525636434896757,0.9425203806781492,5.287992266289621e-13
113,0.3483340121350604,1.0,1.0,0.525636434896757,0.9425203806786151,4.658495811327157e-13
113,0.34833401213544946,1.0,1.0,0.525636434896757,0.9425203806781492,5.868638908168577e-13
113,0.34833401213544946,1.0,1.0,0.525636434896757,0.9425203806781492,5.868638908168577e-13
113,0.34833401213544946,1.0,1.0,0.525636434896757,0.9425203806781492,5.868638908168577e-13
113,0.3483340121354676,1.0,1.0,0.525636434896757,0.9425203806781492,6.360467708077522e-13
113,0.3483340121354696,1.0,1.0,0.525636434896757,0.9425203806781492,6.413758413259529e-13
113,0.3483340121351997,1.0,1.0,0.525636434896757,0.9425203806782381,8.881784197001252e-14
113,0.34833401213543014,1.0,1.0,0.525636434896757,0.9425203806781492,5.346834086594754e-13
113,0.3483340121354805,1.0,1.0,0.525636434896757,0.9425203806781492,6.709077737809821e-13
113,0.3483340121351169,1.0,1.0,0.525636434896757,0.9425203806784622,3.1297187064183163e-13
113,0.3483340121353242,1.0,1.0,0.525636434896757,0.9425203806781492,2.4802382370125997e-13
113,0.3483340121348119,1.0,1.0,0.525636434896757,0.9425203806792875,1.1382006448457105e-12
113,0.34833401213528925,1.0,1.0,0.525636434896757,0.9425203806781492,1.5343282200319663e-13
113,0.3483340121357117,1.0,1.0,0.525636434896757,0.9425203806781492,1.2964074258547953e-12
113,0.34833401213473003,1.0,1.0,0.525636434896757,0.9425203806795089,1.3596901382584292e-12
113,0.3483340121354303,1.0,1.0,0.525636434896757,0.9425203806781492,5.351274978693255e-13
113,0.34833401213493553,1.0,1.0,0.525636434896757,0.9425203806789529,8.036904475261508e-13
113,0.34833401213535986,1.0,1.0,0.525636434896757,0.9425203806781492,3.4450220454118607e-13
113,0.3483340121351985,1.0,1.0,0.525636434896757,0.9425203806782414,9.214851104388799e-14
113,0.34833401213561366,1.0,1.0,0.525636434896757,0.9425203806781492,1.0311751452718454e-12
113,0.3483340121351262,1.0,1.0,0.525636434896757,0.942520380678437,2.877698079828406e-13
113,0.34833401213477944,1.0,1.0,0.525636434896757,0.9425203806793753,1.2260192860935604e-12
113,0.3483340121351456,1.0,1.0,0.525636434896757,0.9425203806783845,2.3525625891807067e-13
113,0.34833401213525045,1.0,1.0,0.525636434896757,0.9425203806781492,4.8405723873656825e-14
113,0.3483340121354477,1.0,1.0,0.525636434896757,0.9425203806781492,5.820899318109696e-13
113,0.34833401213492277,1.0,1.0,0.525636434896757,0.9425203806789875,8.382183835919932e-13
114,0.34833401213525045,1.0,1.0,0.525636434896757,0.9425203806781492,4.8405723873656825e-14
114,0.34833401213528925,1.0,1.0,0.525636434896757,0.9425203806781492,1.5343282200319663e-13
114,0.34833401213520687,1.0,1.0,0.525636434896757,0.9425203806782187,6.94999613415348e-14
114,0.34833401213528925,1.0,1.0,0.525636434896757,0.9425203806781492,1.5343282200319663e-13
114,0.3483340121351997,1.0,1.0,0.525636434896757,0.9425203806782381,8.881784197001252e-14
114,0.34833401213529164,1.0,1.0,0.525636434896757,0.9425203806781492,1.5987211554602254e-13
114,0.3483340121351985,1.0,1.0,0.525636434896757,0.9425203806782414,9.214851104388799e-14
114,0.3483340121353242,1.0,1.0,0.525636434896757,0.9425203806781492,2.4802382370125997e-13
114,0.3483340121351456,1.0,1.0,0.525636434896757,0.9425203806783845,2.3525625891807067e-13
114,0.34833401213534754,1.0,1.0,0.525636434896757,0.9425203806781492,3.1108449149996886e-13
114,0.3483340121351262,1.0,1.0,0.525636434896757,0.942520380678437,2.877698079828406e-13
114,0.34833401213535986,1.0,1.0,0.525636434896757,0.9425203806781492,3.4450220454118607e-13
114,0.34833401213535986,1.0,1.0,0.525636434896757,0.9425203806781492,3.4450220454118607e-13
114,0.3483340121351169,1.0,1.0,0.525636434896757,0.9425203806784622,3.1297187064183163e-13
114,0.3483340121351169,1.0,1.0,0.525636434896757,0.9425203806784622,3.1297187064183163e-13
114,0.3483340121353604,1.0,1.0,0.525636434896757,0.9425203806781492,3.459454944731988e-13
114,0.3483340121351068,1.0,1.0,0.525636434896757,0.9425203806784895,3.402833570476105e-13
114,0.34833401213541004,1.0,1.0,0.525636434896757,0.9425203806781492,4.802824804528427e-13
114,0.3483340121350824,1.0,1.0,0.525636434896757,0.9425203806785555,4.062306047103448e-13
114,0.3483340121354212,1.0,1.0,0.525636434896757,0.9425203806781492,5.10480546722647e-13
114,0.3483340121350411,1.0,1.0,0.525636434896757,0.9425203806786673,5.18030063290098e-13
114,0.3483340121352819,1.0,1.0,0.525636434896757,0.9425203806781492,1.3355982986240633e-13
114,0.3483340121351169,1.0,1.0,0.525636434896757,0.9425203806784622,3.1297187064183163e-13
114,0.3483340121354258,1.0,1.0,0.525636434896757,0.9425203806781492,5.229150445984487e-13
114,0.34833401213528326,1.0,1.0,0.525636434896757,0.9425203806781492,1.3722356584366935e-13
114,0.3483340121351848,1.0,1.0,0.525636434896757,0.9425203806782785,1.2922996006636822e-13
114,0.3483340121353341,1.0,1.0,0.525636434896757,0.9425203806781492,2.7478019859472624e-13
114,0.3483340121350082,1.0,1.0,0.525636434896757,0.9425203806787563,6.070699498650356e-13
114,0.3483340121353222,1.0,1.0,0.525636434896757,0.9425203806781492,2.426947531830592e-13
114,0.34833401213519344,1.0,1.0,0.525636434896757,0.942520380678255,1.0580425424677742e-13
114,0.34833401213506826,1.0,1.0,0.525636434896757,0.9425203806785938,4.445332990599127e-13
114,0.3483340121354444,1.0,1.0,0.525636434896757,0.9425203806781492,5.732081476139683e-13
114,0.3483340121352517,1.0,1.0,0.525636434896757,0.9425203806781492,5.184741524999481e-14
114,0.3483340121352762,1.0,1.0,0.525636434896757,0.9425203806781492,1.1812772982011666e-13
114,0.34833401213551407,1.0,1.0,0.525636434896757,0.9425203806781492,7.617240171953199e-13
114,0.3483340121350717,1.0,1.0,0.525636434896757,0.9425203806785845,4.3520742565306136e-13
114,0.3483340121350999,1.0,1.0,0.525636434896757,0.9425203806785082,3.589351038613131e-13
114,0.3483340121353846,1.0,1.0,0.525636434896757,0.9425203806781492,4.11448652926083e-13
114,0.3483340121352346,1.0,1.0,0.525636434896757,0.9425203806781492,5.662137425588298e-15
114,0.34833401213523607,1.0,1.0,0.525636434896757,0.9425203806781492,9.547918011776346e-15
115,0.3483340121352346,1.0,1.0,0.525636434896757,0.9425203806781492,5.662137425588298e-15
115,0.34833401213523607,1.0,1.0,0.525636434896757,0.9425203806781492,9.547918011776346e-15
115,0.34833401213525045,1.0,1.0,0.525636434896757,0.9425203806781492,4.8405723873656825e-14
115,0.3483340121352517,1.0,1.0,0.525636434896757,0.9425203806781492,5.184741524999481e-14
115,0.34833401213520687,1.0,1.0,0.525636434896757,0.9425203806782187,6.94999613415348e-14
115,0.3483340121352762,1.0,1.0,0.525636434896757,0.9425203806781492,1.1812772982011666e-13
115,0.3483340121351997,1.0,1.0,0.525636434896757,0.9425203806782381,8.881784197001252e-14
115,0.3483340121352819,1.0,1.0,0.525636434896757,0.9425203806781492,1.3355982986240633e-13
115,0.3483340121351985,1.0,1.0,0.525636434896757,0.9425203806782414,9.214851104388799e-14
115,0.34833401213528326,1.0,1.0,0.525636434896757,0.9425203806781492,1.3722356584366935e-13
115,0.34833401213519344,1.0,1.0,0.525636434896757,0.942520380678255,1.0580425424677742e-13
115,0.34833401213528925,1.0,1.0,0.525636434896757,0.9425203806781492,1.5343282200319663e-13
115,0.34833401213528925,1.0,1.0,0.525636434896757,0.9425203806781492,1.5343282200319663e-13
115,0.3483340121351848,1.0,1.0,0.525636434896757,0.9425203806782785,1.2922996006636822e-13
115,0.34833401213529164,1.0,1.0,0.525636434896757,0.9425203806781492,1.5987211554602254e-13
115,0.3483340121351456,1.0,1.0,0.525636434896757,0.9425203806783845,2.3525625891807067e-13
115,0.3483340121353222,1.0,1.0,0.525636434896757,0.9425203806781492,2.426947531830592e-13
115,0.3483340121353242,1.0,1.0,0.525636434896757,0.9425203806781492,2.4802382370125997e-13
115,0.3483340121353341,1.0,1.0,0.525636434896757,0.9425203806781492,2.7478019859472624e-13
115,0.34833401213534754,1.0,1.0,0.525636434896757,0.9425203806781492,3.1108449149996886e-13
115,0.34833401213523657,1.0,1.0,0.525636434896757,0.9425203806781492,1.0880185641326534e-14
115,0.34833401213521237,1.0,1.0,0.525636434896757,0.9425203806782039,5.46229728115577e-14
115,0.3483340121351135,1.0,1.0,0.525636434896757,0.9425203806784713,3.220756994437579e-13
115,0.34833401213524384,1.0,1.0,0.525636434896757,0.9425203806781492,3.0531133177191805e-14
115,0.3483340121351278,1.0,1.0,0.525636434896757,0.9425203806784326,2.8332891588433995e-13
115,0.3483340121354702,1.0,1.0,0.525636434896757,0.9425203806781492,6.430411758628907e-13
115,0.3483340121352829,1.0,1.0,0.525636434896757,0.9425203806781492,1.3633538742396922e-13
115,0.34833401213522314,1.0,1.0,0.525636434896757,0.9425203806781747,2.5424107263916085e-14
115,0.34833401213513593,1.0,1.0,0.525636434896757,0.9425203806784107,2.6145752229922437e-13
115,0.3483340121351751,1.0,1.0,0.525636434896757,0.9425203806783047,1.5543122344752192e-13
115,0.3483340121353107,1.0,1.0,0.525636434896757,0.9425203806781492,2.113864638886298e-13
115,0.34833401213520004,1.0,1.0,0.525636434896757,0.9425203806782372,8.79296635503124e-14
115,0.34833401213528375,1.0,1.0,0.525636434896757,0.9425203806781492,1.3855583347321954e-13
115,0.3483340121353521,1.0,1.0,0.525636434896757,0.9425203806781492,3.234079670733081e-13
115,0.34833401213540305,1.0,1.0,0.525636434896757,0.9425203806781492,4.612976667317525e-13
115,0.34833401213524384,1.0,1.0,0.525636434896757,0.9425203806781492,3.0531133177191805e-14
115,0.3483340121353126,1.0,1.0,0.525636434896757,0.9425203806781492,2.1660451210436804e-13
115,0.34833401213532234,1.0,1.0,0.525636434896757,0.9425203806781492,2.4291679778798425e-13
115,0.3483340121352442,1.0,1.0,0.525636434896757,0.9425203806781492,3.141931159689193e-14
115,0.3483340121352383,1.0,1.0,0.525636434896757,0.9425203806781492,1.554312234475219e-14
116,0.3483340121352346,1.0,1.0,0.525636434896757,0.9425203806781492,5.662137425588298e-15
116,0.34833401213523607,1.0,1.0,0.525636434896757,0.9425203806781492,9.547918011776346e-15
116,0.34833401213523657,1.0,1.0,0.525636434896757,0.9425203806781492,1.0880185641326534e-14
116,0.3483340121352383,1.0,1.0,0.525636434896757,0.9425203806781492,1.554312234475219e-14
116,0.34833401213524384,1.0,1.0,0.525636434896757,0.9425203806781492,3.0531133177191805e-14
116,0.34833401213522314,1.0,1.0,0.525636434896757,0.9425203806781747,2.5424107263916085e-14
116,0.34833401213524384,1.0,1.0,0.525636434896757,0.9425203806781492,3.0531133177191805e-14
116,0.3483340121352442,1.0,1.0,0.525636434896757,0.9425203806781492,3.141931159689193e-14
116,0.34833401213525045,1.0,1.0,0.525636434896757,0.9425203806781492,4.8405723873656825e-14
116,0.3483340121352517,1.0,1.0,0.525636434896757,0.9425203806781492,5.184741524999481e-14
116,0.3483340121352762,1.0,1.0,0.525636434896757,0.9425203806781492,1.1812772982011666e-13
116,0.34833401213521237,1.0,1.0,0.525636434896757,0.9425203806782039,5.46229728115577e-14
116,0.3483340121352819,1.0,1.0,0.525636434896757,0.9425203806781492,1.3355982986240633e-13
116,0.34833401213520687,1.0,1.0,0.525636434896757,0.9425203806782187,6.94999613415348e-14
116,0.3483340121352829,1.0,1.0,0.525636434896757,0.9425203806781492,1.3633538742396922e-13
116,0.34833401213520004,1.0,1.0,0.525636434896757,0.9425203806782372,8.79296635503124e-14
116,0.34833401213528326,1.0,1.0,0.525636434896757,0.9425203806781492,1.3722356584366935e-13
116,0.3483340121351997,1.0,1.0,0.525636434896757,0.9425203806782381,8.881784197001252e-14
116,0.34833401213528375,1.0,1.0,0.525636434896757,0.9425203806781492,1.3855583347321954e-13
116,0.3483340121351985,1.0,1.0,0.525636434896757,0.9425203806782414,9.214851104388799e-14
116,0.3483340121352135,1.0,1.0,0.525636434896757,0.9425203806782009,5.162537064506978e-14
116,0.34833401213526943,1.0,1.0,0.525636434896757,0.9425203806781492,9.980904991380157e-14
116,0.34833401213523973,1.0,1.0,0.525636434896757,0.9425203806781492,1.942890293094024e-14
116,0.3483340121352383,1.0,1.0,0.525636434896757,0.9425203806781492,1.554312234475219e-14
116,0.3483340121352724,1.0,1.0,0.525636434896757,0.9425203806781492,1.078026556911027e-13
116,0.3483340121352873,1.0,1.0,0.525636434896757,0.9425203806781492,1.482147737874584e-13
116,0.34833401213532944,1.0,1.0,0.525636434896757,0.9425203806781492,2.6212365611399946e-13
116,0.3483340121351646,1.0,1.0,0.525636434896757,0.9425203806783332,1.8396395518038844e-13
116,0.34833401213524645,1.0,1.0,0.525636434896757,0.9425203806781492,3.7636560534792807e-14
116,0.3483340121352517,1.0,1.0,0.525636434896757,0.9425203806781492,5.184741524999481e-14
116,0.3483340121351976,1.0,1.0,0.525636434896757,0.9425203806782438,9.459100169806334e-14
116,0.3483340121352426,1.0,1.0,0.525636434896757,0.9425203806781492,2.7200464103316335e-14
116,0.3483340121352837,1.0,1.0,0.525636434896757,0.9425203806781492,1.3844481117075702e-13
116,0.34833401213527077,1.0,1.0,0.525636434896757,0.9425203806781492,1.0336176359260207e-13
116,0.3483340121352829,1.0,1.0,0.525636434896757,0.9425203806781492,1.3633538742396922e-13
116,0.3483340121352229,1.0,1.0,0.525636434896757,0.9425203806781753,2.609024107869118e-14
116,0.3483340121352389,1.0,1.0,0.525636434896757,0.9425203806781492,1.7208456881689926e-14
116,0.3483340121352796,1.0,1.0,0.525636434896757,0.9425203806781492,1.2734258092450546e-13
116,0.34833401213521126,1.0,1.0,0.525636434896757,0.9425203806782069,5.762057497804562e-14
116,0.3483340121352635,1.0,1.0,0.525636434896757,0.9425203806781492,8.37108160567368e-14
117,0.3483340121352346,1.0,1.0,0.525636434896757,0.9425203806781492,5.662137425588298e-15
117,0.34833401213523607,1.0,1.0,0.525636434896757,0.9425203806781492,9.547918011776346e-15
117,0.34833401213523657,1.0,1.0,0.525636434896757,0.9425203806781492,1.0880185641326534e-14
117,0.3483340121352383,1.0,1.0,0.525636434896757,0.9425203806781492,1.554312234475219e-14
117,0.3483340121352383,1.0,1.0,0.525636434896757,0.9425203806781492,1.554312234475219e-14
117,0.3483340121352389,1.0,1.0,0.525636434896757,0.9425203806781492,1.7208456881689926e-14
117,0.34833401213523973,1.0,1.0,0.525636434896757,0.9425203806781492,1.942890293094024e-14
117,0.34833401213522314,1.0,1.0,0.525636434896757,0.9425203806781747,2.5424107263916085e-14
117,0.3483340121352426,1.0,1.0,0.525636434896757,0.9425203806781492,2.7200464103316335e-14
117,0.3483340121352229,1.0,1.0,0.525636434896757,0.9425203806781753,2.609024107869118e-14
117,0.34833401213524384,1.0,1.0,0.525636434896757,0.9425203806781492,3.0531133177191805e-14
117,0.34833401213524384,1.0,1.0,0.525636434896757,0.9425203806781492,3.0531133177191805e-14
117,0.3483340121352442,1.0,1.0,0.525636434896757,0.9425203806781492,3.141931159689193e-14
117,0.34833401213524645,1.0,1.0,0.525636434896757,0.9425203806781492,3.7636560534792807e-14
117,0.34833401213525045,1.0,1.0,0.525636434896757,0.9425203806781492,4.8405723873656825e-14
117,0.3483340121352517,1.0,1.0,0.525636434896757,0.9425203806781492,5.184741524999481e-14
117,0.3483340121352135,1.0,1.0,0.525636434896757,0.9425203806782009,5.162537064506978e-14
117,0.3483340121352517,1.0,1.0,0.525636434896757,0.9425203806781492,5.184741524999481e-14
117,0.34833401213521237,1.0,1.0,0.525636434896757,0.9425203806782039,5.46229728115577e-14
117,0.3483340121352635,1.0,1.0,0.525636434896757,0.9425203806781492,8.37108160567368e-14
117,0.3483340121352423,1.0,1.0,0.525636434896757,0.9425203806781492,2.631228568361621e-14
117,0.34833401213521387,1.0,1.0,0.525636434896757,0.9425203806781998,5.051514762044462e-14
117,0.3483340121352074,1.0,1.0,0.525636434896757,0.9425203806782172,6.794564910705958e-14
117,0.3483340121352686,1.0,1.0,0.525636434896757,0.9425203806781492,9.758860386455126e-14
117,0.3483340121352173,1.0,1.0,0.525636434896757,0.9425203806781904,4.118927421359331e-14
117,0.3483340121352067,1.0,1.0,0.525636434896757,0.9425203806782192,6.994405055138486e-14
117,0.3483340121352477,1.0,1.0,0.525636434896757,0.9425203806781492,4.0967229608668276e-14
117,0.34833401213525794,1.0,1.0,0.525636434896757,0.9425203806781492,6.872280522429719e-14
117,0.34833401213518966,1.0,1.0,0.525636434896757,0.9425203806782653,1.1601830607332886e-13
117,0.34833401213522985,1.0,1.0,0.525636434896757,0.9425203806781566,7.327471962526033e-15
117,0.34833401213524856,1.0,1.0,0.525636434896757,0.9425203806781492,4.3298697960381105e-14
117,0.3483340121352286,1.0,1.0,0.525636434896757,0.94252038067816,1.0769163338864018e-14
117,0.34833401213522436,1.0,1.0,0.525636434896757,0.9425203806781715,2.220446049250313e-14
117,0.34833401213521253,1.0,1.0,0.525636434896757,0.9425203806782034,5.417888360170764e-14
117,0.3483340121352497,1.0,1.0,0.525636434896757,0.9425203806781492,4.651834473179406e-14
117,0.3483340121352586,1.0,1.0,0.525636434896757,0.9425203806781492,7.049916206369744e-14
117,0.3483340121352135,1.0,1.0,0.525636434896757,0.9425203806782009,5.162537064506978e-14
117,0.3483340121352477,1.0,1.0,0.525636434896757,0.9425203806781492,4.0967229608668276e-14
117,0.34833401213523174,1.0,1.0,0.525636434896757,0.9425203806781515,2.220446049250313e-15
117,0.348334012135257,1.0,1.0,0.525636434896757,0.9425203806781492,6.616929226765933e-14
118,0.3483340121352346,1.0,1.0,0.525636434896757,0.9425203806781492,5.662137425588298e-15
118,0.34833401213523174,1.0,1.0,0.525636434896757,0.9425203806781515,2.220446049250313e-15
118,0.34833401213523607,1.0,1.0,0.525636434896757,0.9425203806781492,9.547918011776346e-15
118,0.34833401213522985,1.0,1.0,0.525636434896757,0.9425203806781566,7.327471962526033e-15
118,0.34833401213523657,1.0,1.0,0.525636434896757,0.9425203806781492,1.0880185641326534e-14
118,0.3483340121352286,1.0,1.0,0.525636434896757,0.94252038067816,1.0769163338864018e-14
118,0.3483340121352383,1.0,1.0,0.525636434896757,0.9425203806781492,1.554312234475219e-14
118,0.3483340121352383,1.0,1.0,0.525636434896757,0.9425203806781492,1.554312234475219e-14
118,0.3483340121352389,1.0,1.0,0.525636434896757,0.9425203806781492,1.7208456881689926e-14
118,0.34833401213523973,1.0,1.0,0.525636434896757,0.9425203806781492,1.942890293094024e-14
118,0.3483340121352423,1.0,1.0,0.525636434896757,0.9425203806781492,2.631228568361621e-14
118,0.34833401213522436,1.0,1.0,0.525636434896757,0.9425203806781715,2.220446049250313e-14
118,0.3483340121352426,1.0,1.0,0.525636434896757,0.9425203806781492,2.7200464103316335e-14
118,0.34833401213522314,1.0,1.0,0.525636434896757,0.9425203806781747,2.5424107263916085e-14
118,0.34833401213524384,1.0,1.0,0.525636434896757,0.9425203806781492,3.0531133177191805e-14
118,0.34833401213524384,1.0,1.0,0.525636434896757,0.9425203806781492,3.0531133177191805e-14
118,0.3483340121352229,1.0,1.0,0.525636434896757,0.9425203806781753,2.609024107869118e-14
118,0.3483340121352442,1.0,1.0,0.525636434896757,0.9425203806781492,3.141931159689193e-14
118,0.34833401213524645,1.0,1.0,0.525636434896757,0.9425203806781492,3.7636560534792807e-14
118,0.3483340121352477,1.0,1.0,0.525636434896757,0.9425203806781492,4.0967229608668276e-14
118,0.3483340121352289,1.0,1.0,0.525636434896757,0.9425203806781591,9.880984919163893e-15
118,0.34833401213521725,1.0,1.0,0.525636434896757,0.9425203806781907,4.141131881851834e-14
118,0.34833401213524884,1.0,1.0,0.525636434896757,0.9425203806781492,4.4075854077618715e-14
118,0.34833401213524406,1.0,1.0,0.525636434896757,0.9425203806781492,3.11972669919669e-14
118,0.34833401213524473,1.0,1.0,0.525636434896757,0.9425203806781492,3.297362383136715e-14
118,0.3483340121352393,1.0,1.0,0.525636434896757,0.9425203806781492,1.8207657603852567e-14
118,0.3483340121352188,1.0,1.0,0.525636434896757,0.9425203806781864,3.7192471324942744e-14
118,0.34833401213523174,1.0,1.0,0.525636434896757,0.9425203806781515,2.220446049250313e-15
118,0.34833401213522525,1.0,1.0,0.525636434896757,0.942520380678169,1.9761969838327786e-14
118,0.34833401213523973,1.0,1.0,0.525636434896757,0.9425203806781492,1.942890293094024e-14
118,0.34833401213522946,1.0,1.0,0.525636434896757,0.9425203806781576,8.326672684688674e-15
118,0.34833401213524273,1.0,1.0,0.525636434896757,0.9425203806781492,2.7533531010703882e-14
118,0.3483340121352479,1.0,1.0,0.525636434896757,0.9425203806781492,4.1522341120980855e-14
118,0.34833401213522963,1.0,1.0,0.525636434896757,0.9425203806781571,7.882583474838611e-15
118,0.3483340121352323,1.0,1.0,0.525636434896757,0.9425203806781499,6.661338147750939e-16
118,0.3483340121352528,1.0,1.0,0.525636434896757,0.9425203806781492,5.473399511402022e-14
118,0.3483340121352229,1.0,1.0,0.525636434896757,0.9425203806781753,2.609024107869118e-14
118,0.3483340121352195,1.0,1.0,0.525636434896757,0.9425203806781847,3.5416114485542494e-14
118,0.3483340121352372,1.0,1.0,0.525636434896757,0.9425203806781492,1.2545520178264269e-14
118,0.3483340121352501,1.0,1.0,0.525636434896757,0.9425203806781492,4.75175454539567e-14
119,0.3483340121352346,1.0,1.0,0.525636434896757,0.9425203806781492,5.662137425588298e-15
119,0.3483340121352323,1.0,1.0,0.525636434896757,0.9425203806781499,6.661338147750939e-16
119,0.34833401213523607,1.0,1.0,0.525636434896757,0.9425203806781492,9.547918011776346e-15
119,0.34833401213523174,1.0,1.0,0.525636434896757,0.9425203806781515,2.220446049250313e-15
119,0.34833401213523174,1.0,1.0,0.525636434896757,0.9425203806781515,2.220446049250313e-15
119,0.34833401213523657,1.0,1.0,0.525636434896757,0.9425203806781492,1.0880185641326534e-14
119,0.34833401213522985,1.0,1.0,0.525636434896757,0.9425203806781566,7.327471962526033e-15
119,0.3483340121352372,1.0,1.0,0.525636434896757,0.9425203806781492,1.2545520178264269e-14
119,0.34833401213522963,1.0,1.0,0.525636434896757,0.9425203806781571,7.882583474838611e-15
119,0.3483340121352383,1.0,1.0,0.525636434896757,0.9425203806781492,1.554312234475219e-14
119,0.3483340121352383,1.0,1.0,0.525636434896757,0.9425203806781492,1.554312234475219e-14
119,0.34833401213522946,1.0,1.0,0.525636434896757,0.9425203806781576,8.326672684688674e-15
119,0.3483340121352389,1.0,1.0,0.525636434896757,0.9425203806781492,1.7208456881689926e-14
119,0.3483340121352289,1.0,1.0,0.525636434896757,0.9425203806781591,9.880984919163893e-15
119,0.3483340121352393,1.0,1.0,0.525636434896757,0.9425203806781492,1.8207657603852567e-14
119,0.3483340121352286,1.0,1.0,0.525636434896757,0.94252038067816,1.0769163338864018e-14
119,0.34833401213523973,1.0,1.0,0.525636434896757,0.9425203806781492,1.942890293094024e-14
119,0.34833401213523973,1.0,1.0,0.525636434896757,0.9425203806781492,1.942890293094024e-14
119,0.3483340121352423,1.0,1.0,0.525636434896757,0.9425203806781492,2.631228568361621e-14
119,0.34833401213522525,1.0,1.0,0.525636434896757,0.942520380678169,1.9761969838327786e-14
119,0.34833401213522414,1.0,1.0,0.525636434896757,0.942520380678172,2.275957200481571e-14
119,0.3483340121352395,1.0,1.0,0.525636434896757,0.9425203806781492,1.887379141862766e-14
119,0.3483340121352269,1.0,1.0,0.525636434896757,0.9425203806781645,1.5210055437364645e-14
119,0.34833401213523013,1.0,1.0,0.525636434896757,0.9425203806781558,6.5503158452884236e-15
119,0.34833401213522946,1.0,1.0,0.525636434896757,0.9425203806781576,8.326672684688674e-15
119,0.3483340121352282,1.0,1.0,0.525636434896757,0.942520380678161,1.176836406102666e-14
119,0.34833401213521986,1.0,1.0,0.525636434896757,0.9425203806781836,3.430589146091734e-14
119,0.34833401213521586,1.0,1.0,0.525636434896757,0.9425203806781944,4.518607710224387e-14
119,0.3483340121352327,1.0,1.0,0.525636434896757,0.9425203806781492,3.3306690738754696e-16
119,0.3483340121352268,1.0,1.0,0.525636434896757,0.9425203806781648,1.554312234475219e-14
119,0.3483340121352166,1.0,1.0,0.525636434896757,0.9425203806781924,4.318767565791859e-14
119,0.34833401213523796,1.0,1.0,0.525636434896757,0.9425203806781492,1.4654943925052066e-14
119,0.34833401213522697,1.0,1.0,0.525636434896757,0.9425203806781643,1.509903313490213e-14
119,0.3483340121352366,1.0,1.0,0.525636434896757,0.9425203806781492,1.099120794378905e-14
119,0.3483340121352336,1.0,1.0,0.525636434896757,0.9425203806781492,2.7755575615628914e-15
119,0.3483340121352403,1.0,1.0,0.525636434896757,0.9425203806781492,2.098321516541546e-14
119,0.3483340121352369,1.0,1.0,0.525636434896757,0.9425203806781492,1.176836406102666e-14
119,0.3483340121352395,1.0,1.0,0.525636434896757,0.9425203806781492,1.887379141862766e-14
119,0.34833401213524084,1.0,1.0,0.525636434896757,0.9425203806781492,2.2426505097428162e-14
119,0.34833401213522674,1.0,1.0,0.525636434896757,0.9425203806781649,1.5654144647214707e-14
120,0.3483340121352327,1.0,1.0,0.525636434896757,0.9425203806781492,3.3306690738754696e-16
120,0.3483340121352323,1.0,1.0,0.525636434896757,0.9425203806781499,6.661338147750939e-16
120,0.3483340121352336,1.0,1.0,0.525636434896757,0.9425203806781492,2.7755575615628914e-15
120,0.34833401213523174,1.0,1.0,0.525636434896757,0.9425203806781515,2.220446049250313e-15
120,0.34833401213523174,1.0,1.0,0.525636434896757,0.9425203806781515,2.220446049250313e-15
120,0.3483340121352346,1.0,1.0,0.525636434896757,0.9425203806781492,5.662137425588298e-15
120,0.34833401213523607,1.0,1.0,0.525636434896757,0.9425203806781492,9.547918011776346e-15
120,0.34833401213523013,1.0,1.0,0.525636434896757,0.9425203806781558,6.5503158452884236e-15
120,0.34833401213523657,1.0,1.0,0.525636434896757,0.9425203806781492,1.0880185641326534e-14
120,0.34833401213522985,1.0,1.0,0.525636434896757,0.9425203806781566,7.327471962526033e-15
120,0.3483340121352366,1.0,1.0,0.525636434896757,0.9425203806781492,1.099120794378905e-14
120,0.34833401213522963,1.0,1.0,0.525636434896757,0.9425203806781571,7.882583474838611e-15
120,0.3483340121352369,1.0,1.0,0.525636434896757,0.9425203806781492,1.176836406102666e-14
120,0.34833401213522946,1.0,1.0,0.525636434896757,0.9425203806781576,8.326672684688674e-15
120,0.34833401213522946,1.0,1.0,0.525636434896757,0.9425203806781576,8.326672684688674e-15
120,0.3483340121352372,1.0,1.0,0.525636434896757,0.9425203806781492,1.2545520178264269e-14
120,0.3483340121352289,1.0,1.0,0.525636434896757,0.9425203806781591,9.880984919163893e-15
120,0.34833401213523796,1.0,1.0,0.525636434896757,0.9425203806781492,1.4654943925052066e-14
120,0.3483340121352286,1.0,1.0,0.525636434896757,0.94252038067816,1.0769163338864018e-14
120,0.3483340121352383,1.0,1.0,0.525636434896757,0.9425203806781492,1.554312234475219e-14
120,0.3483340121352366,1.0,1.0,0.525636434896757,0.9425203806781492,1.099120794378905e-14
120,0.34833401213523757,1.0,1.0,0.525636434896757,0.9425203806781492,1.354472090042691e-14
120,0.3483340121352317,1.0,1.0,0.525636434896757,0.9425203806781516,2.3314683517128287e-15
120,0.3483340121352296,1.0,1.0,0.525636434896757,0.9425203806781572,7.993605777301127e-15
120,0.34833401213522885,1.0,1.0,0.525636434896757,0.9425203806781592,9.992007221626409e-15
120,0.34833401213522075,1.0,1.0,0.525636434896757,0.9425203806781812,3.197442310920451e-14
120,0.34833401213523607,1.0,1.0,0.525636434896757,0.9425203806781492,9.547918011776346e-15
120,0.34833401213522824,1.0,1.0,0.525636434896757,0.9425203806781609,1.1657341758564144e-14
120,0.34833401213523246,1.0,1.0,0.525636434896757,0.9425203806781495,2.220446049250313e-16
120,0.34833401213523585,1.0,1.0,0.525636434896757,0.9425203806781492,8.881784197001252e-15
120,0.34833401213523174,1.0,1.0,0.525636434896757,0.9425203806781515,2.220446049250313e-15
120,0.3483340121352369,1.0,1.0,0.525636434896757,0.9425203806781492,1.176836406102666e-14
120,0.34833401213523435,1.0,1.0,0.525636434896757,0.9425203806781492,4.884981308350689e-15
120,0.3483340121352378,1.0,1.0,0.525636434896757,0.9425203806781492,1.4210854715202004e-14
120,0.3483340121352278,1.0,1.0,0.525636434896757,0.9425203806781621,1.2878587085651816e-14
120,0.3483340121352352,1.0,1.0,0.525636434896757,0.9425203806781492,7.105427357601002e-15
120,0.3483340121352322,1.0,1.0,0.525636434896757,0.9425203806781502,9.992007221626409e-16
120,0.34833401213523923,1.0,1.0,0.525636434896757,0.9425203806781492,1.8096635301390052e-14
120,0.3483340121352367,1.0,1.0,0.525636434896757,0.9425203806781492,1.1213252548714081e-14
120,0.3483340121352439,1.0,1.0,0.525636434896757,0.9425203806781492,3.0753177782116836e-14
121,0.3483340121352327,1.0,1.0,0.525636434896757,0.9425203806781492,3.3306690738754696e-16
121,0.34833401213523246,1.0,1.0,0.525636434896757,0.9425203806781495,2.220446049250313e-16
121,0.3483340121352336,1.0,1.0,0.525636434896757,0.9425203806781492,2.7755575615628914e-15
121,0.3483340121352323,1.0,1.0,0.525636434896757,0.9425203806781499,6.661338147750939e-16
121,0.34833401213523435,1.0,1.0,0.525636434896757,0.9425203806781492,4.884981308350689e-15
121,0.3483340121352322,1.0,1.0,0.525636434896757,0.9425203806781502,9.992007221626409e-16
121,0.3483340121352346,1.0,1.0,0.525636434896757,0.9425203806781492,5.662137425588298e-15
121,0.34833401213523174,1.0,1.0,0.525636434896757,0.9425203806781515,2.220446049250313e-15
121,0.34833401213523174,1.0,1.0,0.525636434896757,0.9425203806781515,2.220446049250313e-15
121,0.34833401213523174,1.0,1.0,0.525636434896757,0.9425203806781515,2.220446049250313e-15
121,0.3483340121352352,1.0,1.0,0.525636434896757,0.9425203806781492,7.105427357601002e-15
121,0.3483340121352317,1.0,1.0,0.525636434896757,0.9425203806781516,2.3314683517128287e-15
121,0.34833401213523585,1.0,1.0,0.525636434896757,0.9425203806781492,8.881784197001252e-15
121,0.34833401213523013,1.0,1.0,0.525636434896757,0.9425203806781558,6.5503158452884236e-15
121,0.34833401213523607,1.0,1.0,0.525636434896757,0.9425203806781492,9.547918011776346e-15
121,0.34833401213523607,1.0,1.0,0.525636434896757,0.9425203806781492,9.547918011776346e-15
121,0.34833401213522985,1.0,1.0,0.525636434896757,0.9425203806781566,7.327471962526033e-15
121,0.34833401213523657,1.0,1.0,0.525636434896757,0.9425203806781492,1.0880185641326534e-14
121,0.34833401213522963,1.0,1.0,0.525636434896757,0.9425203806781571,7.882583474838611e-15
121,0.3483340121352366,1.0,1.0,0.525636434896757,0.9425203806781492,1.099120794378905e-14
121,0.34833401213523213,1.0,1.0,0.525636434896757,0.9425203806781504,1.1102230246251565e-15
121,0.34833401213523657,1.0,1.0,0.525636434896757,0.9425203806781492,1.0880185641326534e-14
121,0.3483340121352277,1.0,1.0,0.525636434896757,0.9425203806781624,1.3100631690576847e-14
121,0.34833401213523074,1.0,1.0,0.525636434896757,0.9425203806781541,4.884981308350689e-15
121,0.3483340121352371,1.0,1.0,0.525636434896757,0.9425203806781492,1.2434497875801753e-14
121,0.3483340121352241,1.0,1.0,0.525636434896757,0.9425203806781721,2.2870594307278225e-14
121,0.3483340121352335,1.0,1.0,0.525636434896757,0.9425203806781492,2.6645352591003757e-15
121,0.34833401213523607,1.0,1.0,0.525636434896757,0.9425203806781492,9.547918011776346e-15
121,0.3483340121352369,1.0,1.0,0.525636434896757,0.9425203806781492,1.176836406102666e-14
121,0.34833401213522913,1.0,1.0,0.525636434896757,0.9425203806781585,9.2148511043888e-15
121,0.3483340121352362,1.0,1.0,0.525636434896757,0.9425203806781492,9.880984919163893e-15
121,0.34833401213523074,1.0,1.0,0.525636434896757,0.9425203806781541,4.884981308350689e-15
121,0.3483340121352317,1.0,1.0,0.525636434896757,0.9425203806781516,2.3314683517128287e-15
121,0.3483340121352355,1.0,1.0,0.525636434896757,0.9425203806781492,7.993605777301127e-15
121,0.3483340121352315,1.0,1.0,0.525636434896757,0.942520380678152,2.7755575615628914e-15
121,0.3483340121352304,1.0,1.0,0.525636434896757,0.942520380678155,5.773159728050814e-15
121,0.34833401213523824,1.0,1.0,0.525636434896757,0.9425203806781492,1.5432100042289676e-14
121,0.34833401213523246,1.0,1.0,0.525636434896757,0.9425203806781495,2.220446049250313e-16
121,0.3483340121352381,1.0,1.0,0.525636434896757,0.9425203806781492,1.509903313490213e-14
121,0.3483340121352349,1.0,1.0,0.525636434896757,0.9425203806781492,6.328271240363392e-15
122,0.3483340121352327,1.0,1.0,0.525636434896757,0.9425203806781492,3.3306690738754696e-16
122,0.34833401213523246,1.0,1.0,0.525636434896757,0.9425203806781495,2.220446049250313e-16
122,0.34833401213523246,1.0,1.0,0.525636434896757,0.9425203806781495,2.220446049250313e-16
122,0.3483340121352335,1.0,1.0,0.525636434896757,0.9425203806781492,2.6645352591003757e-15
122,0.3483340121352323,1.0,1.0,0.525636434896757,0.9425203806781499,6.661338147750939e-16
122,0.3483340121352336,1.0,1.0,0.525636434896757,0.9425203806781492,2.7755575615628914e-15
122,0.3483340121352322,1.0,1.0,0.525636434896757,0.9425203806781502,9.992007221626409e-16
122,0.34833401213523435,1.0,1.0,0.525636434896757,0.9425203806781492,4.884981308350689e-15
122,0.34833401213523213,1.0,1.0,0.525636434896757,0.9425203806781504,1.1102230246251565e-15
122,0.3483340121352346,1.0,1.0,0.525636434896757,0.9425203806781492,5.662137425588298e-15
122,0.34833401213523174,1.0,1.0,0.525636434896757,0.9425203806781515,2.220446049250313e-15
122,0.34833401213523174,1.0,1.0,0.525636434896757,0.9425203806781515,2.220446049250313e-15
122,0.34833401213523174,1.0,1.0,0.525636434896757,0.9425203806781515,2.220446049250313e-15
122,0.3483340121352349,1.0,1.0,0.525636434896757,0.9425203806781492,6.328271240363392e-15
122,0.3483340121352317,1.0,1.0,0.525636434896757,0.9425203806781516,2.3314683517128287e-15
122,0.3483340121352317,1.0,1.0,0.525636434896757,0.9425203806781516,2.3314683517128287e-15
122,0.3483340121352352,1.0,1.0,0.525636434896757,0.9425203806781492,7.105427357601002e-15
122,0.3483340121352315,1.0,1.0,0.525636434896757,0.942520380678152,2.7755575615628914e-15
122,0.3483340121352355,1.0,1.0,0.525636434896757,0.9425203806781492,7.993605777301127e-15
122,0.34833401213523074,1.0,1.0,0.525636434896757,0.9425203806781541,4.884981308350689e-15
122,0.348334012135231,1.0,1.0,0.525636434896757,0.9425203806781534,4.107825191113079e-15
122,0.34833401213523285,1.0,1.0,0.525636434896757,0.9425203806781492,7.771561172376096e-16
122,0.3483340121352343,1.0,1.0,0.525636434896757,0.9425203806781492,4.773959005888173e-15
122,0.34833401213523263,1.0,1.0,0.525636434896757,0.9425203806781492,2.220446049250313e-16
122,0.34833401213523246,1.0,1.0,0.525636434896757,0.9425203806781495,2.220446049250313e-16
122,0.3483340121352312,1.0,1.0,0.525636434896757,0.9425203806781529,3.6637359812630166e-15
122,0.34833401213523374,1.0,1.0,0.525636434896757,0.9425203806781492,3.219646771412954e-15
122,0.34833401213523385,1.0,1.0,0.525636434896757,0.9425203806781492,3.552713678800501e-15
122,0.34833401213523213,1.0,1.0,0.525636434896757,0.9425203806781504,1.1102230246251565e-15
122,0.348334012135232,1.0,1.0,0.525636434896757,0.9425203806781507,1.4432899320127035e-15
122,0.34833401213523174,1.0,1.0,0.525636434896757,0.9425203806781515,2.220446049250313e-15
122,0.3483340121352352,1.0,1.0,0.525636434896757,0.9425203806781492,7.105427357601002e-15
122,0.3483340121352342,1.0,1.0,0.525636434896757,0.9425203806781492,4.440892098500626e-15
122,0.3483340121352343,1.0,1.0,0.525636434896757,0.9425203806781492,4.773959005888173e-15
122,0.3483340121352284,1.0,1.0,0.525636434896757,0.9425203806781605,1.1213252548714081e-14
122,0.3483340121352344,1.0,1.0,0.525636434896757,0.9425203806781492,4.9960036108132044e-15
122,0.3483340121352325,1.0,1.0,0.525636434896757,0.9425203806781494,1.1102230246251565e-16
122,0.3483340121352302,1.0,1.0,0.525636434896757,0.9425203806781557,6.439293542825908e-15
122,0.34833401213523063,1.0,1.0,0.525636434896757,0.9425203806781545,5.218048215738236e-15
122,0.34833401213523246,1.0,1.0,0.525636434896757,0.9425203806781495,2.220446049250313e-16
123,0.34833401213523263,1.0,1.0,0.525636434896757,0.9425203806781492,2.220446049250313e-16
123,0.3483340121352325,1.0,1.0,0.525636434896757,0.9425203806781494,1.1102230246251565e-16
123,0.3483340121352327,1.0,1.0,0.525636434896757,0.9425203806781492,3.3306690738754696e-16
123,0.34833401213523246,1.0,1.0,0.525636434896757,0.9425203806781495,2.220446049250313e-16
123,0.34833401213523246,1.0,1.0,0.525636434896757,0.9425203806781495,2.220446049250313e-16
123,0.34833401213523246,1.0,1.0,0.525636434896757,0.9425203806781495,2.220446049250313e-16
123,0.34833401213523246,1.0,1.0,0.525636434896757,0.9425203806781495,2.220446049250313e-16
123,0.34833401213523285,1.0,1.0,0.525636434896757,0.9425203806781492,7.771561172376096e-16
123,0.3483340121352323,1.0,1.0,0.525636434896757,0.9425203806781499,6.661338147750939e-16
123,0.3483340121352335,1.0,1.0,0.525636434896757,0.9425203806781492,2.6645352591003757e-15
123,0.3483340121352322,1.0,1.0,0.525636434896757,0.9425203806781502,9.992007221626409e-16
123,0.3483340121352336,1.0,1.0,0.525636434896757,0.9425203806781492,2.7755575615628914e-15
123,0.34833401213523213,1.0,1.0,0.525636434896757,0.9425203806781504,1.1102230246251565e-15
123,0.34833401213523213,1.0,1.0,0.525636434896757,0.9425203806781504,1.1102230246251565e-15
123,0.34833401213523374,1.0,1.0,0.525636434896757,0.9425203806781492,3.219646771412954e-15
123,0.348334012135232,1.0,1.0,0.525636434896757,0.9425203806781507,1.4432899320127035e-15
123,0.34833401213523385,1.0,1.0,0.525636434896757,0.9425203806781492,3.552713678800501e-15
123,0.34833401213523174,1.0,1.0,0.525636434896757,0.9425203806781515,2.220446049250313e-15
123,0.34833401213523174,1.0,1.0,0.525636434896757,0.9425203806781515,2.220446049250313e-15
123,0.34833401213523174,1.0,1.0,0.525636434896757,0.9425203806781515,2.220446049250313e-15
123,0.34833401213523263,1.0,1.0,0.525636434896757,0.9425203806781492,2.220446049250313e-16
123,0.34833401213523185,1.0,1.0,0.525636434896757,0.9425203806781511,1.887379141862766e-15
123,0.34833401213523074,1.0,1.0,0.525636434896757,0.9425203806781541,4.884981308350689e-15
123,0.348334012135231,1.0,1.0,0.525636434896757,0.9425203806781534,4.107825191113079e-15
123,0.34833401213523246,1.0,1.0,0.525636434896757,0.9425203806781495,2.220446049250313e-16
123,0.34833401213523346,1.0,1.0,0.525636434896757,0.9425203806781492,2.4424906541753444e-15
123,0.34833401213523335,1.0,1.0,0.525636434896757,0.9425203806781492,2.220446049250313e-15
123,0.3483340121352306,1.0,1.0,0.525636434896757,0.9425203806781546,5.329070518200751e-15
123,0.3483340121352325,1.0,1.0,0.525636434896757,0.9425203806781494,1.1102230246251565e-16
123,0.3483340121352309,1.0,1.0,0.525636434896757,0.9425203806781537,4.440892098500626e-15
123,0.34833401213523363,1.0,1.0,0.525636434896757,0.9425203806781492,2.886579864025407e-15
123,0.34833401213523385,1.0,1.0,0.525636434896757,0.9425203806781492,3.552713678800501e-15
123,0.3483340121352322,1.0,1.0,0.525636434896757,0.9425203806781502,9.992007221626409e-16
123,0.34833401213523324,1.0,1.0,0.525636434896757,0.9425203806781492,1.887379141862766e-15
123,0.34833401213523185,1.0,1.0,0.525636434896757,0.9425203806781511,1.887379141862766e-15
123,0.3483340121352324,1.0,1.0,0.525636434896757,0.9425203806781496,3.3306690738754696e-16
123,0.34833401213523235,1.0,1.0,0.525636434896757,0.9425203806781498,5.551115123125783e-16
123,0.34833401213523174,1.0,1.0,0.525636434896757,0.9425203806781515,2.220446049250313e-15
123,0.34833401213523174,1.0,1.0,0.525636434896757,0.9425203806781515,2.220446049250313e-15
123,0.34833401213523224,1.0,1.0,0.525636434896757,0.94252038067815,7.771561172376096e-16
124,0.34833401213523263,1.0,1.0,0.525636434896757,0.9425203806781492,2.220446049250313e-16
124,0.3483340121352325,1.0,1.0,0.525636434896757,0.9425203806781494,1.1102230246251565e-16
124,0.34833401213523263,1.0,1.0,0.525636434896757,0.9425203806781492,2.220446049250313e-16
124,0.3483340121352325,1.0,1.0,0.525636434896757,0.9425203806781494,1.1102230246251565e-16
124,0.3483340121352327,1.0,1.0,0.525636434896757,0.9425203806781492,3.3306690738754696e-16
124,0.34833401213523246,1.0,1.0,0.525636434896757,0.9425203806781495,2.220446049250313e-16
124,0.34833401213523246,1.0,1.0,0.525636434896757,0.9425203806781495,2.220446049250313e-16
124,0.34833401213523246,1.0,1.0,0.525636434896757,0.9425203806781495,2.220446049250313e-16
124,0.34833401213523246,1.0,1.0,0.525636434896757,0.9425203806781495,2.220446049250313e-16
124,0.34833401213523246,1.0,1.0,0.525636434896757,0.9425203806781495,2.220446049250313e-16
124,0.34833401213523285,1.0,1.0,0.525636434896757,0.9425203806781492,7.771561172376096e-16
124,0.3483340121352324,1.0,1.0,0.525636434896757,0.9425203806781496,3.3306690738754696e-16
124,0.34833401213523324,1.0,1.0,0.525636434896757,0.9425203806781492,1.887379141862766e-15
124,0.34833401213523235,1.0,1.0,0.525636434896757,0.9425203806781498,5.551115123125783e-16
124,0.34833401213523335,1.0,1.0,0.525636434896757,0.9425203806781492,2.220446049250313e-15
124,0.3483340121352323,1.0,1.0,0.525636434896757,0.9425203806781499,6.661338147750939e-16
124,0.34833401213523346,1.0,1.0,0.525636434896757,0.9425203806781492,2.4424906541753444e-15
124,0.34833401213523224,1.0,1.0,0.525636434896757,0.94252038067815,7.771561172376096e-16
124,0.3483340121352335,1.0,1.0,0.525636434896757,0.9425203806781492,2.6645352591003757e-15
124,0.3483340121352322,1.0,1.0,0.525636434896757,0.9425203806781502,9.992007221626409e-16
124,0.34833401213523235,1.0,1.0,0.525636434896757,0.9425203806781498,5.551115123125783e-16
124,0.34833401213523174,1.0,1.0,0.525636434896757,0.9425203806781515,2.220446049250313e-15
124,0.34833401213523274,1.0,1.0,0.525636434896757,0.9425203806781492,5.551115123125783e-16
124,0.3483340121352332,1.0,1.0,0.525636434896757,0.9425203806781492,1.6653345369377348e-15
124,0.3483340121352332,1.0,1.0,0.525636434896757,0.9425203806781492,1.6653345369377348e-15
124,0.34833401213523235,1.0,1.0,0.525636434896757,0.9425203806781498,5.551115123125783e-16
124,0.34833401213523224,1.0,1.0,0.525636434896757,0.94252038067815,7.771561172376096e-16
124,0.3483340121352334,1.0,1.0,0.525636434896757,0.9425203806781492,2.3314683517128287e-15
124,0.3483340121352327,1.0,1.0,0.525636434896757,0.9425203806781492,3.3306690738754696e-16
124,0.34833401213523296,1.0,1.0,0.525636434896757,0.9425203806781492,1.1102230246251565e-15
124,0.34833401213523285,1.0,1.0,0.525636434896757,0.9425203806781492,7.771561172376096e-16
124,0.3483340121352328,1.0,1.0,0.525636434896757,0.9425203806781492,6.661338147750939e-16
124,0.3483340121352331,1.0,1.0,0.525636434896757,0.9425203806781492,1.4432899320127035e-15
124,0.3483340121352334,1.0,1.0,0.525636434896757,0.9425203806781492,2.3314683517128287e-15
124,0.34833401213523274,1.0,1.0,0.525636434896757,0.9425203806781492,5.551115123125783e-16
124,0.34833401213523163,1.0,1.0,0.525636434896757,0.9425203806781517,2.4424906541753444e-15
124,0.3483340121352322,1.0,1.0,0.525636434896757,0.9425203806781502,9.992007221626409e-16
124,0.34833401213523274,1.0,1.0,0.525636434896757,0.9425203806781492,5.551115123125783e-16
124,0.34833401213523285,1.0,1.0,0.525636434896757,0.9425203806781492,7.771561172376096e-16
124,0.34833401213523196,1.0,1.0,0.525636434896757,0.9425203806781508,1.5543122344752192e-15
125,0.34833401213523263,1.0,1.0,0.525636434896757,0.9425203806781492,2.220446049250313e-16
125,0.3483340121352325,1.0,1.0,0.525636434896757,0.9425203806781494,1.1102230246251565e-16
125,0.34833401213523263,1.0,1.0,0.525636434896757,0.9425203806781492,2.220446049250313e-16
125,0.3483340121352325,1.0,1.0,0.525636434896757,0.9425203806781494,1.1102230246251565e-16
125,0.3483340121352327,1.0,1.0,0.525636434896757,0.9425203806781492,3.3306690738754696e-16
125,0.3483340121352327,1.0,1.0,0.525636434896757,0.9425203806781492,3.3306690738754696e-16
125,0.34833401213523246,1.0,1.0,0.525636434896757,0.9425203806781495,2.220446049250313e-16
125,0.34833401213523246,1.0,1.0,0.525636434896757,0.9425203806781495,2.220446049250313e-16
125,0.34833401213523246,1.0,1.0,0.525636434896757,0.9425203806781495,2.220446049250313e-16
125,0.34833401213523246,1.0,1.0,0.525636434896757,0.9425203806781495,2.220446049250313e-16
125,0.34833401213523246,1.0,1.0,0.525636434896757,0.9425203806781495,2.220446049250313e-16
125,0.34833401213523274,1.0,1.0,0.525636434896757,0.9425203806781492,5.551115123125783e-16
125,0.34833401213523274,1.0,1.0,0.525636434896757,0.9425203806781492,5.551115123125783e-16
125,0.34833401213523274,1.0,1.0,0.525636434896757,0.9425203806781492,5.551115123125783e-16
125,0.3483340121352324,1.0,1.0,0.525636434896757,0.9425203806781496,3.3306690738754696e-16
125,0.3483340121352328,1.0,1.0,0.525636434896757,0.9425203806781492,6.661338147750939e-16
125,0.34833401213523235,1.0,1.0,0.525636434896757,0.9425203806781498,5.551115123125783e-16
125,0.34833401213523235,1.0,1.0,0.525636434896757,0.9425203806781498,5.551115123125783e-16
125,0.34833401213523235,1.0,1.0,0.525636434896757,0.9425203806781498,5.551115123125783e-16
125,0.34833401213523285,1.0,1.0,0.525636434896757,0.9425203806781492,7.771561172376096e-16
125,0.3483340121352323,1.0,1.0,0.525636434896757,0.9425203806781499,6.661338147750939e-16
125,0.3483340121352325,1.0,1.0,0.525636434896757,0.9425203806781494,1.1102230246251565e-16
125,0.34833401213523246,1.0,1.0,0.525636434896757,0.9425203806781495,2.220446049250313e-16
125,0.3483340121352325,1.0,1.0,0.525636434896757,0.9425203806781494,1.1102230246251565e-16
125,0.3483340121352322,1.0,1.0,0.525636434896757,0.9425203806781502,9.992007221626409e-16
125,0.34833401213523263,1.0,1.0,0.525636434896757,0.9425203806781492,2.220446049250313e-16
125,0.3483340121352324,1.0,1.0,0.525636434896757,0.9425203806781496,3.3306690738754696e-16
125,0.34833401213523246,1.0,1.0,0.525636434896757,0.9425203806781495,2.220446049250313e-16
125,0.34833401213523246,1.0,1.0,0.525636434896757,0.9425203806781495,2.220446049250313e-16
125,0.34833401213523274,1.0,1.0,0.525636434896757,0.9425203806781492,5.551115123125783e-16
125,0.3483340121352327,1.0,1.0,0.525636434896757,0.9425203806781492,3.3306690738754696e-16
125,0.3483340121352325,1.0,1.0,0.525636434896757,0.9425203806781494,1.1102230246251565e-16
125,0.3483340121352328,1.0,1.0,0.525636434896757,0.9425203806781492,6.661338147750939e-16
125,0.3483340121352327,1.0,1.0,0.525636434896757,0.9425203806781492,3.3306690738754696e-16
125,0.3483340121352328,1.0,1.0,0.525636434896757,0.9425203806781492,6.661338147750939e-16
125,0.3483340121352328,1.0,1.0,0.525636434896757,0.9425203806781492,6.661338147750939e-16
125,0.3483340121352327,1.0,1.0,0.525636434896757,0.9425203806781492,3.3306690738754696e-16
125,0.34833401213523235,1.0,1.0,0.525636434896757,0.9425203806781498,5.551115123125783e-16
125,0.34833401213523263,1.0,1.0,0.525636434896757,0.9425203806781492,2.220446049250313e-16
125,0.34833401213523274,1.0,1.0,0.525636434896757,0.9425203806781492,5.551115123125783e-16
126,0.34833401213523263,1.0,1.0,0.525636434896757,0.9425203806781492,2.220446049250313e-16
126,0.3483340121352325,1.0,1.0,0.525636434896757,0.9425203806781494,1.1102230246251565e-16
126,0.34833401213523263,1.0,1.0,0.525636434896757,0.9425203806781492,2.220446049250313e-16
126,0.3483340121352325,1.0,1.0,0.525636434896757,0.9425203806781494,1.1102230246251565e-16
126,0.3483340121352325,1.0,1.0,0.525636434896757,0.9425203806781494,1.1102230246251565e-16
126,0.3483340121352325,1.0,1.0,0.525636434896757,0.9425203806781494,1.1102230246251565e-16
126,0.34833401213523263,1.0,1.0,0.525636434896757,0.9425203806781492,2.220446049250313e-16
126,0.3483340121352325,1.0,1.0,0.525636434896757,0.9425203806781494,1.1102230246251565e-16
126,0.34833401213523263,1.0,1.0,0.525636434896757,0.9425203806781492,2.220446049250313e-16
126,0.3483340121352327,1.0,1.0,0.525636434896757,0.9425203806781492,3.3306690738754696e-16
126,0.34833401213523246,1.0,1.0,0.525636434896757,0.9425203806781495,2.220446049250313e-16
126,0.34833401213523246,1.0,1.0,0.525636434896757,0.9425203806781495,2.220446049250313e-16
126,0.3483340121352327,1.0,1.0,0.525636434896757,0.9425203806781492,3.3306690738754696e-16
126,0.3483340121352327,1.0,1.0,0.525636434896757,0.9425203806781492,3.3306690738754696e-16
126,0.34833401213523246,1.0,1.0,0.525636434896757,0.9425203806781495,2.220446049250313e-16
126,0.34833401213523246,1.0,1.0,0.525636434896757,0.9425203806781495,2.220446049250313e-16
126,0.34833401213523246,1.0,1.0,0.525636434896757,0.9425203806781495,2.220446049250313e-16
126,0.34833401213523246,1.0,1.0,0.525636434896757,0.9425203806781495,2.220446049250313e-16
126,0.34833401213523246,1.0,1.0,0.525636434896757,0.9425203806781495,2.220446049250313e-16
126,0.34833401213523246,1.0,1.0,0.525636434896757,0.9425203806781495,2.220446049250313e-16
126,0.34833401213523246,1.0,1.0,0.525636434896757,0.9425203806781495,2.220446049250313e-16
126,0.3483340121352327,1.0,1.0,0.525636434896757,0.9425203806781492,3.3306690738754696e-16
126,0.34833401213523246,1.0,1.0,0.525636434896757,0.9425203806781495,2.220446049250313e-16
126,0.3483340121352325,1.0,1.0,0.525636434896757,0.9425203806781494,1.1102230246251565e-16
126,0.34833401213523274,1.0,1.0,0.525636434896757,0.9425203806781492,5.551115123125783e-16
126,0.3483340121352326,1.0,1.0,0.525636434896757,0.9425203806781492,1.1102230246251565e-16
126,0.34833401213523235,1.0,1.0,0.525636434896757,0.9425203806781498,5.551115123125783e-16
126,0.3483340121352323,1.0,1.0,0.525636434896757,0.9425203806781499,6.661338147750939e-16
126,0.3483340121352324,1.0,1.0,0.525636434896757,0.9425203806781496,3.3306690738754696e-16
126,0.3483340121352325,1.0,1.0,0.525636434896757,0.9425203806781494,1.1102230246251565e-16
126,0.3483340121352327,1.0,1.0,0.525636434896757,0.9425203806781492,3.3306690738754696e-16
126,0.34833401213523246,1.0,1.0,0.525636434896757,0.9425203806781495,2.220446049250313e-16
126,0.34833401213523235,1.0,1.0,0.525636434896757,0.9425203806781498,5.551115123125783e-16
126,0.3483340121352325,1.0,1.0,0.525636434896757,0.9425203806781494,1.1102230246251565e-16
126,0.34833401213523274,1.0,1.0,0.525636434896757,0.9425203806781492,5.551115123125783e-16
126,0.3483340121352325,1.0,1.0,0.525636434896757,0.9425203806781494,1.1102230246251565e-16
126,0.34833401213523246,1.0,1.0,0.525636434896757,0.9425203806781495,2.220446049250313e-16
126,0.3483340121352325,1.0,1.0,0.525636434896757,0.9425203806781494,1.1102230246251565e-16
126,0.3483340121352325,1.0,1.0,0.525636434896757,0.9425203806781494,1.1102230246251565e-16
126,0.3483340121352326,1.0,1.0,0.525636434896757,0.9425203806781492,1.1102230246251565e-16
127,0.3483340121352326,1.0,1.0,0.525636434896757,0.9425203806781492,1.1102230246251565e-16
127,0.3483340121352326,1.0,1.0,0.525636434896757,0.9425203806781492,1.1102230246251565e-16
127,0.34833401213523263,1.0,1.0,0.525636434896757,0.9425203806781492,2.220446049250313e-16
127,0.3483340121352325,1.0,1.0,0.525636434896757,0.9425203806781494,1.1102230246251565e-16
127,0.34833401213523263,1.0,1.0,0.525636434896757,0.9425203806781492,2.220446049250313e-16
127,0.3483340121352325,1.0,1.0,0.525636434896757,0.9425203806781494,1.1102230246251565e-16
127,0.3483340121352325,1.0,1.0,0.525636434896757,0.9425203806781494,1.1102230246251565e-16
127,0.3483340121352325,1.0,1.0,0.525636434896757,0.9425203806781494,1.1102230246251565e-16
127,0.34833401213523263,1.0,1.0,0.525636434896757,0.9425203806781492,2.220446049250313e-16
127,0.3483340121352325,1.0,1.0,0.525636434896757,0.9425203806781494,1.1102230246251565e-16
127,0.34833401213523263,1.0,1.0,0.525636434896757,0.9425203806781492,2.220446049250313e-16
127,0.3483340121352325,1.0,1.0,0.525636434896757,0.9425203806781494,1.1102230246251565e-16
127,0.3483340121352325,1.0,1.0,0.525636434896757,0.9425203806781494,1.1102230246251565e-16
127,0.3483340121352325,1.0,1.0,0.525636434896757,0.9425203806781494,1.1102230246251565e-16
127,0.3483340121352325,1.0,1.0,0.525636434896757,0.9425203806781494,1.1102230246251565e-16
127,0.3483340121352325,1.0,1.0,0.525636434896757,0.9425203806781494,1.1102230246251565e-16
127,0.3483340121352325,1.0,1.0,0.525636434896757,0.9425203806781494,1.1102230246251565e-16
127,0.3483340121352327,1.0,1.0,0.525636434896757,0.9425203806781492,3.3306690738754696e-16
127,0.34833401213523246,1.0,1.0,0.525636434896757,0.9425203806781495,2.220446049250313e-16
127,0.34833401213523246,1.0,1.0,0.525636434896757,0.9425203806781495,2.220446049250313e-16
127,0.3483340121352324,1.0,1.0,0.525636434896757,0.9425203806781496,3.3306690738754696e-16
127,0.34833401213523263,1.0,1.0,0.525636434896757,0.9425203806781492,2.220446049250313e-16
127,0.34833401213523263,1.0,1.0,0.525636434896757,0.9425203806781492,2.220446049250313e-16
127,0.34833401213523246,1.0,1.0,0.525636434896757,0.9425203806781495,2.220446049250313e-16
127,0.3483340121352326,1.0,1.0,0.525636434896757,0.9425203806781492,1.1102230246251565e-16
127,0.34833401213523235,1.0,1.0,0.525636434896757,0.9425203806781498,5.551115123125783e-16
127,0.34833401213523246,1.0,1.0,0.525636434896757,0.9425203806781495,2.220446049250313e-16
127,0.34833401213523263,1.0,1.0,0.525636434896757,0.9425203806781492,2.220446049250313e-16
127,0.34833401213523246,1.0,1.0,0.525636434896757,0.9425203806781495,2.220446049250313e-16
127,0.3483340121352325,1.0,1.0,0.525636434896757,0.9425203806781494,1.1102230246251565e-16
127,0.3483340121352325,1.0,1.0,0.525636434896757,0.9425203806781494,1.1102230246251565e-16
127,0.34833401213523235,1.0,1.0,0.525636434896757,0.9425203806781498,5.551115123125783e-16
127,0.34833401213523263,1.0,1.0,0.525636434896757,0.9425203806781492,2.220446049250313e-16
127,0.34833401213523246,1.0,1.0,0.525636434896757,0.9425203806781495,2.220446049250313e-16
127,0.34833401213523235,1.0,1.0,0.525636434896757,0.9425203806781498,5.551115123125783e-16
127,0.3483340121352326,1.0,1.0,0.525636434896757,0.9425203806781492,1.1102230246251565e-16
127,0.3483340121352326,1.0,1.0,0.525636434896757,0.9425203806781492,1.1102230246251565e-16
127,0.3483340121352326,1.0,1.0,0.525636434896757,0.9425203806781492,1.1102230246251565e-16
127,0.34833401213523235,1.0,1.0,0.525636434896757,0.9425203806781498,5.551115123125783e-16
127,0.3483340121352325,1.0,1.0,0.525636434896757,0.9425203806781494,1.1102230246251565e-16
128,0.3483340121352326,1.0,1.0,0.525636434896757,0.9425203806781492,1.1102230246251565e-16
128,0.3483340121352326,1.0,1.0,0.525636434896757,0.9425203806781492,1.1102230246251565e-16
128,0.3483340121352326,1.0,1.0,0.525636434896757,0.9425203806781492,1.1102230246251565e-16
128,0.3483340121352326,1.0,1.0,0.525636434896757,0.9425203806781492,1.1102230246251565e-16
128,0.3483340121352326,1.0,1.0,0.525636434896757,0.9425203806781492,1.1102230246251565e-16
128,0.3483340121352326,1.0,1.0,0.525636434896757,0.9425203806781492,1.1102230246251565e-16
128,0.34833401213523263,1.0,1.0,0.525636434896757,0.9425203806781492,2.220446049250313e-16
128,0.3483340121352325,1.0,1.0,0.525636434896757,0.9425203806781494,1.1102230246251565e-16
128,0.3483340121352325,1.0,1.0,0.525636434896757,0.9425203806781494,1.1102230246251565e-16
128,0.3483340121352325,1.0,1.0,0.525636434896757,0.9425203806781494,1.1102230246251565e-16
128,0.3483340121352325,1.0,1.0,0.525636434896757,0.9425203806781494,1.1102230246251565e-16
128,0.34833401213523263,1.0,1.0,0.525636434896757,0.9425203806781492,2.220446049250313e-16
128,0.34833401213523263,1.0,1.0,0.525636434896757,0.9425203806781492,2.220446049250313e-16
128,0.34833401213523263,1.0,1.0,0.525636434896757,0.9425203806781492,2.220446049250313e-16
128,0.3483340121352325,1.0,1.0,0.525636434896757,0.9425203806781494,1.1102230246251565e-16
128,0.3483340121352325,1.0,1.0,0.525636434896757,0.9425203806781494,1.1102230246251565e-16
128,0.3483340121352325,1.0,1.0,0.525636434896757,0.9425203806781494,1.1102230246251565e-16
128,0.34833401213523263,1.0,1.0,0.525636434896757,0.9425203806781492,2.220446049250313e-16
128,0.34833401213523263,1.0,1.0,0.525636434896757,0.9425203806781492,2.220446049250313e-16
128,0.3483340121352325,1.0,1.0,0.525636434896757,0.9425203806781494,1.1102230246251565e-16
128,0.34833401213523263,1.0,1.0,0.525636434896757,0.9425203806781492,2.220446049250313e-16
128,0.34833401213523246,1.0,1.0,0.525636434896757,0.9425203806781495,2.220446049250313e-16
128,0.34833401213523274,1.0,1.0,0.525636434896757,0.9425203806781492,5.551115123125783e-16
128,0.3483340121352326,1.0,1.0,0.525636434896757,0.9425203806781492,1.1102230246251565e-16
128,0.3483340121352325,1.0,1.0,0.525636434896757,0.9425203806781494,1.1102230246251565e-16
128,0.34833401213523246,1.0,1.0,0.525636434896757,0.9425203806781495,2.220446049250313e-16
128,0.3483340121352326,1.0,1.0,0.525636434896757,0.9425203806781492,1.1102230246251565e-16
128,0.3483340121352326,1.0,1.0,0.525636434896757,0.9425203806781492,1.1102230246251565e-16
128,0.3483340121352325,1.0,1.0,0.525636434896757,0.9425203806781494,1.1102230246251565e-16
128,0.3483340121352326,1.0,1.0,0.525636434896757,0.9425203806781492,1.1102230246251565e-16
128,0.3483340121352326,1.0,1.0,0.525636434896757,0.9425203806781492,1.1102230246251565e-16
128,0.3483340121352325,1.0,1.0,0.525636434896757,0.9425203806781494,1.1102230246251565e-16
128,0.3483340121352326,1.0,1.0,0.525636434896757,0.9425203806781492,1.1102230246251565e-16
128,0.34833401213523263,1.0,1.0,0.525636434896757,0.9425203806781492,2.220446049250313e-16
128,0.34833401213523246,1.0,1.0,0.525636434896757,0.9425203806781495,2.220446049250313e-16
128,0.3483340121352327,1.0,1.0,0.525636434896757,0.9425203806781492,3.3306690738754696e-16
128,0.34833401213523246,1.0,1.0,0.525636434896757,0.9425203806781495,2.220446049250313e-16
128,0.3483340121352326,1.0,1.0,0.525636434896757,0.9425203806781492,1.1102230246251565e-16
128,0.3483340121352327,1.0,1.0,0.525636434896757,0.9425203806781492,3.3306690738754696e-16
128,0.3483340121352324,1.0,1.0,0.525636434896757,0.9425203806781496,3.3306690738754696e-16
129,0.3483340121352326,1.0,1.0,0.525636434896757,0.9425203806781492,1.1102230246251565e-16
129,0.3483340121352326,1.0,1.0,0.525636434896757,0.9425203806781492,1.1102230246251565e-16
129,0.3483340121352326,1.0,1.0,0.525636434896757,0.9425203806781492,1.1102230246251565e-16
129,0.3483340121352326,1.0,1.0,0.525636434896757,0.9425203806781492,1.1102230246251565e-16
129,0.3483340121352326,1.0,1.0,0.525636434896757,0.9425203806781492,1.1102230246251565e-16
129,0.3483340121352326,1.0,1.0,0.525636434896757,0.9425203806781492,1.1102230246251565e-16
129,0.3483340121352326,1.0,1.0,0.525636434896757,0.9425203806781492,1.1102230246251565e-16
129,0.3483340121352326,1.0,1.0,0.525636434896757,0.9425203806781492,1.1102230246251565e-16
129,0.3483340121352326,1.0,1.0,0.525636434896757,0.9425203806781492,1.1102230246251565e-16
129,0.3483340121352326,1.0,1.0,0.525636434896757,0.9425203806781492,1.1102230246251565e-16
129,0.3483340121352326,1.0,1.0,0.525636434896757,0.9425203806781492,1.1102230246251565e-16
129,0.3483340121352326,1.0,1.0,0.525636434896757,0.9425203806781492,1.1102230246251565e-16
129,0.3483340121352326,1.0,1.0,0.525636434896757,0.9425203806781492,1.1102230246251565e-16
129,0.34833401213523263,1.0,1.0,0.525636434896757,0.9425203806781492,2.220446049250313e-16
129,0.3483340121352325,1.0,1.0,0.525636434896757,0.9425203806781494,1.1102230246251565e-16
129,0.34833401213523263,1.0,1.0,0.525636434896757,0.9425203806781492,2.220446049250313e-16
129,0.3483340121352325,1.0,1.0,0.525636434896757,0.9425203806781494,1.1102230246251565e-16
129,0.3483340121352325,1.0,1.0,0.525636434896757,0.9425203806781494,1.1102230246251565e-16
129,0.34833401213523263,1.0,1.0,0.525636434896757,0.9425203806781492,2.220446049250313e-16
129,0.3483340121352325,1.0,1.0,0.525636434896757,0.9425203806781494,1.1102230246251565e-16
129,0.3483340121352326,1.0,1.0,0.525636434896757,0.9425203806781492,1.1102230246251565e-16
129,0.3483340121352327,1.0,1.0,0.525636434896757,0.9425203806781492,3.3306690738754696e-16
129,0.34833401213523263,1.0,1.0,0.525636434896757,0.9425203806781492,2.220446049250313e-16
129,0.3483340121352325,1.0,1.0,0.525636434896757,0.9425203806781494,1.1102230246251565e-16
129,0.34833401213523246,1.0,1.0,0.525636434896757,0.9425203806781495,2.220446049250313e-16
129,0.34833401213523263,1.0,1.0,0.525636434896757,0.9425203806781492,2.220446049250313e-16
129,0.3483340121352325,1.0,1.0,0.525636434896757,0.9425203806781494,1.1102230246251565e-16
129,0.3483340121352325,1.0,1.0,0.525636434896757,0.9425203806781494,1.1102230246251565e-16
129,0.3483340121352325,1.0,1.0,0.525636434896757,0.9425203806781494,1.1102230246251565e-16
129,0.3483340121352326,1.0,1.0,0.525636434896757,0.9425203806781492,1.1102230246251565e-16
129,0.3483340121352327,1.0,1.0,0.525636434896757,0.9425203806781492,3.3306690738754696e-16
129,0.34833401213523263,1.0,1.0,0.525636434896757,0.9425203806781492,2.220446049250313e-16
129,0.3483340121352326,1.0,1.0,0.525636434896757,0.9425203806781492,1.1102230246251565e-16
129,0.3483340121352325,1.0,1.0,0.525636434896757,0.9425203806781494,1.1102230246251565e-16
129,0.34833401213523263,1.0,1.0,0.525636434896757,0.9425203806781492,2.220446049250313e-16
129,0.3483340121352325,1.0,1.0,0.525636434896757,0.9425203806781494,1.1102230246251565e-16
129,0.3483340121352326,1.0,1.0,0.525636434896757,0.9425203806781492,1.1102230246251565e-16
129,0.3483340121352326,1.0,1.0,0.525636434896757,0.9425203806781492,1.1102230246251565e-16
129,0.3483340121352325,1.0,1.0,0.525636434896757,0.9425203806781494,1.1102230246251565e-16
129,0.3483340121352325,1.0,1.0,0.525636434896757,0.9425203806781494,1.1102230246251565e-16
130,0.3483340121352326,1.0,1.0,0.525636434896757,0.9425203806781492,1.1102230246251565e-16
130,0.3483340121352326,1.0,1.0,0.525636434896757,0.9425203806781492,1.1102230246251565e-16
130,0.3483340121352326,1.0,1.0,0.525636434896757,0.9425203806781492,1.1102230246251565e-16
130,0.3483340121352326,1.0,1.0,0.525636434896757,0.9425203806781492,1.1102230246251565e-16
130,0.3483340121352326,1.0,1.0,0.525636434896757,0.9425203806781492,1.1102230246251565e-16
130,0.3483340121352326,1.0,1.0,0.525636434896757,0.9425203806781492,1.1102230246251565e-16
130,0.3483340121352326,1.0,1.0,0.525636434896757,0.9425203806781492,1.1102230246251565e-16
130,0.3483340121352326,1.0,1.0,0.525636434896757,0.9425203806781492,1.1102230246251565e-16
130,0.3483340121352326,1.0,1.0,0.525636434896757,0.9425203806781492,1.1102230246251565e-16
130,0.3483340121352326,1.0,1.0,0.525636434896757,0.9425203806781492,1.1102230246251565e-16
130,0.3483340121352326,1.0,1.0,0.525636434896757,0.9425203806781492,1.1102230246251565e-16
130,0.3483340121352326,1.0,1.0,0.525636434896757,0.9425203806781492,1.1102230246251565e-16
130,0.3483340121352326,1.0,1.0,0.525636434896757,0.9425203806781492,1.1102230246251565e-16
130,0.3483340121352326,1.0,1.0,0.525636434896757,0.9425203806781492,1.1102230246251565e-16
130,0.3483340121352326,1.0,1.0,0.525636434896757,0.9425203806781492,1.1102230246251565e-16
130,0.3483340121352326,1.0,1.0,0.525636434896757,0.9425203806781492,1.1102230246251565e-16
130,0.3483340121352326,1.0,1.0,0.525636434896757,0.9425203806781492,1.1102230246251565e-16
130,0.3483340121352326,1.0,1.0,0.525636434896757,0.9425203806781492,1.1102230246251565e-16
130,0.34833401213523263,1.0,1.0,0.525636434896757,0.9425203806781492,2.220446049250313e-16
130,0.34833401213523263,1.0,1.0,0.525636434896757,0.9425203806781492,2.220446049250313e-16
130,0.3483340121352326,1.0,1.0,0.525636434896757,0.9425203806781492,1.1102230246251565e-16
130,0.3483340121352326,1.0,1.0,0.525636434896757,0.9425203806781492,1.1102230246251565e-16
130,0.34833401213523263,1.0,1.0,0.525636434896757,0.9425203806781492,2.220446049250313e-16
130,0.34833401213523263,1.0,1.0,0.525636434896757,0.9425203806781492,2.220446049250313e-16
130,0.3483340121352325,1.0,1.0,0.525636434896757,0.9425203806781494,1.1102230246251565e-16
130,0.34833401213523263,1.0,1.0,0.525636434896757,0.9425203806781492,2.220446049250313e-16
130,0.3483340121352326,1.0,1.0,0.525636434896757,0.9425203806781492,1.1102230246251565e-16
130,0.3483340121352325,1.0,1.0,0.525636434896757,0.9425203806781494,1.1102230246251565e-16
130,0.3483340121352326,1.0,1.0,0.525636434896757,0.9425203806781492,1.1102230246251565e-16
130,0.3483340121352326,1.0,1.0,0.525636434896757,0.9425203806781492,1.1102230246251565e-16
130,0.3483340121352326,1.0,1.0,0.525636434896757,0.9425203806781492,1.1102230246251565e-16
130,0.34833401213523263,1.0,1.0,0.525636434896757,0.9425203806781492,2.220446049250313e-16
130,0.3483340121352325,1.0,1.0,0.525636434896757,0.9425203806781494,1.1102230246251565e-16
130,0.34833401213523263,1.0,1.0,0.525636434896757,0.9425203806781492,2.220446049250313e-16
130,0.3483340121352326,1.0,1.0,0.525636434896757,0.9425203806781492,1.1102230246251565e-16
130,0.3483340121352326,1.0,1.0,0.525636434896757,0.9425203806781492,1.1102230246251565e-16
130,0.3483340121352326,1.0,1.0,0.525636434896757,0.9425203806781492,1.1102230246251565e-16
130,0.3483340121352326,1.0,1.0,0.525636434896757,0.9425203806781492,1.1102230246251565e-16
130,0.3483340121352326,1.0,1.0,0.525636434896757,0.9425203806781492,1.1102230246251565e-16
130,0.3483340121352326,1.0,1.0,0.525636434896757,0.9425203806781492,1.1102230246251565e-16
131,0.3483340121352326,1.0,1.0,0.525636434896757,0.9425203806781492,1.1102230246251565e-16
131,0.3483340121352326,1.0,1.0,0.525636434896757,0.9425203806781492,1.1102230246251565e-16
131,0.3483340121352326,1.0,1.0,0.525636434896757,0.9425203806781492,1.1102230246251565e-16
131,0.3483340121352326,1.0,1.0,0.525636434896757,0.9425203806781492,1.1102230246251565e-16
131,0.3483340121352326,1.0,1.0,0.525636434896757,0.9425203806781492,1.1102230246251565e-16
131,0.3483340121352326,1.0,1.0,0.525636434896757,0.9425203806781492,1.1102230246251565e-16
131,0.3483340121352326,1.0,1.0,0.525636434896757,0.9425203806781492,1.1102230246251565e-16
131,0.3483340121352326,1.0,1.0,0.525636434896757,0.9425203806781492,1.1102230246251565e-16
131,0.3483340121352326,1.0,1.0,0.525636434896757,0.9425203806781492,1.1102230246251565e-16
131,0.3483340121352326,1.0,1.0,0.525636434896757,0.9425203806781492,1.1102230246251565e-16
131,0.3483340121352326,1.0,1.0,0.525636434896757,0.9425203806781492,1.1102230246251565e-16
131,0.3483340121352326,1.0,1.0,0.525636434896757,0.9425203806781492,1.1102230246251565e-16
131,0.3483340121352326,1.0,1.0,0.525636434896757,0.9425203806781492,1.1102230246251565e-16
131,0.3483340121352326,1.0,1.0,0.525636434896757,0.9425203806781492,1.1102230246251565e-16
131,0.3483340121352326,1.0,1.0,0.525636434896757,0.9425203806781492,1.1102230246251565e-16
131,0.3483340121352326,1.0,1.0,0.525636434896757,0.9425203806781492,1.1102230246251565e-16
131,0.3483340121352326,1.0,1.0,0.525636434896757,0.9425203806781492,1.1102230246251565e-16
131,0.3483340121352326,1.0,1.0,0.525636434896757,0.9425203806781492,1.1102230246251565e-16
131,0.3483340121352326,1.0,1.0,0.525636434896757,0.9425203806781492,1.1102230246251565e-16
131,0.3483340121352326,1.0,1.0,0.525636434896757,0.9425203806781492,1.1102230246251565e-16
131,0.3483340121352326,1.0,1.0,0.525636434896757,0.9425203806781492,1.1102230246251565e-16
131,0.3483340121352326,1.0,1.0,0.525636434896757,0.9425203806781492,1.1102230246251565e-16
131,0.3483340121352326,1.0,1.0,0.525636434896757,0.9425203806781492,1.1102230246251565e-16
131,0.3483340121352326,1.0,1.0,0.525636434896757,0.9425203806781492,1.1102230246251565e-16
131,0.3483340121352326,1.0,1.0,0.525636434896757,0.9425203806781492,1.1102230246251565e-16
131,0.3483340121352326,1.0,1.0,0.525636434896757,0.9425203806781492,1.1102230246251565e-16
131,0.3483340121352326,1.0,1.0,0.525636434896757,0.9425203806781492,1.1102230246251565e-16
131,0.3483340121352326,1.0,1.0,0.525636434896757,0.9425203806781492,1.1102230246251565e-16
131,0.3483340121352326,1.0,1.0,0.525636434896757,0.9425203806781492,1.1102230246251565e-16
131,0.3483340121352326,1.0,1.0,0.525636434896757,0.9425203806781492,1.1102230246251565e-16
131,0.3483340121352326,1.0,1.0,0.525636434896757,0.9425203806781492,1.1102230246251565e-16
131,0.3483340121352326,1.0,1.0,0.525636434896757,0.9425203806781492,1.1102230246251565e-16
131,0.3483340121352326,1.0,1.0,0.525636434896757,0.9425203806781492,1.1102230246251565e-16
131,0.3483340121352326,1.0,1.0,0.525636434896757,0.9425203806781492,1.1102230246251565e-16
131,0.3483340121352326,1.0,1.0,0.525636434896757,0.9425203806781492,1.1102230246251565e-16
131,0.3483340121352326,1.0,1.0,0.525636434896757,0.9425203806781492,1.1102230246251565e-16
131,0.3483340121352326,1.0,1.0,0.525636434896757,0.9425203806781492,1.1102230246251565e-16
131,0.3483340121352326,1.0,1.0,0.525636434896757,0.9425203806781492,1.1102230246251565e-16
131,0.3483340121352326,1.0,1.0,0.525636434896757,0.9425203806781492,1.1102230246251565e-16
131,0.3483340121352326,1.0,1.0,0.525636434896757,0.9425203806781492,1.1102230246251565e-16
132,0.3483340121352326,1.0,1.0,0.525636434896757,0.9425203806781492,1.1102230246251565e-16
132,0.3483340121352326,1.0,1.0,0.525636434896757,0.9425203806781492,1.1102230246251565e-16
132,0.3483340121352326,1.0,1.0,0.525636434896757,0.9425203806781492,1.1102230246251565e-16
132,0.3483340121352326,1.0,1.0,0.525636434896757,0.9425203806781492,1.1102230246251565e-16
132,0.3483340121352326,1.0,1.0,0.525636434896757,0.9425203806781492,1.1102230246251565e-16
132,0.3483340121352326,1.0,1.0,0.525636434896757,0.9425203806781492,1.1102230246251565e-16
132,0.3483340121352326,1.0,1.0,0.525636434896757,0.9425203806781492,1.1102230246251565e-16
132,0.3483340121352326,1.0,1.0,0.525636434896757,0.9425203806781492,1.1102230246251565e-16
132,0.3483340121352326,1.0,1.0,0.525636434896757,0.9425203806781492,1.1102230246251565e-16
132,0.3483340121352326,1.0,1.0,0.525636434896757,0.9425203806781492,1.1102230246251565e-16
132,0.3483340121352326,1.0,1.0,0.525636434896757,0.9425203806781492,1.1102230246251565e-16
132,0.3483340121352326,1.0,1.0,0.525636434896757,0.9425203806781492,1.1102230246251565e-16
132,0.3483340121352326,1.0,1.0,0.525636434896757,0.9425203806781492,1.1102230246251565e-16
132,0.3483340121352326,1.0,1.0,0.525636434896757,0.9425203806781492,1.1102230246251565e-16
132,0.3483340121352326,1.0,1.0,0.525636434896757,0.9425203806781492,1.1102230246251565e-16
132,0.3483340121352326,1.0,1.0,0.525636434896757,0.9425203806781492,1.1102230246251565e-16
132,0.3483340121352326,1.0,1.0,0.525636434896757,0.9425203806781492,1.1102230246251565e-16
132,0.3483340121352326,1.0,1.0,0.525636434896757,0.9425203806781492,1.1102230246251565e-16
132,0.3483340121352326,1.0,1.0,0.525636434896757,0.9425203806781492,1.1102230246251565e-16
132,0.3483340121352326,1.0,1.0,0.525636434896757,0.9425203806781492,1.1102230246251565e-16
132,0.3483340121352326,1.0,1.0,0.525636434896757,0.9425203806781492,1.1102230246251565e-16
132,0.3483340121352326,1.0,1.0,0.525636434896757,0.9425203806781492,1.1102230246251565e-16
132,0.3483340121352326,1.0,1.0,0.525636434896757,0.9425203806781492,1.1102230246251565e-16
132,0.3483340121352326,1.0,1.0,0.525636434896757,0.9425203806781492,1.1102230246251565e-16
132,0.3483340121352326,1.0,1.0,0.525636434896757,0.9425203806781492,1.1102230246251565e-16
132,0.3483340121352326,1.0,1.0,0.525636434896757,0.9425203806781492,1.1102230246251565e-16
132,0.3483340121352326,1.0,1.0,0.525636434896757,0.9425203806781492,1.1102230246251565e-16
132,0.3483340121352326,1.0,1.0,0.525636434896757,0.9425203806781492,1.1102230246251565e-16
132,0.3483340121352326,1.0,1.0,0.525636434896757,0.9425203806781492,1.1102230246251565e-16
132,0.3483340121352326,1.0,1.0,0.525636434896757,0.9425203806781492,1.1102230246251565e-16
132,0.3483340121352326,1.0,1.0,0.525636434896757,0.9425203806781492,1.1102230246251565e-16
132,0.3483340121352326,1.0,1.0,0.525636434896757,0.9425203806781492,1.1102230246251565e-16
132,0.3483340121352326,1.0,1.0,0.525636434896757,0.9425203806781492,1.1102230246251565e-16
132,0.3483340121352326,1.0,1.0,0.525636434896757,0.9425203806781492,1.1102230246251565e-16
132,0.3483340121352326,1.0,1.0,0.525636434896757,0.9425203806781492,1.1102230246251565e-16
132,0.3483340121352326,1.0,1.0,0.525636434896757,0.9425203806781492,1.1102230246251565e-16
132,0.3483340121352326,1.0,1.0,0.525636434896757,0.9425203806781492,1.1102230246251565e-16
132,0.3483340121352326,1.0,1.0,0.525636434896757,0.9425203806781492,1.1102230246251565e-16
132,0.3483340121352326,1.0,1.0,0.525636434896757,0.9425203806781492,1.1102230246251565e-16
132,0.3483340121352326,1.0,1.0,0.525636434896757,0.9425203806781492,1.1102230246251565e-16
133,0.3483340121352326,1.0,1.0,0.525636434896757,0.9425203806781492,1.1102230246251565e-16
133,0.3483340121352326,1.0,1.0,0.525636434896757,0.9425203806781492,1.1102230246251565e-16
133,0.3483340121352326,1.0,1.0,0.525636434896757,0.9425203806781492,1.1102230246251565e-16
133,0.3483340121352326,1.0,1.0,0.525636434896757,0.9425203806781492,1.1102230246251565e-16
133,0.3483340121352326,1.0,1.0,0.525636434896757,0.9425203806781492,1.1102230246251565e-16
133,0.3483340121352326,1.0,1.0,0.525636434896757,0.9425203806781492,1.1102230246251565e-16
133,0.3483340121352326,1.0,1.0,0.525636434896757,0.9425203806781492,1.1102230246251565e-16
133,0.3483340121352326,1.0,1.0,0.525636434896757,0.9425203806781492,1.1102230246251565e-16
133,0.3483340121352326,1.0,1.0,0.525636434896757,0.9425203806781492,1.1102230246251565e-16
133,0.3483340121352326,1.0,1.0,0.525636434896757,0.9425203806781492,1.1102230246251565e-16
133,0.3483340121352326,1.0,1.0,0.525636434896757,0.9425203806781492,1.1102230246251565e-16
133,0.3483340121352326,1.0,1.0,0.525636434896757,0.9425203806781492,1.1102230246251565e-16
133,0.3483340121352326,1.0,1.0,0.525636434896757,0.9425203806781492,1.1102230246251565e-16
133,0.3483340121352326,1.0,1.0,0.525636434896757,0.9425203806781492,1.1102230246251565e-16
133,0.3483340121352326,1.0,1.0,0.525636434896757,0.9425203806781492,1.1102230246251565e-16
133,0.3483340121352326,1.0,1.0,0.525636434896757,0.9425203806781492,1.1102230246251565e-16
133,0.3483340121352326,1.0,1.0,0.525636434896757,0.9425203806781492,1.1102230246251565e-16
133,0.3483340121352326,1.0,1.0,0.525636434896757,0.9425203806781492,1.1102230246251565e-16
133,0.3483340121352326,1.0,1.0,0.525636434896757,0.9425203806781492,1.1102230246251565e-16
133,0.3483340121352326,1.0,1.0,0.525636434896757,0.9425203806781492,1.1102230246251565e-16
133,0.3483340121352326,1.0,1.0,0.525636434896757,0.9425203806781492,1.1102230246251565e-16
133,0.3483340121352326,1.0,1.0,0.525636434896757,0.9425203806781492,1.1102230246251565e-16
133,0.3483340121352326,1.0,1.0,0.525636434896757,0.9425203806781492,1.1102230246251565e-16
133,0.3483340121352326,1.0,1.0,0.525636434896757,0.9425203806781492,1.1102230246251565e-16
133,0.3483340121352326,1.0,1.0,0.525636434896757,0.9425203806781492,1.1102230246251565e-16
133,0.3483340121352326,1.0,1.0,0.525636434896757,0.9425203806781492,1.1102230246251565e-16
133,0.3483340121352326,1.0,1.0,0.525636434896757,0.9425203806781492,1.1102230246251565e-16
133,0.3483340121352326,1.0,1.0,0.525636434896757,0.9425203806781492,1.1102230246251565e-16
133,0.3483340121352326,1.0,1.0,0.525636434896757,0.9425203806781492,1.1102230246251565e-16
133,0.3483340121352326,1.0,1.0,0.525636434896757,0.9425203806781492,1.1102230246251565e-16
133,0.3483340121352326,1.0,1.0,0.525636434896757,0.9425203806781492,1.1102230246251565e-16
133,0.3483340121352326,1.0,1.0,0.525636434896757,0.9425203806781492,1.1102230246251565e-16
133,0.3483340121352326,1.0,1.0,0.525636434896757,0.9425203806781492,1.1102230246251565e-16
133,0.3483340121352326,1.0,1.0,0.525636434896757,0.9425203806781492,1.1102230246251565e-16
133,0.3483340121352326,1.0,1.0,0.525636434896757,0.9425203806781492,1.1102230246251565e-16
133,0.3483340121352326,1.0,1.0,0.525636434896757,0.9425203806781492,1.1102230246251565e-16
133,0.3483340121352326,1.0,1.0,0.525636434896757,0.9425203806781492,1.1102230246251565e-16
133,0.3483340121352326,1.0,1.0,0.525636434896757,0.9425203806781492,1.1102230246251565e-16
133,0.3483340121352326,1.0,1.0,0.525636434896757,0.9425203806781492,1.1102230246251565e-16
133,0.3483340121352326,1.0,1.0,0.525636434896757,0.9425203806781492,1.1102230246251565e-16
134,0.3483340121352326,1.0,1.0,0.525636434896757,0.9425203806781492,1.1102230246251565e-16
134,0.3483340121352326,1.0,1.0,0.525636434896757,0.9425203806781492,1.1102230246251565e-16
134,0.3483340121352326,1.0,1.0,0.525636434896757,0.9425203806781492,1.1102230246251565e-16
134,0.3483340121352326,1.0,1.0,0.525636434896757,0.9425203806781492,1.1102230246251565e-16
134,0.3483340121352326,1.0,1.0,0.525636434896757,0.9425203806781492,1.1102230246251565e-16
134,0.3483340121352326,1.0,1.0,0.525636434896757,0.9425203806781492,1.1102230246251565e-16
134,0.3483340121352326,1.0,1.0,0.525636434896757,0.9425203806781492,1.1102230246251565e-16
134,0.3483340121352326,1.0,1.0,0.525636434896757,0.9425203806781492,1.1102230246251565e-16
134,0.3483340121352326,1.0,1.0,0.525636434896757,0.9425203806781492,1.1102230246251565e-16
134,0.3483340121352326,1.0,1.0,0.525636434896757,0.9425203806781492,1.1102230246251565e-16
134,0.3483340121352326,1.0,1.0,0.525636434896757,0.9425203806781492,1.1102230246251565e-16
134,0.3483340121352326,1.0,1.0,0.525636434896757,0.9425203806781492,1.1102230246251565e-16
134,0.3483340121352326,1.0,1.0,0.525636434896757,0.9425203806781492,1.1102230246251565e-16
134,0.3483340121352326,1.0,1.0,0.525636434896757,0.9425203806781492,1.1102230246251565e-16
134,0.3483340121352326,1.0,1.0,0.525636434896757,0.9425203806781492,1.1102230246251565e-16
134,0.3483340121352326,1.0,1.0,0.525636434896757,0.9425203806781492,1.1102230246251565e-16
134,0.3483340121352326,1.0,1.0,0.525636434896757,0.9425203806781492,1.1102230246251565e-16
134,0.3483340121352326,1.0,1.0,0.525636434896757,0.9425203806781492,1.1102230246251565e-16
134,0.3483340121352326,1.0,1.0,0.525636434896757,0.9425203806781492,1.1102230246251565e-16
134,0.3483340121352326,1.0,1.0,0.525636434896757,0.9425203806781492,1.1102230246251565e-16
134,0.3483340121352326,1.0,1.0,0.525636434896757,0.9425203806781492,1.1102230246251565e-16
134,0.3483340121352326,1.0,1.0,0.525636434896757,0.9425203806781492,1.1102230246251565e-16
134,0.3483340121352326,1.0,1.0,0.525636434896757,0.9425203806781492,1.1102230246251565e-16
134,0.3483340121352326,1.0,1.0,0.525636434896757,0.9425203806781492,1.1102230246251565e-16
134,0.3483340121352326,1.0,1.0,0.525636434896757,0.9425203806781492,1.1102230246251565e-16
134,0.3483340121352326,1.0,1.0,0.525636434896757,0.9425203806781492,1.1102230246251565e-16
134,0.3483340121352326,1.0,1.0,0.525636434896757,0.9425203806781492,1.1102230246251565e-16
134,0.3483340121352326,1.0,1.0,0.525636434896757,0.9425203806781492,1.1102230246251565e-16
134,0.3483340121352326,1.0,1.0,0.525636434896757,0.9425203806781492,1.1102230246251565e-16
134,0.3483340121352326,1.0,1.0,0.525636434896757,0.9425203806781492,1.1102230246251565e-16
134,0.3483340121352326,1.0,1.0,0.525636434896757,0.9425203806781492,1.1102230246251565e-16
134,0.3483340121352326,1.0,1.0,0.525636434896757,0.9425203806781492,1.1102230246251565e-16
134,0.3483340121352326,1.0,1.0,0.525636434896757,0.9425203806781492,1.1102230246251565e-16
134,0.3483340121352326,1.0,1.0,0.525636434896757,0.9425203806781492,1.1102230246251565e-16
134,0.3483340121352326,1.0,1.0,0.525636434896757,0.9425203806781492,1.1102230246251565e-16
134,0.3483340121352326,1.0,1.0,0.525636434896757,0.9425203806781492,1.1102230246251565e-16
134,0.3483340121352326,1.0,1.0,0.525636434896757,0.9425203806781492,1.1102230246251565e-16
134,0.3483340121352326,1.0,1.0,0.525636434896757,0.9425203806781492,1.1102230246251565e-16
134,0.3483340121352326,1.0,1.0,0.525636434896757,0.9425203806781492,1.1102230246251565e-16
134,0.3483340121352326,1.0,1.0,0.525636434896757,0.9425203806781492,1.1102230246251565e-16
135,0.3483340121352326,1.0,1.0,0.525636434896757,0.9425203806781492,1.1102230246251565e-16
135,0.3483340121352326,1.0,1.0,0.525636434896757,0.9425203806781492,1.1102230246251565e-16
135,0.3483340121352326,1.0,1.0,0.525636434896757,0.9425203806781492,1.1102230246251565e-16
135,0.3483340121352326,1.0,1.0,0.525636434896757,0.9425203806781492,1.1102230246251565e-16
135,0.3483340121352326,1.0,1.0,0.525636434896757,0.9425203806781492,1.1102230246251565e-16
135,0.3483340121352326,1.0,1.0,0.525636434896757,0.9425203806781492,1.1102230246251565e-16
135,0.3483340121352326,1.0,1.0,0.525636434896757,0.9425203806781492,1.1102230246251565e-16
135,0.3483340121352326,1.0,1.0,0.525636434896757,0.9425203806781492,1.1102230246251565e-16
135,0.3483340121352326,1.0,1.0,0.525636434896757,0.9425203806781492,1.1102230246251565e-16
135,0.3483340121352326,1.0,1.0,0.525636434896757,0.9425203806781492,1.1102230246251565e-16
135,0.3483340121352326,1.0,1.0,0.525636434896757,0.9425203806781492,1.1102230246251565e-16
135,0.3483340121352326,1.0,1.0,0.525636434896757,0.9425203806781492,1.1102230246251565e-16
135,0.3483340121352326,1.0,1.0,0.525636434896757,0.9425203806781492,1.1102230246251565e-16
135,0.3483340121352326,1.0,1.0,0.525636434896757,0.9425203806781492,1.1102230246251565e-16
135,0.3483340121352326,1.0,1.0,0.525636434896757,0.9425203806781492,1.1102230246251565e-16
135,0.3483340121352326,1.0,1.0,0.525636434896757,0.9425203806781492,1.1102230246251565e-16
135,0.3483340121352326,1.0,1.0,0.525636434896757,0.9425203806781492,1.1102230246251565e-16
135,0.3483340121352326,1.0,1.0,0.525636434896757,0.9425203806781492,1.1102230246251565e-16
135,0.3483340121352326,1.0,1.0,0.525636434896757,0.9425203806781492,1.1102230246251565e-16
135,0.3483340121352326,1.0,1.0,0.525636434896757,0.9425203806781492,1.1102230246251565e-16
135,0.3483340121352326,1.0,1.0,0.525636434896757,0.9425203806781492,1.1102230246251565e-16
135,0.3483340121352326,1.0,1.0,0.525636434896757,0.9425203806781492,1.1102230246251565e-16
135,0.3483340121352326,1.0,1.0,0.525636434896757,0.9425203806781492,1.1102230246251565e-16
135,0.3483340121352326,1.0,1.0,0.525636434896757,0.9425203806781492,1.1102230246251565e-16
135,0.3483340121352326,1.0,1.0,0.525636434896757,0.9425203806781492,1.1102230246251565e-16
135,0.3483340121352326,1.0,1.0,0.525636434896757,0.9425203806781492,1.1102230246251565e-16
135,0.3483340121352326,1.0,1.0,0.525636434896757,0.9425203806781492,1.1102230246251565e-16
135,0.3483340121352326,1.0,1.0,0.525636434896757,0.9425203806781492,1.1102230246251565e-16
135,0.3483340121352326,1.0,1.0,0.525636434896757,0.9425203806781492,1.1102230246251565e-16
135,0.3483340121352326,1.0,1.0,0.525636434896757,0.9425203806781492,1.1102230246251565e-16
135,0.3483340121352326,1.0,1.0,0.525636434896757,0.9425203806781492,1.1102230246251565e-16
135,0.3483340121352326,1.0,1.0,0.525636434896757,0.9425203806781492,1.1102230246251565e-16
135,0.3483340121352326,1.0,1.0,0.525636434896757,0.9425203806781492,1.1102230246251565e-16
135,0.3483340121352326,1.0,1.0,0.525636434896757,0.9425203806781492,1.1102230246251565e-16
135,0.3483340121352326,1.0,1.0,0.525636434896757,0.9425203806781492,1.1102230246251565e-16
135,0.3483340121352326,1.0,1.0,0.525636434896757,0.9425203806781492,1.1102230246251565e-16
135,0.3483340121352326,1.0,1.0,0.525636434896757,0.9425203806781492,1.1102230246251565e-16
135,0.3483340121352326,1.0,1.0,0.525636434896757,0.9425203806781492,1.1102230246251565e-16
135,0.3483340121352326,1.0,1.0,0.525636434896757,0.9425203806781492,1.1102230246251565e-16
135,0.3483340121352326,1.0,1.0,0.525636434896757,0.9425203806781492,1.1102230246251565e-16
136,0.3483340121352326,1.0,1.0,0.525636434896757,0.9425203806781492,1.1102230246251565e-16
136,0.3483340121352326,1.0,1.0,0.525636434896757,0.9425203806781492,1.1102230246251565e-16
136,0.3483340121352326,1.0,1.0,0.525636434896757,0.9425203806781492,1.1102230246251565e-16
136,0.3483340121352326,1.0,1.0,0.525636434896757,0.9425203806781492,1.1102230246251565e-16
136,0.3483340121352326,1.0,1.0,0.525636434896757,0.9425203806781492,1.1102230246251565e-16
136,0.3483340121352326,1.0,1.0,0.525636434896757,0.9425203806781492,1.1102230246251565e-16
136,0.3483340121352326,1.0,1.0,0.525636434896757,0.9425203806781492,1.1102230246251565e-16
136,0.3483340121352326,1.0,1.0,0.525636434896757,0.9425203806781492,1.1102230246251565e-16
136,0.3483340121352326,1.0,1.0,0.525636434896757,0.9425203806781492,1.1102230246251565e-16
136,0.3483340121352326,1.0,1.0,0.525636434896757,0.9425203806781492,1.1102230246251565e-16
136,0.3483340121352326,1.0,1.0,0.525636434896757,0.9425203806781492,1.1102230246251565e-16
136,0.3483340121352326,1.0,1.0,0.525636434896757,0.9425203806781492,1.1102230246251565e-16
136,0.3483340121352326,1.0,1.0,0.525636434896757,0.9425203806781492,1.1102230246251565e-16
136,0.3483340121352326,1.0,1.0,0.525636434896757,0.9425203806781492,1.1102230246251565e-16
136,0.3483340121352326,1.0,1.0,0.525636434896757,0.9425203806781492,1.1102230246251565e-16
136,0.3483340121352326,1.0,1.0,0.525636434896757,0.9425203806781492,1.1102230246251565e-16
136,0.3483340121352326,1.0,1.0,0.525636434896757,0.9425203806781492,1.1102230246251565e-16
136,0.3483340121352326,1.0,1.0,0.525636434896757,0.9425203806781492,1.1102230246251565e-16
136,0.3483340121352326,1.0,1.0,0.525636434896757,0.9425203806781492,1.1102230246251565e-16
136,0.3483340121352326,1.0,1.0,0.525636434896757,0.9425203806781492,1.1102230246251565e-16
136,0.3483340121352326,1.0,1.0,0.525636434896757,0.9425203806781492,1.1102230246251565e-16
136,0.3483340121352326,1.0,1.0,0.525636434896757,0.9425203806781492,1.1102230246251565e-16
136,0.3483340121352326,1.0,1.0,0.525636434896757,0.9425203806781492,1.1102230246251565e-16
136,0.3483340121352326,1.0,1.0,0.525636434896757,0.9425203806781492,1.1102230246251565e-16
136,0.3483340121352326,1.0,1.0,0.525636434896757,0.9425203806781492,1.1102230246251565e-16
136,0.3483340121352326,1.0,1.0,0.525636434896757,0.9425203806781492,1.1102230246251565e-16
136,0.3483340121352326,1.0,1.0,0.525636434896757,0.9425203806781492,1.1102230246251565e-16
136,0.3483340121352326,1.0,1.0,0.525636434896757,0.9425203806781492,1.1102230246251565e-16
136,0.3483340121352326,1.0,1.0,0.525636434896757,0.9425203806781492,1.1102230246251565e-16
136,0.3483340121352326,1.0,1.0,0.525636434896757,0.9425203806781492,1.1102230246251565e-16
136,0.3483340121352326,1.0,1.0,0.525636434896757,0.9425203806781492,1.1102230246251565e-16
136,0.3483340121352326,1.0,1.0,0.525636434896757,0.9425203806781492,1.1102230246251565e-16
136,0.3483340121352326,1.0,1.0,0.525636434896757,0.9425203806781492,1.1102230246251565e-16
136,0.3483340121352326,1.0,1.0,0.525636434896757,0.9425203806781492,1.1102230246251565e-16
136,0.3483340121352326,1.0,1.0,0.525636434896757,0.9425203806781492,1.1102230246251565e-16
136,0.3483340121352326,1.0,1.0,0.525636434896757,0.9425203806781492,1.1102230246251565e-16
136,0.3483340121352326,1.0,1.0,0.525636434896757,0.9425203806781492,1.1102230246251565e-16
136,0.3483340121352326,1.0,1.0,0.525636434896757,0.9425203806781492,1.1102230246251565e-16
136,0.3483340121352326,1.0,1.0,0.525636434896757,0.9425203806781492,1.1102230246251565e-16
136,0.3483340121352326,1.0,1.0,0.525636434896757,0.9425203806781492,1.1102230246251565e-16
137,0.3483340121352326,1.0,1.0,0.525636434896757,0.9425203806781492,1.1102230246251565e-16
137,0.3483340121352326,1.0,1.0,0.525636434896757,0.9425203806781492,1.1102230246251565e-16
137,0.3483340121352326,1.0,1.0,0.525636434896757,0.9425203806781492,1.1102230246251565e-16
137,0.3483340121352326,1.0,1.0,0.525636434896757,0.9425203806781492,1.1102230246251565e-16
137,0.3483340121352326,1.0,1.0,0.525636434896757,0.9425203806781492,1.1102230246251565e-16
137,0.3483340121352326,1.0,1.0,0.525636434896757,0.9425203806781492,1.1102230246251565e-16
137,0.3483340121352326,1.0,1.0,0.525636434896757,0.9425203806781492,1.1102230246251565e-16
137,0.3483340121352326,1.0,1.0,0.525636434896757,0.9425203806781492,1.1102230246251565e-16
137,0.3483340121352326,1.0,1.0,0.525636434896757,0.9425203806781492,1.1102230246251565e-16
137,0.3483340121352326,1.0,1.0,0.525636434896757,0.9425203806781492,1.1102230246251565e-16
137,0.3483340121352326,1.0,1.0,0.525636434896757,0.9425203806781492,1.1102230246251565e-16
137,0.3483340121352326,1.0,1.0,0.525636434896757,0.9425203806781492,1.1102230246251565e-16
137,0.3483340121352326,1.0,1.0,0.525636434896757,0.9425203806781492,1.1102230246251565e-16
137,0.3483340121352326,1.0,1.0,0.525636434896757,0.9425203806781492,1.1102230246251565e-16
137,0.3483340121352326,1.0,1.0,0.525636434896757,0.9425203806781492,1.1102230246251565e-16
137,0.3483340121352326,1.0,1.0,0.525636434896757,0.9425203806781492,1.1102230246251565e-16
137,0.3483340121352326,1.0,1.0,0.525636434896757,0.9425203806781492,1.1102230246251565e-16
137,0.3483340121352326,1.0,1.0,0.525636434896757,0.9425203806781492,1.1102230246251565e-16
137,0.3483340121352326,1.0,1.0,0.525636434896757,0.9425203806781492,1.1102230246251565e-16
137,0.3483340121352326,1.0,1.0,0.525636434896757,0.9425203806781492,1.1102230246251565e-16
137,0.3483340121352326,1.0,1.0,0.525636434896757,0.9425203806781492,1.1102230246251565e-16
137,0.3483340121352326,1.0,1.0,0.525636434896757,0.9425203806781492,1.1102230246251565e-16
137,0.3483340121352326,1.0,1.0,0.525636434896757,0.9425203806781492,1.1102230246251565e-16
137,0.3483340121352326,1.0,1.0,0.525636434896757,0.9425203806781492,1.1102230246251565e-16
137,0.3483340121352326,1.0,1.0,0.525636434896757,0.9425203806781492,1.1102230246251565e-16
137,0.3483340121352326,1.0,1.0,0.525636434896757,0.9425203806781492,1.1102230246251565e-16
137,0.3483340121352326,1.0,1.0,0.525636434896757,0.9425203806781492,1.1102230246251565e-16
137,0.3483340121352326,1.0,1.0,0.525636434896757,0.9425203806781492,1.1102230246251565e-16
137,0.3483340121352326,1.0,1.0,0.525636434896757,0.9425203806781492,1.1102230246251565e-16
137,0.3483340121352326,1.0,1.0,0.525636434896757,0.9425203806781492,1.1102230246251565e-16
137,0.3483340121352326,1.0,1.0,0.525636434896757,0.9425203806781492,1.1102230246251565e-16
137,0.3483340121352326,1.0,1.0,0.525636434896757,0.9425203806781492,1.1102230246251565e-16
137,0.3483340121352326,1.0,1.0,0.525636434896757,0.9425203806781492,1.1102230246251565e-16
137,0.3483340121352326,1.0,1.0,0.525636434896757,0.9425203806781492,1.1102230246251565e-16
137,0.3483340121352326,1.0,1.0,0.525636434896757,0.9425203806781492,1.1102230246251565e-16
137,0.3483340121352326,1.0,1.0,0.525636434896757,0.9425203806781492,1.1102230246251565e-16
137,0.3483340121352326,1.0,1.0,0.525636434896757,0.9425203806781492,1.1102230246251565e-16
137,0.3483340121352326,1.0,1.0,0.525636434896757,0.9425203806781492,1.1102230246251565e-16
137,0.3483340121352326,1.0,1.0,0.525636434896757,0.9425203806781492,1.1102230246251565e-16
137,0.3483340121352326,1.0,1.0,0.525636434896757,0.9425203806781492,1.1102230246251565e-16
138,0.3483340121352326,1.0,1.0,0.525636434896757,0.9425203806781492,1.1102230246251565e-16
138,0.3483340121352326,1.0,1.0,0.525636434896757,0.9425203806781492,1.1102230246251565e-16
138,0.3483340121352326,1.0,1.0,0.525636434896757,0.9425203806781492,1.1102230246251565e-16
138,0.3483340121352326,1.0,1.0,0.525636434896757,0.9425203806781492,1.1102230246251565e-16
138,0.3483340121352326,1.0,1.0,0.525636434896757,0.9425203806781492,1.1102230246251565e-16
138,0.3483340121352326,1.0,1.0,0.525636434896757,0.9425203806781492,1.1102230246251565e-16
138,0.3483340121352326,1.0,1.0,0.525636434896757,0.9425203806781492,1.1102230246251565e-16
138,0.3483340121352326,1.0,1.0,0.525636434896757,0.9425203806781492,1.1102230246251565e-16
138,0.3483340121352326,1.0,1.0,0.525636434896757,0.9425203806781492,1.1102230246251565e-16
138,0.3483340121352326,1.0,1.0,0.525636434896757,0.9425203806781492,1.1102230246251565e-16
138,0.3483340121352326,1.0,1.0,0.525636434896757,0.9425203806781492,1.1102230246251565e-16
138,0.3483340121352326,1.0,1.0,0.525636434896757,0.9425203806781492,1.1102230246251565e-16
138,0.3483340121352326,1.0,1.0,0.525636434896757,0.9425203806781492,1.1102230246251565e-16
138,0.3483340121352326,1.0,1.0,0.525636434896757,0.9425203806781492,1.1102230246251565e-16
138,0.3483340121352326,1.0,1.0,0.525636434896757,0.9425203806781492,1.1102230246251565e-16
138,0.3483340121352326,1.0,1.0,0.525636434896757,0.9425203806781492,1.1102230246251565e-16
138,0.3483340121352326,1.0,1.0,0.525636434896757,0.9425203806781492,1.1102230246251565e-16
138,0.3483340121352326,1.0,1.0,0.525636434896757,0.9425203806781492,1.1102230246251565e-16
138,0.3483340121352326,1.0,1.0,0.525636434896757,0.9425203806781492,1.1102230246251565e-16
138,0.3483340121352326,1.0,1.0,0.525636434896757,0.9425203806781492,1.1102230246251565e-16
138,0.3483340121352326,1.0,1.0,0.525636434896757,0.9425203806781492,1.1102230246251565e-16
138,0.3483340121352326,1.0,1.0,0.525636434896757,0.9425203806781492,1.1102230246251565e-16
138,0.3483340121352326,1.0,1.0,0.525636434896757,0.9425203806781492,1.1102230246251565e-16
138,0.3483340121352326,1.0,1.0,0.525636434896757,0.9425203806781492,1.1102230246251565e-16
138,0.3483340121352326,1.0,1.0,0.525636434896757,0.9425203806781492,1.1102230246251565e-16
138,0.3483340121352326,1.0,1.0,0.525636434896757,0.9425203806781492,1.1102230246251565e-16
138,0.3483340121352326,1.0,1.0,0.525636434896757,0.9425203806781492,1.1102230246251565e-16
138,0.3483340121352326,1.0,1.0,0.525636434896757,0.9425203806781492,1.1102230246251565e-16
138,0.3483340121352326,1.0,1.0,0.525636434896757,0.9425203806781492,1.1102230246251565e-16
138,0.3483340121352326,1.0,1.0,0.525636434896757,0.9425203806781492,1.1102230246251565e-16
138,0.3483340121352326,1.0,1.0,0.525636434896757,0.9425203806781492,1.1102230246251565e-16
138,0.3483340121352326,1.0,1.0,0.525636434896757,0.9425203806781492,1.1102230246251565e-16
138,0.3483340121352326,1.0,1.0,0.525636434896757,0.9425203806781492,1.1102230246251565e-16
138,0.3483340121352326,1.0,1.0,0.525636434896757,0.9425203806781492,1.1102230246251565e-16
138,0.3483340121352326,1.0,1.0,0.525636434896757,0.9425203806781492,1.1102230246251565e-16
138,0.3483340121352326,1.0,1.0,0.525636434896757,0.9425203806781492,1.1102230246251565e-16
138,0.3483340121352326,1.0,1.0,0.525636434896757,0.9425203806781492,1.1102230246251565e-16
138,0.3483340121352326,1.0,1.0,0.525636434896757,0.9425203806781492,1.1102230246251565e-16
138,0.3483340121352326,1.0,1.0,0.525636434896757,0.9425203806781492,1.1102230246251565e-16
138,0.3483340121352326,1.0,1.0,0.525636434896757,0.9425203806781492,1.1102230246251565e-16
139,0.3483340121352326,1.0,1.0,0.525636434896757,0.9425203806781492,1.1102230246251565e-16
139,0.3483340121352326,1.0,1.0,0.525636434896757,0.9425203806781492,1.1102230246251565e-16
139,0.3483340121352326,1.0,1.0,0.525636434896757,0.9425203806781492,1.1102230246251565e-16
139,0.3483340121352326,1.0,1.0,0.525636434896757,0.9425203806781492,1.1102230246251565e-16
139,0.3483340121352326,1.0,1.0,0.525636434896757,0.9425203806781492,1.1102230246251565e-16
139,0.3483340121352326,1.0,1.0,0.525636434896757,0.9425203806781492,1.1102230246251565e-16
139,0.3483340121352326,1.0,1.0,0.525636434896757,0.9425203806781492,1.1102230246251565e-16
139,0.3483340121352326,1.0,1.0,0.525636434896757,0.9425203806781492,1.1102230246251565e-16
139,0.3483340121352326,1.0,1.0,0.525636434896757,0.9425203806781492,1.1102230246251565e-16
139,0.3483340121352326,1.0,1.0,0.525636434896757,0.9425203806781492,1.1102230246251565e-16
139,0.3483340121352326,1.0,1.0,0.525636434896757,0.9425203806781492,1.1102230246251565e-16
139,0.3483340121352326,1.0,1.0,0.525636434896757,0.9425203806781492,1.1102230246251565e-16
139,0.3483340121352326,1.0,1.0,0.525636434896757,0.9425203806781492,1.1102230246251565e-16
139,0.3483340121352326,1.0,1.0,0.525636434896757,0.9425203806781492,1.1102230246251565e-16
139,0.3483340121352326,1.0,1.0,0.525636434896757,0.9425203806781492,1.1102230246251565e-16
139,0.3483340121352326,1.0,1.0,0.525636434896757,0.9425203806781492,1.1102230246251565e-16
139,0.3483340121352326,1.0,1.0,0.525636434896757,0.9425203806781492,1.1102230246251565e-16
139,0.3483340121352326,1.0,1.0,0.525636434896757,0.9425203806781492,1.1102230246251565e-16
139,0.3483340121352326,1.0,1.0,0.525636434896757,0.9425203806781492,1.1102230246251565e-16
139,0.3483340121352326,1.0,1.0,0.525636434896757,0.9425203806781492,1.1102230246251565e-16
139,0.3483340121352326,1.0,1.0,0.525636434896757,0.9425203806781492,1.1102230246251565e-16
139,0.3483340121352326,1.0,1.0,0.525636434896757,0.9425203806781492,1.1102230246251565e-16
139,0.3483340121352326,1.0,1.0,0.525636434896757,0.9425203806781492,1.1102230246251565e-16
139,0.3483340121352326,1.0,1.0,0.525636434896757,0.9425203806781492,1.1102230246251565e-16
139,0.3483340121352326,1.0,1.0,0.525636434896757,0.9425203806781492,1.1102230246251565e-16
139,0.3483340121352326,1.0,1.0,0.525636434896757,0.9425203806781492,1.1102230246251565e-16
139,0.3483340121352326,1.0,1.0,0.525636434896757,0.9425203806781492,1.1102230246251565e-16
139,0.3483340121352326,1.0,1.0,0.525636434896757,0.9425203806781492,1.1102230246251565e-16
139,0.3483340121352326,1.0,1.0,0.525636434896757,0.9425203806781492,1.1102230246251565e-16
139,0.3483340121352326,1.0,1.0,0.525636434896757,0.9425203806781492,1.1102230246251565e-16
139,0.3483340121352326,1.0,1.0,0.525636434896757,0.9425203806781492,1.1102230246251565e-16
139,0.3483340121352326,1.0,1.0,0.525636434896757,0.9425203806781492,1.1102230246251565e-16
139,0.3483340121352326,1.0,1.0,0.525636434896757,0.9425203806781492,1.1102230246251565e-16
139,0.3483340121352326,1.0,1.0,0.525636434896757,0.9425203806781492,1.1102230246251565e-16
139,0.3483340121352326,1.0,1.0,0.525636434896757,0.9425203806781492,1.1102230246251565e-16
139,0.3483340121352326,1.0,1.0,0.525636434896757,0.9425203806781492,1.1102230246251565e-16
139,0.3483340121352326,1.0,1.0,0.525636434896757,0.9425203806781492,1.1102230246251565e-16
139,0.3483340121352326,1.0,1.0,0.525636434896757,0.9425203806781492,1.1102230246251565e-16
139,0.3483340121352326,1.0,1.0,0.525636434896757,0.9425203806781492,1.1102230246251565e-16
139,0.3483340121352326,1.0,1.0,0.525636434896757,0.9425203806781492,1.1102230246251565e-16
140,0.3483340121352326,1.0,1.0,0.525636434896757,0.9425203806781492,1.1102230246251565e-16
140,0.3483340121352326,1.0,1.0,0.525636434896757,0.9425203806781492,1.1102230246251565e-16
140,0.3483340121352326,1.0,1.0,0.525636434896757,0.9425203806781492,1.1102230246251565e-16
140,0.3483340121352326,1.0,1.0,0.525636434896757,0.9425203806781492,1.1102230246251565e-16
140,0.3483340121352326,1.0,1.0,0.525636434896757,0.9425203806781492,1.1102230246251565e-16
140,0.3483340121352326,1.0,1.0,0.525636434896757,0.9425203806781492,1.1102230246251565e-16
140,0.3483340121352326,1.0,1.0,0.525636434896757,0.9425203806781492,1.1102230246251565e-16
140,0.3483340121352326,1.0,1.0,0.525636434896757,0.9425203806781492,1.1102230246251565e-16
140,0.3483340121352326,1.0,1.0,0.525636434896757,0.9425203806781492,1.1102230246251565e-16
140,0.3483340121352326,1.0,1.0,0.525636434896757,0.9425203806781492,1.1102230246251565e-16
140,0.3483340121352326,1.0,1.0,0.525636434896757,0.9425203806781492,1.1102230246251565e-16
140,0.3483340121352326,1.0,1.0,0.525636434896757,0.9425203806781492,1.1102230246251565e-16
140,0.3483340121352326,1.0,1.0,0.525636434896757,0.9425203806781492,1.1102230246251565e-16
140,0.3483340121352326,1.0,1.0,0.525636434896757,0.9425203806781492,1.1102230246251565e-16
140,0.3483340121352326,1.0,1.0,0.525636434896757,0.9425203806781492,1.1102230246251565e-16
140,0.3483340121352326,1.0,1.0,0.525636434896757,0.9425203806781492,1.1102230246251565e-16
140,0.3483340121352326,1.0,1.0,0.525636434896757,0.9425203806781492,1.1102230246251565e-16
140,0.3483340121352326,1.0,1.0,0.525636434896757,0.9425203806781492,1.1102230246251565e-16
140,0.3483340121352326,1.0,1.0,0.525636434896757,0.9425203806781492,1.1102230246251565e-16
140,0.3483340121352326,1.0,1.0,0.525636434896757,0.9425203806781492,1.1102230246251565e-16
140,0.3483340121352326,1.0,1.0,0.525636434896757,0.9425203806781492,1.1102230246251565e-16
140,0.3483340121352326,1.0,1.0,0.525636434896757,0.9425203806781492,1.1102230246251565e-16
140,0.3483340121352326,1.0,1.0,0.525636434896757,0.9425203806781492,1.1102230246251565e-16
140,0.3483340121352326,1.0,1.0,0.525636434896757,0.9425203806781492,1.1102230246251565e-16
140,0.3483340121352326,1.0,1.0,0.525636434896757,0.9425203806781492,1.1102230246251565e-16
140,0.3483340121352326,1.0,1.0,0.525636434896757,0.9425203806781492,1.1102230246251565e-16
140,0.3483340121352326,1.0,1.0,0.525636434896757,0.9425203806781492,1.1102230246251565e-16
140,0.3483340121352326,1.0,1.0,0.525636434896757,0.9425203806781492,1.1102230246251565e-16
140,0.3483340121352326,1.0,1.0,0.525636434896757,0.9425203806781492,1.1102230246251565e-16
140,0.3483340121352326,1.0,1.0,0.525636434896757,0.9425203806781492,1.1102230246251565e-16
140,0.3483340121352326,1.0,1.0,0.525636434896757,0.9425203806781492,1.1102230246251565e-16
140,0.3483340121352326,1.0,1.0,0.525636434896757,0.9425203806781492,1.1102230246251565e-16
140,0.3483340121352326,1.0,1.0,0.525636434896757,0.9425203806781492,1.1102230246251565e-16
140,0.3483340121352326,1.0,1.0,0.525636434896757,0.9425203806781492,1.1102230246251565e-16
140,0.3483340121352326,1.0,1.0,0.525636434896757,0.9425203806781492,1.1102230246251565e-16
140,0.3483340121352326,1.0,1.0,0.525636434896757,0.9425203806781492,1.1102230246251565e-16
140,0.3483340121352326,1.0,1.0,0.525636434896757,0.9425203806781492,1.1102230246251565e-16
140,0.3483340121352326,1.0,1.0,0.525636434896757,0.9425203806781492,1.1102230246251565e-16
140,0.3483340121352326,1.0,1.0,0.525636434896757,0.9425203806781492,1.1102230246251565e-16
140,0.3483340121352326,1.0,1.0,0.525636434896757,0.9425203806781492,1.1102230246251565e-16
141,0.3483340121352326,1.0,1.0,0.525636434896757,0.9425203806781492,1.1102230246251565e-16
141,0.3483340121352326,1.0,1.0,0.525636434896757,0.9425203806781492,1.1102230246251565e-16
141,0.3483340121352326,1.0,1.0,0.525636434896757,0.9425203806781492,1.1102230246251565e-16
141,0.3483340121352326,1.0,1.0,0.525636434896757,0.9425203806781492,1.1102230246251565e-16
141,0.3483340121352326,1.0,1.0,0.525636434896757,0.9425203806781492,1.1102230246251565e-16
141,0.3483340121352326,1.0,1.0,0.525636434896757,0.9425203806781492,1.1102230246251565e-16
141,0.3483340121352326,1.0,1.0,0.525636434896757,0.9425203806781492,1.1102230246251565e-16
141,0.3483340121352326,1.0,1.0,0.525636434896757,0.9425203806781492,1.1102230246251565e-16
141,0.3483340121352326,1.0,1.0,0.525636434896757,0.9425203806781492,1.1102230246251565e-16
141,0.3483340121352326,1.0,1.0,0.525636434896757,0.9425203806781492,1.1102230246251565e-16
141,0.3483340121352326,1.0,1.0,0.525636434896757,0.9425203806781492,1.1102230246251565e-16
141,0.3483340121352326,1.0,1.0,0.525636434896757,0.9425203806781492,1.1102230246251565e-16
141,0.3483340121352326,1.0,1.0,0.525636434896757,0.9425203806781492,1.1102230246251565e-16
141,0.3483340121352326,1.0,1.0,0.525636434896757,0.9425203806781492,1.1102230246251565e-16
141,0.3483340121352326,1.0,1.0,0.525636434896757,0.9425203806781492,1.1102230246251565e-16
141,0.3483340121352326,1.0,1.0,0.525636434896757,0.9425203806781492,1.1102230246251565e-16
141,0.3483340121352326,1.0,1.0,0.525636434896757,0.9425203806781492,1.1102230246251565e-16
141,0.3483340121352326,1.0,1.0,0.525636434896757,0.9425203806781492,1.1102230246251565e-16
141,0.3483340121352326,1.0,1.0,0.525636434896757,0.9425203806781492,1.1102230246251565e-16
141,0.3483340121352326,1.0,1.0,0.525636434896757,0.9425203806781492,1.1102230246251565e-16
141,0.3483340121352326,1.0,1.0,0.525636434896757,0.9425203806781492,1.1102230246251565e-16
141,0.3483340121352326,1.0,1.0,0.525636434896757,0.9425203806781492,1.1102230246251565e-16
141,0.3483340121352326,1.0,1.0,0.525636434896757,0.9425203806781492,1.1102230246251565e-16
141,0.3483340121352326,1.0,1.0,0.525636434896757,0.9425203806781492,1.1102230246251565e-16
141,0.3483340121352326,1.0,1.0,0.525636434896757,0.9425203806781492,1.1102230246251565e-16
141,0.3483340121352326,1.0,1.0,0.525636434896757,0.9425203806781492,1.1102230246251565e-16
141,0.3483340121352326,1.0,1.0,0.525636434896757,0.9425203806781492,1.1102230246251565e-16
141,0.3483340121352326,1.0,1.0,0.525636434896757,0.9425203806781492,1.1102230246251565e-16
141,0.3483340121352326,1.0,1.0,0.525636434896757,0.9425203806781492,1.1102230246251565e-16
141,0.3483340121352326,1.0,1.0,0.525636434896757,0.9425203806781492,1.1102230246251565e-16
141,0.3483340121352326,1.0,1.0,0.525636434896757,0.9425203806781492,1.1102230246251565e-16
141,0.3483340121352326,1.0,1.0,0.525636434896757,0.9425203806781492,1.1102230246251565e-16
141,0.3483340121352326,1.0,1.0,0.525636434896757,0.9425203806781492,1.1102230246251565e-16
141,0.3483340121352326,1.0,1.0,0.525636434896757,0.9425203806781492,1.1102230246251565e-16
141,0.3483340121352326,1.0,1.0,0.525636434896757,0.9425203806781492,1.1102230246251565e-16
141,0.3483340121352326,1.0,1.0,0.525636434896757,0.9425203806781492,1.1102230246251565e-16
141,0.3483340121352326,1.0,1.0,0.525636434896757,0.9425203806781492,1.1102230246251565e-16
141,0.3483340121352326,1.0,1.0,0.525636434896757,0.9425203806781492,1.1102230246251565e-16
141,0.3483340121352326,1.0,1.0,0.525636434896757,0.9425203806781492,1.1102230246251565e-16
141,0.3483340121352326,1.0,1.0,0.525636434896757,0.9425203806781492,1.1102230246251565e-16
142,0.3483340121352326,1.0,1.0,0.525636434896757,0.9425203806781492,1.1102230246251565e-16
142,0.3483340121352326,1.0,1.0,0.525636434896757,0.9425203806781492,1.1102230246251565e-16
142,0.3483340121352326,1.0,1.0,0.525636434896757,0.9425203806781492,1.1102230246251565e-16
142,0.3483340121352326,1.0,1.0,0.525636434896757,0.9425203806781492,1.1102230246251565e-16
142,0.3483340121352326,1.0,1.0,0.525636434896757,0.9425203806781492,1.1102230246251565e-16
142,0.3483340121352326,1.0,1.0,0.525636434896757,0.9425203806781492,1.1102230246251565e-16
142,0.3483340121352326,1.0,1.0,0.525636434896757,0.9425203806781492,1.1102230246251565e-16
142,0.3483340121352326,1.0,1.0,0.525636434896757,0.9425203806781492,1.1102230246251565e-16
142,0.3483340121352326,1.0,1.0,0.525636434896757,0.9425203806781492,1.1102230246251565e-16
142,0.3483340121352326,1.0,1.0,0.525636434896757,0.9425203806781492,1.1102230246251565e-16
142,0.3483340121352326,1.0,1.0,0.525636434896757,0.9425203806781492,1.1102230246251565e-16
142,0.3483340121352326,1.0,1.0,0.525636434896757,0.9425203806781492,1.1102230246251565e-16
142,0.3483340121352326,1.0,1.0,0.525636434896757,0.9425203806781492,1.1102230246251565e-16
142,0.3483340121352326,1.0,1.0,0.525636434896757,0.9425203806781492,1.1102230246251565e-16
142,0.3483340121352326,1.0,1.0,0.525636434896757,0.9425203806781492,1.1102230246251565e-16
142,0.3483340121352326,1.0,1.0,0.525636434896757,0.9425203806781492,1.1102230246251565e-16
142,0.3483340121352326,1.0,1.0,0.525636434896757,0.9425203806781492,1.1102230246251565e-16
142,0.3483340121352326,1.0,1.0,0.525636434896757,0.9425203806781492,1.1102230246251565e-16
142,0.3483340121352326,1.0,1.0,0.525636434896757,0.9425203806781492,1.1102230246251565e-16
142,0.3483340121352326,1.0,1.0,0.525636434896757,0.9425203806781492,1.1102230246251565e-16
142,0.3483340121352326,1.0,1.0,0.525636434896757,0.9425203806781492,1.1102230246251565e-16
142,0.3483340121352326,1.0,1.0,0.525636434896757,0.9425203806781492,1.1102230246251565e-16
142,0.3483340121352326,1.0,1.0,0.525636434896757,0.9425203806781492,1.1102230246251565e-16
142,0.3483340121352326,1.0,1.0,0.525636434896757,0.9425203806781492,1.1102230246251565e-16
142,0.3483340121352326,1.0,1.0,0.525636434896757,0.9425203806781492,1.1102230246251565e-16
142,0.3483340121352326,1.0,1.0,0.525636434896757,0.9425203806781492,1.1102230246251565e-16
142,0.3483340121352326,1.0,1.0,0.525636434896757,0.9425203806781492,1.1102230246251565e-16
142,0.3483340121352326,1.0,1.0,0.525636434896757,0.9425203806781492,1.1102230246251565e-16
142,0.3483340121352326,1.0,1.0,0.525636434896757,0.9425203806781492,1.1102230246251565e-16
142,0.3483340121352326,1.0,1.0,0.525636434896757,0.9425203806781492,1.1102230246251565e-16
142,0.3483340121352326,1.0,1.0,0.525636434896757,0.9425203806781492,1.1102230246251565e-16
142,0.3483340121352326,1.0,1.0,0.525636434896757,0.9425203806781492,1.1102230246251565e-16
142,0.3483340121352326,1.0,1.0,0.525636434896757,0.9425203806781492,1.1102230246251565e-16
142,0.3483340121352326,1.0,1.0,0.525636434896757,0.9425203806781492,1.1102230246251565e-16
142,0.3483340121352326,1.0,1.0,0.525636434896757,0.9425203806781492,1.1102230246251565e-16
142,0.3483340121352326,1.0,1.0,0.525636434896757,0.9425203806781492,1.1102230246251565e-16
142,0.3483340121352326,1.0,1.0,0.525636434896757,0.9425203806781492,1.1102230246251565e-16
142,0.3483340121352326,1.0,1.0,0.525636434896757,0.9425203806781492,1.1102230246251565e-16
142,0.3483340121352326,1.0,1.0,0.525636434896757,0.9425203806781492,1.1102230246251565e-16
142,0.3483340121352326,1.0,1.0,0.525636434896757,0.9425203806781492,1.1102230246251565e-16
143,0.3483340121352326,1.0,1.0,0.525636434896757,0.9425203806781492,1.1102230246251565e-16
143,0.3483340121352326,1.0,1.0,0.525636434896757,0.9425203806781492,1.1102230246251565e-16
143,0.3483340121352326,1.0,1.0,0.525636434896757,0.9425203806781492,1.1102230246251565e-16
143,0.3483340121352326,1.0,1.0,0.525636434896757,0.9425203806781492,1.1102230246251565e-16
143,0.3483340121352326,1.0,1.0,0.525636434896757,0.9425203806781492,1.1102230246251565e-16
143,0.3483340121352326,1.0,1.0,0.525636434896757,0.9425203806781492,1.1102230246251565e-16
143,0.3483340121352326,1.0,1.0,0.525636434896757,0.9425203806781492,1.1102230246251565e-16
143,0.3483340121352326,1.0,1.0,0.525636434896757,0.9425203806781492,1.1102230246251565e-16
143,0.3483340121352326,1.0,1.0,0.525636434896757,0.9425203806781492,1.1102230246251565e-16
143,0.3483340121352326,1.0,1.0,0.525636434896757,0.9425203806781492,1.1102230246251565e-16
143,0.3483340121352326,1.0,1.0,0.525636434896757,0.9425203806781492,1.1102230246251565e-16
143,0.3483340121352326,1.0,1.0,0.525636434896757,0.9425203806781492,1.1102230246251565e-16
143,0.3483340121352326,1.0,1.0,0.525636434896757,0.9425203806781492,1.1102230246251565e-16
143,0.3483340121352326,1.0,1.0,0.525636434896757,0.9425203806781492,1.1102230246251565e-16
143,0.3483340121352326,1.0,1.0,0.525636434896757,0.9425203806781492,1.1102230246251565e-16
143,0.3483340121352326,1.0,1.0,0.525636434896757,0.9425203806781492,1.1102230246251565e-16
143,0.3483340121352326,1.0,1.0,0.525636434896757,0.9425203806781492,1.1102230246251565e-16
143,0.3483340121352326,1.0,1.0,0.525636434896757,0.9425203806781492,1.1102230246251565e-16
143,0.3483340121352326,1.0,1.0,0.525636434896757,0.9425203806781492,1.1102230246251565e-16
143,0.3483340121352326,1.0,1.0,0.525636434896757,0.9425203806781492,1.1102230246251565e-16
143,0.3483340121352326,1.0,1.0,0.525636434896757,0.9425203806781492,1.1102230246251565e-16
143,0.3483340121352326,1.0,1.0,0.525636434896757,0.9425203806781492,1.1102230246251565e-16
143,0.3483340121352326,1.0,1.0,0.525636434896757,0.9425203806781492,1.1102230246251565e-16
143,0.3483340121352326,1.0,1.0,0.525636434896757,0.9425203806781492,1.1102230246251565e-16
143,0.3483340121352326,1.0,1.0,0.525636434896757,0.9425203806781492,1.1102230246251565e-16
143,0.3483340121352326,1.0,1.0,0.525636434896757,0.9425203806781492,1.1102230246251565e-16
143,0.3483340121352326,1.0,1.0,0.525636434896757,0.9425203806781492,1.1102230246251565e-16
143,0.3483340121352326,1.0,1.0,0.525636434896757,0.9425203806781492,1.1102230246251565e-16
143,0.3483340121352326,1.0,1.0,0.525636434896757,0.9425203806781492,1.1102230246251565e-16
143,0.3483340121352326,1.0,1.0,0.525636434896757,0.9425203806781492,1.1102230246251565e-16
143,0.3483340121352326,1.0,1.0,0.525636434896757,0.9425203806781492,1.1102230246251565e-16
143,0.3483340121352326,1.0,1.0,0.525636434896757,0.9425203806781492,1.1102230246251565e-16
143,0.3483340121352326,1.0,1.0,0.525636434896757,0.9425203806781492,1.1102230246251565e-16
143,0.3483340121352326,1.0,1.0,0.525636434896757,0.9425203806781492,1.1102230246251565e-16
143,0.3483340121352326,1.0,1.0,0.525636434896757,0.9425203806781492,1.1102230246251565e-16
143,0.3483340121352326,1.0,1.0,0.525636434896757,0.9425203806781492,1.1102230246251565e-16
143,0.3483340121352326,1.0,1.0,0.525636434896757,0.9425203806781492,1.1102230246251565e-16
143,0.3483340121352326,1.0,1.0,0.525636434896757,0.9425203806781492,1.1102230246251565e-16
143,0.3483340121352326,1.0,1.0,0.525636434896757,0.9425203806781492,1.1102230246251565e-16
143,0.3483340121352326,1.0,1.0,0.525636434896757,0.9425203806781492,1.1102230246251565e-16
144,0.3483340121352326,1.0,1.0,0.525636434896757,0.9425203806781492,1.1102230246251565e-16
144,0.3483340121352326,1.0,1.0,0.525636434896757,0.9425203806781492,1.1102230246251565e-16
144,0.3483340121352326,1.0,1.0,0.525636434896757,0.9425203806781492,1.1102230246251565e-16
144,0.3483340121352326,1.0,1.0,0.525636434896757,0.9425203806781492,1.1102230246251565e-16
144,0.3483340121352326,1.0,1.0,0.525636434896757,0.9425203806781492,1.1102230246251565e-16
144,0.3483340121352326,1.0,1.0,0.525636434896757,0.9425203806781492,1.1102230246251565e-16
144,0.3483340121352326,1.0,1.0,0.525636434896757,0.9425203806781492,1.1102230246251565e-16
144,0.3483340121352326,1.0,1.0,0.525636434896757,0.9425203806781492,1.1102230246251565e-16
144,0.3483340121352326,1.0,1.0,0.525636434896757,0.9425203806781492,1.1102230246251565e-16
144,0.3483340121352326,1.0,1.0,0.525636434896757,0.9425203806781492,1.1102230246251565e-16
144,0.3483340121352326,1.0,1.0,0.525636434896757,0.9425203806781492,1.1102230246251565e-16
144,0.3483340121352326,1.0,1.0,0.525636434896757,0.9425203806781492,1.1102230246251565e-16
144,0.3483340121352326,1.0,1.0,0.525636434896757,0.9425203806781492,1.1102230246251565e-16
144,0.3483340121352326,1.0,1.0,0.525636434896757,0.9425203806781492,1.1102230246251565e-16
144,0.3483340121352326,1.0,1.0,0.525636434896757,0.9425203806781492,1.1102230246251565e-16
144,0.3483340121352326,1.0,1.0,0.525636434896757,0.9425203806781492,1.1102230246251565e-16
144,0.3483340121352326,1.0,1.0,0.525636434896757,0.9425203806781492,1.1102230246251565e-16
144,0.3483340121352326,1.0,1.0,0.525636434896757,0.9425203806781492,1.1102230246251565e-16
144,0.3483340121352326,1.0,1.0,0.525636434896757,0.9425203806781492,1.1102230246251565e-16
144,0.3483340121352326,1.0,1.0,0.525636434896757,0.9425203806781492,1.1102230246251565e-16
144,0.3483340121352326,1.0,1.0,0.525636434896757,0.9425203806781492,1.1102230246251565e-16
144,0.3483340121352326,1.0,1.0,0.525636434896757,0.9425203806781492,1.1102230246251565e-16
144,0.3483340121352326,1.0,1.0,0.525636434896757,0.9425203806781492,1.1102230246251565e-16
144,0.3483340121352326,1.0,1.0,0.525636434896757,0.9425203806781492,1.1102230246251565e-16
144,0.3483340121352326,1.0,1.0,0.525636434896757,0.9425203806781492,1.1102230246251565e-16
144,0.3483340121352326,1.0,1.0,0.525636434896757,0.9425203806781492,1.1102230246251565e-16
144,0.3483340121352326,1.0,1.0,0.525636434896757,0.9425203806781492,1.1102230246251565e-16
144,0.3483340121352326,1.0,1.0,0.525636434896757,0.9425203806781492,1.1102230246251565e-16
144,0.3483340121352326,1.0,1.0,0.525636434896757,0.9425203806781492,1.1102230246251565e-16
144,0.3483340121352326,1.0,1.0,0.525636434896757,0.9425203806781492,1.1102230246251565e-16
144,0.3483340121352326,1.0,1.0,0.525636434896757,0.9425203806781492,1.1102230246251565e-16
144,0.3483340121352326,1.0,1.0,0.525636434896757,0.9425203806781492,1.1102230246251565e-16
144,0.3483340121352326,1.0,1.0,0.525636434896757,0.9425203806781492,1.1102230246251565e-16
144,0.3483340121352326,1.0,1.0,0.525636434896757,0.9425203806781492,1.1102230246251565e-16
144,0.3483340121352326,1.0,1.0,0.525636434896757,0.9425203806781492,1.1102230246251565e-16
144,0.3483340121352326,1.0,1.0,0.525636434896757,0.9425203806781492,1.1102230246251565e-16
144,0.3483340121352326,1.0,1.0,0.525636434896757,0.9425203806781492,1.1102230246251565e-16
144,0.3483340121352326,1.0,1.0,0.525636434896757,0.9425203806781492,1.1102230246251565e-16
144,0.3483340121352326,1.0,1.0,0.525636434896757,0.9425203806781492,1.1102230246251565e-16
144,0.3483340121352326,1.0,1.0,0.525636434896757,0.9425203806781492,1.1102230246251565e-16
145,0.3483340121352326,1.0,1.0,0.525636434896757,0.9425203806781492,1.1102230246251565e-16
145,0.3483340121352326,1.0,1.0,0.525636434896757,0.9425203806781492,1.1102230246251565e-16
145,0.3483340121352326,1.0,1.0,0.525636434896757,0.9425203806781492,1.1102230246251565e-16
145,0.3483340121352326,1.0,1.0,0.525636434896757,0.9425203806781492,1.1102230246251565e-16
145,0.3483340121352326,1.0,1.0,0.525636434896757,0.9425203806781492,1.1102230246251565e-16
145,0.3483340121352326,1.0,1.0,0.525636434896757,0.9425203806781492,1.1102230246251565e-16
145,0.3483340121352326,1.0,1.0,0.525636434896757,0.9425203806781492,1.1102230246251565e-16
145,0.3483340121352326,1.0,1.0,0.525636434896757,0.9425203806781492,1.1102230246251565e-16
145,0.3483340121352326,1.0,1.0,0.525636434896757,0.9425203806781492,1.1102230246251565e-16
145,0.3483340121352326,1.0,1.0,0.525636434896757,0.9425203806781492,1.1102230246251565e-16
145,0.3483340121352326,1.0,1.0,0.525636434896757,0.9425203806781492,1.1102230246251565e-16
145,0.3483340121352326,1.0,1.0,0.525636434896757,0.9425203806781492,1.1102230246251565e-16
145,0.3483340121352326,1.0,1.0,0.525636434896757,0.9425203806781492,1.1102230246251565e-16
145,0.3483340121352326,1.0,1.0,0.525636434896757,0.9425203806781492,1.1102230246251565e-16
145,0.3483340121352326,1.0,1.0,0.525636434896757,0.9425203806781492,1.1102230246251565e-16
145,0.3483340121352326,1.0,1.0,0.525636434896757,0.9425203806781492,1.1102230246251565e-16
145,0.3483340121352326,1.0,1.0,0.525636434896757,0.9425203806781492,1.1102230246251565e-16
145,0.3483340121352326,1.0,1.0,0.525636434896757,0.9425203806781492,1.1102230246251565e-16
145,0.3483340121352326,1.0,1.0,0.525636434896757,0.9425203806781492,1.1102230246251565e-16
145,0.3483340121352326,1.0,1.0,0.525636434896757,0.9425203806781492,1.1102230246251565e-16
145,0.3483340121352326,1.0,1.0,0.525636434896757,0.9425203806781492,1.1102230246251565e-16
145,0.3483340121352326,1.0,1.0,0.525636434896757,0.9425203806781492,1.1102230246251565e-16
145,0.3483340121352326,1.0,1.0,0.525636434896757,0.9425203806781492,1.1102230246251565e-16
145,0.3483340121352326,1.0,1.0,0.525636434896757,0.9425203806781492,1.1102230246251565e-16
145,0.3483340121352326,1.0,1.0,0.525636434896757,0.9425203806781492,1.1102230246251565e-16
145,0.3483340121352326,1.0,1.0,0.525636434896757,0.9425203806781492,1.1102230246251565e-16
145,0.3483340121352326,1.0,1.0,0.525636434896757,0.9425203806781492,1.1102230246251565e-16
145,0.3483340121352326,1.0,1.0,0.525636434896757,0.9425203806781492,1.1102230246251565e-16
145,0.3483340121352326,1.0,1.0,0.525636434896757,0.9425203806781492,1.1102230246251565e-16
145,0.3483340121352326,1.0,1.0,0.525636434896757,0.9425203806781492,1.1102230246251565e-16
145,0.3483340121352326,1.0,1.0,0.525636434896757,0.9425203806781492,1.1102230246251565e-16
145,0.3483340121352326,1.0,1.0,0.525636434896757,0.9425203806781492,1.1102230246251565e-16
145,0.3483340121352326,1.0,1.0,0.525636434896757,0.9425203806781492,1.1102230246251565e-16
145,0.3483340121352326,1.0,1.0,0.525636434896757,0.9425203806781492,1.1102230246251565e-16
145,0.3483340121352326,1.0,1.0,0.525636434896757,0.9425203806781492,1.1102230246251565e-16
145,0.3483340121352326,1.0,1.0,0.525636434896757,0.9425203806781492,1.1102230246251565e-16
145,0.3483340121352326,1.0,1.0,0.525636434896757,0.9425203806781492,1.1102230246251565e-16
145,0.3483340121352326,1.0,1.0,0.525636434896757,0.9425203806781492,1.1102230246251565e-16
145,0.3483340121352326,1.0,1.0,0.525636434896757,0.9425203806781492,1.1102230246251565e-16
145,0.3483340121352326,1.0,1.0,0.525636434896757,0.9425203806781492,1.1102230246251565e-16
146,0.3483340121352326,1.0,1.0,0.525636434896757,0.9425203806781492,1.1102230246251565e-16
146,0.3483340121352326,1.0,1.0,0.525636434896757,0.9425203806781492,1.1102230246251565e-16
146,0.3483340121352326,1.0,1.0,0.525636434896757,0.9425203806781492,1.1102230246251565e-16
146,0.3483340121352326,1.0,1.0,0.525636434896757,0.9425203806781492,1.1102230246251565e-16
146,0.3483340121352326,1.0,1.0,0.525636434896757,0.9425203806781492,1.1102230246251565e-16
146,0.3483340121352326,1.0,1.0,0.525636434896757,0.9425203806781492,1.1102230246251565e-16
146,0.3483340121352326,1.0,1.0,0.525636434896757,0.9425203806781492,1.1102230246251565e-16
146,0.3483340121352326,1.0,1.0,0.525636434896757,0.9425203806781492,1.1102230246251565e-16
146,0.3483340121352326,1.0,1.0,0.525636434896757,0.9425203806781492,1.1102230246251565e-16
146,0.3483340121352326,1.0,1.0,0.525636434896757,0.9425203806781492,1.1102230246251565e-16
146,0.3483340121352326,1.0,1.0,0.525636434896757,0.9425203806781492,1.1102230246251565e-16
146,0.3483340121352326,1.0,1.0,0.525636434896757,0.9425203806781492,1.1102230246251565e-16
146,0.3483340121352326,1.0,1.0,0.525636434896757,0.9425203806781492,1.1102230246251565e-16
146,0.3483340121352326,1.0,1.0,0.525636434896757,0.9425203806781492,1.1102230246251565e-16
146,0.3483340121352326,1.0,1.0,0.525636434896757,0.9425203806781492,1.1102230246251565e-16
146,0.3483340121352326,1.0,1.0,0.525636434896757,0.9425203806781492,1.1102230246251565e-16
146,0.3483340121352326,1.0,1.0,0.525636434896757,0.9425203806781492,1.1102230246251565e-16
146,0.3483340121352326,1.0,1.0,0.525636434896757,0.9425203806781492,1.1102230246251565e-16
146,0.3483340121352326,1.0,1.0,0.525636434896757,0.9425203806781492,1.1102230246251565e-16
146,0.3483340121352326,1.0,1.0,0.525636434896757,0.9425203806781492,1.1102230246251565e-16
146,0.3483340121352326,1.0,1.0,0.525636434896757,0.9425203806781492,1.1102230246251565e-16
146,0.3483340121352326,1.0,1.0,0.525636434896757,0.9425203806781492,1.1102230246251565e-16
146,0.3483340121352326,1.0,1.0,0.525636434896757,0.9425203806781492,1.1102230246251565e-16
146,0.3483340121352326,1.0,1.0,0.525636434896757,0.9425203806781492,1.1102230246251565e-16
146,0.3483340121352326,1.0,1.0,0.525636434896757,0.9425203806781492,1.1102230246251565e-16
146,0.3483340121352326,1.0,1.0,0.525636434896757,0.9425203806781492,1.1102230246251565e-16
146,0.3483340121352326,1.0,1.0,0.525636434896757,0.9425203806781492,1.1102230246251565e-16
146,0.3483340121352326,1.0,1.0,0.525636434896757,0.9425203806781492,1.1102230246251565e-16
146,0.3483340121352326,1.0,1.0,0.525636434896757,0.9425203806781492,1.1102230246251565e-16
146,0.3483340121352326,1.0,1.0,0.525636434896757,0.9425203806781492,1.1102230246251565e-16
146,0.3483340121352326,1.0,1.0,0.525636434896757,0.9425203806781492,1.1102230246251565e-16
146,0.3483340121352326,1.0,1.0,0.525636434896757,0.9425203806781492,1.1102230246251565e-16
146,0.3483340121352326,1.0,1.0,0.525636434896757,0.9425203806781492,1.1102230246251565e-16
146,0.3483340121352326,1.0,1.0,0.525636434896757,0.9425203806781492,1.1102230246251565e-16
146,0.3483340121352326,1.0,1.0,0.525636434896757,0.9425203806781492,1.1102230246251565e-16
146,0.3483340121352326,1.0,1.0,0.525636434896757,0.9425203806781492,1.1102230246251565e-16
146,0.3483340121352326,1.0,1.0,0.525636434896757,0.9425203806781492,1.1102230246251565e-16
146,0.3483340121352326,1.0,1.0,0.525636434896757,0.9425203806781492,1.1102230246251565e-16
146,0.3483340121352326,1.0,1.0,0.525636434896757,0.9425203806781492,1.1102230246251565e-16
146,0.3483340121352326,1.0,1.0,0.525636434896757,0.9425203806781492,1.1102230246251565e-16
147,0.3483340121352326,1.0,1.0,0.525636434896757,0.9425203806781492,1.1102230246251565e-16
147,0.3483340121352326,1.0,1.0,0.525636434896757,0.9425203806781492,1.1102230246251565e-16
147,0.3483340121352326,1.0,1.0,0.525636434896757,0.9425203806781492,1.1102230246251565e-16
147,0.3483340121352326,1.0,1.0,0.525636434896757,0.9425203806781492,1.1102230246251565e-16
147,0.3483340121352326,1.0,1.0,0.525636434896757,0.9425203806781492,1.1102230246251565e-16
147,0.3483340121352326,1.0,1.0,0.525636434896757,0.9425203806781492,1.1102230246251565e-16
147,0.3483340121352326,1.0,1.0,0.525636434896757,0.9425203806781492,1.1102230246251565e-16
147,0.3483340121352326,1.0,1.0,0.525636434896757,0.9425203806781492,1.1102230246251565e-16
147,0.3483340121352326,1.0,1.0,0.525636434896757,0.9425203806781492,1.1102230246251565e-16
147,0.3483340121352326,1.0,1.0,0.525636434896757,0.9425203806781492,1.1102230246251565e-16
147,0.3483340121352326,1.0,1.0,0.525636434896757,0.9425203806781492,1.1102230246251565e-16
147,0.3483340121352326,1.0,1.0,0.525636434896757,0.9425203806781492,1.1102230246251565e-16
147,0.3483340121352326,1.0,1.0,0.525636434896757,0.9425203806781492,1.1102230246251565e-16
147,0.3483340121352326,1.0,1.0,0.525636434896757,0.9425203806781492,1.1102230246251565e-16
147,0.3483340121352326,1.0,1.0,0.525636434896757,0.9425203806781492,1.1102230246251565e-16
147,0.3483340121352326,1.0,1.0,0.525636434896757,0.9425203806781492,1.1102230246251565e-16
147,0.3483340121352326,1.0,1.0,0.525636434896757,0.9425203806781492,1.1102230246251565e-16
147,0.3483340121352326,1.0,1.0,0.525636434896757,0.9425203806781492,1.1102230246251565e-16
147,0.3483340121352326,1.0,1.0,0.525636434896757,0.9425203806781492,1.1102230246251565e-16
147,0.3483340121352326,1.0,1.0,0.525636434896757,0.9425203806781492,1.1102230246251565e-16
147,0.3483340121352326,1.0,1.0,0.525636434896757,0.9425203806781492,1.1102230246251565e-16
147,0.3483340121352326,1.0,1.0,0.525636434896757,0.9425203806781492,1.1102230246251565e-16
147,0.3483340121352326,1.0,1.0,0.525636434896757,0.9425203806781492,1.1102230246251565e-16
147,0.3483340121352326,1.0,1.0,0.525636434896757,0.9425203806781492,1.1102230246251565e-16
147,0.3483340121352326,1.0,1.0,0.525636434896757,0.9425203806781492,1.1102230246251565e-16
147,0.3483340121352326,1.0,1.0,0.525636434896757,0.9425203806781492,1.1102230246251565e-16
147,0.3483340121352326,1.0,1.0,0.525636434896757,0.9425203806781492,1.1102230246251565e-16
147,0.3483340121352326,1.0,1.0,0.525636434896757,0.9425203806781492,1.1102230246251565e-16
147,0.3483340121352326,1.0,1.0,0.525636434896757,0.9425203806781492,1.1102230246251565e-16
147,0.3483340121352326,1.0,1.0,0.525636434896757,0.9425203806781492,1.1102230246251565e-16
147,0.3483340121352326,1.0,1.0,0.525636434896757,0.9425203806781492,1.1102230246251565e-16
147,0.3483340121352326,1.0,1.0,0.525636434896757,0.9425203806781492,1.1102230246251565e-16
147,0.3483340121352326,1.0,1.0,0.525636434896757,0.9425203806781492,1.1102230246251565e-16
147,0.3483340121352326,1.0,1.0,0.525636434896757,0.9425203806781492,1.1102230246251565e-16
147,0.3483340121352326,1.0,1.0,0.525636434896757,0.9425203806781492,1.1102230246251565e-16
147,0.3483340121352326,1.0,1.0,0.525636434896757,0.9425203806781492,1.1102230246251565e-16
147,0.3483340121352326,1.0,1.0,0.525636434896757,0.9425203806781492,1.1102230246251565e-16
147,0.3483340121352326,1.0,1.0,0.525636434896757,0.9425203806781492,1.1102230246251565e-16
147,0.3483340121352326,1.0,1.0,0.525636434896757,0.9425203806781492,1.1102230246251565e-16
147,0.3483340121352326,1.0,1.0,0.525636434896757,0.9425203806781492,1.1102230246251565e-16
148,0.3483340121352326,1.0,1.0,0.525636434896757,0.9425203806781492,1.1102230246251565e-16
148,0.3483340121352326,1.0,1.0,0.525636434896757,0.9425203806781492,1.1102230246251565e-16
148,0.3483340121352326,1.0,1.0,0.525636434896757,0.9425203806781492,1.1102230246251565e-16
148,0.3483340121352326,1.0,1.0,0.525636434896757,0.9425203806781492,1.1102230246251565e-16
148,0.3483340121352326,1.0,1.0,0.525636434896757,0.9425203806781492,1.1102230246251565e-16
148,0.3483340121352326,1.0,1.0,0.525636434896757,0.9425203806781492,1.1102230246251565e-16
148,0.3483340121352326,1.0,1.0,0.525636434896757,0.9425203806781492,1.1102230246251565e-16
148,0.3483340121352326,1.0,1.0,0.525636434896757,0.9425203806781492,1.1102230246251565e-16
148,0.3483340121352326,1.0,1.0,0.525636434896757,0.9425203806781492,1.1102230246251565e-16
148,0.3483340121352326,1.0,1.0,0.525636434896757,0.9425203806781492,1.1102230246251565e-16
148,0.3483340121352326,1.0,1.0,0.525636434896757,0.9425203806781492,1.1102230246251565e-16
148,0.3483340121352326,1.0,1.0,0.525636434896757,0.9425203806781492,1.1102230246251565e-16
148,0.3483340121352326,1.0,1.0,0.525636434896757,0.9425203806781492,1.1102230246251565e-16
148,0.3483340121352326,1.0,1.0,0.525636434896757,0.9425203806781492,1.1102230246251565e-16
148,0.3483340121352326,1.0,1.0,0.525636434896757,0.9425203806781492,1.1102230246251565e-16
148,0.3483340121352326,1.0,1.0,0.525636434896757,0.9425203806781492,1.1102230246251565e-16
148,0.3483340121352326,1.0,1.0,0.525636434896757,0.9425203806781492,1.1102230246251565e-16
148,0.3483340121352326,1.0,1.0,0.525636434896757,0.9425203806781492,1.1102230246251565e-16
148,0.3483340121352326,1.0,1.0,0.525636434896757,0.9425203806781492,1.1102230246251565e-16
148,0.3483340121352326,1.0,1.0,0.525636434896757,0.9425203806781492,1.1102230246251565e-16
148,0.3483340121352326,1.0,1.0,0.525636434896757,0.9425203806781492,1.1102230246251565e-16
148,0.3483340121352326,1.0,1.0,0.525636434896757,0.9425203806781492,1.1102230246251565e-16
148,0.3483340121352326,1.0,1.0,0.525636434896757,0.9425203806781492,1.1102230246251565e-16
148,0.3483340121352326,1.0,1.0,0.525636434896757,0.9425203806781492,1.1102230246251565e-16
148,0.3483340121352326,1.0,1.0,0.525636434896757,0.9425203806781492,1.1102230246251565e-16
148,0.3483340121352326,1.0,1.0,0.525636434896757,0.9425203806781492,1.1102230246251565e-16
148,0.3483340121352326,1.0,1.0,0.525636434896757,0.9425203806781492,1.1102230246251565e-16
148,0.3483340121352326,1.0,1.0,0.525636434896757,0.9425203806781492,1.1102230246251565e-16
148,0.3483340121352326,1.0,1.0,0.525636434896757,0.9425203806781492,1.1102230246251565e-16
148,0.3483340121352326,1.0,1.0,0.525636434896757,0.9425203806781492,1.1102230246251565e-16
148,0.3483340121352326,1.0,1.0,0.525636434896757,0.9425203806781492,1.1102230246251565e-16
148,0.3483340121352326,1.0,1.0,0.525636434896757,0.9425203806781492,1.1102230246251565e-16
148,0.3483340121352326,1.0,1.0,0.525636434896757,0.9425203806781492,1.1102230246251565e-16
148,0.3483340121352326,1.0,1.0,0.525636434896757,0.9425203806781492,1.1102230246251565e-16
148,0.3483340121352326,1.0,1.0,0.525636434896757,0.9425203806781492,1.1102230246251565e-16
148,0.3483340121352326,1.0,1.0,0.525636434896757,0.9425203806781492,1.1102230246251565e-16
148,0.3483340121352326,1.0,1.0,0.525636434896757,0.9425203806781492,1.1102230246251565e-16
148,0.3483340121352326,1.0,1.0,0.525636434896757,0.9425203806781492,1.1102230246251565e-16
148,0.3483340121352326,1.0,1.0,0.525636434896757,0.9425203806781492,1.1102230246251565e-16
148,0.3483340121352326,1.0,1.0,0.525636434896757,0.9425203806781492,1.1102230246251565e-16
149,0.3483340121352326,1.0,1.0,0.525636434896757,0.9425203806781492,1.1102230246251565e-16
149,0.3483340121352326,1.0,1.0,0.525636434896757,0.9425203806781492,1.1102230246251565e-16
149,0.3483340121352326,1.0,1.0,0.525636434896757,0.9425203806781492,1.1102230246251565e-16
149,0.3483340121352326,1.0,1.0,0.525636434896757,0.9425203806781492,1.1102230246251565e-16
149,0.3483340121352326,1.0,1.0,0.525636434896757,0.9425203806781492,1.1102230246251565e-16
149,0.3483340121352326,1.0,1.0,0.525636434896757,0.9425203806781492,1.1102230246251565e-16
149,0.3483340121352326,1.0,1.0,0.525636434896757,0.9425203806781492,1.1102230246251565e-16
149,0.3483340121352326,1.0,1.0,0.525636434896757,0.9425203806781492,1.1102230246251565e-16
149,0.3483340121352326,1.0,1.0,0.525636434896757,0.9425203806781492,1.1102230246251565e-16
149,0.3483340121352326,1.0,1.0,0.525636434896757,0.9425203806781492,1.1102230246251565e-16
149,0.3483340121352326,1.0,1.0,0.525636434896757,0.9425203806781492,1.1102230246251565e-16
149,0.3483340121352326,1.0,1.0,0.525636434896757,0.9425203806781492,1.1102230246251565e-16
149,0.3483340121352326,1.0,1.0,0.525636434896757,0.9425203806781492,1.1102230246251565e-16
149,0.3483340121352326,1.0,1.0,0.525636434896757,0.9425203806781492,1.1102230246251565e-16
149,0.3483340121352326,1.0,1.0,0.525636434896757,0.9425203806781492,1.1102230246251565e-16
149,0.3483340121352326,1.0,1.0,0.525636434896757,0.9425203806781492,1.1102230246251565e-16
149,0.3483340121352326,1.0,1.0,0.525636434896757,0.9425203806781492,1.1102230246251565e-16
149,0.3483340121352326,1.0,1.0,0.525636434896757,0.9425203806781492,1.1102230246251565e-16
149,0.3483340121352326,1.0,1.0,0.525636434896757,0.9425203806781492,1.1102230246251565e-16
149,0.3483340121352326,1.0,1.0,0.525636434896757,0.9425203806781492,1.1102230246251565e-16
149,0.3483340121352326,1.0,1.0,0.525636434896757,0.9425203806781492,1.1102230246251565e-16
149,0.3483340121352326,1.0,1.0,0.525636434896757,0.9425203806781492,1.1102230246251565e-16
149,0.3483340121352326,1.0,1.0,0.525636434896757,0.9425203806781492,1.1102230246251565e-16
149,0.3483340121352326,1.0,1.0,0.525636434896757,0.9425203806781492,1.1102230246251565e-16
149,0.3483340121352326,1.0,1.0,0.525636434896757,0.9425203806781492,1.1102230246251565e-16
149,0.3483340121352326,1.0,1.0,0.525636434896757,0.9425203806781492,1.1102230246251565e-16
149,0.3483340121352326,1.0,1.0,0.525636434896757,0.9425203806781492,1.1102230246251565e-16
149,0.3483340121352326,1.0,1.0,0.525636434896757,0.9425203806781492,1.1102230246251565e-16
149,0.3483340121352326,1.0,1.0,0.525636434896757,0.9425203806781492,1.1102230246251565e-16
149,0.3483340121352326,1.0,1.0,0.525636434896757,0.9425203806781492,1.1102230246251565e-16
149,0.3483340121352326,1.0,1.0,0.525636434896757,0.9425203806781492,1.1102230246251565e-16
149,0.3483340121352326,1.0,1.0,0.525636434896757,0.9425203806781492,1.1102230246251565e-16
149,0.3483340121352326,1.0,1.0,0.525636434896757,0.9425203806781492,1.1102230246251565e-16
149,0.3483340121352326,1.0,1.0,0.525636434896757,0.9425203806781492,1.1102230246251565e-16
149,0.3483340121352326,1.0,1.0,0.525636434896757,0.9425203806781492,1.1102230246251565e-16
149,0.3483340121352326,1.0,1.0,0.525636434896757,0.9425203806781492,1.1102230246251565e-16
149,0.3483340121352326,1.0,1.0,0.525636434896757,0.9425203806781492,1.1102230246251565e-16
149,0.3483340121352326,1.0,1.0,0.525636434896757,0.9425203806781492,1.1102230246251565e-16
149,0.3483340121352326,1.0,1.0,0.525636434896757,0.9425203806781492,1.1102230246251565e-16
149,0.3483340121352326,1.0,1.0,0.525636434896757,0.9425203806781492,1.1102230246251565e-16
